male_cns_type,gene,rel_level,p_expressed,sources,crosswalk_basis,role,label,level_davis2020,level_ozel2021
C2,Ca-alpha1D,0.7804,1,davis2020;ozel2021,derived,Cav1: L-type Ca,measured mRNA (rel_level normalised per dataset: derived),125,0.9156
C2,Ca-alpha1T,1.556,0.625,davis2020;ozel2021,derived,Cav3: T-type (low-voltage) Ca,measured mRNA (rel_level normalised per dataset: derived),677.7,4.966
C2,Hk,0.2865,0.52,davis2020;ozel2021,derived,Kv beta subunit,measured mRNA (rel_level normalised per dataset: derived),299.1,5.101
C2,Ih,0.9442,1,davis2020;ozel2021,derived,HCN: hyperpolarisation-activated cation (Ih),measured mRNA (rel_level normalised per dataset: derived),1051,15.69
C2,Inx2,0.8615,0,davis2020;ozel2021,derived,innexin,measured mRNA (rel_level normalised per dataset: derived),7.56,0.501
C2,Inx3,0.8964,0.5,davis2020;ozel2021,derived,innexin,measured mRNA (rel_level normalised per dataset: derived),36.19,0.1793
C2,Inx5,,0,davis2020;ozel2021,derived,innexin,measured mRNA (rel_level normalised per dataset: derived),0.23,0
C2,Inx7,0.6692,0,davis2020;ozel2021,derived,innexin,measured mRNA (rel_level normalised per dataset: derived),0.89,0
C2,Irk1,2.251,0,davis2020;ozel2021,derived,inward-rectifier K,measured mRNA (rel_level normalised per dataset: derived),1.77,0.05266
C2,Irk2,0.7518,0,davis2020;ozel2021,derived,inward-rectifier K,measured mRNA (rel_level normalised per dataset: derived),1.02,0.7321
C2,Irk3,0.9015,0,davis2020;ozel2021,derived,inward-rectifier K,measured mRNA (rel_level normalised per dataset: derived),0.63,0.2566
C2,KCNQ,0.5913,0,davis2020;ozel2021,derived,Kv7: M-type slow K,measured mRNA (rel_level normalised per dataset: derived),15.66,0.04074
C2,Ork1,0.8852,0,davis2020;ozel2021,derived,two-pore leak K,measured mRNA (rel_level normalised per dataset: derived),0.73,0.01614
C2,SK,1.106,1,davis2020;ozel2021,derived,SK: Ca-activated K,measured mRNA (rel_level normalised per dataset: derived),298.9,6.757
C2,Sh,0.4263,1,davis2020;ozel2021,derived,Kv1: fast A-type K,measured mRNA (rel_level normalised per dataset: derived),1933,10.61
C2,Shab,0.7824,0.5,davis2020;ozel2021,derived,Kv2: delayed-rectifier K,measured mRNA (rel_level normalised per dataset: derived),1630,0.4666
C2,Shal,0.8228,1,davis2020;ozel2021,derived,Kv4: somatodendritic A-type K,measured mRNA (rel_level normalised per dataset: derived),137.3,1.149
C2,Shaw,0.8339,0.5,davis2020;ozel2021,derived,Kv3: K,measured mRNA (rel_level normalised per dataset: derived),235.2,0.3213
C2,Task6,0.5439,0.995,davis2020;ozel2021,derived,two-pore leak K,measured mRNA (rel_level normalised per dataset: derived),103.4,0.8965
C2,Task7,1.409,1,davis2020;ozel2021,derived,two-pore leak K,measured mRNA (rel_level normalised per dataset: derived),64.12,1.857
C2,cac,0.8216,1,davis2020;ozel2021,derived,Cav2: high-voltage-activated Ca,measured mRNA (rel_level normalised per dataset: derived),869.1,3.888
C2,eag,0.7633,0.27,davis2020;ozel2021,derived,Kv10: K,measured mRNA (rel_level normalised per dataset: derived),100.9,3.456
C2,ogre,0.9287,0,davis2020;ozel2021,derived,innexin,measured mRNA (rel_level normalised per dataset: derived),5.31,1.012
C2,para,0.7929,1,davis2020;ozel2021,derived,"Nav: voltage-gated Na (spike, persistent Na)",measured mRNA (rel_level normalised per dataset: derived),1396,9.661
C2,sei,0.689,1,davis2020;ozel2021,derived,Kv11 (erg): K,measured mRNA (rel_level normalised per dataset: derived),56.88,0.6036
C2,shakB,4.126,1,davis2020;ozel2021,derived,innexin (neuronal gap junctions),measured mRNA (rel_level normalised per dataset: derived),618.6,50.79
C2,slo,0.516,1,davis2020;ozel2021,derived,BK: Ca- and voltage-activated K,measured mRNA (rel_level normalised per dataset: derived),361.9,4.167
C2,zpg,,0,ozel2021,derived,innexin,measured mRNA (rel_level normalised per dataset: derived),,0
C3,Ca-alpha1D,0.9372,1,davis2020;ozel2021,derived,Cav1: L-type Ca,measured mRNA (rel_level normalised per dataset: derived),220.7,0.7482
C3,Ca-alpha1T,1.121,0.505,davis2020;ozel2021,derived,Cav3: T-type (low-voltage) Ca,measured mRNA (rel_level normalised per dataset: derived),565.3,3.089
C3,Hk,0.637,1,davis2020;ozel2021,derived,Kv beta subunit,measured mRNA (rel_level normalised per dataset: derived),687.3,10.97
C3,Ih,0.7591,1,davis2020;ozel2021,derived,HCN: hyperpolarisation-activated cation (Ih),measured mRNA (rel_level normalised per dataset: derived),914.5,11.66
C3,Inx2,0.6727,0,davis2020;ozel2021,derived,innexin,measured mRNA (rel_level normalised per dataset: derived),4.47,0.5165
C3,Inx3,0.864,0.5,davis2020;ozel2021,derived,innexin,measured mRNA (rel_level normalised per dataset: derived),30.24,0.1994
C3,Inx5,,0,davis2020;ozel2021,derived,innexin,measured mRNA (rel_level normalised per dataset: derived),0,0
C3,Inx7,0.6241,0,davis2020;ozel2021,derived,innexin,measured mRNA (rel_level normalised per dataset: derived),0.83,0.001215
C3,Irk1,0.7161,0,davis2020;ozel2021,derived,inward-rectifier K,measured mRNA (rel_level normalised per dataset: derived),0.8,0.01179
C3,Irk2,0.6939,0,davis2020;ozel2021,derived,inward-rectifier K,measured mRNA (rel_level normalised per dataset: derived),0.82,0.7756
C3,Irk3,1.255,0,davis2020;ozel2021,derived,inward-rectifier K,measured mRNA (rel_level normalised per dataset: derived),0.94,0.3335
C3,KCNQ,1.406,0,davis2020;ozel2021,derived,Kv7: M-type slow K,measured mRNA (rel_level normalised per dataset: derived),55.53,0.06496
C3,Ork1,0.5603,0,davis2020;ozel2021,derived,two-pore leak K,measured mRNA (rel_level normalised per dataset: derived),0.25,0.01888
C3,SK,0.6557,1,davis2020;ozel2021,derived,SK: Ca-activated K,measured mRNA (rel_level normalised per dataset: derived),524.6,1.354
C3,Sh,0.8053,1,davis2020;ozel2021,derived,Kv1: fast A-type K,measured mRNA (rel_level normalised per dataset: derived),3034,24.13
C3,Shab,1.367,0.5,davis2020;ozel2021,derived,Kv2: delayed-rectifier K,measured mRNA (rel_level normalised per dataset: derived),1326,1.751
C3,Shal,0.9535,1,davis2020;ozel2021,derived,Kv4: somatodendritic A-type K,measured mRNA (rel_level normalised per dataset: derived),163.2,1.298
C3,Shaw,0.8776,0.5,davis2020;ozel2021,derived,Kv3: K,measured mRNA (rel_level normalised per dataset: derived),220.1,0.3803
C3,Task6,1.243,1,davis2020;ozel2021,derived,two-pore leak K,measured mRNA (rel_level normalised per dataset: derived),204.5,2.37
C3,Task7,1.364,1,davis2020;ozel2021,derived,two-pore leak K,measured mRNA (rel_level normalised per dataset: derived),69.2,1.614
C3,cac,0.8229,1,davis2020;ozel2021,derived,Cav2: high-voltage-activated Ca,measured mRNA (rel_level normalised per dataset: derived),931.3,3.64
C3,eag,0.06461,0,davis2020;ozel2021,derived,Kv10: K,measured mRNA (rel_level normalised per dataset: derived),16.3,0.1533
C3,ogre,0.8466,0,davis2020;ozel2021,derived,innexin,measured mRNA (rel_level normalised per dataset: derived),4.71,0.948
C3,para,0.8664,1,davis2020;ozel2021,derived,"Nav: voltage-gated Na (spike, persistent Na)",measured mRNA (rel_level normalised per dataset: derived),1396,11.53
C3,sei,1.073,1,davis2020;ozel2021,derived,Kv11 (erg): K,measured mRNA (rel_level normalised per dataset: derived),123,0.677
C3,shakB,1.742,0.5,davis2020;ozel2021,derived,innexin (neuronal gap junctions),measured mRNA (rel_level normalised per dataset: derived),532.5,10.51
C3,slo,0.4805,0.995,davis2020;ozel2021,derived,BK: Ca- and voltage-activated K,measured mRNA (rel_level normalised per dataset: derived),402.4,3.251
C3,zpg,,0,ozel2021,derived,innexin,measured mRNA (rel_level normalised per dataset: derived),,0
Delta7,Ca-alpha1D,1.128,1,davis2020,inferred,Cav1: L-type Ca,measured mRNA (rel_level normalised per dataset: derived),249,
Delta7,Ca-alpha1T,0.1042,0.02,davis2020,inferred,Cav3: T-type (low-voltage) Ca,measured mRNA (rel_level normalised per dataset: derived),61.03,
Delta7,Hk,1.426,1,davis2020,inferred,Kv beta subunit,measured mRNA (rel_level normalised per dataset: derived),1793,
Delta7,Ih,0.953,1,davis2020,inferred,HCN: hyperpolarisation-activated cation (Ih),measured mRNA (rel_level normalised per dataset: derived),1490,
Delta7,Inx2,0.4004,0,davis2020,inferred,innexin,measured mRNA (rel_level normalised per dataset: derived),4.12,
Delta7,Inx3,0.9427,1,davis2020,inferred,innexin,measured mRNA (rel_level normalised per dataset: derived),38.19,
Delta7,Inx5,,0,davis2020,inferred,innexin,measured mRNA (rel_level normalised per dataset: derived),0,
Delta7,Inx7,1.128,0,davis2020,inferred,innexin,measured mRNA (rel_level normalised per dataset: derived),1.5,
Delta7,Irk1,1.393,0,davis2020,inferred,inward-rectifier K,measured mRNA (rel_level normalised per dataset: derived),3.19,
Delta7,Irk2,0.7772,0,davis2020,inferred,inward-rectifier K,measured mRNA (rel_level normalised per dataset: derived),1.43,
Delta7,Irk3,4.362,0,davis2020,inferred,inward-rectifier K,measured mRNA (rel_level normalised per dataset: derived),3.01,
Delta7,KCNQ,0.2896,0,davis2020,inferred,Kv7: M-type slow K,measured mRNA (rel_level normalised per dataset: derived),8.4,
Delta7,Ork1,0.1059,0,davis2020,inferred,two-pore leak K,measured mRNA (rel_level normalised per dataset: derived),0.09,
Delta7,SK,1.57,1,davis2020,inferred,SK: Ca-activated K,measured mRNA (rel_level normalised per dataset: derived),1106,
Delta7,Sh,1.113,1,davis2020,inferred,Kv1: fast A-type K,measured mRNA (rel_level normalised per dataset: derived),6111,
Delta7,Shab,0.63,1,davis2020,inferred,Kv2: delayed-rectifier K,measured mRNA (rel_level normalised per dataset: derived),931,
Delta7,Shal,1.051,1,davis2020,inferred,Kv4: somatodendritic A-type K,measured mRNA (rel_level normalised per dataset: derived),215.1,
Delta7,Shaw,1.192,1,davis2020,inferred,Kv3: K,measured mRNA (rel_level normalised per dataset: derived),280.6,
Delta7,Task6,0.8033,1,davis2020,inferred,two-pore leak K,measured mRNA (rel_level normalised per dataset: derived),175.2,
Delta7,Task7,0.9137,1,davis2020,inferred,two-pore leak K,measured mRNA (rel_level normalised per dataset: derived),33.66,
Delta7,cac,1.338,1,davis2020,inferred,Cav2: high-voltage-activated Ca,measured mRNA (rel_level normalised per dataset: derived),1737,
Delta7,eag,1.504,1,davis2020,inferred,Kv10: K,measured mRNA (rel_level normalised per dataset: derived),740.2,
Delta7,ogre,0.8641,0,davis2020,inferred,innexin,measured mRNA (rel_level normalised per dataset: derived),5.85,
Delta7,para,1.126,1,davis2020,inferred,"Nav: voltage-gated Na (spike, persistent Na)",measured mRNA (rel_level normalised per dataset: derived),2661,
Delta7,sei,1.109,1,davis2020,inferred,Kv11 (erg): K,measured mRNA (rel_level normalised per dataset: derived),110,
Delta7,shakB,2.814,1,davis2020,inferred,innexin (neuronal gap junctions),measured mRNA (rel_level normalised per dataset: derived),994.9,
Delta7,slo,1.502,1,davis2020,inferred,BK: Ca- and voltage-activated K,measured mRNA (rel_level normalised per dataset: derived),1552,
Dm1,Ca-alpha1D,1.252,1,davis2020;ozel2021,derived,Cav1: L-type Ca,measured mRNA (rel_level normalised per dataset: derived),265.9,1.108
Dm1,Ca-alpha1T,0.1846,0.16,davis2020;ozel2021,derived,Cav3: T-type (low-voltage) Ca,measured mRNA (rel_level normalised per dataset: derived),127.3,0.3723
Dm1,Hk,0.652,0.91,davis2020;ozel2021,derived,Kv beta subunit,measured mRNA (rel_level normalised per dataset: derived),1172,6.743
Dm1,Ih,1.388,1,davis2020;ozel2021,derived,HCN: hyperpolarisation-activated cation (Ih),measured mRNA (rel_level normalised per dataset: derived),2661,13.4
Dm1,Inx2,3.885,0.5,davis2020;ozel2021,derived,innexin,measured mRNA (rel_level normalised per dataset: derived),234.4,0.3286
Dm1,Inx3,0.7414,0.5,davis2020;ozel2021,derived,innexin,measured mRNA (rel_level normalised per dataset: derived),96.39,0.04606
Dm1,Inx5,,0,davis2020;ozel2021,derived,innexin,measured mRNA (rel_level normalised per dataset: derived),0.22,0
Dm1,Inx7,0.09774,0,davis2020;ozel2021,derived,innexin,measured mRNA (rel_level normalised per dataset: derived),0.13,0
Dm1,Irk1,0.04696,0,davis2020;ozel2021,derived,inward-rectifier K,measured mRNA (rel_level normalised per dataset: derived),5.05,0
Dm1,Irk2,5.397,0.5,davis2020;ozel2021,derived,inward-rectifier K,measured mRNA (rel_level normalised per dataset: derived),122.4,0.3144
Dm1,Irk3,0.85,0,davis2020;ozel2021,derived,inward-rectifier K,measured mRNA (rel_level normalised per dataset: derived),1.74,0.0826
Dm1,KCNQ,1.298,0,davis2020;ozel2021,derived,Kv7: M-type slow K,measured mRNA (rel_level normalised per dataset: derived),49.09,0.06263
Dm1,Ork1,0.0474,0,davis2020;ozel2021,derived,two-pore leak K,measured mRNA (rel_level normalised per dataset: derived),1.91,0
Dm1,SK,1.289,1,davis2020;ozel2021,derived,SK: Ca-activated K,measured mRNA (rel_level normalised per dataset: derived),892.9,3.074
Dm1,Sh,0.8219,1,davis2020;ozel2021,derived,Kv1: fast A-type K,measured mRNA (rel_level normalised per dataset: derived),5267,14.48
Dm1,Shab,3.202,0.5,davis2020;ozel2021,derived,Kv2: delayed-rectifier K,measured mRNA (rel_level normalised per dataset: derived),6419,1.985
Dm1,Shal,0.9235,1,davis2020;ozel2021,derived,Kv4: somatodendritic A-type K,measured mRNA (rel_level normalised per dataset: derived),146.3,1.358
Dm1,Shaw,0.8043,0.5,davis2020;ozel2021,derived,Kv3: K,measured mRNA (rel_level normalised per dataset: derived),195.2,0.3601
Dm1,Task6,0.7024,1,davis2020;ozel2021,derived,two-pore leak K,measured mRNA (rel_level normalised per dataset: derived),147.7,1.047
Dm1,Task7,0.8698,1,davis2020;ozel2021,derived,two-pore leak K,measured mRNA (rel_level normalised per dataset: derived),34.26,1.325
Dm1,cac,0.9717,1,davis2020;ozel2021,derived,Cav2: high-voltage-activated Ca,measured mRNA (rel_level normalised per dataset: derived),1235,3.826
Dm1,eag,0.07826,0.045,davis2020;ozel2021,derived,Kv10: K,measured mRNA (rel_level normalised per dataset: derived),74.32,0.04932
Dm1,ogre,3.528,0.5,davis2020;ozel2021,derived,innexin,measured mRNA (rel_level normalised per dataset: derived),121.5,0.6379
Dm1,para,1.054,1,davis2020;ozel2021,derived,"Nav: voltage-gated Na (spike, persistent Na)",measured mRNA (rel_level normalised per dataset: derived),2439,9.776
Dm1,sei,0.6675,0.91,davis2020;ozel2021,derived,Kv11 (erg): K,measured mRNA (rel_level normalised per dataset: derived),67.52,0.4772
Dm1,shakB,1.964,0.5,davis2020;ozel2021,derived,innexin (neuronal gap junctions),measured mRNA (rel_level normalised per dataset: derived),820,8.677
Dm1,slo,0.7132,1,davis2020;ozel2021,derived,BK: Ca- and voltage-activated K,measured mRNA (rel_level normalised per dataset: derived),669.2,4.306
Dm1,zpg,,0,ozel2021,derived,innexin,measured mRNA (rel_level normalised per dataset: derived),,0
Dm10,Ca-alpha1D,1.537,1,davis2020;ozel2021,derived,Cav1: L-type Ca,measured mRNA (rel_level normalised per dataset: derived),316.8,1.403
Dm10,Ca-alpha1T,0.1544,0.01,davis2020;ozel2021,derived,Cav3: T-type (low-voltage) Ca,measured mRNA (rel_level normalised per dataset: derived),57.94,0.5718
Dm10,Hk,0.6294,1,davis2020;ozel2021,derived,Kv beta subunit,measured mRNA (rel_level normalised per dataset: derived),788.2,9.342
Dm10,Ih,1.035,1,davis2020;ozel2021,derived,HCN: hyperpolarisation-activated cation (Ih),measured mRNA (rel_level normalised per dataset: derived),1376,14.39
Dm10,Inx2,0.4038,0,davis2020;ozel2021,derived,innexin,measured mRNA (rel_level normalised per dataset: derived),2.07,0.402
Dm10,Inx3,0.7862,0.5,davis2020;ozel2021,derived,innexin,measured mRNA (rel_level normalised per dataset: derived),24.84,0.201
Dm10,Inx5,,0,davis2020;ozel2021,derived,innexin,measured mRNA (rel_level normalised per dataset: derived),0,0
Dm10,Inx7,0.001,0,davis2020;ozel2021,derived,innexin,measured mRNA (rel_level normalised per dataset: derived),0,0
Dm10,Irk1,0.4892,0,davis2020;ozel2021,derived,inward-rectifier K,measured mRNA (rel_level normalised per dataset: derived),0.52,0.008466
Dm10,Irk2,0.6797,0,davis2020;ozel2021,derived,inward-rectifier K,measured mRNA (rel_level normalised per dataset: derived),0.85,0.718
Dm10,Irk3,0.2923,0,davis2020;ozel2021,derived,inward-rectifier K,measured mRNA (rel_level normalised per dataset: derived),0.06,0.2832
Dm10,KCNQ,1.207,0,davis2020;ozel2021,derived,Kv7: M-type slow K,measured mRNA (rel_level normalised per dataset: derived),28.7,0.09269
Dm10,Ork1,0.764,0,davis2020;ozel2021,derived,two-pore leak K,measured mRNA (rel_level normalised per dataset: derived),0.23,0.03816
Dm10,SK,0.8346,1,davis2020;ozel2021,derived,SK: Ca-activated K,measured mRNA (rel_level normalised per dataset: derived),427.6,2.691
Dm10,Sh,0.3961,0.985,davis2020;ozel2021,derived,Kv1: fast A-type K,measured mRNA (rel_level normalised per dataset: derived),1825,9.7
Dm10,Shab,0.1383,0.055,davis2020;ozel2021,derived,Kv2: delayed-rectifier K,measured mRNA (rel_level normalised per dataset: derived),171.7,0.1385
Dm10,Shal,1.658,1,davis2020;ozel2021,derived,Kv4: somatodendritic A-type K,measured mRNA (rel_level normalised per dataset: derived),360.3,1.777
Dm10,Shaw,0.5216,0.5,davis2020;ozel2021,derived,Kv3: K,measured mRNA (rel_level normalised per dataset: derived),136,0.2174
Dm10,Task6,0.8817,1,davis2020;ozel2021,derived,two-pore leak K,measured mRNA (rel_level normalised per dataset: derived),187.9,1.296
Dm10,Task7,1.459,1,davis2020;ozel2021,derived,two-pore leak K,measured mRNA (rel_level normalised per dataset: derived),71.7,1.781
Dm10,cac,0.7484,1,davis2020;ozel2021,derived,Cav2: high-voltage-activated Ca,measured mRNA (rel_level normalised per dataset: derived),916.1,3.061
Dm10,eag,0.05749,0,davis2020;ozel2021,derived,Kv10: K,measured mRNA (rel_level normalised per dataset: derived),9.13,0.2167
Dm10,ogre,0.7242,0,davis2020;ozel2021,derived,innexin,measured mRNA (rel_level normalised per dataset: derived),3.52,0.9282
Dm10,para,0.8709,1,davis2020;ozel2021,derived,"Nav: voltage-gated Na (spike, persistent Na)",measured mRNA (rel_level normalised per dataset: derived),1679,9.691
Dm10,sei,1.037,1,davis2020;ozel2021,derived,Kv11 (erg): K,measured mRNA (rel_level normalised per dataset: derived),121.9,0.6379
Dm10,shakB,2.149,0.5,davis2020;ozel2021,derived,innexin (neuronal gap junctions),measured mRNA (rel_level normalised per dataset: derived),868.8,9.808
Dm10,slo,1.302,1,davis2020;ozel2021,derived,BK: Ca- and voltage-activated K,measured mRNA (rel_level normalised per dataset: derived),924,10.39
Dm10,zpg,,0,ozel2021,derived,innexin,measured mRNA (rel_level normalised per dataset: derived),,0
Dm11,Ca-alpha1D,1.197,1,davis2020;ozel2021,derived,Cav1: L-type Ca,measured mRNA (rel_level normalised per dataset: derived),232.2,1.161
Dm11,Ca-alpha1T,0.1942,0.17,davis2020;ozel2021,derived,Cav3: T-type (low-voltage) Ca,measured mRNA (rel_level normalised per dataset: derived),130.2,0.403
Dm11,Hk,0.6881,1,davis2020;ozel2021,derived,Kv beta subunit,measured mRNA (rel_level normalised per dataset: derived),977.1,9.007
Dm11,Ih,0.9515,1,davis2020;ozel2021,derived,HCN: hyperpolarisation-activated cation (Ih),measured mRNA (rel_level normalised per dataset: derived),1250,13.39
Dm11,Inx2,0.5037,0,davis2020;ozel2021,derived,innexin,measured mRNA (rel_level normalised per dataset: derived),4.8,0.2697
Dm11,Inx3,0.5797,0.5,davis2020;ozel2021,derived,innexin,measured mRNA (rel_level normalised per dataset: derived),52.64,0.05156
Dm11,Inx5,,0,davis2020;ozel2021,derived,innexin,measured mRNA (rel_level normalised per dataset: derived),0.07,0
Dm11,Inx7,0.2406,0,davis2020;ozel2021,derived,innexin,measured mRNA (rel_level normalised per dataset: derived),0.32,0
Dm11,Irk1,0.01619,0,davis2020;ozel2021,derived,inward-rectifier K,measured mRNA (rel_level normalised per dataset: derived),0.6,0
Dm11,Irk2,0.4555,0,davis2020;ozel2021,derived,inward-rectifier K,measured mRNA (rel_level normalised per dataset: derived),0.61,0.4493
Dm11,Irk3,0.4073,0,davis2020;ozel2021,derived,inward-rectifier K,measured mRNA (rel_level normalised per dataset: derived),0.21,0.1571
Dm11,KCNQ,3.972,0.06,davis2020;ozel2021,derived,Kv7: M-type slow K,measured mRNA (rel_level normalised per dataset: derived),105.1,0.2738
Dm11,Ork1,0.0168,0,davis2020;ozel2021,derived,two-pore leak K,measured mRNA (rel_level normalised per dataset: derived),0.24,0
Dm11,SK,0.5884,1,davis2020;ozel2021,derived,SK: Ca-activated K,measured mRNA (rel_level normalised per dataset: derived),528.6,1.082
Dm11,Sh,1.122,1,davis2020;ozel2021,derived,Kv1: fast A-type K,measured mRNA (rel_level normalised per dataset: derived),5731,24.78
Dm11,Shab,0.1429,0.21,davis2020;ozel2021,derived,Kv2: delayed-rectifier K,measured mRNA (rel_level normalised per dataset: derived),216.3,0.1173
Dm11,Shal,1.332,1,davis2020;ozel2021,derived,Kv4: somatodendritic A-type K,measured mRNA (rel_level normalised per dataset: derived),241.4,1.712
Dm11,Shaw,1.1,0.5,davis2020;ozel2021,derived,Kv3: K,measured mRNA (rel_level normalised per dataset: derived),277.2,0.4747
Dm11,Task6,0.6752,0.685,davis2020;ozel2021,derived,two-pore leak K,measured mRNA (rel_level normalised per dataset: derived),196.1,0.7286
Dm11,Task7,1.341,1,davis2020;ozel2021,derived,two-pore leak K,measured mRNA (rel_level normalised per dataset: derived),62.98,1.713
Dm11,cac,0.8798,1,davis2020;ozel2021,derived,Cav2: high-voltage-activated Ca,measured mRNA (rel_level normalised per dataset: derived),1310,2.958
Dm11,eag,0.146,0.22,davis2020;ozel2021,derived,Kv10: K,measured mRNA (rel_level normalised per dataset: derived),97.49,0.1308
Dm11,ogre,0.66,0,davis2020;ozel2021,derived,innexin,measured mRNA (rel_level normalised per dataset: derived),4.07,0.6667
Dm11,para,0.7966,1,davis2020;ozel2021,derived,"Nav: voltage-gated Na (spike, persistent Na)",measured mRNA (rel_level normalised per dataset: derived),1775,7.669
Dm11,sei,0.5818,0.51,davis2020;ozel2021,derived,Kv11 (erg): K,measured mRNA (rel_level normalised per dataset: derived),95.08,0.2575
Dm11,shakB,2.059,0.5,davis2020;ozel2021,derived,innexin (neuronal gap junctions),measured mRNA (rel_level normalised per dataset: derived),1211,6.458
Dm11,slo,1.004,1,davis2020;ozel2021,derived,BK: Ca- and voltage-activated K,measured mRNA (rel_level normalised per dataset: derived),934.3,6.114
Dm11,zpg,,0,ozel2021,derived,innexin,measured mRNA (rel_level normalised per dataset: derived),,0
Dm12,Ca-alpha1D,0.9141,1,davis2020;ozel2021,derived,Cav1: L-type Ca,measured mRNA (rel_level normalised per dataset: derived),204.2,0.7693
Dm12,Ca-alpha1T,0.2103,0.145,davis2020;ozel2021,derived,Cav3: T-type (low-voltage) Ca,measured mRNA (rel_level normalised per dataset: derived),151.8,0.405
Dm12,Hk,0.6015,0.93,davis2020;ozel2021,derived,Kv beta subunit,measured mRNA (rel_level normalised per dataset: derived),1010,6.654
Dm12,Ih,1.03,1,davis2020;ozel2021,derived,HCN: hyperpolarisation-activated cation (Ih),measured mRNA (rel_level normalised per dataset: derived),1635,12.01
Dm12,Inx2,1.321,0.005,davis2020;ozel2021,derived,innexin,measured mRNA (rel_level normalised per dataset: derived),23.81,0.3738
Dm12,Inx3,1.713,0.5,davis2020;ozel2021,derived,innexin,measured mRNA (rel_level normalised per dataset: derived),129.7,0.1827
Dm12,Inx5,,0,davis2020;ozel2021,derived,innexin,measured mRNA (rel_level normalised per dataset: derived),1.73,0
Dm12,Inx7,0.7143,0,davis2020;ozel2021,derived,innexin,measured mRNA (rel_level normalised per dataset: derived),0.95,0
Dm12,Irk1,3.702,0,davis2020;ozel2021,derived,inward-rectifier K,measured mRNA (rel_level normalised per dataset: derived),13.74,0.01835
Dm12,Irk2,1.36,0,davis2020;ozel2021,derived,inward-rectifier K,measured mRNA (rel_level normalised per dataset: derived),6.2,0.3943
Dm12,Irk3,1.157,0,davis2020;ozel2021,derived,inward-rectifier K,measured mRNA (rel_level normalised per dataset: derived),1.56,0.1707
Dm12,KCNQ,1.194,0,davis2020;ozel2021,derived,Kv7: M-type slow K,measured mRNA (rel_level normalised per dataset: derived),37.33,0.06967
Dm12,Ork1,0.1138,0.115,davis2020;ozel2021,derived,two-pore leak K,measured mRNA (rel_level normalised per dataset: derived),11,0
Dm12,SK,0.9146,1,davis2020;ozel2021,derived,SK: Ca-activated K,measured mRNA (rel_level normalised per dataset: derived),920.2,1.502
Dm12,Sh,0.9993,1,davis2020;ozel2021,derived,Kv1: fast A-type K,measured mRNA (rel_level normalised per dataset: derived),5051,22.31
Dm12,Shab,0.7691,0.5,davis2020;ozel2021,derived,Kv2: delayed-rectifier K,measured mRNA (rel_level normalised per dataset: derived),2797,0.2629
Dm12,Shal,1.142,1,davis2020;ozel2021,derived,Kv4: somatodendritic A-type K,measured mRNA (rel_level normalised per dataset: derived),278.4,1.092
Dm12,Shaw,0.7662,0.5,davis2020;ozel2021,derived,Kv3: K,measured mRNA (rel_level normalised per dataset: derived),227.1,0.281
Dm12,Task6,0.8556,1,davis2020;ozel2021,derived,two-pore leak K,measured mRNA (rel_level normalised per dataset: derived),218,1.052
Dm12,Task7,1.057,1,davis2020;ozel2021,derived,two-pore leak K,measured mRNA (rel_level normalised per dataset: derived),55.44,1.208
Dm12,cac,1.019,1,davis2020;ozel2021,derived,Cav2: high-voltage-activated Ca,measured mRNA (rel_level normalised per dataset: derived),1327,3.922
Dm12,eag,0.3124,0.5,davis2020;ozel2021,derived,Kv10: K,measured mRNA (rel_level normalised per dataset: derived),302.2,0.1933
Dm12,ogre,1.373,0.035,davis2020;ozel2021,derived,innexin,measured mRNA (rel_level normalised per dataset: derived),20.79,0.5651
Dm12,para,0.9273,1,davis2020;ozel2021,derived,"Nav: voltage-gated Na (spike, persistent Na)",measured mRNA (rel_level normalised per dataset: derived),2340,7.88
Dm12,sei,0.6506,0.965,davis2020;ozel2021,derived,Kv11 (erg): K,measured mRNA (rel_level normalised per dataset: derived),66.74,0.4587
Dm12,shakB,1.639,0.5,davis2020;ozel2021,derived,innexin (neuronal gap junctions),measured mRNA (rel_level normalised per dataset: derived),682,7.27
Dm12,slo,1.167,1,davis2020;ozel2021,derived,BK: Ca- and voltage-activated K,measured mRNA (rel_level normalised per dataset: derived),1337,5.767
Dm12,zpg,,0,ozel2021,derived,innexin,measured mRNA (rel_level normalised per dataset: derived),,0
Dm2,Ca-alpha1D,0.9322,1,ozel2021,derived,Cav1: L-type Ca,measured mRNA (rel_level normalised per dataset: derived),,0.7941
Dm2,Ca-alpha1T,0.6179,0,ozel2021,derived,Cav3: T-type (low-voltage) Ca,measured mRNA (rel_level normalised per dataset: derived),,1.467
Dm2,Hk,0.8028,1,ozel2021,derived,Kv beta subunit,measured mRNA (rel_level normalised per dataset: derived),,11.87
Dm2,Ih,1.519,1,ozel2021,derived,HCN: hyperpolarisation-activated cation (Ih),measured mRNA (rel_level normalised per dataset: derived),,17.97
Dm2,Inx2,1.382,0,ozel2021,derived,innexin,measured mRNA (rel_level normalised per dataset: derived),,0.6855
Dm2,Inx3,1.238,0,ozel2021,derived,innexin,measured mRNA (rel_level normalised per dataset: derived),,0.2469
Dm2,Inx5,,0,ozel2021,derived,innexin,measured mRNA (rel_level normalised per dataset: derived),,0
Dm2,Inx7,,0,ozel2021,derived,innexin,measured mRNA (rel_level normalised per dataset: derived),,0
Dm2,Irk1,1.757,0,ozel2021,derived,inward-rectifier K,measured mRNA (rel_level normalised per dataset: derived),,0.01412
Dm2,Irk2,1.474,0,ozel2021,derived,inward-rectifier K,measured mRNA (rel_level normalised per dataset: derived),,1.058
Dm2,Irk3,1.282,0,ozel2021,derived,inward-rectifier K,measured mRNA (rel_level normalised per dataset: derived),,0.3696
Dm2,KCNQ,5.784,0,ozel2021,derived,Kv7: M-type slow K,measured mRNA (rel_level normalised per dataset: derived),,0.3638
Dm2,Ork1,1.586,0,ozel2021,derived,two-pore leak K,measured mRNA (rel_level normalised per dataset: derived),,0.02806
Dm2,SK,1.68,1,ozel2021,derived,SK: Ca-activated K,measured mRNA (rel_level normalised per dataset: derived),,3.938
Dm2,Sh,0.9492,1,ozel2021,derived,Kv1: fast A-type K,measured mRNA (rel_level normalised per dataset: derived),,19.51
Dm2,Shab,0.7194,0,ozel2021,derived,Kv2: delayed-rectifier K,measured mRNA (rel_level normalised per dataset: derived),,0.605
Dm2,Shal,0.7498,1,ozel2021,derived,Kv4: somatodendritic A-type K,measured mRNA (rel_level normalised per dataset: derived),,0.8534
Dm2,Shaw,1.311,0,ozel2021,derived,Kv3: K,measured mRNA (rel_level normalised per dataset: derived),,0.6052
Dm2,Task6,0.8748,1,ozel2021,derived,two-pore leak K,measured mRNA (rel_level normalised per dataset: derived),,1.257
Dm2,Task7,1.014,1,ozel2021,derived,two-pore leak K,measured mRNA (rel_level normalised per dataset: derived),,1.652
Dm2,cac,0.9117,1,ozel2021,derived,Cav2: high-voltage-activated Ca,measured mRNA (rel_level normalised per dataset: derived),,3.515
Dm2,eag,2.308,0,ozel2021,derived,Kv10: K,measured mRNA (rel_level normalised per dataset: derived),,2.807
Dm2,ogre,1.3,0,ozel2021,derived,innexin,measured mRNA (rel_level normalised per dataset: derived),,1.196
Dm2,para,0.9081,1,ozel2021,derived,"Nav: voltage-gated Na (spike, persistent Na)",measured mRNA (rel_level normalised per dataset: derived),,8.24
Dm2,sei,1.194,1,ozel2021,derived,Kv11 (erg): K,measured mRNA (rel_level normalised per dataset: derived),,0.871
Dm2,shakB,0.2693,0,ozel2021,derived,innexin (neuronal gap junctions),measured mRNA (rel_level normalised per dataset: derived),,1.406
Dm2,slo,0.9939,1,ozel2021,derived,BK: Ca- and voltage-activated K,measured mRNA (rel_level normalised per dataset: derived),,5.448
Dm2,zpg,,0,ozel2021,derived,innexin,measured mRNA (rel_level normalised per dataset: derived),,0
Dm3a,Ca-alpha1D,0.7398,1,davis2020;ozel2021,derived,Cav1: L-type Ca,measured mRNA (rel_level normalised per dataset: derived),111.5,0.9232
Dm3a,Ca-alpha1T,3.475,1,davis2020;ozel2021,derived,Cav3: T-type (low-voltage) Ca,measured mRNA (rel_level normalised per dataset: derived),1373,12.22
Dm3a,Hk,1.077,1,davis2020;ozel2021,derived,Kv beta subunit,measured mRNA (rel_level normalised per dataset: derived),1457,14.78
Dm3a,Ih,1.416,1,davis2020;ozel2021,derived,HCN: hyperpolarisation-activated cation (Ih),measured mRNA (rel_level normalised per dataset: derived),2092,17.72
Dm3a,Inx2,2.234,0.27,davis2020;ozel2021,derived,innexin,measured mRNA (rel_level normalised per dataset: derived),34.31,0.7422
Dm3a,Inx3,0.868,0.5,davis2020;ozel2021,derived,innexin,measured mRNA (rel_level normalised per dataset: derived),25.33,0.2403
Dm3a,Inx5,,0,davis2020;ozel2021,derived,innexin,measured mRNA (rel_level normalised per dataset: derived),0.14,0
Dm3a,Inx7,0.4286,0,davis2020;ozel2021,derived,innexin,measured mRNA (rel_level normalised per dataset: derived),0.57,0
Dm3a,Irk1,1.14,0,davis2020;ozel2021,derived,inward-rectifier K,measured mRNA (rel_level normalised per dataset: derived),2.48,0.009636
Dm3a,Irk2,2.906,0,davis2020;ozel2021,derived,inward-rectifier K,measured mRNA (rel_level normalised per dataset: derived),9.95,1.121
Dm3a,Irk3,1.273,0,davis2020;ozel2021,derived,inward-rectifier K,measured mRNA (rel_level normalised per dataset: derived),0.69,0.4672
Dm3a,KCNQ,0.4838,0,davis2020;ozel2021,derived,Kv7: M-type slow K,measured mRNA (rel_level normalised per dataset: derived),6.79,0.0629
Dm3a,Ork1,1.027,0,davis2020;ozel2021,derived,two-pore leak K,measured mRNA (rel_level normalised per dataset: derived),0.69,0.023
Dm3a,SK,1.882,1,davis2020;ozel2021,derived,SK: Ca-activated K,measured mRNA (rel_level normalised per dataset: derived),1036,5.652
Dm3a,Sh,0.931,1,davis2020;ozel2021,derived,Kv1: fast A-type K,measured mRNA (rel_level normalised per dataset: derived),5490,17.82
Dm3a,Shab,0.7282,0.5,davis2020;ozel2021,derived,Kv2: delayed-rectifier K,measured mRNA (rel_level normalised per dataset: derived),783.6,0.841
Dm3a,Shal,0.816,1,davis2020;ozel2021,derived,Kv4: somatodendritic A-type K,measured mRNA (rel_level normalised per dataset: derived),177.5,0.8738
Dm3a,Shaw,0.8396,0.5,davis2020;ozel2021,derived,Kv3: K,measured mRNA (rel_level normalised per dataset: derived),211.4,0.3623
Dm3a,Task6,0.7144,1,davis2020;ozel2021,derived,two-pore leak K,measured mRNA (rel_level normalised per dataset: derived),119.8,1.335
Dm3a,Task7,0.8808,1,davis2020;ozel2021,derived,two-pore leak K,measured mRNA (rel_level normalised per dataset: derived),22.24,2.093
Dm3a,cac,0.8645,1,davis2020;ozel2021,derived,Cav2: high-voltage-activated Ca,measured mRNA (rel_level normalised per dataset: derived),960.8,3.894
Dm3a,eag,1.409,0.5,davis2020;ozel2021,derived,Kv10: K,measured mRNA (rel_level normalised per dataset: derived),775.2,1.533
Dm3a,ogre,3.637,0.445,davis2020;ozel2021,derived,innexin,measured mRNA (rel_level normalised per dataset: derived),47.35,1.74
Dm3a,para,0.9753,1,davis2020;ozel2021,derived,"Nav: voltage-gated Na (spike, persistent Na)",measured mRNA (rel_level normalised per dataset: derived),2212,9.225
Dm3a,sei,0.8213,1,davis2020;ozel2021,derived,Kv11 (erg): K,measured mRNA (rel_level normalised per dataset: derived),63.05,0.7737
Dm3a,shakB,0.5916,0.415,davis2020;ozel2021,derived,innexin (neuronal gap junctions),measured mRNA (rel_level normalised per dataset: derived),202.8,3.184
Dm3a,slo,0.8181,1,davis2020;ozel2021,derived,BK: Ca- and voltage-activated K,measured mRNA (rel_level normalised per dataset: derived),740.9,5.116
Dm3a,zpg,,0,ozel2021,derived,innexin,measured mRNA (rel_level normalised per dataset: derived),,0
Dm3b,Ca-alpha1D,0.6456,1,davis2020;ozel2021,derived,Cav1: L-type Ca,measured mRNA (rel_level normalised per dataset: derived),111.5,0.703
Dm3b,Ca-alpha1T,3.385,1,davis2020;ozel2021,derived,Cav3: T-type (low-voltage) Ca,measured mRNA (rel_level normalised per dataset: derived),1373,11.6
Dm3b,Hk,1.04,1,davis2020;ozel2021,derived,Kv beta subunit,measured mRNA (rel_level normalised per dataset: derived),1457,13.79
Dm3b,Ih,1.364,1,davis2020;ozel2021,derived,HCN: hyperpolarisation-activated cation (Ih),measured mRNA (rel_level normalised per dataset: derived),2092,16.46
Dm3b,Inx2,2.194,0.27,davis2020;ozel2021,derived,innexin,measured mRNA (rel_level normalised per dataset: derived),34.31,0.716
Dm3b,Inx3,0.9325,0.5,davis2020;ozel2021,derived,innexin,measured mRNA (rel_level normalised per dataset: derived),25.33,0.2773
Dm3b,Inx5,,0,davis2020;ozel2021,derived,innexin,measured mRNA (rel_level normalised per dataset: derived),0.14,0
Dm3b,Inx7,0.4286,0,davis2020;ozel2021,derived,innexin,measured mRNA (rel_level normalised per dataset: derived),0.57,0
Dm3b,Irk1,0.8734,0,davis2020;ozel2021,derived,inward-rectifier K,measured mRNA (rel_level normalised per dataset: derived),2.48,0.005659
Dm3b,Irk2,2.687,0,davis2020;ozel2021,derived,inward-rectifier K,measured mRNA (rel_level normalised per dataset: derived),9.95,0.9589
Dm3b,Irk3,1.063,0,davis2020;ozel2021,derived,inward-rectifier K,measured mRNA (rel_level normalised per dataset: derived),0.69,0.3259
Dm3b,KCNQ,0.4157,0,davis2020;ozel2021,derived,Kv7: M-type slow K,measured mRNA (rel_level normalised per dataset: derived),6.79,0.04644
Dm3b,Ork1,1.392,0,davis2020;ozel2021,derived,two-pore leak K,measured mRNA (rel_level normalised per dataset: derived),0.69,0.0422
Dm3b,SK,1.74,1,davis2020;ozel2021,derived,SK: Ca-activated K,measured mRNA (rel_level normalised per dataset: derived),1036,4.827
Dm3b,Sh,0.9239,1,davis2020;ozel2021,derived,Kv1: fast A-type K,measured mRNA (rel_level normalised per dataset: derived),5490,17.55
Dm3b,Shab,0.7224,0.5,davis2020;ozel2021,derived,Kv2: delayed-rectifier K,measured mRNA (rel_level normalised per dataset: derived),783.6,0.8276
Dm3b,Shal,0.8551,1,davis2020;ozel2021,derived,Kv4: somatodendritic A-type K,measured mRNA (rel_level normalised per dataset: derived),177.5,0.9596
Dm3b,Shaw,0.8926,0.5,davis2020;ozel2021,derived,Kv3: K,measured mRNA (rel_level normalised per dataset: derived),211.4,0.4095
Dm3b,Task6,0.7439,1,davis2020;ozel2021,derived,two-pore leak K,measured mRNA (rel_level normalised per dataset: derived),119.8,1.448
Dm3b,Task7,0.8568,1,davis2020;ozel2021,derived,two-pore leak K,measured mRNA (rel_level normalised per dataset: derived),22.24,1.98
Dm3b,cac,0.8708,1,davis2020;ozel2021,derived,Cav2: high-voltage-activated Ca,measured mRNA (rel_level normalised per dataset: derived),960.8,3.951
Dm3b,eag,1.326,0.5,davis2020;ozel2021,derived,Kv10: K,measured mRNA (rel_level normalised per dataset: derived),775.2,1.359
Dm3b,ogre,3.805,0.445,davis2020;ozel2021,derived,innexin,measured mRNA (rel_level normalised per dataset: derived),47.35,1.905
Dm3b,para,0.9687,1,davis2020;ozel2021,derived,"Nav: voltage-gated Na (spike, persistent Na)",measured mRNA (rel_level normalised per dataset: derived),2212,9.101
Dm3b,sei,0.7882,1,davis2020;ozel2021,derived,Kv11 (erg): K,measured mRNA (rel_level normalised per dataset: derived),63.05,0.7126
Dm3b,shakB,0.6125,0.415,davis2020;ozel2021,derived,innexin (neuronal gap junctions),measured mRNA (rel_level normalised per dataset: derived),202.8,3.413
Dm3b,slo,0.7909,1,davis2020;ozel2021,derived,BK: Ca- and voltage-activated K,measured mRNA (rel_level normalised per dataset: derived),740.9,4.782
Dm3b,zpg,,0,ozel2021,derived,innexin,measured mRNA (rel_level normalised per dataset: derived),,0
Dm3c,Ca-alpha1D,0.5051,1,davis2020,inferred,Cav1: L-type Ca,measured mRNA (rel_level normalised per dataset: derived),111.5,
Dm3c,Ca-alpha1T,2.346,1,davis2020,inferred,Cav3: T-type (low-voltage) Ca,measured mRNA (rel_level normalised per dataset: derived),1373,
Dm3c,Hk,1.159,1,davis2020,inferred,Kv beta subunit,measured mRNA (rel_level normalised per dataset: derived),1457,
Dm3c,Ih,1.338,1,davis2020,inferred,HCN: hyperpolarisation-activated cation (Ih),measured mRNA (rel_level normalised per dataset: derived),2092,
Dm3c,Inx2,3.334,0.54,davis2020,inferred,innexin,measured mRNA (rel_level normalised per dataset: derived),34.31,
Dm3c,Inx3,0.6253,1,davis2020,inferred,innexin,measured mRNA (rel_level normalised per dataset: derived),25.33,
Dm3c,Inx5,,0,davis2020,inferred,innexin,measured mRNA (rel_level normalised per dataset: derived),0.14,
Dm3c,Inx7,0.4286,0,davis2020,inferred,innexin,measured mRNA (rel_level normalised per dataset: derived),0.57,
Dm3c,Irk1,1.083,0,davis2020,inferred,inward-rectifier K,measured mRNA (rel_level normalised per dataset: derived),2.48,
Dm3c,Irk2,5.408,0,davis2020,inferred,inward-rectifier K,measured mRNA (rel_level normalised per dataset: derived),9.95,
Dm3c,Irk3,1,0,davis2020,inferred,inward-rectifier K,measured mRNA (rel_level normalised per dataset: derived),0.69,
Dm3c,KCNQ,0.2341,0,davis2020,inferred,Kv7: M-type slow K,measured mRNA (rel_level normalised per dataset: derived),6.79,
Dm3c,Ork1,0.8118,0,davis2020,inferred,two-pore leak K,measured mRNA (rel_level normalised per dataset: derived),0.69,
Dm3c,SK,1.47,1,davis2020,inferred,SK: Ca-activated K,measured mRNA (rel_level normalised per dataset: derived),1036,
Dm3c,Sh,1,1,davis2020,inferred,Kv1: fast A-type K,measured mRNA (rel_level normalised per dataset: derived),5490,
Dm3c,Shab,0.5303,1,davis2020,inferred,Kv2: delayed-rectifier K,measured mRNA (rel_level normalised per dataset: derived),783.6,
Dm3c,Shal,0.8674,1,davis2020,inferred,Kv4: somatodendritic A-type K,measured mRNA (rel_level normalised per dataset: derived),177.5,
Dm3c,Shaw,0.8983,1,davis2020,inferred,Kv3: K,measured mRNA (rel_level normalised per dataset: derived),211.4,
Dm3c,Task6,0.5493,1,davis2020,inferred,two-pore leak K,measured mRNA (rel_level normalised per dataset: derived),119.8,
Dm3c,Task7,0.6037,1,davis2020,inferred,two-pore leak K,measured mRNA (rel_level normalised per dataset: derived),22.24,
Dm3c,cac,0.7399,1,davis2020,inferred,Cav2: high-voltage-activated Ca,measured mRNA (rel_level normalised per dataset: derived),960.8,
Dm3c,eag,1.575,1,davis2020,inferred,Kv10: K,measured mRNA (rel_level normalised per dataset: derived),775.2,
Dm3c,ogre,6.994,0.89,davis2020,inferred,innexin,measured mRNA (rel_level normalised per dataset: derived),47.35,
Dm3c,para,0.9357,1,davis2020,inferred,"Nav: voltage-gated Na (spike, persistent Na)",measured mRNA (rel_level normalised per dataset: derived),2212,
Dm3c,sei,0.636,1,davis2020,inferred,Kv11 (erg): K,measured mRNA (rel_level normalised per dataset: derived),63.05,
Dm3c,shakB,0.5737,0.83,davis2020,inferred,innexin (neuronal gap junctions),measured mRNA (rel_level normalised per dataset: derived),202.8,
Dm3c,slo,0.717,1,davis2020,inferred,BK: Ca- and voltage-activated K,measured mRNA (rel_level normalised per dataset: derived),740.9,
Dm4,Ca-alpha1D,1.425,1,davis2020;ozel2021,derived,Cav1: L-type Ca,measured mRNA (rel_level normalised per dataset: derived),425.5,0.8974
Dm4,Ca-alpha1T,0.1434,0,davis2020;ozel2021,derived,Cav3: T-type (low-voltage) Ca,measured mRNA (rel_level normalised per dataset: derived),64.5,0.4434
Dm4,Hk,1.157,1,davis2020;ozel2021,derived,Kv beta subunit,measured mRNA (rel_level normalised per dataset: derived),2012,12.37
Dm4,Ih,0.9522,1,davis2020;ozel2021,derived,HCN: hyperpolarisation-activated cation (Ih),measured mRNA (rel_level normalised per dataset: derived),1830,9.164
Dm4,Inx2,0.5749,0,davis2020;ozel2021,derived,innexin,measured mRNA (rel_level normalised per dataset: derived),9.12,0.185
Dm4,Inx3,1.052,0.5,davis2020;ozel2021,derived,innexin,measured mRNA (rel_level normalised per dataset: derived),55.46,0.1612
Dm4,Inx5,,0,davis2020;ozel2021,derived,innexin,measured mRNA (rel_level normalised per dataset: derived),0,0
Dm4,Inx7,0.9624,0,davis2020;ozel2021,derived,innexin,measured mRNA (rel_level normalised per dataset: derived),1.28,0
Dm4,Irk1,0.02684,0,davis2020;ozel2021,derived,inward-rectifier K,measured mRNA (rel_level normalised per dataset: derived),1.65,0
Dm4,Irk2,0.2635,0,davis2020;ozel2021,derived,inward-rectifier K,measured mRNA (rel_level normalised per dataset: derived),0.18,0.5097
Dm4,Irk3,1.024,0,davis2020;ozel2021,derived,inward-rectifier K,measured mRNA (rel_level normalised per dataset: derived),1.03,0.2025
Dm4,KCNQ,0.2777,0,davis2020;ozel2021,derived,Kv7: M-type slow K,measured mRNA (rel_level normalised per dataset: derived),10.67,0.01319
Dm4,Ork1,0.03773,0,davis2020;ozel2021,derived,two-pore leak K,measured mRNA (rel_level normalised per dataset: derived),1.21,0
Dm4,SK,5.076,1,davis2020;ozel2021,derived,SK: Ca-activated K,measured mRNA (rel_level normalised per dataset: derived),4177,10.19
Dm4,Sh,1.356,1,davis2020;ozel2021,derived,Kv1: fast A-type K,measured mRNA (rel_level normalised per dataset: derived),1.026e+04,20.22
Dm4,Shab,0.928,0.5,davis2020;ozel2021,derived,Kv2: delayed-rectifier K,measured mRNA (rel_level normalised per dataset: derived),3819,0.2803
Dm4,Shal,1.329,1,davis2020;ozel2021,derived,Kv4: somatodendritic A-type K,measured mRNA (rel_level normalised per dataset: derived),326,1.262
Dm4,Shaw,0.7046,0.5,davis2020;ozel2021,derived,Kv3: K,measured mRNA (rel_level normalised per dataset: derived),236,0.2286
Dm4,Task6,0.8083,1,davis2020;ozel2021,derived,two-pore leak K,measured mRNA (rel_level normalised per dataset: derived),214,0.9568
Dm4,Task7,0.8662,1,davis2020;ozel2021,derived,two-pore leak K,measured mRNA (rel_level normalised per dataset: derived),35.36,1.273
Dm4,cac,1.527,1,davis2020;ozel2021,derived,Cav2: high-voltage-activated Ca,measured mRNA (rel_level normalised per dataset: derived),2973,3.926
Dm4,eag,0.1563,0,davis2020;ozel2021,derived,Kv10: K,measured mRNA (rel_level normalised per dataset: derived),59.53,0.2456
Dm4,ogre,0.7807,0,davis2020;ozel2021,derived,innexin,measured mRNA (rel_level normalised per dataset: derived),6.92,0.5487
Dm4,para,1.753,1,davis2020;ozel2021,derived,"Nav: voltage-gated Na (spike, persistent Na)",measured mRNA (rel_level normalised per dataset: derived),5192,12.69
Dm4,sei,0.8702,1,davis2020;ozel2021,derived,Kv11 (erg): K,measured mRNA (rel_level normalised per dataset: derived),95.79,0.5717
Dm4,shakB,7.634,0.995,davis2020;ozel2021,derived,innexin (neuronal gap junctions),measured mRNA (rel_level normalised per dataset: derived),3013,35.7
Dm4,slo,1.978,1,davis2020;ozel2021,derived,BK: Ca- and voltage-activated K,measured mRNA (rel_level normalised per dataset: derived),2506,8.843
Dm4,zpg,,0,ozel2021,derived,innexin,measured mRNA (rel_level normalised per dataset: derived),,0
Dm8a,Ca-alpha1D,0.789,1,davis2020;ozel2021,inferred,Cav1: L-type Ca,measured mRNA (rel_level normalised per dataset: derived),175.8,0.6658
Dm8a,Ca-alpha1T,0.4423,0.335,davis2020;ozel2021,inferred,Cav3: T-type (low-voltage) Ca,measured mRNA (rel_level normalised per dataset: derived),181.1,1.502
Dm8a,Hk,0.7459,0.995,davis2020;ozel2021,inferred,Kv beta subunit,measured mRNA (rel_level normalised per dataset: derived),1289,8.024
Dm8a,Ih,1.009,1,davis2020;ozel2021,inferred,HCN: hyperpolarisation-activated cation (Ih),measured mRNA (rel_level normalised per dataset: derived),1755,10.73
Dm8a,Inx2,0.9866,0,davis2020;ozel2021,inferred,innexin,measured mRNA (rel_level normalised per dataset: derived),8.1,0.6133
Dm8a,Inx3,0.6142,0.5,davis2020;ozel2021,inferred,innexin,measured mRNA (rel_level normalised per dataset: derived),14.88,0.2048
Dm8a,Inx5,,0,davis2020;ozel2021,inferred,innexin,measured mRNA (rel_level normalised per dataset: derived),0,0
Dm8a,Inx7,0.3158,0,davis2020;ozel2021,inferred,innexin,measured mRNA (rel_level normalised per dataset: derived),0.42,0
Dm8a,Irk1,1.008,0,davis2020;ozel2021,inferred,inward-rectifier K,measured mRNA (rel_level normalised per dataset: derived),1.35,0.01384
Dm8a,Irk2,1.091,0,davis2020;ozel2021,inferred,inward-rectifier K,measured mRNA (rel_level normalised per dataset: derived),1.84,0.8538
Dm8a,Irk3,0.8111,0,davis2020;ozel2021,inferred,inward-rectifier K,measured mRNA (rel_level normalised per dataset: derived),0.33,0.3966
Dm8a,KCNQ,1.13,0,davis2020;ozel2021,inferred,Kv7: M-type slow K,measured mRNA (rel_level normalised per dataset: derived),42.92,0.05429
Dm8a,Ork1,1.108,0,davis2020;ozel2021,inferred,two-pore leak K,measured mRNA (rel_level normalised per dataset: derived),0.38,0.0486
Dm8a,SK,2.191,1,davis2020;ozel2021,inferred,SK: Ca-activated K,measured mRNA (rel_level normalised per dataset: derived),1367,5.799
Dm8a,Sh,1.507,1,davis2020;ozel2021,inferred,Kv1: fast A-type K,measured mRNA (rel_level normalised per dataset: derived),1.076e+04,23.81
Dm8a,Shab,0.1823,0.465,davis2020;ozel2021,inferred,Kv2: delayed-rectifier K,measured mRNA (rel_level normalised per dataset: derived),294.8,0.1401
Dm8a,Shal,1.761,1,davis2020;ozel2021,inferred,Kv4: somatodendritic A-type K,measured mRNA (rel_level normalised per dataset: derived),331.4,2.181
Dm8a,Shaw,0.7581,0.5,davis2020;ozel2021,inferred,Kv3: K,measured mRNA (rel_level normalised per dataset: derived),167.6,0.3727
Dm8a,Task6,0.6312,1,davis2020;ozel2021,inferred,two-pore leak K,measured mRNA (rel_level normalised per dataset: derived),128.7,0.9706
Dm8a,Task7,0.8301,1,davis2020;ozel2021,inferred,two-pore leak K,measured mRNA (rel_level normalised per dataset: derived),22.12,1.869
Dm8a,cac,1.032,1,davis2020;ozel2021,inferred,Cav2: high-voltage-activated Ca,measured mRNA (rel_level normalised per dataset: derived),1730,3.082
Dm8a,eag,0.113,0,davis2020;ozel2021,inferred,Kv10: K,measured mRNA (rel_level normalised per dataset: derived),42.32,0.1806
Dm8a,ogre,0.7909,0,davis2020;ozel2021,inferred,innexin,measured mRNA (rel_level normalised per dataset: derived),3.32,1.174
Dm8a,para,0.9585,1,davis2020;ozel2021,inferred,"Nav: voltage-gated Na (spike, persistent Na)",measured mRNA (rel_level normalised per dataset: derived),2788,7.067
Dm8a,sei,0.6119,0.995,davis2020;ozel2021,inferred,Kv11 (erg): K,measured mRNA (rel_level normalised per dataset: derived),50.58,0.5353
Dm8a,shakB,1.386,0.495,davis2020;ozel2021,inferred,innexin (neuronal gap junctions),measured mRNA (rel_level normalised per dataset: derived),420.3,8.428
Dm8a,slo,1.167,1,davis2020;ozel2021,inferred,BK: Ca- and voltage-activated K,measured mRNA (rel_level normalised per dataset: derived),1228,6.283
Dm8a,zpg,,0,ozel2021,inferred,innexin,measured mRNA (rel_level normalised per dataset: derived),,0
Dm8b,Ca-alpha1D,0.789,1,davis2020;ozel2021,inferred,Cav1: L-type Ca,measured mRNA (rel_level normalised per dataset: derived),175.8,0.6658
Dm8b,Ca-alpha1T,0.4423,0.335,davis2020;ozel2021,inferred,Cav3: T-type (low-voltage) Ca,measured mRNA (rel_level normalised per dataset: derived),181.1,1.502
Dm8b,Hk,0.7459,0.995,davis2020;ozel2021,inferred,Kv beta subunit,measured mRNA (rel_level normalised per dataset: derived),1289,8.024
Dm8b,Ih,1.009,1,davis2020;ozel2021,inferred,HCN: hyperpolarisation-activated cation (Ih),measured mRNA (rel_level normalised per dataset: derived),1755,10.73
Dm8b,Inx2,0.9866,0,davis2020;ozel2021,inferred,innexin,measured mRNA (rel_level normalised per dataset: derived),8.1,0.6133
Dm8b,Inx3,0.6142,0.5,davis2020;ozel2021,inferred,innexin,measured mRNA (rel_level normalised per dataset: derived),14.88,0.2048
Dm8b,Inx5,,0,davis2020;ozel2021,inferred,innexin,measured mRNA (rel_level normalised per dataset: derived),0,0
Dm8b,Inx7,0.3158,0,davis2020;ozel2021,inferred,innexin,measured mRNA (rel_level normalised per dataset: derived),0.42,0
Dm8b,Irk1,1.008,0,davis2020;ozel2021,inferred,inward-rectifier K,measured mRNA (rel_level normalised per dataset: derived),1.35,0.01384
Dm8b,Irk2,1.091,0,davis2020;ozel2021,inferred,inward-rectifier K,measured mRNA (rel_level normalised per dataset: derived),1.84,0.8538
Dm8b,Irk3,0.8111,0,davis2020;ozel2021,inferred,inward-rectifier K,measured mRNA (rel_level normalised per dataset: derived),0.33,0.3966
Dm8b,KCNQ,1.13,0,davis2020;ozel2021,inferred,Kv7: M-type slow K,measured mRNA (rel_level normalised per dataset: derived),42.92,0.05429
Dm8b,Ork1,1.108,0,davis2020;ozel2021,inferred,two-pore leak K,measured mRNA (rel_level normalised per dataset: derived),0.38,0.0486
Dm8b,SK,2.191,1,davis2020;ozel2021,inferred,SK: Ca-activated K,measured mRNA (rel_level normalised per dataset: derived),1367,5.799
Dm8b,Sh,1.507,1,davis2020;ozel2021,inferred,Kv1: fast A-type K,measured mRNA (rel_level normalised per dataset: derived),1.076e+04,23.81
Dm8b,Shab,0.1823,0.465,davis2020;ozel2021,inferred,Kv2: delayed-rectifier K,measured mRNA (rel_level normalised per dataset: derived),294.8,0.1401
Dm8b,Shal,1.761,1,davis2020;ozel2021,inferred,Kv4: somatodendritic A-type K,measured mRNA (rel_level normalised per dataset: derived),331.4,2.181
Dm8b,Shaw,0.7581,0.5,davis2020;ozel2021,inferred,Kv3: K,measured mRNA (rel_level normalised per dataset: derived),167.6,0.3727
Dm8b,Task6,0.6312,1,davis2020;ozel2021,inferred,two-pore leak K,measured mRNA (rel_level normalised per dataset: derived),128.7,0.9706
Dm8b,Task7,0.8301,1,davis2020;ozel2021,inferred,two-pore leak K,measured mRNA (rel_level normalised per dataset: derived),22.12,1.869
Dm8b,cac,1.032,1,davis2020;ozel2021,inferred,Cav2: high-voltage-activated Ca,measured mRNA (rel_level normalised per dataset: derived),1730,3.082
Dm8b,eag,0.113,0,davis2020;ozel2021,inferred,Kv10: K,measured mRNA (rel_level normalised per dataset: derived),42.32,0.1806
Dm8b,ogre,0.7909,0,davis2020;ozel2021,inferred,innexin,measured mRNA (rel_level normalised per dataset: derived),3.32,1.174
Dm8b,para,0.9585,1,davis2020;ozel2021,inferred,"Nav: voltage-gated Na (spike, persistent Na)",measured mRNA (rel_level normalised per dataset: derived),2788,7.067
Dm8b,sei,0.6119,0.995,davis2020;ozel2021,inferred,Kv11 (erg): K,measured mRNA (rel_level normalised per dataset: derived),50.58,0.5353
Dm8b,shakB,1.386,0.495,davis2020;ozel2021,inferred,innexin (neuronal gap junctions),measured mRNA (rel_level normalised per dataset: derived),420.3,8.428
Dm8b,slo,1.167,1,davis2020;ozel2021,inferred,BK: Ca- and voltage-activated K,measured mRNA (rel_level normalised per dataset: derived),1228,6.283
Dm8b,zpg,,0,ozel2021,inferred,innexin,measured mRNA (rel_level normalised per dataset: derived),,0
Dm9,Ca-alpha1D,1.254,1,davis2020;ozel2021,derived,Cav1: L-type Ca,measured mRNA (rel_level normalised per dataset: derived),400.1,0.7388
Dm9,Ca-alpha1T,14.24,1,davis2020;ozel2021,derived,Cav3: T-type (low-voltage) Ca,measured mRNA (rel_level normalised per dataset: derived),1.081e+04,26.07
Dm9,Hk,0.4494,0.5,davis2020;ozel2021,derived,Kv beta subunit,measured mRNA (rel_level normalised per dataset: derived),959.3,3.913
Dm9,Ih,1.178,1,davis2020;ozel2021,derived,HCN: hyperpolarisation-activated cation (Ih),measured mRNA (rel_level normalised per dataset: derived),2064,12.45
Dm9,Inx2,0.4932,0,davis2020;ozel2021,derived,innexin,measured mRNA (rel_level normalised per dataset: derived),4.35,0.2854
Dm9,Inx3,0.8172,0.5,davis2020;ozel2021,derived,innexin,measured mRNA (rel_level normalised per dataset: derived),53.05,0.1017
Dm9,Inx5,,0,davis2020;ozel2021,derived,innexin,measured mRNA (rel_level normalised per dataset: derived),0,0
Dm9,Inx7,1.421,0,davis2020;ozel2021,derived,innexin,measured mRNA (rel_level normalised per dataset: derived),1.89,0
Dm9,Irk1,0.02004,0,davis2020;ozel2021,derived,inward-rectifier K,measured mRNA (rel_level normalised per dataset: derived),0.92,0
Dm9,Irk2,0.6079,0,davis2020;ozel2021,derived,inward-rectifier K,measured mRNA (rel_level normalised per dataset: derived),1.31,0.3727
Dm9,Irk3,0.7324,0,davis2020;ozel2021,derived,inward-rectifier K,measured mRNA (rel_level normalised per dataset: derived),0.62,0.1721
Dm9,KCNQ,0.2296,0,davis2020;ozel2021,derived,Kv7: M-type slow K,measured mRNA (rel_level normalised per dataset: derived),11.1,0.008663
Dm9,Ork1,0.885,0,davis2020;ozel2021,derived,two-pore leak K,measured mRNA (rel_level normalised per dataset: derived),1.63,0.007225
Dm9,SK,0.1429,0.99,davis2020;ozel2021,derived,SK: Ca-activated K,measured mRNA (rel_level normalised per dataset: derived),157.3,0.2145
Dm9,Sh,1.177,1,davis2020;ozel2021,derived,Kv1: fast A-type K,measured mRNA (rel_level normalised per dataset: derived),8607,18.15
Dm9,Shab,0.3072,0.5,davis2020;ozel2021,derived,Kv2: delayed-rectifier K,measured mRNA (rel_level normalised per dataset: derived),1324,0.0886
Dm9,Shal,1.552,1,davis2020;ozel2021,derived,Kv4: somatodendritic A-type K,measured mRNA (rel_level normalised per dataset: derived),286.6,1.957
Dm9,Shaw,1.336,0.5,davis2020;ozel2021,derived,Kv3: K,measured mRNA (rel_level normalised per dataset: derived),400.3,0.4846
Dm9,Task6,0.873,0.985,davis2020;ozel2021,derived,two-pore leak K,measured mRNA (rel_level normalised per dataset: derived),278,0.8593
Dm9,Task7,1.008,1,davis2020;ozel2021,derived,two-pore leak K,measured mRNA (rel_level normalised per dataset: derived),39.86,1.529
Dm9,cac,1.017,1,davis2020;ozel2021,derived,Cav2: high-voltage-activated Ca,measured mRNA (rel_level normalised per dataset: derived),2040,2.538
Dm9,eag,0.6333,0.5,davis2020;ozel2021,derived,Kv10: K,measured mRNA (rel_level normalised per dataset: derived),552.9,0.4343
Dm9,ogre,0.8943,0,davis2020;ozel2021,derived,innexin,measured mRNA (rel_level normalised per dataset: derived),9.27,0.5375
Dm9,para,1.781,1,davis2020;ozel2021,derived,"Nav: voltage-gated Na (spike, persistent Na)",measured mRNA (rel_level normalised per dataset: derived),4636,14.67
Dm9,sei,1.101,1,davis2020;ozel2021,derived,Kv11 (erg): K,measured mRNA (rel_level normalised per dataset: derived),154.6,0.5669
Dm9,shakB,0.9641,0.495,davis2020;ozel2021,derived,innexin (neuronal gap junctions),measured mRNA (rel_level normalised per dataset: derived),412,4.163
Dm9,slo,1.112,1,davis2020;ozel2021,derived,BK: Ca- and voltage-activated K,measured mRNA (rel_level normalised per dataset: derived),1458,4.805
Dm9,zpg,,0,ozel2021,derived,innexin,measured mRNA (rel_level normalised per dataset: derived),,0
EPG,Ca-alpha1D,1.249,1,davis2020,inferred,Cav1: L-type Ca,measured mRNA (rel_level normalised per dataset: derived),275.8,
EPG,Ca-alpha1T,11.09,1,davis2020,inferred,Cav3: T-type (low-voltage) Ca,measured mRNA (rel_level normalised per dataset: derived),6495,
EPG,Hk,3.036,1,davis2020,inferred,Kv beta subunit,measured mRNA (rel_level normalised per dataset: derived),3818,
EPG,Ih,1.845,1,davis2020,inferred,HCN: hyperpolarisation-activated cation (Ih),measured mRNA (rel_level normalised per dataset: derived),2885,
EPG,Inx2,0.31,0,davis2020,inferred,innexin,measured mRNA (rel_level normalised per dataset: derived),3.19,
EPG,Inx3,2.575,1,davis2020,inferred,innexin,measured mRNA (rel_level normalised per dataset: derived),104.3,
EPG,Inx5,,0,davis2020,inferred,innexin,measured mRNA (rel_level normalised per dataset: derived),0,
EPG,Inx7,0.594,0,davis2020,inferred,innexin,measured mRNA (rel_level normalised per dataset: derived),0.79,
EPG,Irk1,2.079,0,davis2020,inferred,inward-rectifier K,measured mRNA (rel_level normalised per dataset: derived),4.76,
EPG,Irk2,1.38,0,davis2020,inferred,inward-rectifier K,measured mRNA (rel_level normalised per dataset: derived),2.54,
EPG,Irk3,3.043,0,davis2020,inferred,inward-rectifier K,measured mRNA (rel_level normalised per dataset: derived),2.1,
EPG,KCNQ,5.421,0.56,davis2020,inferred,Kv7: M-type slow K,measured mRNA (rel_level normalised per dataset: derived),157.3,
EPG,Ork1,2.318,0,davis2020,inferred,two-pore leak K,measured mRNA (rel_level normalised per dataset: derived),1.97,
EPG,SK,3.054,1,davis2020,inferred,SK: Ca-activated K,measured mRNA (rel_level normalised per dataset: derived),2152,
EPG,Sh,2.386,1,davis2020,inferred,Kv1: fast A-type K,measured mRNA (rel_level normalised per dataset: derived),1.31e+04,
EPG,Shab,2.351,1,davis2020,inferred,Kv2: delayed-rectifier K,measured mRNA (rel_level normalised per dataset: derived),3475,
EPG,Shal,1.235,1,davis2020,inferred,Kv4: somatodendritic A-type K,measured mRNA (rel_level normalised per dataset: derived),252.8,
EPG,Shaw,1.32,1,davis2020,inferred,Kv3: K,measured mRNA (rel_level normalised per dataset: derived),310.7,
EPG,Task6,1.397,1,davis2020,inferred,two-pore leak K,measured mRNA (rel_level normalised per dataset: derived),304.5,
EPG,Task7,0.3165,0.99,davis2020,inferred,two-pore leak K,measured mRNA (rel_level normalised per dataset: derived),11.66,
EPG,cac,1.562,1,davis2020,inferred,Cav2: high-voltage-activated Ca,measured mRNA (rel_level normalised per dataset: derived),2028,
EPG,eag,0.4454,1,davis2020,inferred,Kv10: K,measured mRNA (rel_level normalised per dataset: derived),219.2,
EPG,ogre,0.6987,0,davis2020,inferred,innexin,measured mRNA (rel_level normalised per dataset: derived),4.73,
EPG,para,1.581,1,davis2020,inferred,"Nav: voltage-gated Na (spike, persistent Na)",measured mRNA (rel_level normalised per dataset: derived),3737,
EPG,sei,0.9931,1,davis2020,inferred,Kv11 (erg): K,measured mRNA (rel_level normalised per dataset: derived),98.46,
EPG,shakB,0.09447,0,davis2020,inferred,innexin (neuronal gap junctions),measured mRNA (rel_level normalised per dataset: derived),33.4,
EPG,slo,2.053,1,davis2020,inferred,BK: Ca- and voltage-activated K,measured mRNA (rel_level normalised per dataset: derived),2121,
KCab-c,Ca-alpha1D,0.7883,1,davis2020,derived,Cav1: L-type Ca,measured mRNA (rel_level normalised per dataset: derived),174,
KCab-c,Ca-alpha1T,1.292,1,davis2020,derived,Cav3: T-type (low-voltage) Ca,measured mRNA (rel_level normalised per dataset: derived),756.4,
KCab-c,Hk,0.5496,1,davis2020,derived,Kv beta subunit,measured mRNA (rel_level normalised per dataset: derived),691,
KCab-c,Ih,0.7798,1,davis2020,derived,HCN: hyperpolarisation-activated cation (Ih),measured mRNA (rel_level normalised per dataset: derived),1219,
KCab-c,Inx2,0.5899,0,davis2020,derived,innexin,measured mRNA (rel_level normalised per dataset: derived),6.07,
KCab-c,Inx3,0.2241,1,davis2020,derived,innexin,measured mRNA (rel_level normalised per dataset: derived),9.08,
KCab-c,Inx5,,0,davis2020,derived,innexin,measured mRNA (rel_level normalised per dataset: derived),0,
KCab-c,Inx7,3.767,0.07,davis2020,derived,innexin,measured mRNA (rel_level normalised per dataset: derived),5.01,
KCab-c,Irk1,3.153,0,davis2020,derived,inward-rectifier K,measured mRNA (rel_level normalised per dataset: derived),7.22,
KCab-c,Irk2,0.125,0,davis2020,derived,inward-rectifier K,measured mRNA (rel_level normalised per dataset: derived),0.23,
KCab-c,Irk3,0.4493,0,davis2020,derived,inward-rectifier K,measured mRNA (rel_level normalised per dataset: derived),0.31,
KCab-c,KCNQ,3.017,0.04,davis2020,derived,Kv7: M-type slow K,measured mRNA (rel_level normalised per dataset: derived),87.51,
KCab-c,Ork1,0.001,0,davis2020,derived,two-pore leak K,measured mRNA (rel_level normalised per dataset: derived),0,
KCab-c,SK,1.52,1,davis2020,derived,SK: Ca-activated K,measured mRNA (rel_level normalised per dataset: derived),1071,
KCab-c,Sh,1.783,1,davis2020,derived,Kv1: fast A-type K,measured mRNA (rel_level normalised per dataset: derived),9786,
KCab-c,Shab,0.8797,1,davis2020,derived,Kv2: delayed-rectifier K,measured mRNA (rel_level normalised per dataset: derived),1300,
KCab-c,Shal,1.629,1,davis2020,derived,Kv4: somatodendritic A-type K,measured mRNA (rel_level normalised per dataset: derived),333.4,
KCab-c,Shaw,0.9214,1,davis2020,derived,Kv3: K,measured mRNA (rel_level normalised per dataset: derived),216.9,
KCab-c,Task6,1.646,1,davis2020,derived,two-pore leak K,measured mRNA (rel_level normalised per dataset: derived),358.8,
KCab-c,Task7,0.3939,1,davis2020,derived,two-pore leak K,measured mRNA (rel_level normalised per dataset: derived),14.51,
KCab-c,cac,1.38,1,davis2020,derived,Cav2: high-voltage-activated Ca,measured mRNA (rel_level normalised per dataset: derived),1792,
KCab-c,eag,2.065,1,davis2020,derived,Kv10: K,measured mRNA (rel_level normalised per dataset: derived),1016,
KCab-c,ogre,0.2171,0,davis2020,derived,innexin,measured mRNA (rel_level normalised per dataset: derived),1.47,
KCab-c,para,1.548,1,davis2020,derived,"Nav: voltage-gated Na (spike, persistent Na)",measured mRNA (rel_level normalised per dataset: derived),3659,
KCab-c,sei,0.4182,1,davis2020,derived,Kv11 (erg): K,measured mRNA (rel_level normalised per dataset: derived),41.46,
KCab-c,shakB,2.802,1,davis2020,derived,innexin (neuronal gap junctions),measured mRNA (rel_level normalised per dataset: derived),990.7,
KCab-c,slo,3.182,1,davis2020,derived,BK: Ca- and voltage-activated K,measured mRNA (rel_level normalised per dataset: derived),3288,
KCab-p,Ca-alpha1D,1.268,1,davis2020,derived,Cav1: L-type Ca,measured mRNA (rel_level normalised per dataset: derived),280,
KCab-p,Ca-alpha1T,1.387,1,davis2020,derived,Cav3: T-type (low-voltage) Ca,measured mRNA (rel_level normalised per dataset: derived),811.9,
KCab-p,Hk,0.4032,1,davis2020,derived,Kv beta subunit,measured mRNA (rel_level normalised per dataset: derived),506.9,
KCab-p,Ih,0.5118,1,davis2020,derived,HCN: hyperpolarisation-activated cation (Ih),measured mRNA (rel_level normalised per dataset: derived),800.3,
KCab-p,Inx2,0.4713,0,davis2020,derived,innexin,measured mRNA (rel_level normalised per dataset: derived),4.85,
KCab-p,Inx3,0.6194,1,davis2020,derived,innexin,measured mRNA (rel_level normalised per dataset: derived),25.09,
KCab-p,Inx5,,0,davis2020,derived,innexin,measured mRNA (rel_level normalised per dataset: derived),0,
KCab-p,Inx7,10.34,0.98,davis2020,derived,innexin,measured mRNA (rel_level normalised per dataset: derived),13.75,
KCab-p,Irk1,1.118,0,davis2020,derived,inward-rectifier K,measured mRNA (rel_level normalised per dataset: derived),2.56,
KCab-p,Irk2,0.8152,0,davis2020,derived,inward-rectifier K,measured mRNA (rel_level normalised per dataset: derived),1.5,
KCab-p,Irk3,0.4928,0,davis2020,derived,inward-rectifier K,measured mRNA (rel_level normalised per dataset: derived),0.34,
KCab-p,KCNQ,9.037,0.96,davis2020,derived,Kv7: M-type slow K,measured mRNA (rel_level normalised per dataset: derived),262.2,
KCab-p,Ork1,0.8706,0,davis2020,derived,two-pore leak K,measured mRNA (rel_level normalised per dataset: derived),0.74,
KCab-p,SK,1.229,1,davis2020,derived,SK: Ca-activated K,measured mRNA (rel_level normalised per dataset: derived),866.3,
KCab-p,Sh,0.785,1,davis2020,derived,Kv1: fast A-type K,measured mRNA (rel_level normalised per dataset: derived),4310,
KCab-p,Shab,0.8281,1,davis2020,derived,Kv2: delayed-rectifier K,measured mRNA (rel_level normalised per dataset: derived),1224,
KCab-p,Shal,1.344,1,davis2020,derived,Kv4: somatodendritic A-type K,measured mRNA (rel_level normalised per dataset: derived),275,
KCab-p,Shaw,1.376,1,davis2020,derived,Kv3: K,measured mRNA (rel_level normalised per dataset: derived),323.8,
KCab-p,Task6,2.344,1,davis2020,derived,two-pore leak K,measured mRNA (rel_level normalised per dataset: derived),511.1,
KCab-p,Task7,1.084,1,davis2020,derived,two-pore leak K,measured mRNA (rel_level normalised per dataset: derived),39.95,
KCab-p,cac,1.089,1,davis2020,derived,Cav2: high-voltage-activated Ca,measured mRNA (rel_level normalised per dataset: derived),1414,
KCab-p,eag,0.4328,1,davis2020,derived,Kv10: K,measured mRNA (rel_level normalised per dataset: derived),213,
KCab-p,ogre,0.4697,0,davis2020,derived,innexin,measured mRNA (rel_level normalised per dataset: derived),3.18,
KCab-p,para,0.6962,1,davis2020,derived,"Nav: voltage-gated Na (spike, persistent Na)",measured mRNA (rel_level normalised per dataset: derived),1646,
KCab-p,sei,0.9232,1,davis2020,derived,Kv11 (erg): K,measured mRNA (rel_level normalised per dataset: derived),91.53,
KCab-p,shakB,1.497,1,davis2020,derived,innexin (neuronal gap junctions),measured mRNA (rel_level normalised per dataset: derived),529.3,
KCab-p,slo,2.233,1,davis2020,derived,BK: Ca- and voltage-activated K,measured mRNA (rel_level normalised per dataset: derived),2307,
KCab-s,Ca-alpha1D,0.8567,1,davis2020,derived,Cav1: L-type Ca,measured mRNA (rel_level normalised per dataset: derived),189.1,
KCab-s,Ca-alpha1T,1.336,1,davis2020,derived,Cav3: T-type (low-voltage) Ca,measured mRNA (rel_level normalised per dataset: derived),782.5,
KCab-s,Hk,0.5339,1,davis2020,derived,Kv beta subunit,measured mRNA (rel_level normalised per dataset: derived),671.3,
KCab-s,Ih,0.8654,1,davis2020,derived,HCN: hyperpolarisation-activated cation (Ih),measured mRNA (rel_level normalised per dataset: derived),1353,
KCab-s,Inx2,0.5598,0,davis2020,derived,innexin,measured mRNA (rel_level normalised per dataset: derived),5.76,
KCab-s,Inx3,0.3942,1,davis2020,derived,innexin,measured mRNA (rel_level normalised per dataset: derived),15.97,
KCab-s,Inx5,,0,davis2020,derived,innexin,measured mRNA (rel_level normalised per dataset: derived),0,
KCab-s,Inx7,2.368,0.01,davis2020,derived,innexin,measured mRNA (rel_level normalised per dataset: derived),3.15,
KCab-s,Irk1,2.258,0,davis2020,derived,inward-rectifier K,measured mRNA (rel_level normalised per dataset: derived),5.17,
KCab-s,Irk2,0.1467,0,davis2020,derived,inward-rectifier K,measured mRNA (rel_level normalised per dataset: derived),0.27,
KCab-s,Irk3,17,0,davis2020,derived,inward-rectifier K,measured mRNA (rel_level normalised per dataset: derived),11.73,
KCab-s,KCNQ,4.664,0.37,davis2020,derived,Kv7: M-type slow K,measured mRNA (rel_level normalised per dataset: derived),135.3,
KCab-s,Ork1,0.001,0,davis2020,derived,two-pore leak K,measured mRNA (rel_level normalised per dataset: derived),0,
KCab-s,SK,2.033,1,davis2020,derived,SK: Ca-activated K,measured mRNA (rel_level normalised per dataset: derived),1433,
KCab-s,Sh,2.22,1,davis2020,derived,Kv1: fast A-type K,measured mRNA (rel_level normalised per dataset: derived),1.219e+04,
KCab-s,Shab,1.039,1,davis2020,derived,Kv2: delayed-rectifier K,measured mRNA (rel_level normalised per dataset: derived),1536,
KCab-s,Shal,1.696,1,davis2020,derived,Kv4: somatodendritic A-type K,measured mRNA (rel_level normalised per dataset: derived),347.2,
KCab-s,Shaw,0.8326,1,davis2020,derived,Kv3: K,measured mRNA (rel_level normalised per dataset: derived),196,
KCab-s,Task6,2.014,1,davis2020,derived,two-pore leak K,measured mRNA (rel_level normalised per dataset: derived),439.2,
KCab-s,Task7,0.427,1,davis2020,derived,two-pore leak K,measured mRNA (rel_level normalised per dataset: derived),15.73,
KCab-s,cac,1.624,1,davis2020,derived,Cav2: high-voltage-activated Ca,measured mRNA (rel_level normalised per dataset: derived),2109,
KCab-s,eag,1.742,1,davis2020,derived,Kv10: K,measured mRNA (rel_level normalised per dataset: derived),857.2,
KCab-s,ogre,1,0,davis2020,derived,innexin,measured mRNA (rel_level normalised per dataset: derived),6.77,
KCab-s,para,2.326,1,davis2020,derived,"Nav: voltage-gated Na (spike, persistent Na)",measured mRNA (rel_level normalised per dataset: derived),5497,
KCab-s,sei,0.5118,1,davis2020,derived,Kv11 (erg): K,measured mRNA (rel_level normalised per dataset: derived),50.74,
KCab-s,shakB,3.288,1,davis2020,derived,innexin (neuronal gap junctions),measured mRNA (rel_level normalised per dataset: derived),1162,
KCab-s,slo,4.838,1,davis2020,derived,BK: Ca- and voltage-activated K,measured mRNA (rel_level normalised per dataset: derived),5000,
KCg-d,Ca-alpha1D,1.049,1,davis2020,derived,Cav1: L-type Ca,measured mRNA (rel_level normalised per dataset: derived),231.7,
KCg-d,Ca-alpha1T,0.4143,0.02,davis2020,derived,Cav3: T-type (low-voltage) Ca,measured mRNA (rel_level normalised per dataset: derived),242.6,
KCg-d,Hk,0.712,1,davis2020,derived,Kv beta subunit,measured mRNA (rel_level normalised per dataset: derived),895.2,
KCg-d,Ih,0.7952,1,davis2020,derived,HCN: hyperpolarisation-activated cation (Ih),measured mRNA (rel_level normalised per dataset: derived),1243,
KCg-d,Inx2,1.566,0,davis2020,derived,innexin,measured mRNA (rel_level normalised per dataset: derived),16.11,
KCg-d,Inx3,1.487,1,davis2020,derived,innexin,measured mRNA (rel_level normalised per dataset: derived),60.22,
KCg-d,Inx5,,0,davis2020,derived,innexin,measured mRNA (rel_level normalised per dataset: derived),0.27,
KCg-d,Inx7,1.09,0,davis2020,derived,innexin,measured mRNA (rel_level normalised per dataset: derived),1.45,
KCg-d,Irk1,6.812,0,davis2020,derived,inward-rectifier K,measured mRNA (rel_level normalised per dataset: derived),15.6,
KCg-d,Irk2,2.332,0,davis2020,derived,inward-rectifier K,measured mRNA (rel_level normalised per dataset: derived),4.29,
KCg-d,Irk3,1,0,davis2020,derived,inward-rectifier K,measured mRNA (rel_level normalised per dataset: derived),0.69,
KCg-d,KCNQ,2.138,0,davis2020,derived,Kv7: M-type slow K,measured mRNA (rel_level normalised per dataset: derived),62.02,
KCg-d,Ork1,8.871,0,davis2020,derived,two-pore leak K,measured mRNA (rel_level normalised per dataset: derived),7.54,
KCg-d,SK,1.015,1,davis2020,derived,SK: Ca-activated K,measured mRNA (rel_level normalised per dataset: derived),715,
KCg-d,Sh,1.244,1,davis2020,derived,Kv1: fast A-type K,measured mRNA (rel_level normalised per dataset: derived),6830,
KCg-d,Shab,1.249,1,davis2020,derived,Kv2: delayed-rectifier K,measured mRNA (rel_level normalised per dataset: derived),1845,
KCg-d,Shal,1.183,1,davis2020,derived,Kv4: somatodendritic A-type K,measured mRNA (rel_level normalised per dataset: derived),242.1,
KCg-d,Shaw,0.9091,1,davis2020,derived,Kv3: K,measured mRNA (rel_level normalised per dataset: derived),214,
KCg-d,Task6,1.006,1,davis2020,derived,two-pore leak K,measured mRNA (rel_level normalised per dataset: derived),219.4,
KCg-d,Task7,0.7302,1,davis2020,derived,two-pore leak K,measured mRNA (rel_level normalised per dataset: derived),26.9,
KCg-d,cac,1.519,1,davis2020,derived,Cav2: high-voltage-activated Ca,measured mRNA (rel_level normalised per dataset: derived),1972,
KCg-d,eag,0.7955,1,davis2020,derived,Kv10: K,measured mRNA (rel_level normalised per dataset: derived),391.5,
KCg-d,ogre,2.167,0,davis2020,derived,innexin,measured mRNA (rel_level normalised per dataset: derived),14.67,
KCg-d,para,1.041,1,davis2020,derived,"Nav: voltage-gated Na (spike, persistent Na)",measured mRNA (rel_level normalised per dataset: derived),2460,
KCg-d,sei,0.9287,1,davis2020,derived,Kv11 (erg): K,measured mRNA (rel_level normalised per dataset: derived),92.07,
KCg-d,shakB,1.272,1,davis2020,derived,innexin (neuronal gap junctions),measured mRNA (rel_level normalised per dataset: derived),449.8,
KCg-d,slo,1.683,1,davis2020,derived,BK: Ca- and voltage-activated K,measured mRNA (rel_level normalised per dataset: derived),1739,
L1,Ca-alpha1D,1.452,1,davis2020;ozel2021,derived,Cav1: L-type Ca,measured mRNA (rel_level normalised per dataset: derived),388.3,1.022
L1,Ca-alpha1T,0.03517,0,davis2020;ozel2021,derived,Cav3: T-type (low-voltage) Ca,measured mRNA (rel_level normalised per dataset: derived),4.42,0.389
L1,Hk,0.986,1,davis2020;ozel2021,derived,Kv beta subunit,measured mRNA (rel_level normalised per dataset: derived),1315,13.74
L1,Ih,2.215,1,davis2020;ozel2021,derived,HCN: hyperpolarisation-activated cation (Ih),measured mRNA (rel_level normalised per dataset: derived),2787,32.56
L1,Inx2,1.222,0,davis2020;ozel2021,derived,innexin,measured mRNA (rel_level normalised per dataset: derived),14.85,0.5128
L1,Inx3,1.215,0.5,davis2020;ozel2021,derived,innexin,measured mRNA (rel_level normalised per dataset: derived),54.01,0.2207
L1,Inx5,,0,davis2020;ozel2021,derived,innexin,measured mRNA (rel_level normalised per dataset: derived),0.26,0
L1,Inx7,2.865,0.005,davis2020;ozel2021,derived,innexin,measured mRNA (rel_level normalised per dataset: derived),3.81,0.003269
L1,Irk1,2.604,0,davis2020;ozel2021,derived,inward-rectifier K,measured mRNA (rel_level normalised per dataset: derived),2.24,0.05568
L1,Irk2,1.557,0,davis2020;ozel2021,derived,inward-rectifier K,measured mRNA (rel_level normalised per dataset: derived),4.02,0.7971
L1,Irk3,1.285,0,davis2020;ozel2021,derived,inward-rectifier K,measured mRNA (rel_level normalised per dataset: derived),0.86,0.3821
L1,KCNQ,0.4689,0,davis2020;ozel2021,derived,Kv7: M-type slow K,measured mRNA (rel_level normalised per dataset: derived),10.81,0.03711
L1,Ork1,0.8212,0,davis2020;ozel2021,derived,two-pore leak K,measured mRNA (rel_level normalised per dataset: derived),0.66,0.01536
L1,SK,1.754,1,davis2020;ozel2021,derived,SK: Ca-activated K,measured mRNA (rel_level normalised per dataset: derived),875.9,5.804
L1,Sh,0.06053,0,davis2020;ozel2021,derived,Kv1: fast A-type K,measured mRNA (rel_level normalised per dataset: derived),103.3,4.003
L1,Shab,0.07693,0,davis2020;ozel2021,derived,Kv2: delayed-rectifier K,measured mRNA (rel_level normalised per dataset: derived),50.78,0.1448
L1,Shal,1.956,1,davis2020;ozel2021,derived,Kv4: somatodendritic A-type K,measured mRNA (rel_level normalised per dataset: derived),394.4,2.26
L1,Shaw,0.8529,0.5,davis2020;ozel2021,derived,Kv3: K,measured mRNA (rel_level normalised per dataset: derived),234.3,0.3375
L1,Task6,0.9465,1,davis2020;ozel2021,derived,two-pore leak K,measured mRNA (rel_level normalised per dataset: derived),195.2,1.439
L1,Task7,1.001,1,davis2020;ozel2021,derived,two-pore leak K,measured mRNA (rel_level normalised per dataset: derived),54.28,1.107
L1,cac,1.364,1,davis2020;ozel2021,derived,Cav2: high-voltage-activated Ca,measured mRNA (rel_level normalised per dataset: derived),1662,5.602
L1,eag,0.06639,0,davis2020;ozel2021,derived,Kv10: K,measured mRNA (rel_level normalised per dataset: derived),11.2,0.2355
L1,ogre,1.406,0,davis2020;ozel2021,derived,innexin,measured mRNA (rel_level normalised per dataset: derived),12.2,1.009
L1,para,1.696,1,davis2020;ozel2021,derived,"Nav: voltage-gated Na (spike, persistent Na)",measured mRNA (rel_level normalised per dataset: derived),3026,20.4
L1,sei,0.9608,1,davis2020;ozel2021,derived,Kv11 (erg): K,measured mRNA (rel_level normalised per dataset: derived),126,0.5298
L1,shakB,11.67,1,davis2020;ozel2021,derived,innexin (neuronal gap junctions),measured mRNA (rel_level normalised per dataset: derived),3498,71.82
L1,slo,5.03,1,davis2020;ozel2021,derived,BK: Ca- and voltage-activated K,measured mRNA (rel_level normalised per dataset: derived),4938,29.02
L1,zpg,,0,ozel2021,derived,innexin,measured mRNA (rel_level normalised per dataset: derived),,0
L2,Ca-alpha1D,0.9761,1,davis2020;ozel2021,derived,Cav1: L-type Ca,measured mRNA (rel_level normalised per dataset: derived),208.5,0.8592
L2,Ca-alpha1T,0.1078,0,davis2020;ozel2021,derived,Cav3: T-type (low-voltage) Ca,measured mRNA (rel_level normalised per dataset: derived),32.97,0.4902
L2,Hk,0.9897,1,davis2020;ozel2021,derived,Kv beta subunit,measured mRNA (rel_level normalised per dataset: derived),891.3,20.42
L2,Ih,1.007,1,davis2020;ozel2021,derived,HCN: hyperpolarisation-activated cation (Ih),measured mRNA (rel_level normalised per dataset: derived),1086,17.27
L2,Inx2,0.5813,0,davis2020;ozel2021,derived,innexin,measured mRNA (rel_level normalised per dataset: derived),4.5,0.3832
L2,Inx3,0.7982,0.5,davis2020;ozel2021,derived,innexin,measured mRNA (rel_level normalised per dataset: derived),25.51,0.2017
L2,Inx5,,0,davis2020;ozel2021,derived,innexin,measured mRNA (rel_level normalised per dataset: derived),0.2,0
L2,Inx7,1.045,0,davis2020;ozel2021,derived,innexin,measured mRNA (rel_level normalised per dataset: derived),1.39,0
L2,Irk1,0.9282,0,davis2020;ozel2021,derived,inward-rectifier K,measured mRNA (rel_level normalised per dataset: derived),0.82,0.01933
L2,Irk2,0.532,0,davis2020;ozel2021,derived,inward-rectifier K,measured mRNA (rel_level normalised per dataset: derived),0.68,0.5499
L2,Irk3,0.7614,0,davis2020;ozel2021,derived,inward-rectifier K,measured mRNA (rel_level normalised per dataset: derived),0.4,0.2883
L2,KCNQ,0.4576,0,davis2020;ozel2021,derived,Kv7: M-type slow K,measured mRNA (rel_level normalised per dataset: derived),8.7,0.04392
L2,Ork1,0.2635,0,davis2020;ozel2021,derived,two-pore leak K,measured mRNA (rel_level normalised per dataset: derived),0.22,0.004746
L2,SK,1.452,1,davis2020;ozel2021,derived,SK: Ca-activated K,measured mRNA (rel_level normalised per dataset: derived),667.8,5.215
L2,Sh,0.7189,1,davis2020;ozel2021,derived,Kv1: fast A-type K,measured mRNA (rel_level normalised per dataset: derived),3059,19.07
L2,Shab,0.04998,0,davis2020;ozel2021,derived,Kv2: delayed-rectifier K,measured mRNA (rel_level normalised per dataset: derived),33.06,0.09391
L2,Shal,2.232,1,davis2020;ozel2021,derived,Kv4: somatodendritic A-type K,measured mRNA (rel_level normalised per dataset: derived),391.3,2.965
L2,Shaw,0.7208,0.5,davis2020;ozel2021,derived,Kv3: K,measured mRNA (rel_level normalised per dataset: derived),190.7,0.2962
L2,Task6,2.021,1,davis2020;ozel2021,derived,two-pore leak K,measured mRNA (rel_level normalised per dataset: derived),401.3,3.188
L2,Task7,1.062,1,davis2020;ozel2021,derived,two-pore leak K,measured mRNA (rel_level normalised per dataset: derived),62.82,1.076
L2,cac,0.7966,1,davis2020;ozel2021,derived,Cav2: high-voltage-activated Ca,measured mRNA (rel_level normalised per dataset: derived),805.8,3.943
L2,eag,0.02934,0,davis2020;ozel2021,derived,Kv10: K,measured mRNA (rel_level normalised per dataset: derived),5.65,0.09122
L2,ogre,0.6335,0,davis2020;ozel2021,derived,innexin,measured mRNA (rel_level normalised per dataset: derived),3.24,0.7717
L2,para,3.282,1,davis2020;ozel2021,derived,"Nav: voltage-gated Na (spike, persistent Na)",measured mRNA (rel_level normalised per dataset: derived),4154,55.61
L2,sei,0.9871,1,davis2020;ozel2021,derived,Kv11 (erg): K,measured mRNA (rel_level normalised per dataset: derived),111.7,0.6311
L2,shakB,12.59,1,davis2020;ozel2021,derived,innexin (neuronal gap junctions),measured mRNA (rel_level normalised per dataset: derived),3329,87.82
L2,slo,1.249,1,davis2020;ozel2021,derived,BK: Ca- and voltage-activated K,measured mRNA (rel_level normalised per dataset: derived),863.2,10.23
L2,zpg,,0,ozel2021,derived,innexin,measured mRNA (rel_level normalised per dataset: derived),,0
L3,Ca-alpha1D,1.144,1,davis2020;ozel2021,derived,Cav1: L-type Ca,measured mRNA (rel_level normalised per dataset: derived),143.6,1.713
L3,Ca-alpha1T,0.06475,0,davis2020;ozel2021,derived,Cav3: T-type (low-voltage) Ca,measured mRNA (rel_level normalised per dataset: derived),13.37,0.436
L3,Hk,0.1932,0.015,davis2020;ozel2021,derived,Kv beta subunit,measured mRNA (rel_level normalised per dataset: derived),146.2,4.747
L3,Ih,0.05854,0,davis2020;ozel2021,derived,HCN: hyperpolarisation-activated cation (Ih),measured mRNA (rel_level normalised per dataset: derived),24.15,2.625
L3,Inx2,0.7529,0,davis2020;ozel2021,derived,innexin,measured mRNA (rel_level normalised per dataset: derived),3.67,0.7881
L3,Inx3,0.6684,0.5,davis2020;ozel2021,derived,innexin,measured mRNA (rel_level normalised per dataset: derived),13.4,0.2693
L3,Inx5,,0,davis2020;ozel2021,derived,innexin,measured mRNA (rel_level normalised per dataset: derived),0,0
L3,Inx7,0.4286,0,davis2020;ozel2021,derived,innexin,measured mRNA (rel_level normalised per dataset: derived),0.57,0
L3,Irk1,0.6801,0,davis2020;ozel2021,derived,inward-rectifier K,measured mRNA (rel_level normalised per dataset: derived),0.82,0.01038
L3,Irk2,1.015,0,davis2020;ozel2021,derived,inward-rectifier K,measured mRNA (rel_level normalised per dataset: derived),1.42,0.9589
L3,Irk3,1.394,0,davis2020;ozel2021,derived,inward-rectifier K,measured mRNA (rel_level normalised per dataset: derived),0.81,0.4773
L3,KCNQ,0.7431,0,davis2020;ozel2021,derived,Kv7: M-type slow K,measured mRNA (rel_level normalised per dataset: derived),7.42,0.1358
L3,Ork1,0.9609,0,davis2020;ozel2021,derived,two-pore leak K,measured mRNA (rel_level normalised per dataset: derived),0.34,0.04083
L3,SK,0.7642,1,davis2020;ozel2021,derived,SK: Ca-activated K,measured mRNA (rel_level normalised per dataset: derived),239,4.038
L3,Sh,0.5674,1,davis2020;ozel2021,derived,Kv1: fast A-type K,measured mRNA (rel_level normalised per dataset: derived),1332,27.28
L3,Shab,0.06034,0,davis2020;ozel2021,derived,Kv2: delayed-rectifier K,measured mRNA (rel_level normalised per dataset: derived),31.09,0.1455
L3,Shal,1.174,1,davis2020;ozel2021,derived,Kv4: somatodendritic A-type K,measured mRNA (rel_level normalised per dataset: derived),201.9,1.592
L3,Shaw,0.819,0.5,davis2020;ozel2021,derived,Kv3: K,measured mRNA (rel_level normalised per dataset: derived),228.5,0.319
L3,Task6,0.8328,1,davis2020;ozel2021,derived,two-pore leak K,measured mRNA (rel_level normalised per dataset: derived),182.1,1.194
L3,Task7,1.288,1,davis2020;ozel2021,derived,two-pore leak K,measured mRNA (rel_level normalised per dataset: derived),91.19,1.091
L3,cac,0.6291,1,davis2020;ozel2021,derived,Cav2: high-voltage-activated Ca,measured mRNA (rel_level normalised per dataset: derived),448.5,4.418
L3,eag,0.06505,0,davis2020;ozel2021,derived,Kv10: K,measured mRNA (rel_level normalised per dataset: derived),16.78,0.1509
L3,ogre,0.6696,0,davis2020;ozel2021,derived,innexin,measured mRNA (rel_level normalised per dataset: derived),2.37,1.179
L3,para,0.4378,1,davis2020;ozel2021,derived,"Nav: voltage-gated Na (spike, persistent Na)",measured mRNA (rel_level normalised per dataset: derived),481.9,8.532
L3,sei,0.8595,1,davis2020;ozel2021,derived,Kv11 (erg): K,measured mRNA (rel_level normalised per dataset: derived),81.08,0.659
L3,shakB,2.233,0.875,davis2020;ozel2021,derived,innexin (neuronal gap junctions),measured mRNA (rel_level normalised per dataset: derived),353.5,26.03
L3,slo,2.704,1,davis2020;ozel2021,derived,BK: Ca- and voltage-activated K,measured mRNA (rel_level normalised per dataset: derived),866.3,47.82
L3,zpg,,0,ozel2021,derived,innexin,measured mRNA (rel_level normalised per dataset: derived),,0
L4,Ca-alpha1D,0.6862,1,davis2020;ozel2021,derived,Cav1: L-type Ca,measured mRNA (rel_level normalised per dataset: derived),109.7,0.8068
L4,Ca-alpha1T,0.08262,0,davis2020;ozel2021,derived,Cav3: T-type (low-voltage) Ca,measured mRNA (rel_level normalised per dataset: derived),13.19,0.7196
L4,Hk,0.09989,0,davis2020;ozel2021,derived,Kv beta subunit,measured mRNA (rel_level normalised per dataset: derived),82.05,2.26
L4,Ih,0.2697,0.5,davis2020;ozel2021,derived,HCN: hyperpolarisation-activated cation (Ih),measured mRNA (rel_level normalised per dataset: derived),510,2.639
L4,Inx2,1.523,0,davis2020;ozel2021,derived,innexin,measured mRNA (rel_level normalised per dataset: derived),17.73,0.6678
L4,Inx3,0.4338,0.5,davis2020;ozel2021,derived,innexin,measured mRNA (rel_level normalised per dataset: derived),11.54,0.1317
L4,Inx5,,0,davis2020;ozel2021,derived,innexin,measured mRNA (rel_level normalised per dataset: derived),0.29,0
L4,Inx7,1.451,0,davis2020;ozel2021,derived,innexin,measured mRNA (rel_level normalised per dataset: derived),1.93,0
L4,Irk1,0.02811,0,davis2020;ozel2021,derived,inward-rectifier K,measured mRNA (rel_level normalised per dataset: derived),1.81,0
L4,Irk2,0.4587,0,davis2020;ozel2021,derived,inward-rectifier K,measured mRNA (rel_level normalised per dataset: derived),0.45,0.6176
L4,Irk3,0.8072,0,davis2020;ozel2021,derived,inward-rectifier K,measured mRNA (rel_level normalised per dataset: derived),0.39,0.3323
L4,KCNQ,4.622,0.005,davis2020;ozel2021,derived,Kv7: M-type slow K,measured mRNA (rel_level normalised per dataset: derived),67.89,0.5743
L4,Ork1,1.601,0,davis2020;ozel2021,derived,two-pore leak K,measured mRNA (rel_level normalised per dataset: derived),1.11,0.03473
L4,SK,2.05,1,davis2020;ozel2021,derived,SK: Ca-activated K,measured mRNA (rel_level normalised per dataset: derived),345.9,20.07
L4,Sh,0.382,1,davis2020;ozel2021,derived,Kv1: fast A-type K,measured mRNA (rel_level normalised per dataset: derived),1105,14.9
L4,Shab,0.2498,0.5,davis2020;ozel2021,derived,Kv2: delayed-rectifier K,measured mRNA (rel_level normalised per dataset: derived),428.5,0.1809
L4,Shal,0.7406,1,davis2020;ozel2021,derived,Kv4: somatodendritic A-type K,measured mRNA (rel_level normalised per dataset: derived),111.5,1.146
L4,Shaw,0.697,0.5,davis2020;ozel2021,derived,Kv3: K,measured mRNA (rel_level normalised per dataset: derived),207.9,0.254
L4,Task6,0.07458,0,davis2020;ozel2021,derived,two-pore leak K,measured mRNA (rel_level normalised per dataset: derived),10.1,0.1726
L4,Task7,1.107,1,davis2020;ozel2021,derived,two-pore leak K,measured mRNA (rel_level normalised per dataset: derived),55.5,1.325
L4,cac,0.6953,1,davis2020;ozel2021,derived,Cav2: high-voltage-activated Ca,measured mRNA (rel_level normalised per dataset: derived),383.7,6.307
L4,eag,0.06428,0,davis2020;ozel2021,derived,Kv10: K,measured mRNA (rel_level normalised per dataset: derived),10.94,0.2261
L4,ogre,0.9695,0,davis2020;ozel2021,derived,innexin,measured mRNA (rel_level normalised per dataset: derived),5.68,1.031
L4,para,0.36,1,davis2020;ozel2021,derived,"Nav: voltage-gated Na (spike, persistent Na)",measured mRNA (rel_level normalised per dataset: derived),472.1,5.888
L4,sei,0.7233,1,davis2020;ozel2021,derived,Kv11 (erg): K,measured mRNA (rel_level normalised per dataset: derived),55.69,0.6793
L4,shakB,10.41,1,davis2020;ozel2021,derived,innexin (neuronal gap junctions),measured mRNA (rel_level normalised per dataset: derived),1124,178
L4,slo,0.3225,0.79,davis2020;ozel2021,derived,BK: Ca- and voltage-activated K,measured mRNA (rel_level normalised per dataset: derived),213.2,2.764
L4,zpg,,0,ozel2021,derived,innexin,measured mRNA (rel_level normalised per dataset: derived),,0
L5,Ca-alpha1D,0.9891,1,davis2020;ozel2021,derived,Cav1: L-type Ca,measured mRNA (rel_level normalised per dataset: derived),202.1,0.9101
L5,Ca-alpha1T,1.218,0.525,davis2020;ozel2021,derived,Cav3: T-type (low-voltage) Ca,measured mRNA (rel_level normalised per dataset: derived),559.8,3.684
L5,Hk,0.2612,0.29,davis2020;ozel2021,derived,Kv beta subunit,measured mRNA (rel_level normalised per dataset: derived),224.6,5.647
L5,Ih,1.973,1,davis2020;ozel2021,derived,HCN: hyperpolarisation-activated cation (Ih),measured mRNA (rel_level normalised per dataset: derived),2924,24.63
L5,Inx2,0.6353,0,davis2020;ozel2021,derived,innexin,measured mRNA (rel_level normalised per dataset: derived),7.03,0.293
L5,Inx3,0.6445,0.5,davis2020;ozel2021,derived,innexin,measured mRNA (rel_level normalised per dataset: derived),15.81,0.2122
L5,Inx5,,0,davis2020;ozel2021,derived,innexin,measured mRNA (rel_level normalised per dataset: derived),0.12,0
L5,Inx7,0.3459,0,davis2020;ozel2021,derived,innexin,measured mRNA (rel_level normalised per dataset: derived),0.46,0
L5,Irk1,0.02015,0,davis2020;ozel2021,derived,inward-rectifier K,measured mRNA (rel_level normalised per dataset: derived),0.93,0
L5,Irk2,1.029,0,davis2020;ozel2021,derived,inward-rectifier K,measured mRNA (rel_level normalised per dataset: derived),1.31,1.069
L5,Irk3,1.026,0,davis2020;ozel2021,derived,inward-rectifier K,measured mRNA (rel_level normalised per dataset: derived),0.93,0.2251
L5,KCNQ,0.463,0,davis2020;ozel2021,derived,Kv7: M-type slow K,measured mRNA (rel_level normalised per dataset: derived),9.42,0.04153
L5,Ork1,0.01879,0,davis2020;ozel2021,derived,two-pore leak K,measured mRNA (rel_level normalised per dataset: derived),0.3,0
L5,SK,0.4725,1,davis2020;ozel2021,derived,SK: Ca-activated K,measured mRNA (rel_level normalised per dataset: derived),197.5,1.868
L5,Sh,0.3132,0.5,davis2020;ozel2021,derived,Kv1: fast A-type K,measured mRNA (rel_level normalised per dataset: derived),1699,6.519
L5,Shab,0.4018,0.5,davis2020;ozel2021,derived,Kv2: delayed-rectifier K,measured mRNA (rel_level normalised per dataset: derived),721.9,0.2779
L5,Shal,0.8976,1,davis2020;ozel2021,derived,Kv4: somatodendritic A-type K,measured mRNA (rel_level normalised per dataset: derived),161.6,1.162
L5,Shaw,0.805,0.5,davis2020;ozel2021,derived,Kv3: K,measured mRNA (rel_level normalised per dataset: derived),207.3,0.3397
L5,Task6,0.8706,1,davis2020;ozel2021,derived,two-pore leak K,measured mRNA (rel_level normalised per dataset: derived),168.8,1.407
L5,Task7,1.504,1,davis2020;ozel2021,derived,two-pore leak K,measured mRNA (rel_level normalised per dataset: derived),83.71,1.621
L5,cac,0.8676,1,davis2020;ozel2021,derived,Cav2: high-voltage-activated Ca,measured mRNA (rel_level normalised per dataset: derived),823.2,4.577
L5,eag,1.364,0.5,davis2020;ozel2021,derived,Kv10: K,measured mRNA (rel_level normalised per dataset: derived),434.2,2.565
L5,ogre,0.9224,0,davis2020;ozel2021,derived,innexin,measured mRNA (rel_level normalised per dataset: derived),6.01,0.8818
L5,para,1.22,1,davis2020;ozel2021,derived,"Nav: voltage-gated Na (spike, persistent Na)",measured mRNA (rel_level normalised per dataset: derived),1758,18.16
L5,sei,1.207,1,davis2020;ozel2021,derived,Kv11 (erg): K,measured mRNA (rel_level normalised per dataset: derived),135.3,0.7789
L5,shakB,0.15,0,davis2020;ozel2021,derived,innexin (neuronal gap junctions),measured mRNA (rel_level normalised per dataset: derived),21.24,1.953
L5,slo,0.7984,1,davis2020;ozel2021,derived,BK: Ca- and voltage-activated K,measured mRNA (rel_level normalised per dataset: derived),566.8,6.37
L5,zpg,,0,ozel2021,derived,innexin,measured mRNA (rel_level normalised per dataset: derived),,0
LC10a,Ca-alpha1D,1.182,1,davis2020;ozel2021,derived,Cav1: L-type Ca,measured mRNA (rel_level normalised per dataset: derived),331.5,0.7919
LC10a,Ca-alpha1T,1.574,0.5,davis2020;ozel2021,derived,Cav3: T-type (low-voltage) Ca,measured mRNA (rel_level normalised per dataset: derived),2187,1.576
LC10a,Hk,1.178,1,davis2020;ozel2021,derived,Kv beta subunit,measured mRNA (rel_level normalised per dataset: derived),1672,15.42
LC10a,Ih,1.044,1,davis2020;ozel2021,derived,HCN: hyperpolarisation-activated cation (Ih),measured mRNA (rel_level normalised per dataset: derived),1612,12.5
LC10a,Inx2,0.7731,0,davis2020;ozel2021,derived,innexin,measured mRNA (rel_level normalised per dataset: derived),7.58,0.4023
LC10a,Inx3,1.176,0.5,davis2020;ozel2021,derived,innexin,measured mRNA (rel_level normalised per dataset: derived),51.35,0.2176
LC10a,Inx5,,0,davis2020;ozel2021,derived,innexin,measured mRNA (rel_level normalised per dataset: derived),0,0
LC10a,Inx7,0.9023,0,davis2020;ozel2021,derived,innexin,measured mRNA (rel_level normalised per dataset: derived),1.2,0
LC10a,Irk1,0.01773,0,davis2020;ozel2021,derived,inward-rectifier K,measured mRNA (rel_level normalised per dataset: derived),0.72,0
LC10a,Irk2,1.799,0,davis2020;ozel2021,derived,inward-rectifier K,measured mRNA (rel_level normalised per dataset: derived),6.24,0.6853
LC10a,Irk3,1.269,0,davis2020;ozel2021,derived,inward-rectifier K,measured mRNA (rel_level normalised per dataset: derived),1.72,0.1861
LC10a,KCNQ,4.484,0.11,davis2020;ozel2021,derived,Kv7: M-type slow K,measured mRNA (rel_level normalised per dataset: derived),122.2,0.3003
LC10a,Ork1,0.04875,0,davis2020;ozel2021,derived,two-pore leak K,measured mRNA (rel_level normalised per dataset: derived),2.02,0
LC10a,SK,2.159,1,davis2020;ozel2021,derived,SK: Ca-activated K,measured mRNA (rel_level normalised per dataset: derived),1918,4.017
LC10a,Sh,1.068,1,davis2020;ozel2021,derived,Kv1: fast A-type K,measured mRNA (rel_level normalised per dataset: derived),5527,23.29
LC10a,Shab,1.52,0.5,davis2020;ozel2021,derived,Kv2: delayed-rectifier K,measured mRNA (rel_level normalised per dataset: derived),3146,0.9124
LC10a,Shal,0.9697,1,davis2020;ozel2021,derived,Kv4: somatodendritic A-type K,measured mRNA (rel_level normalised per dataset: derived),210.4,1.041
LC10a,Shaw,2.017,0.5,davis2020;ozel2021,derived,Kv3: K,measured mRNA (rel_level normalised per dataset: derived),471.3,0.9381
LC10a,Task6,1.523,1,davis2020;ozel2021,derived,two-pore leak K,measured mRNA (rel_level normalised per dataset: derived),414.5,1.754
LC10a,Task7,1.059,1,davis2020;ozel2021,derived,two-pore leak K,measured mRNA (rel_level normalised per dataset: derived),53.77,1.252
LC10a,cac,0.9451,1,davis2020;ozel2021,derived,Cav2: high-voltage-activated Ca,measured mRNA (rel_level normalised per dataset: derived),1322,3.384
LC10a,eag,1.681,0.5,davis2020;ozel2021,derived,Kv10: K,measured mRNA (rel_level normalised per dataset: derived),1000,1.691
LC10a,ogre,1.217,0,davis2020;ozel2021,derived,innexin,measured mRNA (rel_level normalised per dataset: derived),10.27,0.8989
LC10a,para,1.053,1,davis2020;ozel2021,derived,"Nav: voltage-gated Na (spike, persistent Na)",measured mRNA (rel_level normalised per dataset: derived),2576,9.238
LC10a,sei,1.104,1,davis2020;ozel2021,derived,Kv11 (erg): K,measured mRNA (rel_level normalised per dataset: derived),125.5,0.7021
LC10a,shakB,0.8583,0.485,davis2020;ozel2021,derived,innexin (neuronal gap junctions),measured mRNA (rel_level normalised per dataset: derived),310.6,4.376
LC10a,slo,1.039,1,davis2020;ozel2021,derived,BK: Ca- and voltage-activated K,measured mRNA (rel_level normalised per dataset: derived),1174,5.213
LC10a,zpg,,0,ozel2021,derived,innexin,measured mRNA (rel_level normalised per dataset: derived),,0
LC10b,Ca-alpha1D,1.356,1,davis2020;ozel2021,derived,Cav1: L-type Ca,measured mRNA (rel_level normalised per dataset: derived),320.9,1.077
LC10b,Ca-alpha1T,2.034,0.505,davis2020;ozel2021,derived,Cav3: T-type (low-voltage) Ca,measured mRNA (rel_level normalised per dataset: derived),2071,2.778
LC10b,Hk,1.044,1,davis2020;ozel2021,derived,Kv beta subunit,measured mRNA (rel_level normalised per dataset: derived),1517,13.36
LC10b,Ih,0.9478,1,davis2020;ozel2021,derived,HCN: hyperpolarisation-activated cation (Ih),measured mRNA (rel_level normalised per dataset: derived),1526,10.89
LC10b,Inx2,1.289,0,davis2020;ozel2021,derived,innexin,measured mRNA (rel_level normalised per dataset: derived),20.44,0.4148
LC10b,Inx3,0.7037,0.5,davis2020;ozel2021,derived,innexin,measured mRNA (rel_level normalised per dataset: derived),81.21,0.04925
LC10b,Inx5,,0,davis2020;ozel2021,derived,innexin,measured mRNA (rel_level normalised per dataset: derived),0,0
LC10b,Inx7,1.436,0,davis2020;ozel2021,derived,innexin,measured mRNA (rel_level normalised per dataset: derived),1.91,0
LC10b,Irk1,8.373,0.475,davis2020;ozel2021,derived,inward-rectifier K,measured mRNA (rel_level normalised per dataset: derived),34.89,0.03696
LC10b,Irk2,0.6447,0,davis2020;ozel2021,derived,inward-rectifier K,measured mRNA (rel_level normalised per dataset: derived),1.25,0.4392
LC10b,Irk3,0.471,0,davis2020;ozel2021,derived,inward-rectifier K,measured mRNA (rel_level normalised per dataset: derived),0.19,0.2323
LC10b,KCNQ,3.229,0.085,davis2020;ozel2021,derived,Kv7: M-type slow K,measured mRNA (rel_level normalised per dataset: derived),113.9,0.167
LC10b,Ork1,0.04446,0,davis2020;ozel2021,derived,two-pore leak K,measured mRNA (rel_level normalised per dataset: derived),1.68,0
LC10b,SK,1.446,1,davis2020;ozel2021,derived,SK: Ca-activated K,measured mRNA (rel_level normalised per dataset: derived),1284,2.691
LC10b,Sh,0.7614,1,davis2020;ozel2021,derived,Kv1: fast A-type K,measured mRNA (rel_level normalised per dataset: derived),4747,13.78
LC10b,Shab,1.777,0.5,davis2020;ozel2021,derived,Kv2: delayed-rectifier K,measured mRNA (rel_level normalised per dataset: derived),3489,1.124
LC10b,Shal,0.9353,1,davis2020;ozel2021,derived,Kv4: somatodendritic A-type K,measured mRNA (rel_level normalised per dataset: derived),174.4,1.168
LC10b,Shaw,1.583,0.5,davis2020;ozel2021,derived,Kv3: K,measured mRNA (rel_level normalised per dataset: derived),392,0.6948
LC10b,Task6,1.272,1,davis2020;ozel2021,derived,two-pore leak K,measured mRNA (rel_level normalised per dataset: derived),314.5,1.612
LC10b,Task7,0.9921,1,davis2020;ozel2021,derived,two-pore leak K,measured mRNA (rel_level normalised per dataset: derived),32.18,1.835
LC10b,cac,0.8504,1,davis2020;ozel2021,derived,Cav2: high-voltage-activated Ca,measured mRNA (rel_level normalised per dataset: derived),1212,2.987
LC10b,eag,1.506,0.5,davis2020;ozel2021,derived,Kv10: K,measured mRNA (rel_level normalised per dataset: derived),992.4,1.368
LC10b,ogre,0.8236,0,davis2020;ozel2021,derived,innexin,measured mRNA (rel_level normalised per dataset: derived),4.9,0.8625
LC10b,para,0.9787,1,davis2020;ozel2021,derived,"Nav: voltage-gated Na (spike, persistent Na)",measured mRNA (rel_level normalised per dataset: derived),2340,8.779
LC10b,sei,0.9945,1,davis2020;ozel2021,derived,Kv11 (erg): K,measured mRNA (rel_level normalised per dataset: derived),128.4,0.5572
LC10b,shakB,1.08,0.495,davis2020;ozel2021,derived,innexin (neuronal gap junctions),measured mRNA (rel_level normalised per dataset: derived),388.9,5.536
LC10b,slo,1.116,1,davis2020;ozel2021,derived,BK: Ca- and voltage-activated K,measured mRNA (rel_level normalised per dataset: derived),1323,5.334
LC10b,zpg,,0,ozel2021,derived,innexin,measured mRNA (rel_level normalised per dataset: derived),,0
LC10d,Ca-alpha1D,0.7993,1,ozel2021,derived,Cav1: L-type Ca,measured mRNA (rel_level normalised per dataset: derived),,0.6809
LC10d,Ca-alpha1T,0.4107,0,ozel2021,derived,Cav3: T-type (low-voltage) Ca,measured mRNA (rel_level normalised per dataset: derived),,0.9751
LC10d,Hk,1.1,1,ozel2021,derived,Kv beta subunit,measured mRNA (rel_level normalised per dataset: derived),,16.26
LC10d,Ih,1.103,1,ozel2021,derived,HCN: hyperpolarisation-activated cation (Ih),measured mRNA (rel_level normalised per dataset: derived),,13.05
LC10d,Inx2,0.5545,0,ozel2021,derived,innexin,measured mRNA (rel_level normalised per dataset: derived),,0.275
LC10d,Inx3,0.464,0,ozel2021,derived,innexin,measured mRNA (rel_level normalised per dataset: derived),,0.09252
LC10d,Inx5,,0,ozel2021,derived,innexin,measured mRNA (rel_level normalised per dataset: derived),,0
LC10d,Inx7,,0,ozel2021,derived,innexin,measured mRNA (rel_level normalised per dataset: derived),,0
LC10d,Irk1,0.001,0,ozel2021,derived,inward-rectifier K,measured mRNA (rel_level normalised per dataset: derived),,0
LC10d,Irk2,0.8685,0,ozel2021,derived,inward-rectifier K,measured mRNA (rel_level normalised per dataset: derived),,0.6236
LC10d,Irk3,0.6813,0,ozel2021,derived,inward-rectifier K,measured mRNA (rel_level normalised per dataset: derived),,0.1964
LC10d,KCNQ,2.238,0,ozel2021,derived,Kv7: M-type slow K,measured mRNA (rel_level normalised per dataset: derived),,0.1408
LC10d,Ork1,1.699,0,ozel2021,derived,two-pore leak K,measured mRNA (rel_level normalised per dataset: derived),,0.03005
LC10d,SK,1.081,1,ozel2021,derived,SK: Ca-activated K,measured mRNA (rel_level normalised per dataset: derived),,2.535
LC10d,Sh,0.9307,1,ozel2021,derived,Kv1: fast A-type K,measured mRNA (rel_level normalised per dataset: derived),,19.13
LC10d,Shab,0.8796,0,ozel2021,derived,Kv2: delayed-rectifier K,measured mRNA (rel_level normalised per dataset: derived),,0.7397
LC10d,Shal,0.9555,1,ozel2021,derived,Kv4: somatodendritic A-type K,measured mRNA (rel_level normalised per dataset: derived),,1.088
LC10d,Shaw,1.363,0,ozel2021,derived,Kv3: K,measured mRNA (rel_level normalised per dataset: derived),,0.6296
LC10d,Task6,1.171,1,ozel2021,derived,two-pore leak K,measured mRNA (rel_level normalised per dataset: derived),,1.684
LC10d,Task7,0.7384,1,ozel2021,derived,two-pore leak K,measured mRNA (rel_level normalised per dataset: derived),,1.203
LC10d,cac,0.8741,1,ozel2021,derived,Cav2: high-voltage-activated Ca,measured mRNA (rel_level normalised per dataset: derived),,3.37
LC10d,eag,0.968,0,ozel2021,derived,Kv10: K,measured mRNA (rel_level normalised per dataset: derived),,1.177
LC10d,ogre,1.04,0,ozel2021,derived,innexin,measured mRNA (rel_level normalised per dataset: derived),,0.9572
LC10d,para,0.9732,1,ozel2021,derived,"Nav: voltage-gated Na (spike, persistent Na)",measured mRNA (rel_level normalised per dataset: derived),,8.831
LC10d,sei,1.205,1,ozel2021,derived,Kv11 (erg): K,measured mRNA (rel_level normalised per dataset: derived),,0.8787
LC10d,shakB,1.133,0,ozel2021,derived,innexin (neuronal gap junctions),measured mRNA (rel_level normalised per dataset: derived),,5.911
LC10d,slo,1.015,1,ozel2021,derived,BK: Ca- and voltage-activated K,measured mRNA (rel_level normalised per dataset: derived),,5.565
LC10d,zpg,,0,ozel2021,derived,innexin,measured mRNA (rel_level normalised per dataset: derived),,0
LC12,Ca-alpha1D,1.366,1,ozel2021,inferred,Cav1: L-type Ca,measured mRNA (rel_level normalised per dataset: derived),,1.164
LC12,Ca-alpha1T,0.2384,0,ozel2021,inferred,Cav3: T-type (low-voltage) Ca,measured mRNA (rel_level normalised per dataset: derived),,0.566
LC12,Hk,1.235,1,ozel2021,inferred,Kv beta subunit,measured mRNA (rel_level normalised per dataset: derived),,18.25
LC12,Ih,0.9807,1,ozel2021,inferred,HCN: hyperpolarisation-activated cation (Ih),measured mRNA (rel_level normalised per dataset: derived),,11.6
LC12,Inx2,0.7103,0,ozel2021,inferred,innexin,measured mRNA (rel_level normalised per dataset: derived),,0.3523
LC12,Inx3,0.254,0,ozel2021,inferred,innexin,measured mRNA (rel_level normalised per dataset: derived),,0.05065
LC12,Inx5,,0,ozel2021,inferred,innexin,measured mRNA (rel_level normalised per dataset: derived),,0
LC12,Inx7,,0,ozel2021,inferred,innexin,measured mRNA (rel_level normalised per dataset: derived),,0
LC12,Irk1,0.001,0,ozel2021,inferred,inward-rectifier K,measured mRNA (rel_level normalised per dataset: derived),,0
LC12,Irk2,0.8075,0,ozel2021,inferred,inward-rectifier K,measured mRNA (rel_level normalised per dataset: derived),,0.5798
LC12,Irk3,0.2182,0,ozel2021,inferred,inward-rectifier K,measured mRNA (rel_level normalised per dataset: derived),,0.0629
LC12,KCNQ,0.1518,0,ozel2021,inferred,Kv7: M-type slow K,measured mRNA (rel_level normalised per dataset: derived),,0.009549
LC12,Ork1,0.8116,0,ozel2021,inferred,two-pore leak K,measured mRNA (rel_level normalised per dataset: derived),,0.01436
LC12,SK,1.408,1,ozel2021,inferred,SK: Ca-activated K,measured mRNA (rel_level normalised per dataset: derived),,3.301
LC12,Sh,0.9193,1,ozel2021,inferred,Kv1: fast A-type K,measured mRNA (rel_level normalised per dataset: derived),,18.9
LC12,Shab,1.967,0,ozel2021,inferred,Kv2: delayed-rectifier K,measured mRNA (rel_level normalised per dataset: derived),,1.654
LC12,Shal,0.9674,1,ozel2021,inferred,Kv4: somatodendritic A-type K,measured mRNA (rel_level normalised per dataset: derived),,1.101
LC12,Shaw,1.756,0,ozel2021,inferred,Kv3: K,measured mRNA (rel_level normalised per dataset: derived),,0.8108
LC12,Task6,1.044,1,ozel2021,inferred,two-pore leak K,measured mRNA (rel_level normalised per dataset: derived),,1.501
LC12,Task7,0.9642,1,ozel2021,inferred,two-pore leak K,measured mRNA (rel_level normalised per dataset: derived),,1.57
LC12,cac,1.027,1,ozel2021,inferred,Cav2: high-voltage-activated Ca,measured mRNA (rel_level normalised per dataset: derived),,3.961
LC12,eag,1.716,0,ozel2021,inferred,Kv10: K,measured mRNA (rel_level normalised per dataset: derived),,2.087
LC12,ogre,0.7243,0,ozel2021,inferred,innexin,measured mRNA (rel_level normalised per dataset: derived),,0.6665
LC12,para,1.472,1,ozel2021,inferred,"Nav: voltage-gated Na (spike, persistent Na)",measured mRNA (rel_level normalised per dataset: derived),,13.35
LC12,sei,1.016,1,ozel2021,inferred,Kv11 (erg): K,measured mRNA (rel_level normalised per dataset: derived),,0.7408
LC12,shakB,2.289,0,ozel2021,inferred,innexin (neuronal gap junctions),measured mRNA (rel_level normalised per dataset: derived),,11.95
LC12,slo,1.191,1,ozel2021,inferred,BK: Ca- and voltage-activated K,measured mRNA (rel_level normalised per dataset: derived),,6.528
LC12,zpg,,0,ozel2021,inferred,innexin,measured mRNA (rel_level normalised per dataset: derived),,0
LC16,Ca-alpha1D,0.8845,1,davis2020;ozel2021,derived,Cav1: L-type Ca,measured mRNA (rel_level normalised per dataset: derived),174.6,0.8426
LC16,Ca-alpha1T,2.771,0.585,davis2020;ozel2021,derived,Cav3: T-type (low-voltage) Ca,measured mRNA (rel_level normalised per dataset: derived),2308,4.625
LC16,Hk,1.01,1,davis2020;ozel2021,derived,Kv beta subunit,measured mRNA (rel_level normalised per dataset: derived),1184,16.01
LC16,Ih,0.8566,1,davis2020;ozel2021,derived,HCN: hyperpolarisation-activated cation (Ih),measured mRNA (rel_level normalised per dataset: derived),1238,10.97
LC16,Inx2,1.094,0,davis2020;ozel2021,derived,innexin,measured mRNA (rel_level normalised per dataset: derived),10.29,0.5936
LC16,Inx3,0.7975,0.5,davis2020;ozel2021,derived,innexin,measured mRNA (rel_level normalised per dataset: derived),30.98,0.1658
LC16,Inx5,,0,davis2020;ozel2021,derived,innexin,measured mRNA (rel_level normalised per dataset: derived),0.26,0
LC16,Inx7,1.203,0,davis2020;ozel2021,derived,innexin,measured mRNA (rel_level normalised per dataset: derived),1.6,0
LC16,Irk1,0.01591,0,davis2020;ozel2021,derived,inward-rectifier K,measured mRNA (rel_level normalised per dataset: derived),0.58,0
LC16,Irk2,0.774,0,davis2020;ozel2021,derived,inward-rectifier K,measured mRNA (rel_level normalised per dataset: derived),1.29,0.6135
LC16,Irk3,0.6047,0,davis2020;ozel2021,derived,inward-rectifier K,measured mRNA (rel_level normalised per dataset: derived),0.55,0.1322
LC16,KCNQ,0.9902,0,davis2020;ozel2021,derived,Kv7: M-type slow K,measured mRNA (rel_level normalised per dataset: derived),13.13,0.1363
LC16,Ork1,0.4778,0,davis2020;ozel2021,derived,two-pore leak K,measured mRNA (rel_level normalised per dataset: derived),0.38,0.009031
LC16,SK,1.565,1,davis2020;ozel2021,derived,SK: Ca-activated K,measured mRNA (rel_level normalised per dataset: derived),909.8,4.448
LC16,Sh,0.7995,1,davis2020;ozel2021,derived,Kv1: fast A-type K,measured mRNA (rel_level normalised per dataset: derived),3384,21.32
LC16,Shab,1.34,0.5,davis2020;ozel2021,derived,Kv2: delayed-rectifier K,measured mRNA (rel_level normalised per dataset: derived),2090,1.068
LC16,Shal,1.083,1,davis2020;ozel2021,derived,Kv4: somatodendritic A-type K,measured mRNA (rel_level normalised per dataset: derived),210.6,1.298
LC16,Shaw,1.359,0.5,davis2020;ozel2021,derived,Kv3: K,measured mRNA (rel_level normalised per dataset: derived),269.4,0.7447
LC16,Task6,1.065,1,davis2020;ozel2021,derived,two-pore leak K,measured mRNA (rel_level normalised per dataset: derived),187.3,1.899
LC16,Task7,1.103,1,davis2020;ozel2021,derived,two-pore leak K,measured mRNA (rel_level normalised per dataset: derived),46.99,1.553
LC16,cac,0.9121,1,davis2020;ozel2021,derived,Cav2: high-voltage-activated Ca,measured mRNA (rel_level normalised per dataset: derived),1066,3.908
LC16,eag,0.6196,0.5,davis2020;ozel2021,derived,Kv10: K,measured mRNA (rel_level normalised per dataset: derived),310.3,0.7405
LC16,ogre,1.039,0,davis2020;ozel2021,derived,innexin,measured mRNA (rel_level normalised per dataset: derived),6.62,1.017
LC16,para,0.9025,1,davis2020;ozel2021,derived,"Nav: voltage-gated Na (spike, persistent Na)",measured mRNA (rel_level normalised per dataset: derived),1909,9.149
LC16,sei,1.059,1,davis2020;ozel2021,derived,Kv11 (erg): K,measured mRNA (rel_level normalised per dataset: derived),94.66,0.8565
LC16,shakB,0.7676,0.395,davis2020;ozel2021,derived,innexin (neuronal gap junctions),measured mRNA (rel_level normalised per dataset: derived),186.2,5.838
LC16,slo,0.7819,1,davis2020;ozel2021,derived,BK: Ca- and voltage-activated K,measured mRNA (rel_level normalised per dataset: derived),657.1,5.27
LC16,zpg,,0,ozel2021,derived,innexin,measured mRNA (rel_level normalised per dataset: derived),,0
LC17,Ca-alpha1D,0.7971,1,ozel2021,inferred,Cav1: L-type Ca,measured mRNA (rel_level normalised per dataset: derived),,0.679
LC17,Ca-alpha1T,1.212,0.01,ozel2021,inferred,Cav3: T-type (low-voltage) Ca,measured mRNA (rel_level normalised per dataset: derived),,2.878
LC17,Hk,0.7323,1,ozel2021,inferred,Kv beta subunit,measured mRNA (rel_level normalised per dataset: derived),,10.83
LC17,Ih,1.126,1,ozel2021,inferred,HCN: hyperpolarisation-activated cation (Ih),measured mRNA (rel_level normalised per dataset: derived),,13.32
LC17,Inx2,0.5081,0,ozel2021,inferred,innexin,measured mRNA (rel_level normalised per dataset: derived),,0.252
LC17,Inx3,0.6278,0,ozel2021,inferred,innexin,measured mRNA (rel_level normalised per dataset: derived),,0.1252
LC17,Inx5,,0,ozel2021,inferred,innexin,measured mRNA (rel_level normalised per dataset: derived),,0
LC17,Inx7,,0,ozel2021,inferred,innexin,measured mRNA (rel_level normalised per dataset: derived),,0
LC17,Irk1,0.001,0,ozel2021,inferred,inward-rectifier K,measured mRNA (rel_level normalised per dataset: derived),,0
LC17,Irk2,0.5523,0,ozel2021,inferred,inward-rectifier K,measured mRNA (rel_level normalised per dataset: derived),,0.3965
LC17,Irk3,0.3936,0,ozel2021,inferred,inward-rectifier K,measured mRNA (rel_level normalised per dataset: derived),,0.1135
LC17,KCNQ,0.7902,0,ozel2021,inferred,Kv7: M-type slow K,measured mRNA (rel_level normalised per dataset: derived),,0.04971
LC17,Ork1,1.469,0,ozel2021,inferred,two-pore leak K,measured mRNA (rel_level normalised per dataset: derived),,0.02599
LC17,SK,1.432,1,ozel2021,inferred,SK: Ca-activated K,measured mRNA (rel_level normalised per dataset: derived),,3.356
LC17,Sh,0.7449,1,ozel2021,inferred,Kv1: fast A-type K,measured mRNA (rel_level normalised per dataset: derived),,15.31
LC17,Shab,0.7998,0,ozel2021,inferred,Kv2: delayed-rectifier K,measured mRNA (rel_level normalised per dataset: derived),,0.6727
LC17,Shal,0.8754,1,ozel2021,inferred,Kv4: somatodendritic A-type K,measured mRNA (rel_level normalised per dataset: derived),,0.9964
LC17,Shaw,1.106,0,ozel2021,inferred,Kv3: K,measured mRNA (rel_level normalised per dataset: derived),,0.5108
LC17,Task6,0.6779,1,ozel2021,inferred,two-pore leak K,measured mRNA (rel_level normalised per dataset: derived),,0.9744
LC17,Task7,1.085,1,ozel2021,inferred,two-pore leak K,measured mRNA (rel_level normalised per dataset: derived),,1.767
LC17,cac,0.7166,1,ozel2021,inferred,Cav2: high-voltage-activated Ca,measured mRNA (rel_level normalised per dataset: derived),,2.763
LC17,eag,2.894,0,ozel2021,inferred,Kv10: K,measured mRNA (rel_level normalised per dataset: derived),,3.519
LC17,ogre,0.3586,0,ozel2021,inferred,innexin,measured mRNA (rel_level normalised per dataset: derived),,0.33
LC17,para,0.8379,1,ozel2021,inferred,"Nav: voltage-gated Na (spike, persistent Na)",measured mRNA (rel_level normalised per dataset: derived),,7.603
LC17,sei,1.035,1,ozel2021,inferred,Kv11 (erg): K,measured mRNA (rel_level normalised per dataset: derived),,0.7549
LC17,shakB,5.685,0.94,ozel2021,inferred,innexin (neuronal gap junctions),measured mRNA (rel_level normalised per dataset: derived),,29.67
LC17,slo,0.997,1,ozel2021,inferred,BK: Ca- and voltage-activated K,measured mRNA (rel_level normalised per dataset: derived),,5.465
LC17,zpg,,0,ozel2021,inferred,innexin,measured mRNA (rel_level normalised per dataset: derived),,0
LC4,Ca-alpha1D,1.008,1,davis2020;ozel2021,derived,Cav1: L-type Ca,measured mRNA (rel_level normalised per dataset: derived),291.3,0.6553
LC4,Ca-alpha1T,0.0708,0,davis2020;ozel2021,derived,Cav3: T-type (low-voltage) Ca,measured mRNA (rel_level normalised per dataset: derived),36.42,0.1914
LC4,Hk,3.692,1,davis2020;ozel2021,derived,Kv beta subunit,measured mRNA (rel_level normalised per dataset: derived),4490,56.43
LC4,Ih,1.407,1,davis2020;ozel2021,derived,HCN: hyperpolarisation-activated cation (Ih),measured mRNA (rel_level normalised per dataset: derived),2422,15.11
LC4,Inx2,0.4813,0,davis2020;ozel2021,derived,innexin,measured mRNA (rel_level normalised per dataset: derived),2.83,0.4177
LC4,Inx3,0.3381,0.5,davis2020;ozel2021,derived,innexin,measured mRNA (rel_level normalised per dataset: derived),3.77,0.2449
LC4,Inx5,,0,davis2020;ozel2021,derived,innexin,measured mRNA (rel_level normalised per dataset: derived),0,0
LC4,Inx7,0.06767,0,davis2020;ozel2021,derived,innexin,measured mRNA (rel_level normalised per dataset: derived),0.09,0
LC4,Irk1,1.652,0,davis2020;ozel2021,derived,inward-rectifier K,measured mRNA (rel_level normalised per dataset: derived),1.58,0.03178
LC4,Irk2,0.6305,0,davis2020;ozel2021,derived,inward-rectifier K,measured mRNA (rel_level normalised per dataset: derived),0.64,0.8206
LC4,Irk3,0.3225,0,davis2020;ozel2021,derived,inward-rectifier K,measured mRNA (rel_level normalised per dataset: derived),0.19,0.1089
LC4,KCNQ,13.27,0.98,davis2020;ozel2021,derived,Kv7: M-type slow K,measured mRNA (rel_level normalised per dataset: derived),260.6,1.234
LC4,Ork1,0.02544,0,davis2020;ozel2021,derived,two-pore leak K,measured mRNA (rel_level normalised per dataset: derived),0.55,0
LC4,SK,1.645,1,davis2020;ozel2021,derived,SK: Ca-activated K,measured mRNA (rel_level normalised per dataset: derived),1265,3.532
LC4,Sh,2.444,1,davis2020;ozel2021,derived,Kv1: fast A-type K,measured mRNA (rel_level normalised per dataset: derived),1.231e+04,54.72
LC4,Shab,10.7,1,davis2020;ozel2021,derived,Kv2: delayed-rectifier K,measured mRNA (rel_level normalised per dataset: derived),1.423e+04,9.995
LC4,Shal,1.108,1,davis2020;ozel2021,derived,Kv4: somatodendritic A-type K,measured mRNA (rel_level normalised per dataset: derived),252.6,1.132
LC4,Shaw,3.115,0.5,davis2020;ozel2021,derived,Kv3: K,measured mRNA (rel_level normalised per dataset: derived),849.8,1.241
LC4,Task6,1.478,1,davis2020;ozel2021,derived,two-pore leak K,measured mRNA (rel_level normalised per dataset: derived),281.1,2.437
LC4,Task7,0.4509,0.83,davis2020;ozel2021,derived,two-pore leak K,measured mRNA (rel_level normalised per dataset: derived),14.26,0.8552
LC4,cac,1.645,1,davis2020;ozel2021,derived,Cav2: high-voltage-activated Ca,measured mRNA (rel_level normalised per dataset: derived),2529,5.359
LC4,eag,4.794,0.5,davis2020;ozel2021,derived,Kv10: K,measured mRNA (rel_level normalised per dataset: derived),3528,3.9
LC4,ogre,0.7015,0,davis2020;ozel2021,derived,innexin,measured mRNA (rel_level normalised per dataset: derived),5.09,0.6022
LC4,para,3.705,1,davis2020;ozel2021,derived,"Nav: voltage-gated Na (spike, persistent Na)",measured mRNA (rel_level normalised per dataset: derived),9262,31.79
LC4,sei,1.01,1,davis2020;ozel2021,derived,Kv11 (erg): K,measured mRNA (rel_level normalised per dataset: derived),97.23,0.7586
LC4,shakB,2.058,0.5,davis2020;ozel2021,derived,innexin (neuronal gap junctions),measured mRNA (rel_level normalised per dataset: derived),1191,6.56
LC4,slo,2.953,1,davis2020;ozel2021,derived,BK: Ca- and voltage-activated K,measured mRNA (rel_level normalised per dataset: derived),3543,13.94
LC4,zpg,,0,ozel2021,derived,innexin,measured mRNA (rel_level normalised per dataset: derived),,0
LC6,Ca-alpha1D,1.069,1,davis2020;ozel2021,derived,Cav1: L-type Ca,measured mRNA (rel_level normalised per dataset: derived),232.7,0.9234
LC6,Ca-alpha1T,2.547,0.54,davis2020;ozel2021,derived,Cav3: T-type (low-voltage) Ca,measured mRNA (rel_level normalised per dataset: derived),2199,4.103
LC6,Hk,1.063,1,davis2020;ozel2021,derived,Kv beta subunit,measured mRNA (rel_level normalised per dataset: derived),1669,12.58
LC6,Ih,1.08,1,davis2020;ozel2021,derived,HCN: hyperpolarisation-activated cation (Ih),measured mRNA (rel_level normalised per dataset: derived),2035,10.6
LC6,Inx2,1.169,0,davis2020;ozel2021,derived,innexin,measured mRNA (rel_level normalised per dataset: derived),14.05,0.4959
LC6,Inx3,0.9849,0.5,davis2020;ozel2021,derived,innexin,measured mRNA (rel_level normalised per dataset: derived),32.25,0.2429
LC6,Inx5,,0,davis2020;ozel2021,derived,innexin,measured mRNA (rel_level normalised per dataset: derived),0,0
LC6,Inx7,1.82,0.5,davis2020;ozel2021,derived,innexin,measured mRNA (rel_level normalised per dataset: derived),2.42,0.06119
LC6,Irk1,4.952,0,davis2020;ozel2021,derived,inward-rectifier K,measured mRNA (rel_level normalised per dataset: derived),20.88,0.0216
LC6,Irk2,1.328,0,davis2020;ozel2021,derived,inward-rectifier K,measured mRNA (rel_level normalised per dataset: derived),4.81,0.484
LC6,Irk3,0.3408,0,davis2020;ozel2021,derived,inward-rectifier K,measured mRNA (rel_level normalised per dataset: derived),0.26,0.08884
LC6,KCNQ,0.3532,0,davis2020;ozel2021,derived,Kv7: M-type slow K,measured mRNA (rel_level normalised per dataset: derived),22.5,0.01012
LC6,Ork1,0.04524,0,davis2020;ozel2021,derived,two-pore leak K,measured mRNA (rel_level normalised per dataset: derived),1.74,0
LC6,SK,1.926,1,davis2020;ozel2021,derived,SK: Ca-activated K,measured mRNA (rel_level normalised per dataset: derived),1604,3.821
LC6,Sh,1.125,1,davis2020;ozel2021,derived,Kv1: fast A-type K,measured mRNA (rel_level normalised per dataset: derived),6944,20.57
LC6,Shab,2.082,0.5,davis2020;ozel2021,derived,Kv2: delayed-rectifier K,measured mRNA (rel_level normalised per dataset: derived),3190,1.689
LC6,Shal,1.051,1,davis2020;ozel2021,derived,Kv4: somatodendritic A-type K,measured mRNA (rel_level normalised per dataset: derived),242.7,1.06
LC6,Shaw,1.473,0.5,davis2020;ozel2021,derived,Kv3: K,measured mRNA (rel_level normalised per dataset: derived),262.5,0.8983
LC6,Task6,1.044,1,davis2020;ozel2021,derived,two-pore leak K,measured mRNA (rel_level normalised per dataset: derived),236.4,1.447
LC6,Task7,0.8596,1,davis2020;ozel2021,derived,two-pore leak K,measured mRNA (rel_level normalised per dataset: derived),34.56,1.283
LC6,cac,1.004,1,davis2020;ozel2021,derived,Cav2: high-voltage-activated Ca,measured mRNA (rel_level normalised per dataset: derived),1458,3.464
LC6,eag,1.063,0.5,davis2020;ozel2021,derived,Kv10: K,measured mRNA (rel_level normalised per dataset: derived),756.9,0.8943
LC6,ogre,0.7164,0,davis2020;ozel2021,derived,innexin,measured mRNA (rel_level normalised per dataset: derived),4.96,0.6447
LC6,para,1.345,1,davis2020;ozel2021,derived,"Nav: voltage-gated Na (spike, persistent Na)",measured mRNA (rel_level normalised per dataset: derived),4019,9.658
LC6,sei,1.087,1,davis2020;ozel2021,derived,Kv11 (erg): K,measured mRNA (rel_level normalised per dataset: derived),82.34,1.037
LC6,shakB,0.8278,0.495,davis2020;ozel2021,derived,innexin (neuronal gap junctions),measured mRNA (rel_level normalised per dataset: derived),284.7,4.441
LC6,slo,1.105,1,davis2020;ozel2021,derived,BK: Ca- and voltage-activated K,measured mRNA (rel_level normalised per dataset: derived),1238,5.592
LC6,zpg,,0,ozel2021,derived,innexin,measured mRNA (rel_level normalised per dataset: derived),,0
LLPC1,Ca-alpha1D,1.211,1,davis2020;ozel2021,derived,Cav1: L-type Ca,measured mRNA (rel_level normalised per dataset: derived),298,0.926
LLPC1,Ca-alpha1T,0.7765,0.5,davis2020;ozel2021,derived,Cav3: T-type (low-voltage) Ca,measured mRNA (rel_level normalised per dataset: derived),578.1,1.45
LLPC1,Hk,1.207,1,davis2020;ozel2021,derived,Kv beta subunit,measured mRNA (rel_level normalised per dataset: derived),1573,17.22
LLPC1,Ih,1.19,1,davis2020;ozel2021,derived,HCN: hyperpolarisation-activated cation (Ih),measured mRNA (rel_level normalised per dataset: derived),1925,13.61
LLPC1,Inx2,0.8501,0,davis2020;ozel2021,derived,innexin,measured mRNA (rel_level normalised per dataset: derived),10.61,0.3476
LLPC1,Inx3,0.8277,0.5,davis2020;ozel2021,derived,innexin,measured mRNA (rel_level normalised per dataset: derived),44.51,0.1243
LLPC1,Inx5,,0,davis2020;ozel2021,derived,innexin,measured mRNA (rel_level normalised per dataset: derived),0.74,0
LLPC1,Inx7,0.5414,0,davis2020;ozel2021,derived,innexin,measured mRNA (rel_level normalised per dataset: derived),0.72,0
LLPC1,Irk1,5.673,0,davis2020;ozel2021,derived,inward-rectifier K,measured mRNA (rel_level normalised per dataset: derived),4.86,0.1218
LLPC1,Irk2,0.1775,0,davis2020;ozel2021,derived,inward-rectifier K,measured mRNA (rel_level normalised per dataset: derived),0.08,0.52
LLPC1,Irk3,0.8483,0,davis2020;ozel2021,derived,inward-rectifier K,measured mRNA (rel_level normalised per dataset: derived),0.57,0.2512
LLPC1,KCNQ,1.053,0.015,davis2020;ozel2021,derived,Kv7: M-type slow K,measured mRNA (rel_level normalised per dataset: derived),83.07,0.02436
LLPC1,Ork1,0.7358,0,davis2020;ozel2021,derived,two-pore leak K,measured mRNA (rel_level normalised per dataset: derived),0.81,0.01005
LLPC1,SK,1.229,1,davis2020;ozel2021,derived,SK: Ca-activated K,measured mRNA (rel_level normalised per dataset: derived),941.8,2.648
LLPC1,Sh,1.112,1,davis2020;ozel2021,derived,Kv1: fast A-type K,measured mRNA (rel_level normalised per dataset: derived),6601,21.14
LLPC1,Shab,2.319,0.5,davis2020;ozel2021,derived,Kv2: delayed-rectifier K,measured mRNA (rel_level normalised per dataset: derived),3689,1.812
LLPC1,Shal,0.8648,1,davis2020;ozel2021,derived,Kv4: somatodendritic A-type K,measured mRNA (rel_level normalised per dataset: derived),203.3,0.8571
LLPC1,Shaw,1.445,0.5,davis2020;ozel2021,derived,Kv3: K,measured mRNA (rel_level normalised per dataset: derived),332.6,0.6818
LLPC1,Task6,1.508,1,davis2020;ozel2021,derived,two-pore leak K,measured mRNA (rel_level normalised per dataset: derived),394,1.81
LLPC1,Task7,1.068,1,davis2020;ozel2021,derived,two-pore leak K,measured mRNA (rel_level normalised per dataset: derived),45.93,1.49
LLPC1,cac,0.9775,1,davis2020;ozel2021,derived,Cav2: high-voltage-activated Ca,measured mRNA (rel_level normalised per dataset: derived),1339,3.572
LLPC1,eag,1.014,0.5,davis2020;ozel2021,derived,Kv10: K,measured mRNA (rel_level normalised per dataset: derived),566,1.088
LLPC1,ogre,0.9439,0,davis2020;ozel2021,derived,innexin,measured mRNA (rel_level normalised per dataset: derived),7.32,0.7582
LLPC1,para,1.161,1,davis2020;ozel2021,derived,"Nav: voltage-gated Na (spike, persistent Na)",measured mRNA (rel_level normalised per dataset: derived),2726,10.6
LLPC1,sei,1.438,1,davis2020;ozel2021,derived,Kv11 (erg): K,measured mRNA (rel_level normalised per dataset: derived),165.1,0.9064
LLPC1,shakB,1.625,0.5,davis2020;ozel2021,derived,innexin (neuronal gap junctions),measured mRNA (rel_level normalised per dataset: derived),645.8,7.54
LLPC1,slo,0.9477,1,davis2020;ozel2021,derived,BK: Ca- and voltage-activated K,measured mRNA (rel_level normalised per dataset: derived),1033,4.923
LLPC1,zpg,,0,ozel2021,derived,innexin,measured mRNA (rel_level normalised per dataset: derived),,0
LPC1,Ca-alpha1D,0.8863,1,davis2020;ozel2021,derived,Cav1: L-type Ca,measured mRNA (rel_level normalised per dataset: derived),179.2,0.8241
LPC1,Ca-alpha1T,1.299,0.5,davis2020;ozel2021,derived,Cav3: T-type (low-voltage) Ca,measured mRNA (rel_level normalised per dataset: derived),970.4,2.418
LPC1,Hk,1.052,1,davis2020;ozel2021,derived,Kv beta subunit,measured mRNA (rel_level normalised per dataset: derived),1155,17.81
LPC1,Ih,1.032,1,davis2020;ozel2021,derived,HCN: hyperpolarisation-activated cation (Ih),measured mRNA (rel_level normalised per dataset: derived),1564,12.61
LPC1,Inx2,0.5968,0,davis2020;ozel2021,derived,innexin,measured mRNA (rel_level normalised per dataset: derived),3.91,0.4648
LPC1,Inx3,0.7146,0.5,davis2020;ozel2021,derived,innexin,measured mRNA (rel_level normalised per dataset: derived),28.57,0.1443
LPC1,Inx5,,0,davis2020;ozel2021,derived,innexin,measured mRNA (rel_level normalised per dataset: derived),0.14,0
LPC1,Inx7,0.5113,0,davis2020;ozel2021,derived,innexin,measured mRNA (rel_level normalised per dataset: derived),0.68,0
LPC1,Irk1,1.375,0,davis2020;ozel2021,derived,inward-rectifier K,measured mRNA (rel_level normalised per dataset: derived),0.82,0.0424
LPC1,Irk2,1.015,0,davis2020;ozel2021,derived,inward-rectifier K,measured mRNA (rel_level normalised per dataset: derived),2.57,0.5298
LPC1,Irk3,0.6457,0,davis2020;ozel2021,derived,inward-rectifier K,measured mRNA (rel_level normalised per dataset: derived),0.28,0.2962
LPC1,KCNQ,0.2203,0,davis2020;ozel2021,derived,Kv7: M-type slow K,measured mRNA (rel_level normalised per dataset: derived),14.44,0.006135
LPC1,Ork1,0.02249,0,davis2020;ozel2021,derived,two-pore leak K,measured mRNA (rel_level normalised per dataset: derived),0.43,0
LPC1,SK,1.066,1,davis2020;ozel2021,derived,SK: Ca-activated K,measured mRNA (rel_level normalised per dataset: derived),704.7,2.664
LPC1,Sh,0.938,1,davis2020;ozel2021,derived,Kv1: fast A-type K,measured mRNA (rel_level normalised per dataset: derived),5160,19.25
LPC1,Shab,2.005,0.5,davis2020;ozel2021,derived,Kv2: delayed-rectifier K,measured mRNA (rel_level normalised per dataset: derived),3008,1.661
LPC1,Shal,0.9809,1,davis2020;ozel2021,derived,Kv4: somatodendritic A-type K,measured mRNA (rel_level normalised per dataset: derived),242,0.926
LPC1,Shaw,1.138,0.5,davis2020;ozel2021,derived,Kv3: K,measured mRNA (rel_level normalised per dataset: derived),270.5,0.5199
LPC1,Task6,1.374,1,davis2020;ozel2021,derived,two-pore leak K,measured mRNA (rel_level normalised per dataset: derived),269.4,2.198
LPC1,Task7,1.086,1,davis2020;ozel2021,derived,two-pore leak K,measured mRNA (rel_level normalised per dataset: derived),48.55,1.458
LPC1,cac,0.8261,1,davis2020;ozel2021,derived,Cav2: high-voltage-activated Ca,measured mRNA (rel_level normalised per dataset: derived),1131,3.022
LPC1,eag,1.525,0.5,davis2020;ozel2021,derived,Kv10: K,measured mRNA (rel_level normalised per dataset: derived),847.5,1.642
LPC1,ogre,0.7292,0,davis2020;ozel2021,derived,innexin,measured mRNA (rel_level normalised per dataset: derived),4.42,0.7495
LPC1,para,1.038,1,davis2020;ozel2021,derived,"Nav: voltage-gated Na (spike, persistent Na)",measured mRNA (rel_level normalised per dataset: derived),2440,9.466
LPC1,sei,1.057,1,davis2020;ozel2021,derived,Kv11 (erg): K,measured mRNA (rel_level normalised per dataset: derived),99.14,0.8142
LPC1,shakB,2.103,0.5,davis2020;ozel2021,derived,innexin (neuronal gap junctions),measured mRNA (rel_level normalised per dataset: derived),689.4,11.84
LPC1,slo,0.9444,1,davis2020;ozel2021,derived,BK: Ca- and voltage-activated K,measured mRNA (rel_level normalised per dataset: derived),972.2,5.196
LPC1,zpg,,0,ozel2021,derived,innexin,measured mRNA (rel_level normalised per dataset: derived),,0
LPLC1,Ca-alpha1D,1.088,1,davis2020;ozel2021,derived,Cav1: L-type Ca,measured mRNA (rel_level normalised per dataset: derived),246.9,0.9021
LPLC1,Ca-alpha1T,1.568,0.5,davis2020;ozel2021,derived,Cav3: T-type (low-voltage) Ca,measured mRNA (rel_level normalised per dataset: derived),1421,2.408
LPLC1,Hk,1.324,1,davis2020;ozel2021,derived,Kv beta subunit,measured mRNA (rel_level normalised per dataset: derived),1314,24.78
LPLC1,Ih,1.188,1,davis2020;ozel2021,derived,HCN: hyperpolarisation-activated cation (Ih),measured mRNA (rel_level normalised per dataset: derived),1958,13.33
LPLC1,Inx2,0.7523,0,davis2020;ozel2021,derived,innexin,measured mRNA (rel_level normalised per dataset: derived),17.78,0.1624
LPLC1,Inx3,0.4714,0.5,davis2020;ozel2021,derived,innexin,measured mRNA (rel_level normalised per dataset: derived),103.9,0.01728
LPLC1,Inx5,,0,davis2020;ozel2021,derived,innexin,measured mRNA (rel_level normalised per dataset: derived),0,0
LPLC1,Inx7,1.09,0,davis2020;ozel2021,derived,innexin,measured mRNA (rel_level normalised per dataset: derived),1.45,0
LPLC1,Irk1,0.05228,0,davis2020;ozel2021,derived,inward-rectifier K,measured mRNA (rel_level normalised per dataset: derived),6.26,0
LPLC1,Irk2,1.522,0,davis2020;ozel2021,derived,inward-rectifier K,measured mRNA (rel_level normalised per dataset: derived),8.03,0.3809
LPLC1,Irk3,0.2774,0,davis2020;ozel2021,derived,inward-rectifier K,measured mRNA (rel_level normalised per dataset: derived),0.24,0.06376
LPLC1,KCNQ,1.415,0,davis2020;ozel2021,derived,Kv7: M-type slow K,measured mRNA (rel_level normalised per dataset: derived),55.64,0.0657
LPLC1,Ork1,2.129,0,davis2020;ozel2021,derived,two-pore leak K,measured mRNA (rel_level normalised per dataset: derived),2.77,0.0246
LPLC1,SK,1.001,1,davis2020;ozel2021,derived,SK: Ca-activated K,measured mRNA (rel_level normalised per dataset: derived),828.1,2.001
LPLC1,Sh,1.08,1,davis2020;ozel2021,derived,Kv1: fast A-type K,measured mRNA (rel_level normalised per dataset: derived),5672,23.21
LPLC1,Shab,2.678,0.5,davis2020;ozel2021,derived,Kv2: delayed-rectifier K,measured mRNA (rel_level normalised per dataset: derived),4891,1.822
LPLC1,Shal,0.9872,1,davis2020;ozel2021,derived,Kv4: somatodendritic A-type K,measured mRNA (rel_level normalised per dataset: derived),184.2,1.232
LPLC1,Shaw,1.786,0.5,davis2020;ozel2021,derived,Kv3: K,measured mRNA (rel_level normalised per dataset: derived),404,0.8585
LPLC1,Task6,1.604,1,davis2020;ozel2021,derived,two-pore leak K,measured mRNA (rel_level normalised per dataset: derived),362.9,2.222
LPLC1,Task7,0.9812,1,davis2020;ozel2021,derived,two-pore leak K,measured mRNA (rel_level normalised per dataset: derived),35.47,1.629
LPLC1,cac,0.9529,1,davis2020;ozel2021,derived,Cav2: high-voltage-activated Ca,measured mRNA (rel_level normalised per dataset: derived),1349,3.369
LPLC1,eag,2.027,0.5,davis2020;ozel2021,derived,Kv10: K,measured mRNA (rel_level normalised per dataset: derived),982.3,2.504
LPLC1,ogre,0.9967,0,davis2020;ozel2021,derived,innexin,measured mRNA (rel_level normalised per dataset: derived),13.46,0.4598
LPLC1,para,1.525,1,davis2020;ozel2021,derived,"Nav: voltage-gated Na (spike, persistent Na)",measured mRNA (rel_level normalised per dataset: derived),2970,16.79
LPLC1,sei,1.054,1,davis2020;ozel2021,derived,Kv11 (erg): K,measured mRNA (rel_level normalised per dataset: derived),102.5,0.784
LPLC1,shakB,1.772,0.5,davis2020;ozel2021,derived,innexin (neuronal gap junctions),measured mRNA (rel_level normalised per dataset: derived),652.8,8.879
LPLC1,slo,1.006,1,davis2020;ozel2021,derived,BK: Ca- and voltage-activated K,measured mRNA (rel_level normalised per dataset: derived),998.1,5.745
LPLC1,zpg,,0,ozel2021,derived,innexin,measured mRNA (rel_level normalised per dataset: derived),,0
LPLC2,Ca-alpha1D,1.256,1,davis2020;ozel2021,derived,Cav1: L-type Ca,measured mRNA (rel_level normalised per dataset: derived),348.6,0.8503
LPLC2,Ca-alpha1T,0.6204,0.5,davis2020;ozel2021,derived,Cav3: T-type (low-voltage) Ca,measured mRNA (rel_level normalised per dataset: derived),578.9,0.9246
LPLC2,Hk,1.768,1,davis2020;ozel2021,derived,Kv beta subunit,measured mRNA (rel_level normalised per dataset: derived),2256,25.74
LPLC2,Ih,1.048,1,davis2020;ozel2021,derived,HCN: hyperpolarisation-activated cation (Ih),measured mRNA (rel_level normalised per dataset: derived),1796,11.32
LPLC2,Inx2,0.8319,0,davis2020;ozel2021,derived,innexin,measured mRNA (rel_level normalised per dataset: derived),7.18,0.4918
LPLC2,Inx3,0.9092,0.5,davis2020;ozel2021,derived,innexin,measured mRNA (rel_level normalised per dataset: derived),54.26,0.123
LPLC2,Inx5,,0,davis2020;ozel2021,derived,innexin,measured mRNA (rel_level normalised per dataset: derived),0,0
LPLC2,Inx7,2.008,0,davis2020;ozel2021,derived,innexin,measured mRNA (rel_level normalised per dataset: derived),2.67,0
LPLC2,Irk1,1.198,0,davis2020;ozel2021,derived,inward-rectifier K,measured mRNA (rel_level normalised per dataset: derived),3.33,0.007928
LPLC2,Irk2,0.9256,0,davis2020;ozel2021,derived,inward-rectifier K,measured mRNA (rel_level normalised per dataset: derived),2.28,0.4964
LPLC2,Irk3,1.045,0,davis2020;ozel2021,derived,inward-rectifier K,measured mRNA (rel_level normalised per dataset: derived),1.66,0.1309
LPLC2,KCNQ,0.811,0,davis2020;ozel2021,derived,Kv7: M-type slow K,measured mRNA (rel_level normalised per dataset: derived),29.01,0.04137
LPLC2,Ork1,0.0191,0,davis2020;ozel2021,derived,two-pore leak K,measured mRNA (rel_level normalised per dataset: derived),0.31,0
LPLC2,SK,0.9877,1,davis2020;ozel2021,derived,SK: Ca-activated K,measured mRNA (rel_level normalised per dataset: derived),735.5,2.191
LPLC2,Sh,0.9995,1,davis2020;ozel2021,derived,Kv1: fast A-type K,measured mRNA (rel_level normalised per dataset: derived),5439,20.73
LPLC2,Shab,1.645,0.5,davis2020;ozel2021,derived,Kv2: delayed-rectifier K,measured mRNA (rel_level normalised per dataset: derived),2873,1.171
LPLC2,Shal,0.8767,1,davis2020;ozel2021,derived,Kv4: somatodendritic A-type K,measured mRNA (rel_level normalised per dataset: derived),170.2,1.052
LPLC2,Shaw,1.96,0.5,davis2020;ozel2021,derived,Kv3: K,measured mRNA (rel_level normalised per dataset: derived),411.7,1.014
LPLC2,Task6,1.728,1,davis2020;ozel2021,derived,two-pore leak K,measured mRNA (rel_level normalised per dataset: derived),432.3,2.164
LPLC2,Task7,1.094,1,davis2020;ozel2021,derived,two-pore leak K,measured mRNA (rel_level normalised per dataset: derived),51.32,1.4
LPLC2,cac,0.9859,1,davis2020;ozel2021,derived,Cav2: high-voltage-activated Ca,measured mRNA (rel_level normalised per dataset: derived),1394,3.489
LPLC2,eag,0.3189,0.495,davis2020;ozel2021,derived,Kv10: K,measured mRNA (rel_level normalised per dataset: derived),179.1,0.3399
LPLC2,ogre,0.9042,0,davis2020;ozel2021,derived,innexin,measured mRNA (rel_level normalised per dataset: derived),6.69,0.7613
LPLC2,para,1.393,1,davis2020;ozel2021,derived,"Nav: voltage-gated Na (spike, persistent Na)",measured mRNA (rel_level normalised per dataset: derived),3242,12.84
LPLC2,sei,1.226,1,davis2020;ozel2021,derived,Kv11 (erg): K,measured mRNA (rel_level normalised per dataset: derived),156.2,0.6961
LPLC2,shakB,2.884,0.5,davis2020;ozel2021,derived,innexin (neuronal gap junctions),measured mRNA (rel_level normalised per dataset: derived),1250,12.27
LPLC2,slo,1.002,1,davis2020;ozel2021,derived,BK: Ca- and voltage-activated K,measured mRNA (rel_level normalised per dataset: derived),1121,5.067
LPLC2,zpg,,0,ozel2021,derived,innexin,measured mRNA (rel_level normalised per dataset: derived),,0
Lai,Ca-alpha1D,1.8,1,davis2020;ozel2021,derived,Cav1: L-type Ca,measured mRNA (rel_level normalised per dataset: derived),571.1,1.067
Lai,Ca-alpha1T,1.235,0.5,davis2020;ozel2021,derived,Cav3: T-type (low-voltage) Ca,measured mRNA (rel_level normalised per dataset: derived),807.2,2.629
Lai,Hk,1.043,1,davis2020;ozel2021,derived,Kv beta subunit,measured mRNA (rel_level normalised per dataset: derived),1549,13.05
Lai,Ih,0.9792,1,davis2020;ozel2021,derived,HCN: hyperpolarisation-activated cation (Ih),measured mRNA (rel_level normalised per dataset: derived),1475,12.03
Lai,Inx2,0.8218,0,davis2020;ozel2021,derived,innexin,measured mRNA (rel_level normalised per dataset: derived),15.73,0.2191
Lai,Inx3,1.479,0.5,davis2020;ozel2021,derived,innexin,measured mRNA (rel_level normalised per dataset: derived),125.3,0.141
Lai,Inx5,,0,davis2020;ozel2021,derived,innexin,measured mRNA (rel_level normalised per dataset: derived),0,0
Lai,Inx7,0.5865,0,davis2020;ozel2021,derived,innexin,measured mRNA (rel_level normalised per dataset: derived),0.78,0.001423
Lai,Irk1,0.04413,0,davis2020;ozel2021,derived,inward-rectifier K,measured mRNA (rel_level normalised per dataset: derived),4.46,0
Lai,Irk2,1.092,0,davis2020;ozel2021,derived,inward-rectifier K,measured mRNA (rel_level normalised per dataset: derived),4.32,0.3649
Lai,Irk3,1.322,0,davis2020;ozel2021,derived,inward-rectifier K,measured mRNA (rel_level normalised per dataset: derived),1.18,0.2945
Lai,KCNQ,0.4728,0,davis2020;ozel2021,derived,Kv7: M-type slow K,measured mRNA (rel_level normalised per dataset: derived),14.53,0.02808
Lai,Ork1,2.334,0,davis2020;ozel2021,derived,two-pore leak K,measured mRNA (rel_level normalised per dataset: derived),2.14,0.03827
Lai,SK,0.0927,0.515,davis2020;ozel2021,derived,SK: Ca-activated K,measured mRNA (rel_level normalised per dataset: derived),66.77,0.2126
Lai,Sh,0.8676,1,davis2020;ozel2021,derived,Kv1: fast A-type K,measured mRNA (rel_level normalised per dataset: derived),4436,19.15
Lai,Shab,0.07943,0,davis2020;ozel2021,derived,Kv2: delayed-rectifier K,measured mRNA (rel_level normalised per dataset: derived),61.68,0.1271
Lai,Shal,0.6142,0.78,davis2020;ozel2021,derived,Kv4: somatodendritic A-type K,measured mRNA (rel_level normalised per dataset: derived),173.8,0.5058
Lai,Shaw,0.7835,0.5,davis2020;ozel2021,derived,Kv3: K,measured mRNA (rel_level normalised per dataset: derived),240.6,0.2773
Lai,Task6,0.8044,1,davis2020;ozel2021,derived,two-pore leak K,measured mRNA (rel_level normalised per dataset: derived),206,0.9842
Lai,Task7,0.7918,0.99,davis2020;ozel2021,derived,two-pore leak K,measured mRNA (rel_level normalised per dataset: derived),39.5,0.9523
Lai,cac,1.099,1,davis2020;ozel2021,derived,Cav2: high-voltage-activated Ca,measured mRNA (rel_level normalised per dataset: derived),1462,4.132
Lai,eag,0.8451,0.5,davis2020;ozel2021,derived,Kv10: K,measured mRNA (rel_level normalised per dataset: derived),397.6,1.075
Lai,ogre,1.579,0.04,davis2020;ozel2021,derived,innexin,measured mRNA (rel_level normalised per dataset: derived),20.37,0.7628
Lai,para,1.415,1,davis2020;ozel2021,derived,"Nav: voltage-gated Na (spike, persistent Na)",measured mRNA (rel_level normalised per dataset: derived),3534,12.16
Lai,sei,1.1,1,davis2020;ozel2021,derived,Kv11 (erg): K,measured mRNA (rel_level normalised per dataset: derived),172.7,0.5064
Lai,shakB,0.1546,0.01,davis2020;ozel2021,derived,innexin (neuronal gap junctions),measured mRNA (rel_level normalised per dataset: derived),53.43,0.8249
Lai,slo,0.9225,1,davis2020;ozel2021,derived,BK: Ca- and voltage-activated K,measured mRNA (rel_level normalised per dataset: derived),1050,4.592
Lai,zpg,,0,ozel2021,derived,innexin,measured mRNA (rel_level normalised per dataset: derived),,0
Lawf1,Ca-alpha1D,0.8659,1,davis2020;ozel2021,derived,Cav1: L-type Ca,measured mRNA (rel_level normalised per dataset: derived),198.7,0.7095
Lawf1,Ca-alpha1T,2.83,0.795,davis2020;ozel2021,derived,Cav3: T-type (low-voltage) Ca,measured mRNA (rel_level normalised per dataset: derived),1830,6.085
Lawf1,Hk,1.139,1,davis2020;ozel2021,derived,Kv beta subunit,measured mRNA (rel_level normalised per dataset: derived),1492,16.17
Lawf1,Ih,1.157,1,davis2020;ozel2021,derived,HCN: hyperpolarisation-activated cation (Ih),measured mRNA (rel_level normalised per dataset: derived),1502,16.49
Lawf1,Inx2,0.6819,0,davis2020;ozel2021,derived,innexin,measured mRNA (rel_level normalised per dataset: derived),8.99,0.2639
Lawf1,Inx3,0.9383,0.5,davis2020;ozel2021,derived,innexin,measured mRNA (rel_level normalised per dataset: derived),59.67,0.1192
Lawf1,Inx5,,0,davis2020;ozel2021,derived,innexin,measured mRNA (rel_level normalised per dataset: derived),0.15,0
Lawf1,Inx7,1.805,0,davis2020;ozel2021,derived,innexin,measured mRNA (rel_level normalised per dataset: derived),2.4,0.006586
Lawf1,Irk1,0.5628,0,davis2020;ozel2021,derived,inward-rectifier K,measured mRNA (rel_level normalised per dataset: derived),2.24,0.002602
Lawf1,Irk2,0.8026,0,davis2020;ozel2021,derived,inward-rectifier K,measured mRNA (rel_level normalised per dataset: derived),1.7,0.5006
Lawf1,Irk3,1.155,0,davis2020;ozel2021,derived,inward-rectifier K,measured mRNA (rel_level normalised per dataset: derived),1.4,0.1897
Lawf1,KCNQ,0.3288,0,davis2020;ozel2021,derived,Kv7: M-type slow K,measured mRNA (rel_level normalised per dataset: derived),16.99,0.01161
Lawf1,Ork1,0.9393,0,davis2020;ozel2021,derived,two-pore leak K,measured mRNA (rel_level normalised per dataset: derived),0.75,0.01769
Lawf1,SK,0.5191,1,davis2020;ozel2021,derived,SK: Ca-activated K,measured mRNA (rel_level normalised per dataset: derived),405.6,1.098
Lawf1,Sh,1.169,1,davis2020;ozel2021,derived,Kv1: fast A-type K,measured mRNA (rel_level normalised per dataset: derived),4211,36.61
Lawf1,Shab,0.1347,0,davis2020;ozel2021,derived,Kv2: delayed-rectifier K,measured mRNA (rel_level normalised per dataset: derived),230.2,0.09794
Lawf1,Shal,0.9579,1,davis2020;ozel2021,derived,Kv4: somatodendritic A-type K,measured mRNA (rel_level normalised per dataset: derived),189.3,1.129
Lawf1,Shaw,1.133,0.5,davis2020;ozel2021,derived,Kv3: K,measured mRNA (rel_level normalised per dataset: derived),277.4,0.5034
Lawf1,Task6,1.188,1,davis2020;ozel2021,derived,two-pore leak K,measured mRNA (rel_level normalised per dataset: derived),287.8,1.536
Lawf1,Task7,1.342,1,davis2020;ozel2021,derived,two-pore leak K,measured mRNA (rel_level normalised per dataset: derived),48.94,2.208
Lawf1,cac,0.806,1,davis2020;ozel2021,derived,Cav2: high-voltage-activated Ca,measured mRNA (rel_level normalised per dataset: derived),994.9,3.269
Lawf1,eag,1.162,0.5,davis2020;ozel2021,derived,Kv10: K,measured mRNA (rel_level normalised per dataset: derived),423.8,1.906
Lawf1,ogre,0.7914,0,davis2020;ozel2021,derived,innexin,measured mRNA (rel_level normalised per dataset: derived),8.16,0.4782
Lawf1,para,0.7803,1,davis2020;ozel2021,derived,"Nav: voltage-gated Na (spike, persistent Na)",measured mRNA (rel_level normalised per dataset: derived),1574,8.297
Lawf1,sei,0.8135,1,davis2020;ozel2021,derived,Kv11 (erg): K,measured mRNA (rel_level normalised per dataset: derived),85.89,0.5571
Lawf1,shakB,0.9492,0.5,davis2020;ozel2021,derived,innexin (neuronal gap junctions),measured mRNA (rel_level normalised per dataset: derived),491,3.386
Lawf1,slo,0.7143,1,davis2020;ozel2021,derived,BK: Ca- and voltage-activated K,measured mRNA (rel_level normalised per dataset: derived),602,4.801
Lawf1,zpg,,0,ozel2021,derived,innexin,measured mRNA (rel_level normalised per dataset: derived),,0
Lawf2,Ca-alpha1D,0.6682,0.98,davis2020;ozel2021,derived,Cav1: L-type Ca,measured mRNA (rel_level normalised per dataset: derived),147.3,0.5699
Lawf2,Ca-alpha1T,0.5184,0.31,davis2020;ozel2021,derived,Cav3: T-type (low-voltage) Ca,measured mRNA (rel_level normalised per dataset: derived),171.3,2.181
Lawf2,Hk,0.4419,0.99,davis2020;ozel2021,derived,Kv beta subunit,measured mRNA (rel_level normalised per dataset: derived),477.1,7.607
Lawf2,Ih,0.758,1,davis2020;ozel2021,derived,HCN: hyperpolarisation-activated cation (Ih),measured mRNA (rel_level normalised per dataset: derived),812.7,13.08
Lawf2,Inx2,0.8085,0,davis2020;ozel2021,derived,innexin,measured mRNA (rel_level normalised per dataset: derived),10.25,0.3254
Lawf2,Inx3,0.5149,0.5,davis2020;ozel2021,derived,innexin,measured mRNA (rel_level normalised per dataset: derived),31.28,0.06845
Lawf2,Inx5,,0,davis2020;ozel2021,derived,innexin,measured mRNA (rel_level normalised per dataset: derived),0,0
Lawf2,Inx7,0.2932,0,davis2020;ozel2021,derived,innexin,measured mRNA (rel_level normalised per dataset: derived),0.39,0
Lawf2,Irk1,0.03363,0,davis2020;ozel2021,derived,inward-rectifier K,measured mRNA (rel_level normalised per dataset: derived),2.59,0
Lawf2,Irk2,0.8852,0,davis2020;ozel2021,derived,inward-rectifier K,measured mRNA (rel_level normalised per dataset: derived),2.29,0.4521
Lawf2,Irk3,2.069,0,davis2020;ozel2021,derived,inward-rectifier K,measured mRNA (rel_level normalised per dataset: derived),3.28,0.2595
Lawf2,KCNQ,0.4842,0,davis2020;ozel2021,derived,Kv7: M-type slow K,measured mRNA (rel_level normalised per dataset: derived),13.14,0.03255
Lawf2,Ork1,1.395,0,davis2020;ozel2021,derived,two-pore leak K,measured mRNA (rel_level normalised per dataset: derived),0.85,0.03443
Lawf2,SK,1.202,1,davis2020;ozel2021,derived,SK: Ca-activated K,measured mRNA (rel_level normalised per dataset: derived),546.4,4.372
Lawf2,Sh,0.7006,1,davis2020;ozel2021,derived,Kv1: fast A-type K,measured mRNA (rel_level normalised per dataset: derived),2962,18.7
Lawf2,Shab,1.113,0.5,davis2020;ozel2021,derived,Kv2: delayed-rectifier K,measured mRNA (rel_level normalised per dataset: derived),958.2,1.606
Lawf2,Shal,1.007,1,davis2020;ozel2021,derived,Kv4: somatodendritic A-type K,measured mRNA (rel_level normalised per dataset: derived),186.3,1.267
Lawf2,Shaw,1.015,0.5,davis2020;ozel2021,derived,Kv3: K,measured mRNA (rel_level normalised per dataset: derived),209.3,0.5345
Lawf2,Task6,0.6558,0.995,davis2020;ozel2021,derived,two-pore leak K,measured mRNA (rel_level normalised per dataset: derived),144.2,0.935
Lawf2,Task7,1.025,1,davis2020;ozel2021,derived,two-pore leak K,measured mRNA (rel_level normalised per dataset: derived),44.15,1.429
Lawf2,cac,0.6032,1,davis2020;ozel2021,derived,Cav2: high-voltage-activated Ca,measured mRNA (rel_level normalised per dataset: derived),720.3,2.529
Lawf2,eag,0.8783,0.5,davis2020;ozel2021,derived,Kv10: K,measured mRNA (rel_level normalised per dataset: derived),253.2,1.823
Lawf2,ogre,1.207,0.005,davis2020;ozel2021,derived,innexin,measured mRNA (rel_level normalised per dataset: derived),11.76,0.7719
Lawf2,para,0.7482,1,davis2020;ozel2021,derived,"Nav: voltage-gated Na (spike, persistent Na)",measured mRNA (rel_level normalised per dataset: derived),1227,9.788
Lawf2,sei,0.896,1,davis2020;ozel2021,derived,Kv11 (erg): K,measured mRNA (rel_level normalised per dataset: derived),90.7,0.6401
Lawf2,shakB,2.481,0.505,davis2020;ozel2021,derived,innexin (neuronal gap junctions),measured mRNA (rel_level normalised per dataset: derived),717.3,15.83
Lawf2,slo,1.292,1,davis2020;ozel2021,derived,BK: Ca- and voltage-activated K,measured mRNA (rel_level normalised per dataset: derived),863.4,10.95
Lawf2,zpg,,0,ozel2021,derived,innexin,measured mRNA (rel_level normalised per dataset: derived),,0
Mi1,Ca-alpha1D,0.8326,1,davis2020;ozel2021,derived,Cav1: L-type Ca,measured mRNA (rel_level normalised per dataset: derived),168.8,0.772
Mi1,Ca-alpha1T,2.424,0.53,davis2020;ozel2021,derived,Cav3: T-type (low-voltage) Ca,measured mRNA (rel_level normalised per dataset: derived),2050,3.984
Mi1,Hk,0.5365,1,davis2020;ozel2021,derived,Kv beta subunit,measured mRNA (rel_level normalised per dataset: derived),555.6,9.628
Mi1,Ih,1.024,1,davis2020;ozel2021,derived,HCN: hyperpolarisation-activated cation (Ih),measured mRNA (rel_level normalised per dataset: derived),1048,18.53
Mi1,Inx2,0.6227,0,davis2020;ozel2021,derived,innexin,measured mRNA (rel_level normalised per dataset: derived),6.56,0.3016
Mi1,Inx3,0.5274,0.5,davis2020;ozel2021,derived,innexin,measured mRNA (rel_level normalised per dataset: derived),18.76,0.1197
Mi1,Inx5,,0.48,davis2020;ozel2021,derived,innexin,measured mRNA (rel_level normalised per dataset: derived),2.36,0
Mi1,Inx7,0.3609,0,davis2020;ozel2021,derived,innexin,measured mRNA (rel_level normalised per dataset: derived),0.48,0.001362
Mi1,Irk1,0.8155,0,davis2020;ozel2021,derived,inward-rectifier K,measured mRNA (rel_level normalised per dataset: derived),1.26,0.009708
Mi1,Irk2,0.6884,0,davis2020;ozel2021,derived,inward-rectifier K,measured mRNA (rel_level normalised per dataset: derived),1.33,0.4707
Mi1,Irk3,0.7704,0,davis2020;ozel2021,derived,inward-rectifier K,measured mRNA (rel_level normalised per dataset: derived),0.77,0.1533
Mi1,KCNQ,0.3331,0,davis2020;ozel2021,derived,Kv7: M-type slow K,measured mRNA (rel_level normalised per dataset: derived),11.98,0.0169
Mi1,Ork1,0.6997,0,davis2020;ozel2021,derived,two-pore leak K,measured mRNA (rel_level normalised per dataset: derived),0.74,0.009947
Mi1,SK,0.06098,0.5,davis2020;ozel2021,derived,SK: Ca-activated K,measured mRNA (rel_level normalised per dataset: derived),20.16,0.3047
Mi1,Sh,0.8894,1,davis2020;ozel2021,derived,Kv1: fast A-type K,measured mRNA (rel_level normalised per dataset: derived),3436,25.98
Mi1,Shab,1.076,0.5,davis2020;ozel2021,derived,Kv2: delayed-rectifier K,measured mRNA (rel_level normalised per dataset: derived),1478,0.9732
Mi1,Shal,1.204,1,davis2020;ozel2021,derived,Kv4: somatodendritic A-type K,measured mRNA (rel_level normalised per dataset: derived),253.5,1.333
Mi1,Shaw,0.8349,0.5,davis2020;ozel2021,derived,Kv3: K,measured mRNA (rel_level normalised per dataset: derived),245.4,0.3086
Mi1,Task6,0.8497,1,davis2020;ozel2021,derived,two-pore leak K,measured mRNA (rel_level normalised per dataset: derived),189.3,1.196
Mi1,Task7,1.119,1,davis2020;ozel2021,derived,two-pore leak K,measured mRNA (rel_level normalised per dataset: derived),65.98,1.138
Mi1,cac,0.8939,1,davis2020;ozel2021,derived,Cav2: high-voltage-activated Ca,measured mRNA (rel_level normalised per dataset: derived),986.2,4.056
Mi1,eag,0.05415,0,davis2020;ozel2021,derived,Kv10: K,measured mRNA (rel_level normalised per dataset: derived),15.58,0.1127
Mi1,ogre,0.6886,0,davis2020;ozel2021,derived,innexin,measured mRNA (rel_level normalised per dataset: derived),4.45,0.6638
Mi1,para,0.96,1,davis2020;ozel2021,derived,"Nav: voltage-gated Na (spike, persistent Na)",measured mRNA (rel_level normalised per dataset: derived),1875,10.54
Mi1,sei,0.9477,1,davis2020;ozel2021,derived,Kv11 (erg): K,measured mRNA (rel_level normalised per dataset: derived),102.3,0.6351
Mi1,shakB,0.1,0,davis2020;ozel2021,derived,innexin (neuronal gap junctions),measured mRNA (rel_level normalised per dataset: derived),17.68,1.045
Mi1,slo,0.7729,1,davis2020;ozel2021,derived,BK: Ca- and voltage-activated K,measured mRNA (rel_level normalised per dataset: derived),658.1,5.141
Mi1,zpg,,0,ozel2021,derived,innexin,measured mRNA (rel_level normalised per dataset: derived),,0
Mi15,Ca-alpha1D,0.9254,1,davis2020;ozel2021,derived,Cav1: L-type Ca,measured mRNA (rel_level normalised per dataset: derived),177.6,0.9067
Mi15,Ca-alpha1T,0.2734,0.21,davis2020;ozel2021,derived,Cav3: T-type (low-voltage) Ca,measured mRNA (rel_level normalised per dataset: derived),164.4,0.6323
Mi15,Hk,0.766,1,davis2020;ozel2021,derived,Kv beta subunit,measured mRNA (rel_level normalised per dataset: derived),1094,9.967
Mi15,Ih,0.84,1,davis2020;ozel2021,derived,HCN: hyperpolarisation-activated cation (Ih),measured mRNA (rel_level normalised per dataset: derived),1111,11.75
Mi15,Inx2,1.37,0,davis2020;ozel2021,derived,innexin,measured mRNA (rel_level normalised per dataset: derived),18.18,0.5272
Mi15,Inx3,0.9796,0.5,davis2020;ozel2021,derived,innexin,measured mRNA (rel_level normalised per dataset: derived),40.51,0.1913
Mi15,Inx5,,0,davis2020;ozel2021,derived,innexin,measured mRNA (rel_level normalised per dataset: derived),0.27,0
Mi15,Inx7,2.474,0,davis2020;ozel2021,derived,innexin,measured mRNA (rel_level normalised per dataset: derived),3.29,0
Mi15,Irk1,0.4111,0,davis2020;ozel2021,derived,inward-rectifier K,measured mRNA (rel_level normalised per dataset: derived),0.48,0.006478
Mi15,Irk2,0.7676,0,davis2020;ozel2021,derived,inward-rectifier K,measured mRNA (rel_level normalised per dataset: derived),1.01,0.7707
Mi15,Irk3,0.7411,0,davis2020;ozel2021,derived,inward-rectifier K,measured mRNA (rel_level normalised per dataset: derived),0.31,0.3524
Mi15,KCNQ,0.3775,0,davis2020;ozel2021,derived,Kv7: M-type slow K,measured mRNA (rel_level normalised per dataset: derived),9.22,0.02821
Mi15,Ork1,1.219,0,davis2020;ozel2021,derived,two-pore leak K,measured mRNA (rel_level normalised per dataset: derived),0.59,0.03789
Mi15,SK,1.117,1,davis2020;ozel2021,derived,SK: Ca-activated K,measured mRNA (rel_level normalised per dataset: derived),639.8,3.224
Mi15,Sh,0.7202,1,davis2020;ozel2021,derived,Kv1: fast A-type K,measured mRNA (rel_level normalised per dataset: derived),3225,18.15
Mi15,Shab,0.436,0.5,davis2020;ozel2021,derived,Kv2: delayed-rectifier K,measured mRNA (rel_level normalised per dataset: derived),628.2,0.3761
Mi15,Shal,0.8824,1,davis2020;ozel2021,derived,Kv4: somatodendritic A-type K,measured mRNA (rel_level normalised per dataset: derived),204.7,0.8863
Mi15,Shaw,1.217,0.5,davis2020;ozel2021,derived,Kv3: K,measured mRNA (rel_level normalised per dataset: derived),330.8,0.4862
Mi15,Task6,0.6884,0.99,davis2020;ozel2021,derived,two-pore leak K,measured mRNA (rel_level normalised per dataset: derived),168.7,0.8803
Mi15,Task7,1.475,1,davis2020;ozel2021,derived,two-pore leak K,measured mRNA (rel_level normalised per dataset: derived),71.71,1.819
Mi15,cac,0.79,1,davis2020;ozel2021,derived,Cav2: high-voltage-activated Ca,measured mRNA (rel_level normalised per dataset: derived),919.6,3.398
Mi15,eag,1.108,0.5,davis2020;ozel2021,derived,Kv10: K,measured mRNA (rel_level normalised per dataset: derived),478,1.539
Mi15,ogre,3.379,0.5,davis2020;ozel2021,derived,innexin,measured mRNA (rel_level normalised per dataset: derived),52.47,1.356
Mi15,para,0.6592,1,davis2020;ozel2021,derived,"Nav: voltage-gated Na (spike, persistent Na)",measured mRNA (rel_level normalised per dataset: derived),1306,7.139
Mi15,sei,0.9844,1,davis2020;ozel2021,derived,Kv11 (erg): K,measured mRNA (rel_level normalised per dataset: derived),112,0.626
Mi15,shakB,0.3305,0.015,davis2020;ozel2021,derived,innexin (neuronal gap junctions),measured mRNA (rel_level normalised per dataset: derived),104.3,1.932
Mi15,slo,0.9938,1,davis2020;ozel2021,derived,BK: Ca- and voltage-activated K,measured mRNA (rel_level normalised per dataset: derived),981.9,5.697
Mi15,zpg,,0,ozel2021,derived,innexin,measured mRNA (rel_level normalised per dataset: derived),,0
Mi4,Ca-alpha1D,0.8864,1,davis2020;ozel2021,derived,Cav1: L-type Ca,measured mRNA (rel_level normalised per dataset: derived),215.9,0.6842
Mi4,Ca-alpha1T,0.5406,0.485,davis2020;ozel2021,derived,Cav3: T-type (low-voltage) Ca,measured mRNA (rel_level normalised per dataset: derived),337.7,1.203
Mi4,Hk,0.4993,1,davis2020;ozel2021,derived,Kv beta subunit,measured mRNA (rel_level normalised per dataset: derived),510.8,9.071
Mi4,Ih,0.7024,1,davis2020;ozel2021,derived,HCN: hyperpolarisation-activated cation (Ih),measured mRNA (rel_level normalised per dataset: derived),878.5,10.39
Mi4,Inx2,1.244,0,davis2020;ozel2021,derived,innexin,measured mRNA (rel_level normalised per dataset: derived),19.55,0.4037
Mi4,Inx3,1.344,0.5,davis2020;ozel2021,derived,innexin,measured mRNA (rel_level normalised per dataset: derived),81.01,0.1802
Mi4,Inx5,,0,davis2020;ozel2021,derived,innexin,measured mRNA (rel_level normalised per dataset: derived),0,0
Mi4,Inx7,0.4135,0,davis2020;ozel2021,derived,innexin,measured mRNA (rel_level normalised per dataset: derived),0.55,0
Mi4,Irk1,0.06855,0,davis2020;ozel2021,derived,inward-rectifier K,measured mRNA (rel_level normalised per dataset: derived),10.76,0
Mi4,Irk2,1.523,0,davis2020;ozel2021,derived,inward-rectifier K,measured mRNA (rel_level normalised per dataset: derived),4.47,0.6853
Mi4,Irk3,1.494,0,davis2020;ozel2021,derived,inward-rectifier K,measured mRNA (rel_level normalised per dataset: derived),1.69,0.2625
Mi4,KCNQ,0.6629,0,davis2020;ozel2021,derived,Kv7: M-type slow K,measured mRNA (rel_level normalised per dataset: derived),35.63,0.02251
Mi4,Ork1,1.927,0,davis2020;ozel2021,derived,two-pore leak K,measured mRNA (rel_level normalised per dataset: derived),3.05,0.0183
Mi4,SK,0.1831,0.95,davis2020;ozel2021,derived,SK: Ca-activated K,measured mRNA (rel_level normalised per dataset: derived),132.1,0.4192
Mi4,Sh,0.7577,1,davis2020;ozel2021,derived,Kv1: fast A-type K,measured mRNA (rel_level normalised per dataset: derived),3771,17.18
Mi4,Shab,0.7727,0.5,davis2020;ozel2021,derived,Kv2: delayed-rectifier K,measured mRNA (rel_level normalised per dataset: derived),966.9,0.7675
Mi4,Shal,1.619,1,davis2020;ozel2021,derived,Kv4: somatodendritic A-type K,measured mRNA (rel_level normalised per dataset: derived),314.5,1.942
Mi4,Shaw,0.822,0.5,davis2020;ozel2021,derived,Kv3: K,measured mRNA (rel_level normalised per dataset: derived),193.7,0.3792
Mi4,Task6,0.8557,1,davis2020;ozel2021,derived,two-pore leak K,measured mRNA (rel_level normalised per dataset: derived),166.1,1.381
Mi4,Task7,1.487,1,davis2020;ozel2021,derived,two-pore leak K,measured mRNA (rel_level normalised per dataset: derived),69.63,1.905
Mi4,cac,0.8102,1,davis2020;ozel2021,derived,Cav2: high-voltage-activated Ca,measured mRNA (rel_level normalised per dataset: derived),940.4,3.494
Mi4,eag,0.09026,0,davis2020;ozel2021,derived,Kv10: K,measured mRNA (rel_level normalised per dataset: derived),37.63,0.1296
Mi4,ogre,1.703,0.03,davis2020;ozel2021,derived,innexin,measured mRNA (rel_level normalised per dataset: derived),21.9,0.8248
Mi4,para,0.6587,1,davis2020;ozel2021,derived,"Nav: voltage-gated Na (spike, persistent Na)",measured mRNA (rel_level normalised per dataset: derived),1116,8.337
Mi4,sei,0.9794,1,davis2020;ozel2021,derived,Kv11 (erg): K,measured mRNA (rel_level normalised per dataset: derived),109.3,0.6344
Mi4,shakB,0.2171,0.025,davis2020;ozel2021,derived,innexin (neuronal gap junctions),measured mRNA (rel_level normalised per dataset: derived),67.9,1.281
Mi4,slo,0.8386,1,davis2020;ozel2021,derived,BK: Ca- and voltage-activated K,measured mRNA (rel_level normalised per dataset: derived),724.1,5.501
Mi4,zpg,,0,ozel2021,derived,innexin,measured mRNA (rel_level normalised per dataset: derived),,0
Mi9,Ca-alpha1D,0.6991,0.89,davis2020;ozel2021,derived,Cav1: L-type Ca,measured mRNA (rel_level normalised per dataset: derived),179.7,0.5113
Mi9,Ca-alpha1T,0.2619,0.06,davis2020;ozel2021,derived,Cav3: T-type (low-voltage) Ca,measured mRNA (rel_level normalised per dataset: derived),141.9,0.6721
Mi9,Hk,0.8131,1,davis2020;ozel2021,derived,Kv beta subunit,measured mRNA (rel_level normalised per dataset: derived),1338,9.185
Mi9,Ih,1.085,1,davis2020;ozel2021,derived,HCN: hyperpolarisation-activated cation (Ih),measured mRNA (rel_level normalised per dataset: derived),2326,9.37
Mi9,Inx2,0.8805,0,davis2020;ozel2021,derived,innexin,measured mRNA (rel_level normalised per dataset: derived),5.78,0.6845
Mi9,Inx3,1.548,0.5,davis2020;ozel2021,derived,innexin,measured mRNA (rel_level normalised per dataset: derived),77.91,0.2486
Mi9,Inx5,,0,davis2020;ozel2021,derived,innexin,measured mRNA (rel_level normalised per dataset: derived),0,0
Mi9,Inx7,0.2857,0,davis2020;ozel2021,derived,innexin,measured mRNA (rel_level normalised per dataset: derived),0.38,0
Mi9,Irk1,0.5168,0,davis2020;ozel2021,derived,inward-rectifier K,measured mRNA (rel_level normalised per dataset: derived),0.48,0.01023
Mi9,Irk2,1.22,0,davis2020;ozel2021,derived,inward-rectifier K,measured mRNA (rel_level normalised per dataset: derived),2.42,0.8121
Mi9,Irk3,2.515,0,davis2020;ozel2021,derived,inward-rectifier K,measured mRNA (rel_level normalised per dataset: derived),4.01,0.3138
Mi9,KCNQ,2.924,0,davis2020;ozel2021,derived,Kv7: M-type slow K,measured mRNA (rel_level normalised per dataset: derived),68.04,0.2293
Mi9,Ork1,1.085,0,davis2020;ozel2021,derived,two-pore leak K,measured mRNA (rel_level normalised per dataset: derived),0.85,0.02081
Mi9,SK,0.6508,1,davis2020;ozel2021,derived,SK: Ca-activated K,measured mRNA (rel_level normalised per dataset: derived),640,1.093
Mi9,Sh,1.293,1,davis2020;ozel2021,derived,Kv1: fast A-type K,measured mRNA (rel_level normalised per dataset: derived),1.063e+04,17.75
Mi9,Shab,1.373,0.5,davis2020;ozel2021,derived,Kv2: delayed-rectifier K,measured mRNA (rel_level normalised per dataset: derived),5008,0.468
Mi9,Shal,1.862,1,davis2020;ozel2021,derived,Kv4: somatodendritic A-type K,measured mRNA (rel_level normalised per dataset: derived),482.8,1.673
Mi9,Shaw,0.9291,0.5,davis2020;ozel2021,derived,Kv3: K,measured mRNA (rel_level normalised per dataset: derived),230.1,0.4077
Mi9,Task6,1.13,1,davis2020;ozel2021,derived,two-pore leak K,measured mRNA (rel_level normalised per dataset: derived),303.9,1.316
Mi9,Task7,0.989,1,davis2020;ozel2021,derived,two-pore leak K,measured mRNA (rel_level normalised per dataset: derived),31.79,1.846
Mi9,cac,1.301,1,davis2020;ozel2021,derived,Cav2: high-voltage-activated Ca,measured mRNA (rel_level normalised per dataset: derived),2331,3.632
Mi9,eag,1.59,0.5,davis2020;ozel2021,derived,Kv10: K,measured mRNA (rel_level normalised per dataset: derived),1072,1.411
Mi9,ogre,1.038,0,davis2020;ozel2021,derived,innexin,measured mRNA (rel_level normalised per dataset: derived),5.71,1.175
Mi9,para,1.11,1,davis2020;ozel2021,derived,"Nav: voltage-gated Na (spike, persistent Na)",measured mRNA (rel_level normalised per dataset: derived),4214,6.268
Mi9,sei,1.134,1,davis2020;ozel2021,derived,Kv11 (erg): K,measured mRNA (rel_level normalised per dataset: derived),118.6,0.7849
Mi9,shakB,0.9482,0.5,davis2020;ozel2021,derived,innexin (neuronal gap junctions),measured mRNA (rel_level normalised per dataset: derived),404.7,4.099
Mi9,slo,1.304,1,davis2020;ozel2021,derived,BK: Ca- and voltage-activated K,measured mRNA (rel_level normalised per dataset: derived),1756,5.482
Mi9,zpg,,0,ozel2021,derived,innexin,measured mRNA (rel_level normalised per dataset: derived),,0
PAM02,Ca-alpha1D,1.178,1,davis2020,inferred,Cav1: L-type Ca,measured mRNA (rel_level normalised per dataset: derived),260,
PAM02,Ca-alpha1T,3.903,1,davis2020,inferred,Cav3: T-type (low-voltage) Ca,measured mRNA (rel_level normalised per dataset: derived),2285,
PAM02,Hk,0.774,1,davis2020,inferred,Kv beta subunit,measured mRNA (rel_level normalised per dataset: derived),973.1,
PAM02,Ih,0.8432,1,davis2020,inferred,HCN: hyperpolarisation-activated cation (Ih),measured mRNA (rel_level normalised per dataset: derived),1318,
PAM02,Inx2,2.75,0.05,davis2020,inferred,innexin,measured mRNA (rel_level normalised per dataset: derived),28.3,
PAM02,Inx3,3.164,1,davis2020,inferred,innexin,measured mRNA (rel_level normalised per dataset: derived),128.2,
PAM02,Inx5,,0,davis2020,inferred,innexin,measured mRNA (rel_level normalised per dataset: derived),0,
PAM02,Inx7,0.1429,0,davis2020,inferred,innexin,measured mRNA (rel_level normalised per dataset: derived),0.19,
PAM02,Irk1,3.328,0,davis2020,inferred,inward-rectifier K,measured mRNA (rel_level normalised per dataset: derived),7.62,
PAM02,Irk2,2.429,0,davis2020,inferred,inward-rectifier K,measured mRNA (rel_level normalised per dataset: derived),4.47,
PAM02,Irk3,3.275,0,davis2020,inferred,inward-rectifier K,measured mRNA (rel_level normalised per dataset: derived),2.26,
PAM02,KCNQ,0.6539,0,davis2020,inferred,Kv7: M-type slow K,measured mRNA (rel_level normalised per dataset: derived),18.97,
PAM02,Ork1,4.176,0,davis2020,inferred,two-pore leak K,measured mRNA (rel_level normalised per dataset: derived),3.55,
PAM02,SK,1.513,1,davis2020,inferred,SK: Ca-activated K,measured mRNA (rel_level normalised per dataset: derived),1066,
PAM02,Sh,1.087,1,davis2020,inferred,Kv1: fast A-type K,measured mRNA (rel_level normalised per dataset: derived),5968,
PAM02,Shab,0.7813,1,davis2020,inferred,Kv2: delayed-rectifier K,measured mRNA (rel_level normalised per dataset: derived),1155,
PAM02,Shal,1.402,1,davis2020,inferred,Kv4: somatodendritic A-type K,measured mRNA (rel_level normalised per dataset: derived),286.9,
PAM02,Shaw,1.31,1,davis2020,inferred,Kv3: K,measured mRNA (rel_level normalised per dataset: derived),308.4,
PAM02,Task6,1.159,1,davis2020,inferred,two-pore leak K,measured mRNA (rel_level normalised per dataset: derived),252.6,
PAM02,Task7,0.6102,1,davis2020,inferred,two-pore leak K,measured mRNA (rel_level normalised per dataset: derived),22.48,
PAM02,cac,1.056,1,davis2020,inferred,Cav2: high-voltage-activated Ca,measured mRNA (rel_level normalised per dataset: derived),1371,
PAM02,eag,1.423,1,davis2020,inferred,Kv10: K,measured mRNA (rel_level normalised per dataset: derived),700.1,
PAM02,ogre,11.03,0.99,davis2020,inferred,innexin,measured mRNA (rel_level normalised per dataset: derived),74.64,
PAM02,para,0.7404,1,davis2020,inferred,"Nav: voltage-gated Na (spike, persistent Na)",measured mRNA (rel_level normalised per dataset: derived),1750,
PAM02,sei,0.8412,1,davis2020,inferred,Kv11 (erg): K,measured mRNA (rel_level normalised per dataset: derived),83.4,
PAM02,shakB,1.034,0.99,davis2020,inferred,innexin (neuronal gap junctions),measured mRNA (rel_level normalised per dataset: derived),365.4,
PAM02,slo,1.005,1,davis2020,inferred,BK: Ca- and voltage-activated K,measured mRNA (rel_level normalised per dataset: derived),1038,
PAM04,Ca-alpha1D,1.233,1,davis2020,inferred,Cav1: L-type Ca,measured mRNA (rel_level normalised per dataset: derived),272.1,
PAM04,Ca-alpha1T,2.332,1,davis2020,inferred,Cav3: T-type (low-voltage) Ca,measured mRNA (rel_level normalised per dataset: derived),1365,
PAM04,Hk,0.9062,1,davis2020,inferred,Kv beta subunit,measured mRNA (rel_level normalised per dataset: derived),1139,
PAM04,Ih,0.6416,1,davis2020,inferred,HCN: hyperpolarisation-activated cation (Ih),measured mRNA (rel_level normalised per dataset: derived),1003,
PAM04,Inx2,3.785,0.74,davis2020,inferred,innexin,measured mRNA (rel_level normalised per dataset: derived),38.95,
PAM04,Inx3,2.95,1,davis2020,inferred,innexin,measured mRNA (rel_level normalised per dataset: derived),119.5,
PAM04,Inx5,,0,davis2020,inferred,innexin,measured mRNA (rel_level normalised per dataset: derived),0,
PAM04,Inx7,2.917,0.05,davis2020,inferred,innexin,measured mRNA (rel_level normalised per dataset: derived),3.88,
PAM04,Irk1,6.009,0,davis2020,inferred,inward-rectifier K,measured mRNA (rel_level normalised per dataset: derived),13.76,
PAM04,Irk2,3.141,0,davis2020,inferred,inward-rectifier K,measured mRNA (rel_level normalised per dataset: derived),5.78,
PAM04,Irk3,0.1304,0,davis2020,inferred,inward-rectifier K,measured mRNA (rel_level normalised per dataset: derived),0.09,
PAM04,KCNQ,0.4006,0,davis2020,inferred,Kv7: M-type slow K,measured mRNA (rel_level normalised per dataset: derived),11.62,
PAM04,Ork1,3.176,0,davis2020,inferred,two-pore leak K,measured mRNA (rel_level normalised per dataset: derived),2.7,
PAM04,SK,2.925,1,davis2020,inferred,SK: Ca-activated K,measured mRNA (rel_level normalised per dataset: derived),2061,
PAM04,Sh,1.137,1,davis2020,inferred,Kv1: fast A-type K,measured mRNA (rel_level normalised per dataset: derived),6243,
PAM04,Shab,1.137,1,davis2020,inferred,Kv2: delayed-rectifier K,measured mRNA (rel_level normalised per dataset: derived),1681,
PAM04,Shal,1.467,1,davis2020,inferred,Kv4: somatodendritic A-type K,measured mRNA (rel_level normalised per dataset: derived),300.3,
PAM04,Shaw,1.101,1,davis2020,inferred,Kv3: K,measured mRNA (rel_level normalised per dataset: derived),259.2,
PAM04,Task6,1.395,1,davis2020,inferred,two-pore leak K,measured mRNA (rel_level normalised per dataset: derived),304.2,
PAM04,Task7,1.388,1,davis2020,inferred,two-pore leak K,measured mRNA (rel_level normalised per dataset: derived),51.14,
PAM04,cac,1.132,1,davis2020,inferred,Cav2: high-voltage-activated Ca,measured mRNA (rel_level normalised per dataset: derived),1469,
PAM04,eag,1,1,davis2020,inferred,Kv10: K,measured mRNA (rel_level normalised per dataset: derived),492.1,
PAM04,ogre,4.154,0.11,davis2020,inferred,innexin,measured mRNA (rel_level normalised per dataset: derived),28.12,
PAM04,para,0.8344,1,davis2020,inferred,"Nav: voltage-gated Na (spike, persistent Na)",measured mRNA (rel_level normalised per dataset: derived),1972,
PAM04,sei,0.6764,1,davis2020,inferred,Kv11 (erg): K,measured mRNA (rel_level normalised per dataset: derived),67.06,
PAM04,shakB,0.7339,0.94,davis2020,inferred,innexin (neuronal gap junctions),measured mRNA (rel_level normalised per dataset: derived),259.5,
PAM04,slo,1.061,1,davis2020,inferred,BK: Ca- and voltage-activated K,measured mRNA (rel_level normalised per dataset: derived),1096,
PAM07,Ca-alpha1D,0.3704,1,davis2020,inferred,Cav1: L-type Ca,measured mRNA (rel_level normalised per dataset: derived),81.75,
PAM07,Ca-alpha1T,0.03737,0,davis2020,inferred,Cav3: T-type (low-voltage) Ca,measured mRNA (rel_level normalised per dataset: derived),21.88,
PAM07,Hk,0.2626,0.98,davis2020,inferred,Kv beta subunit,measured mRNA (rel_level normalised per dataset: derived),330.2,
PAM07,Ih,0.4546,1,davis2020,inferred,HCN: hyperpolarisation-activated cation (Ih),measured mRNA (rel_level normalised per dataset: derived),710.8,
PAM07,Inx2,12.3,1,davis2020,inferred,innexin,measured mRNA (rel_level normalised per dataset: derived),126.6,
PAM07,Inx3,8.318,1,davis2020,inferred,innexin,measured mRNA (rel_level normalised per dataset: derived),337,
PAM07,Inx5,,0,davis2020,inferred,innexin,measured mRNA (rel_level normalised per dataset: derived),0.37,
PAM07,Inx7,2.068,0,davis2020,inferred,innexin,measured mRNA (rel_level normalised per dataset: derived),2.75,
PAM07,Irk1,80.74,1,davis2020,inferred,inward-rectifier K,measured mRNA (rel_level normalised per dataset: derived),184.9,
PAM07,Irk2,1.462,0,davis2020,inferred,inward-rectifier K,measured mRNA (rel_level normalised per dataset: derived),2.69,
PAM07,Irk3,7.957,0,davis2020,inferred,inward-rectifier K,measured mRNA (rel_level normalised per dataset: derived),5.49,
PAM07,KCNQ,0.8742,0,davis2020,inferred,Kv7: M-type slow K,measured mRNA (rel_level normalised per dataset: derived),25.36,
PAM07,Ork1,0.9765,0,davis2020,inferred,two-pore leak K,measured mRNA (rel_level normalised per dataset: derived),0.83,
PAM07,SK,0.3356,1,davis2020,inferred,SK: Ca-activated K,measured mRNA (rel_level normalised per dataset: derived),236.5,
PAM07,Sh,0.325,1,davis2020,inferred,Kv1: fast A-type K,measured mRNA (rel_level normalised per dataset: derived),1784,
PAM07,Shab,0.6368,1,davis2020,inferred,Kv2: delayed-rectifier K,measured mRNA (rel_level normalised per dataset: derived),941.1,
PAM07,Shal,0.4544,1,davis2020,inferred,Kv4: somatodendritic A-type K,measured mRNA (rel_level normalised per dataset: derived),93,
PAM07,Shaw,0.2715,1,davis2020,inferred,Kv3: K,measured mRNA (rel_level normalised per dataset: derived),63.89,
PAM07,Task6,0.2938,1,davis2020,inferred,two-pore leak K,measured mRNA (rel_level normalised per dataset: derived),64.05,
PAM07,Task7,0.5461,1,davis2020,inferred,two-pore leak K,measured mRNA (rel_level normalised per dataset: derived),20.12,
PAM07,cac,0.5549,1,davis2020,inferred,Cav2: high-voltage-activated Ca,measured mRNA (rel_level normalised per dataset: derived),720.6,
PAM07,eag,0.07819,0,davis2020,inferred,Kv10: K,measured mRNA (rel_level normalised per dataset: derived),38.48,
PAM07,ogre,15.37,1,davis2020,inferred,innexin,measured mRNA (rel_level normalised per dataset: derived),104,
PAM07,para,0.3179,1,davis2020,inferred,"Nav: voltage-gated Na (spike, persistent Na)",measured mRNA (rel_level normalised per dataset: derived),751.3,
PAM07,sei,0.3209,0.73,davis2020,inferred,Kv11 (erg): K,measured mRNA (rel_level normalised per dataset: derived),31.81,
PAM07,shakB,0.1889,0.04,davis2020,inferred,innexin (neuronal gap junctions),measured mRNA (rel_level normalised per dataset: derived),66.8,
PAM07,slo,0.4961,1,davis2020,inferred,BK: Ca- and voltage-activated K,measured mRNA (rel_level normalised per dataset: derived),512.6,
PAM08,Ca-alpha1D,0.3704,1,davis2020,inferred,Cav1: L-type Ca,measured mRNA (rel_level normalised per dataset: derived),81.75,
PAM08,Ca-alpha1T,0.03737,0,davis2020,inferred,Cav3: T-type (low-voltage) Ca,measured mRNA (rel_level normalised per dataset: derived),21.88,
PAM08,Hk,0.2626,0.98,davis2020,inferred,Kv beta subunit,measured mRNA (rel_level normalised per dataset: derived),330.2,
PAM08,Ih,0.4546,1,davis2020,inferred,HCN: hyperpolarisation-activated cation (Ih),measured mRNA (rel_level normalised per dataset: derived),710.8,
PAM08,Inx2,12.3,1,davis2020,inferred,innexin,measured mRNA (rel_level normalised per dataset: derived),126.6,
PAM08,Inx3,8.318,1,davis2020,inferred,innexin,measured mRNA (rel_level normalised per dataset: derived),337,
PAM08,Inx5,,0,davis2020,inferred,innexin,measured mRNA (rel_level normalised per dataset: derived),0.37,
PAM08,Inx7,2.068,0,davis2020,inferred,innexin,measured mRNA (rel_level normalised per dataset: derived),2.75,
PAM08,Irk1,80.74,1,davis2020,inferred,inward-rectifier K,measured mRNA (rel_level normalised per dataset: derived),184.9,
PAM08,Irk2,1.462,0,davis2020,inferred,inward-rectifier K,measured mRNA (rel_level normalised per dataset: derived),2.69,
PAM08,Irk3,7.957,0,davis2020,inferred,inward-rectifier K,measured mRNA (rel_level normalised per dataset: derived),5.49,
PAM08,KCNQ,0.8742,0,davis2020,inferred,Kv7: M-type slow K,measured mRNA (rel_level normalised per dataset: derived),25.36,
PAM08,Ork1,0.9765,0,davis2020,inferred,two-pore leak K,measured mRNA (rel_level normalised per dataset: derived),0.83,
PAM08,SK,0.3356,1,davis2020,inferred,SK: Ca-activated K,measured mRNA (rel_level normalised per dataset: derived),236.5,
PAM08,Sh,0.325,1,davis2020,inferred,Kv1: fast A-type K,measured mRNA (rel_level normalised per dataset: derived),1784,
PAM08,Shab,0.6368,1,davis2020,inferred,Kv2: delayed-rectifier K,measured mRNA (rel_level normalised per dataset: derived),941.1,
PAM08,Shal,0.4544,1,davis2020,inferred,Kv4: somatodendritic A-type K,measured mRNA (rel_level normalised per dataset: derived),93,
PAM08,Shaw,0.2715,1,davis2020,inferred,Kv3: K,measured mRNA (rel_level normalised per dataset: derived),63.89,
PAM08,Task6,0.2938,1,davis2020,inferred,two-pore leak K,measured mRNA (rel_level normalised per dataset: derived),64.05,
PAM08,Task7,0.5461,1,davis2020,inferred,two-pore leak K,measured mRNA (rel_level normalised per dataset: derived),20.12,
PAM08,cac,0.5549,1,davis2020,inferred,Cav2: high-voltage-activated Ca,measured mRNA (rel_level normalised per dataset: derived),720.6,
PAM08,eag,0.07819,0,davis2020,inferred,Kv10: K,measured mRNA (rel_level normalised per dataset: derived),38.48,
PAM08,ogre,15.37,1,davis2020,inferred,innexin,measured mRNA (rel_level normalised per dataset: derived),104,
PAM08,para,0.3179,1,davis2020,inferred,"Nav: voltage-gated Na (spike, persistent Na)",measured mRNA (rel_level normalised per dataset: derived),751.3,
PAM08,sei,0.3209,0.73,davis2020,inferred,Kv11 (erg): K,measured mRNA (rel_level normalised per dataset: derived),31.81,
PAM08,shakB,0.1889,0.04,davis2020,inferred,innexin (neuronal gap junctions),measured mRNA (rel_level normalised per dataset: derived),66.8,
PAM08,slo,0.4961,1,davis2020,inferred,BK: Ca- and voltage-activated K,measured mRNA (rel_level normalised per dataset: derived),512.6,
PAM10,Ca-alpha1D,1.233,1,davis2020,inferred,Cav1: L-type Ca,measured mRNA (rel_level normalised per dataset: derived),272.1,
PAM10,Ca-alpha1T,2.332,1,davis2020,inferred,Cav3: T-type (low-voltage) Ca,measured mRNA (rel_level normalised per dataset: derived),1365,
PAM10,Hk,0.9062,1,davis2020,inferred,Kv beta subunit,measured mRNA (rel_level normalised per dataset: derived),1139,
PAM10,Ih,0.6416,1,davis2020,inferred,HCN: hyperpolarisation-activated cation (Ih),measured mRNA (rel_level normalised per dataset: derived),1003,
PAM10,Inx2,3.785,0.74,davis2020,inferred,innexin,measured mRNA (rel_level normalised per dataset: derived),38.95,
PAM10,Inx3,2.95,1,davis2020,inferred,innexin,measured mRNA (rel_level normalised per dataset: derived),119.5,
PAM10,Inx5,,0,davis2020,inferred,innexin,measured mRNA (rel_level normalised per dataset: derived),0,
PAM10,Inx7,2.917,0.05,davis2020,inferred,innexin,measured mRNA (rel_level normalised per dataset: derived),3.88,
PAM10,Irk1,6.009,0,davis2020,inferred,inward-rectifier K,measured mRNA (rel_level normalised per dataset: derived),13.76,
PAM10,Irk2,3.141,0,davis2020,inferred,inward-rectifier K,measured mRNA (rel_level normalised per dataset: derived),5.78,
PAM10,Irk3,0.1304,0,davis2020,inferred,inward-rectifier K,measured mRNA (rel_level normalised per dataset: derived),0.09,
PAM10,KCNQ,0.4006,0,davis2020,inferred,Kv7: M-type slow K,measured mRNA (rel_level normalised per dataset: derived),11.62,
PAM10,Ork1,3.176,0,davis2020,inferred,two-pore leak K,measured mRNA (rel_level normalised per dataset: derived),2.7,
PAM10,SK,2.925,1,davis2020,inferred,SK: Ca-activated K,measured mRNA (rel_level normalised per dataset: derived),2061,
PAM10,Sh,1.137,1,davis2020,inferred,Kv1: fast A-type K,measured mRNA (rel_level normalised per dataset: derived),6243,
PAM10,Shab,1.137,1,davis2020,inferred,Kv2: delayed-rectifier K,measured mRNA (rel_level normalised per dataset: derived),1681,
PAM10,Shal,1.467,1,davis2020,inferred,Kv4: somatodendritic A-type K,measured mRNA (rel_level normalised per dataset: derived),300.3,
PAM10,Shaw,1.101,1,davis2020,inferred,Kv3: K,measured mRNA (rel_level normalised per dataset: derived),259.2,
PAM10,Task6,1.395,1,davis2020,inferred,two-pore leak K,measured mRNA (rel_level normalised per dataset: derived),304.2,
PAM10,Task7,1.388,1,davis2020,inferred,two-pore leak K,measured mRNA (rel_level normalised per dataset: derived),51.14,
PAM10,cac,1.132,1,davis2020,inferred,Cav2: high-voltage-activated Ca,measured mRNA (rel_level normalised per dataset: derived),1469,
PAM10,eag,1,1,davis2020,inferred,Kv10: K,measured mRNA (rel_level normalised per dataset: derived),492.1,
PAM10,ogre,4.154,0.11,davis2020,inferred,innexin,measured mRNA (rel_level normalised per dataset: derived),28.12,
PAM10,para,0.8344,1,davis2020,inferred,"Nav: voltage-gated Na (spike, persistent Na)",measured mRNA (rel_level normalised per dataset: derived),1972,
PAM10,sei,0.6764,1,davis2020,inferred,Kv11 (erg): K,measured mRNA (rel_level normalised per dataset: derived),67.06,
PAM10,shakB,0.7339,0.94,davis2020,inferred,innexin (neuronal gap junctions),measured mRNA (rel_level normalised per dataset: derived),259.5,
PAM10,slo,1.061,1,davis2020,inferred,BK: Ca- and voltage-activated K,measured mRNA (rel_level normalised per dataset: derived),1096,
PEN_a(PEN1),Ca-alpha1D,1.31,1,davis2020,contaminated,Cav1: L-type Ca,measured mRNA (rel_level normalised per dataset: derived),289.2,
PEN_a(PEN1),Ca-alpha1T,6.216,1,davis2020,contaminated,Cav3: T-type (low-voltage) Ca,measured mRNA (rel_level normalised per dataset: derived),3640,
PEN_a(PEN1),Hk,1.786,1,davis2020,contaminated,Kv beta subunit,measured mRNA (rel_level normalised per dataset: derived),2246,
PEN_a(PEN1),Ih,2.104,1,davis2020,contaminated,HCN: hyperpolarisation-activated cation (Ih),measured mRNA (rel_level normalised per dataset: derived),3290,
PEN_a(PEN1),Inx2,1.182,0,davis2020,contaminated,innexin,measured mRNA (rel_level normalised per dataset: derived),12.16,
PEN_a(PEN1),Inx3,0.744,1,davis2020,contaminated,innexin,measured mRNA (rel_level normalised per dataset: derived),30.14,
PEN_a(PEN1),Inx5,,0,davis2020,contaminated,innexin,measured mRNA (rel_level normalised per dataset: derived),0,
PEN_a(PEN1),Inx7,0.001,0,davis2020,contaminated,innexin,measured mRNA (rel_level normalised per dataset: derived),0,
PEN_a(PEN1),Irk1,1,0,davis2020,contaminated,inward-rectifier K,measured mRNA (rel_level normalised per dataset: derived),2.29,
PEN_a(PEN1),Irk2,0.8152,0,davis2020,contaminated,inward-rectifier K,measured mRNA (rel_level normalised per dataset: derived),1.5,
PEN_a(PEN1),Irk3,1.855,0,davis2020,contaminated,inward-rectifier K,measured mRNA (rel_level normalised per dataset: derived),1.28,
PEN_a(PEN1),KCNQ,0.4402,0,davis2020,contaminated,Kv7: M-type slow K,measured mRNA (rel_level normalised per dataset: derived),12.77,
PEN_a(PEN1),Ork1,0.6,0,davis2020,contaminated,two-pore leak K,measured mRNA (rel_level normalised per dataset: derived),0.51,
PEN_a(PEN1),SK,1.253,1,davis2020,contaminated,SK: Ca-activated K,measured mRNA (rel_level normalised per dataset: derived),883,
PEN_a(PEN1),Sh,3.223,1,davis2020,contaminated,Kv1: fast A-type K,measured mRNA (rel_level normalised per dataset: derived),1.77e+04,
PEN_a(PEN1),Shab,2.094,1,davis2020,contaminated,Kv2: delayed-rectifier K,measured mRNA (rel_level normalised per dataset: derived),3095,
PEN_a(PEN1),Shal,1.292,1,davis2020,contaminated,Kv4: somatodendritic A-type K,measured mRNA (rel_level normalised per dataset: derived),264.4,
PEN_a(PEN1),Shaw,1.067,1,davis2020,contaminated,Kv3: K,measured mRNA (rel_level normalised per dataset: derived),251.1,
PEN_a(PEN1),Task6,1.104,1,davis2020,contaminated,two-pore leak K,measured mRNA (rel_level normalised per dataset: derived),240.7,
PEN_a(PEN1),Task7,0.3483,0.99,davis2020,contaminated,two-pore leak K,measured mRNA (rel_level normalised per dataset: derived),12.83,
PEN_a(PEN1),cac,2.167,1,davis2020,contaminated,Cav2: high-voltage-activated Ca,measured mRNA (rel_level normalised per dataset: derived),2814,
PEN_a(PEN1),eag,0.8965,1,davis2020,contaminated,Kv10: K,measured mRNA (rel_level normalised per dataset: derived),441.2,
PEN_a(PEN1),ogre,0.08124,0,davis2020,contaminated,innexin,measured mRNA (rel_level normalised per dataset: derived),0.55,
PEN_a(PEN1),para,3.135,1,davis2020,contaminated,"Nav: voltage-gated Na (spike, persistent Na)",measured mRNA (rel_level normalised per dataset: derived),7410,
PEN_a(PEN1),sei,0.569,1,davis2020,contaminated,Kv11 (erg): K,measured mRNA (rel_level normalised per dataset: derived),56.41,
PEN_a(PEN1),shakB,1.639,1,davis2020,contaminated,innexin (neuronal gap junctions),measured mRNA (rel_level normalised per dataset: derived),579.5,
PEN_a(PEN1),slo,3.01,1,davis2020,contaminated,BK: Ca- and voltage-activated K,measured mRNA (rel_level normalised per dataset: derived),3111,
Pm1,Ca-alpha1D,0.7011,0.96,ozel2021,derived,Cav1: L-type Ca,measured mRNA (rel_level normalised per dataset: derived),,0.5972
Pm1,Ca-alpha1T,0.6052,0,ozel2021,derived,Cav3: T-type (low-voltage) Ca,measured mRNA (rel_level normalised per dataset: derived),,1.437
Pm1,Hk,0.6034,1,ozel2021,derived,Kv beta subunit,measured mRNA (rel_level normalised per dataset: derived),,8.92
Pm1,Ih,0.825,1,ozel2021,derived,HCN: hyperpolarisation-activated cation (Ih),measured mRNA (rel_level normalised per dataset: derived),,9.761
Pm1,Inx2,0.599,0,ozel2021,derived,innexin,measured mRNA (rel_level normalised per dataset: derived),,0.2971
Pm1,Inx3,0.1715,0,ozel2021,derived,innexin,measured mRNA (rel_level normalised per dataset: derived),,0.03419
Pm1,Inx5,,0,ozel2021,derived,innexin,measured mRNA (rel_level normalised per dataset: derived),,0
Pm1,Inx7,,0,ozel2021,derived,innexin,measured mRNA (rel_level normalised per dataset: derived),,0
Pm1,Irk1,0.001,0,ozel2021,derived,inward-rectifier K,measured mRNA (rel_level normalised per dataset: derived),,0
Pm1,Irk2,0.4615,0,ozel2021,derived,inward-rectifier K,measured mRNA (rel_level normalised per dataset: derived),,0.3314
Pm1,Irk3,0.8829,0,ozel2021,derived,inward-rectifier K,measured mRNA (rel_level normalised per dataset: derived),,0.2545
Pm1,KCNQ,3.031,0,ozel2021,derived,Kv7: M-type slow K,measured mRNA (rel_level normalised per dataset: derived),,0.1906
Pm1,Ork1,0.5315,0,ozel2021,derived,two-pore leak K,measured mRNA (rel_level normalised per dataset: derived),,0.009403
Pm1,SK,0.47,1,ozel2021,derived,SK: Ca-activated K,measured mRNA (rel_level normalised per dataset: derived),,1.102
Pm1,Sh,0.8749,1,ozel2021,derived,Kv1: fast A-type K,measured mRNA (rel_level normalised per dataset: derived),,17.99
Pm1,Shab,1.339,0,ozel2021,derived,Kv2: delayed-rectifier K,measured mRNA (rel_level normalised per dataset: derived),,1.126
Pm1,Shal,0.9929,1,ozel2021,derived,Kv4: somatodendritic A-type K,measured mRNA (rel_level normalised per dataset: derived),,1.13
Pm1,Shaw,0.9823,0,ozel2021,derived,Kv3: K,measured mRNA (rel_level normalised per dataset: derived),,0.4536
Pm1,Task6,0.9428,1,ozel2021,derived,two-pore leak K,measured mRNA (rel_level normalised per dataset: derived),,1.355
Pm1,Task7,1.515,1,ozel2021,derived,two-pore leak K,measured mRNA (rel_level normalised per dataset: derived),,2.468
Pm1,cac,0.9457,1,ozel2021,derived,Cav2: high-voltage-activated Ca,measured mRNA (rel_level normalised per dataset: derived),,3.646
Pm1,eag,1.379,0,ozel2021,derived,Kv10: K,measured mRNA (rel_level normalised per dataset: derived),,1.677
Pm1,ogre,0.4633,0,ozel2021,derived,innexin,measured mRNA (rel_level normalised per dataset: derived),,0.4263
Pm1,para,0.6672,1,ozel2021,derived,"Nav: voltage-gated Na (spike, persistent Na)",measured mRNA (rel_level normalised per dataset: derived),,6.054
Pm1,sei,0.978,1,ozel2021,derived,Kv11 (erg): K,measured mRNA (rel_level normalised per dataset: derived),,0.7134
Pm1,shakB,0.09932,0,ozel2021,derived,innexin (neuronal gap junctions),measured mRNA (rel_level normalised per dataset: derived),,0.5184
Pm1,slo,0.8309,1,ozel2021,derived,BK: Ca- and voltage-activated K,measured mRNA (rel_level normalised per dataset: derived),,4.554
Pm1,zpg,,0,ozel2021,derived,innexin,measured mRNA (rel_level normalised per dataset: derived),,0
Pm3,Ca-alpha1D,1.1,1,davis2020;ozel2021,derived,Cav1: L-type Ca,measured mRNA (rel_level normalised per dataset: derived),275.6,0.8256
Pm3,Ca-alpha1T,1.327,0.5,davis2020;ozel2021,derived,Cav3: T-type (low-voltage) Ca,measured mRNA (rel_level normalised per dataset: derived),1253,1.953
Pm3,Hk,0.9579,1,davis2020;ozel2021,derived,Kv beta subunit,measured mRNA (rel_level normalised per dataset: derived),1736,9.823
Pm3,Ih,1.159,1,davis2020;ozel2021,derived,HCN: hyperpolarisation-activated cation (Ih),measured mRNA (rel_level normalised per dataset: derived),2875,8.65
Pm3,Inx2,1.612,0.015,davis2020;ozel2021,derived,innexin,measured mRNA (rel_level normalised per dataset: derived),24.12,0.5496
Pm3,Inx3,1.71,0.5,davis2020;ozel2021,derived,innexin,measured mRNA (rel_level normalised per dataset: derived),85.9,0.2751
Pm3,Inx5,,0,davis2020;ozel2021,derived,innexin,measured mRNA (rel_level normalised per dataset: derived),0,0
Pm3,Inx7,0.7218,0.5,davis2020;ozel2021,derived,innexin,measured mRNA (rel_level normalised per dataset: derived),0.96,0.04803
Pm3,Irk1,0.06813,0,davis2020;ozel2021,derived,inward-rectifier K,measured mRNA (rel_level normalised per dataset: derived),10.63,0
Pm3,Irk2,1.776,0,davis2020;ozel2021,derived,inward-rectifier K,measured mRNA (rel_level normalised per dataset: derived),7.78,0.5358
Pm3,Irk3,2.11,0,davis2020;ozel2021,derived,inward-rectifier K,measured mRNA (rel_level normalised per dataset: derived),3.88,0.2282
Pm3,KCNQ,0.4617,0.005,davis2020;ozel2021,derived,Kv7: M-type slow K,measured mRNA (rel_level normalised per dataset: derived),63.1,0.006164
Pm3,Ork1,0.06499,0,davis2020;ozel2021,derived,two-pore leak K,measured mRNA (rel_level normalised per dataset: derived),3.59,0
Pm3,SK,1.068,1,davis2020;ozel2021,derived,SK: Ca-activated K,measured mRNA (rel_level normalised per dataset: derived),1603,1.175
Pm3,Sh,1.844,1,davis2020;ozel2021,derived,Kv1: fast A-type K,measured mRNA (rel_level normalised per dataset: derived),1.611e+04,23.82
Pm3,Shab,2.957,0.5,davis2020;ozel2021,derived,Kv2: delayed-rectifier K,measured mRNA (rel_level normalised per dataset: derived),1.181e+04,0.9196
Pm3,Shal,1.333,1,davis2020;ozel2021,derived,Kv4: somatodendritic A-type K,measured mRNA (rel_level normalised per dataset: derived),250.3,1.654
Pm3,Shaw,0.7525,0.5,davis2020;ozel2021,derived,Kv3: K,measured mRNA (rel_level normalised per dataset: derived),248.8,0.2474
Pm3,Task6,0.8982,1,davis2020;ozel2021,derived,two-pore leak K,measured mRNA (rel_level normalised per dataset: derived),204.7,1.235
Pm3,Task7,0.732,1,davis2020;ozel2021,derived,two-pore leak K,measured mRNA (rel_level normalised per dataset: derived),23.56,1.365
Pm3,cac,1.312,1,davis2020;ozel2021,derived,Cav2: high-voltage-activated Ca,measured mRNA (rel_level normalised per dataset: derived),2227,3.871
Pm3,eag,1.336,0.5,davis2020;ozel2021,derived,Kv10: K,measured mRNA (rel_level normalised per dataset: derived),1281,0.834
Pm3,ogre,1.388,0.03,davis2020;ozel2021,derived,innexin,measured mRNA (rel_level normalised per dataset: derived),19.22,0.6244
Pm3,para,0.9364,1,davis2020;ozel2021,derived,"Nav: voltage-gated Na (spike, persistent Na)",measured mRNA (rel_level normalised per dataset: derived),3158,5.954
Pm3,sei,0.6765,1,davis2020;ozel2021,derived,Kv11 (erg): K,measured mRNA (rel_level normalised per dataset: derived),58.13,0.5694
Pm3,shakB,1.396,0.5,davis2020;ozel2021,derived,innexin (neuronal gap junctions),measured mRNA (rel_level normalised per dataset: derived),1300,2.767
Pm3,slo,0.5468,0.5,davis2020;ozel2021,derived,BK: Ca- and voltage-activated K,measured mRNA (rel_level normalised per dataset: derived),1097,1.544
Pm3,zpg,,0,ozel2021,inferred,innexin,measured mRNA (rel_level normalised per dataset: derived),,0
Pm4,Ca-alpha1D,1.062,1,davis2020;ozel2021,derived,Cav1: L-type Ca,measured mRNA (rel_level normalised per dataset: derived),291.9,0.7266
Pm4,Ca-alpha1T,11.12,1,davis2020;ozel2021,derived,Cav3: T-type (low-voltage) Ca,measured mRNA (rel_level normalised per dataset: derived),1.412e+04,12.18
Pm4,Hk,0.9466,1,davis2020;ozel2021,derived,Kv beta subunit,measured mRNA (rel_level normalised per dataset: derived),1598,10.42
Pm4,Ih,0.7365,0.985,davis2020;ozel2021,derived,HCN: hyperpolarisation-activated cation (Ih),measured mRNA (rel_level normalised per dataset: derived),1564,6.418
Pm4,Inx2,0.6769,0,davis2020;ozel2021,derived,innexin,measured mRNA (rel_level normalised per dataset: derived),7.31,0.3199
Pm4,Inx3,0.6246,0.5,davis2020;ozel2021,derived,innexin,measured mRNA (rel_level normalised per dataset: derived),32.64,0.09654
Pm4,Inx5,,0,davis2020;ozel2021,derived,innexin,measured mRNA (rel_level normalised per dataset: derived),0,0
Pm4,Inx7,2.714,0.01,davis2020;ozel2021,derived,innexin,measured mRNA (rel_level normalised per dataset: derived),3.61,0.01633
Pm4,Irk1,0.01645,0,davis2020;ozel2021,derived,inward-rectifier K,measured mRNA (rel_level normalised per dataset: derived),0.62,0
Pm4,Irk2,0.6976,0,davis2020;ozel2021,derived,inward-rectifier K,measured mRNA (rel_level normalised per dataset: derived),1.18,0.5449
Pm4,Irk3,0.8142,0,davis2020;ozel2021,derived,inward-rectifier K,measured mRNA (rel_level normalised per dataset: derived),1.36,0.09696
Pm4,KCNQ,7.784,0.425,davis2020;ozel2021,derived,Kv7: M-type slow K,measured mRNA (rel_level normalised per dataset: derived),200.2,0.5521
Pm4,Ork1,0.3523,0,davis2020;ozel2021,derived,two-pore leak K,measured mRNA (rel_level normalised per dataset: derived),0.64,0.002916
Pm4,SK,1.532,1,davis2020;ozel2021,derived,SK: Ca-activated K,measured mRNA (rel_level normalised per dataset: derived),1464,2.649
Pm4,Sh,1.337,1,davis2020;ozel2021,derived,Kv1: fast A-type K,measured mRNA (rel_level normalised per dataset: derived),1.041e+04,19.36
Pm4,Shab,2.284,0.5,davis2020;ozel2021,derived,Kv2: delayed-rectifier K,measured mRNA (rel_level normalised per dataset: derived),4508,1.438
Pm4,Shal,1.385,1,davis2020;ozel2021,derived,Kv4: somatodendritic A-type K,measured mRNA (rel_level normalised per dataset: derived),285.2,1.566
Pm4,Shaw,1.528,0.5,davis2020;ozel2021,derived,Kv3: K,measured mRNA (rel_level normalised per dataset: derived),316.8,0.8013
Pm4,Task6,0.9308,1,davis2020;ozel2021,derived,two-pore leak K,measured mRNA (rel_level normalised per dataset: derived),221.6,1.226
Pm4,Task7,0.7609,1,davis2020;ozel2021,derived,two-pore leak K,measured mRNA (rel_level normalised per dataset: derived),24.32,1.428
Pm4,cac,1.044,1,davis2020;ozel2021,derived,Cav2: high-voltage-activated Ca,measured mRNA (rel_level normalised per dataset: derived),1769,3.084
Pm4,eag,1.348,0.5,davis2020;ozel2021,derived,Kv10: K,measured mRNA (rel_level normalised per dataset: derived),1114,0.9767
Pm4,ogre,0.6222,0,davis2020;ozel2021,derived,innexin,measured mRNA (rel_level normalised per dataset: derived),3.79,0.6364
Pm4,para,0.755,1,davis2020;ozel2021,derived,"Nav: voltage-gated Na (spike, persistent Na)",measured mRNA (rel_level normalised per dataset: derived),2132,5.734
Pm4,sei,0.7831,0.995,davis2020;ozel2021,derived,Kv11 (erg): K,measured mRNA (rel_level normalised per dataset: derived),83.63,0.5303
Pm4,shakB,0.2172,0.08,davis2020;ozel2021,derived,innexin (neuronal gap junctions),measured mRNA (rel_level normalised per dataset: derived),94.64,0.9201
Pm4,slo,1.279,1,davis2020;ozel2021,derived,BK: Ca- and voltage-activated K,measured mRNA (rel_level normalised per dataset: derived),1482,6.248
Pm4,zpg,,0,ozel2021,derived,innexin,measured mRNA (rel_level normalised per dataset: derived),,0.01264
R1-R6,Ca-alpha1D,5.066,1,davis2020,derived,Cav1: L-type Ca,measured mRNA (rel_level normalised per dataset: derived),1118,
R1-R6,Ca-alpha1T,0.163,0,davis2020,derived,Cav3: T-type (low-voltage) Ca,measured mRNA (rel_level normalised per dataset: derived),95.43,
R1-R6,Hk,1.12,1,davis2020,derived,Kv beta subunit,measured mRNA (rel_level normalised per dataset: derived),1408,
R1-R6,Ih,0.1286,0,davis2020,derived,HCN: hyperpolarisation-activated cation (Ih),measured mRNA (rel_level normalised per dataset: derived),201.1,
R1-R6,Inx2,6.015,1,davis2020,derived,innexin,measured mRNA (rel_level normalised per dataset: derived),61.89,
R1-R6,Inx3,6.278,1,davis2020,derived,innexin,measured mRNA (rel_level normalised per dataset: derived),254.3,
R1-R6,Inx5,,1,davis2020,derived,innexin,measured mRNA (rel_level normalised per dataset: derived),10.1,
R1-R6,Inx7,9.586,1,davis2020,derived,innexin,measured mRNA (rel_level normalised per dataset: derived),12.75,
R1-R6,Irk1,7.105,0,davis2020,derived,inward-rectifier K,measured mRNA (rel_level normalised per dataset: derived),16.27,
R1-R6,Irk2,8.5,0.03,davis2020,derived,inward-rectifier K,measured mRNA (rel_level normalised per dataset: derived),15.64,
R1-R6,Irk3,5.986,0,davis2020,derived,inward-rectifier K,measured mRNA (rel_level normalised per dataset: derived),4.13,
R1-R6,KCNQ,23,1,davis2020,derived,Kv7: M-type slow K,measured mRNA (rel_level normalised per dataset: derived),667.1,
R1-R6,Ork1,9.435,1,davis2020,derived,two-pore leak K,measured mRNA (rel_level normalised per dataset: derived),8.02,
R1-R6,SK,2.539,1,davis2020,derived,SK: Ca-activated K,measured mRNA (rel_level normalised per dataset: derived),1789,
R1-R6,Sh,1.61,1,davis2020,derived,Kv1: fast A-type K,measured mRNA (rel_level normalised per dataset: derived),8836,
R1-R6,Shab,0.6206,1,davis2020,derived,Kv2: delayed-rectifier K,measured mRNA (rel_level normalised per dataset: derived),917.1,
R1-R6,Shal,0.8632,1,davis2020,derived,Kv4: somatodendritic A-type K,measured mRNA (rel_level normalised per dataset: derived),176.7,
R1-R6,Shaw,0.164,0,davis2020,derived,Kv3: K,measured mRNA (rel_level normalised per dataset: derived),38.61,
R1-R6,Task6,0.1384,0,davis2020,derived,two-pore leak K,measured mRNA (rel_level normalised per dataset: derived),30.18,
R1-R6,Task7,0.1781,0,davis2020,derived,two-pore leak K,measured mRNA (rel_level normalised per dataset: derived),6.56,
R1-R6,cac,1.1,1,davis2020,derived,Cav2: high-voltage-activated Ca,measured mRNA (rel_level normalised per dataset: derived),1429,
R1-R6,eag,5.514,1,davis2020,derived,Kv10: K,measured mRNA (rel_level normalised per dataset: derived),2714,
R1-R6,ogre,3.449,0.08,davis2020,derived,innexin,measured mRNA (rel_level normalised per dataset: derived),23.35,
R1-R6,para,0.1295,0,davis2020,derived,"Nav: voltage-gated Na (spike, persistent Na)",measured mRNA (rel_level normalised per dataset: derived),306.2,
R1-R6,sei,1.182,1,davis2020,derived,Kv11 (erg): K,measured mRNA (rel_level normalised per dataset: derived),117.2,
R1-R6,shakB,0.5196,0.52,davis2020,derived,innexin (neuronal gap junctions),measured mRNA (rel_level normalised per dataset: derived),183.7,
R1-R6,slo,2.044,1,davis2020,derived,BK: Ca- and voltage-activated K,measured mRNA (rel_level normalised per dataset: derived),2112,
R8p,Ca-alpha1D,2.662,1,davis2020,inferred,Cav1: L-type Ca,measured mRNA (rel_level normalised per dataset: derived),587.6,
R8p,Ca-alpha1T,6.44,1,davis2020,inferred,Cav3: T-type (low-voltage) Ca,measured mRNA (rel_level normalised per dataset: derived),3771,
R8p,Hk,1,1,davis2020,inferred,Kv beta subunit,measured mRNA (rel_level normalised per dataset: derived),1257,
R8p,Ih,0.02504,0,davis2020,inferred,HCN: hyperpolarisation-activated cation (Ih),measured mRNA (rel_level normalised per dataset: derived),39.16,
R8p,Inx2,5.413,0.99,davis2020,inferred,innexin,measured mRNA (rel_level normalised per dataset: derived),55.7,
R8p,Inx3,2.226,1,davis2020,inferred,innexin,measured mRNA (rel_level normalised per dataset: derived),90.17,
R8p,Inx5,,1,davis2020,inferred,innexin,measured mRNA (rel_level normalised per dataset: derived),5.03,
R8p,Inx7,14.38,1,davis2020,inferred,innexin,measured mRNA (rel_level normalised per dataset: derived),19.12,
R8p,Irk1,0.3755,0,davis2020,inferred,inward-rectifier K,measured mRNA (rel_level normalised per dataset: derived),0.86,
R8p,Irk2,2.75,0,davis2020,inferred,inward-rectifier K,measured mRNA (rel_level normalised per dataset: derived),5.06,
R8p,Irk3,0.001,0,davis2020,inferred,inward-rectifier K,measured mRNA (rel_level normalised per dataset: derived),0,
R8p,KCNQ,0.6553,0,davis2020,inferred,Kv7: M-type slow K,measured mRNA (rel_level normalised per dataset: derived),19.01,
R8p,Ork1,1.682,0,davis2020,inferred,two-pore leak K,measured mRNA (rel_level normalised per dataset: derived),1.43,
R8p,SK,1.367,1,davis2020,inferred,SK: Ca-activated K,measured mRNA (rel_level normalised per dataset: derived),963.3,
R8p,Sh,1.68,1,davis2020,inferred,Kv1: fast A-type K,measured mRNA (rel_level normalised per dataset: derived),9224,
R8p,Shab,0.02666,0,davis2020,inferred,Kv2: delayed-rectifier K,measured mRNA (rel_level normalised per dataset: derived),39.4,
R8p,Shal,0.8413,1,davis2020,inferred,Kv4: somatodendritic A-type K,measured mRNA (rel_level normalised per dataset: derived),172.2,
R8p,Shaw,0.5057,1,davis2020,inferred,Kv3: K,measured mRNA (rel_level normalised per dataset: derived),119,
R8p,Task6,0.03275,0,davis2020,inferred,two-pore leak K,measured mRNA (rel_level normalised per dataset: derived),7.14,
R8p,Task7,0.03692,0,davis2020,inferred,two-pore leak K,measured mRNA (rel_level normalised per dataset: derived),1.36,
R8p,cac,0.9451,1,davis2020,inferred,Cav2: high-voltage-activated Ca,measured mRNA (rel_level normalised per dataset: derived),1227,
R8p,eag,3.521,1,davis2020,inferred,Kv10: K,measured mRNA (rel_level normalised per dataset: derived),1733,
R8p,ogre,1.592,0,davis2020,inferred,innexin,measured mRNA (rel_level normalised per dataset: derived),10.78,
R8p,para,1.642,1,davis2020,inferred,"Nav: voltage-gated Na (spike, persistent Na)",measured mRNA (rel_level normalised per dataset: derived),3880,
R8p,sei,1.603,1,davis2020,inferred,Kv11 (erg): K,measured mRNA (rel_level normalised per dataset: derived),159,
R8p,shakB,2.837,1,davis2020,inferred,innexin (neuronal gap junctions),measured mRNA (rel_level normalised per dataset: derived),1003,
R8p,slo,1.431,1,davis2020,inferred,BK: Ca- and voltage-activated K,measured mRNA (rel_level normalised per dataset: derived),1478,
R8y,Ca-alpha1D,2.591,1,davis2020,inferred,Cav1: L-type Ca,measured mRNA (rel_level normalised per dataset: derived),572,
R8y,Ca-alpha1T,4.77,1,davis2020,inferred,Cav3: T-type (low-voltage) Ca,measured mRNA (rel_level normalised per dataset: derived),2793,
R8y,Hk,0.8979,1,davis2020,inferred,Kv beta subunit,measured mRNA (rel_level normalised per dataset: derived),1129,
R8y,Ih,0.01404,0,davis2020,inferred,HCN: hyperpolarisation-activated cation (Ih),measured mRNA (rel_level normalised per dataset: derived),21.96,
R8y,Inx2,4.858,0.98,davis2020,inferred,innexin,measured mRNA (rel_level normalised per dataset: derived),49.99,
R8y,Inx3,2.627,1,davis2020,inferred,innexin,measured mRNA (rel_level normalised per dataset: derived),106.4,
R8y,Inx5,,1,davis2020,inferred,innexin,measured mRNA (rel_level normalised per dataset: derived),2.94,
R8y,Inx7,10.9,1,davis2020,inferred,innexin,measured mRNA (rel_level normalised per dataset: derived),14.5,
R8y,Irk1,1.231,0,davis2020,inferred,inward-rectifier K,measured mRNA (rel_level normalised per dataset: derived),2.82,
R8y,Irk2,1.12,0,davis2020,inferred,inward-rectifier K,measured mRNA (rel_level normalised per dataset: derived),2.06,
R8y,Irk3,0.5942,0,davis2020,inferred,inward-rectifier K,measured mRNA (rel_level normalised per dataset: derived),0.41,
R8y,KCNQ,0.8304,0,davis2020,inferred,Kv7: M-type slow K,measured mRNA (rel_level normalised per dataset: derived),24.09,
R8y,Ork1,2.106,0,davis2020,inferred,two-pore leak K,measured mRNA (rel_level normalised per dataset: derived),1.79,
R8y,SK,1.584,1,davis2020,inferred,SK: Ca-activated K,measured mRNA (rel_level normalised per dataset: derived),1116,
R8y,Sh,0.994,1,davis2020,inferred,Kv1: fast A-type K,measured mRNA (rel_level normalised per dataset: derived),5457,
R8y,Shab,0.01377,0,davis2020,inferred,Kv2: delayed-rectifier K,measured mRNA (rel_level normalised per dataset: derived),20.35,
R8y,Shal,0.7279,1,davis2020,inferred,Kv4: somatodendritic A-type K,measured mRNA (rel_level normalised per dataset: derived),149,
R8y,Shaw,0.5967,1,davis2020,inferred,Kv3: K,measured mRNA (rel_level normalised per dataset: derived),140.4,
R8y,Task6,0.01367,0,davis2020,inferred,two-pore leak K,measured mRNA (rel_level normalised per dataset: derived),2.98,
R8y,Task7,3.039,1,davis2020,inferred,two-pore leak K,measured mRNA (rel_level normalised per dataset: derived),112,
R8y,cac,0.8262,1,davis2020,inferred,Cav2: high-voltage-activated Ca,measured mRNA (rel_level normalised per dataset: derived),1073,
R8y,eag,4.227,1,davis2020,inferred,Kv10: K,measured mRNA (rel_level normalised per dataset: derived),2080,
R8y,ogre,0.8479,0,davis2020,inferred,innexin,measured mRNA (rel_level normalised per dataset: derived),5.74,
R8y,para,1.358,1,davis2020,inferred,"Nav: voltage-gated Na (spike, persistent Na)",measured mRNA (rel_level normalised per dataset: derived),3210,
R8y,sei,1.238,1,davis2020,inferred,Kv11 (erg): K,measured mRNA (rel_level normalised per dataset: derived),122.7,
R8y,shakB,2.114,1,davis2020,inferred,innexin (neuronal gap junctions),measured mRNA (rel_level normalised per dataset: derived),747.5,
R8y,slo,1.388,1,davis2020,inferred,BK: Ca- and voltage-activated K,measured mRNA (rel_level normalised per dataset: derived),1434,
T1,Ca-alpha1D,0.7001,1,davis2020;ozel2021,derived,Cav1: L-type Ca,measured mRNA (rel_level normalised per dataset: derived),94.13,0.9791
T1,Ca-alpha1T,0.03483,0,davis2020;ozel2021,derived,Cav3: T-type (low-voltage) Ca,measured mRNA (rel_level normalised per dataset: derived),4.3,0.3923
T1,Hk,0.3786,0.515,davis2020;ozel2021,derived,Kv beta subunit,measured mRNA (rel_level normalised per dataset: derived),185.2,14.39
T1,Ih,0.3431,0.5,davis2020;ozel2021,derived,HCN: hyperpolarisation-activated cation (Ih),measured mRNA (rel_level normalised per dataset: derived),447.8,4.862
T1,Inx2,0.7364,0,davis2020;ozel2021,derived,innexin,measured mRNA (rel_level normalised per dataset: derived),6.28,0.4406
T1,Inx3,0.5876,0.5,davis2020;ozel2021,derived,innexin,measured mRNA (rel_level normalised per dataset: derived),15.21,0.1833
T1,Inx5,,0,davis2020;ozel2021,derived,innexin,measured mRNA (rel_level normalised per dataset: derived),0.07,0.0007616
T1,Inx7,0.2857,0,davis2020;ozel2021,derived,innexin,measured mRNA (rel_level normalised per dataset: derived),0.38,0.00788
T1,Irk1,0.8377,0,davis2020;ozel2021,derived,inward-rectifier K,measured mRNA (rel_level normalised per dataset: derived),0.95,0.01359
T1,Irk2,0.4215,0,davis2020;ozel2021,derived,inward-rectifier K,measured mRNA (rel_level normalised per dataset: derived),0.38,0.6176
T1,Irk3,1.331,0,davis2020;ozel2021,derived,inward-rectifier K,measured mRNA (rel_level normalised per dataset: derived),1.39,0.2535
T1,KCNQ,0.5537,0,davis2020;ozel2021,derived,Kv7: M-type slow K,measured mRNA (rel_level normalised per dataset: derived),13.98,0.04002
T1,Ork1,0.7417,0,davis2020;ozel2021,derived,two-pore leak K,measured mRNA (rel_level normalised per dataset: derived),0.53,0.01561
T1,SK,0.04245,0.5,davis2020;ozel2021,derived,SK: Ca-activated K,measured mRNA (rel_level normalised per dataset: derived),7.77,0.3831
T1,Sh,0.6853,1,davis2020;ozel2021,derived,Kv1: fast A-type K,measured mRNA (rel_level normalised per dataset: derived),1078,49.18
T1,Shab,0.02604,0,davis2020;ozel2021,derived,Kv2: delayed-rectifier K,measured mRNA (rel_level normalised per dataset: derived),6.81,0.1238
T1,Shal,0.8983,1,davis2020;ozel2021,derived,Kv4: somatodendritic A-type K,measured mRNA (rel_level normalised per dataset: derived),148.6,1.265
T1,Shaw,0.5914,0.5,davis2020;ozel2021,derived,Kv3: K,measured mRNA (rel_level normalised per dataset: derived),159.1,0.2389
T1,Task6,0.05059,0,davis2020;ozel2021,derived,two-pore leak K,measured mRNA (rel_level normalised per dataset: derived),4.85,0.1654
T1,Task7,1.274,1,davis2020;ozel2021,derived,two-pore leak K,measured mRNA (rel_level normalised per dataset: derived),68.22,1.428
T1,cac,0.7551,1,davis2020;ozel2021,derived,Cav2: high-voltage-activated Ca,measured mRNA (rel_level normalised per dataset: derived),404.8,7.051
T1,eag,0.03734,0,davis2020;ozel2021,derived,Kv10: K,measured mRNA (rel_level normalised per dataset: derived),6.64,0.1257
T1,ogre,0.4377,0,davis2020;ozel2021,derived,innexin,measured mRNA (rel_level normalised per dataset: derived),1.69,0.7064
T1,para,0.9285,1,davis2020;ozel2021,derived,"Nav: voltage-gated Na (spike, persistent Na)",measured mRNA (rel_level normalised per dataset: derived),588.7,31.42
T1,sei,0.9089,1,davis2020;ozel2021,derived,Kv11 (erg): K,measured mRNA (rel_level normalised per dataset: derived),88.27,0.6768
T1,shakB,0.04936,0,davis2020;ozel2021,derived,innexin (neuronal gap junctions),measured mRNA (rel_level normalised per dataset: derived),4.16,1.081
T1,slo,0.62,0.91,davis2020;ozel2021,derived,BK: Ca- and voltage-activated K,measured mRNA (rel_level normalised per dataset: derived),222.4,9.789
T1,zpg,,0,ozel2021,derived,innexin,measured mRNA (rel_level normalised per dataset: derived),,0
T2,Ca-alpha1D,1.181,1,ozel2021,derived,Cav1: L-type Ca,measured mRNA (rel_level normalised per dataset: derived),,1.006
T2,Ca-alpha1T,2.126,0.28,ozel2021,derived,Cav3: T-type (low-voltage) Ca,measured mRNA (rel_level normalised per dataset: derived),,5.048
T2,Hk,1.412,1,ozel2021,derived,Kv beta subunit,measured mRNA (rel_level normalised per dataset: derived),,20.87
T2,Ih,1.122,1,ozel2021,derived,HCN: hyperpolarisation-activated cation (Ih),measured mRNA (rel_level normalised per dataset: derived),,13.27
T2,Inx2,1.108,0,ozel2021,derived,innexin,measured mRNA (rel_level normalised per dataset: derived),,0.5497
T2,Inx3,1.014,0,ozel2021,derived,innexin,measured mRNA (rel_level normalised per dataset: derived),,0.2022
T2,Inx5,,0,ozel2021,derived,innexin,measured mRNA (rel_level normalised per dataset: derived),,0.002781
T2,Inx7,,0,ozel2021,derived,innexin,measured mRNA (rel_level normalised per dataset: derived),,0
T2,Irk1,0.3397,0,ozel2021,derived,inward-rectifier K,measured mRNA (rel_level normalised per dataset: derived),,0.002729
T2,Irk2,1.006,0,ozel2021,derived,inward-rectifier K,measured mRNA (rel_level normalised per dataset: derived),,0.7222
T2,Irk3,1.03,0,ozel2021,derived,inward-rectifier K,measured mRNA (rel_level normalised per dataset: derived),,0.2969
T2,KCNQ,0.4814,0,ozel2021,derived,Kv7: M-type slow K,measured mRNA (rel_level normalised per dataset: derived),,0.03028
T2,Ork1,0.7503,0,ozel2021,derived,two-pore leak K,measured mRNA (rel_level normalised per dataset: derived),,0.01327
T2,SK,0.9138,1,ozel2021,derived,SK: Ca-activated K,measured mRNA (rel_level normalised per dataset: derived),,2.143
T2,Sh,1,1,ozel2021,derived,Kv1: fast A-type K,measured mRNA (rel_level normalised per dataset: derived),,20.56
T2,Shab,1.864,0,ozel2021,derived,Kv2: delayed-rectifier K,measured mRNA (rel_level normalised per dataset: derived),,1.568
T2,Shal,0.9416,1,ozel2021,derived,Kv4: somatodendritic A-type K,measured mRNA (rel_level normalised per dataset: derived),,1.072
T2,Shaw,1.236,0,ozel2021,derived,Kv3: K,measured mRNA (rel_level normalised per dataset: derived),,0.5707
T2,Task6,1.644,1,ozel2021,derived,two-pore leak K,measured mRNA (rel_level normalised per dataset: derived),,2.363
T2,Task7,0.945,1,ozel2021,derived,two-pore leak K,measured mRNA (rel_level normalised per dataset: derived),,1.539
T2,cac,1.166,1,ozel2021,derived,Cav2: high-voltage-activated Ca,measured mRNA (rel_level normalised per dataset: derived),,4.494
T2,eag,1.506,0,ozel2021,derived,Kv10: K,measured mRNA (rel_level normalised per dataset: derived),,1.832
T2,ogre,1.126,0,ozel2021,derived,innexin,measured mRNA (rel_level normalised per dataset: derived),,1.036
T2,para,1.236,1,ozel2021,derived,"Nav: voltage-gated Na (spike, persistent Na)",measured mRNA (rel_level normalised per dataset: derived),,11.21
T2,sei,1.005,1,ozel2021,derived,Kv11 (erg): K,measured mRNA (rel_level normalised per dataset: derived),,0.733
T2,shakB,0.511,0,ozel2021,derived,innexin (neuronal gap junctions),measured mRNA (rel_level normalised per dataset: derived),,2.667
T2,slo,0.8551,1,ozel2021,derived,BK: Ca- and voltage-activated K,measured mRNA (rel_level normalised per dataset: derived),,4.687
T2,zpg,,0,ozel2021,derived,innexin,measured mRNA (rel_level normalised per dataset: derived),,0
T2a,Ca-alpha1D,0.9509,1,ozel2021,derived,Cav1: L-type Ca,measured mRNA (rel_level normalised per dataset: derived),,0.81
T2a,Ca-alpha1T,0.7748,0,ozel2021,derived,Cav3: T-type (low-voltage) Ca,measured mRNA (rel_level normalised per dataset: derived),,1.84
T2a,Hk,1.475,1,ozel2021,derived,Kv beta subunit,measured mRNA (rel_level normalised per dataset: derived),,21.8
T2a,Ih,0.8306,1,ozel2021,derived,HCN: hyperpolarisation-activated cation (Ih),measured mRNA (rel_level normalised per dataset: derived),,9.827
T2a,Inx2,1.117,0,ozel2021,derived,innexin,measured mRNA (rel_level normalised per dataset: derived),,0.5541
T2a,Inx3,1.103,0,ozel2021,derived,innexin,measured mRNA (rel_level normalised per dataset: derived),,0.2199
T2a,Inx5,,0,ozel2021,derived,innexin,measured mRNA (rel_level normalised per dataset: derived),,0
T2a,Inx7,,0,ozel2021,derived,innexin,measured mRNA (rel_level normalised per dataset: derived),,0
T2a,Irk1,2.16,0,ozel2021,derived,inward-rectifier K,measured mRNA (rel_level normalised per dataset: derived),,0.01735
T2a,Irk2,0.9741,0,ozel2021,derived,inward-rectifier K,measured mRNA (rel_level normalised per dataset: derived),,0.6994
T2a,Irk3,1.042,0,ozel2021,derived,inward-rectifier K,measured mRNA (rel_level normalised per dataset: derived),,0.3003
T2a,KCNQ,0.2787,0,ozel2021,derived,Kv7: M-type slow K,measured mRNA (rel_level normalised per dataset: derived),,0.01753
T2a,Ork1,1.579,0,ozel2021,derived,two-pore leak K,measured mRNA (rel_level normalised per dataset: derived),,0.02793
T2a,SK,1.146,1,ozel2021,derived,SK: Ca-activated K,measured mRNA (rel_level normalised per dataset: derived),,2.686
T2a,Sh,0.8388,1,ozel2021,derived,Kv1: fast A-type K,measured mRNA (rel_level normalised per dataset: derived),,17.24
T2a,Shab,2.412,0,ozel2021,derived,Kv2: delayed-rectifier K,measured mRNA (rel_level normalised per dataset: derived),,2.029
T2a,Shal,0.7308,1,ozel2021,derived,Kv4: somatodendritic A-type K,measured mRNA (rel_level normalised per dataset: derived),,0.8318
T2a,Shaw,0.9978,0,ozel2021,derived,Kv3: K,measured mRNA (rel_level normalised per dataset: derived),,0.4607
T2a,Task6,1.017,1,ozel2021,derived,two-pore leak K,measured mRNA (rel_level normalised per dataset: derived),,1.462
T2a,Task7,1.239,1,ozel2021,derived,two-pore leak K,measured mRNA (rel_level normalised per dataset: derived),,2.018
T2a,cac,0.8732,1,ozel2021,derived,Cav2: high-voltage-activated Ca,measured mRNA (rel_level normalised per dataset: derived),,3.366
T2a,eag,1.142,0,ozel2021,derived,Kv10: K,measured mRNA (rel_level normalised per dataset: derived),,1.388
T2a,ogre,0.9915,0,ozel2021,derived,innexin,measured mRNA (rel_level normalised per dataset: derived),,0.9123
T2a,para,0.7225,1,ozel2021,derived,"Nav: voltage-gated Na (spike, persistent Na)",measured mRNA (rel_level normalised per dataset: derived),,6.556
T2a,sei,1.035,1,ozel2021,derived,Kv11 (erg): K,measured mRNA (rel_level normalised per dataset: derived),,0.7553
T2a,shakB,2.429,0,ozel2021,derived,innexin (neuronal gap junctions),measured mRNA (rel_level normalised per dataset: derived),,12.67
T2a,slo,1.165,1,ozel2021,derived,BK: Ca- and voltage-activated K,measured mRNA (rel_level normalised per dataset: derived),,6.384
T2a,zpg,,0,ozel2021,derived,innexin,measured mRNA (rel_level normalised per dataset: derived),,0
T3,Ca-alpha1D,1,1,ozel2021,derived,Cav1: L-type Ca,measured mRNA (rel_level normalised per dataset: derived),,0.8518
T3,Ca-alpha1T,0.4398,0,ozel2021,derived,Cav3: T-type (low-voltage) Ca,measured mRNA (rel_level normalised per dataset: derived),,1.044
T3,Hk,1.109,1,ozel2021,derived,Kv beta subunit,measured mRNA (rel_level normalised per dataset: derived),,16.39
T3,Ih,1,1,ozel2021,derived,HCN: hyperpolarisation-activated cation (Ih),measured mRNA (rel_level normalised per dataset: derived),,11.83
T3,Inx2,1.24,0,ozel2021,derived,innexin,measured mRNA (rel_level normalised per dataset: derived),,0.6152
T3,Inx3,1.12,0,ozel2021,derived,innexin,measured mRNA (rel_level normalised per dataset: derived),,0.2232
T3,Inx5,,0,ozel2021,derived,innexin,measured mRNA (rel_level normalised per dataset: derived),,0
T3,Inx7,,0,ozel2021,derived,innexin,measured mRNA (rel_level normalised per dataset: derived),,0
T3,Irk1,2.4,0,ozel2021,derived,inward-rectifier K,measured mRNA (rel_level normalised per dataset: derived),,0.01928
T3,Irk2,1.122,0,ozel2021,derived,inward-rectifier K,measured mRNA (rel_level normalised per dataset: derived),,0.8059
T3,Irk3,0.8979,0,ozel2021,derived,inward-rectifier K,measured mRNA (rel_level normalised per dataset: derived),,0.2588
T3,KCNQ,0.4298,0,ozel2021,derived,Kv7: M-type slow K,measured mRNA (rel_level normalised per dataset: derived),,0.02703
T3,Ork1,1.608,0,ozel2021,derived,two-pore leak K,measured mRNA (rel_level normalised per dataset: derived),,0.02844
T3,SK,0.5236,1,ozel2021,derived,SK: Ca-activated K,measured mRNA (rel_level normalised per dataset: derived),,1.228
T3,Sh,0.9051,1,ozel2021,derived,Kv1: fast A-type K,measured mRNA (rel_level normalised per dataset: derived),,18.61
T3,Shab,1.48,0,ozel2021,derived,Kv2: delayed-rectifier K,measured mRNA (rel_level normalised per dataset: derived),,1.245
T3,Shal,1.182,1,ozel2021,derived,Kv4: somatodendritic A-type K,measured mRNA (rel_level normalised per dataset: derived),,1.345
T3,Shaw,1.034,0,ozel2021,derived,Kv3: K,measured mRNA (rel_level normalised per dataset: derived),,0.4774
T3,Task6,1.254,1,ozel2021,derived,two-pore leak K,measured mRNA (rel_level normalised per dataset: derived),,1.803
T3,Task7,1.331,1,ozel2021,derived,two-pore leak K,measured mRNA (rel_level normalised per dataset: derived),,2.168
T3,cac,0.9389,1,ozel2021,derived,Cav2: high-voltage-activated Ca,measured mRNA (rel_level normalised per dataset: derived),,3.62
T3,eag,1.636,0,ozel2021,derived,Kv10: K,measured mRNA (rel_level normalised per dataset: derived),,1.99
T3,ogre,1.313,0,ozel2021,derived,innexin,measured mRNA (rel_level normalised per dataset: derived),,1.209
T3,para,0.8378,1,ozel2021,derived,"Nav: voltage-gated Na (spike, persistent Na)",measured mRNA (rel_level normalised per dataset: derived),,7.602
T3,sei,1.061,1,ozel2021,derived,Kv11 (erg): K,measured mRNA (rel_level normalised per dataset: derived),,0.774
T3,shakB,0.495,0,ozel2021,derived,innexin (neuronal gap junctions),measured mRNA (rel_level normalised per dataset: derived),,2.584
T3,slo,0.8978,1,ozel2021,derived,BK: Ca- and voltage-activated K,measured mRNA (rel_level normalised per dataset: derived),,4.922
T3,zpg,,0,ozel2021,derived,innexin,measured mRNA (rel_level normalised per dataset: derived),,0
T4a,Ca-alpha1D,0.9937,1,davis2020;ozel2021,derived,Cav1: L-type Ca,measured mRNA (rel_level normalised per dataset: derived),205,0.9057
T4a,Ca-alpha1T,1.083,0.5,davis2020;ozel2021,derived,Cav3: T-type (low-voltage) Ca,measured mRNA (rel_level normalised per dataset: derived),686.7,2.374
T4a,Hk,1.148,1,davis2020;ozel2021,derived,Kv beta subunit,measured mRNA (rel_level normalised per dataset: derived),1411,17.37
T4a,Ih,1.081,1,davis2020;ozel2021,derived,HCN: hyperpolarisation-activated cation (Ih),measured mRNA (rel_level normalised per dataset: derived),2026,10.67
T4a,Inx2,1.158,0,davis2020;ozel2021,derived,innexin,measured mRNA (rel_level normalised per dataset: derived),9.99,0.6846
T4a,Inx3,0.986,0.5,davis2020;ozel2021,derived,innexin,measured mRNA (rel_level normalised per dataset: derived),31.89,0.2462
T4a,Inx5,,0,davis2020;ozel2021,derived,innexin,measured mRNA (rel_level normalised per dataset: derived),0,0
T4a,Inx7,2.083,0,davis2020;ozel2021,derived,innexin,measured mRNA (rel_level normalised per dataset: derived),2.77,0.002998
T4a,Irk1,0.9134,0,davis2020;ozel2021,derived,inward-rectifier K,measured mRNA (rel_level normalised per dataset: derived),1.45,0.01058
T4a,Irk2,1.057,0,davis2020;ozel2021,derived,inward-rectifier K,measured mRNA (rel_level normalised per dataset: derived),1.53,0.9654
T4a,Irk3,0.2316,0,davis2020;ozel2021,derived,inward-rectifier K,measured mRNA (rel_level normalised per dataset: derived),0.03,0.3557
T4a,KCNQ,2.009,0,davis2020;ozel2021,derived,Kv7: M-type slow K,measured mRNA (rel_level normalised per dataset: derived),63.53,0.1159
T4a,Ork1,1.348,0,davis2020;ozel2021,derived,two-pore leak K,measured mRNA (rel_level normalised per dataset: derived),1.16,0.02356
T4a,SK,0.6412,1,davis2020;ozel2021,derived,SK: Ca-activated K,measured mRNA (rel_level normalised per dataset: derived),568.4,1.195
T4a,Sh,1.203,1,davis2020;ozel2021,derived,Kv1: fast A-type K,measured mRNA (rel_level normalised per dataset: derived),6936,23.56
T4a,Shab,2.039,0.5,davis2020;ozel2021,derived,Kv2: delayed-rectifier K,measured mRNA (rel_level normalised per dataset: derived),3839,1.346
T4a,Shal,0.7699,0.99,davis2020;ozel2021,derived,Kv4: somatodendritic A-type K,measured mRNA (rel_level normalised per dataset: derived),187.8,0.7351
T4a,Shaw,1.039,0.5,davis2020;ozel2021,derived,Kv3: K,measured mRNA (rel_level normalised per dataset: derived),257.2,0.456
T4a,Task6,1.071,1,davis2020;ozel2021,derived,two-pore leak K,measured mRNA (rel_level normalised per dataset: derived),256.7,1.4
T4a,Task7,1.037,1,davis2020;ozel2021,derived,two-pore leak K,measured mRNA (rel_level normalised per dataset: derived),35.31,1.828
T4a,cac,1.074,1,davis2020;ozel2021,derived,Cav2: high-voltage-activated Ca,measured mRNA (rel_level normalised per dataset: derived),1299,4.45
T4a,eag,1.878,0.5,davis2020;ozel2021,derived,Kv10: K,measured mRNA (rel_level normalised per dataset: derived),1256,1.681
T4a,ogre,0.9272,0,davis2020;ozel2021,derived,innexin,measured mRNA (rel_level normalised per dataset: derived),4.25,1.26
T4a,para,1,1,davis2020;ozel2021,derived,"Nav: voltage-gated Na (spike, persistent Na)",measured mRNA (rel_level normalised per dataset: derived),2364,9.074
T4a,sei,1.339,1,davis2020;ozel2021,derived,Kv11 (erg): K,measured mRNA (rel_level normalised per dataset: derived),154.7,0.8377
T4a,shakB,0.4987,0.265,davis2020;ozel2021,derived,innexin (neuronal gap junctions),measured mRNA (rel_level normalised per dataset: derived),161.6,2.84
T4a,slo,0.8742,1,davis2020;ozel2021,derived,BK: Ca- and voltage-activated K,measured mRNA (rel_level normalised per dataset: derived),837.7,5.167
T4a,zpg,,0,ozel2021,inferred,innexin,measured mRNA (rel_level normalised per dataset: derived),,0
T4b,Ca-alpha1D,0.9937,1,davis2020;ozel2021,derived,Cav1: L-type Ca,measured mRNA (rel_level normalised per dataset: derived),205,0.9057
T4b,Ca-alpha1T,1.083,0.5,davis2020;ozel2021,derived,Cav3: T-type (low-voltage) Ca,measured mRNA (rel_level normalised per dataset: derived),686.7,2.374
T4b,Hk,1.148,1,davis2020;ozel2021,derived,Kv beta subunit,measured mRNA (rel_level normalised per dataset: derived),1411,17.37
T4b,Ih,1.081,1,davis2020;ozel2021,derived,HCN: hyperpolarisation-activated cation (Ih),measured mRNA (rel_level normalised per dataset: derived),2026,10.67
T4b,Inx2,1.158,0,davis2020;ozel2021,derived,innexin,measured mRNA (rel_level normalised per dataset: derived),9.99,0.6846
T4b,Inx3,0.986,0.5,davis2020;ozel2021,derived,innexin,measured mRNA (rel_level normalised per dataset: derived),31.89,0.2462
T4b,Inx5,,0,davis2020;ozel2021,derived,innexin,measured mRNA (rel_level normalised per dataset: derived),0,0
T4b,Inx7,2.083,0,davis2020;ozel2021,derived,innexin,measured mRNA (rel_level normalised per dataset: derived),2.77,0.002998
T4b,Irk1,0.9134,0,davis2020;ozel2021,derived,inward-rectifier K,measured mRNA (rel_level normalised per dataset: derived),1.45,0.01058
T4b,Irk2,1.057,0,davis2020;ozel2021,derived,inward-rectifier K,measured mRNA (rel_level normalised per dataset: derived),1.53,0.9654
T4b,Irk3,0.2316,0,davis2020;ozel2021,derived,inward-rectifier K,measured mRNA (rel_level normalised per dataset: derived),0.03,0.3557
T4b,KCNQ,2.009,0,davis2020;ozel2021,derived,Kv7: M-type slow K,measured mRNA (rel_level normalised per dataset: derived),63.53,0.1159
T4b,Ork1,1.348,0,davis2020;ozel2021,derived,two-pore leak K,measured mRNA (rel_level normalised per dataset: derived),1.16,0.02356
T4b,SK,0.6412,1,davis2020;ozel2021,derived,SK: Ca-activated K,measured mRNA (rel_level normalised per dataset: derived),568.4,1.195
T4b,Sh,1.203,1,davis2020;ozel2021,derived,Kv1: fast A-type K,measured mRNA (rel_level normalised per dataset: derived),6936,23.56
T4b,Shab,2.039,0.5,davis2020;ozel2021,derived,Kv2: delayed-rectifier K,measured mRNA (rel_level normalised per dataset: derived),3839,1.346
T4b,Shal,0.7699,0.99,davis2020;ozel2021,derived,Kv4: somatodendritic A-type K,measured mRNA (rel_level normalised per dataset: derived),187.8,0.7351
T4b,Shaw,1.039,0.5,davis2020;ozel2021,derived,Kv3: K,measured mRNA (rel_level normalised per dataset: derived),257.2,0.456
T4b,Task6,1.071,1,davis2020;ozel2021,derived,two-pore leak K,measured mRNA (rel_level normalised per dataset: derived),256.7,1.4
T4b,Task7,1.037,1,davis2020;ozel2021,derived,two-pore leak K,measured mRNA (rel_level normalised per dataset: derived),35.31,1.828
T4b,cac,1.074,1,davis2020;ozel2021,derived,Cav2: high-voltage-activated Ca,measured mRNA (rel_level normalised per dataset: derived),1299,4.45
T4b,eag,1.878,0.5,davis2020;ozel2021,derived,Kv10: K,measured mRNA (rel_level normalised per dataset: derived),1256,1.681
T4b,ogre,0.9272,0,davis2020;ozel2021,derived,innexin,measured mRNA (rel_level normalised per dataset: derived),4.25,1.26
T4b,para,1,1,davis2020;ozel2021,derived,"Nav: voltage-gated Na (spike, persistent Na)",measured mRNA (rel_level normalised per dataset: derived),2364,9.074
T4b,sei,1.339,1,davis2020;ozel2021,derived,Kv11 (erg): K,measured mRNA (rel_level normalised per dataset: derived),154.7,0.8377
T4b,shakB,0.4987,0.265,davis2020;ozel2021,derived,innexin (neuronal gap junctions),measured mRNA (rel_level normalised per dataset: derived),161.6,2.84
T4b,slo,0.8742,1,davis2020;ozel2021,derived,BK: Ca- and voltage-activated K,measured mRNA (rel_level normalised per dataset: derived),837.7,5.167
T4b,zpg,,0,ozel2021,inferred,innexin,measured mRNA (rel_level normalised per dataset: derived),,0
T4c,Ca-alpha1D,0.9458,1,davis2020;ozel2021,derived,Cav1: L-type Ca,measured mRNA (rel_level normalised per dataset: derived),205,0.8205
T4c,Ca-alpha1T,1.091,0.5,davis2020;ozel2021,derived,Cav3: T-type (low-voltage) Ca,measured mRNA (rel_level normalised per dataset: derived),686.7,2.411
T4c,Hk,1.158,1,davis2020;ozel2021,derived,Kv beta subunit,measured mRNA (rel_level normalised per dataset: derived),1411,17.66
T4c,Ih,1.073,1,davis2020;ozel2021,derived,HCN: hyperpolarisation-activated cation (Ih),measured mRNA (rel_level normalised per dataset: derived),2026,10.52
T4c,Inx2,1.165,0,davis2020;ozel2021,derived,innexin,measured mRNA (rel_level normalised per dataset: derived),9.99,0.6937
T4c,Inx3,1.018,0.5,davis2020;ozel2021,derived,innexin,measured mRNA (rel_level normalised per dataset: derived),31.89,0.2624
T4c,Inx5,,0,davis2020;ozel2021,derived,innexin,measured mRNA (rel_level normalised per dataset: derived),0,0
T4c,Inx7,2.083,0,davis2020;ozel2021,derived,innexin,measured mRNA (rel_level normalised per dataset: derived),2.77,0.0008483
T4c,Irk1,0.7631,0,davis2020;ozel2021,derived,inward-rectifier K,measured mRNA (rel_level normalised per dataset: derived),1.45,0.007388
T4c,Irk2,1.097,0,davis2020;ozel2021,derived,inward-rectifier K,measured mRNA (rel_level normalised per dataset: derived),1.53,1.039
T4c,Irk3,0.2225,0,davis2020;ozel2021,derived,inward-rectifier K,measured mRNA (rel_level normalised per dataset: derived),0.03,0.3282
T4c,KCNQ,2.075,0,davis2020;ozel2021,derived,Kv7: M-type slow K,measured mRNA (rel_level normalised per dataset: derived),63.53,0.1237
T4c,Ork1,1.488,0,davis2020;ozel2021,derived,two-pore leak K,measured mRNA (rel_level normalised per dataset: derived),1.16,0.0287
T4c,SK,0.6073,1,davis2020;ozel2021,derived,SK: Ca-activated K,measured mRNA (rel_level normalised per dataset: derived),568.4,1.072
T4c,Sh,1.217,1,davis2020;ozel2021,derived,Kv1: fast A-type K,measured mRNA (rel_level normalised per dataset: derived),6936,24.09
T4c,Shab,2.017,0.5,davis2020;ozel2021,derived,Kv2: delayed-rectifier K,measured mRNA (rel_level normalised per dataset: derived),3839,1.317
T4c,Shal,0.758,0.985,davis2020;ozel2021,derived,Kv4: somatodendritic A-type K,measured mRNA (rel_level normalised per dataset: derived),187.8,0.7126
T4c,Shaw,1.056,0.5,davis2020;ozel2021,derived,Kv3: K,measured mRNA (rel_level normalised per dataset: derived),257.2,0.4715
T4c,Task6,1.085,1,davis2020;ozel2021,derived,two-pore leak K,measured mRNA (rel_level normalised per dataset: derived),256.7,1.437
T4c,Task7,1.068,1,davis2020;ozel2021,derived,two-pore leak K,measured mRNA (rel_level normalised per dataset: derived),35.31,1.936
T4c,cac,1.061,1,davis2020;ozel2021,derived,Cav2: high-voltage-activated Ca,measured mRNA (rel_level normalised per dataset: derived),1299,4.344
T4c,eag,1.801,0.5,davis2020;ozel2021,derived,Kv10: K,measured mRNA (rel_level normalised per dataset: derived),1256,1.546
T4c,ogre,0.9565,0,davis2020;ozel2021,derived,innexin,measured mRNA (rel_level normalised per dataset: derived),4.25,1.341
T4c,para,0.9991,1,davis2020;ozel2021,derived,"Nav: voltage-gated Na (spike, persistent Na)",measured mRNA (rel_level normalised per dataset: derived),2364,9.058
T4c,sei,1.373,1,davis2020;ozel2021,derived,Kv11 (erg): K,measured mRNA (rel_level normalised per dataset: derived),154.7,0.8806
T4c,shakB,0.6761,0.265,davis2020;ozel2021,derived,innexin (neuronal gap junctions),measured mRNA (rel_level normalised per dataset: derived),161.6,5.219
T4c,slo,0.8847,1,davis2020;ozel2021,derived,BK: Ca- and voltage-activated K,measured mRNA (rel_level normalised per dataset: derived),837.7,5.293
T4c,zpg,,0,ozel2021,inferred,innexin,measured mRNA (rel_level normalised per dataset: derived),,0
T4d,Ca-alpha1D,0.9458,1,davis2020;ozel2021,derived,Cav1: L-type Ca,measured mRNA (rel_level normalised per dataset: derived),205,0.8205
T4d,Ca-alpha1T,1.091,0.5,davis2020;ozel2021,derived,Cav3: T-type (low-voltage) Ca,measured mRNA (rel_level normalised per dataset: derived),686.7,2.411
T4d,Hk,1.158,1,davis2020;ozel2021,derived,Kv beta subunit,measured mRNA (rel_level normalised per dataset: derived),1411,17.66
T4d,Ih,1.073,1,davis2020;ozel2021,derived,HCN: hyperpolarisation-activated cation (Ih),measured mRNA (rel_level normalised per dataset: derived),2026,10.52
T4d,Inx2,1.165,0,davis2020;ozel2021,derived,innexin,measured mRNA (rel_level normalised per dataset: derived),9.99,0.6937
T4d,Inx3,1.018,0.5,davis2020;ozel2021,derived,innexin,measured mRNA (rel_level normalised per dataset: derived),31.89,0.2624
T4d,Inx5,,0,davis2020;ozel2021,derived,innexin,measured mRNA (rel_level normalised per dataset: derived),0,0
T4d,Inx7,2.083,0,davis2020;ozel2021,derived,innexin,measured mRNA (rel_level normalised per dataset: derived),2.77,0.0008483
T4d,Irk1,0.7631,0,davis2020;ozel2021,derived,inward-rectifier K,measured mRNA (rel_level normalised per dataset: derived),1.45,0.007388
T4d,Irk2,1.097,0,davis2020;ozel2021,derived,inward-rectifier K,measured mRNA (rel_level normalised per dataset: derived),1.53,1.039
T4d,Irk3,0.2225,0,davis2020;ozel2021,derived,inward-rectifier K,measured mRNA (rel_level normalised per dataset: derived),0.03,0.3282
T4d,KCNQ,2.075,0,davis2020;ozel2021,derived,Kv7: M-type slow K,measured mRNA (rel_level normalised per dataset: derived),63.53,0.1237
T4d,Ork1,1.488,0,davis2020;ozel2021,derived,two-pore leak K,measured mRNA (rel_level normalised per dataset: derived),1.16,0.0287
T4d,SK,0.6073,1,davis2020;ozel2021,derived,SK: Ca-activated K,measured mRNA (rel_level normalised per dataset: derived),568.4,1.072
T4d,Sh,1.217,1,davis2020;ozel2021,derived,Kv1: fast A-type K,measured mRNA (rel_level normalised per dataset: derived),6936,24.09
T4d,Shab,2.017,0.5,davis2020;ozel2021,derived,Kv2: delayed-rectifier K,measured mRNA (rel_level normalised per dataset: derived),3839,1.317
T4d,Shal,0.758,0.985,davis2020;ozel2021,derived,Kv4: somatodendritic A-type K,measured mRNA (rel_level normalised per dataset: derived),187.8,0.7126
T4d,Shaw,1.056,0.5,davis2020;ozel2021,derived,Kv3: K,measured mRNA (rel_level normalised per dataset: derived),257.2,0.4715
T4d,Task6,1.085,1,davis2020;ozel2021,derived,two-pore leak K,measured mRNA (rel_level normalised per dataset: derived),256.7,1.437
T4d,Task7,1.068,1,davis2020;ozel2021,derived,two-pore leak K,measured mRNA (rel_level normalised per dataset: derived),35.31,1.936
T4d,cac,1.061,1,davis2020;ozel2021,derived,Cav2: high-voltage-activated Ca,measured mRNA (rel_level normalised per dataset: derived),1299,4.344
T4d,eag,1.801,0.5,davis2020;ozel2021,derived,Kv10: K,measured mRNA (rel_level normalised per dataset: derived),1256,1.546
T4d,ogre,0.9565,0,davis2020;ozel2021,derived,innexin,measured mRNA (rel_level normalised per dataset: derived),4.25,1.341
T4d,para,0.9991,1,davis2020;ozel2021,derived,"Nav: voltage-gated Na (spike, persistent Na)",measured mRNA (rel_level normalised per dataset: derived),2364,9.058
T4d,sei,1.373,1,davis2020;ozel2021,derived,Kv11 (erg): K,measured mRNA (rel_level normalised per dataset: derived),154.7,0.8806
T4d,shakB,0.6761,0.265,davis2020;ozel2021,derived,innexin (neuronal gap junctions),measured mRNA (rel_level normalised per dataset: derived),161.6,5.219
T4d,slo,0.8847,1,davis2020;ozel2021,derived,BK: Ca- and voltage-activated K,measured mRNA (rel_level normalised per dataset: derived),837.7,5.293
T4d,zpg,,0,ozel2021,inferred,innexin,measured mRNA (rel_level normalised per dataset: derived),,0
T5a,Ca-alpha1D,1.046,1,davis2020;ozel2021,derived,Cav1: L-type Ca,measured mRNA (rel_level normalised per dataset: derived),227.1,0.9057
T5a,Ca-alpha1T,1,0.5,davis2020;ozel2021,derived,Cav3: T-type (low-voltage) Ca,measured mRNA (rel_level normalised per dataset: derived),585.6,2.374
T5a,Hk,1.266,1,davis2020;ozel2021,derived,Kv beta subunit,measured mRNA (rel_level normalised per dataset: derived),1714,17.37
T5a,Ih,1.026,1,davis2020;ozel2021,derived,HCN: hyperpolarisation-activated cation (Ih),measured mRNA (rel_level normalised per dataset: derived),1825,10.67
T5a,Inx2,1.672,0,davis2020;ozel2021,derived,innexin,measured mRNA (rel_level normalised per dataset: derived),20.85,0.6846
T5a,Inx3,1.273,0.5,davis2020;ozel2021,derived,innexin,measured mRNA (rel_level normalised per dataset: derived),53.16,0.2462
T5a,Inx5,,0,davis2020;ozel2021,derived,innexin,measured mRNA (rel_level normalised per dataset: derived),0.05,0
T5a,Inx7,1.556,0,davis2020;ozel2021,derived,innexin,measured mRNA (rel_level normalised per dataset: derived),2.07,0.002998
T5a,Irk1,1.451,0,davis2020;ozel2021,derived,inward-rectifier K,measured mRNA (rel_level normalised per dataset: derived),3.66,0.01058
T5a,Irk2,2.514,0,davis2020;ozel2021,derived,inward-rectifier K,measured mRNA (rel_level normalised per dataset: derived),8.65,0.9654
T5a,Irk3,0.9917,0,davis2020;ozel2021,derived,inward-rectifier K,measured mRNA (rel_level normalised per dataset: derived),0.55,0.3557
T5a,KCNQ,2.546,0.05,davis2020;ozel2021,derived,Kv7: M-type slow K,measured mRNA (rel_level normalised per dataset: derived),102,0.1159
T5a,Ork1,2.871,0,davis2020;ozel2021,derived,two-pore leak K,measured mRNA (rel_level normalised per dataset: derived),5.26,0.02356
T5a,SK,0.6476,1,davis2020;ozel2021,derived,SK: Ca-activated K,measured mRNA (rel_level normalised per dataset: derived),579.8,1.195
T5a,Sh,1.2,1,davis2020;ozel2021,derived,Kv1: fast A-type K,measured mRNA (rel_level normalised per dataset: derived),6898,23.56
T5a,Shab,1.729,0.5,davis2020;ozel2021,derived,Kv2: delayed-rectifier K,measured mRNA (rel_level normalised per dataset: derived),2761,1.346
T5a,Shal,0.7675,0.99,davis2020;ozel2021,derived,Kv4: somatodendritic A-type K,measured mRNA (rel_level normalised per dataset: derived),186.7,0.7351
T5a,Shaw,0.992,0.5,davis2020;ozel2021,derived,Kv3: K,measured mRNA (rel_level normalised per dataset: derived),234.5,0.456
T5a,Task6,1.167,1,davis2020;ozel2021,derived,two-pore leak K,measured mRNA (rel_level normalised per dataset: derived),304.9,1.4
T5a,Task7,1.028,1,davis2020;ozel2021,derived,two-pore leak K,measured mRNA (rel_level normalised per dataset: derived),34.68,1.828
T5a,cac,1.036,1,davis2020;ozel2021,derived,Cav2: high-voltage-activated Ca,measured mRNA (rel_level normalised per dataset: derived),1207,4.45
T5a,eag,2.009,0.5,davis2020;ozel2021,derived,Kv10: K,measured mRNA (rel_level normalised per dataset: derived),1437,1.681
T5a,ogre,2.152,0,davis2020;ozel2021,derived,innexin,measured mRNA (rel_level normalised per dataset: derived),22.89,1.26
T5a,para,1.119,1,davis2020;ozel2021,derived,"Nav: voltage-gated Na (spike, persistent Na)",measured mRNA (rel_level normalised per dataset: derived),2962,9.074
T5a,sei,1.324,1,davis2020;ozel2021,derived,Kv11 (erg): K,measured mRNA (rel_level normalised per dataset: derived),151.3,0.8377
T5a,shakB,0.6788,0.495,davis2020;ozel2021,derived,innexin (neuronal gap junctions),measured mRNA (rel_level normalised per dataset: derived),299.4,2.84
T5a,slo,1.104,1,davis2020;ozel2021,derived,BK: Ca- and voltage-activated K,measured mRNA (rel_level normalised per dataset: derived),1336,5.167
T5a,zpg,,0,ozel2021,inferred,innexin,measured mRNA (rel_level normalised per dataset: derived),,0
T5b,Ca-alpha1D,1.046,1,davis2020;ozel2021,derived,Cav1: L-type Ca,measured mRNA (rel_level normalised per dataset: derived),227.1,0.9057
T5b,Ca-alpha1T,1,0.5,davis2020;ozel2021,derived,Cav3: T-type (low-voltage) Ca,measured mRNA (rel_level normalised per dataset: derived),585.6,2.374
T5b,Hk,1.266,1,davis2020;ozel2021,derived,Kv beta subunit,measured mRNA (rel_level normalised per dataset: derived),1714,17.37
T5b,Ih,1.026,1,davis2020;ozel2021,derived,HCN: hyperpolarisation-activated cation (Ih),measured mRNA (rel_level normalised per dataset: derived),1825,10.67
T5b,Inx2,1.672,0,davis2020;ozel2021,derived,innexin,measured mRNA (rel_level normalised per dataset: derived),20.85,0.6846
T5b,Inx3,1.273,0.5,davis2020;ozel2021,derived,innexin,measured mRNA (rel_level normalised per dataset: derived),53.16,0.2462
T5b,Inx5,,0,davis2020;ozel2021,derived,innexin,measured mRNA (rel_level normalised per dataset: derived),0.05,0
T5b,Inx7,1.556,0,davis2020;ozel2021,derived,innexin,measured mRNA (rel_level normalised per dataset: derived),2.07,0.002998
T5b,Irk1,1.451,0,davis2020;ozel2021,derived,inward-rectifier K,measured mRNA (rel_level normalised per dataset: derived),3.66,0.01058
T5b,Irk2,2.514,0,davis2020;ozel2021,derived,inward-rectifier K,measured mRNA (rel_level normalised per dataset: derived),8.65,0.9654
T5b,Irk3,0.9917,0,davis2020;ozel2021,derived,inward-rectifier K,measured mRNA (rel_level normalised per dataset: derived),0.55,0.3557
T5b,KCNQ,2.546,0.05,davis2020;ozel2021,derived,Kv7: M-type slow K,measured mRNA (rel_level normalised per dataset: derived),102,0.1159
T5b,Ork1,2.871,0,davis2020;ozel2021,derived,two-pore leak K,measured mRNA (rel_level normalised per dataset: derived),5.26,0.02356
T5b,SK,0.6476,1,davis2020;ozel2021,derived,SK: Ca-activated K,measured mRNA (rel_level normalised per dataset: derived),579.8,1.195
T5b,Sh,1.2,1,davis2020;ozel2021,derived,Kv1: fast A-type K,measured mRNA (rel_level normalised per dataset: derived),6898,23.56
T5b,Shab,1.729,0.5,davis2020;ozel2021,derived,Kv2: delayed-rectifier K,measured mRNA (rel_level normalised per dataset: derived),2761,1.346
T5b,Shal,0.7675,0.99,davis2020;ozel2021,derived,Kv4: somatodendritic A-type K,measured mRNA (rel_level normalised per dataset: derived),186.7,0.7351
T5b,Shaw,0.992,0.5,davis2020;ozel2021,derived,Kv3: K,measured mRNA (rel_level normalised per dataset: derived),234.5,0.456
T5b,Task6,1.167,1,davis2020;ozel2021,derived,two-pore leak K,measured mRNA (rel_level normalised per dataset: derived),304.9,1.4
T5b,Task7,1.028,1,davis2020;ozel2021,derived,two-pore leak K,measured mRNA (rel_level normalised per dataset: derived),34.68,1.828
T5b,cac,1.036,1,davis2020;ozel2021,derived,Cav2: high-voltage-activated Ca,measured mRNA (rel_level normalised per dataset: derived),1207,4.45
T5b,eag,2.009,0.5,davis2020;ozel2021,derived,Kv10: K,measured mRNA (rel_level normalised per dataset: derived),1437,1.681
T5b,ogre,2.152,0,davis2020;ozel2021,derived,innexin,measured mRNA (rel_level normalised per dataset: derived),22.89,1.26
T5b,para,1.119,1,davis2020;ozel2021,derived,"Nav: voltage-gated Na (spike, persistent Na)",measured mRNA (rel_level normalised per dataset: derived),2962,9.074
T5b,sei,1.324,1,davis2020;ozel2021,derived,Kv11 (erg): K,measured mRNA (rel_level normalised per dataset: derived),151.3,0.8377
T5b,shakB,0.6788,0.495,davis2020;ozel2021,derived,innexin (neuronal gap junctions),measured mRNA (rel_level normalised per dataset: derived),299.4,2.84
T5b,slo,1.104,1,davis2020;ozel2021,derived,BK: Ca- and voltage-activated K,measured mRNA (rel_level normalised per dataset: derived),1336,5.167
T5b,zpg,,0,ozel2021,inferred,innexin,measured mRNA (rel_level normalised per dataset: derived),,0
T5c,Ca-alpha1D,0.9955,1,davis2020;ozel2021,derived,Cav1: L-type Ca,measured mRNA (rel_level normalised per dataset: derived),227.1,0.8205
T5c,Ca-alpha1T,1.008,0.5,davis2020;ozel2021,derived,Cav3: T-type (low-voltage) Ca,measured mRNA (rel_level normalised per dataset: derived),585.6,2.411
T5c,Hk,1.276,1,davis2020;ozel2021,derived,Kv beta subunit,measured mRNA (rel_level normalised per dataset: derived),1714,17.66
T5c,Ih,1.019,1,davis2020;ozel2021,derived,HCN: hyperpolarisation-activated cation (Ih),measured mRNA (rel_level normalised per dataset: derived),1825,10.52
T5c,Inx2,1.684,0,davis2020;ozel2021,derived,innexin,measured mRNA (rel_level normalised per dataset: derived),20.85,0.6937
T5c,Inx3,1.314,0.5,davis2020;ozel2021,derived,innexin,measured mRNA (rel_level normalised per dataset: derived),53.16,0.2624
T5c,Inx5,,0,davis2020;ozel2021,derived,innexin,measured mRNA (rel_level normalised per dataset: derived),0.05,0
T5c,Inx7,1.556,0,davis2020;ozel2021,derived,innexin,measured mRNA (rel_level normalised per dataset: derived),2.07,0.0008483
T5c,Irk1,1.212,0,davis2020;ozel2021,derived,inward-rectifier K,measured mRNA (rel_level normalised per dataset: derived),3.66,0.007388
T5c,Irk2,2.608,0,davis2020;ozel2021,derived,inward-rectifier K,measured mRNA (rel_level normalised per dataset: derived),8.65,1.039
T5c,Irk3,0.9526,0,davis2020;ozel2021,derived,inward-rectifier K,measured mRNA (rel_level normalised per dataset: derived),0.55,0.3282
T5c,KCNQ,2.629,0.05,davis2020;ozel2021,derived,Kv7: M-type slow K,measured mRNA (rel_level normalised per dataset: derived),102,0.1237
T5c,Ork1,3.169,0,davis2020;ozel2021,derived,two-pore leak K,measured mRNA (rel_level normalised per dataset: derived),5.26,0.0287
T5c,SK,0.6134,1,davis2020;ozel2021,derived,SK: Ca-activated K,measured mRNA (rel_level normalised per dataset: derived),579.8,1.072
T5c,Sh,1.213,1,davis2020;ozel2021,derived,Kv1: fast A-type K,measured mRNA (rel_level normalised per dataset: derived),6898,24.09
T5c,Shab,1.711,0.5,davis2020;ozel2021,derived,Kv2: delayed-rectifier K,measured mRNA (rel_level normalised per dataset: derived),2761,1.317
T5c,Shal,0.7556,0.985,davis2020;ozel2021,derived,Kv4: somatodendritic A-type K,measured mRNA (rel_level normalised per dataset: derived),186.7,0.7126
T5c,Shaw,1.009,0.5,davis2020;ozel2021,derived,Kv3: K,measured mRNA (rel_level normalised per dataset: derived),234.5,0.4715
T5c,Task6,1.183,1,davis2020;ozel2021,derived,two-pore leak K,measured mRNA (rel_level normalised per dataset: derived),304.9,1.437
T5c,Task7,1.058,1,davis2020;ozel2021,derived,two-pore leak K,measured mRNA (rel_level normalised per dataset: derived),34.68,1.936
T5c,cac,1.024,1,davis2020;ozel2021,derived,Cav2: high-voltage-activated Ca,measured mRNA (rel_level normalised per dataset: derived),1207,4.344
T5c,eag,1.926,0.5,davis2020;ozel2021,derived,Kv10: K,measured mRNA (rel_level normalised per dataset: derived),1437,1.546
T5c,ogre,2.22,0,davis2020;ozel2021,derived,innexin,measured mRNA (rel_level normalised per dataset: derived),22.89,1.341
T5c,para,1.118,1,davis2020;ozel2021,derived,"Nav: voltage-gated Na (spike, persistent Na)",measured mRNA (rel_level normalised per dataset: derived),2962,9.058
T5c,sei,1.357,1,davis2020;ozel2021,derived,Kv11 (erg): K,measured mRNA (rel_level normalised per dataset: derived),151.3,0.8806
T5c,shakB,0.9202,0.495,davis2020;ozel2021,derived,innexin (neuronal gap junctions),measured mRNA (rel_level normalised per dataset: derived),299.4,5.219
T5c,slo,1.117,1,davis2020;ozel2021,derived,BK: Ca- and voltage-activated K,measured mRNA (rel_level normalised per dataset: derived),1336,5.293
T5c,zpg,,0,ozel2021,inferred,innexin,measured mRNA (rel_level normalised per dataset: derived),,0
T5d,Ca-alpha1D,0.9955,1,davis2020;ozel2021,derived,Cav1: L-type Ca,measured mRNA (rel_level normalised per dataset: derived),227.1,0.8205
T5d,Ca-alpha1T,1.008,0.5,davis2020;ozel2021,derived,Cav3: T-type (low-voltage) Ca,measured mRNA (rel_level normalised per dataset: derived),585.6,2.411
T5d,Hk,1.276,1,davis2020;ozel2021,derived,Kv beta subunit,measured mRNA (rel_level normalised per dataset: derived),1714,17.66
T5d,Ih,1.019,1,davis2020;ozel2021,derived,HCN: hyperpolarisation-activated cation (Ih),measured mRNA (rel_level normalised per dataset: derived),1825,10.52
T5d,Inx2,1.684,0,davis2020;ozel2021,derived,innexin,measured mRNA (rel_level normalised per dataset: derived),20.85,0.6937
T5d,Inx3,1.314,0.5,davis2020;ozel2021,derived,innexin,measured mRNA (rel_level normalised per dataset: derived),53.16,0.2624
T5d,Inx5,,0,davis2020;ozel2021,derived,innexin,measured mRNA (rel_level normalised per dataset: derived),0.05,0
T5d,Inx7,1.556,0,davis2020;ozel2021,derived,innexin,measured mRNA (rel_level normalised per dataset: derived),2.07,0.0008483
T5d,Irk1,1.212,0,davis2020;ozel2021,derived,inward-rectifier K,measured mRNA (rel_level normalised per dataset: derived),3.66,0.007388
T5d,Irk2,2.608,0,davis2020;ozel2021,derived,inward-rectifier K,measured mRNA (rel_level normalised per dataset: derived),8.65,1.039
T5d,Irk3,0.9526,0,davis2020;ozel2021,derived,inward-rectifier K,measured mRNA (rel_level normalised per dataset: derived),0.55,0.3282
T5d,KCNQ,2.629,0.05,davis2020;ozel2021,derived,Kv7: M-type slow K,measured mRNA (rel_level normalised per dataset: derived),102,0.1237
T5d,Ork1,3.169,0,davis2020;ozel2021,derived,two-pore leak K,measured mRNA (rel_level normalised per dataset: derived),5.26,0.0287
T5d,SK,0.6134,1,davis2020;ozel2021,derived,SK: Ca-activated K,measured mRNA (rel_level normalised per dataset: derived),579.8,1.072
T5d,Sh,1.213,1,davis2020;ozel2021,derived,Kv1: fast A-type K,measured mRNA (rel_level normalised per dataset: derived),6898,24.09
T5d,Shab,1.711,0.5,davis2020;ozel2021,derived,Kv2: delayed-rectifier K,measured mRNA (rel_level normalised per dataset: derived),2761,1.317
T5d,Shal,0.7556,0.985,davis2020;ozel2021,derived,Kv4: somatodendritic A-type K,measured mRNA (rel_level normalised per dataset: derived),186.7,0.7126
T5d,Shaw,1.009,0.5,davis2020;ozel2021,derived,Kv3: K,measured mRNA (rel_level normalised per dataset: derived),234.5,0.4715
T5d,Task6,1.183,1,davis2020;ozel2021,derived,two-pore leak K,measured mRNA (rel_level normalised per dataset: derived),304.9,1.437
T5d,Task7,1.058,1,davis2020;ozel2021,derived,two-pore leak K,measured mRNA (rel_level normalised per dataset: derived),34.68,1.936
T5d,cac,1.024,1,davis2020;ozel2021,derived,Cav2: high-voltage-activated Ca,measured mRNA (rel_level normalised per dataset: derived),1207,4.344
T5d,eag,1.926,0.5,davis2020;ozel2021,derived,Kv10: K,measured mRNA (rel_level normalised per dataset: derived),1437,1.546
T5d,ogre,2.22,0,davis2020;ozel2021,derived,innexin,measured mRNA (rel_level normalised per dataset: derived),22.89,1.341
T5d,para,1.118,1,davis2020;ozel2021,derived,"Nav: voltage-gated Na (spike, persistent Na)",measured mRNA (rel_level normalised per dataset: derived),2962,9.058
T5d,sei,1.357,1,davis2020;ozel2021,derived,Kv11 (erg): K,measured mRNA (rel_level normalised per dataset: derived),151.3,0.8806
T5d,shakB,0.9202,0.495,davis2020;ozel2021,derived,innexin (neuronal gap junctions),measured mRNA (rel_level normalised per dataset: derived),299.4,5.219
T5d,slo,1.117,1,davis2020;ozel2021,derived,BK: Ca- and voltage-activated K,measured mRNA (rel_level normalised per dataset: derived),1336,5.293
T5d,zpg,,0,ozel2021,inferred,innexin,measured mRNA (rel_level normalised per dataset: derived),,0
Tm1,Ca-alpha1D,1.092,1,davis2020;ozel2021,derived,Cav1: L-type Ca,measured mRNA (rel_level normalised per dataset: derived),284.1,0.7884
Tm1,Ca-alpha1T,2.06,0.505,davis2020;ozel2021,derived,Cav3: T-type (low-voltage) Ca,measured mRNA (rel_level normalised per dataset: derived),2149,2.746
Tm1,Hk,1.131,1,davis2020;ozel2021,derived,Kv beta subunit,measured mRNA (rel_level normalised per dataset: derived),1431,16.6
Tm1,Ih,1.055,1,davis2020;ozel2021,derived,HCN: hyperpolarisation-activated cation (Ih),measured mRNA (rel_level normalised per dataset: derived),1564,13.15
Tm1,Inx2,0.6737,0,davis2020;ozel2021,derived,innexin,measured mRNA (rel_level normalised per dataset: derived),4.73,0.4897
Tm1,Inx3,0.8052,0.5,davis2020;ozel2021,derived,innexin,measured mRNA (rel_level normalised per dataset: derived),28.15,0.186
Tm1,Inx5,,0,davis2020;ozel2021,derived,innexin,measured mRNA (rel_level normalised per dataset: derived),0.52,0
Tm1,Inx7,0.2105,0,davis2020;ozel2021,derived,innexin,measured mRNA (rel_level normalised per dataset: derived),0.28,0
Tm1,Irk1,0.8225,0,davis2020;ozel2021,derived,inward-rectifier K,measured mRNA (rel_level normalised per dataset: derived),0.84,0.01481
Tm1,Irk2,0.7869,0,davis2020;ozel2021,derived,inward-rectifier K,measured mRNA (rel_level normalised per dataset: derived),1.31,0.6244
Tm1,Irk3,0.8272,0,davis2020;ozel2021,derived,inward-rectifier K,measured mRNA (rel_level normalised per dataset: derived),0.65,0.2094
Tm1,KCNQ,0.3481,0,davis2020;ozel2021,derived,Kv7: M-type slow K,measured mRNA (rel_level normalised per dataset: derived),7.04,0.03142
Tm1,Ork1,1.243,0,davis2020;ozel2021,derived,two-pore leak K,measured mRNA (rel_level normalised per dataset: derived),1.56,0.01488
Tm1,SK,0.4618,1,davis2020;ozel2021,derived,SK: Ca-activated K,measured mRNA (rel_level normalised per dataset: derived),370.6,0.9505
Tm1,Sh,1.325,1,davis2020;ozel2021,derived,Kv1: fast A-type K,measured mRNA (rel_level normalised per dataset: derived),6969,28.45
Tm1,Shab,1.152,0.5,davis2020;ozel2021,derived,Kv2: delayed-rectifier K,measured mRNA (rel_level normalised per dataset: derived),2274,0.7249
Tm1,Shal,1.914,1,davis2020;ozel2021,derived,Kv4: somatodendritic A-type K,measured mRNA (rel_level normalised per dataset: derived),401.4,2.127
Tm1,Shaw,1.126,0.5,davis2020;ozel2021,derived,Kv3: K,measured mRNA (rel_level normalised per dataset: derived),286.4,0.4814
Tm1,Task6,1.142,1,davis2020;ozel2021,derived,two-pore leak K,measured mRNA (rel_level normalised per dataset: derived),296.5,1.378
Tm1,Task7,1.085,1,davis2020;ozel2021,derived,two-pore leak K,measured mRNA (rel_level normalised per dataset: derived),48.4,1.458
Tm1,cac,1.239,1,davis2020;ozel2021,derived,Cav2: high-voltage-activated Ca,measured mRNA (rel_level normalised per dataset: derived),1562,4.918
Tm1,eag,1.691,0.5,davis2020;ozel2021,derived,Kv10: K,measured mRNA (rel_level normalised per dataset: derived),829,2.064
Tm1,ogre,0.6815,0,davis2020;ozel2021,derived,innexin,measured mRNA (rel_level normalised per dataset: derived),3.6,0.8037
Tm1,para,1.382,1,davis2020;ozel2021,derived,"Nav: voltage-gated Na (spike, persistent Na)",measured mRNA (rel_level normalised per dataset: derived),2954,13.87
Tm1,sei,1.18,1,davis2020;ozel2021,derived,Kv11 (erg): K,measured mRNA (rel_level normalised per dataset: derived),149.1,0.675
Tm1,shakB,0.2128,0.065,davis2020;ozel2021,derived,innexin (neuronal gap junctions),measured mRNA (rel_level normalised per dataset: derived),87.76,0.9521
Tm1,slo,1.006,1,davis2020;ozel2021,derived,BK: Ca- and voltage-activated K,measured mRNA (rel_level normalised per dataset: derived),998.6,5.745
Tm1,zpg,,0,ozel2021,derived,innexin,measured mRNA (rel_level normalised per dataset: derived),,0
Tm2,Ca-alpha1D,0.9633,1,davis2020;ozel2021,derived,Cav1: L-type Ca,measured mRNA (rel_level normalised per dataset: derived),217.1,0.8036
Tm2,Ca-alpha1T,2.357,1,davis2020;ozel2021,derived,Cav3: T-type (low-voltage) Ca,measured mRNA (rel_level normalised per dataset: derived),641.5,12.04
Tm2,Hk,0.7362,1,davis2020;ozel2021,derived,Kv beta subunit,measured mRNA (rel_level normalised per dataset: derived),553.3,18.2
Tm2,Ih,0.7938,1,davis2020;ozel2021,derived,HCN: hyperpolarisation-activated cation (Ih),measured mRNA (rel_level normalised per dataset: derived),837.5,13.92
Tm2,Inx2,1.917,0.43,davis2020;ozel2021,derived,innexin,measured mRNA (rel_level normalised per dataset: derived),40.85,0.4592
Tm2,Inx3,1.457,0.5,davis2020;ozel2021,derived,innexin,measured mRNA (rel_level normalised per dataset: derived),67.57,0.2537
Tm2,Inx5,,0,davis2020;ozel2021,derived,innexin,measured mRNA (rel_level normalised per dataset: derived),0.44,0
Tm2,Inx7,4.286,0.315,davis2020;ozel2021,derived,innexin,measured mRNA (rel_level normalised per dataset: derived),5.7,0.004979
Tm2,Irk1,0.05195,0,davis2020;ozel2021,derived,inward-rectifier K,measured mRNA (rel_level normalised per dataset: derived),6.18,0
Tm2,Irk2,1.124,0,davis2020;ozel2021,derived,inward-rectifier K,measured mRNA (rel_level normalised per dataset: derived),2.03,0.822
Tm2,Irk3,1.669,0,davis2020;ozel2021,derived,inward-rectifier K,measured mRNA (rel_level normalised per dataset: derived),1.86,0.2977
Tm2,KCNQ,46.15,1,davis2020;ozel2021,derived,Kv7: M-type slow K,measured mRNA (rel_level normalised per dataset: derived),791.6,4.909
Tm2,Ork1,2.012,0,davis2020;ozel2021,derived,two-pore leak K,measured mRNA (rel_level normalised per dataset: derived),3.19,0.01908
Tm2,SK,0.2989,0.995,davis2020;ozel2021,derived,SK: Ca-activated K,measured mRNA (rel_level normalised per dataset: derived),176,0.8389
Tm2,Sh,0.9064,1,davis2020;ozel2021,derived,Kv1: fast A-type K,measured mRNA (rel_level normalised per dataset: derived),2772,33.45
Tm2,Shab,0.2653,0.48,davis2020;ozel2021,derived,Kv2: delayed-rectifier K,measured mRNA (rel_level normalised per dataset: derived),321.4,0.2722
Tm2,Shal,0.7756,1,davis2020;ozel2021,derived,Kv4: somatodendritic A-type K,measured mRNA (rel_level normalised per dataset: derived),121.4,1.154
Tm2,Shaw,0.9995,0.5,davis2020;ozel2021,derived,Kv3: K,measured mRNA (rel_level normalised per dataset: derived),270.4,0.4015
Tm2,Task6,1.032,1,davis2020;ozel2021,derived,two-pore leak K,measured mRNA (rel_level normalised per dataset: derived),204.9,1.629
Tm2,Task7,0.9641,1,davis2020;ozel2021,derived,two-pore leak K,measured mRNA (rel_level normalised per dataset: derived),41.8,1.334
Tm2,cac,0.9917,1,davis2020;ozel2021,derived,Cav2: high-voltage-activated Ca,measured mRNA (rel_level normalised per dataset: derived),932.3,5.281
Tm2,eag,0.5783,0.5,davis2020;ozel2021,derived,Kv10: K,measured mRNA (rel_level normalised per dataset: derived),243.2,0.8229
Tm2,ogre,2.532,0.35,davis2020;ozel2021,derived,innexin,measured mRNA (rel_level normalised per dataset: derived),37.09,1.077
Tm2,para,1,1,davis2020;ozel2021,derived,"Nav: voltage-gated Na (spike, persistent Na)",measured mRNA (rel_level normalised per dataset: derived),1593,13.47
Tm2,sei,1.3,1,davis2020;ozel2021,derived,Kv11 (erg): K,measured mRNA (rel_level normalised per dataset: derived),140.2,0.8718
Tm2,shakB,0.3072,0.31,davis2020;ozel2021,derived,innexin (neuronal gap junctions),measured mRNA (rel_level normalised per dataset: derived),157.5,1.105
Tm2,slo,1.029,1,davis2020;ozel2021,derived,BK: Ca- and voltage-activated K,measured mRNA (rel_level normalised per dataset: derived),786.7,7.623
Tm2,zpg,,0,ozel2021,derived,innexin,measured mRNA (rel_level normalised per dataset: derived),,0
Tm20,Ca-alpha1D,0.8766,1,davis2020;ozel2021,derived,Cav1: L-type Ca,measured mRNA (rel_level normalised per dataset: derived),175.4,0.8236
Tm20,Ca-alpha1T,0.5676,0.485,davis2020;ozel2021,derived,Cav3: T-type (low-voltage) Ca,measured mRNA (rel_level normalised per dataset: derived),346.9,1.291
Tm20,Hk,1.024,1,davis2020;ozel2021,derived,Kv beta subunit,measured mRNA (rel_level normalised per dataset: derived),1210,16.1
Tm20,Ih,0.7082,0.995,davis2020;ozel2021,derived,HCN: hyperpolarisation-activated cation (Ih),measured mRNA (rel_level normalised per dataset: derived),1356,6.841
Tm20,Inx2,3.617,0.5,davis2020;ozel2021,derived,innexin,measured mRNA (rel_level normalised per dataset: derived),96.55,0.6913
Tm20,Inx3,2.03,0.5,davis2020;ozel2021,derived,innexin,measured mRNA (rel_level normalised per dataset: derived),139.8,0.2381
Tm20,Inx5,,0,davis2020;ozel2021,derived,innexin,measured mRNA (rel_level normalised per dataset: derived),0.46,0
Tm20,Inx7,1,0,davis2020;ozel2021,derived,innexin,measured mRNA (rel_level normalised per dataset: derived),1.33,0.008535
Tm20,Irk1,1.752,0,davis2020;ozel2021,derived,inward-rectifier K,measured mRNA (rel_level normalised per dataset: derived),4.53,0.01246
Tm20,Irk2,7.933,0.5,davis2020;ozel2021,derived,inward-rectifier K,measured mRNA (rel_level normalised per dataset: derived),98.17,0.847
Tm20,Irk3,1.099,0,davis2020;ozel2021,derived,inward-rectifier K,measured mRNA (rel_level normalised per dataset: derived),0.78,0.3082
Tm20,KCNQ,0.6799,0,davis2020;ozel2021,derived,Kv7: M-type slow K,measured mRNA (rel_level normalised per dataset: derived),18.3,0.0461
Tm20,Ork1,0.5517,0,davis2020;ozel2021,derived,two-pore leak K,measured mRNA (rel_level normalised per dataset: derived),0.17,0.02692
Tm20,SK,1.274,1,davis2020;ozel2021,derived,SK: Ca-activated K,measured mRNA (rel_level normalised per dataset: derived),856.4,3.133
Tm20,Sh,0.7331,1,davis2020;ozel2021,derived,Kv1: fast A-type K,measured mRNA (rel_level normalised per dataset: derived),4112,14.75
Tm20,Shab,0.9727,0.5,davis2020;ozel2021,derived,Kv2: delayed-rectifier K,measured mRNA (rel_level normalised per dataset: derived),1371,0.8573
Tm20,Shal,1.039,1,davis2020;ozel2021,derived,Kv4: somatodendritic A-type K,measured mRNA (rel_level normalised per dataset: derived),221,1.138
Tm20,Shaw,1.157,0.5,davis2020;ozel2021,derived,Kv3: K,measured mRNA (rel_level normalised per dataset: derived),222.6,0.6539
Tm20,Task6,1.033,1,davis2020;ozel2021,derived,two-pore leak K,measured mRNA (rel_level normalised per dataset: derived),220.1,1.521
Tm20,Task7,1.016,1,davis2020;ozel2021,derived,two-pore leak K,measured mRNA (rel_level normalised per dataset: derived),36.84,1.681
Tm20,cac,0.8828,1,davis2020;ozel2021,derived,Cav2: high-voltage-activated Ca,measured mRNA (rel_level normalised per dataset: derived),1055,3.699
Tm20,eag,0.8884,0.5,davis2020;ozel2021,derived,Kv10: K,measured mRNA (rel_level normalised per dataset: derived),509.8,0.9267
Tm20,ogre,3.965,0.495,davis2020;ozel2021,derived,innexin,measured mRNA (rel_level normalised per dataset: derived),75.26,1.302
Tm20,para,0.8681,1,davis2020;ozel2021,derived,"Nav: voltage-gated Na (spike, persistent Na)",measured mRNA (rel_level normalised per dataset: derived),2243,7.204
Tm20,sei,1.053,1,davis2020;ozel2021,derived,Kv11 (erg): K,measured mRNA (rel_level normalised per dataset: derived),112,0.7156
Tm20,shakB,0.3018,0.075,davis2020;ozel2021,derived,innexin (neuronal gap junctions),measured mRNA (rel_level normalised per dataset: derived),92.07,1.825
Tm20,slo,0.9446,1,davis2020;ozel2021,derived,BK: Ca- and voltage-activated K,measured mRNA (rel_level normalised per dataset: derived),909.1,5.559
Tm20,zpg,,0,ozel2021,derived,innexin,measured mRNA (rel_level normalised per dataset: derived),,0
Tm29,Ca-alpha1D,0.8434,1,davis2020;ozel2021,derived,Cav1: L-type Ca,measured mRNA (rel_level normalised per dataset: derived),141.6,0.9443
Tm29,Ca-alpha1T,1.02,0.5,davis2020;ozel2021,derived,Cav3: T-type (low-voltage) Ca,measured mRNA (rel_level normalised per dataset: derived),628,2.302
Tm29,Hk,1.223,1,davis2020;ozel2021,derived,Kv beta subunit,measured mRNA (rel_level normalised per dataset: derived),1752,15.86
Tm29,Ih,1.102,1,davis2020;ozel2021,derived,HCN: hyperpolarisation-activated cation (Ih),measured mRNA (rel_level normalised per dataset: derived),1946,11.54
Tm29,Inx2,1.246,0,davis2020;ozel2021,derived,innexin,measured mRNA (rel_level normalised per dataset: derived),13.46,0.5888
Tm29,Inx3,0.8719,0.5,davis2020;ozel2021,derived,innexin,measured mRNA (rel_level normalised per dataset: derived),29.93,0.2052
Tm29,Inx5,,0,davis2020;ozel2021,derived,innexin,measured mRNA (rel_level normalised per dataset: derived),0,0
Tm29,Inx7,0.5338,0,davis2020;ozel2021,derived,innexin,measured mRNA (rel_level normalised per dataset: derived),0.71,0
Tm29,Irk1,0.0305,0,davis2020;ozel2021,derived,inward-rectifier K,measured mRNA (rel_level normalised per dataset: derived),2.13,0
Tm29,Irk2,0.888,0,davis2020;ozel2021,derived,inward-rectifier K,measured mRNA (rel_level normalised per dataset: derived),1.26,0.8268
Tm29,Irk3,1.777,0,davis2020;ozel2021,derived,inward-rectifier K,measured mRNA (rel_level normalised per dataset: derived),2.13,0.295
Tm29,KCNQ,1.441,0,davis2020;ozel2021,derived,Kv7: M-type slow K,measured mRNA (rel_level normalised per dataset: derived),32.05,0.1182
Tm29,Ork1,0.7569,0,davis2020;ozel2021,derived,two-pore leak K,measured mRNA (rel_level normalised per dataset: derived),0.99,0.0087
Tm29,SK,1.671,1,davis2020;ozel2021,derived,SK: Ca-activated K,measured mRNA (rel_level normalised per dataset: derived),1342,3.435
Tm29,Sh,0.9814,1,davis2020;ozel2021,derived,Kv1: fast A-type K,measured mRNA (rel_level normalised per dataset: derived),6226,17.46
Tm29,Shab,1.108,0.5,davis2020;ozel2021,derived,Kv2: delayed-rectifier K,measured mRNA (rel_level normalised per dataset: derived),1949,0.7831
Tm29,Shal,1.064,1,davis2020;ozel2021,derived,Kv4: somatodendritic A-type K,measured mRNA (rel_level normalised per dataset: derived),273.7,0.9645
Tm29,Shaw,0.7929,0.5,davis2020;ozel2021,derived,Kv3: K,measured mRNA (rel_level normalised per dataset: derived),211.4,0.3232
Tm29,Task6,0.9038,1,davis2020;ozel2021,derived,two-pore leak K,measured mRNA (rel_level normalised per dataset: derived),167,1.533
Tm29,Task7,0.9046,1,davis2020;ozel2021,derived,two-pore leak K,measured mRNA (rel_level normalised per dataset: derived),24.14,2.034
Tm29,cac,0.9078,1,davis2020;ozel2021,derived,Cav2: high-voltage-activated Ca,measured mRNA (rel_level normalised per dataset: derived),1307,3.156
Tm29,eag,0.9405,0.5,davis2020;ozel2021,derived,Kv10: K,measured mRNA (rel_level normalised per dataset: derived),577.3,0.917
Tm29,ogre,1.36,0,davis2020;ozel2021,derived,innexin,measured mRNA (rel_level normalised per dataset: derived),8.59,1.342
Tm29,para,0.8464,1,davis2020;ozel2021,derived,"Nav: voltage-gated Na (spike, persistent Na)",measured mRNA (rel_level normalised per dataset: derived),2240,6.86
Tm29,sei,0.7815,1,davis2020;ozel2021,derived,Kv11 (erg): K,measured mRNA (rel_level normalised per dataset: derived),60.41,0.7312
Tm29,shakB,2.634,0.5,davis2020;ozel2021,derived,innexin (neuronal gap junctions),measured mRNA (rel_level normalised per dataset: derived),1136,11.27
Tm29,slo,1.184,1,davis2020;ozel2021,derived,BK: Ca- and voltage-activated K,measured mRNA (rel_level normalised per dataset: derived),1234,6.435
Tm29,zpg,,0,ozel2021,derived,innexin,measured mRNA (rel_level normalised per dataset: derived),,0
Tm3,Ca-alpha1D,0.8974,1,davis2020;ozel2021,derived,Cav1: L-type Ca,measured mRNA (rel_level normalised per dataset: derived),162.4,0.9322
Tm3,Ca-alpha1T,0.9416,0.5,davis2020;ozel2021,derived,Cav3: T-type (low-voltage) Ca,measured mRNA (rel_level normalised per dataset: derived),336.4,3.664
Tm3,Hk,0.7347,1,davis2020;ozel2021,derived,Kv beta subunit,measured mRNA (rel_level normalised per dataset: derived),557.1,18.01
Tm3,Ih,1.069,1,davis2020;ozel2021,derived,HCN: hyperpolarisation-activated cation (Ih),measured mRNA (rel_level normalised per dataset: derived),977,21.65
Tm3,Inx2,0.9479,0,davis2020;ozel2021,derived,innexin,measured mRNA (rel_level normalised per dataset: derived),8.66,0.5295
Tm3,Inx3,1.104,0.5,davis2020;ozel2021,derived,innexin,measured mRNA (rel_level normalised per dataset: derived),42.12,0.2339
Tm3,Inx5,,0.5,davis2020;ozel2021,derived,innexin,measured mRNA (rel_level normalised per dataset: derived),18.05,0.002358
Tm3,Inx7,0.7368,0,davis2020;ozel2021,derived,innexin,measured mRNA (rel_level normalised per dataset: derived),0.98,0
Tm3,Irk1,1.034,0,davis2020;ozel2021,derived,inward-rectifier K,measured mRNA (rel_level normalised per dataset: derived),1.81,0.01086
Tm3,Irk2,0.9799,0,davis2020;ozel2021,derived,inward-rectifier K,measured mRNA (rel_level normalised per dataset: derived),1.48,0.8572
Tm3,Irk3,1.51,0,davis2020;ozel2021,derived,inward-rectifier K,measured mRNA (rel_level normalised per dataset: derived),1.39,0.3263
Tm3,KCNQ,0.5647,0,davis2020;ozel2021,derived,Kv7: M-type slow K,measured mRNA (rel_level normalised per dataset: derived),13.21,0.04404
Tm3,Ork1,1.502,0,davis2020;ozel2021,derived,two-pore leak K,measured mRNA (rel_level normalised per dataset: derived),1.26,0.02693
Tm3,SK,0.6154,1,davis2020;ozel2021,derived,SK: Ca-activated K,measured mRNA (rel_level normalised per dataset: derived),266.9,2.345
Tm3,Sh,0.7292,1,davis2020;ozel2021,derived,Kv1: fast A-type K,measured mRNA (rel_level normalised per dataset: derived),2655,22.6
Tm3,Shab,1.024,0.5,davis2020;ozel2021,derived,Kv2: delayed-rectifier K,measured mRNA (rel_level normalised per dataset: derived),1616,0.8061
Tm3,Shal,0.8763,1,davis2020;ozel2021,derived,Kv4: somatodendritic A-type K,measured mRNA (rel_level normalised per dataset: derived),161.7,1.106
Tm3,Shaw,1.083,0.5,davis2020;ozel2021,derived,Kv3: K,measured mRNA (rel_level normalised per dataset: derived),268.4,0.4746
Tm3,Task6,0.8994,1,davis2020;ozel2021,derived,two-pore leak K,measured mRNA (rel_level normalised per dataset: derived),145.1,1.748
Tm3,Task7,1.24,1,davis2020;ozel2021,derived,two-pore leak K,measured mRNA (rel_level normalised per dataset: derived),66.66,1.383
Tm3,cac,0.7962,1,davis2020;ozel2021,derived,Cav2: high-voltage-activated Ca,measured mRNA (rel_level normalised per dataset: derived),817.6,3.881
Tm3,eag,0.2369,0.2,davis2020;ozel2021,derived,Kv10: K,measured mRNA (rel_level normalised per dataset: derived),94.73,0.3545
Tm3,ogre,0.8623,0,davis2020;ozel2021,derived,innexin,measured mRNA (rel_level normalised per dataset: derived),4.63,1
Tm3,para,0.8733,1,davis2020;ozel2021,derived,"Nav: voltage-gated Na (spike, persistent Na)",measured mRNA (rel_level normalised per dataset: derived),1331,12.29
Tm3,sei,1.101,1,davis2020;ozel2021,derived,Kv11 (erg): K,measured mRNA (rel_level normalised per dataset: derived),92.78,0.9445
Tm3,shakB,1.377,0.47,davis2020;ozel2021,derived,innexin (neuronal gap junctions),measured mRNA (rel_level normalised per dataset: derived),268.5,13.03
Tm3,slo,0.6601,1,davis2020;ozel2021,derived,BK: Ca- and voltage-activated K,measured mRNA (rel_level normalised per dataset: derived),443.8,5.563
Tm3,zpg,,0,ozel2021,derived,innexin,measured mRNA (rel_level normalised per dataset: derived),,0
Tm4,Ca-alpha1D,0.8348,1,davis2020;ozel2021,derived,Cav1: L-type Ca,measured mRNA (rel_level normalised per dataset: derived),126.2,1.038
Tm4,Ca-alpha1T,0.5124,0.315,davis2020;ozel2021,derived,Cav3: T-type (low-voltage) Ca,measured mRNA (rel_level normalised per dataset: derived),172.7,2.114
Tm4,Hk,1.07,1,davis2020;ozel2021,derived,Kv beta subunit,measured mRNA (rel_level normalised per dataset: derived),653.7,32.52
Tm4,Ih,0.7734,1,davis2020;ozel2021,derived,HCN: hyperpolarisation-activated cation (Ih),measured mRNA (rel_level normalised per dataset: derived),631.4,17.53
Tm4,Inx2,1.758,0.22,davis2020;ozel2021,derived,innexin,measured mRNA (rel_level normalised per dataset: derived),33.88,0.4653
Tm4,Inx3,0.9005,0.5,davis2020;ozel2021,derived,innexin,measured mRNA (rel_level normalised per dataset: derived),33.99,0.1927
Tm4,Inx5,,0,davis2020;ozel2021,derived,innexin,measured mRNA (rel_level normalised per dataset: derived),0.87,0.006743
Tm4,Inx7,0.9699,0,davis2020;ozel2021,derived,innexin,measured mRNA (rel_level normalised per dataset: derived),1.29,0
Tm4,Irk1,2.449,0,davis2020;ozel2021,derived,inward-rectifier K,measured mRNA (rel_level normalised per dataset: derived),8.37,0.01319
Tm4,Irk2,1.851,0,davis2020;ozel2021,derived,inward-rectifier K,measured mRNA (rel_level normalised per dataset: derived),6.51,0.6951
Tm4,Irk3,2.117,0,davis2020;ozel2021,derived,inward-rectifier K,measured mRNA (rel_level normalised per dataset: derived),2.86,0.3118
Tm4,KCNQ,0.3744,0,davis2020;ozel2021,derived,Kv7: M-type slow K,measured mRNA (rel_level normalised per dataset: derived),17.59,0.01454
Tm4,Ork1,1.289,0,davis2020;ozel2021,derived,two-pore leak K,measured mRNA (rel_level normalised per dataset: derived),1.81,0.01381
Tm4,SK,0.4802,1,davis2020;ozel2021,derived,SK: Ca-activated K,measured mRNA (rel_level normalised per dataset: derived),222.1,1.715
Tm4,Sh,0.5666,1,davis2020;ozel2021,derived,Kv1: fast A-type K,measured mRNA (rel_level normalised per dataset: derived),1463,24.76
Tm4,Shab,0.5911,0.5,davis2020;ozel2021,derived,Kv2: delayed-rectifier K,measured mRNA (rel_level normalised per dataset: derived),648.4,0.6698
Tm4,Shal,0.8632,1,davis2020;ozel2021,derived,Kv4: somatodendritic A-type K,measured mRNA (rel_level normalised per dataset: derived),139.2,1.247
Tm4,Shaw,1.139,0.5,davis2020;ozel2021,derived,Kv3: K,measured mRNA (rel_level normalised per dataset: derived),230.6,0.6118
Tm4,Task6,0.892,1,davis2020;ozel2021,derived,two-pore leak K,measured mRNA (rel_level normalised per dataset: derived),152.4,1.636
Tm4,Task7,1.388,1,davis2020;ozel2021,derived,two-pore leak K,measured mRNA (rel_level normalised per dataset: derived),75.34,1.535
Tm4,cac,0.8109,1,davis2020;ozel2021,derived,Cav2: high-voltage-activated Ca,measured mRNA (rel_level normalised per dataset: derived),528.6,6.228
Tm4,eag,0.7534,0.5,davis2020;ozel2021,derived,Kv10: K,measured mRNA (rel_level normalised per dataset: derived),279.3,1.216
Tm4,ogre,2.385,0.37,davis2020;ozel2021,derived,innexin,measured mRNA (rel_level normalised per dataset: derived),38.52,0.9202
Tm4,para,0.6208,1,davis2020;ozel2021,derived,"Nav: voltage-gated Na (spike, persistent Na)",measured mRNA (rel_level normalised per dataset: derived),777.8,10.63
Tm4,sei,1.067,1,davis2020;ozel2021,derived,Kv11 (erg): K,measured mRNA (rel_level normalised per dataset: derived),108.8,0.7576
Tm4,shakB,0.1975,0.01,davis2020;ozel2021,derived,innexin (neuronal gap junctions),measured mRNA (rel_level normalised per dataset: derived),52.94,1.359
Tm4,slo,0.5947,1,davis2020;ozel2021,derived,BK: Ca- and voltage-activated K,measured mRNA (rel_level normalised per dataset: derived),340.8,5.878
Tm4,zpg,,0,ozel2021,derived,innexin,measured mRNA (rel_level normalised per dataset: derived),,0
Tm5a,Ca-alpha1D,1.166,1,ozel2021,inferred,Cav1: L-type Ca,measured mRNA (rel_level normalised per dataset: derived),,0.9934
Tm5a,Ca-alpha1T,1.77,0.08,ozel2021,inferred,Cav3: T-type (low-voltage) Ca,measured mRNA (rel_level normalised per dataset: derived),,4.202
Tm5a,Hk,0.8892,1,ozel2021,inferred,Kv beta subunit,measured mRNA (rel_level normalised per dataset: derived),,13.14
Tm5a,Ih,0.9825,1,ozel2021,inferred,HCN: hyperpolarisation-activated cation (Ih),measured mRNA (rel_level normalised per dataset: derived),,11.62
Tm5a,Inx2,1.168,0,ozel2021,inferred,innexin,measured mRNA (rel_level normalised per dataset: derived),,0.5793
Tm5a,Inx3,1.085,0,ozel2021,inferred,innexin,measured mRNA (rel_level normalised per dataset: derived),,0.2162
Tm5a,Inx5,,0,ozel2021,inferred,innexin,measured mRNA (rel_level normalised per dataset: derived),,0
Tm5a,Inx7,,0,ozel2021,inferred,innexin,measured mRNA (rel_level normalised per dataset: derived),,0
Tm5a,Irk1,8.086,0,ozel2021,inferred,inward-rectifier K,measured mRNA (rel_level normalised per dataset: derived),,0.06495
Tm5a,Irk2,1.31,0,ozel2021,inferred,inward-rectifier K,measured mRNA (rel_level normalised per dataset: derived),,0.9404
Tm5a,Irk3,1.199,0,ozel2021,inferred,inward-rectifier K,measured mRNA (rel_level normalised per dataset: derived),,0.3456
Tm5a,KCNQ,2.098,0,ozel2021,inferred,Kv7: M-type slow K,measured mRNA (rel_level normalised per dataset: derived),,0.132
Tm5a,Ork1,0.001,0,ozel2021,inferred,two-pore leak K,measured mRNA (rel_level normalised per dataset: derived),,0
Tm5a,SK,1.934,1,ozel2021,inferred,SK: Ca-activated K,measured mRNA (rel_level normalised per dataset: derived),,4.535
Tm5a,Sh,0.938,1,ozel2021,inferred,Kv1: fast A-type K,measured mRNA (rel_level normalised per dataset: derived),,19.28
Tm5a,Shab,0.7752,0,ozel2021,inferred,Kv2: delayed-rectifier K,measured mRNA (rel_level normalised per dataset: derived),,0.652
Tm5a,Shal,1.349,1,ozel2021,inferred,Kv4: somatodendritic A-type K,measured mRNA (rel_level normalised per dataset: derived),,1.535
Tm5a,Shaw,0.9171,0,ozel2021,inferred,Kv3: K,measured mRNA (rel_level normalised per dataset: derived),,0.4235
Tm5a,Task6,1.039,1,ozel2021,inferred,two-pore leak K,measured mRNA (rel_level normalised per dataset: derived),,1.493
Tm5a,Task7,1.255,1,ozel2021,inferred,two-pore leak K,measured mRNA (rel_level normalised per dataset: derived),,2.043
Tm5a,cac,0.9276,1,ozel2021,inferred,Cav2: high-voltage-activated Ca,measured mRNA (rel_level normalised per dataset: derived),,3.576
Tm5a,eag,0.3924,0,ozel2021,inferred,Kv10: K,measured mRNA (rel_level normalised per dataset: derived),,0.4773
Tm5a,ogre,1.238,0,ozel2021,inferred,innexin,measured mRNA (rel_level normalised per dataset: derived),,1.139
Tm5a,para,0.7609,1,ozel2021,inferred,"Nav: voltage-gated Na (spike, persistent Na)",measured mRNA (rel_level normalised per dataset: derived),,6.905
Tm5a,sei,1.044,1,ozel2021,inferred,Kv11 (erg): K,measured mRNA (rel_level normalised per dataset: derived),,0.7614
Tm5a,shakB,1.886,0,ozel2021,inferred,innexin (neuronal gap junctions),measured mRNA (rel_level normalised per dataset: derived),,9.842
Tm5a,slo,1.167,1,ozel2021,inferred,BK: Ca- and voltage-activated K,measured mRNA (rel_level normalised per dataset: derived),,6.395
Tm5a,zpg,,0,ozel2021,inferred,innexin,measured mRNA (rel_level normalised per dataset: derived),,0
Tm5b,Ca-alpha1D,1.166,1,ozel2021,inferred,Cav1: L-type Ca,measured mRNA (rel_level normalised per dataset: derived),,0.9934
Tm5b,Ca-alpha1T,1.77,0.08,ozel2021,inferred,Cav3: T-type (low-voltage) Ca,measured mRNA (rel_level normalised per dataset: derived),,4.202
Tm5b,Hk,0.8892,1,ozel2021,inferred,Kv beta subunit,measured mRNA (rel_level normalised per dataset: derived),,13.14
Tm5b,Ih,0.9825,1,ozel2021,inferred,HCN: hyperpolarisation-activated cation (Ih),measured mRNA (rel_level normalised per dataset: derived),,11.62
Tm5b,Inx2,1.168,0,ozel2021,inferred,innexin,measured mRNA (rel_level normalised per dataset: derived),,0.5793
Tm5b,Inx3,1.085,0,ozel2021,inferred,innexin,measured mRNA (rel_level normalised per dataset: derived),,0.2162
Tm5b,Inx5,,0,ozel2021,inferred,innexin,measured mRNA (rel_level normalised per dataset: derived),,0
Tm5b,Inx7,,0,ozel2021,inferred,innexin,measured mRNA (rel_level normalised per dataset: derived),,0
Tm5b,Irk1,8.086,0,ozel2021,inferred,inward-rectifier K,measured mRNA (rel_level normalised per dataset: derived),,0.06495
Tm5b,Irk2,1.31,0,ozel2021,inferred,inward-rectifier K,measured mRNA (rel_level normalised per dataset: derived),,0.9404
Tm5b,Irk3,1.199,0,ozel2021,inferred,inward-rectifier K,measured mRNA (rel_level normalised per dataset: derived),,0.3456
Tm5b,KCNQ,2.098,0,ozel2021,inferred,Kv7: M-type slow K,measured mRNA (rel_level normalised per dataset: derived),,0.132
Tm5b,Ork1,0.001,0,ozel2021,inferred,two-pore leak K,measured mRNA (rel_level normalised per dataset: derived),,0
Tm5b,SK,1.934,1,ozel2021,inferred,SK: Ca-activated K,measured mRNA (rel_level normalised per dataset: derived),,4.535
Tm5b,Sh,0.938,1,ozel2021,inferred,Kv1: fast A-type K,measured mRNA (rel_level normalised per dataset: derived),,19.28
Tm5b,Shab,0.7752,0,ozel2021,inferred,Kv2: delayed-rectifier K,measured mRNA (rel_level normalised per dataset: derived),,0.652
Tm5b,Shal,1.349,1,ozel2021,inferred,Kv4: somatodendritic A-type K,measured mRNA (rel_level normalised per dataset: derived),,1.535
Tm5b,Shaw,0.9171,0,ozel2021,inferred,Kv3: K,measured mRNA (rel_level normalised per dataset: derived),,0.4235
Tm5b,Task6,1.039,1,ozel2021,inferred,two-pore leak K,measured mRNA (rel_level normalised per dataset: derived),,1.493
Tm5b,Task7,1.255,1,ozel2021,inferred,two-pore leak K,measured mRNA (rel_level normalised per dataset: derived),,2.043
Tm5b,cac,0.9276,1,ozel2021,inferred,Cav2: high-voltage-activated Ca,measured mRNA (rel_level normalised per dataset: derived),,3.576
Tm5b,eag,0.3924,0,ozel2021,inferred,Kv10: K,measured mRNA (rel_level normalised per dataset: derived),,0.4773
Tm5b,ogre,1.238,0,ozel2021,inferred,innexin,measured mRNA (rel_level normalised per dataset: derived),,1.139
Tm5b,para,0.7609,1,ozel2021,inferred,"Nav: voltage-gated Na (spike, persistent Na)",measured mRNA (rel_level normalised per dataset: derived),,6.905
Tm5b,sei,1.044,1,ozel2021,inferred,Kv11 (erg): K,measured mRNA (rel_level normalised per dataset: derived),,0.7614
Tm5b,shakB,1.886,0,ozel2021,inferred,innexin (neuronal gap junctions),measured mRNA (rel_level normalised per dataset: derived),,9.842
Tm5b,slo,1.167,1,ozel2021,inferred,BK: Ca- and voltage-activated K,measured mRNA (rel_level normalised per dataset: derived),,6.395
Tm5b,zpg,,0,ozel2021,inferred,innexin,measured mRNA (rel_level normalised per dataset: derived),,0
Tm5c,Ca-alpha1D,1.029,1,ozel2021,derived,Cav1: L-type Ca,measured mRNA (rel_level normalised per dataset: derived),,0.8762
Tm5c,Ca-alpha1T,0.2583,0,ozel2021,derived,Cav3: T-type (low-voltage) Ca,measured mRNA (rel_level normalised per dataset: derived),,0.6133
Tm5c,Hk,1.037,1,ozel2021,derived,Kv beta subunit,measured mRNA (rel_level normalised per dataset: derived),,15.33
Tm5c,Ih,0.7575,1,ozel2021,derived,HCN: hyperpolarisation-activated cation (Ih),measured mRNA (rel_level normalised per dataset: derived),,8.962
Tm5c,Inx2,0.9748,0,ozel2021,derived,innexin,measured mRNA (rel_level normalised per dataset: derived),,0.4834
Tm5c,Inx3,0.9178,0,ozel2021,derived,innexin,measured mRNA (rel_level normalised per dataset: derived),,0.183
Tm5c,Inx5,,0,ozel2021,derived,innexin,measured mRNA (rel_level normalised per dataset: derived),,0
Tm5c,Inx7,,0,ozel2021,derived,innexin,measured mRNA (rel_level normalised per dataset: derived),,0
Tm5c,Irk1,0.001,0,ozel2021,derived,inward-rectifier K,measured mRNA (rel_level normalised per dataset: derived),,0
Tm5c,Irk2,1.199,0,ozel2021,derived,inward-rectifier K,measured mRNA (rel_level normalised per dataset: derived),,0.8609
Tm5c,Irk3,1.059,0,ozel2021,derived,inward-rectifier K,measured mRNA (rel_level normalised per dataset: derived),,0.3053
Tm5c,KCNQ,3.639,0,ozel2021,derived,Kv7: M-type slow K,measured mRNA (rel_level normalised per dataset: derived),,0.2289
Tm5c,Ork1,2.171,0,ozel2021,derived,two-pore leak K,measured mRNA (rel_level normalised per dataset: derived),,0.0384
Tm5c,SK,2.148,1,ozel2021,derived,SK: Ca-activated K,measured mRNA (rel_level normalised per dataset: derived),,5.036
Tm5c,Sh,1.154,1,ozel2021,derived,Kv1: fast A-type K,measured mRNA (rel_level normalised per dataset: derived),,23.71
Tm5c,Shab,0.7571,0,ozel2021,derived,Kv2: delayed-rectifier K,measured mRNA (rel_level normalised per dataset: derived),,0.6367
Tm5c,Shal,1.062,1,ozel2021,derived,Kv4: somatodendritic A-type K,measured mRNA (rel_level normalised per dataset: derived),,1.209
Tm5c,Shaw,1,0,ozel2021,derived,Kv3: K,measured mRNA (rel_level normalised per dataset: derived),,0.4617
Tm5c,Task6,0.715,1,ozel2021,derived,two-pore leak K,measured mRNA (rel_level normalised per dataset: derived),,1.028
Tm5c,Task7,1.364,1,ozel2021,derived,two-pore leak K,measured mRNA (rel_level normalised per dataset: derived),,2.221
Tm5c,cac,1,1,ozel2021,derived,Cav2: high-voltage-activated Ca,measured mRNA (rel_level normalised per dataset: derived),,3.855
Tm5c,eag,1.566,0,ozel2021,derived,Kv10: K,measured mRNA (rel_level normalised per dataset: derived),,1.905
Tm5c,ogre,1.148,0,ozel2021,derived,innexin,measured mRNA (rel_level normalised per dataset: derived),,1.057
Tm5c,para,0.5628,1,ozel2021,derived,"Nav: voltage-gated Na (spike, persistent Na)",measured mRNA (rel_level normalised per dataset: derived),,5.107
Tm5c,sei,1.095,1,ozel2021,derived,Kv11 (erg): K,measured mRNA (rel_level normalised per dataset: derived),,0.7989
Tm5c,shakB,0.6952,0,ozel2021,derived,innexin (neuronal gap junctions),measured mRNA (rel_level normalised per dataset: derived),,3.628
Tm5c,slo,1.24,1,ozel2021,derived,BK: Ca- and voltage-activated K,measured mRNA (rel_level normalised per dataset: derived),,6.797
Tm5c,zpg,,0,ozel2021,derived,innexin,measured mRNA (rel_level normalised per dataset: derived),,0
Tm9,Ca-alpha1D,0.5142,1,davis2020,derived,Cav1: L-type Ca,measured mRNA (rel_level normalised per dataset: derived),113.5,
Tm9,Ca-alpha1T,0.04389,0,davis2020,derived,Cav3: T-type (low-voltage) Ca,measured mRNA (rel_level normalised per dataset: derived),25.7,
Tm9,Hk,0.2409,0.95,davis2020,derived,Kv beta subunit,measured mRNA (rel_level normalised per dataset: derived),302.9,
Tm9,Ih,0.3352,1,davis2020,derived,HCN: hyperpolarisation-activated cation (Ih),measured mRNA (rel_level normalised per dataset: derived),524.1,
Tm9,Inx2,2.119,0.01,davis2020,derived,innexin,measured mRNA (rel_level normalised per dataset: derived),21.8,
Tm9,Inx3,0.4611,1,davis2020,derived,innexin,measured mRNA (rel_level normalised per dataset: derived),18.68,
Tm9,Inx5,,0,davis2020,derived,innexin,measured mRNA (rel_level normalised per dataset: derived),0.57,
Tm9,Inx7,2.023,0,davis2020,derived,innexin,measured mRNA (rel_level normalised per dataset: derived),2.69,
Tm9,Irk1,0.9607,0,davis2020,derived,inward-rectifier K,measured mRNA (rel_level normalised per dataset: derived),2.2,
Tm9,Irk2,0.5815,0,davis2020,derived,inward-rectifier K,measured mRNA (rel_level normalised per dataset: derived),1.07,
Tm9,Irk3,1.855,0,davis2020,derived,inward-rectifier K,measured mRNA (rel_level normalised per dataset: derived),1.28,
Tm9,KCNQ,0.5801,0,davis2020,derived,Kv7: M-type slow K,measured mRNA (rel_level normalised per dataset: derived),16.83,
Tm9,Ork1,1.906,0,davis2020,derived,two-pore leak K,measured mRNA (rel_level normalised per dataset: derived),1.62,
Tm9,SK,0.1919,0.92,davis2020,derived,SK: Ca-activated K,measured mRNA (rel_level normalised per dataset: derived),135.2,
Tm9,Sh,0.2405,1,davis2020,derived,Kv1: fast A-type K,measured mRNA (rel_level normalised per dataset: derived),1320,
Tm9,Shab,0.3396,1,davis2020,derived,Kv2: delayed-rectifier K,measured mRNA (rel_level normalised per dataset: derived),501.8,
Tm9,Shal,0.5277,1,davis2020,derived,Kv4: somatodendritic A-type K,measured mRNA (rel_level normalised per dataset: derived),108,
Tm9,Shaw,1,1,davis2020,derived,Kv3: K,measured mRNA (rel_level normalised per dataset: derived),235.4,
Tm9,Task6,0.4425,1,davis2020,derived,two-pore leak K,measured mRNA (rel_level normalised per dataset: derived),96.48,
Tm9,Task7,1.524,1,davis2020,derived,two-pore leak K,measured mRNA (rel_level normalised per dataset: derived),56.13,
Tm9,cac,0.3287,1,davis2020,derived,Cav2: high-voltage-activated Ca,measured mRNA (rel_level normalised per dataset: derived),426.9,
Tm9,eag,0.03471,0,davis2020,derived,Kv10: K,measured mRNA (rel_level normalised per dataset: derived),17.08,
Tm9,ogre,1.759,0.01,davis2020,derived,innexin,measured mRNA (rel_level normalised per dataset: derived),11.91,
Tm9,para,0.2438,1,davis2020,derived,"Nav: voltage-gated Na (spike, persistent Na)",measured mRNA (rel_level normalised per dataset: derived),576.2,
Tm9,sei,0.9754,1,davis2020,derived,Kv11 (erg): K,measured mRNA (rel_level normalised per dataset: derived),96.7,
Tm9,shakB,0.118,0.01,davis2020,derived,innexin (neuronal gap junctions),measured mRNA (rel_level normalised per dataset: derived),41.71,
Tm9,slo,0.3572,1,davis2020,derived,BK: Ca- and voltage-activated K,measured mRNA (rel_level normalised per dataset: derived),369.1,
TmY14,Ca-alpha1D,1.186,1,ozel2021,inferred,Cav1: L-type Ca,measured mRNA (rel_level normalised per dataset: derived),,1.01
TmY14,Ca-alpha1T,3.058,0.87,ozel2021,inferred,Cav3: T-type (low-voltage) Ca,measured mRNA (rel_level normalised per dataset: derived),,7.262
TmY14,Hk,0.7533,1,ozel2021,inferred,Kv beta subunit,measured mRNA (rel_level normalised per dataset: derived),,11.13
TmY14,Ih,1.708,1,ozel2021,inferred,HCN: hyperpolarisation-activated cation (Ih),measured mRNA (rel_level normalised per dataset: derived),,20.21
TmY14,Inx2,0.7231,0,ozel2021,inferred,innexin,measured mRNA (rel_level normalised per dataset: derived),,0.3586
TmY14,Inx3,0.9393,0,ozel2021,inferred,innexin,measured mRNA (rel_level normalised per dataset: derived),,0.1873
TmY14,Inx5,,0,ozel2021,inferred,innexin,measured mRNA (rel_level normalised per dataset: derived),,0
TmY14,Inx7,,0,ozel2021,inferred,innexin,measured mRNA (rel_level normalised per dataset: derived),,0.006215
TmY14,Irk1,0.001,0,ozel2021,inferred,inward-rectifier K,measured mRNA (rel_level normalised per dataset: derived),,0
TmY14,Irk2,0.8935,0,ozel2021,inferred,inward-rectifier K,measured mRNA (rel_level normalised per dataset: derived),,0.6415
TmY14,Irk3,0.6007,0,ozel2021,inferred,inward-rectifier K,measured mRNA (rel_level normalised per dataset: derived),,0.1732
TmY14,KCNQ,1.983,0,ozel2021,inferred,Kv7: M-type slow K,measured mRNA (rel_level normalised per dataset: derived),,0.1247
TmY14,Ork1,0.5229,0,ozel2021,inferred,two-pore leak K,measured mRNA (rel_level normalised per dataset: derived),,0.009249
TmY14,SK,0.5804,1,ozel2021,inferred,SK: Ca-activated K,measured mRNA (rel_level normalised per dataset: derived),,1.361
TmY14,Sh,1.29,1,ozel2021,inferred,Kv1: fast A-type K,measured mRNA (rel_level normalised per dataset: derived),,26.52
TmY14,Shab,1.184,0,ozel2021,inferred,Kv2: delayed-rectifier K,measured mRNA (rel_level normalised per dataset: derived),,0.9959
TmY14,Shal,0.9234,1,ozel2021,inferred,Kv4: somatodendritic A-type K,measured mRNA (rel_level normalised per dataset: derived),,1.051
TmY14,Shaw,0.957,0,ozel2021,inferred,Kv3: K,measured mRNA (rel_level normalised per dataset: derived),,0.4419
TmY14,Task6,0.8647,1,ozel2021,inferred,two-pore leak K,measured mRNA (rel_level normalised per dataset: derived),,1.243
TmY14,Task7,1.03,1,ozel2021,inferred,two-pore leak K,measured mRNA (rel_level normalised per dataset: derived),,1.677
TmY14,cac,1.119,1,ozel2021,inferred,Cav2: high-voltage-activated Ca,measured mRNA (rel_level normalised per dataset: derived),,4.315
TmY14,eag,1.343,0,ozel2021,inferred,Kv10: K,measured mRNA (rel_level normalised per dataset: derived),,1.633
TmY14,ogre,0.813,0,ozel2021,inferred,innexin,measured mRNA (rel_level normalised per dataset: derived),,0.7481
TmY14,para,1.332,1,ozel2021,inferred,"Nav: voltage-gated Na (spike, persistent Na)",measured mRNA (rel_level normalised per dataset: derived),,12.09
TmY14,sei,0.9478,1,ozel2021,inferred,Kv11 (erg): K,measured mRNA (rel_level normalised per dataset: derived),,0.6914
TmY14,shakB,2.69,0,ozel2021,inferred,innexin (neuronal gap junctions),measured mRNA (rel_level normalised per dataset: derived),,14.04
TmY14,slo,1.442,1,ozel2021,inferred,BK: Ca- and voltage-activated K,measured mRNA (rel_level normalised per dataset: derived),,7.907
TmY14,zpg,,0,ozel2021,inferred,innexin,measured mRNA (rel_level normalised per dataset: derived),,0
TmY3,Ca-alpha1D,1.274,1,davis2020;ozel2021,derived,Cav1: L-type Ca,measured mRNA (rel_level normalised per dataset: derived),335.3,0.9098
TmY3,Ca-alpha1T,0.1065,0,davis2020;ozel2021,derived,Cav3: T-type (low-voltage) Ca,measured mRNA (rel_level normalised per dataset: derived),36.79,0.4288
TmY3,Hk,1.026,1,davis2020;ozel2021,derived,Kv beta subunit,measured mRNA (rel_level normalised per dataset: derived),1220,16.05
TmY3,Ih,1.31,1,davis2020;ozel2021,derived,HCN: hyperpolarisation-activated cation (Ih),measured mRNA (rel_level normalised per dataset: derived),1876,16.91
TmY3,Inx2,0.7388,0,davis2020;ozel2021,derived,innexin,measured mRNA (rel_level normalised per dataset: derived),6.89,0.4042
TmY3,Inx3,1.031,0.5,davis2020;ozel2021,derived,innexin,measured mRNA (rel_level normalised per dataset: derived),49.29,0.1742
TmY3,Inx5,,0,davis2020;ozel2021,derived,innexin,measured mRNA (rel_level normalised per dataset: derived),0,0
TmY3,Inx7,0.5564,0,davis2020;ozel2021,derived,innexin,measured mRNA (rel_level normalised per dataset: derived),0.74,0
TmY3,Irk1,0.744,0,davis2020;ozel2021,derived,inward-rectifier K,measured mRNA (rel_level normalised per dataset: derived),0.5,0.02036
TmY3,Irk2,0.3148,0,davis2020;ozel2021,derived,inward-rectifier K,measured mRNA (rel_level normalised per dataset: derived),0.26,0.5036
TmY3,Irk3,0.6108,0,davis2020;ozel2021,derived,inward-rectifier K,measured mRNA (rel_level normalised per dataset: derived),0.35,0.2121
TmY3,KCNQ,33.09,1,davis2020;ozel2021,derived,Kv7: M-type slow K,measured mRNA (rel_level normalised per dataset: derived),927.5,2.154
TmY3,Ork1,0.8825,0,davis2020;ozel2021,derived,two-pore leak K,measured mRNA (rel_level normalised per dataset: derived),0.75,0.01561
TmY3,SK,0.17,0.985,davis2020;ozel2021,derived,SK: Ca-activated K,measured mRNA (rel_level normalised per dataset: derived),150.7,0.3169
TmY3,Sh,1.171,1,davis2020;ozel2021,derived,Kv1: fast A-type K,measured mRNA (rel_level normalised per dataset: derived),5454,28.39
TmY3,Shab,3.58,0.53,davis2020;ozel2021,derived,Kv2: delayed-rectifier K,measured mRNA (rel_level normalised per dataset: derived),5609,2.839
TmY3,Shal,1.31,1,davis2020;ozel2021,derived,Kv4: somatodendritic A-type K,measured mRNA (rel_level normalised per dataset: derived),311.8,1.283
TmY3,Shaw,1.205,0.5,davis2020;ozel2021,derived,Kv3: K,measured mRNA (rel_level normalised per dataset: derived),295.2,0.5345
TmY3,Task6,2.505,1,davis2020;ozel2021,derived,two-pore leak K,measured mRNA (rel_level normalised per dataset: derived),701.8,2.803
TmY3,Task7,1.135,1,davis2020;ozel2021,derived,two-pore leak K,measured mRNA (rel_level normalised per dataset: derived),52.54,1.472
TmY3,cac,1.216,1,davis2020;ozel2021,derived,Cav2: high-voltage-activated Ca,measured mRNA (rel_level normalised per dataset: derived),1713,4.319
TmY3,eag,0.2557,0.285,davis2020;ozel2021,derived,Kv10: K,measured mRNA (rel_level normalised per dataset: derived),102.2,0.3827
TmY3,ogre,0.5322,0,davis2020;ozel2021,derived,innexin,measured mRNA (rel_level normalised per dataset: derived),2.39,0.7382
TmY3,para,1.676,1,davis2020;ozel2021,derived,"Nav: voltage-gated Na (spike, persistent Na)",measured mRNA (rel_level normalised per dataset: derived),4285,14.06
TmY3,sei,1.792,1,davis2020;ozel2021,derived,Kv11 (erg): K,measured mRNA (rel_level normalised per dataset: derived),223.2,1.04
TmY3,shakB,0.2134,0.05,davis2020;ozel2021,derived,innexin (neuronal gap junctions),measured mRNA (rel_level normalised per dataset: derived),83.29,1.008
TmY3,slo,1.236,1,davis2020;ozel2021,derived,BK: Ca- and voltage-activated K,measured mRNA (rel_level normalised per dataset: derived),1402,6.175
TmY3,zpg,,0,ozel2021,derived,innexin,measured mRNA (rel_level normalised per dataset: derived),,0
TmY4,Ca-alpha1D,0.8659,1,ozel2021,inferred,Cav1: L-type Ca,measured mRNA (rel_level normalised per dataset: derived),,0.7375
TmY4,Ca-alpha1T,5.155,1,ozel2021,inferred,Cav3: T-type (low-voltage) Ca,measured mRNA (rel_level normalised per dataset: derived),,12.24
TmY4,Hk,1.057,1,ozel2021,inferred,Kv beta subunit,measured mRNA (rel_level normalised per dataset: derived),,15.62
TmY4,Ih,1.116,1,ozel2021,inferred,HCN: hyperpolarisation-activated cation (Ih),measured mRNA (rel_level normalised per dataset: derived),,13.21
TmY4,Inx2,1.089,0,ozel2021,inferred,innexin,measured mRNA (rel_level normalised per dataset: derived),,0.5402
TmY4,Inx3,0.6174,0,ozel2021,inferred,innexin,measured mRNA (rel_level normalised per dataset: derived),,0.1231
TmY4,Inx5,,0,ozel2021,inferred,innexin,measured mRNA (rel_level normalised per dataset: derived),,0
TmY4,Inx7,,0,ozel2021,inferred,innexin,measured mRNA (rel_level normalised per dataset: derived),,0
TmY4,Irk1,0.001,0,ozel2021,inferred,inward-rectifier K,measured mRNA (rel_level normalised per dataset: derived),,0
TmY4,Irk2,1.016,0,ozel2021,inferred,inward-rectifier K,measured mRNA (rel_level normalised per dataset: derived),,0.7294
TmY4,Irk3,0.8158,0,ozel2021,inferred,inward-rectifier K,measured mRNA (rel_level normalised per dataset: derived),,0.2352
TmY4,KCNQ,1.869,0,ozel2021,inferred,Kv7: M-type slow K,measured mRNA (rel_level normalised per dataset: derived),,0.1176
TmY4,Ork1,0.6082,0,ozel2021,inferred,two-pore leak K,measured mRNA (rel_level normalised per dataset: derived),,0.01076
TmY4,SK,0.9678,1,ozel2021,inferred,SK: Ca-activated K,measured mRNA (rel_level normalised per dataset: derived),,2.269
TmY4,Sh,0.7997,1,ozel2021,inferred,Kv1: fast A-type K,measured mRNA (rel_level normalised per dataset: derived),,16.44
TmY4,Shab,1.327,0,ozel2021,inferred,Kv2: delayed-rectifier K,measured mRNA (rel_level normalised per dataset: derived),,1.116
TmY4,Shal,0.935,1,ozel2021,inferred,Kv4: somatodendritic A-type K,measured mRNA (rel_level normalised per dataset: derived),,1.064
TmY4,Shaw,1.005,0,ozel2021,inferred,Kv3: K,measured mRNA (rel_level normalised per dataset: derived),,0.4641
TmY4,Task6,1.172,1,ozel2021,inferred,two-pore leak K,measured mRNA (rel_level normalised per dataset: derived),,1.685
TmY4,Task7,0.987,1,ozel2021,inferred,two-pore leak K,measured mRNA (rel_level normalised per dataset: derived),,1.607
TmY4,cac,0.8857,1,ozel2021,inferred,Cav2: high-voltage-activated Ca,measured mRNA (rel_level normalised per dataset: derived),,3.415
TmY4,eag,0.6449,0,ozel2021,inferred,Kv10: K,measured mRNA (rel_level normalised per dataset: derived),,0.7843
TmY4,ogre,0.9266,0,ozel2021,inferred,innexin,measured mRNA (rel_level normalised per dataset: derived),,0.8526
TmY4,para,0.8488,1,ozel2021,inferred,"Nav: voltage-gated Na (spike, persistent Na)",measured mRNA (rel_level normalised per dataset: derived),,7.702
TmY4,sei,0.8673,1,ozel2021,inferred,Kv11 (erg): K,measured mRNA (rel_level normalised per dataset: derived),,0.6327
TmY4,shakB,1.262,0,ozel2021,inferred,innexin (neuronal gap junctions),measured mRNA (rel_level normalised per dataset: derived),,6.588
TmY4,slo,0.9831,1,ozel2021,inferred,BK: Ca- and voltage-activated K,measured mRNA (rel_level normalised per dataset: derived),,5.389
TmY4,zpg,,0,ozel2021,inferred,innexin,measured mRNA (rel_level normalised per dataset: derived),,0
TmY5a,Ca-alpha1D,1.125,1,davis2020;ozel2021,derived,Cav1: L-type Ca,measured mRNA (rel_level normalised per dataset: derived),267.3,0.8903
TmY5a,Ca-alpha1T,1.347,0.5,davis2020;ozel2021,derived,Cav3: T-type (low-voltage) Ca,measured mRNA (rel_level normalised per dataset: derived),970.7,2.597
TmY5a,Hk,1.135,1,davis2020;ozel2021,derived,Kv beta subunit,measured mRNA (rel_level normalised per dataset: derived),1282,18.68
TmY5a,Ih,1.033,1,davis2020;ozel2021,derived,HCN: hyperpolarisation-activated cation (Ih),measured mRNA (rel_level normalised per dataset: derived),1579,12.51
TmY5a,Inx2,0.7679,0,davis2020;ozel2021,derived,innexin,measured mRNA (rel_level normalised per dataset: derived),5.59,0.5383
TmY5a,Inx3,0.9371,0.5,davis2020;ozel2021,derived,innexin,measured mRNA (rel_level normalised per dataset: derived),38.77,0.1829
TmY5a,Inx5,,0,davis2020;ozel2021,derived,innexin,measured mRNA (rel_level normalised per dataset: derived),0,0
TmY5a,Inx7,0.5789,0,davis2020;ozel2021,derived,innexin,measured mRNA (rel_level normalised per dataset: derived),0.77,0.00186
TmY5a,Irk1,0.3965,0,davis2020;ozel2021,derived,inward-rectifier K,measured mRNA (rel_level normalised per dataset: derived),0.36,0.008033
TmY5a,Irk2,0.4077,0,davis2020;ozel2021,derived,inward-rectifier K,measured mRNA (rel_level normalised per dataset: derived),0.3,0.7319
TmY5a,Irk3,0.6182,0,davis2020;ozel2021,derived,inward-rectifier K,measured mRNA (rel_level normalised per dataset: derived),0.26,0.2924
TmY5a,KCNQ,1.286,0,davis2020;ozel2021,derived,Kv7: M-type slow K,measured mRNA (rel_level normalised per dataset: derived),49.94,0.06045
TmY5a,Ork1,0.5206,0,davis2020;ozel2021,derived,two-pore leak K,measured mRNA (rel_level normalised per dataset: derived),0.17,0.02397
TmY5a,SK,0.5547,1,davis2020;ozel2021,derived,SK: Ca-activated K,measured mRNA (rel_level normalised per dataset: derived),525.7,0.9669
TmY5a,Sh,0.8923,1,davis2020;ozel2021,derived,Kv1: fast A-type K,measured mRNA (rel_level normalised per dataset: derived),4788,18.77
TmY5a,Shab,0.2374,0.49,davis2020;ozel2021,derived,Kv2: delayed-rectifier K,measured mRNA (rel_level normalised per dataset: derived),352.2,0.1989
TmY5a,Shal,1.026,1,davis2020;ozel2021,derived,Kv4: somatodendritic A-type K,measured mRNA (rel_level normalised per dataset: derived),227.3,1.078
TmY5a,Shaw,1.112,0.5,davis2020;ozel2021,derived,Kv3: K,measured mRNA (rel_level normalised per dataset: derived),243.7,0.5511
TmY5a,Task6,1.108,1,davis2020;ozel2021,derived,two-pore leak K,measured mRNA (rel_level normalised per dataset: derived),256.2,1.502
TmY5a,Task7,1.62,1,davis2020;ozel2021,derived,two-pore leak K,measured mRNA (rel_level normalised per dataset: derived),76.8,2.049
TmY5a,cac,0.8885,1,davis2020;ozel2021,derived,Cav2: high-voltage-activated Ca,measured mRNA (rel_level normalised per dataset: derived),1230,3.212
TmY5a,eag,1.685,0.5,davis2020;ozel2021,derived,Kv10: K,measured mRNA (rel_level normalised per dataset: derived),895.5,1.898
TmY5a,ogre,0.6647,0,davis2020;ozel2021,derived,innexin,measured mRNA (rel_level normalised per dataset: derived),3.02,0.9114
TmY5a,para,0.7346,1,davis2020;ozel2021,derived,"Nav: voltage-gated Na (spike, persistent Na)",measured mRNA (rel_level normalised per dataset: derived),1719,6.732
TmY5a,sei,1.192,1,davis2020;ozel2021,derived,Kv11 (erg): K,measured mRNA (rel_level normalised per dataset: derived),140.9,0.7295
TmY5a,shakB,1.41,0.5,davis2020;ozel2021,derived,innexin (neuronal gap junctions),measured mRNA (rel_level normalised per dataset: derived),582.4,6.301
TmY5a,slo,0.9357,1,davis2020;ozel2021,derived,BK: Ca- and voltage-activated K,measured mRNA (rel_level normalised per dataset: derived),913.1,5.431
TmY5a,zpg,,0,ozel2021,derived,innexin,measured mRNA (rel_level normalised per dataset: derived),,0
