cluster,gene,n_cells,frac_expr,mean_cp10k
0,GluClalpha,1432,0.798882681564246,19.2008431747535
0,GluRIA,1432,0.116620111731844,1.36795997899779
0,GluRIB,1432,0.302374301675978,4.01655744331175
0,Nmdar1,1432,0.201815642458101,2.31007625777789
0,Nmdar2,1432,0.334497206703911,4.32064407432806
0,KaiR1D,1432,0.101256983240223,1.23230992097535
0,clumsy,1432,0,0
0,Ekar,1432,0.0384078212290503,0.417932677401808
0,mGluR,1432,0.361731843575419,5.24716635794654
0,Rdl,1432,0.914106145251397,31.5860817118036
0,Lcch3,1432,0.071927374301676,0.779667487345283
0,Grd,1432,0.0118715083798883,0.140061818935374
0,GABA-B-R1,1432,0.28072625698324,3.43114105418635
0,GABA-B-R2,1432,0.180167597765363,2.07457547356056
0,GABA-B-R3,1432,0.11731843575419,1.38815875008848
0,nAChRalpha1,1432,0.514664804469274,8.20546159906688
0,nAChRalpha2,1432,0.0754189944134078,0.811320375174415
0,nAChRalpha3,1432,0.395251396648045,5.47050466472902
0,nAChRalpha4,1432,0.754888268156425,16.3009137109619
0,nAChRalpha5,1432,0.825418994413408,19.8533198707048
0,nAChRalpha6,1432,0.863826815642458,23.0416394144776
0,nAChRalpha7,1432,0.615223463687151,11.0353933709995
0,nAChRbeta1,1432,0.729748603351955,15.4096322036857
0,nAChRbeta2,1432,0.0656424581005587,0.684414602570513
0,nAChRbeta3,1432,0.00139664804469274,0.0125778242607389
0,mAChR-A,1432,0.217877094972067,2.84876362584257
0,mAChR-B,1432,0.14804469273743,1.80074357668238
0,mAChR-C,1432,0,0
0,Dop1R1,1432,0.434357541899441,6.50670477549149
0,Dop1R2,1432,0.233938547486034,2.90935567967321
0,Dop2R,1432,0.619413407821229,11.5626836805028
0,DopEcR,1432,0.370111731843575,5.08092955261392
0,Oamb,1432,0.164106145251397,2.16182806735726
0,Octalpha2R,1432,0.424581005586592,6.14344184100597
0,Octbeta1R,1432,0.149441340782123,1.70416147319648
0,Octbeta2R,1432,0.35195530726257,4.6879617004939
0,Octbeta3R,1432,0.312150837988827,3.99296786955565
0,5-HT1A,1432,0.412709497206704,5.92707582708584
0,5-HT1B,1432,0.108938547486034,1.28536119277278
0,5-HT2A,1432,0.0670391061452514,0.775238025771714
0,5-HT2B,1432,0.121508379888268,1.41956335835751
0,5-HT7,1432,0.229748603351955,2.89612188584281
0,HisCl1,1432,0.00209497206703911,0.0264044871284672
0,ort,1432,0.00558659217877095,0.0446332379559448
0,VGlut,1432,0.291201117318436,3.95043950229471
0,Gad1,1432,0.251396648044693,3.32453823506836
0,ChAT,1432,0.361731843575419,4.97795871512709
0,ple,1432,0.0237430167597765,0.234857192446432
0,SerT,1432,0.0174581005586592,0.220831740848838
0,Tbh,1432,0.098463687150838,1.1969900559648
0,Hdc,1432,0.00209497206703911,0.0211417966510751
2,GluClalpha,1218,0.973727422003284,24.885663053696
2,GluRIA,1218,0.251231527093596,1.17962427018223
2,GluRIB,1218,0.607553366174056,5.0847489315346
2,Nmdar1,1218,0.486863711001642,2.6315101769749
2,Nmdar2,1218,0.680623973727422,4.98570875935819
2,KaiR1D,1218,0.222495894909688,0.930165011980126
2,clumsy,1218,0.000821018062397373,0.00122011898112256
2,Ekar,1218,0.109195402298851,0.462866348948041
2,mGluR,1218,0.593596059113301,4.79271339781896
2,Rdl,1218,0.996715927750411,47.6473243919699
2,Lcch3,1218,0.206896551724138,0.86478923850222
2,Grd,1218,0.0328407224958949,0.13524490193335
2,GABA-B-R1,1218,0.628899835796388,4.38634786576743
2,GABA-B-R2,1218,0.475369458128079,2.51587086927055
2,GABA-B-R3,1218,0.263546798029557,1.41050489202919
2,nAChRalpha1,1218,0.853858784893268,9.94157747224031
2,nAChRalpha2,1218,0.220032840722496,0.903089609471434
2,nAChRalpha3,1218,0.811165845648604,9.24072105254367
2,nAChRalpha4,1218,0.957307060755337,18.1778238276567
2,nAChRalpha5,1218,0.990968801313629,29.2611566117384
2,nAChRalpha6,1218,0.986042692939245,39.4351189483158
2,nAChRalpha7,1218,0.910509031198686,15.4090513949212
2,nAChRbeta1,1218,0.957307060755337,17.7792903943067
2,nAChRbeta2,1218,0.216748768472906,0.939301530658144
2,nAChRbeta3,1218,0,0
2,mAChR-A,1218,0.482758620689655,2.99572409034678
2,mAChR-B,1218,0.315270935960591,1.84072104829146
2,mAChR-C,1218,0,0
2,Dop1R1,1218,0.594417077175698,4.90274591705622
2,Dop1R2,1218,0.312807881773399,1.93938072704568
2,Dop2R,1218,0.811986863711002,12.0093957733265
2,DopEcR,1218,0.710180623973727,5.68681135712559
2,Oamb,1218,0.284072249589491,1.41511627090195
2,Octalpha2R,1218,0.624794745484401,5.81521759541672
2,Octbeta1R,1218,0.24384236453202,1.28531573647072
2,Octbeta2R,1218,0.672413793103448,6.05240227440998
2,Octbeta3R,1218,0.549261083743842,3.85418556062928
2,5-HT1A,1218,0.627257799671593,5.73761591284914
2,5-HT1B,1218,0.268472906403941,1.20126321032913
2,5-HT2A,1218,0.155993431855501,0.839180630919626
2,5-HT2B,1218,0.27504105090312,1.61173169207039
2,5-HT7,1218,0.458949096880131,3.10277705979361
2,HisCl1,1218,0.00492610837438424,0.0152212562601908
2,ort,1218,0.00246305418719212,0.00750449338207796
2,VGlut,1218,0.380131362889984,3.5074263484328
2,Gad1,1218,0.253694581280788,2.49983163579052
2,ChAT,1218,0.721674876847291,5.57121663868035
2,ple,1218,0.028735632183908,0.120505740562933
2,SerT,1218,0.00821018062397373,0.0447845270588486
2,Tbh,1218,0.279146141215107,1.68752220802681
2,Hdc,1218,0.00410509031198686,0.0366975101991029
3,GluClalpha,1215,0.476543209876543,21.3032187028388
3,GluRIA,1215,0.0477366255144033,1.46330278394049
3,GluRIB,1215,0.135802469135802,4.71777408166818
3,Nmdar1,1215,0.0864197530864198,2.77235061713915
3,Nmdar2,1215,0.125925925925926,4.18060246473087
3,KaiR1D,1215,0.0353909465020576,1.08116376357583
3,clumsy,1215,0,0
3,Ekar,1215,0.0139917695473251,0.47443806398394
3,mGluR,1215,0.145679012345679,5.08141090157559
3,Rdl,1215,0.613168724279835,33.2203277714136
3,Lcch3,1215,0.0296296296296296,0.870776616533286
3,Grd,1215,0.00576131687242798,0.184044267771257
3,GABA-B-R1,1215,0.120987654320988,4.0543576869605
3,GABA-B-R2,1215,0.0674897119341564,2.38154582872133
3,GABA-B-R3,1215,0.0378600823045267,1.25841348780565
3,nAChRalpha1,1215,0.249382716049383,9.0530855421332
3,nAChRalpha2,1215,0.0255144032921811,0.786287348967709
3,nAChRalpha3,1215,0.19917695473251,6.869274127361
3,nAChRalpha4,1215,0.413168724279835,16.7960128338169
3,nAChRalpha5,1215,0.499588477366255,22.1903937354538
3,nAChRalpha6,1215,0.482304526748971,23.7872709765419
3,nAChRalpha7,1215,0.309465020576132,12.0968141516582
3,nAChRbeta1,1215,0.379423868312757,14.51176470685
3,nAChRbeta2,1215,0.0386831275720165,1.24307891444027
3,nAChRbeta3,1215,0,0
3,mAChR-A,1215,0.0748971193415638,2.55471879536519
3,mAChR-B,1215,0.0452674897119342,1.41784214505117
3,mAChR-C,1215,0,0
3,Dop1R1,1215,0.148148148148148,5.28705115975524
3,Dop1R2,1215,0.0724279835390947,2.4000664907555
3,Dop2R,1215,0.297119341563786,11.3129308344828
3,DopEcR,1215,0.158847736625514,5.41400514611661
3,Oamb,1215,0.0576131687242798,1.91309180633236
3,Octalpha2R,1215,0.17119341563786,5.78100306307292
3,Octbeta1R,1215,0.048559670781893,1.58453710687527
3,Octbeta2R,1215,0.129218106995885,4.6156347432707
3,Octbeta3R,1215,0.103703703703704,3.37346104832974
3,5-HT1A,1215,0.131687242798354,4.56721714221781
3,5-HT1B,1215,0.0329218106995885,1.10184866026219
3,5-HT2A,1215,0.0222222222222222,0.657678537946549
3,5-HT2B,1215,0.0477366255144033,1.48752460666898
3,5-HT7,1215,0.0946502057613169,3.11864196957368
3,HisCl1,1215,0.000823045267489712,0.0218895017949391
3,ort,1215,0.000823045267489712,0.0322762849995965
3,VGlut,1215,0.124279835390947,4.68953437730822
3,Gad1,1215,0.097119341563786,3.38235495540973
3,ChAT,1215,0.165432098765432,5.3921655671312
3,ple,1215,0.00576131687242798,0.180639237898695
3,SerT,1215,0.00493827160493827,0.200164506860944
3,Tbh,1215,0.0296296296296296,1.04939429757072
3,Hdc,1215,0.000823045267489712,0.0193203114434205
4,GluClalpha,1139,0.599648814749781,19.7038297058197
4,GluRIA,1139,0.0570676031606673,1.14000840628257
4,GluRIB,1139,0.150131694468832,3.20458660146115
4,Nmdar1,1139,0.0956979806848112,2.07358000174867
4,Nmdar2,1139,0.177348551360843,3.93349910886748
4,KaiR1D,1139,0.0517998244073749,1.03494908566478
4,clumsy,1139,0,0
4,Ekar,1139,0.0131694468832309,0.283569748673525
4,mGluR,1139,0.198419666374012,4.4361897290427
4,Rdl,1139,0.712028094820018,29.1501271905785
4,Lcch3,1139,0.0280948200175593,0.590018884880523
4,Grd,1139,0.00877963125548727,0.194779257018822
4,GABA-B-R1,1139,0.164179104477612,3.51639385119329
4,GABA-B-R2,1139,0.102721685689201,2.22380583941841
4,GABA-B-R3,1139,0.0553116769095698,1.15703398635197
4,nAChRalpha1,1139,0.319578577699737,7.77895246442218
4,nAChRalpha2,1139,0.0544337137840211,1.11172125224
4,nAChRalpha3,1139,0.229148375768218,5.64684249047754
4,nAChRalpha4,1139,0.529411764705882,15.2472451431335
4,nAChRalpha5,1139,0.58647936786655,20.0152353712009
4,nAChRalpha6,1139,0.626865671641791,22.7272019416161
4,nAChRalpha7,1139,0.390693590869184,11.0294634307233
4,nAChRbeta1,1139,0.493415276558385,14.2635109229471
4,nAChRbeta2,1139,0.0403863037752414,0.868987606640021
4,nAChRbeta3,1139,0.000877963125548727,0.0225118750140699
4,mAChR-A,1139,0.115013169446883,2.50388113925267
4,mAChR-B,1139,0.0834064969271291,1.76791313447927
4,mAChR-C,1139,0,0
4,Dop1R1,1139,0.284460052677788,7.43569306437853
4,Dop1R2,1139,0.115891132572432,2.69216820997196
4,Dop2R,1139,0.410886742756804,11.6403222964247
4,DopEcR,1139,0.205443371378402,4.67464331260159
4,Oamb,1139,0.0877963125548727,1.81606969425335
4,Octalpha2R,1139,0.24846356453029,6.41304193525033
4,Octbeta1R,1139,0.0842844600526778,1.73055108819515
4,Octbeta2R,1139,0.215978928884987,5.10870513029504
4,Octbeta3R,1139,0.18612818261633,4.20753384919351
4,5-HT1A,1139,0.224758560140474,5.38054225986647
4,5-HT1B,1139,0.0517998244073749,1.14059776117257
4,5-HT2A,1139,0.0438981562774363,0.865346732877208
4,5-HT2B,1139,0.0860403863037752,1.77199403518242
4,5-HT7,1139,0.121158911325724,2.86331324122192
4,HisCl1,1139,0.00175592625109745,0.0368645547482819
4,ort,1139,0.00351185250219491,0.0678946515118929
4,VGlut,1139,0.204565408252853,4.8258411432155
4,Gad1,1139,0.14486391571554,3.38964376304594
4,ChAT,1139,0.218612818261633,5.19865204947044
4,ple,1139,0.00702370500438982,0.17568043009991
4,SerT,1139,0.0105355575065847,0.219516719595607
4,Tbh,1139,0.0438981562774363,0.947349788402392
4,Hdc,1139,0.000877963125548727,0.0141151627901725
5,GluClalpha,987,0.778115501519757,20.8148745605171
5,GluRIA,987,0.0932117527862209,1.14078213721514
5,GluRIB,987,0.322188449848024,5.40869728242956
5,Nmdar1,987,0.200607902735562,2.37596760808683
5,Nmdar2,987,0.317122593718338,4.23584822354832
5,KaiR1D,987,0.0820668693009119,0.93722709001775
5,clumsy,987,0,0
5,Ekar,987,0.0466058763931104,0.550891008970643
5,mGluR,987,0.291793313069909,4.54347549513556
5,Rdl,987,0.957446808510638,47.5430731211971
5,Lcch3,987,0.0759878419452888,0.882625567611874
5,Grd,987,0.0121580547112462,0.149193494220743
5,GABA-B-R1,987,0.298885511651469,4.17383348299503
5,GABA-B-R2,987,0.223910840932118,2.61543477549943
5,GABA-B-R3,987,0.0942249240121581,1.32504099541397
5,nAChRalpha1,987,0.576494427558257,10.3951347997042
5,nAChRalpha2,987,0.0952380952380952,1.22565165982812
5,nAChRalpha3,987,0.475177304964539,9.05886687536496
5,nAChRalpha4,987,0.736575481256332,15.9358622268987
5,nAChRalpha5,987,0.874366767983789,27.277373785632
5,nAChRalpha6,987,0.915906788247214,41.2835392139162
5,nAChRalpha7,987,0.619047619047619,13.2192155716093
5,nAChRbeta1,987,0.748733535967579,16.7492845653529
5,nAChRbeta2,987,0.088145896656535,1.07011498978368
5,nAChRbeta3,987,0,0
5,mAChR-A,987,0.232016210739615,2.87224576868762
5,mAChR-B,987,0.120567375886525,1.61008800356733
5,mAChR-C,987,0,0
5,Dop1R1,987,0.288753799392097,4.59340831446548
5,Dop1R2,987,0.120567375886525,1.76668051114623
5,Dop2R,987,0.515704154002026,11.9133748986369
5,DopEcR,987,0.382978723404255,5.65487505996639
5,Oamb,987,0.128672745694022,1.6994896340562
5,Octalpha2R,987,0.304964539007092,5.48910906973589
5,Octbeta1R,987,0.0891590678824721,1.12381238490194
5,Octbeta2R,987,0.365754812563323,5.99564805652529
5,Octbeta3R,987,0.24113475177305,3.53385783377792
5,5-HT1A,987,0.404255319148936,6.67217057336936
5,5-HT1B,987,0.108409321175279,1.21245527144464
5,5-HT2A,987,0.0587639311043566,0.871846079229223
5,5-HT2B,987,0.116514690982776,1.48005629090144
5,5-HT7,987,0.21580547112462,3.07321643762005
5,HisCl1,987,0.00101317122593718,0.00623489985192113
5,ort,987,0,0
5,VGlut,987,0.148936170212766,2.56148281667174
5,Gad1,987,0.0759878419452888,1.13543083908336
5,ChAT,987,0.432624113475177,6.87654081287498
5,ple,987,0.0141843971631206,0.156292427224713
5,SerT,987,0.0060790273556231,0.0840738475497093
5,Tbh,987,0.105369807497467,1.5497346913095
5,Hdc,987,0.00202634245187437,0.0224637026895123
6,GluClalpha,985,0.813197969543147,18.1120727779359
6,GluRIA,985,0.0944162436548223,0.808035419251213
6,GluRIB,985,0.285279187817259,3.43184778315317
6,Nmdar1,985,0.319796954314721,2.8135241978169
6,Nmdar2,985,0.409137055837563,4.10241098109699
6,KaiR1D,985,0.179695431472081,1.37904203767431
6,clumsy,985,0,0
6,Ekar,985,0.0294416243654822,0.210199566257462
6,mGluR,985,0.446700507614213,5.28046111372918
6,Rdl,985,0.976649746192893,43.1655145995122
6,Lcch3,985,0.100507614213198,0.690136555344994
6,Grd,985,0.0619289340101523,0.717066550646098
6,GABA-B-R1,985,0.422335025380711,4.20213413558581
6,GABA-B-R2,985,0.280203045685279,2.31784396664026
6,GABA-B-R3,985,0.161421319796954,1.38563507186056
6,nAChRalpha1,985,0.622335025380711,9.27476248357795
6,nAChRalpha2,985,0.0964467005076142,0.664500985352678
6,nAChRalpha3,985,0.548223350253807,7.61804680701174
6,nAChRalpha4,985,0.852791878172589,17.4182513265045
6,nAChRalpha5,985,0.868020304568528,21.1837294054718
6,nAChRalpha6,985,0.891370558375635,31.5954218477543
6,nAChRalpha7,985,0.671065989847716,10.9609204401598
6,nAChRbeta1,985,0.8,15.2881625707774
6,nAChRbeta2,985,0.099492385786802,0.782914756092054
6,nAChRbeta3,985,0.00101522842639594,0.0067100358651417
6,mAChR-A,985,0.236548223350254,1.98008867720298
6,mAChR-B,985,0.177664974619289,2.42370489291417
6,mAChR-C,985,0,0
6,Dop1R1,985,0.349238578680203,4.41512480824634
6,Dop1R2,985,0.14010152284264,1.39292677006675
6,Dop2R,985,0.583756345177665,13.7771867357946
6,DopEcR,985,0.441624365482233,4.78347066110365
6,Oamb,985,0.121827411167513,1.1927344617942
6,Octalpha2R,985,0.287309644670051,5.11794137420891
6,Octbeta1R,985,0.174619289340102,2.25012956276128
6,Octbeta2R,985,0.474111675126904,6.11459926156528
6,Octbeta3R,985,0.459898477157361,5.0877320330363
6,5-HT1A,985,0.433502538071066,6.30030890003078
6,5-HT1B,985,0.157360406091371,1.29535973239403
6,5-HT2A,985,0.0467005076142132,0.339089326197136
6,5-HT2B,985,0.0822335025380711,0.624145367595292
6,5-HT7,985,0.175634517766497,1.78670328138494
6,HisCl1,985,0.00609137055837563,0.0578506358511986
6,ort,985,0,0
6,VGlut,985,0.415228426395939,9.0836665691999
6,Gad1,985,0.0304568527918782,0.282045466857581
6,ChAT,985,0.521827411167513,6.15016087897707
6,ple,985,0.017258883248731,0.121999762299223
6,SerT,985,0.00406091370558376,0.0272968971872605
6,Tbh,985,0.23248730964467,2.88502467848457
6,Hdc,985,0.00101522842639594,0.00451413262070226
7,GluClalpha,801,0.50936329588015,19.4950478839196
7,GluRIA,801,0.0499375780274657,1.28579205512006
7,GluRIB,801,0.17852684144819,5.24120204779462
7,Nmdar1,801,0.0973782771535581,2.60408535533098
7,Nmdar2,801,0.181023720349563,4.91634164551796
7,KaiR1D,801,0.0411985018726592,1.15111568863695
7,clumsy,801,0,0
7,Ekar,801,0.0112359550561798,0.32290596636133
7,mGluR,801,0.149812734082397,4.30365336636913
7,Rdl,801,0.770287141073658,43.0429718123798
7,Lcch3,801,0.0399500624219725,0.949638753426973
7,Grd,801,0.00124843945068664,0.0433485920377306
7,GABA-B-R1,801,0.149812734082397,4.20952230459168
7,GABA-B-R2,801,0.0973782771535581,2.54606355396099
7,GABA-B-R3,801,0.0624219725343321,1.70316324585698
7,nAChRalpha1,801,0.283395755305868,9.22054307875871
7,nAChRalpha2,801,0.0162297128589263,0.369873619253235
7,nAChRalpha3,801,0.234706616729089,7.82878325917893
7,nAChRalpha4,801,0.459425717852684,16.7557532642708
7,nAChRalpha5,801,0.605493133583021,26.098035818928
7,nAChRalpha6,801,0.707865168539326,38.0636146601757
7,nAChRalpha7,801,0.313358302122347,10.703106283038
7,nAChRbeta1,801,0.450686641697878,15.9636189242525
7,nAChRbeta2,801,0.0362047440699126,0.871865110478281
7,nAChRbeta3,801,0,0
7,mAChR-A,801,0.0911360799001248,2.44201341307024
7,mAChR-B,801,0.0973782771535581,2.89818095463188
7,mAChR-C,801,0,0
7,Dop1R1,801,0.172284644194757,5.6063471220943
7,Dop1R2,801,0.0774032459425718,2.27263354122357
7,Dop2R,801,0.372034956304619,14.3059090419627
7,DopEcR,801,0.188514357053683,5.25992623215763
7,Oamb,801,0.0823970037453183,2.37517639648129
7,Octalpha2R,801,0.173533083645443,5.32905099778158
7,Octbeta1R,801,0.0536828963795256,1.48937552237036
7,Octbeta2R,801,0.179775280898876,5.36962292662
7,Octbeta3R,801,0.111111111111111,3.19902427221203
7,5-HT1A,801,0.198501872659176,5.99887820956501
7,5-HT1B,801,0.0436953807740325,1.03056492969321
7,5-HT2A,801,0.031210986267166,0.91485427885865
7,5-HT2B,801,0.0586766541822722,1.40302558106731
7,5-HT7,801,0.116104868913858,3.54644617976741
7,HisCl1,801,0,0
7,ort,801,0.00124843945068664,0.0385320818113161
7,VGlut,801,0.0811485642946317,2.43736646552973
7,Gad1,801,0.0387016229712859,1.11130266097426
7,ChAT,801,0.18601747815231,5.09306571771012
7,ple,801,0.00249687890137328,0.0763361129507131
7,SerT,801,0.00249687890137328,0.0835502694171355
7,Tbh,801,0.0474406991260924,1.2660924596874
7,Hdc,801,0.00124843945068664,0.0239623694949451
12,GluClalpha,757,0.997357992073976,23.6569930347698
12,GluRIA,757,0.499339498018494,1.15453609338874
12,GluRIB,757,0.875825627476882,4.88177186376293
12,Nmdar1,757,0.749009247027741,2.37920974274964
12,Nmdar2,757,0.92338177014531,5.01367524095461
12,KaiR1D,757,0.494055482166447,1.03865339095953
12,clumsy,757,0.00264200792602378,0.0048218746384103
12,Ekar,757,0.262879788639366,0.543099410710017
12,mGluR,757,0.850726552179657,4.81497746869227
12,Rdl,757,1,45.7926743979775
12,Lcch3,757,0.446499339498019,0.919728577580488
12,Grd,757,0.0845442536327609,0.169934413886652
12,GABA-B-R1,757,0.911492734478203,4.2976570658274
12,GABA-B-R2,757,0.747688243064729,2.21442224267919
12,GABA-B-R3,757,0.498018494055482,1.40072560046459
12,nAChRalpha1,757,0.988110964332893,10.8411757115909
12,nAChRalpha2,757,0.406869220607662,0.808417286192969
12,nAChRalpha3,757,0.963011889035667,8.373178911185
12,nAChRalpha4,757,0.985468956406869,17.8272996263961
12,nAChRalpha5,757,0.998678996036988,29.9109464572017
12,nAChRalpha6,757,1,39.0310939202542
12,nAChRalpha7,757,0.985468956406869,15.2798865724867
12,nAChRbeta1,757,1,16.0883966797512
12,nAChRbeta2,757,0.48216644649934,1.11876040887091
12,nAChRbeta3,757,0.00132100396301189,0.000778526616579378
12,mAChR-A,757,0.805812417437252,3.1979225976699
12,mAChR-B,757,0.590488771466314,2.19117989300076
12,mAChR-C,757,0,0
12,Dop1R1,757,0.869220607661823,4.9925824056477
12,Dop1R2,757,0.583883751651255,1.96449948964281
12,Dop2R,757,0.956406869220608,11.8964068855921
12,DopEcR,757,0.935270805812417,5.93404706558648
12,Oamb,757,0.533685601056803,1.57461378117284
12,Octalpha2R,757,0.879788639365918,6.64580370299586
12,Octbeta1R,757,0.508586525759577,1.38557685952113
12,Octbeta2R,757,0.877146631439894,5.58581014187005
12,Octbeta3R,757,0.808454425363276,3.77239476158869
12,5-HT1A,757,0.883751651254954,6.08906104296164
12,5-HT1B,757,0.546895640686922,1.33567040076947
12,5-HT2A,757,0.334214002642008,0.808769718751848
12,5-HT2B,757,0.587846763540291,1.80618144287619
12,5-HT7,757,0.788639365918098,3.46480656964747
12,HisCl1,757,0.00660501981505945,0.0171046527460151
12,ort,757,0.00792602377807133,0.0162516185604849
12,VGlut,757,0.656538969616909,3.93955762837497
12,Gad1,757,0.516512549537649,3.18002542638544
12,ChAT,757,0.915455746367239,5.32396711172655
12,ple,757,0.0885072655217966,0.153975045279114
12,SerT,757,0.0343461030383091,0.0689218841340694
12,Tbh,757,0.540290620871863,1.64156301531191
12,Hdc,757,0.00660501981505945,0.0109333122998351
13,GluClalpha,753,0.9933598937583,20.4176384894086
13,GluRIA,753,0.51925630810093,1.4124365883034
13,GluRIB,753,0.904382470119522,5.9060826743366
13,Nmdar1,753,0.703851261620186,2.23362322865112
13,Nmdar2,753,0.868525896414343,4.49568363720842
13,KaiR1D,753,0.49402390438247,1.01077137998118
13,clumsy,753,0.00132802124833997,0.0014127885620638
13,Ekar,753,0.169986719787517,0.312879915730466
13,mGluR,753,0.839309428950863,4.98652017694368
13,Rdl,753,1,49.6946815129877
13,Lcch3,753,0.427622841965471,0.950198882559712
13,Grd,753,0.0571049136786189,0.152376731072017
13,GABA-B-R1,753,0.852589641434263,4.1074712570496
13,GABA-B-R2,753,0.741035856573705,2.37074136993249
13,GABA-B-R3,753,0.405046480743692,1.13990917474479
13,nAChRalpha1,753,0.98273572377158,10.6381395876756
13,nAChRalpha2,753,0.402390438247012,0.90477904498921
13,nAChRalpha3,753,0.929614873837981,7.41103099744978
13,nAChRalpha4,753,0.97742363877822,17.6578255695079
13,nAChRalpha5,753,1,28.5953076117276
13,nAChRalpha6,753,1,39.5411759835626
13,nAChRalpha7,753,0.98273572377158,13.6616660182414
13,nAChRbeta1,753,0.99601593625498,16.9194647015231
13,nAChRbeta2,753,0.460823373173971,1.08609420969211
13,nAChRbeta3,753,0.00132802124833997,0.00342097178861405
13,mAChR-A,753,0.746347941567065,2.81620227478349
13,mAChR-B,753,0.679946879150066,2.74025279903667
13,mAChR-C,753,0.00265604249667995,0.00544211625837875
13,Dop1R1,753,0.929614873837981,7.59182452978875
13,Dop1R2,753,0.863213811420983,4.77294568408354
13,Dop2R,753,0.964143426294821,13.2093186768003
13,DopEcR,753,0.926958831341301,6.18749969813415
13,Oamb,753,0.719787516600266,2.81246487342113
13,Octalpha2R,753,0.843293492695883,5.65798929589786
13,Octbeta1R,753,0.682602921646746,2.2328450745481
13,Octbeta2R,753,0.824701195219124,4.69468118890664
13,Octbeta3R,753,0.766268260292165,3.46336960215658
13,5-HT1A,753,0.909694555112882,7.36322386908728
13,5-HT1B,753,0.552456839309429,1.37056741411413
13,5-HT2A,753,0.281540504648074,0.654049842290442
13,5-HT2B,753,0.49136786188579,1.52298033739075
13,5-HT7,753,0.634794156706507,2.67295797804377
13,HisCl1,753,0.0172642762284197,0.0195993748644226
13,ort,753,0.0146082337317397,0.0255306822162539
13,VGlut,753,0.564409030544489,3.40188326601193
13,Gad1,753,0.460823373173971,3.08690469301724
13,ChAT,753,0.900398406374502,5.12266570275486
13,ple,753,0.0677290836653386,0.126573678950501
13,SerT,753,0.0464807436918991,0.0990938208788215
13,Tbh,753,0.420982735723772,1.36303633260678
13,Hdc,753,0.00929614873837981,0.0117423017611593
14,GluClalpha,741,0.885290148448043,18.5995088000177
14,GluRIA,741,0.206477732793522,1.41880932127388
14,GluRIB,741,0.530364372469636,6.42243832036116
14,Nmdar1,741,0.346828609986505,2.56840806314403
14,Nmdar2,741,0.515519568151147,4.95923630803426
14,KaiR1D,741,0.159244264507422,1.0026172285628
14,clumsy,741,0.00134952766531714,0.00174560556890071
14,Ekar,741,0.0647773279352227,0.357788105523323
14,mGluR,741,0.384615384615385,3.89540988682216
14,Rdl,741,0.994601889338731,47.939231397417
14,Lcch3,741,0.192982456140351,1.51722462717725
14,Grd,741,0.00944669365721997,0.0571733581282103
14,GABA-B-R1,741,0.469635627530364,3.66057428631415
14,GABA-B-R2,741,0.326585695006748,2.30332935585245
14,GABA-B-R3,741,0.128205128205128,0.844256210388113
14,nAChRalpha1,741,0.723346828609987,10.2037269773379
14,nAChRalpha2,741,0.16059379217274,1.1877777595956
14,nAChRalpha3,741,0.61808367071525,8.32970292710725
14,nAChRalpha4,741,0.761133603238866,13.4548719864467
14,nAChRalpha5,741,0.910931174089069,25.6869616818594
14,nAChRalpha6,741,0.97165991902834,43.7208488493268
14,nAChRalpha7,741,0.784075573549258,13.3334896085277
14,nAChRbeta1,741,0.916329284750337,19.390658004298
14,nAChRbeta2,741,0.180836707152497,1.30224221040584
14,nAChRbeta3,741,0,0
14,mAChR-A,741,0.340080971659919,2.57588494867957
14,mAChR-B,741,0.159244264507422,1.47180434805431
14,mAChR-C,741,0,0
14,Dop1R1,741,0.423751686909582,4.47346560473611
14,Dop1R2,741,0.171390013495277,1.41750889248817
14,Dop2R,741,0.609986504723347,10.8769473087369
14,DopEcR,741,0.564102564102564,5.83559638548501
14,Oamb,741,0.167341430499325,1.21942292115005
14,Octalpha2R,741,0.415654520917679,4.99823328958168
14,Octbeta1R,741,0.167341430499325,1.28256844749478
14,Octbeta2R,741,0.529014844804319,6.36844145074475
14,Octbeta3R,741,0.346828609986505,2.89912710488566
14,5-HT1A,741,0.49527665317139,5.32260717601952
14,5-HT1B,741,0.148448043184885,0.942254950941596
14,5-HT2A,741,0.117408906882591,0.818323365241749
14,5-HT2B,741,0.159244264507422,1.1624617978085
14,5-HT7,741,0.302294197031039,2.81590276784123
14,HisCl1,741,0.00134952766531714,0.00654792656631314
14,ort,741,0.00404858299595142,0.0243222085733583
14,VGlut,741,0.218623481781377,2.73199145198466
14,Gad1,741,0.153846153846154,1.65450333680396
14,ChAT,741,0.615384615384615,6.98076792589407
14,ple,741,0.0161943319838057,0.0885362238795439
14,SerT,741,0.00404858299595142,0.0218762798746528
14,Tbh,741,0.211875843454791,1.79618400944448
14,Hdc,741,0.00134952766531714,0.00987218482309538
15,GluClalpha,705,0.873758865248227,21.8039473074124
15,GluRIA,705,0.238297872340426,1.56587171779759
15,GluRIB,705,0.483687943262411,5.6007033239228
15,Nmdar1,705,0.314893617021277,2.14565294941052
15,Nmdar2,705,0.541843971631206,5.15392655432221
15,KaiR1D,705,0.195744680851064,1.12843040237629
15,clumsy,705,0.00141843971631206,0.00925874488454345
15,Ekar,705,0.051063829787234,0.3142383681556
15,mGluR,705,0.418439716312057,5.18099608635629
15,Rdl,705,0.980141843971631,46.777136762266
15,Lcch3,705,0.173049645390071,0.987424200555295
15,Grd,705,0.0127659574468085,0.115009115298873
15,GABA-B-R1,705,0.514893617021277,4.3102257642249
15,GABA-B-R2,705,0.361702127659575,2.4565843223865
15,GABA-B-R3,705,0.184397163120567,1.43627196300807
15,nAChRalpha1,705,0.714893617021277,9.2438948455653
15,nAChRalpha2,705,0.109219858156028,0.568574996008471
15,nAChRalpha3,705,0.724822695035461,11.4172180612822
15,nAChRalpha4,705,0.84113475177305,16.4869185564046
15,nAChRalpha5,705,0.926241134751773,25.7618434375343
15,nAChRalpha6,705,0.923404255319149,31.8765319449646
15,nAChRalpha7,705,0.760283687943262,11.9905570944442
15,nAChRbeta1,705,0.824113475177305,13.9146159322055
15,nAChRbeta2,705,0.178723404255319,1.13124313881263
15,nAChRbeta3,705,0,0
15,mAChR-A,705,0.33758865248227,2.65188920035956
15,mAChR-B,705,0.275177304964539,2.43966023921226
15,mAChR-C,705,0,0
15,Dop1R1,705,0.304964539007092,2.62391987784726
15,Dop1R2,705,0.15177304964539,0.978188682129099
15,Dop2R,705,0.682269503546099,12.3408130450255
15,DopEcR,705,0.638297872340426,6.9593651521988
15,Oamb,705,0.171631205673759,1.37922103451532
15,Octalpha2R,705,0.374468085106383,4.42034734509369
15,Octbeta1R,705,0.163120567375887,1.12471403530941
15,Octbeta2R,705,0.492198581560284,4.8586258820144
15,Octbeta3R,705,0.381560283687943,3.52840019905072
15,5-HT1A,705,0.436879432624114,5.18812870686891
15,5-HT1B,705,0.136170212765957,0.74298416037845
15,5-HT2A,705,0.153191489361702,1.07900973686448
15,5-HT2B,705,0.178723404255319,1.43539803667901
15,5-HT7,705,0.390070921985816,3.89272528104842
15,HisCl1,705,0.00283687943262411,0.00940709112315145
15,ort,705,0.00141843971631206,0.00612716940091601
15,VGlut,705,0.173049645390071,2.17061282491549
15,Gad1,705,0.0808510638297872,0.5558693561113
15,ChAT,705,0.577304964539007,5.88527238427028
15,ple,705,0.024113475177305,0.108963086620749
15,SerT,705,0.00851063829787234,0.0311605035167379
15,Tbh,705,0.202836879432624,1.52859432687468
15,Hdc,705,0,0
18,GluClalpha,673,0.536404160475483,18.4658121236267
18,GluRIA,673,0.0490341753343239,1.03014051505527
18,GluRIB,673,0.160475482912333,3.70625957603917
18,Nmdar1,673,0.12778603268945,2.86654602988212
18,Nmdar2,673,0.194650817236256,4.55582335852946
18,KaiR1D,673,0.0787518573551263,1.56108215961765
18,clumsy,673,0,0
18,Ekar,673,0.00445765230312036,0.103832668681546
18,mGluR,673,0.154531946508172,3.67116551927786
18,Rdl,673,0.735512630014859,35.9247324429698
18,Lcch3,673,0.037147102526003,0.856112424380323
18,Grd,673,0.00742942050520059,0.135805255270526
18,GABA-B-R1,673,0.139673105497771,3.10426136686515
18,GABA-B-R2,673,0.12035661218425,2.82916371012384
18,GABA-B-R3,673,0.0564635958395245,1.37087584664391
18,nAChRalpha1,673,0.300148588410104,7.60920622953784
18,nAChRalpha2,673,0.0341753343239227,0.833098491692324
18,nAChRalpha3,673,0.25111441307578,6.78095492078343
18,nAChRalpha4,673,0.442793462109955,12.5191666055362
18,nAChRalpha5,673,0.530460624071322,16.987156903283
18,nAChRalpha6,673,0.579494799405646,23.5530414204306
18,nAChRalpha7,673,0.301634472511144,8.74202260274158
18,nAChRbeta1,673,0.448736998514116,13.276789580022
18,nAChRbeta2,673,0.0520059435364042,1.07929852135762
18,nAChRbeta3,673,0,0
18,mAChR-A,673,0.0802377414561664,1.89149373071272
18,mAChR-B,673,0.0549777117384844,1.46575946401456
18,mAChR-C,673,0.00148588410104012,0.0434469035391848
18,Dop1R1,673,0.190193164933135,4.73182050780608
18,Dop1R2,673,0.0594353640416048,1.45124389078505
18,Dop2R,673,0.282317979197623,9.81285911099192
18,DopEcR,673,0.179791976225854,4.82577690999236
18,Oamb,673,0.062407132243685,1.75224615891956
18,Octalpha2R,673,0.187221396731055,4.89445617189482
18,Octbeta1R,673,0.0386329866270431,0.814809091538155
18,Octbeta2R,673,0.151560178306092,3.99801095190122
18,Octbeta3R,673,0.135215453194651,3.14483735769418
18,5-HT1A,673,0.206537890044577,5.83252442337136
18,5-HT1B,673,0.0549777117384844,1.11994220537903
18,5-HT2A,673,0.0163447251114413,0.369329102701733
18,5-HT2B,673,0.0564635958395245,1.27473496195682
18,5-HT7,673,0.104011887072808,2.53530135268099
18,HisCl1,673,0,0
18,ort,673,0.00297176820208024,0.0620969891163917
18,VGlut,673,0.12184249628529,3.45684333488139
18,Gad1,673,0.0579494799405646,1.43446775989998
18,ChAT,673,0.219910846953938,5.08418328798378
18,ple,673,0,0
18,SerT,673,0.00148588410104012,0.0316145553412791
18,Tbh,673,0.0416047548291233,1.11747818379561
18,Hdc,673,0,0
19,GluClalpha,669,0.895366218236173,19.9131792255548
19,GluRIA,669,0.127055306427504,0.795831363270873
19,GluRIB,669,0.414050822122571,3.96489597359456
19,Nmdar1,669,0.36322869955157,3.07696038145563
19,Nmdar2,669,0.476831091180867,4.87257928600721
19,KaiR1D,669,0.20627802690583,1.555421924627
19,clumsy,669,0.00747384155455904,0.115172808321213
19,Ekar,669,0.10762331838565,0.742304140523901
19,mGluR,669,0.29745889387145,3.41504302060801
19,Rdl,669,0.986547085201794,43.5247502842523
19,Lcch3,669,0.150971599402093,0.963373344011341
19,Grd,669,0.0104633781763827,0.0444160569091773
19,GABA-B-R1,669,0.506726457399103,4.8004874926427
19,GABA-B-R2,669,0.357249626307922,2.67431386643812
19,GABA-B-R3,669,0.0896860986547085,0.642585351292087
19,nAChRalpha1,669,0.698056801195815,10.0772998177645
19,nAChRalpha2,669,0.164424514200299,1.16914559687988
19,nAChRalpha3,669,0.629297458893872,9.54089114587787
19,nAChRalpha4,669,0.829596412556054,16.0642923323743
19,nAChRalpha5,669,0.893871449925262,23.288148835928
19,nAChRalpha6,669,0.913303437967115,28.7657469137824
19,nAChRalpha7,669,0.780269058295964,12.2870484413555
19,nAChRbeta1,669,0.878923766816144,19.9070120512765
19,nAChRbeta2,669,0.150971599402093,0.920633018949262
19,nAChRbeta3,669,0,0
19,mAChR-A,669,0.249626307922272,2.00437941780136
19,mAChR-B,669,0.17339312406577,1.6339583376894
19,mAChR-C,669,0,0
19,Dop1R1,669,0.399103139013453,4.09387899437247
19,Dop1R2,669,0.0971599402092676,0.716516308002945
19,Dop2R,669,0.527653213751869,8.36559067392112
19,DopEcR,669,0.494768310911809,4.19306074225712
19,Oamb,669,0.134529147982063,1.1179092232164
19,Octalpha2R,669,0.286995515695067,3.07075699589395
19,Octbeta1R,669,0.100149476831091,0.81404784156979
19,Octbeta2R,669,0.508221225710015,6.11649680127933
19,Octbeta3R,669,0.378176382660688,3.67989757112575
19,5-HT1A,669,0.515695067264574,6.92076869565476
19,5-HT1B,669,0.104633781763827,0.669001470879923
19,5-HT2A,669,0.0971599402092676,0.670350416934683
19,5-HT2B,669,0.109118086696562,0.852361378872574
19,5-HT7,669,0.254110612855007,2.35710325652718
19,HisCl1,669,0.00298953662182362,0.0653971656007028
19,ort,669,0,0
19,VGlut,669,0.0672645739910314,0.658771589139073
19,Gad1,669,0.0657698056801196,0.473321163207877
19,ChAT,669,0.573991031390135,6.1878781825074
19,ple,669,0.0254110612855007,0.153647943886828
19,SerT,669,0.00597907324364723,0.0585747918037735
19,Tbh,669,0.0553064275037369,0.415814662651036
19,Hdc,669,0,0
20,GluClalpha,665,0.984962406015038,20.5790751871664
20,GluRIA,665,0.371428571428571,1.0908273519171
20,GluRIB,665,0.760902255639098,4.94912091128142
20,Nmdar1,665,0.645112781954887,2.6416253967882
20,Nmdar2,665,0.84812030075188,5.11069437621825
20,KaiR1D,665,0.407518796992481,1.02787919613218
20,clumsy,665,0.00451127819548872,0.0093890740597256
20,Ekar,665,0.132330827067669,0.300113330045186
20,mGluR,665,0.720300751879699,4.78085084589924
20,Rdl,665,1,45.2550531960355
20,Lcch3,665,0.329323308270677,0.863062876193636
20,Grd,665,0.0616541353383459,0.163900934350059
20,GABA-B-R1,665,0.825563909774436,4.14921946887442
20,GABA-B-R2,665,0.654135338345865,2.41526093997663
20,GABA-B-R3,665,0.422556390977444,1.6028767227915
20,nAChRalpha1,665,0.93984962406015,9.92169173736159
20,nAChRalpha2,665,0.318796992481203,0.79088436091928
20,nAChRalpha3,665,0.902255639097744,8.68459851001195
20,nAChRalpha4,665,0.95187969924812,15.9654006924172
20,nAChRalpha5,665,0.989473684210526,25.839672186575
20,nAChRalpha6,665,0.996992481203008,39.522208235302
20,nAChRalpha7,665,0.965413533834587,13.399141184026
20,nAChRbeta1,665,0.993984962406015,17.2468279872471
20,nAChRbeta2,665,0.401503759398496,1.21865771769479
20,nAChRbeta3,665,0,0
20,mAChR-A,665,0.645112781954887,2.90592139480153
20,mAChR-B,665,0.427067669172932,1.58494615952331
20,mAChR-C,665,0,0
20,Dop1R1,665,0.76390977443609,4.89966781908394
20,Dop1R2,665,0.482706766917293,2.01980037801879
20,Dop2R,665,0.881203007518797,10.8484761035362
20,DopEcR,665,0.864661654135338,5.38917619519234
20,Oamb,665,0.396992481203008,1.41069317759934
20,Octalpha2R,665,0.777443609022556,6.27939018789123
20,Octbeta1R,665,0.362406015037594,1.19743397810949
20,Octbeta2R,665,0.813533834586466,5.96835248343652
20,Octbeta3R,665,0.699248120300752,3.71672968808482
20,5-HT1A,665,0.792481203007519,5.91850601214457
20,5-HT1B,665,0.369924812030075,1.02618349150723
20,5-HT2A,665,0.257142857142857,0.746906672276279
20,5-HT2B,665,0.437593984962406,1.69640192532901
20,5-HT7,665,0.618045112781955,3.39579695694896
20,HisCl1,665,0.0135338345864662,0.0278097562431868
20,ort,665,0.00150375939849624,0.00194611026076904
20,VGlut,665,0.422556390977444,2.64629733307835
20,Gad1,665,0.306766917293233,1.70846850125815
20,ChAT,665,0.870676691729323,6.11819272021292
20,ple,665,0.0691729323308271,0.138547597467102
20,SerT,665,0.0240601503759399,0.0857390968707267
20,Tbh,665,0.362406015037594,1.55213972482774
20,Hdc,665,0,0
21,GluClalpha,653,0.924961715160796,23.4251720869173
21,GluRIA,653,0.143950995405819,0.818930535658089
21,GluRIB,653,0.392036753445636,3.8733347041289
21,Nmdar1,653,0.312404287901991,2.09172137500285
21,Nmdar2,653,0.535987748851455,4.4742331362461
21,KaiR1D,653,0.203675344563553,1.11746182133854
21,clumsy,653,0.00153139356814701,0.0119640122511485
21,Ekar,653,0.0413476263399694,0.162913548197955
21,mGluR,653,0.356814701378254,3.37767548811128
21,Rdl,653,0.993874425727412,47.6134374133995
21,Lcch3,653,0.120980091883614,0.662703516265507
21,Grd,653,0.0306278713629403,0.267400665837592
21,GABA-B-R1,653,0.474732006125574,3.85763746825719
21,GABA-B-R2,653,0.33843797856049,2.22870431402007
21,GABA-B-R3,653,0.128637059724349,0.864284527670167
21,nAChRalpha1,653,0.791730474732006,10.7687875070035
21,nAChRalpha2,653,0.110260336906585,0.639022084818595
21,nAChRalpha3,653,0.742725880551302,10.0542562674706
21,nAChRalpha4,653,0.86676875957121,16.7151570686123
21,nAChRalpha5,653,0.906584992343032,22.7308921002751
21,nAChRalpha6,653,0.900459418070444,26.5794036790135
21,nAChRalpha7,653,0.807044410413476,14.4777852221686
21,nAChRbeta1,653,0.883614088820827,18.281527885649
21,nAChRbeta2,653,0.160796324655436,1.18671116272387
21,nAChRbeta3,653,0,0
21,mAChR-A,653,0.300153139356815,2.08120291978635
21,mAChR-B,653,0.134762633996937,1.01419258250155
21,mAChR-C,653,0,0
21,Dop1R1,653,0.419601837672282,4.71110862557465
21,Dop1R2,653,0.128637059724349,0.970442889010353
21,Dop2R,653,0.603369065849924,9.12452610023083
21,DopEcR,653,0.618683001531394,6.17538678892428
21,Oamb,653,0.142419601837672,1.00349269460624
21,Octalpha2R,653,0.382848392036753,4.44916776297591
21,Octbeta1R,653,0.0735068912710567,0.480582337833528
21,Octbeta2R,653,0.467075038284839,4.67780219435387
21,Octbeta3R,653,0.364471669218989,2.89592520216326
21,5-HT1A,653,0.470137825421133,5.23674005743677
21,5-HT1B,653,0.185298621745789,1.15755744481683
21,5-HT2A,653,0.0735068912710567,0.55999639874309
21,5-HT2B,653,0.124042879019908,0.755714878651765
21,5-HT7,653,0.26646248085758,2.39252646312023
21,HisCl1,653,0.00306278713629403,0.0226252441745612
21,ort,653,0,0
21,VGlut,653,0.234303215926493,3.80488580162326
21,Gad1,653,0.0980091883614089,1.00302681611821
21,ChAT,653,0.612557427258806,6.40873946064841
21,ple,653,0.0275650842266463,0.171680745604262
21,SerT,653,0.00459418070444104,0.0167110675118347
21,Tbh,653,0.107197549770291,1.01526763061431
21,Hdc,653,0.00153139356814701,0.0174816617368381
24,GluClalpha,608,0.699013157894737,19.1616610882198
24,GluRIA,608,0.0904605263157895,1.38334622418573
24,GluRIB,608,0.292763157894737,5.65867795017836
24,Nmdar1,608,0.167763157894737,2.51798336715449
24,Nmdar2,608,0.264802631578947,4.21894377619172
24,KaiR1D,608,0.0871710526315789,1.1259418685359
24,clumsy,608,0,0
24,Ekar,608,0.0213815789473684,0.29761433797285
24,mGluR,608,0.248355263157895,4.1434405230496
24,Rdl,608,0.90953947368421,44.307332328381
24,Lcch3,608,0.0986842105263158,1.74891132428933
24,Grd,608,0.0148026315789474,0.215390161564311
24,GABA-B-R1,608,0.263157894736842,4.04980758979638
24,GABA-B-R2,608,0.171052631578947,2.49218490912617
24,GABA-B-R3,608,0.0805921052631579,1.17306351075884
24,nAChRalpha1,608,0.485197368421053,10.0674846621088
24,nAChRalpha2,608,0.0575657894736842,0.824887534542569
24,nAChRalpha3,608,0.416118421052632,8.24295926505725
24,nAChRalpha4,608,0.597039473684211,13.9147511633179
24,nAChRalpha5,608,0.723684210526316,21.4680849590215
24,nAChRalpha6,608,0.828947368421053,34.8356185019875
24,nAChRalpha7,608,0.636513157894737,16.1433460269988
24,nAChRbeta1,608,0.717105263157895,19.6913986347394
24,nAChRbeta2,608,0.0953947368421053,1.47424748561114
24,nAChRbeta3,608,0,0
24,mAChR-A,608,0.180921052631579,2.88634925122784
24,mAChR-B,608,0.0805921052631579,1.20087043720565
24,mAChR-C,608,0,0
24,Dop1R1,608,0.220394736842105,3.95159760741894
24,Dop1R2,608,0.0805921052631579,1.32473987360644
24,Dop2R,608,0.391447368421053,8.65609296105827
24,DopEcR,608,0.347039473684211,6.09717534449511
24,Oamb,608,0.0970394736842105,1.50160613067647
24,Octalpha2R,608,0.28125,6.08948850400496
24,Octbeta1R,608,0.0805921052631579,1.17707139193563
24,Octbeta2R,608,0.294407894736842,5.59130775917101
24,Octbeta3R,608,0.207236842105263,3.54822417372451
24,5-HT1A,608,0.268092105263158,5.33676215417952
24,5-HT1B,608,0.0641447368421053,0.948310586882392
24,5-HT2A,608,0.0493421052631579,0.848487666908176
24,5-HT2B,608,0.0871710526315789,1.39789120219105
24,5-HT7,608,0.146381578947368,2.50605409669211
24,HisCl1,608,0.00493421052631579,0.101046234974427
24,ort,608,0,0
24,VGlut,608,0.185855263157895,4.06063906868493
24,Gad1,608,0.21875,5.62951589628323
24,ChAT,608,0.320723684210526,5.89728280113843
24,ple,608,0.0131578947368421,0.186337666510268
24,SerT,608,0.00493421052631579,0.0772342855683435
24,Tbh,608,0.055921052631579,0.84901716640592
24,Hdc,608,0,0
25,GluClalpha,601,0.988352745424293,27.1612052354168
25,GluRIA,601,0.45757071547421,1.34583131031345
25,GluRIB,601,0.813643926788686,5.84233850118499
25,Nmdar1,601,0.732113144758736,2.78731712368988
25,Nmdar2,601,0.858569051580699,5.35103077533199
25,KaiR1D,601,0.394342762063228,0.915272903988587
25,clumsy,601,0.00166389351081531,0.00103857032071363
25,Ekar,601,0.136439267886855,0.291671761266279
25,mGluR,601,0.782029950083195,5.38142011400524
25,Rdl,601,0.998336106489185,48.9773614092758
25,Lcch3,601,0.392678868552413,1.07146781898534
25,Grd,601,0.0532445923460899,0.123560680921624
25,GABA-B-R1,601,0.835274542429285,4.34489609212795
25,GABA-B-R2,601,0.640599001663894,2.02713200473908
25,GABA-B-R3,601,0.396006655574043,1.39673219584987
25,nAChRalpha1,601,0.973377703826955,11.4624000644642
25,nAChRalpha2,601,0.347753743760399,0.892282176879126
25,nAChRalpha3,601,0.950083194675541,10.1862623707393
25,nAChRalpha4,601,0.97504159733777,20.0553107517424
25,nAChRalpha5,601,0.995008319467554,28.0182178200202
25,nAChRalpha6,601,0.995008319467554,36.0979733430225
25,nAChRalpha7,601,0.993344425956739,20.4334368812308
25,nAChRbeta1,601,0.996672212978369,19.1275172995045
25,nAChRbeta2,601,0.449251247920133,1.10062281079676
25,nAChRbeta3,601,0,0
25,mAChR-A,601,0.743760399334443,3.39388442226784
25,mAChR-B,601,0.399334442595674,1.46101030960805
25,mAChR-C,601,0,0
25,Dop1R1,601,0.737104825291181,4.25839058374597
25,Dop1R2,601,0.502495840266223,2.36516016823122
25,Dop2R,601,0.845257903494176,8.5076001481772
25,DopEcR,601,0.911813643926789,6.27195694786472
25,Oamb,601,0.475873544093178,1.76530130462126
25,Octalpha2R,601,0.816971713810316,7.239442667864
25,Octbeta1R,601,0.40432612312812,1.44502190008121
25,Octbeta2R,601,0.818635607321131,5.74586280482007
25,Octbeta3R,601,0.757071547420965,3.98078185164231
25,5-HT1A,601,0.823627287853577,6.65942877409112
25,5-HT1B,601,0.507487520798669,1.42917514844467
25,5-HT2A,601,0.239600665557404,0.73572579452203
25,5-HT2B,601,0.419301164725458,1.57576633383718
25,5-HT7,601,0.67720465890183,3.56176806809602
25,HisCl1,601,0.00998336106489185,0.0255021529598868
25,ort,601,0.0166389351081531,0.0648620063941906
25,VGlut,601,0.509151414309484,3.7551782304662
25,Gad1,601,0.773710482529118,11.9826606433316
25,ChAT,601,0.753743760399335,4.07279254101397
25,ple,601,0.0499168053244592,0.0841450584043225
25,SerT,601,0.021630615640599,0.0535991674282163
25,Tbh,601,0.371048252911814,1.41804052254658
25,Hdc,601,0.00166389351081531,0.00191582442235499
27,GluClalpha,588,0.967687074829932,17.6294921050336
27,GluRIA,588,0.414965986394558,1.60936592208368
27,GluRIB,588,0.816326530612245,6.2209204963459
27,Nmdar1,588,0.440476190476191,1.75088764071151
27,Nmdar2,588,0.697278911564626,4.21177303767682
27,KaiR1D,588,0.314625850340136,1.02727221444939
27,clumsy,588,0.00510204081632653,0.00926418764347218
27,Ekar,588,0.0935374149659864,0.264117263708698
27,mGluR,588,0.663265306122449,4.70338025884274
27,Rdl,588,0.998299319727891,54.6473945366013
27,Lcch3,588,0.212585034013605,0.732984280315403
27,Grd,588,0.0238095238095238,0.0954247561649332
27,GABA-B-R1,588,0.738095238095238,4.6429958739806
27,GABA-B-R2,588,0.498299319727891,2.1259408803263
27,GABA-B-R3,588,0.217687074829932,0.867394811466829
27,nAChRalpha1,588,0.904761904761905,11.0462003198745
27,nAChRalpha2,588,0.248299319727891,0.727765005733907
27,nAChRalpha3,588,0.710884353741497,5.38178649044976
27,nAChRalpha4,588,0.947278911564626,16.6131442685422
27,nAChRalpha5,588,0.989795918367347,28.4894581995953
27,nAChRalpha6,588,0.991496598639456,39.822026200868
27,nAChRalpha7,588,0.880952380952381,9.69629733615009
27,nAChRbeta1,588,0.979591836734694,17.798642872024
27,nAChRbeta2,588,0.241496598639456,0.874959243368812
27,nAChRbeta3,588,0,0
27,mAChR-A,588,0.54421768707483,2.51877578639224
27,mAChR-B,588,0.564625850340136,3.27008832860522
27,mAChR-C,588,0,0
27,Dop1R1,588,0.869047619047619,9.8552080305259
27,Dop1R2,588,0.821428571428571,7.44876565532904
27,Dop2R,588,0.925170068027211,15.5405393315921
27,DopEcR,588,0.761904761904762,5.3554018920847
27,Oamb,588,0.564625850340136,3.05318451389367
27,Octalpha2R,588,0.685374149659864,5.38137673111777
27,Octbeta1R,588,0.613945578231293,3.50743531495944
27,Octbeta2R,588,0.574829931972789,3.39561653310505
27,Octbeta3R,588,0.574829931972789,3.5894057953724
27,5-HT1A,588,0.821428571428571,8.02308701540112
27,5-HT1B,588,0.391156462585034,1.48104358217564
27,5-HT2A,588,0.154761904761905,0.527657493692769
27,5-HT2B,588,0.25,1.1455765131692
27,5-HT7,588,0.401360544217687,2.11254802738073
27,HisCl1,588,0.0102040816326531,0.0244867230213141
27,ort,588,0.00510204081632653,0.0219733358867388
27,VGlut,588,0.333333333333333,2.68825647178353
27,Gad1,588,0.188775510204082,1.30771340686803
27,ChAT,588,0.785714285714286,5.65244701105756
27,ple,588,0.032312925170068,0.0903070785528491
27,SerT,588,0.0153061224489796,0.0647693451822805
27,Tbh,588,0.188775510204082,0.810304667078109
27,Hdc,588,0,0
29,GluClalpha,547,0.603290676416819,21.6942073552706
29,GluRIA,547,0.10054844606947,1.81147717424726
29,GluRIB,547,0.193784277879342,4.90842394308133
29,Nmdar1,547,0.135283363802559,2.92053909072683
29,Nmdar2,547,0.243144424131627,5.60098141816578
29,KaiR1D,547,0.0694698354661792,1.30709969730534
29,clumsy,547,0.00182815356489945,0.0293443589871501
29,Ekar,547,0.00548446069469835,0.0982821817357728
29,mGluR,547,0.221206581352834,4.98017091817023
29,Rdl,547,0.844606946983547,43.6063817143142
29,Lcch3,547,0.0475319926873857,1.06007237945503
29,Grd,547,0.0164533820840951,0.258342995950598
29,GABA-B-R1,547,0.177330895795247,3.92231987282617
29,GABA-B-R2,547,0.0950639853747715,1.82218142499853
29,GABA-B-R3,547,0.0475319926873857,0.912667788390641
29,nAChRalpha1,547,0.363802559414991,9.84516834743989
29,nAChRalpha2,547,0.0457038391224863,0.946122443099562
29,nAChRalpha3,547,0.382084095063985,9.96218534657286
29,nAChRalpha4,547,0.542961608775137,16.3333661693891
29,nAChRalpha5,547,0.630712979890311,23.4545103871047
29,nAChRalpha6,547,0.683729433272395,31.5095768861816
29,nAChRalpha7,547,0.502742230347349,16.5492865245112
29,nAChRbeta1,547,0.557586837294333,17.8408906478484
29,nAChRbeta2,547,0.0475319926873857,0.930252845764345
29,nAChRbeta3,547,0,0
29,mAChR-A,547,0.10054844606947,1.98578909725244
29,mAChR-B,547,0.0511882998171847,1.04433296208104
29,mAChR-C,547,0,0
29,Dop1R1,547,0.170018281535649,4.25343671738377
29,Dop1R2,547,0.0914076782449726,2.32052546258701
29,Dop2R,547,0.319926873857404,9.66335205272332
29,DopEcR,547,0.243144424131627,5.97852393711128
29,Oamb,547,0.076782449725777,1.58236147924359
29,Octalpha2R,547,0.191956124314442,4.96796201904601
29,Octbeta1R,547,0.0804387568555759,1.88029462077579
29,Octbeta2R,547,0.276051188299817,6.96488756672074
29,Octbeta3R,547,0.171846435100548,4.19560400224474
29,5-HT1A,547,0.208409506398537,5.87184369322248
29,5-HT1B,547,0.0694698354661792,1.40505937081443
29,5-HT2A,547,0.0182815356489945,0.388087783086555
29,5-HT2B,547,0.0712979890310786,1.47897169101274
29,5-HT7,547,0.170018281535649,3.88046289721731
29,HisCl1,547,0.00182815356489945,0.0359165729842721
29,ort,547,0.0036563071297989,0.125107485561842
29,VGlut,547,0.257769652650823,8.39711692590631
29,Gad1,547,0.0585009140767825,1.41717531618034
29,ChAT,547,0.204753199268739,4.63799058657274
29,ple,547,0.0109689213893967,0.198185789768137
29,SerT,547,0.00182815356489945,0.0339805495334471
29,Tbh,547,0.036563071297989,0.914297585587572
29,Hdc,547,0,0
30,GluClalpha,541,0.750462107208873,18.1730233945313
30,GluRIA,541,0.133086876155268,1.4818387063656
30,GluRIB,541,0.395563770794824,6.36345195857113
30,Nmdar1,541,0.238447319778189,2.59813101609952
30,Nmdar2,541,0.388170055452865,5.87925240442165
30,KaiR1D,541,0.127541589648799,1.28876212378133
30,clumsy,541,0,0
30,Ekar,541,0.00739371534195934,0.0599025659612598
30,mGluR,541,0.314232902033272,4.31055200897496
30,Rdl,541,0.953789279112754,40.9918373457207
30,Lcch3,541,0.0850277264325323,0.891036232215521
30,Grd,541,0.0166358595194085,0.21671834235779
30,GABA-B-R1,541,0.308687615526802,3.64348738591929
30,GABA-B-R2,541,0.214417744916821,2.29862019423073
30,GABA-B-R3,541,0.121996303142329,1.43485204161863
30,nAChRalpha1,541,0.617375231053605,11.7164297681426
30,nAChRalpha2,541,0.0831792975970425,0.872872315270247
30,nAChRalpha3,541,0.502772643253235,8.4464316113772
30,nAChRalpha4,541,0.730129390018484,14.8762216312298
30,nAChRalpha5,541,0.829944547134935,22.9373651623479
30,nAChRalpha6,541,0.859519408502773,32.3831300628941
30,nAChRalpha7,541,0.652495378927911,13.6156587700095
30,nAChRbeta1,541,0.731977818853974,14.5677282528286
30,nAChRbeta2,541,0.0813308687615527,0.847393302839123
30,nAChRbeta3,541,0,0
30,mAChR-A,541,0.194085027726433,2.16010609987089
30,mAChR-B,541,0.0831792975970425,1.09922019788888
30,mAChR-C,541,0.00184842883548983,0.024036785897137
30,Dop1R1,541,0.279112754158965,3.96586953516749
30,Dop1R2,541,0.175600739371534,2.36655678053642
30,Dop2R,541,0.460258780036969,8.48219498339114
30,DopEcR,541,0.378927911275416,4.83830528824384
30,Oamb,541,0.11460258780037,1.4896749381865
30,Octalpha2R,541,0.314232902033272,5.61516841331111
30,Octbeta1R,541,0.0868761552680222,1.07545960206907
30,Octbeta2R,541,0.428835489833641,7.12065915306167
30,Octbeta3R,541,0.284658040665434,4.23865501800589
30,5-HT1A,541,0.356746765249538,6.4083899245793
30,5-HT1B,541,0.1090573012939,1.24244893057484
30,5-HT2A,541,0.0388170055452865,0.353029900298727
30,5-HT2B,541,0.088724584103512,1.38859693302512
30,5-HT7,541,0.214417744916821,3.34276905704685
30,HisCl1,541,0,0
30,ort,541,0,0
30,VGlut,541,0.11275415896488,1.41330138949415
30,Gad1,541,0.0683918669131239,0.784527762668475
30,ChAT,541,0.386321626617375,5.21556487780891
30,ple,541,0.00924214417744917,0.0876841258869924
30,SerT,541,0.00369685767097967,0.0841721202335438
30,Tbh,541,0.0850277264325323,0.954632834249093
30,Hdc,541,0,0
31,GluClalpha,540,0.837037037037037,15.6327605927886
31,GluRIA,540,0.237037037037037,1.22205034445927
31,GluRIB,540,0.538888888888889,5.61242107198363
31,Nmdar1,540,0.405555555555556,1.97241157537916
31,Nmdar2,540,0.555555555555556,3.86203094889145
31,KaiR1D,540,0.255555555555556,1.02630808582933
31,clumsy,540,0.0037037037037037,0.00465836938053795
31,Ekar,540,0.037037037037037,0.120413454449803
31,mGluR,540,0.3,2.29252193777494
31,Rdl,540,0.961111111111111,32.9716280937354
31,Lcch3,540,0.174074074074074,0.723930039970043
31,Grd,540,0.0351851851851852,0.261271292016311
31,GABA-B-R1,540,0.47037037037037,3.06703829531717
31,GABA-B-R2,540,0.357407407407407,1.68700535926927
31,GABA-B-R3,540,0.716666666666667,8.62875820317217
31,nAChRalpha1,540,0.868518518518519,15.6107250339518
31,nAChRalpha2,540,0.3,1.45606862198312
31,nAChRalpha3,540,0.801851851851852,11.2431782741466
31,nAChRalpha4,540,0.848148148148148,14.2086584990006
31,nAChRalpha5,540,0.887037037037037,19.974363855469
31,nAChRalpha6,540,0.977777777777778,42.7775085932209
31,nAChRalpha7,540,0.807407407407407,13.822895192912
31,nAChRbeta1,540,0.85,12.3270834209579
31,nAChRbeta2,540,0.203703703703704,0.983896834295416
31,nAChRbeta3,540,0,0
31,mAChR-A,540,0.422222222222222,2.39172803640655
31,mAChR-B,540,0.194444444444444,1.13300275325539
31,mAChR-C,540,0,0
31,Dop1R1,540,0.540740740740741,5.18962619156249
31,Dop1R2,540,0.355555555555556,2.77510670457694
31,Dop2R,540,0.859259259259259,20.5919180668619
31,DopEcR,540,0.442592592592593,2.83888727846564
31,Oamb,540,0.601851851851852,5.68269732218905
31,Octalpha2R,540,0.431481481481482,3.5686717238253
31,Octbeta1R,540,0.261111111111111,1.55091883812109
31,Octbeta2R,540,0.448148148148148,2.97726588339422
31,Octbeta3R,540,0.475925925925926,4.19270735215475
31,5-HT1A,540,0.696296296296296,9.99303134543917
31,5-HT1B,540,0.214814814814815,1.01293993331548
31,5-HT2A,540,0.0555555555555556,0.260370221769115
31,5-HT2B,540,0.107407407407407,0.465163938189305
31,5-HT7,540,0.305555555555556,2.08409892385737
31,HisCl1,540,0.0037037037037037,0.0137750837420861
31,ort,540,0,0
31,VGlut,540,0.15,0.919218903028204
31,Gad1,540,0.0648148148148148,0.357801880721972
31,ChAT,540,0.646296296296296,5.59041472846436
31,ple,540,0.0407407407407407,0.164335537521216
31,SerT,540,0.0037037037037037,0.00711556545101392
31,Tbh,540,0.390740740740741,3.66870848142947
31,Hdc,540,0,0
32,GluClalpha,533,0.983114446529081,24.6873458698782
32,GluRIA,533,0.322701688555347,1.02266812939241
32,GluRIB,533,0.724202626641651,5.10265989981776
32,Nmdar1,533,0.600375234521576,2.57515934247774
32,Nmdar2,533,0.767354596622889,5.11635527465035
32,KaiR1D,533,0.363977485928705,0.983629061323407
32,clumsy,533,0,0
32,Ekar,533,0.101313320825516,0.267257041888447
32,mGluR,533,0.686679174484053,4.44493823404923
32,Rdl,533,1,49.207201838325
32,Lcch3,533,0.322701688555347,0.953915834259354
32,Grd,533,0.0562851782363978,0.215635907780467
32,GABA-B-R1,533,0.76172607879925,3.83300853247936
32,GABA-B-R2,533,0.574108818011257,2.04248607267103
32,GABA-B-R3,533,0.356472795497186,1.39551913619004
32,nAChRalpha1,533,0.926829268292683,11.0654202563421
32,nAChRalpha2,533,0.305816135084428,0.956730069923645
32,nAChRalpha3,533,0.906191369606004,9.17933764192451
32,nAChRalpha4,533,0.938086303939962,16.9211335577299
32,nAChRalpha5,533,0.977485928705441,25.777954730829
32,nAChRalpha6,533,0.986866791744841,35.8393876915137
32,nAChRalpha7,533,0.968105065666041,18.5199419583538
32,nAChRbeta1,533,0.986866791744841,18.654601149999
32,nAChRbeta2,533,0.341463414634146,1.18531897807957
32,nAChRbeta3,533,0,0
32,mAChR-A,533,0.575984990619137,2.596056105362
32,mAChR-B,533,0.317073170731707,1.11467900760891
32,mAChR-C,533,0,0
32,Dop1R1,533,0.641651031894934,4.51435442429165
32,Dop1R2,533,0.377110694183865,1.59600372235615
32,Dop2R,533,0.816135084427767,8.572176160072
32,DopEcR,533,0.836772983114446,6.37567897819399
32,Oamb,533,0.375234521575985,1.55667665089506
32,Octalpha2R,533,0.666041275797373,5.37811134603645
32,Octbeta1R,533,0.25891181988743,1.00266116054662
32,Octbeta2R,533,0.720450281425891,5.37248050943272
32,Octbeta3R,533,0.645403377110694,3.76978673800604
32,5-HT1A,533,0.731707317073171,5.95787122040011
32,5-HT1B,533,0.373358348968105,1.24243575563791
32,5-HT2A,533,0.148217636022514,0.456467892383117
32,5-HT2B,533,0.333958724202627,1.20339547028406
32,5-HT7,533,0.562851782363978,3.31240273949545
32,HisCl1,533,0.0075046904315197,0.0100947599306775
32,ort,533,0.00375234521575985,0.0168449035477567
32,VGlut,533,0.634146341463415,6.45909086758779
32,Gad1,533,0.227016885553471,1.47572544770872
32,ChAT,533,0.772983114446529,5.57174377134785
32,ple,533,0.0450281425891182,0.0969607199837385
32,SerT,533,0.0150093808630394,0.0674815867933256
32,Tbh,533,0.313320825515947,1.18494550981129
32,Hdc,533,0.00187617260787993,0.00544765565586506
33,GluClalpha,519,0.633911368015414,22.1979528371315
33,GluRIA,519,0.0789980732177264,1.47085366038339
33,GluRIB,519,0.186897880539499,4.64387277957046
33,Nmdar1,519,0.138728323699422,2.64606876509929
33,Nmdar2,519,0.258188824662813,5.6271382343635
33,KaiR1D,519,0.0770712909441233,1.54074491577798
33,clumsy,519,0,0
33,Ekar,519,0.0269749518304432,0.503978095241701
33,mGluR,519,0.229287090558767,5.29749846970319
33,Rdl,519,0.880539499036609,46.7180792227723
33,Lcch3,519,0.0578034682080925,1.06521781617042
33,Grd,519,0.00385356454720617,0.054532786203458
33,GABA-B-R1,519,0.204238921001927,3.9998360707738
33,GABA-B-R2,519,0.15606936416185,2.64934350593976
33,GABA-B-R3,519,0.0635838150289017,1.23803846460598
33,nAChRalpha1,519,0.379576107899807,8.72332101595311
33,nAChRalpha2,519,0.0500963391136802,0.971712486219465
33,nAChRalpha3,519,0.304431599229287,8.30476404860015
33,nAChRalpha4,519,0.574181117533719,16.7175739082534
33,nAChRalpha5,519,0.670520231213873,22.561154485745
33,nAChRalpha6,519,0.807321772639692,40.545646576436
33,nAChRalpha7,519,0.483622350674374,12.2808137354255
33,nAChRbeta1,519,0.660886319845857,21.2660281515675
33,nAChRbeta2,519,0.0712909441233141,1.23725212812875
33,nAChRbeta3,519,0,0
33,mAChR-A,519,0.113680154142582,2.09539008031679
33,mAChR-B,519,0.0732177263969172,1.5962339149919
33,mAChR-C,519,0,0
33,Dop1R1,519,0.210019267822736,4.49515625023673
33,Dop1R2,519,0.0346820809248555,0.633586326679376
33,Dop2R,519,0.358381502890173,11.1329409151592
33,DopEcR,519,0.236994219653179,4.92541935541699
33,Oamb,519,0.0886319845857418,1.64884474124957
33,Octalpha2R,519,0.15028901734104,3.26668415411228
33,Octbeta1R,519,0.0385356454720617,0.689010974616211
33,Octbeta2R,519,0.221579961464355,4.99445391814257
33,Octbeta3R,519,0.163776493256262,3.5764342564601
33,5-HT1A,519,0.263969171483622,6.31038612346544
33,5-HT1B,519,0.0578034682080925,0.933923109132124
33,5-HT2A,519,0.023121387283237,0.414161492983134
33,5-HT2B,519,0.0712909441233141,1.58203840828464
33,5-HT7,519,0.119460500963391,2.82754216760968
33,HisCl1,519,0,0
33,ort,519,0,0
33,VGlut,519,0.0481695568400771,1.0586281175222
33,Gad1,519,0.0443159922928709,1.07397652618933
33,ChAT,519,0.289017341040462,6.1950547321284
33,ple,519,0.00770712909441233,0.12649815640599
33,SerT,519,0.00192678227360308,0.0673700095665414
33,Tbh,519,0.0500963391136802,0.978950071949495
33,Hdc,519,0,0
34,GluClalpha,515,0.953398058252427,19.2370585377531
34,GluRIA,515,0.528155339805825,2.49356934900589
34,GluRIB,515,0.757281553398058,6.89756028844903
34,Nmdar1,515,0.553398058252427,2.84285561963702
34,Nmdar2,515,0.58252427184466,3.45945455454852
34,KaiR1D,515,0.349514563106796,1.45786284354496
34,clumsy,515,0.00194174757281553,0.00258211113406321
34,Ekar,515,0.0718446601941748,0.197607425413347
34,mGluR,515,0.695145631067961,4.88164578386762
34,Rdl,515,0.990291262135922,34.1776284261116
34,Lcch3,515,0.176699029126214,0.683014125565156
34,Grd,515,0.0058252427184466,0.02027046612244
34,GABA-B-R1,515,0.615533980582524,3.61389079842801
34,GABA-B-R2,515,0.436893203883495,1.84756869262133
34,GABA-B-R3,515,0.0640776699029126,0.188224805394965
34,nAChRalpha1,515,0.658252427184466,4.8206150073628
34,nAChRalpha2,515,0.106796116504854,0.276747250488284
34,nAChRalpha3,515,0.895145631067961,11.6151957060628
34,nAChRalpha4,515,0.943689320388349,16.2175345837726
34,nAChRalpha5,515,0.941747572815534,20.2079849400833
34,nAChRalpha6,515,0.949514563106796,26.066384836437
34,nAChRalpha7,515,0.784466019417476,9.00685500947102
34,nAChRbeta1,515,0.912621359223301,12.1929496043169
34,nAChRbeta2,515,0.132038834951456,0.481880011196755
34,nAChRbeta3,515,0,0
34,mAChR-A,515,0.306796116504854,1.33262395913756
34,mAChR-B,515,0.106796116504854,0.39242135121257
34,mAChR-C,515,0,0
34,Dop1R1,515,0.664077669902913,5.57518912798463
34,Dop1R2,515,0.332038834951456,1.87942399908473
34,Dop2R,515,0.702912621359223,6.49168970722425
34,DopEcR,515,0.613592233009709,4.02401924025604
34,Oamb,515,0.0854368932038835,0.274650378576352
34,Octalpha2R,515,0.264077669902913,1.75669735174612
34,Octbeta1R,515,0.157281553398058,0.619004319529541
34,Octbeta2R,515,0.530097087378641,3.3390747517084
34,Octbeta3R,515,0.8,10.4046433381166
34,5-HT1A,515,0.285436893203884,2.07540988941165
34,5-HT1B,515,0.213592233009709,0.729786190825087
34,5-HT2A,515,0.0310679611650485,0.119635161829718
34,5-HT2B,515,0.347572815533981,1.87499704379463
34,5-HT7,515,0.0796116504854369,0.286040809717314
34,HisCl1,515,0.00194174757281553,0.00271118063783236
34,ort,515,0,0
34,VGlut,515,0.0951456310679612,0.415549259653725
34,Gad1,515,0.930097087378641,15.5686934663393
34,ChAT,515,0.21747572815534,0.968558462423425
34,ple,515,0.0058252427184466,0.0145832109307713
34,SerT,515,0.00388349514563107,0.0115032177063285
34,Tbh,515,0.0854368932038835,0.328978371118734
34,Hdc,515,0,0
36,GluClalpha,501,0.546906187624751,21.1833596864916
36,GluRIA,501,0.0419161676646707,1.05930863202089
36,GluRIB,501,0.143712574850299,3.95482166320544
36,Nmdar1,501,0.127744510978044,3.1220531336944
36,Nmdar2,501,0.153692614770459,4.47067004417935
36,KaiR1D,501,0.0399201596806387,1.09288370835786
36,clumsy,501,0,0
36,Ekar,501,0.00399201596806387,0.0822709490910034
36,mGluR,501,0.169660678642715,4.82813564950258
36,Rdl,501,0.778443113772455,42.7328314529655
36,Lcch3,501,0.0359281437125749,0.862545828539441
36,Grd,501,0.0279441117764471,0.581161279890812
36,GABA-B-R1,501,0.125748502994012,3.50993012701907
36,GABA-B-R2,501,0.127744510978044,3.10774350319671
36,GABA-B-R3,501,0.0558882235528942,1.46767154404337
36,nAChRalpha1,501,0.335329341317365,10.5138048844716
36,nAChRalpha2,501,0.0518962075848303,1.28690711056484
36,nAChRalpha3,501,0.291417165668663,8.81454085729004
36,nAChRalpha4,501,0.522954091816367,18.9957921712753
36,nAChRalpha5,501,0.594810379241517,24.4635724778152
36,nAChRalpha6,501,0.686626746506986,34.7864989856014
36,nAChRalpha7,501,0.373253493013972,12.1639901859198
36,nAChRbeta1,501,0.502994011976048,18.6507170816104
36,nAChRbeta2,501,0.029940119760479,0.697348854337772
36,nAChRbeta3,501,0,0
36,mAChR-A,501,0.0898203592814371,2.16952879329388
36,mAChR-B,501,0.0558882235528942,1.61433771674479
36,mAChR-C,501,0,0
36,Dop1R1,501,0.12375249500998,3.76434914216763
36,Dop1R2,501,0.0558882235528942,1.43669924117898
36,Dop2R,501,0.335329341317365,13.0598915776056
36,DopEcR,501,0.18562874251497,5.19833770303226
36,Oamb,501,0.0518962075848303,1.31763686840673
36,Octalpha2R,501,0.125748502994012,3.80324823730524
36,Octbeta1R,501,0.031936127744511,0.850699884444603
36,Octbeta2R,501,0.211576846307385,6.34537343066293
36,Octbeta3R,501,0.173652694610778,4.40147605174792
36,5-HT1A,501,0.213572854291417,6.32340446573431
36,5-HT1B,501,0.0419161676646707,0.925865220909363
36,5-HT2A,501,0.0239520958083832,0.697326763555601
36,5-HT2B,501,0.029940119760479,0.730971479460182
36,5-HT7,501,0.145708582834331,3.9029896721844
36,HisCl1,501,0,0
36,ort,501,0,0
36,VGlut,501,0.225548902195609,7.4235584220257
36,Gad1,501,0.0279441117764471,0.800414942317774
36,ChAT,501,0.205588822355289,5.48536708198313
36,ple,501,0.00598802395209581,0.126796957844819
36,SerT,501,0,0
36,Tbh,501,0.029940119760479,0.697019823208234
36,Hdc,501,0,0
38,GluClalpha,476,0.739495798319328,20.1139160099702
38,GluRIA,476,0.121848739495798,1.02764361327423
38,GluRIB,476,0.296218487394958,4.50743779204663
38,Nmdar1,476,0.0945378151260504,0.685867031474329
38,Nmdar2,476,0.235294117647059,2.7573569113565
38,KaiR1D,476,0.107142857142857,0.809296016926343
38,clumsy,476,0,0
38,Ekar,476,0.023109243697479,0.176305961325544
38,mGluR,476,0.571428571428571,9.13183988163914
38,Rdl,476,0.894957983193277,36.0123930435201
38,Lcch3,476,0.092436974789916,0.918940383284508
38,Grd,476,0.172268907563025,1.9511962285459
38,GABA-B-R1,476,0.315126050420168,3.6295250580462
38,GABA-B-R2,476,0.19327731092437,1.76508139008668
38,GABA-B-R3,476,0.176470588235294,2.13481073363337
38,nAChRalpha1,476,0.457983193277311,6.01439278568293
38,nAChRalpha2,476,0.0672268907563025,0.573873094817952
38,nAChRalpha3,476,0.313025210084034,3.38324258058527
38,nAChRalpha4,476,0.71218487394958,16.6638446784849
38,nAChRalpha5,476,0.75,18.2923767684039
38,nAChRalpha6,476,0.934873949579832,61.6057272353054
38,nAChRalpha7,476,0.493697478991597,7.86992358780411
38,nAChRbeta1,476,0.634453781512605,10.7044159816249
38,nAChRbeta2,476,0.100840336134454,0.735875205447191
38,nAChRbeta3,476,0,0
38,mAChR-A,476,0.182773109243697,1.5999773599427
38,mAChR-B,476,0.357142857142857,5.14514851202405
38,mAChR-C,476,0,0
38,Dop1R1,476,0.584033613445378,11.9051059715556
38,Dop1R2,476,0.140756302521008,2.00712651954638
38,Dop2R,476,0.352941176470588,5.89445822718281
38,DopEcR,476,0.586134453781513,9.72748666746514
38,Oamb,476,0.264705882352941,3.34754872260525
38,Octalpha2R,476,0.201680672268908,2.27500178892723
38,Octbeta1R,476,0.107142857142857,0.867921497316018
38,Octbeta2R,476,0.186974789915966,2.34556608750142
38,Octbeta3R,476,0.216386554621849,2.30269586544996
38,5-HT1A,476,0.178571428571429,3.01326907566982
38,5-HT1B,476,0.0420168067226891,0.318899088441484
38,5-HT2A,476,0.0336134453781513,0.374508380219555
38,5-HT2B,476,0.109243697478992,1.16901455804963
38,5-HT7,476,0.205882352941176,2.77587921063695
38,HisCl1,476,0,0
38,ort,476,0,0
38,VGlut,476,0.109243697478992,1.07373522350868
38,Gad1,476,0.046218487394958,0.498776248123173
38,ChAT,476,0.493697478991597,7.25827962707622
38,ple,476,0.0126050420168067,0.0737357666736967
38,SerT,476,0.00420168067226891,0.0791365012869639
38,Tbh,476,0.0441176470588235,0.363549959410152
38,Hdc,476,0,0
39,GluClalpha,451,0.975609756097561,20.9360213353895
39,GluRIA,451,0.11529933481153,0.461583183380606
39,GluRIB,451,0.399113082039911,2.24967250374626
39,Nmdar1,451,0.560975609756098,2.99709567071748
39,Nmdar2,451,0.687361419068736,4.79862260575877
39,KaiR1D,451,0.283813747228381,1.05220041889071
39,clumsy,451,0,0
39,Ekar,451,0.0221729490022173,0.0383828393710052
39,mGluR,451,0.501108647450111,3.82012197471995
39,Rdl,451,1,53.8318254739231
39,Lcch3,451,0.237250554323725,0.867036335736298
39,Grd,451,0.0110864745011087,0.0562685273800133
39,GABA-B-R1,451,0.643015521064302,3.36435126223255
39,GABA-B-R2,451,0.419068736141907,1.77159010969432
39,GABA-B-R3,451,0.219512195121951,0.927536709522842
39,nAChRalpha1,451,0.831485587583149,8.05161799123341
39,nAChRalpha2,451,0.206208425720621,0.649824879725526
39,nAChRalpha3,451,0.875831485587583,10.3453364479809
39,nAChRalpha4,451,0.962305986696231,16.9520125654923
39,nAChRalpha5,451,0.962305986696231,20.6363633186072
39,nAChRalpha6,451,0.962305986696231,28.6738099599855
39,nAChRalpha7,451,0.904656319290466,14.2299201010535
39,nAChRbeta1,451,0.975609756097561,18.0300288998962
39,nAChRbeta2,451,0.215077605321508,0.747827756504099
39,nAChRbeta3,451,0,0
39,mAChR-A,451,0.436807095343681,1.98600580349815
39,mAChR-B,451,0.226164079822616,1.01834028047733
39,mAChR-C,451,0,0
39,Dop1R1,451,0.587583148558758,3.56289842140532
39,Dop1R2,451,0.337028824833703,2.44649068017708
39,Dop2R,451,0.503325942350333,3.93410650739469
39,DopEcR,451,0.727272727272727,5.12612051089977
39,Oamb,451,0.188470066518847,0.969330270077452
39,Octalpha2R,451,0.547671840354767,4.62200890573746
39,Octbeta1R,451,0.0931263858093126,0.352646929785493
39,Octbeta2R,451,0.623059866962306,5.25894582525857
39,Octbeta3R,451,0.580931263858093,3.65402558358257
39,5-HT1A,451,0.556541019955654,6.42105644517655
39,5-HT1B,451,0.332594235033259,1.25313903283527
39,5-HT2A,451,0.0554323725055432,0.222377092103291
39,5-HT2B,451,0.221729490022173,0.723594123306954
39,5-HT7,451,0.503325942350333,3.15513684974614
39,HisCl1,451,0.00886917960088692,0.0270797320261304
39,ort,451,0.00221729490022173,0.00725554613946901
39,VGlut,451,0.920177383592018,15.255173898926
39,Gad1,451,0.135254988913526,0.602825079439085
39,ChAT,451,0.536585365853659,3.36780607983115
39,ple,451,0.0665188470066519,0.427100211066073
39,SerT,451,0.00221729490022173,0.0043587475923368
39,Tbh,451,0.34589800443459,1.80702944215758
39,Hdc,451,0,0
40,GluClalpha,447,0.854586129753915,10.7507399898032
40,GluRIA,447,0.543624161073826,3.62811329620028
40,GluRIB,447,0.876957494407159,14.2096458815992
40,Nmdar1,447,0.357941834451902,1.63141031654072
40,Nmdar2,447,0.642058165548098,5.399674568742
40,KaiR1D,447,0.310961968680089,1.37612090615726
40,clumsy,447,0,0
40,Ekar,447,0.029082774049217,0.0599063645206486
40,mGluR,447,0.0648769574944072,0.216892564326026
40,Rdl,447,0.970917225950783,30.2172939406602
40,Lcch3,447,0.0984340044742729,0.50890028448767
40,Grd,447,0.223713646532438,1.20620920591662
40,GABA-B-R1,447,0.525727069351231,3.18891071831151
40,GABA-B-R2,447,0.431767337807606,2.03631626500291
40,GABA-B-R3,447,0.0246085011185682,0.0649927892984771
40,nAChRalpha1,447,0.400447427293065,2.13919610459973
40,nAChRalpha2,447,0.0604026845637584,0.204874331216551
40,nAChRalpha3,447,0.315436241610738,1.31072491301498
40,nAChRalpha4,447,0.823266219239374,11.2884319007853
40,nAChRalpha5,447,0.94407158836689,22.3205046151822
40,nAChRalpha6,447,0.92841163310962,24.6176649222728
40,nAChRalpha7,447,0.425055928411633,3.19755504588439
40,nAChRbeta1,447,0.534675615212528,3.50071812721143
40,nAChRbeta2,447,0.19910514541387,0.820407627213283
40,nAChRbeta3,447,0,0
40,mAChR-A,447,0.187919463087248,1.01103148110854
40,mAChR-B,447,0.543624161073826,3.94064931524767
40,mAChR-C,447,0,0
40,Dop1R1,447,0.845637583892617,22.7646231787025
40,Dop1R2,447,0.351230425055928,2.4692658657117
40,Dop2R,447,0.941834451901566,22.4798205005707
40,DopEcR,447,0.228187919463087,1.21429958588246
40,Oamb,447,0.0492170022371365,0.143471627631635
40,Octalpha2R,447,0.111856823266219,0.404760531316943
40,Octbeta1R,447,0.843400447427293,12.1968025441367
40,Octbeta2R,447,0.0984340044742729,0.487490647944826
40,Octbeta3R,447,0.816554809843401,10.9998936256161
40,5-HT1A,447,0.10738255033557,0.563028452436175
40,5-HT1B,447,0.0111856823266219,0.0352287103613774
40,5-HT2A,447,0.675615212527964,7.42152045438048
40,5-HT2B,447,0.0939597315436242,0.603330941762431
40,5-HT7,447,0.431767337807606,3.00306236359139
40,HisCl1,447,0.00223713646532438,0.00386847045707139
40,ort,447,0,0
40,VGlut,447,0.854586129753915,13.8259818655062
40,Gad1,447,0.0894854586129754,0.332683571995549
40,ChAT,447,0.387024608501119,2.1810071106356
40,ple,447,0.0156599552572707,0.0373648478068373
40,SerT,447,0.0111856823266219,0.0333207607709838
40,Tbh,447,0.0648769574944072,0.266718200076193
40,Hdc,447,0,0
41,GluClalpha,446,0.923766816143498,24.5187127685965
41,GluRIA,446,0.242152466367713,1.44114078646007
41,GluRIB,446,0.630044843049327,7.89952409072626
41,Nmdar1,446,0.403587443946188,2.3782984191
41,Nmdar2,446,0.623318385650224,5.22681094483253
41,KaiR1D,446,0.228699551569507,1.12354595140641
41,clumsy,446,0,0
41,Ekar,446,0.0224215246636771,0.0828002496549964
41,mGluR,446,0.52914798206278,5.33083690733201
41,Rdl,446,1,49.4908955092418
41,Lcch3,446,0.278026905829596,1.71888409166972
41,Grd,446,0.0224215246636771,0.130229593782036
41,GABA-B-R1,446,0.54932735426009,3.97062353008899
41,GABA-B-R2,446,0.376681614349776,2.224344369648
41,GABA-B-R3,446,0.219730941704036,1.40895043803041
41,nAChRalpha1,446,0.800448430493274,10.9652830158065
41,nAChRalpha2,446,0.174887892376682,0.912678183308231
41,nAChRalpha3,446,0.746636771300449,9.62014858422393
41,nAChRalpha4,446,0.84304932735426,16.5644040258943
41,nAChRalpha5,446,0.95067264573991,23.8099618008212
41,nAChRalpha6,446,0.943946188340807,39.5324293676676
41,nAChRalpha7,446,0.926008968609865,21.8988298382817
41,nAChRbeta1,446,0.952914798206278,21.2824139163865
41,nAChRbeta2,446,0.255605381165919,1.65017388092714
41,nAChRbeta3,446,0,0
41,mAChR-A,446,0.437219730941704,2.79631070199634
41,mAChR-B,446,0.159192825112108,0.970138257874379
41,mAChR-C,446,0,0
41,Dop1R1,446,0.526905829596413,4.79633880966308
41,Dop1R2,446,0.255605381165919,1.50570297394835
41,Dop2R,446,0.547085201793722,7.07966425115549
41,DopEcR,446,0.717488789237668,7.58048976349149
41,Oamb,446,0.246636771300448,1.65570591299025
41,Octalpha2R,446,0.591928251121076,6.48894211309
41,Octbeta1R,446,0.228699551569507,1.70614465763144
41,Octbeta2R,446,0.475336322869955,5.07285358084744
41,Octbeta3R,446,0.430493273542601,3.15241652266601
41,5-HT1A,446,0.54932735426009,5.89715590438085
41,5-HT1B,446,0.208520179372197,1.16557245702658
41,5-HT2A,446,0.141255605381166,0.899024446173678
41,5-HT2B,446,0.242152466367713,1.48806321843762
41,5-HT7,446,0.39237668161435,3.0322281439968
41,HisCl1,446,0.00672645739910314,0.0275915667755227
41,ort,446,0.00672645739910314,0.0814274985587305
41,VGlut,446,0.486547085201794,8.70187970743423
41,Gad1,446,0.464125560538117,9.77133909369992
41,ChAT,446,0.560538116591928,5.32862556428112
41,ple,446,0.0224215246636771,0.115170582326999
41,SerT,446,0.0134529147982063,0.0641792092756819
41,Tbh,446,0.170403587443946,1.10669379271137
41,Hdc,446,0.00224215246636771,0.0225795817358279
42,GluClalpha,430,0.916279069767442,22.1734189965785
42,GluRIA,430,0.262790697674419,1.36345623344436
42,GluRIB,430,0.616279069767442,6.49358353218025
42,Nmdar1,430,0.451162790697674,2.89838498547712
42,Nmdar2,430,0.655813953488372,6.03613472905279
42,KaiR1D,430,0.22093023255814,0.975528704430026
42,clumsy,430,0,0
42,Ekar,430,0.0372093023255814,0.141580675667875
42,mGluR,430,0.288372093023256,2.96936797880772
42,Rdl,430,0.976744186046512,43.4205027491114
42,Lcch3,430,0.158139534883721,0.818525578046022
42,Grd,430,0.0162790697674419,0.101174213651985
42,GABA-B-R1,430,0.572093023255814,4.04798944978925
42,GABA-B-R2,430,0.390697674418605,2.36952515461958
42,GABA-B-R3,430,0.188372093023256,0.929912202079058
42,nAChRalpha1,430,0.82093023255814,12.2301658661476
42,nAChRalpha2,430,0.167441860465116,0.932759476318525
42,nAChRalpha3,430,0.67906976744186,8.36692106936579
42,nAChRalpha4,430,0.904651162790698,17.3554424292672
42,nAChRalpha5,430,0.923255813953488,23.691839587313
42,nAChRalpha6,430,0.967441860465116,33.2826213637869
42,nAChRalpha7,430,0.87906976744186,16.0057202841235
42,nAChRbeta1,430,0.9,16.4892600555841
42,nAChRbeta2,430,0.230232558139535,1.10311268639013
42,nAChRbeta3,430,0,0
42,mAChR-A,430,0.341860465116279,2.00906642976498
42,mAChR-B,430,0.188372093023256,1.37653571089208
42,mAChR-C,430,0,0
42,Dop1R1,430,0.483720930232558,4.52487663454642
42,Dop1R2,430,0.2,1.20181725543459
42,Dop2R,430,0.590697674418605,7.632862657825
42,DopEcR,430,0.56046511627907,4.55220145567156
42,Oamb,430,0.17906976744186,1.04467134505076
42,Octalpha2R,430,0.441860465116279,4.34867686012561
42,Octbeta1R,430,0.0744186046511628,0.238073208957872
42,Octbeta2R,430,0.534883720930233,5.23115533281133
42,Octbeta3R,430,0.388372093023256,3.25579493696025
42,5-HT1A,430,0.630232558139535,9.76211588356573
42,5-HT1B,430,0.253488372093023,1.34829938298998
42,5-HT2A,430,0.0953488372093023,0.42168299924764
42,5-HT2B,430,0.172093023255814,1.07457397430647
42,5-HT7,430,0.451162790697674,4.23597252925648
42,HisCl1,430,0.00697674418604651,0.0243250991456349
42,ort,430,0.00232558139534884,0.0301241113387155
42,VGlut,430,0.104651162790698,0.955243752645996
42,Gad1,430,0.0813953488372093,0.597478889312215
42,ChAT,430,0.669767441860465,6.10106392180678
42,ple,430,0.0186046511627907,0.0546120363519347
42,SerT,430,0,0
42,Tbh,430,0.111627906976744,0.789511507843516
42,Hdc,430,0,0
43,GluClalpha,423,0.787234042553192,26.0375246202641
43,GluRIA,423,0.0212765957446809,0.273561708165203
43,GluRIB,423,0.0851063829787234,1.12567841541375
43,Nmdar1,423,0.174940898345154,2.33454178670563
43,Nmdar2,423,0.222222222222222,2.89768056355755
43,KaiR1D,423,0.0851063829787234,1.03911997122966
43,clumsy,423,0,0
43,Ekar,423,0.00472813238770686,0.0663604915852237
43,mGluR,423,0.198581560283688,3.19223997179783
43,Rdl,423,0.884160756501182,38.5493719003282
43,Lcch3,423,0.0543735224586288,0.643723444916838
43,Grd,423,0.016548463356974,0.229491794629583
43,GABA-B-R1,423,0.321513002364066,4.33460542352373
43,GABA-B-R2,423,0.217494089834515,2.73332610898612
43,GABA-B-R3,423,0.0520094562647754,0.839924009239245
43,nAChRalpha1,423,0.453900709219858,7.85258875018246
43,nAChRalpha2,423,0.0756501182033097,1.08320239929865
43,nAChRalpha3,423,0.449172576832151,8.35032690589779
43,nAChRalpha4,423,0.624113475177305,14.0740540036399
43,nAChRalpha5,423,0.780141843971631,24.4102975209428
43,nAChRalpha6,423,0.947990543735225,55.5268333991044
43,nAChRalpha7,423,0.354609929078014,6.70518264656766
43,nAChRbeta1,423,0.6548463356974,16.9261508403174
43,nAChRbeta2,423,0.0945626477541371,0.979023610975692
43,nAChRbeta3,423,0,0
43,mAChR-A,423,0.0780141843971631,1.03955477914504
43,mAChR-B,423,0.134751773049645,1.86770036334822
43,mAChR-C,423,0,0
43,Dop1R1,423,0.425531914893617,7.85388644798045
43,Dop1R2,423,0.125295508274232,2.32264416030004
43,Dop2R,423,0.371158392434988,7.28153123593795
43,DopEcR,423,0.262411347517731,3.47570576669139
43,Oamb,423,0.0591016548463357,0.767122111108125
43,Octalpha2R,423,0.177304964539007,2.46832761602397
43,Octbeta1R,423,0.099290780141844,1.12152955676763
43,Octbeta2R,423,0.177304964539007,2.61416696774873
43,Octbeta3R,423,0.15839243498818,2.07748604642553
43,5-HT1A,423,0.508274231678487,12.6932684018804
43,5-HT1B,423,0.0921985815602837,1.17986756464026
43,5-HT2A,423,0.108747044917258,1.57122569337218
43,5-HT2B,423,0.099290780141844,1.67704130439555
43,5-HT7,423,0.264775413711584,3.97078210190878
43,HisCl1,423,0,0
43,ort,423,0,0
43,VGlut,423,0.0614657210401891,1.02167206257847
43,Gad1,423,0.0354609929078014,0.452248258405563
43,ChAT,423,0.373522458628842,5.68365884796559
43,ple,423,0.00945626477541371,0.063930050856969
43,SerT,423,0.00945626477541371,0.103208118052238
43,Tbh,423,0.0732860520094563,1.00099429904049
43,Hdc,423,0,0
45,GluClalpha,417,0.717026378896883,25.9450666733484
45,GluRIA,417,0.0911270983213429,1.42011730815099
45,GluRIB,417,0.292565947242206,5.28925787334917
45,Nmdar1,417,0.179856115107914,2.63203529843058
45,Nmdar2,417,0.302158273381295,5.25340310355671
45,KaiR1D,417,0.0839328537170264,1.44287238874088
45,clumsy,417,0.00239808153477218,0.0121730027145796
45,Ekar,417,0.0215827338129496,0.212395658325181
45,mGluR,417,0.278177458033573,5.17105231638055
45,Rdl,417,0.834532374100719,42.7203227459461
45,Lcch3,417,0.0503597122302158,0.611599747398956
45,Grd,417,0.00479616306954436,0.0429480299377416
45,GABA-B-R1,417,0.211031175059952,3.38008707201608
45,GABA-B-R2,417,0.124700239808153,1.85699399588726
45,GABA-B-R3,417,0.0983213429256595,1.37651354929456
45,nAChRalpha1,417,0.407673860911271,8.7143764631497
45,nAChRalpha2,417,0.0431654676258993,0.635469858781557
45,nAChRalpha3,417,0.429256594724221,8.94324531694416
45,nAChRalpha4,417,0.611510791366906,16.7744849228011
45,nAChRalpha5,417,0.726618705035971,26.1732089483775
45,nAChRalpha6,417,0.712230215827338,27.1978274593955
45,nAChRalpha7,417,0.573141486810552,16.8139379598031
45,nAChRbeta1,417,0.616306954436451,16.514427064427
45,nAChRbeta2,417,0.0743405275779377,0.89530381108965
45,nAChRbeta3,417,0,0
45,mAChR-A,417,0.143884892086331,2.16483764731736
45,mAChR-B,417,0.0839328537170264,1.38851887189743
45,mAChR-C,417,0,0
45,Dop1R1,417,0.247002398081535,5.04094451457178
45,Dop1R2,417,0.122302158273381,1.70688668307716
45,Dop2R,417,0.383693045563549,9.53997830255662
45,DopEcR,417,0.34052757793765,6.56400131419646
45,Oamb,417,0.0743405275779377,1.17941806706446
45,Octalpha2R,417,0.249400479616307,4.89585575696598
45,Octbeta1R,417,0.0455635491606715,0.823484320005836
45,Octbeta2R,417,0.273381294964029,5.34481214228723
45,Octbeta3R,417,0.275779376498801,4.62027462109151
45,5-HT1A,417,0.268585131894484,6.06481656598741
45,5-HT1B,417,0.0815347721822542,1.12692378745059
45,5-HT2A,417,0.0191846522781775,0.474326140269507
45,5-HT2B,417,0.0599520383693046,1.12910920115469
45,5-HT7,417,0.15347721822542,2.6293355384845
45,HisCl1,417,0.00239808153477218,0.018347984198716
45,ort,417,0,0
45,VGlut,417,0.0719424460431655,1.34825642806688
45,Gad1,417,0.62589928057554,17.1470666520934
45,ChAT,417,0.148681055155875,2.94167685123057
45,ple,417,0.00959232613908873,0.128760521911496
45,SerT,417,0.00959232613908873,0.0687314636058183
45,Tbh,417,0.0311750599520384,0.42214071747011
45,Hdc,417,0,0
46,GluClalpha,413,0.978208232445521,22.3615990592443
46,GluRIA,413,0.368038740920097,1.030072919078
46,GluRIB,413,0.726392251815981,4.13580526434671
46,Nmdar1,413,0.532687651331719,1.80456256253902
46,Nmdar2,413,0.774818401937046,3.87754377780588
46,KaiR1D,413,0.430992736077482,1.02407821399951
46,clumsy,413,0.00484261501210654,0.00472751185050161
46,Ekar,413,0.138014527845036,0.247295748681453
46,mGluR,413,0.869249394673124,6.19073650937352
46,Rdl,413,1,40.3174991803676
46,Lcch3,413,0.36319612590799,0.941327615160897
46,Grd,413,0.11138014527845,0.312799782473775
46,GABA-B-R1,413,0.796610169491525,3.55819607277067
46,GABA-B-R2,413,0.677966101694915,2.33240815335314
46,GABA-B-R3,413,0.421307506053269,1.54767041760066
46,nAChRalpha1,413,0.883777239709443,6.8928817562636
46,nAChRalpha2,413,0.25181598062954,0.521922105207366
46,nAChRalpha3,413,0.861985472154964,5.86442870330304
46,nAChRalpha4,413,0.980629539951574,16.3258529026345
46,nAChRalpha5,413,0.995157384987893,23.669743051444
46,nAChRalpha6,413,0.997578692493947,49.9876593048988
46,nAChRalpha7,413,0.949152542372881,10.2358016889361
46,nAChRbeta1,413,0.983050847457627,13.3544553487066
46,nAChRbeta2,413,0.343825665859564,0.787725993682685
46,nAChRbeta3,413,0,0
46,mAChR-A,413,0.658595641646489,2.3093922563998
46,mAChR-B,413,0.537530266343826,2.87906679484423
46,mAChR-C,413,0,0
46,Dop1R1,413,0.878934624697337,7.90031467857084
46,Dop1R2,413,0.542372881355932,2.02578930954528
46,Dop2R,413,0.917675544794189,10.3830023075357
46,DopEcR,413,0.871670702179177,5.69912023682827
46,Oamb,413,0.590799031476998,2.63748385438084
46,Octalpha2R,413,0.702179176755448,4.44317057065329
46,Octbeta1R,413,0.36319612590799,1.11401195771879
46,Octbeta2R,413,0.757869249394673,4.50122256933878
46,Octbeta3R,413,0.707021791767555,3.3727875875725
46,5-HT1A,413,0.7409200968523,5.30263858122883
46,5-HT1B,413,0.358353510895884,0.880011758576776
46,5-HT2A,413,0.256658595641647,0.664664182560651
46,5-HT2B,413,0.472154963680387,1.61929058395156
46,5-HT7,413,0.685230024213075,3.39210616286805
46,HisCl1,413,0.00484261501210654,0.00872757790756723
46,ort,413,0.00726392251815981,0.0159229729374313
46,VGlut,413,0.48910411622276,3.27898989328124
46,Gad1,413,0.336561743341404,2.27511810341892
46,ChAT,413,0.876513317191283,5.0921125099863
46,ple,413,0.0556900726392252,0.0986150293246946
46,SerT,413,0.0193704600484262,0.0534956286650352
46,Tbh,413,0.37046004842615,1.16822434362859
46,Hdc,413,0.00484261501210654,0.0128677864648761
47,GluClalpha,412,0.900485436893204,13.9503829688056
47,GluRIA,412,0.356796116504854,1.84548659038365
47,GluRIB,412,0.686893203883495,5.88525211083286
47,Nmdar1,412,0.512135922330097,2.60986260982546
47,Nmdar2,412,0.735436893203884,6.22956355388703
47,KaiR1D,412,0.303398058252427,1.16904434699479
47,clumsy,412,0,0
47,Ekar,412,0.0509708737864078,0.143518801354376
47,mGluR,412,0.41504854368932,3.37390169799432
47,Rdl,412,0.997572815533981,45.7597066182385
47,Lcch3,412,0.196601941747573,0.703679265640361
47,Grd,412,0.0194174757281553,0.0980003520438985
47,GABA-B-R1,412,0.614077669902913,3.79799336431924
47,GABA-B-R2,412,0.422330097087379,1.84452628429465
47,GABA-B-R3,412,0.245145631067961,1.19625419592556
47,nAChRalpha1,412,0.881067961165049,11.0534015757381
47,nAChRalpha2,412,0.230582524271845,0.911237595692445
47,nAChRalpha3,412,0.713592233009709,6.63104196203779
47,nAChRalpha4,412,0.932038834951456,15.1275451967975
47,nAChRalpha5,412,0.968446601941748,24.5704229185789
47,nAChRalpha6,412,0.983009708737864,37.2186122894359
47,nAChRalpha7,412,0.774271844660194,8.71002489213482
47,nAChRbeta1,412,0.934466019417476,12.330186029335
47,nAChRbeta2,412,0.25,1.05104868571522
47,nAChRbeta3,412,0,0
47,mAChR-A,412,0.470873786407767,2.4775436119571
47,mAChR-B,412,0.274271844660194,1.6044171302096
47,mAChR-C,412,0.00242718446601942,0.00515107059851319
47,Dop1R1,412,0.514563106796117,4.11635414957189
47,Dop1R2,412,0.519417475728155,4.13423588008171
47,Dop2R,412,0.643203883495146,6.98323068303964
47,DopEcR,412,0.618932038834951,3.97262877407864
47,Oamb,412,0.529126213592233,3.42709410660868
47,Octalpha2R,412,0.560679611650485,6.17548618739718
47,Octbeta1R,412,0.402912621359223,2.36066067688469
47,Octbeta2R,412,0.798543689320388,10.1219678248099
47,Octbeta3R,412,0.601941747572815,5.02036723347412
47,5-HT1A,412,0.5,4.06703008893687
47,5-HT1B,412,0.196601941747573,0.709315390738318
47,5-HT2A,412,0.0533980582524272,0.197184380142224
47,5-HT2B,412,0.432038834951456,3.10756599347479
47,5-HT7,412,0.679611650485437,5.28233402737694
47,HisCl1,412,0.00485436893203884,0.0114418776983882
47,ort,412,0.00485436893203884,0.0320446464554267
47,VGlut,412,0.160194174757282,0.759247078946725
47,Gad1,412,0.0679611650485437,0.334695189116513
47,ChAT,412,0.713592233009709,5.32706849268231
47,ple,412,0.0412621359223301,0.123946015411595
47,SerT,412,0.0121359223300971,0.0643587739302483
47,Tbh,412,0.138349514563107,0.717466016572151
47,Hdc,412,0,0
48,GluClalpha,412,0.995145631067961,31.9010823931396
48,GluRIA,412,0.388349514563107,1.05449868534224
48,GluRIB,412,0.762135922330097,5.51681822089976
48,Nmdar1,412,0.679611650485437,2.68269784457945
48,Nmdar2,412,0.854368932038835,5.39990754195751
48,KaiR1D,412,0.424757281553398,0.986491428330561
48,clumsy,412,0.00485436893203884,0.00467026119785435
48,Ekar,412,0.111650485436893,0.273389586569907
48,mGluR,412,0.655339805825243,4.13199767683757
48,Rdl,412,0.992718446601942,57.9500360247413
48,Lcch3,412,0.349514563106796,0.860738677854121
48,Grd,412,0.0533980582524272,0.111439362418074
48,GABA-B-R1,412,0.83495145631068,4.56464828431101
48,GABA-B-R2,412,0.58495145631068,1.63844586892216
48,GABA-B-R3,412,0.317961165048544,1.02937279218131
48,nAChRalpha1,412,0.944174757281553,9.72700121731869
48,nAChRalpha2,412,0.381067961165049,0.884146642888328
48,nAChRalpha3,412,0.953883495145631,13.158795787101
48,nAChRalpha4,412,0.985436893203883,22.327927460943
48,nAChRalpha5,412,0.983009708737864,30.5195329334408
48,nAChRalpha6,412,0.949029126213592,25.7162997076996
48,nAChRalpha7,412,0.975728155339806,30.0106288863365
48,nAChRbeta1,412,0.995145631067961,24.0210603250894
48,nAChRbeta2,412,0.485436893203884,1.59019517645982
48,nAChRbeta3,412,0.00242718446601942,0.00981473702393618
48,mAChR-A,412,0.674757281553398,2.50137774469148
48,mAChR-B,412,0.313106796116505,1.13173552307246
48,mAChR-C,412,0,0
48,Dop1R1,412,0.638349514563107,3.43489094732502
48,Dop1R2,412,0.427184466019417,1.80542927468992
48,Dop2R,412,0.825242718446602,7.46461079319654
48,DopEcR,412,0.902912621359223,8.20378548663323
48,Oamb,412,0.466019417475728,1.81001777354416
48,Octalpha2R,412,0.703883495145631,6.67513762464046
48,Octbeta1R,412,0.424757281553398,1.55889154369324
48,Octbeta2R,412,0.720873786407767,5.33260557569542
48,Octbeta3R,412,0.786407766990291,4.83333786104874
48,5-HT1A,412,0.66747572815534,4.22202936154903
48,5-HT1B,412,0.390776699029126,1.0407680958579
48,5-HT2A,412,0.162621359223301,0.401616040076949
48,5-HT2B,412,0.400485436893204,1.8926258474896
48,5-HT7,412,0.570388349514563,2.93229523843474
48,HisCl1,412,0.0121359223300971,0.0175760477825192
48,ort,412,0.0339805825242718,0.286748255452288
48,VGlut,412,0.524271844660194,3.87894733575807
48,Gad1,412,0.354368932038835,2.75298073548398
48,ChAT,412,0.815533980582524,5.25441024399087
48,ple,412,0.0728155339805825,0.210483571192965
48,SerT,412,0.0169902912621359,0.0405989203333687
48,Tbh,412,0.361650485436893,1.30142841316479
48,Hdc,412,0.00728155339805825,0.0104939344655456
49,GluClalpha,412,0.526699029126214,6.80443864200845
49,GluRIA,412,0.0266990291262136,0.0996092198507673
49,GluRIB,412,0.0849514563106796,0.42184656137732
49,Nmdar1,412,0.109223300970874,0.740493822192473
49,Nmdar2,412,0.235436893203884,1.73106526723337
49,KaiR1D,412,0.138349514563107,0.767405657487527
49,clumsy,412,0,0
49,Ekar,412,0.0315533980582524,0.13360349881987
49,mGluR,412,0.0946601941747573,0.585291139471645
49,Rdl,412,0.941747572815534,41.1310425162409
49,Lcch3,412,0.174757281553398,1.04012037358124
49,Grd,412,0.00728155339805825,0.0677513325528456
49,GABA-B-R1,412,0.405339805825243,3.38241160803325
49,GABA-B-R2,412,0.235436893203884,1.09469135407798
49,GABA-B-R3,412,0.0485436893203884,0.372145095149488
49,nAChRalpha1,412,0.182038834951456,1.24553270208203
49,nAChRalpha2,412,0.029126213592233,0.130305349008623
49,nAChRalpha3,412,0.228155339805825,2.22159226004824
49,nAChRalpha4,412,0.844660194174757,17.6179704331659
49,nAChRalpha5,412,0.769417475728155,13.1976033229674
49,nAChRalpha6,412,0.919902912621359,73.557686394234
49,nAChRalpha7,412,0.745145631067961,14.7745081074544
49,nAChRbeta1,412,0.733009708737864,11.1888509220047
49,nAChRbeta2,412,0.0728155339805825,0.327639994014804
49,nAChRbeta3,412,0,0
49,mAChR-A,412,0.20873786407767,1.43637117617107
49,mAChR-B,412,0.0800970873786408,0.386389785854141
49,mAChR-C,412,0,0
49,Dop1R1,412,0.131067961165049,0.758871691284297
49,Dop1R2,412,0.0606796116504854,0.327013476172099
49,Dop2R,412,0.213592233009709,2.09636570951903
49,DopEcR,412,0.548543689320388,4.61545950307353
49,Oamb,412,0.0485436893203884,0.281964563140374
49,Octalpha2R,412,0.148058252427184,1.34447305645017
49,Octbeta1R,412,0.220873786407767,1.62536696801289
49,Octbeta2R,412,0.87378640776699,25.3487141488035
49,Octbeta3R,412,0.194174757281553,1.1605276254431
49,5-HT1A,412,0.932038834951456,41.632652943654
49,5-HT1B,412,0.216019417475728,1.44321080407667
49,5-HT2A,412,0.0266990291262136,0.137635739300057
49,5-HT2B,412,0.0315533980582524,0.233207422531539
49,5-HT7,412,0.0776699029126214,0.433670914058302
49,HisCl1,412,0.00485436893203884,0.014865218942979
49,ort,412,0.429611650485437,3.63638520299775
49,VGlut,412,0.783980582524272,17.1017519255701
49,Gad1,412,0.0558252427184466,0.587277434655708
49,ChAT,412,0.0922330097087379,0.531723595230495
49,ple,412,0.0315533980582524,0.181069693291445
49,SerT,412,0.00485436893203884,0.0109407912897219
49,Tbh,412,0.0266990291262136,0.204868502342633
49,Hdc,412,0.00242718446601942,0.0087845981397735
50,GluClalpha,410,0.736585365853659,14.2894669616078
50,GluRIA,410,0.209756097560976,1.2992441458781
50,GluRIB,410,0.61219512195122,6.48365019074959
50,Nmdar1,410,0.119512195121951,0.496617115950099
50,Nmdar2,410,0.478048780487805,4.13213036978384
50,KaiR1D,410,0.234146341463415,1.49247458468351
50,clumsy,410,0,0
50,Ekar,410,0.0439024390243902,0.142238374619409
50,mGluR,410,0.182926829268293,1.29397759878581
50,Rdl,410,0.94390243902439,31.8194772559346
50,Lcch3,410,0.141463414634146,0.766322922916313
50,Grd,410,0.0170731707317073,0.0739153708429914
50,GABA-B-R1,410,0.429268292682927,3.17135707870126
50,GABA-B-R2,410,0.292682926829268,1.89865173660037
50,GABA-B-R3,410,0.11219512195122,0.527004968543311
50,nAChRalpha1,410,0.492682926829268,4.77429306825351
50,nAChRalpha2,410,0.0682926829268293,0.273093608798154
50,nAChRalpha3,410,0.334146341463415,2.34053593638166
50,nAChRalpha4,410,0.824390243902439,17.859183562614
50,nAChRalpha5,410,0.729268292682927,12.6375948673158
50,nAChRalpha6,410,0.919512195121951,28.3034802607221
50,nAChRalpha7,410,0.570731707317073,6.92947430907496
50,nAChRbeta1,410,0.765853658536585,11.91689391606
50,nAChRbeta2,410,0.175609756097561,1.06274015733534
50,nAChRbeta3,410,0,0
50,mAChR-A,410,0.131707317073171,0.52407747971036
50,mAChR-B,410,0.587804878048781,7.25323503516172
50,mAChR-C,410,0,0
50,Dop1R1,410,0.358536585365854,3.30940178037464
50,Dop1R2,410,0.565853658536585,6.12049913675335
50,Dop2R,410,0.390243902439024,4.72152199162714
50,DopEcR,410,0.441463414634146,3.37934093389636
50,Oamb,410,0.395121951219512,3.45251985552944
50,Octalpha2R,410,0.397560975609756,5.12165108551759
50,Octbeta1R,410,0.0853658536585366,0.374846828355902
50,Octbeta2R,410,0.702439024390244,11.0522817582808
50,Octbeta3R,410,0.54390243902439,5.28452312438313
50,5-HT1A,410,0.485365853658537,4.89568753533067
50,5-HT1B,410,0.107317073170732,0.381318165042155
50,5-HT2A,410,0.309756097560976,2.48788887012985
50,5-HT2B,410,0.431707317073171,3.98231842704963
50,5-HT7,410,0.397560975609756,4.83945622594703
50,HisCl1,410,0,0
50,ort,410,0,0
50,VGlut,410,0.126829268292683,0.848925696770824
50,Gad1,410,0.109756097560976,0.876885040288675
50,ChAT,410,0.607317073170732,6.51367061532681
50,ple,410,0.00731707317073171,0.0261010107498789
50,SerT,410,0.0024390243902439,0.00415365189074234
50,Tbh,410,0.134146341463415,1.06098483721075
50,Hdc,410,0,0
51,GluClalpha,408,0.931372549019608,21.7970390313989
51,GluRIA,408,0.0906862745098039,0.415095304776493
51,GluRIB,408,0.360294117647059,3.12934985679176
51,Nmdar1,408,0.5,4.27616731899708
51,Nmdar2,408,0.600490196078431,5.76926264366523
51,KaiR1D,408,0.188725490196078,1.06420464905098
51,clumsy,408,0,0
51,Ekar,408,0.129901960784314,0.868835467735546
51,mGluR,408,0.507352941176471,5.50449652234835
51,Rdl,408,0.995098039215686,53.8363959080883
51,Lcch3,408,0.115196078431373,0.690389360471811
51,Grd,408,0.00490196078431373,0.0306023638457946
51,GABA-B-R1,408,0.5,3.86326598694683
51,GABA-B-R2,408,0.372549019607843,2.34319935485683
51,GABA-B-R3,408,0.399509803921569,3.8700666687778
51,nAChRalpha1,408,0.774509803921569,9.53342304404333
51,nAChRalpha2,408,0.142156862745098,0.929226280569889
51,nAChRalpha3,408,0.669117647058824,8.01354315976605
51,nAChRalpha4,408,0.877450980392157,16.2048709555666
51,nAChRalpha5,408,0.955882352941176,26.1698235815922
51,nAChRalpha6,408,0.975490196078431,37.8987336249022
51,nAChRalpha7,408,0.730392156862745,9.40553771397672
51,nAChRbeta1,408,0.897058823529412,17.3206637753753
51,nAChRbeta2,408,0.223039215686275,1.1933995329532
51,nAChRbeta3,408,0,0
51,mAChR-A,408,0.431372549019608,3.30907700227644
51,mAChR-B,408,0.350490196078431,3.20050292161157
51,mAChR-C,408,0,0
51,Dop1R1,408,0.522058823529412,5.05218566496855
51,Dop1R2,408,0.122549019607843,0.965949218866303
51,Dop2R,408,0.651960784313726,9.77817559805471
51,DopEcR,408,0.544117647058824,4.38671020180659
51,Oamb,408,0.514705882352941,5.12530719021244
51,Octalpha2R,408,0.438725490196078,4.93674130046606
51,Octbeta1R,408,0.176470588235294,1.00568798482687
51,Octbeta2R,408,0.495098039215686,5.51071339667128
51,Octbeta3R,408,0.397058823529412,3.071334545378
51,5-HT1A,408,0.470588235294118,4.81043546029701
51,5-HT1B,408,0.159313725490196,0.886769053549573
51,5-HT2A,408,0.110294117647059,0.684400294241461
51,5-HT2B,408,0.174019607843137,1.07337617362536
51,5-HT7,408,0.333333333333333,2.83717649552525
51,HisCl1,408,0.00245098039215686,0.00395191936819875
51,ort,408,0,0
51,VGlut,408,0.125,0.957806393099929
51,Gad1,408,0.0563725490196079,0.444727529052528
51,ChAT,408,0.58578431372549,5.50689167679827
51,ple,408,0.0269607843137255,0.121750186540823
51,SerT,408,0.00245098039215686,0.0311433340807734
51,Tbh,408,0.105392156862745,0.843365432903705
51,Hdc,408,0.00245098039215686,0.0074884827135865
52,GluClalpha,402,0.885572139303483,18.3542887908699
52,GluRIA,402,0.0721393034825871,0.343533528190386
52,GluRIB,402,0.218905472636816,1.46077489523215
52,Nmdar1,402,0.350746268656716,2.47072910092201
52,Nmdar2,402,0.572139303482587,5.04639684682194
52,KaiR1D,402,0.223880597014925,1.32554388390425
52,clumsy,402,0,0
52,Ekar,402,0.0223880597014925,0.164238437339897
52,mGluR,402,0.567164179104478,5.75645602821878
52,Rdl,402,0.977611940298507,41.1785697914806
52,Lcch3,402,0.116915422885572,0.653612000569719
52,Grd,402,0.0522388059701493,0.319479536296961
52,GABA-B-R1,402,0.472636815920398,3.32699788956254
52,GABA-B-R2,402,0.330845771144279,2.04772956690746
52,GABA-B-R3,402,0.450248756218906,4.25658694188499
52,nAChRalpha1,402,0.639303482587065,7.31629476487365
52,nAChRalpha2,402,0.106965174129353,0.595907397658288
52,nAChRalpha3,402,0.649253731343284,7.41221062018662
52,nAChRalpha4,402,0.843283582089552,14.7097893382005
52,nAChRalpha5,402,0.925373134328358,21.0929323392186
52,nAChRalpha6,402,0.902985074626866,26.4269280149124
52,nAChRalpha7,402,0.654228855721393,7.39555555713465
52,nAChRbeta1,402,0.840796019900498,13.8101692394085
52,nAChRbeta2,402,0.131840796019901,0.689417995430872
52,nAChRbeta3,402,0,0
52,mAChR-A,402,0.305970149253731,2.04568139434506
52,mAChR-B,402,0.126865671641791,0.899556693446754
52,mAChR-C,402,0,0
52,Dop1R1,402,0.480099502487562,4.81641577211812
52,Dop1R2,402,0.27363184079602,1.82345276087727
52,Dop2R,402,0.788557213930348,17.1987185406475
52,DopEcR,402,0.460199004975124,4.06321427308828
52,Oamb,402,0.186567164179104,1.70196125604322
52,Octalpha2R,402,0.318407960199005,3.25989499123783
52,Octbeta1R,402,0.0223880597014925,0.126777969874321
52,Octbeta2R,402,0.370646766169154,3.52217190264208
52,Octbeta3R,402,0.412935323383085,4.14053025039775
52,5-HT1A,402,0.467661691542289,4.77777028837985
52,5-HT1B,402,0.181592039800995,1.04810976658822
52,5-HT2A,402,0.0572139303482587,0.433904402782106
52,5-HT2B,402,0.0796019900497513,0.511142795214002
52,5-HT7,402,0.507462686567164,5.30888545400314
52,HisCl1,402,0,0
52,ort,402,0,0
52,VGlut,402,0.104477611940299,0.743568625902499
52,Gad1,402,0.0646766169154229,0.494343828314523
52,ChAT,402,0.631840796019901,6.1643985978467
52,ple,402,0.027363184079602,0.106338334012078
52,SerT,402,0.106965174129353,1.02682331817435
52,Tbh,402,0.154228855721393,0.96930827083242
52,Hdc,402,0.00497512437810945,0.0719848604057339
53,GluClalpha,402,0.91044776119403,15.5159757430425
53,GluRIA,402,0.199004975124378,0.627821943044957
53,GluRIB,402,0.509950248756219,2.99476417292972
53,Nmdar1,402,0.646766169154229,3.1767626969081
53,Nmdar2,402,0.758706467661692,5.66503599304343
53,KaiR1D,402,0.365671641791045,1.33449639662687
53,clumsy,402,0.00497512437810945,0.0253577115887625
53,Ekar,402,0.0597014925373134,0.167110653975027
53,mGluR,402,0.472636815920398,3.67644397331067
53,Rdl,402,0.985074626865672,34.0538857350196
53,Lcch3,402,0.206467661691542,0.599219061422264
53,Grd,402,0.054726368159204,0.175066376271449
53,GABA-B-R1,402,0.567164179104478,2.54629658369544
53,GABA-B-R2,402,0.514925373134328,1.97562680879473
53,GABA-B-R3,402,0.283582089552239,1.57138719570824
53,nAChRalpha1,402,0.82089552238806,7.45897178276646
53,nAChRalpha2,402,0.201492537313433,0.571631256010414
53,nAChRalpha3,402,0.833333333333333,8.42225241724573
53,nAChRalpha4,402,0.930348258706468,13.7753461837314
53,nAChRalpha5,402,0.925373134328358,16.4082363245253
53,nAChRalpha6,402,0.965174129353234,22.7814991092989
53,nAChRalpha7,402,0.838308457711443,9.53069463336113
53,nAChRbeta1,402,0.912935323383085,11.5533167848119
53,nAChRbeta2,402,0.26865671641791,0.743579316254165
53,nAChRbeta3,402,0,0
53,mAChR-A,402,0.470149253731343,1.6449238451769
53,mAChR-B,402,0.236318407960199,1.31350345984024
53,mAChR-C,402,0,0
53,Dop1R1,402,0.529850746268657,2.92463389845651
53,Dop1R2,402,0.223880597014925,1.00856088719326
53,Dop2R,402,0.753731343283582,6.6299796091467
53,DopEcR,402,0.654228855721393,3.73971089221469
53,Oamb,402,0.527363184079602,3.21289023334435
53,Octalpha2R,402,0.641791044776119,4.93967975908383
53,Octbeta1R,402,0.233830845771144,0.928117162934477
53,Octbeta2R,402,0.686567164179104,4.98884786014013
53,Octbeta3R,402,0.713930348258707,4.54899407570639
53,5-HT1A,402,0.624378109452736,9.37473873541584
53,5-HT1B,402,0.330845771144279,1.26687570633455
53,5-HT2A,402,0.0920398009950249,0.426504585193997
53,5-HT2B,402,0.385572139303483,2.22655437531704
53,5-HT7,402,0.427860696517413,2.51710315607841
53,HisCl1,402,0.00746268656716418,0.0143199765714535
53,ort,402,0,0
53,VGlut,402,0.27363184079602,3.403941665549
53,Gad1,402,0.111940298507463,0.69162561232089
53,ChAT,402,0.716417910447761,4.47359288832991
53,ple,402,0.0248756218905473,0.055535308869467
53,SerT,402,0.0174129353233831,0.0933094067177174
53,Tbh,402,0.104477611940299,0.480093743302854
53,Hdc,402,0.00248756218905473,0.00155872058967023
54,GluClalpha,397,0.949622166246851,18.6728629168688
54,GluRIA,397,0.287153652392947,1.15737840527334
54,GluRIB,397,0.680100755667506,5.30706029458693
54,Nmdar1,397,0.632241813602015,3.45828585665495
54,Nmdar2,397,0.743073047858942,5.32734191844928
54,KaiR1D,397,0.249370277078086,0.85194605600238
54,clumsy,397,0.00251889168765743,0.00268338306983853
54,Ekar,397,0.0302267002518892,0.083956983384665
54,mGluR,397,0.55919395465995,4.63594708713266
54,Rdl,397,0.992443324937028,41.9632665531433
54,Lcch3,397,0.256926952141058,0.836698472176036
54,Grd,397,0.052896725440806,0.157742589700281
54,GABA-B-R1,397,0.664987405541562,3.32569799751708
54,GABA-B-R2,397,0.418136020151134,1.51343602589656
54,GABA-B-R3,397,0.153652392947103,0.608513151111406
54,nAChRalpha1,397,0.851385390428212,8.62138388935744
54,nAChRalpha2,397,0.198992443324937,0.6009587410897
54,nAChRalpha3,397,0.894206549118388,11.3230381989633
54,nAChRalpha4,397,0.949622166246851,17.2537993198316
54,nAChRalpha5,397,0.964735516372796,19.1735241844495
54,nAChRalpha6,397,0.982367758186398,27.1739529231928
54,nAChRalpha7,397,0.919395465994962,13.1278287645245
54,nAChRbeta1,397,0.972292191435768,16.522273581965
54,nAChRbeta2,397,0.259445843828715,0.875093412822935
54,nAChRbeta3,397,0,0
54,mAChR-A,397,0.47103274559194,1.92204256847906
54,mAChR-B,397,0.216624685138539,0.866595910630143
54,mAChR-C,397,0,0
54,Dop1R1,397,0.700251889168766,4.84962652752902
54,Dop1R2,397,0.36272040302267,1.69707275334359
54,Dop2R,397,0.677581863979849,8.11630096862977
54,DopEcR,397,0.722921914357683,5.35250260520168
54,Oamb,397,0.478589420654912,2.75956632867811
54,Octalpha2R,397,0.3727959697733,3.39823513555013
54,Octbeta1R,397,0.221662468513854,1.11843363753189
54,Octbeta2R,397,0.775818639798489,6.42696204371494
54,Octbeta3R,397,0.730478589420655,4.6763539975047
54,5-HT1A,397,0.632241813602015,4.45485286345964
54,5-HT1B,397,0.272040302267003,0.828210101463038
54,5-HT2A,397,0.0403022670025189,0.13949875457017
54,5-HT2B,397,0.188916876574307,0.798658303325249
54,5-HT7,397,0.428211586901763,2.84775939414432
54,HisCl1,397,0.00755667506297229,0.0212669446153149
54,ort,397,0.0125944584382872,0.189871467615132
54,VGlut,397,0.866498740554156,15.8072628788733
54,Gad1,397,0.10831234256927,0.571251467491714
54,ChAT,397,0.314861460957179,1.98675313015625
54,ple,397,0.0201511335012594,0.0606258821538793
54,SerT,397,0.0251889168765743,0.127265485761416
54,Tbh,397,0.183879093198992,0.725172185415201
54,Hdc,397,0,0
55,GluClalpha,389,0.930591259640103,22.1844926337261
55,GluRIA,389,0.287917737789203,1.61040638165478
55,GluRIB,389,0.652956298200514,7.63178055840972
55,Nmdar1,389,0.426735218508997,2.48584197996936
55,Nmdar2,389,0.544987146529563,4.32319115758615
55,KaiR1D,389,0.231362467866324,1.21650204037713
55,clumsy,389,0,0
55,Ekar,389,0.0179948586118252,0.091381876878683
55,mGluR,389,0.501285347043702,5.20037117465613
55,Rdl,389,0.989717223650386,42.2403972781086
55,Lcch3,389,0.141388174807198,1.04633038952887
55,Grd,389,0.0077120822622108,0.05698766216672
55,GABA-B-R1,389,0.516709511568123,3.61693348877642
55,GABA-B-R2,389,0.3573264781491,2.22951747945574
55,GABA-B-R3,389,0.107969151670951,0.667913730028895
55,nAChRalpha1,389,0.745501285347044,8.50298712257871
55,nAChRalpha2,389,0.131105398457584,0.795019154789236
55,nAChRalpha3,389,0.709511568123393,8.18418792377123
55,nAChRalpha4,389,0.832904884318766,13.9882266559629
55,nAChRalpha5,389,0.956298200514139,24.4726490441894
55,nAChRalpha6,389,0.971722365038561,35.4237430295491
55,nAChRalpha7,389,0.868894601542417,15.1009078666536
55,nAChRbeta1,389,0.897172236503856,17.3222231864835
55,nAChRbeta2,389,0.205655526992288,1.49969348313187
55,nAChRbeta3,389,0,0
55,mAChR-A,389,0.352185089974293,2.18886622194501
55,mAChR-B,389,0.182519280205656,1.41090494049752
55,mAChR-C,389,0,0
55,Dop1R1,389,0.388174807197943,3.22472278668407
55,Dop1R2,389,0.233933161953728,1.52452856145474
55,Dop2R,389,0.575835475578406,9.11621642986662
55,DopEcR,389,0.598971722365039,5.58731487255239
55,Oamb,389,0.110539845758355,0.658346768606188
55,Octalpha2R,389,0.606683804627249,7.55815625415975
55,Octbeta1R,389,0.159383033419023,1.12070685016331
55,Octbeta2R,389,0.565552699228792,6.34772798956969
55,Octbeta3R,389,0.437017994858612,3.86455160008895
55,5-HT1A,389,0.442159383033419,6.24438378705654
55,5-HT1B,389,0.172236503856041,0.919355419759739
55,5-HT2A,389,0.0334190231362468,0.180183273673648
55,5-HT2B,389,0.159383033419023,0.898594281836581
55,5-HT7,389,0.2853470437018,1.90647487686321
55,HisCl1,389,0.012853470437018,0.0498384573038653
55,ort,389,0,0
55,VGlut,389,0.149100257069409,1.56246672113006
55,Gad1,389,0.863753213367609,16.9990339595835
55,ChAT,389,0.444730077120823,3.46309429150291
55,ple,389,0.0282776349614396,0.116495462819135
55,SerT,389,0.0051413881748072,0.0295803711117241
55,Tbh,389,0.146529562982005,1.08861019302358
55,Hdc,389,0.0025706940874036,0.0228100628873434
56,GluClalpha,388,0.992268041237113,21.5466409400317
56,GluRIA,388,0.603092783505155,1.69347018840149
56,GluRIB,388,0.86340206185567,6.39079896444348
56,Nmdar1,388,0.708762886597938,2.7060723124817
56,Nmdar2,388,0.876288659793815,4.4438328251131
56,KaiR1D,388,0.530927835051546,1.33441710586716
56,clumsy,388,0.0103092783505155,0.00892151287818086
56,Ekar,388,0.180412371134021,0.335254789329819
56,mGluR,388,0.84020618556701,5.11788974134354
56,Rdl,388,1,42.9633900642511
56,Lcch3,388,0.353092783505155,0.906263893601423
56,Grd,388,0.0180412371134021,0.0309623440970443
56,GABA-B-R1,388,0.84020618556701,3.92020429309551
56,GABA-B-R2,388,0.719072164948454,2.26806911789337
56,GABA-B-R3,388,0.360824742268041,1.10384686636032
56,nAChRalpha1,388,0.95360824742268,8.7572214743348
56,nAChRalpha2,388,0.34020618556701,0.763255283746798
56,nAChRalpha3,388,0.925257731958763,7.89204205193704
56,nAChRalpha4,388,0.97680412371134,16.1422173197277
56,nAChRalpha5,388,0.989690721649485,25.1317935745815
56,nAChRalpha6,388,0.994845360824742,30.7680432602216
56,nAChRalpha7,388,0.966494845360825,14.3419097891114
56,nAChRbeta1,388,0.987113402061856,15.8603300942596
56,nAChRbeta2,388,0.38659793814433,0.943273437721303
56,nAChRbeta3,388,0.00257731958762887,0.00412569167220885
56,mAChR-A,388,0.744845360824742,2.40961527870706
56,mAChR-B,388,0.515463917525773,1.90368880794321
56,mAChR-C,388,0,0
56,Dop1R1,388,0.798969072164949,4.79291265289439
56,Dop1R2,388,0.587628865979382,2.27228617592095
56,Dop2R,388,0.896907216494845,9.35863296217611
56,DopEcR,388,0.904639175257732,5.16312569078156
56,Oamb,388,0.394329896907216,1.03548342440468
56,Octalpha2R,388,0.801546391752577,5.90271437814787
56,Octbeta1R,388,0.384020618556701,1.06357320659595
56,Octbeta2R,388,0.822164948453608,4.81844959819386
56,Octbeta3R,388,0.853092783505155,5.88461261928351
56,5-HT1A,388,0.814432989690722,5.78484056209687
56,5-HT1B,388,0.443298969072165,1.16163624954336
56,5-HT2A,388,0.20360824742268,0.49648915623853
56,5-HT2B,388,0.484536082474227,1.46279559732339
56,5-HT7,388,0.579896907216495,2.31134994482851
56,HisCl1,388,0.0283505154639175,0.0496849044616339
56,ort,388,0.0128865979381443,0.0219284281774964
56,VGlut,388,0.420103092783505,2.04182654356191
56,Gad1,388,0.927835051546392,9.86886255410824
56,ChAT,388,0.775773195876289,3.57591957462717
56,ple,388,0.0489690721649485,0.08713216862477
56,SerT,388,0.0283505154639175,0.114843512935059
56,Tbh,388,0.36340206185567,1.05964361413648
56,Hdc,388,0.00515463917525773,0.00706585561824241
58,GluClalpha,384,0.9453125,21.9279735112091
58,GluRIA,384,0.244791666666667,0.81854040864421
58,GluRIB,384,0.671875,4.90637762582505
58,Nmdar1,384,0.315104166666667,0.948204526305727
58,Nmdar2,384,0.71875,4.94413845162864
58,KaiR1D,384,0.359375,1.41270337418908
58,clumsy,384,0.00260416666666667,0.00274238275765235
58,Ekar,384,0.0963541666666667,0.175281512580624
58,mGluR,384,0.34375,1.71633631047967
58,Rdl,384,0.979166666666667,36.6147455839634
58,Lcch3,384,0.205729166666667,0.625306421062607
58,Grd,384,0.369791666666667,2.12605345726588
58,GABA-B-R1,384,0.59375,3.11187725734912
58,GABA-B-R2,384,0.458333333333333,1.9682269430497
58,GABA-B-R3,384,0.653645833333333,4.51546624857681
58,nAChRalpha1,384,0.669270833333333,5.70481179675132
58,nAChRalpha2,384,0.1953125,0.581853108329685
58,nAChRalpha3,384,0.5625,3.82850185114926
58,nAChRalpha4,384,0.934895833333333,18.6185504709316
58,nAChRalpha5,384,0.9375,19.5359000309335
58,nAChRalpha6,384,0.973958333333333,36.2228619631993
58,nAChRalpha7,384,0.888020833333333,14.162740732404
58,nAChRbeta1,384,0.846354166666667,11.5531036281166
58,nAChRbeta2,384,0.208333333333333,0.766890446955611
58,nAChRbeta3,384,0.00260416666666667,0.00412835552737265
58,mAChR-A,384,0.3203125,1.39469072094758
58,mAChR-B,384,0.841145833333333,13.4050220517899
58,mAChR-C,384,0.00260416666666667,0.00252660004527667
58,Dop1R1,384,0.8671875,11.1753490007795
58,Dop1R2,384,0.8203125,9.07046854948227
58,Dop2R,384,0.651041666666667,5.97752364437993
58,DopEcR,384,0.71875,5.07093537496942
58,Oamb,384,0.4453125,2.1287310488571
58,Octalpha2R,384,0.395833333333333,2.32692649533116
58,Octbeta1R,384,0.184895833333333,0.440632016164288
58,Octbeta2R,384,0.880208333333333,13.2251350590184
58,Octbeta3R,384,0.5,2.8635893900392
58,5-HT1A,384,0.8203125,8.32702135428243
58,5-HT1B,384,0.286458333333333,1.04949814295675
58,5-HT2A,384,0.122395833333333,0.346089371852812
58,5-HT2B,384,0.518229166666667,2.99194919586659
58,5-HT7,384,0.619791666666667,4.42129405045374
58,HisCl1,384,0.00520833333333333,0.0128080835626488
58,ort,384,0,0
58,VGlut,384,0.25,1.20712924974915
58,Gad1,384,0.208333333333333,1.18964222350215
58,ChAT,384,0.666666666666667,4.86791627580837
58,ple,384,0.0286458333333333,0.0820560382493631
58,SerT,384,0.00520833333333333,0.00706392692779885
58,Tbh,384,0.151041666666667,0.470381259550633
58,Hdc,384,0.0078125,0.0155534327038282
59,GluClalpha,384,0.760416666666667,20.7852648299707
59,GluRIA,384,0.078125,0.902965878215162
59,GluRIB,384,0.348958333333333,5.04148393221976
59,Nmdar1,384,0.2890625,3.02815626468073
59,Nmdar2,384,0.3671875,4.12286866577634
59,KaiR1D,384,0.1640625,1.35930240095728
59,clumsy,384,0,0
59,Ekar,384,0.015625,0.131955841694389
59,mGluR,384,0.247395833333333,3.21440108069399
59,Rdl,384,0.90625,41.4069174791806
59,Lcch3,384,0.0703125,0.736976242114763
59,Grd,384,0.015625,0.32259699571364
59,GABA-B-R1,384,0.276041666666667,2.81175734936599
59,GABA-B-R2,384,0.283854166666667,2.63105724873189
59,GABA-B-R3,384,0.138020833333333,1.32742183606673
59,nAChRalpha1,384,0.484375,6.94745218074367
59,nAChRalpha2,384,0.046875,0.388897842976532
59,nAChRalpha3,384,0.3125,3.85277011539859
59,nAChRalpha4,384,0.716145833333333,15.482614385946
59,nAChRalpha5,384,0.864583333333333,26.7624712639322
59,nAChRalpha6,384,0.854166666666667,33.756205111092
59,nAChRalpha7,384,0.4453125,7.08207732080467
59,nAChRbeta1,384,0.6875,13.8708217717615
59,nAChRbeta2,384,0.0807291666666667,0.633477835362707
59,nAChRbeta3,384,0,0
59,mAChR-A,384,0.231770833333333,2.23363339466201
59,mAChR-B,384,0.255208333333333,5.39935665824693
59,mAChR-C,384,0,0
59,Dop1R1,384,0.231770833333333,4.8783821585434
59,Dop1R2,384,0.208333333333333,2.83329783347077
59,Dop2R,384,0.697916666666667,17.1382612936556
59,DopEcR,384,0.1796875,1.70606243114012
59,Oamb,384,0.09375,1.59974022163966
59,Octalpha2R,384,0.221354166666667,2.67877858746239
59,Octbeta1R,384,0.138020833333333,2.13202600342717
59,Octbeta2R,384,0.171875,2.70008214065823
59,Octbeta3R,384,0.315104166666667,4.67295016110354
59,5-HT1A,384,0.260416666666667,3.29408444727474
59,5-HT1B,384,0.0442708333333333,0.437649736122624
59,5-HT2A,384,0.109375,1.7844849131468
59,5-HT2B,384,0.0572916666666667,0.530698788146825
59,5-HT7,384,0.192708333333333,2.57555814539323
59,HisCl1,384,0,0
59,ort,384,0,0
59,VGlut,384,0.541666666666667,8.83180560283672
59,Gad1,384,0.0546875,0.669654766883676
59,ChAT,384,0.390625,4.52420875413559
59,ple,384,0.0182291666666667,0.220588967082122
59,SerT,384,0.0208333333333333,0.262519801621808
59,Tbh,384,0.0364583333333333,0.666503182319895
59,Hdc,384,0,0
60,GluClalpha,378,0.933862433862434,15.7133522087167
60,GluRIA,378,0.169312169312169,0.822801771018579
60,GluRIB,378,0.523809523809524,4.67460003548858
60,Nmdar1,378,0.476190476190476,2.2899048808375
60,Nmdar2,378,0.706349206349206,5.35704481959384
60,KaiR1D,378,0.293650793650794,1.13717413667297
60,clumsy,378,0,0
60,Ekar,378,0.0661375661375661,0.21490891087973
60,mGluR,378,0.423280423280423,2.97275859001688
60,Rdl,378,0.989417989417989,40.049950285258
60,Lcch3,378,0.206349206349206,0.868866356122449
60,Grd,378,0.0158730158730159,0.0411799927247926
60,GABA-B-R1,378,0.634920634920635,3.73703897322082
60,GABA-B-R2,378,0.441798941798942,1.84581433852896
60,GABA-B-R3,378,0.288359788359788,1.26940720414978
60,nAChRalpha1,378,0.798941798941799,8.5044140204622
60,nAChRalpha2,378,0.23015873015873,0.845589924881365
60,nAChRalpha3,378,0.798941798941799,11.9286472329684
60,nAChRalpha4,378,0.955026455026455,17.0830798202112
60,nAChRalpha5,378,0.976190476190476,23.0411627938732
60,nAChRalpha6,378,0.994708994708995,38.2124067544407
60,nAChRalpha7,378,0.875661375661376,11.8327855429465
60,nAChRbeta1,378,0.936507936507937,13.5012017177882
60,nAChRbeta2,378,0.214285714285714,0.751531617035442
60,nAChRbeta3,378,0,0
60,mAChR-A,378,0.484126984126984,2.259252758573
60,mAChR-B,378,0.227513227513228,1.51776026498821
60,mAChR-C,378,0,0
60,Dop1R1,378,0.613756613756614,5.09671940497673
60,Dop1R2,378,0.298941798941799,1.52512087487663
60,Dop2R,378,0.661375661375661,7.71861028565186
60,DopEcR,378,0.748677248677249,5.70868115457748
60,Oamb,378,0.367724867724868,1.94723882881838
60,Octalpha2R,378,0.817460317460317,12.1585849045555
60,Octbeta1R,378,0.12962962962963,0.522699463087076
60,Octbeta2R,378,0.608465608465609,4.95354346626623
60,Octbeta3R,378,0.3994708994709,2.37087809481016
60,5-HT1A,378,0.64021164021164,6.07968132288784
60,5-HT1B,378,0.301587301587302,1.18167288209267
60,5-HT2A,378,0.0714285714285714,0.22042216461303
60,5-HT2B,378,0.298941798941799,1.5479042301815
60,5-HT7,378,0.317460317460317,1.73405622240828
60,HisCl1,378,0.00264550264550265,0.00331060273495513
60,ort,378,0,0
60,VGlut,378,0.111111111111111,0.467078257929265
60,Gad1,378,0.0899470899470899,0.530032493369549
60,ChAT,378,0.761904761904762,6.29092319266069
60,ple,378,0.0476190476190476,0.155073575002127
60,SerT,378,0.00529100529100529,0.00992756002621467
60,Tbh,378,0.222222222222222,1.68989469668445
60,Hdc,378,0,0
62,GluClalpha,372,0.852150537634409,20.4545525718175
62,GluRIA,372,0.0967741935483871,0.840933662037932
62,GluRIB,372,0.32258064516129,3.84745605547269
62,Nmdar1,372,0.28494623655914,2.81600258433504
62,Nmdar2,372,0.362903225806452,3.79745183592942
62,KaiR1D,372,0.147849462365591,1.3314625731
62,clumsy,372,0,0
62,Ekar,372,0.0779569892473118,0.734150583334924
62,mGluR,372,0.225806451612903,2.44300793283797
62,Rdl,372,0.973118279569892,45.4800899904771
62,Lcch3,372,0.0994623655913978,0.780126135563796
62,Grd,372,0.010752688172043,0.0676966314300618
62,GABA-B-R1,372,0.381720430107527,4.17574388232897
62,GABA-B-R2,372,0.247311827956989,2.41697552991405
62,GABA-B-R3,372,0.274193548387097,3.17656950066584
62,nAChRalpha1,372,0.553763440860215,8.19534059374952
62,nAChRalpha2,372,0.0940860215053763,0.957611821497181
62,nAChRalpha3,372,0.462365591397849,6.2496863749787
62,nAChRalpha4,372,0.790322580645161,15.879210969794
62,nAChRalpha5,372,0.911290322580645,31.3687027778058
62,nAChRalpha6,372,0.946236559139785,34.5997074616839
62,nAChRalpha7,372,0.645161290322581,9.76221948607891
62,nAChRbeta1,372,0.801075268817204,16.4073403603795
62,nAChRbeta2,372,0.115591397849462,0.923419922946387
62,nAChRbeta3,372,0,0
62,mAChR-A,372,0.271505376344086,2.74720043509286
62,mAChR-B,372,0.327956989247312,4.01569169891541
62,mAChR-C,372,0,0
62,Dop1R1,372,0.478494623655914,6.40647380387777
62,Dop1R2,372,0.349462365591398,3.91462045002721
62,Dop2R,372,0.782258064516129,22.9041703087965
62,DopEcR,372,0.486559139784946,5.70399340532863
62,Oamb,372,0.0403225806451613,0.35953860525059
62,Octalpha2R,372,0.28494623655914,4.93796813645886
62,Octbeta1R,372,0.228494623655914,2.46415698648212
62,Octbeta2R,372,0.306451612903226,3.72094559335772
62,Octbeta3R,372,0.28494623655914,2.85510430227067
62,5-HT1A,372,0.145161290322581,1.71771312031849
62,5-HT1B,372,0.0618279569892473,0.472080299859725
62,5-HT2A,372,0.17741935483871,1.62599873121302
62,5-HT2B,372,0.39247311827957,4.79155676754302
62,5-HT7,372,0.440860215053763,6.25692636479351
62,HisCl1,372,0,0
62,ort,372,0,0
62,VGlut,372,0.102150537634409,0.93219211646732
62,Gad1,372,0.0698924731182796,0.70305426827671
62,ChAT,372,0.513440860215054,6.35150205840864
62,ple,372,0.0268817204301075,0.220264578510725
62,SerT,372,0,0
62,Tbh,372,0.266129032258065,3.07562987170759
62,Hdc,372,0,0
64,GluClalpha,368,0.956521739130435,22.2983632763877
64,GluRIA,368,0.377717391304348,0.995512557274084
64,GluRIB,368,0.744565217391304,5.47636638389579
64,Nmdar1,368,0.616847826086957,2.17255157629204
64,Nmdar2,368,0.804347826086957,5.69511964001762
64,KaiR1D,368,0.369565217391304,0.970453375017673
64,clumsy,368,0,0
64,Ekar,368,0.0869565217391304,0.15952008102668
64,mGluR,368,0.524456521739131,3.04772885559412
64,Rdl,368,1,95.8895630495914
64,Lcch3,368,0.364130434782609,1.27605006417015
64,Grd,368,0.0353260869565217,0.0758851640774146
64,GABA-B-R1,368,0.739130434782609,3.53594352441048
64,GABA-B-R2,368,0.592391304347826,2.05858368122586
64,GABA-B-R3,368,0.410326086956522,2.15385816710094
64,nAChRalpha1,368,0.858695652173913,7.96697822838321
64,nAChRalpha2,368,0.28804347826087,0.69080478980179
64,nAChRalpha3,368,0.836956521739131,9.13503579343459
64,nAChRalpha4,368,0.953804347826087,16.7750637690089
64,nAChRalpha5,368,0.989130434782609,32.2530900208377
64,nAChRalpha6,368,0.994565217391304,57.6549601859734
64,nAChRalpha7,368,0.940217391304348,22.9401890636016
64,nAChRbeta1,368,0.989130434782609,21.545733572756
64,nAChRbeta2,368,0.423913043478261,1.30399197525271
64,nAChRbeta3,368,0,0
64,mAChR-A,368,0.771739130434783,12.2933176085748
64,mAChR-B,368,0.529891304347826,3.5183657802804
64,mAChR-C,368,0,0
64,Dop1R1,368,0.654891304347826,4.42108010334845
64,Dop1R2,368,0.366847826086957,1.46584848350478
64,Dop2R,368,0.72554347826087,6.79795106466064
64,DopEcR,368,0.760869565217391,4.61047148116024
64,Oamb,368,0.559782608695652,4.48086269084511
64,Octalpha2R,368,0.741847826086957,12.3362017047051
64,Octbeta1R,368,0.301630434782609,1.021117727327
64,Octbeta2R,368,0.711956521739131,5.03060753503359
64,Octbeta3R,368,0.763586956521739,5.93316564717221
64,5-HT1A,368,0.695652173913044,5.43533380454321
64,5-HT1B,368,0.298913043478261,0.746830501900483
64,5-HT2A,368,0.317934782608696,1.14783973956115
64,5-HT2B,368,0.375,1.90579799378499
64,5-HT7,368,0.649456521739131,8.50488378344262
64,HisCl1,368,0.0108695652173913,0.018523734303326
64,ort,368,0.00815217391304348,0.0533435076602273
64,VGlut,368,0.434782608695652,2.5944973342193
64,Gad1,368,0.910326086956522,13.2674495901606
64,ChAT,368,0.592391304347826,2.82913408354787
64,ple,368,0.0597826086956522,0.108236796343593
64,SerT,368,0.0190217391304348,0.0372003797387687
64,Tbh,368,0.415760869565217,2.18928393627996
64,Hdc,368,0,0
65,GluClalpha,367,0.70299727520436,10.8738191444247
65,GluRIA,367,0.256130790190736,1.92316535093212
65,GluRIB,367,0.659400544959128,9.4048925698579
65,Nmdar1,367,0.141689373297003,0.829279822699059
65,Nmdar2,367,0.335149863760218,2.7640585704989
65,KaiR1D,367,0.128065395095368,0.611781934772227
65,clumsy,367,0,0
65,Ekar,367,0.0245231607629428,0.174545280831603
65,mGluR,367,0.446866485013624,4.31801949778632
65,Rdl,367,0.994550408719346,66.8353700424497
65,Lcch3,367,0.155313351498638,1.38305713765448
65,Grd,367,0.00272479564032698,0.00480436505391338
65,GABA-B-R1,367,0.474114441416894,4.24824056678369
65,GABA-B-R2,367,0.326975476839237,2.58277364580997
65,GABA-B-R3,367,0.0354223433242507,0.332507417170093
65,nAChRalpha1,367,0.746594005449591,13.174229579944
65,nAChRalpha2,367,0.136239782016349,0.713667535926904
65,nAChRalpha3,367,0.228882833787466,1.61346152352184
65,nAChRalpha4,367,0.67574931880109,12.2187893349798
65,nAChRalpha5,367,0.899182561307902,28.9026241677049
65,nAChRalpha6,367,0.956403269754768,55.5411384036412
65,nAChRalpha7,367,0.539509536784741,7.00186297716104
65,nAChRbeta1,367,0.877384196185286,21.0602432736491
65,nAChRbeta2,367,0.147138964577657,1.2014603651988
65,nAChRbeta3,367,0,0
65,mAChR-A,367,0.288828337874659,2.22585313414733
65,mAChR-B,367,0.389645776566757,3.48923999090563
65,mAChR-C,367,0,0
65,Dop1R1,367,0.762942779291553,15.8072337564341
65,Dop1R2,367,0.768392370572207,12.8300719394092
65,Dop2R,367,0.762942779291553,16.8089892905605
65,DopEcR,367,0.536784741144414,6.12798830704742
65,Oamb,367,0.430517711171662,4.54794384359086
65,Octalpha2R,367,0.46866485013624,4.97774089898629
65,Octbeta1R,367,0.517711171662125,5.12828364205578
65,Octbeta2R,367,0.122615803814714,0.908660625296795
65,Octbeta3R,367,0.196185286103542,2.05980645029506
65,5-HT1A,367,0.55858310626703,8.25939837966235
65,5-HT1B,367,0.258855585831063,1.94212535376413
65,5-HT2A,367,0.0245231607629428,0.0910796751455578
65,5-HT2B,367,0.0381471389645777,0.24933365693701
65,5-HT7,367,0.0899182561307902,0.766274487091723
65,HisCl1,367,0,0
65,ort,367,0.00272479564032698,0.0053125280567888
65,VGlut,367,0.122615803814714,1.13515147368146
65,Gad1,367,0.0871934604904632,0.895676006974769
65,ChAT,367,0.591280653950954,6.34326232833098
65,ple,367,0.0108991825613079,0.0400090549026872
65,SerT,367,0.00544959128065395,0.0652538514409261
65,Tbh,367,0.0299727520435967,0.204858096529639
65,Hdc,367,0.00544959128065395,0.0338725921382356
66,GluClalpha,366,0.915300546448087,29.172175177559
66,GluRIA,366,0.0628415300546448,0.430885609540811
66,GluRIB,366,0.19672131147541,1.60280903161046
66,Nmdar1,366,0.0382513661202186,0.247990478144159
66,Nmdar2,366,0.180327868852459,1.74762740270017
66,KaiR1D,366,0.180327868852459,1.33877972729252
66,clumsy,366,0,0
66,Ekar,366,0.0218579234972678,0.16776609767427
66,mGluR,366,0.573770491803279,7.98440059651396
66,Rdl,366,0.931693989071038,33.9209636845843
66,Lcch3,366,0.0983606557377049,0.859587226890609
66,Grd,366,0.00273224043715847,0.028022978842651
66,GABA-B-R1,366,0.401639344262295,3.90105107490587
66,GABA-B-R2,366,0.234972677595628,1.88391881005309
66,GABA-B-R3,366,0.153005464480874,0.999235573301755
66,nAChRalpha1,366,0.169398907103825,1.49507096866034
66,nAChRalpha2,366,0.0163934426229508,0.191362572145571
66,nAChRalpha3,366,0.273224043715847,2.35512724049924
66,nAChRalpha4,366,0.773224043715847,15.5904027265107
66,nAChRalpha5,366,0.890710382513661,23.8875699931506
66,nAChRalpha6,366,0.986338797814208,68.9248704347029
66,nAChRalpha7,366,0.300546448087432,2.91312825591948
66,nAChRbeta1,366,0.702185792349727,10.778513584453
66,nAChRbeta2,366,0.0765027322404372,0.609064188401694
66,nAChRbeta3,366,0,0
66,mAChR-A,366,0.218579234972678,2.01198354325922
66,mAChR-B,366,0.046448087431694,0.338392771646653
66,mAChR-C,366,0,0
66,Dop1R1,366,0.663934426229508,13.9179186800548
66,Dop1R2,366,0.163934426229508,0.934749941878798
66,Dop2R,366,0.683060109289618,10.9378032518194
66,DopEcR,366,0.587431693989071,7.22638802580042
66,Oamb,366,0.35792349726776,3.76610178839851
66,Octalpha2R,366,0.0737704918032787,0.483306583806434
66,Octbeta1R,366,0.0519125683060109,0.314543785556007
66,Octbeta2R,366,0.306010928961749,2.80448966556831
66,Octbeta3R,366,0.341530054644809,2.87902075209805
66,5-HT1A,366,0.234972677595628,1.96296443991172
66,5-HT1B,366,0.0792349726775956,0.50070478489911
66,5-HT2A,366,0.0163934426229508,0.172740811624572
66,5-HT2B,366,0.0327868852459016,0.196340029257712
66,5-HT7,366,0.275956284153005,2.3477965572884
66,HisCl1,366,0,0
66,ort,366,0,0
66,VGlut,366,0.0491803278688525,0.539830363162988
66,Gad1,366,0.0628415300546448,0.541525267767046
66,ChAT,366,0.42896174863388,4.62119672945583
66,ple,366,0.00273224043715847,0.0276542554368266
66,SerT,366,0.00273224043715847,0.00650378585374547
66,Tbh,366,0.136612021857924,1.36294200404306
66,Hdc,366,0,0
67,GluClalpha,361,0.858725761772853,14.7339687617371
67,GluRIA,361,0.282548476454294,1.75345537158971
67,GluRIB,361,0.692520775623269,9.18974370811032
67,Nmdar1,361,0.443213296398892,3.29231039211991
67,Nmdar2,361,0.587257617728532,5.27779592279632
67,KaiR1D,361,0.218836565096953,1.23010446006321
67,clumsy,361,0,0
67,Ekar,361,0.0415512465373961,0.158268874967547
67,mGluR,361,0.285318559556787,2.69824998793795
67,Rdl,361,0.991689750692521,45.4570999343624
67,Lcch3,361,0.119113573407202,0.611375063394699
67,Grd,361,0.0193905817174515,0.0789775297644886
67,GABA-B-R1,361,0.50415512465374,4.22372051123536
67,GABA-B-R2,361,0.434903047091413,2.88137465862987
67,GABA-B-R3,361,0.0803324099722992,0.467017165207309
67,nAChRalpha1,361,0.778393351800554,10.126652871511
67,nAChRalpha2,361,0.132963988919668,0.851878553656217
67,nAChRalpha3,361,0.601108033240997,6.1482589151604
67,nAChRalpha4,361,0.872576177285319,16.4704134885859
67,nAChRalpha5,361,0.952908587257618,23.1013566103715
67,nAChRalpha6,361,0.961218836565097,32.0109679105873
67,nAChRalpha7,361,0.778393351800554,11.6528402631875
67,nAChRbeta1,361,0.894736842105263,17.8604021989692
67,nAChRbeta2,361,0.132963988919668,0.859789546326113
67,nAChRbeta3,361,0,0
67,mAChR-A,361,0.310249307479224,2.19911464494764
67,mAChR-B,361,0.127423822714681,0.928246975519198
67,mAChR-C,361,0,0
67,Dop1R1,361,0.326869806094183,2.92590634760233
67,Dop1R2,361,0.229916897506925,2.40227651181286
67,Dop2R,361,0.642659279778393,11.0806334655225
67,DopEcR,361,0.398891966759003,3.19901137522458
67,Oamb,361,0.160664819944598,1.20047097676942
67,Octalpha2R,361,0.590027700831025,7.38084054515638
67,Octbeta1R,361,0.0969529085872576,0.714808885604668
67,Octbeta2R,361,0.282548476454294,2.8611608367338
67,Octbeta3R,361,0.271468144044321,2.16445321733529
67,5-HT1A,361,0.49584487534626,5.39132439912746
67,5-HT1B,361,0.168975069252078,0.982828980211625
67,5-HT2A,361,0.102493074792244,0.66941356763136
67,5-HT2B,361,0.238227146814404,1.70617774087462
67,5-HT7,361,0.404432132963989,3.66152646689333
67,HisCl1,361,0.00277008310249308,0.00824920518908003
67,ort,361,0,0
67,VGlut,361,0.135734072022161,1.13837963953011
67,Gad1,361,0.869806094182825,15.3876841816277
67,ChAT,361,0.515235457063712,4.55450233342737
67,ple,361,0.0249307479224377,0.090353486770974
67,SerT,361,0.0304709141274238,0.172054901677357
67,Tbh,361,0.0997229916897507,0.73468979702143
67,Hdc,361,0,0
68,GluClalpha,360,0.963888888888889,21.898697153268
68,GluRIA,360,0.394444444444444,1.85471787708213
68,GluRIB,360,0.733333333333333,6.01056794487453
68,Nmdar1,360,0.575,2.69994112748144
68,Nmdar2,360,0.627777777777778,4.00205510745681
68,KaiR1D,360,0.375,1.37212592095429
68,clumsy,360,0,0
68,Ekar,360,0.0861111111111111,0.328651379827809
68,mGluR,360,0.716666666666667,5.19062121236043
68,Rdl,360,0.961111111111111,33.1736469662596
68,Lcch3,360,0.158333333333333,0.67806953310588
68,Grd,360,0.0111111111111111,0.0432583883314882
68,GABA-B-R1,360,0.602777777777778,3.35810120136088
68,GABA-B-R2,360,0.505555555555556,2.50900925576125
68,GABA-B-R3,360,0.161111111111111,1.42568877834511
68,nAChRalpha1,360,0.816666666666667,7.88736654082621
68,nAChRalpha2,360,0.155555555555556,0.487746696817918
68,nAChRalpha3,360,0.772222222222222,6.90376050483614
68,nAChRalpha4,360,0.925,14.3857118990369
68,nAChRalpha5,360,0.95,24.738505359127
68,nAChRalpha6,360,0.880555555555556,16.0783604040801
68,nAChRalpha7,360,0.894444444444445,14.2037206820876
68,nAChRbeta1,360,0.919444444444444,13.6590713198756
68,nAChRbeta2,360,0.2,0.65519554052278
68,nAChRbeta3,360,0,0
68,mAChR-A,360,0.419444444444444,1.86514021381921
68,mAChR-B,360,0.197222222222222,0.907900382518505
68,mAChR-C,360,0,0
68,Dop1R1,360,0.452777777777778,2.86283284093946
68,Dop1R2,360,0.386111111111111,1.97351232199163
68,Dop2R,360,0.836111111111111,9.46269477054683
68,DopEcR,360,0.688888888888889,4.66493276477563
68,Oamb,360,0.166666666666667,0.551641597685802
68,Octalpha2R,360,0.361111111111111,2.02393451931401
68,Octbeta1R,360,0.219444444444444,0.950853829483104
68,Octbeta2R,360,0.580555555555556,3.83756164697265
68,Octbeta3R,360,0.719444444444445,6.38421366179898
68,5-HT1A,360,0.672222222222222,9.994648880518
68,5-HT1B,360,0.377777777777778,1.67238086470652
68,5-HT2A,360,0.0333333333333333,0.105804519899504
68,5-HT2B,360,0.166666666666667,0.725325049438978
68,5-HT7,360,0.188888888888889,1.06773780352493
68,HisCl1,360,0.0166666666666667,0.0322846948193748
68,ort,360,0.00277777777777778,0.00505970451325643
68,VGlut,360,0.1,0.448343493865179
68,Gad1,360,0.891666666666667,13.5560793717741
68,ChAT,360,0.133333333333333,0.518038509572326
68,ple,360,0.0194444444444444,0.0765259527194176
68,SerT,360,0.00833333333333333,0.0191718566543469
68,Tbh,360,0.211111111111111,1.09486128594551
68,Hdc,360,0,0
69,GluClalpha,353,0.96600566572238,21.7374855540881
69,GluRIA,353,0.39943342776204,1.3622720380685
69,GluRIB,353,0.770538243626062,6.54361884650942
69,Nmdar1,353,0.668555240793201,2.98830654326887
69,Nmdar2,353,0.861189801699717,6.55886488906157
69,KaiR1D,353,0.334277620396601,1.06380871261826
69,clumsy,353,0.0056657223796034,0.0202212927298982
69,Ekar,353,0.0736543909348442,0.186970170050414
69,mGluR,353,0.643059490084986,5.2293223638217
69,Rdl,353,1,45.0830031330621
69,Lcch3,353,0.24929178470255,0.744394574502098
69,Grd,353,0.0254957507082153,0.154784550366425
69,GABA-B-R1,353,0.648725212464589,3.24377428874171
69,GABA-B-R2,353,0.509915014164306,2.11061116710368
69,GABA-B-R3,353,0.26628895184136,0.946210151968035
69,nAChRalpha1,353,0.909348441926346,10.3185571954439
69,nAChRalpha2,353,0.254957507082153,0.824254637946847
69,nAChRalpha3,353,0.926345609065156,11.2336057618991
69,nAChRalpha4,353,0.98300283286119,17.898532601735
69,nAChRalpha5,353,0.994334277620397,27.8701965118369
69,nAChRalpha6,353,0.997167138810198,31.7769839207131
69,nAChRalpha7,353,0.968838526912181,16.6624217859842
69,nAChRbeta1,353,0.960339943342776,16.5401030556026
69,nAChRbeta2,353,0.328611898016997,0.888128767873355
69,nAChRbeta3,353,0,0
69,mAChR-A,353,0.592067988668555,2.78869246583467
69,mAChR-B,353,0.161473087818697,0.519142465442749
69,mAChR-C,353,0,0
69,Dop1R1,353,0.359773371104816,2.20277015189836
69,Dop1R2,353,0.246458923512748,0.940223384671904
69,Dop2R,353,0.668555240793201,6.18186673448344
69,DopEcR,353,0.787535410764873,5.38476794515897
69,Oamb,353,0.294617563739377,1.35918603327755
69,Octalpha2R,353,0.512747875354108,4.7749802675738
69,Octbeta1R,353,0.212464589235127,0.937110106850628
69,Octbeta2R,353,0.719546742209632,6.11239999242443
69,Octbeta3R,353,0.736543909348442,4.98617905044315
69,5-HT1A,353,0.634560906515581,4.90799529574889
69,5-HT1B,353,0.280453257790368,0.899013939553387
69,5-HT2A,353,0.192634560906516,0.65513376510531
69,5-HT2B,353,0.184135977337111,0.805826946679515
69,5-HT7,353,0.606232294617564,5.14157070211974
69,HisCl1,353,0.0056657223796034,0.00905833250194819
69,ort,353,0.0056657223796034,0.0068203950911956
69,VGlut,353,0.138810198300283,0.568302932313971
69,Gad1,353,0.130311614730878,0.619073544767692
69,ChAT,353,0.796033994334278,5.86603574941557
69,ple,353,0.0538243626062323,0.116832718638844
69,SerT,353,0.0141643059490085,0.0266008010011621
69,Tbh,353,0.246458923512748,1.00568522059362
69,Hdc,353,0,0
70,GluClalpha,353,0.696883852691218,17.6763166266441
70,GluRIA,353,0.107648725212465,1.05570769327587
70,GluRIB,353,0.28328611898017,3.74318168814518
70,Nmdar1,353,0.223796033994334,2.40549237797101
70,Nmdar2,353,0.351274787535411,4.21665124324821
70,KaiR1D,353,0.110481586402266,0.840390600226175
70,clumsy,353,0,0
70,Ekar,353,0.056657223796034,0.462909253200167
70,mGluR,353,0.314447592067989,4.15472154407558
70,Rdl,353,0.810198300283286,27.1279033957716
70,Lcch3,353,0.0821529745042493,0.794482886412251
70,Grd,353,0.0169971671388102,0.189773180251823
70,GABA-B-R1,353,0.229461756373938,2.87479255993896
70,GABA-B-R2,353,0.192634560906516,1.74445047405963
70,GABA-B-R3,353,0.101983002832861,0.976842796022036
70,nAChRalpha1,353,0.481586402266289,7.14605434659345
70,nAChRalpha2,353,0.0878186968838527,0.842946589867258
70,nAChRalpha3,353,0.405099150141643,6.00951578727856
70,nAChRalpha4,353,0.668555240793201,14.4890254855202
70,nAChRalpha5,353,0.756373937677054,17.9462005024339
70,nAChRalpha6,353,0.73371104815864,21.4224365265322
70,nAChRalpha7,353,0.464589235127479,7.90271897811282
70,nAChRbeta1,353,0.660056657223796,13.7502209036065
70,nAChRbeta2,353,0.0764872521246459,0.675159306092871
70,nAChRbeta3,353,0,0
70,mAChR-A,353,0.215297450424929,1.9045631521189
70,mAChR-B,353,0.13314447592068,1.34718198089822
70,mAChR-C,353,0,0
70,Dop1R1,353,0.43342776203966,6.6117506988121
70,Dop1R2,353,0.218130311614731,2.41417798589044
70,Dop2R,353,0.609065155807365,10.8558025720403
70,DopEcR,353,0.31728045325779,3.98485718574359
70,Oamb,353,0.107648725212465,1.09627287486753
70,Octalpha2R,353,0.356940509915014,4.59997818534782
70,Octbeta1R,353,0.15014164305949,1.28223643466254
70,Octbeta2R,353,0.410764872521246,6.11201825327043
70,Octbeta3R,353,0.308781869688385,3.82339600410015
70,5-HT1A,353,0.410764872521246,5.78314139566006
70,5-HT1B,353,0.110481586402266,1.10012614663294
70,5-HT2A,353,0.056657223796034,0.553127709424262
70,5-HT2B,353,0.155807365439093,1.44586102516865
70,5-HT7,353,0.203966005665722,2.18085263448888
70,HisCl1,353,0.0056657223796034,0.0699328151922652
70,ort,353,0.0056657223796034,0.0491265555138151
70,VGlut,353,0.288951841359773,3.50933620454911
70,Gad1,353,0.189801699716714,2.12909367861584
70,ChAT,353,0.390934844192635,5.24404088016528
70,ple,353,0.0084985835694051,0.0977889709332512
70,SerT,353,0.0254957507082153,0.260637966175106
70,Tbh,353,0.107648725212465,1.39919068106969
70,Hdc,353,0,0
71,GluClalpha,351,0.908831908831909,13.8951467397103
71,GluRIA,351,0.094017094017094,0.247903448799959
71,GluRIB,351,0.267806267806268,1.16219437368494
71,Nmdar1,351,0.396011396011396,1.64651820778013
71,Nmdar2,351,0.621082621082621,3.70191574743415
71,KaiR1D,351,0.319088319088319,0.851335534094998
71,clumsy,351,0.00284900284900285,0.00419588048454028
71,Ekar,351,0.0740740740740741,0.202988068104778
71,mGluR,351,0.210826210826211,0.972507223152352
71,Rdl,351,0.968660968660969,27.8144861934411
71,Lcch3,351,0.193732193732194,0.766920754757537
71,Grd,351,0.0142450142450142,0.0260091956818956
71,GABA-B-R1,351,0.464387464387464,2.38445999348333
71,GABA-B-R2,351,0.501424501424502,2.02775854825852
71,GABA-B-R3,351,0.102564102564103,0.307270917335104
71,nAChRalpha1,351,0.88034188034188,9.59546952144189
71,nAChRalpha2,351,0.304843304843305,0.856903982013298
71,nAChRalpha3,351,0.641025641025641,4.59596273561302
71,nAChRalpha4,351,0.891737891737892,14.2935769866133
71,nAChRalpha5,351,0.977207977207977,50.1455418099944
71,nAChRalpha6,351,0.692307692307692,9.37453085058925
71,nAChRalpha7,351,0.692307692307692,6.10908508797038
71,nAChRbeta1,351,0.777777777777778,7.23833137350588
71,nAChRbeta2,351,0.233618233618234,0.636429582787902
71,nAChRbeta3,351,0.00284900284900285,0.0215915335278731
71,mAChR-A,351,0.347578347578348,1.56348677311484
71,mAChR-B,351,0.108262108262108,0.444165924430325
71,mAChR-C,351,0,0
71,Dop1R1,351,0.794871794871795,7.40642866621524
71,Dop1R2,351,0.544159544159544,2.90680416552748
71,Dop2R,351,0.811965811965812,8.72382408448824
71,DopEcR,351,0.595441595441596,3.25786509204433
71,Oamb,351,0.116809116809117,0.212776641317607
71,Octalpha2R,351,0.923076923076923,16.7450547076888
71,Octbeta1R,351,0.339031339031339,1.51658630321865
71,Octbeta2R,351,0.823361823361823,8.86445161231287
71,Octbeta3R,351,0.515669515669516,2.35685174132743
71,5-HT1A,351,0.284900284900285,1.62875918336764
71,5-HT1B,351,0.148148148148148,0.356311987833713
71,5-HT2A,351,0.319088319088319,1.46876344327234
71,5-HT2B,351,0.98005698005698,33.7570682179771
71,5-HT7,351,0.732193732193732,6.48606156172272
71,HisCl1,351,0.00284900284900285,0.00263576912665635
71,ort,351,0,0
71,VGlut,351,0.176638176638177,0.818974195023724
71,Gad1,351,0.145299145299145,0.665900191981245
71,ChAT,351,0.299145299145299,0.906787026959635
71,ple,351,0.0655270655270655,0.1562843966536
71,SerT,351,0.00854700854700855,0.0525080323627838
71,Tbh,351,0.877492877492878,12.0996557846087
71,Hdc,351,0.00854700854700855,0.0161442376505137
72,GluClalpha,351,0.985754985754986,25.8681797843918
72,GluRIA,351,0.515669515669516,1.19310344662411
72,GluRIB,351,0.831908831908832,4.78312990989954
72,Nmdar1,351,0.82051282051282,2.97603491362576
72,Nmdar2,351,0.917378917378917,5.699166985566
72,KaiR1D,351,0.455840455840456,1.01138956132555
72,clumsy,351,0,0
72,Ekar,351,0.199430199430199,0.403437604926909
72,mGluR,351,0.84045584045584,5.64452727528244
72,Rdl,351,1,52.0341341934201
72,Lcch3,351,0.367521367521368,0.679062592294856
72,Grd,351,0.0427350427350427,0.0877209542587417
72,GABA-B-R1,351,0.857549857549858,4.12175919833995
72,GABA-B-R2,351,0.692307692307692,2.02404456154014
72,GABA-B-R3,351,0.481481481481482,1.36847513186893
72,nAChRalpha1,351,0.962962962962963,9.19883838833704
72,nAChRalpha2,351,0.393162393162393,0.731226663555188
72,nAChRalpha3,351,0.968660968660969,10.4835219716361
72,nAChRalpha4,351,1,21.2770201857289
72,nAChRalpha5,351,0.997150997150997,29.2788625752062
72,nAChRalpha6,351,1,36.8033196745444
72,nAChRalpha7,351,0.991452991452991,17.3493828343499
72,nAChRbeta1,351,1,18.5407273860737
72,nAChRbeta2,351,0.461538461538462,0.962435541741188
72,nAChRbeta3,351,0,0
72,mAChR-A,351,0.769230769230769,2.64995720833115
72,mAChR-B,351,0.58974358974359,2.44744463789314
72,mAChR-C,351,0,0
72,Dop1R1,351,0.857549857549858,5.98886500334388
72,Dop1R2,351,0.592592592592593,2.23154400861348
72,Dop2R,351,0.897435897435897,9.54679533123019
72,DopEcR,351,0.957264957264957,6.54307947996412
72,Oamb,351,0.535612535612536,2.10784889742478
72,Octalpha2R,351,0.851851851851852,6.7422636409364
72,Octbeta1R,351,0.60968660968661,2.08666041423735
72,Octbeta2R,351,0.863247863247863,5.44665128399617
72,Octbeta3R,351,0.891737891737892,5.27060929107281
72,5-HT1A,351,0.851851851851852,5.87240963613646
72,5-HT1B,351,0.501424501424502,1.12133422841936
72,5-HT2A,351,0.341880341880342,0.906916467255164
72,5-HT2B,351,0.532763532763533,1.61018294668752
72,5-HT7,351,0.723646723646724,3.84432077174027
72,HisCl1,351,0.0284900284900285,0.0428848088648993
72,ort,351,0.0113960113960114,0.0313311251369578
72,VGlut,351,0.481481481481482,3.01278685162247
72,Gad1,351,0.581196581196581,5.96057124336247
72,ChAT,351,0.866096866096866,4.72948705853761
72,ple,351,0.0826210826210826,0.214454594149793
72,SerT,351,0.0284900284900285,0.149800999371472
72,Tbh,351,0.487179487179487,1.62371493829211
72,Hdc,351,0.00284900284900285,0.00404860430439512
73,GluClalpha,350,0.705714285714286,20.521048715764
73,GluRIA,350,0.0714285714285714,0.976055284124834
73,GluRIB,350,0.197142857142857,3.20775921446321
73,Nmdar1,350,0.214285714285714,2.85168460184084
73,Nmdar2,350,0.262857142857143,3.86001800867532
73,KaiR1D,350,0.0914285714285714,1.03864802447625
73,clumsy,350,0,0
73,Ekar,350,0.0171428571428571,0.167169684231875
73,mGluR,350,0.371428571428571,6.31062090242573
73,Rdl,350,0.942857142857143,58.3195644095406
73,Lcch3,350,0.0657142857142857,0.764173755736471
73,Grd,350,0.0114285714285714,0.129411336918475
73,GABA-B-R1,350,0.245714285714286,3.45323659720984
73,GABA-B-R2,350,0.168571428571429,2.1637912326638
73,GABA-B-R3,350,0.0542857142857143,0.644475146248889
73,nAChRalpha1,350,0.477142857142857,8.80761778420464
73,nAChRalpha2,350,0.0514285714285714,0.54861685918447
73,nAChRalpha3,350,0.462857142857143,8.88002721194271
73,nAChRalpha4,350,0.708571428571429,17.7243010023659
73,nAChRalpha5,350,0.785714285714286,22.9717315537417
73,nAChRalpha6,350,0.8,29.5149237114056
73,nAChRalpha7,350,0.548571428571429,13.9855971600143
73,nAChRbeta1,350,0.717142857142857,17.5814970820092
73,nAChRbeta2,350,0.0885714285714286,1.18950270086961
73,nAChRbeta3,350,0,0
73,mAChR-A,350,0.151428571428571,1.97668046232231
73,mAChR-B,350,0.06,0.845806038789896
73,mAChR-C,350,0,0
73,Dop1R1,350,0.257142857142857,4.95492144331954
73,Dop1R2,350,0.0942857142857143,1.47588586623627
73,Dop2R,350,0.368571428571429,8.30906791525911
73,DopEcR,350,0.348571428571429,5.22125379037394
73,Oamb,350,0.04,0.490558465842437
73,Octalpha2R,350,0.257142857142857,4.35926661093327
73,Octbeta1R,350,0.0228571428571429,0.323956915043036
73,Octbeta2R,350,0.322857142857143,5.68280869096348
73,Octbeta3R,350,0.24,3.72710021898025
73,5-HT1A,350,0.3,6.71151495133899
73,5-HT1B,350,0.08,1.09044479523173
73,5-HT2A,350,0.0228571428571429,0.262054522516315
73,5-HT2B,350,0.0228571428571429,0.231811827479096
73,5-HT7,350,0.108571428571429,1.45674205286768
73,HisCl1,350,0,0
73,ort,350,0,0
73,VGlut,350,0.525714285714286,12.3992558660297
73,Gad1,350,0.0285714285714286,0.475391007540566
73,ChAT,350,0.237142857142857,3.8509373262011
73,ple,350,0.0314285714285714,0.45970503228425
73,SerT,350,0.00857142857142857,0.108151162843467
73,Tbh,350,0.0628571428571429,0.811744719627886
73,Hdc,350,0,0
74,GluClalpha,342,0.827485380116959,12.1581283195463
74,GluRIA,342,0.286549707602339,0.932338185364129
74,GluRIB,342,0.570175438596491,3.72855268092392
74,Nmdar1,342,0.576023391812866,2.57818325186548
74,Nmdar2,342,0.716374269005848,5.21535881566218
74,KaiR1D,342,0.388888888888889,1.33102398794024
74,clumsy,342,0.0087719298245614,0.0197057610798656
74,Ekar,342,0.105263157894737,0.289032625825344
74,mGluR,342,0.558479532163743,5.16748861775441
74,Rdl,342,0.973684210526316,35.8376229276692
74,Lcch3,342,0.181286549707602,0.527146312682042
74,Grd,342,0.0175438596491228,0.0343624616017573
74,GABA-B-R1,342,0.608187134502924,3.38326048241569
74,GABA-B-R2,342,0.461988304093567,1.85237859725918
74,GABA-B-R3,342,0.190058479532164,0.678739995753327
74,nAChRalpha1,342,0.777777777777778,7.45113397584407
74,nAChRalpha2,342,0.192982456140351,0.534382929355376
74,nAChRalpha3,342,0.692982456140351,5.89885816419988
74,nAChRalpha4,342,0.880116959064328,14.7295407864186
74,nAChRalpha5,342,0.956140350877193,24.7646880233374
74,nAChRalpha6,342,0.953216374269006,32.509181336389
74,nAChRalpha7,342,0.710526315789474,6.90623832708974
74,nAChRbeta1,342,0.754385964912281,7.65572799078782
74,nAChRbeta2,342,0.204678362573099,0.604449147796943
74,nAChRbeta3,342,0,0
74,mAChR-A,342,0.447368421052632,1.82333205864081
74,mAChR-B,342,0.415204678362573,3.0600385803744
74,mAChR-C,342,0,0
74,Dop1R1,342,0.596491228070175,3.67682947774918
74,Dop1R2,342,0.245614035087719,0.865828297031278
74,Dop2R,342,0.865497076023392,15.2528394867807
74,DopEcR,342,0.576023391812866,3.1725643702974
74,Oamb,342,0.444444444444444,2.50816338373697
74,Octalpha2R,342,0.58187134502924,10.0252356731286
74,Octbeta1R,342,0.318713450292398,1.64499963719177
74,Octbeta2R,342,0.614035087719298,4.68925302407983
74,Octbeta3R,342,0.505847953216374,2.43191733457176
74,5-HT1A,342,0.777777777777778,7.16627142505251
74,5-HT1B,342,0.345029239766082,1.28412020357695
74,5-HT2A,342,0.0847953216374269,0.207731952024085
74,5-HT2B,342,0.62280701754386,8.49686998933728
74,5-HT7,342,0.391812865497076,2.25536453301582
74,HisCl1,342,0.0087719298245614,0.0238450164150819
74,ort,342,0,0
74,VGlut,342,0.222222222222222,0.921026781385313
74,Gad1,342,0.175438596491228,0.863462916211004
74,ChAT,342,0.365497076023392,1.64403392823873
74,ple,342,0.529239766081871,3.76790984681339
74,SerT,342,0.0263157894736842,0.337677691502243
74,Tbh,342,0.394736842105263,2.1296776294505
74,Hdc,342,0.00292397660818713,0.00643056214688176
75,GluClalpha,336,1,52.6311121170913
75,GluRIA,336,0.0267857142857143,0.0873893740546659
75,GluRIB,336,0.107142857142857,0.343064631835998
75,Nmdar1,336,0.416666666666667,1.9410411078937
75,Nmdar2,336,0.741071428571429,5.13040918295899
75,KaiR1D,336,0.282738095238095,1.08595108850725
75,clumsy,336,0.00297619047619048,0.00843591404815895
75,Ekar,336,0.0357142857142857,0.135205804476732
75,mGluR,336,0.0773809523809524,0.322569459384692
75,Rdl,336,1,87.0387366425322
75,Lcch3,336,0.193452380952381,0.849687639640687
75,Grd,336,0.00297619047619048,0.00707605914453276
75,GABA-B-R1,336,0.583333333333333,3.14968492602065
75,GABA-B-R2,336,0.479166666666667,2.04816604014515
75,GABA-B-R3,336,0.261904761904762,1.11149946541556
75,nAChRalpha1,336,0.630952380952381,4.06977946897861
75,nAChRalpha2,336,0.0476190476190476,0.142175985411881
75,nAChRalpha3,336,0.699404761904762,5.02817487811455
75,nAChRalpha4,336,0.949404761904762,16.3243856252282
75,nAChRalpha5,336,0.946428571428571,16.1497210773587
75,nAChRalpha6,336,0.946428571428571,17.8015432762673
75,nAChRalpha7,336,0.571428571428571,3.93676784041493
75,nAChRbeta1,336,0.946428571428571,13.4410692908694
75,nAChRbeta2,336,0.172619047619048,0.708969434994182
75,nAChRbeta3,336,0.00297619047619048,0.00489907897315305
75,mAChR-A,336,0.0863095238095238,0.268127384613321
75,mAChR-B,336,0.922619047619048,16.5715052334714
75,mAChR-C,336,0,0
75,Dop1R1,336,0.845238095238095,8.36343413144028
75,Dop1R2,336,0.943452380952381,13.7982200835491
75,Dop2R,336,0.464285714285714,2.53221930029619
75,DopEcR,336,0.738095238095238,6.19800676687206
75,Oamb,336,0.0327380952380952,0.11013155000194
75,Octalpha2R,336,0.107142857142857,0.51415939807466
75,Octbeta1R,336,0.613095238095238,3.63310580662381
75,Octbeta2R,336,0.4375,2.13013220634967
75,Octbeta3R,336,0.0982142857142857,0.403530507221575
75,5-HT1A,336,0.125,0.557476514203518
75,5-HT1B,336,0.19047619047619,0.649135069168936
75,5-HT2A,336,0.00892857142857143,0.0229528532134358
75,5-HT2B,336,0.37202380952381,1.65530745743289
75,5-HT7,336,0.375,2.09403178931298
75,HisCl1,336,0.0119047619047619,0.0489898492674751
75,ort,336,0,0
75,VGlut,336,0.107142857142857,0.412975602670843
75,Gad1,336,0.0833333333333333,0.59723174333638
75,ChAT,336,0.845238095238095,6.91269749288317
75,ple,336,0.0327380952380952,0.101606409035162
75,SerT,336,0.00297619047619048,0.0207689495896056
75,Tbh,336,0.0922619047619048,0.346029906277908
75,Hdc,336,0.00297619047619048,0.00817410182969095
76,GluClalpha,334,0.586826347305389,16.7744496139225
76,GluRIA,334,0.0808383233532934,1.36766261093203
76,GluRIB,334,0.356287425149701,8.13570724411646
76,Nmdar1,334,0.122754491017964,2.00259535439085
76,Nmdar2,334,0.24251497005988,3.99141624453092
76,KaiR1D,334,0.0748502994011976,1.0060768864955
76,clumsy,334,0.0029940119760479,0.0921234454168586
76,Ekar,334,0.0119760479041916,0.210147729865328
76,mGluR,334,0.227544910179641,3.94341881217316
76,Rdl,334,0.895209580838323,54.0041478737824
76,Lcch3,334,0.092814371257485,1.74891857234871
76,Grd,334,0,0
76,GABA-B-R1,334,0.227544910179641,3.61285267622921
76,GABA-B-R2,334,0.146706586826347,2.31748145280274
76,GABA-B-R3,334,0.0419161676646707,0.650015551985927
76,nAChRalpha1,334,0.464071856287425,11.0155910240689
76,nAChRalpha2,334,0.0778443113772455,1.26603056200899
76,nAChRalpha3,334,0.248502994011976,4.09618088882142
76,nAChRalpha4,334,0.583832335329341,16.173865976522
76,nAChRalpha5,334,0.748502994011976,28.1672873639217
76,nAChRalpha6,334,0.793413173652695,47.3704849077054
76,nAChRalpha7,334,0.401197604790419,9.17179487823466
76,nAChRbeta1,334,0.664670658682635,20.4748322740454
76,nAChRbeta2,334,0.0718562874251497,1.22162995540354
76,nAChRbeta3,334,0,0
76,mAChR-A,334,0.137724550898204,2.37689650560981
76,mAChR-B,334,0.18562874251497,3.27274288746259
76,mAChR-C,334,0,0
76,Dop1R1,334,0.449101796407186,9.87691768654318
76,Dop1R2,334,0.389221556886228,8.26823427370405
76,Dop2R,334,0.535928143712575,13.903271827747
76,DopEcR,334,0.308383233532934,5.68369032057265
76,Oamb,334,0.161676646706587,2.85218822554863
76,Octalpha2R,334,0.269461077844311,5.46792951361328
76,Octbeta1R,334,0.179640718562874,3.30055622574718
76,Octbeta2R,334,0.149700598802395,2.45385673830784
76,Octbeta3R,334,0.170658682634731,3.11495274674165
76,5-HT1A,334,0.305389221556886,7.07938934808169
76,5-HT1B,334,0.0988023952095808,1.44948209790762
76,5-HT2A,334,0.029940119760479,0.352612088165672
76,5-HT2B,334,0.0449101796407186,0.84901227807251
76,5-HT7,334,0.0778443113772455,1.21252862311523
76,HisCl1,334,0,0
76,ort,334,0,0
76,VGlut,334,0.116766467065868,2.69698295099559
76,Gad1,334,0.0838323353293413,1.67539203798362
76,ChAT,334,0.275449101796407,5.34908538500199
76,ple,334,0.0029940119760479,0.0317162285598295
76,SerT,334,0.00598802395209581,0.0385741910293242
76,Tbh,334,0.029940119760479,0.417351888440805
76,Hdc,334,0.0029940119760479,0.071285999429712
77,GluClalpha,324,0.959876543209877,17.8732046052727
77,GluRIA,324,0.333333333333333,0.74518765432558
77,GluRIB,324,0.62962962962963,3.05576319424088
77,Nmdar1,324,0.746913580246914,2.87892381554616
77,Nmdar2,324,0.858024691358025,5.31999915319664
77,KaiR1D,324,0.475308641975309,1.03920778827289
77,clumsy,324,0.00617283950617284,0.00485323365009921
77,Ekar,324,0.0833333333333333,0.164207847071231
77,mGluR,324,0.719135802469136,5.14523743766473
77,Rdl,324,0.996913580246914,42.8110085375193
77,Lcch3,324,0.327160493827161,0.679217806866425
77,Grd,324,0.0308641975308642,0.0393447669940783
77,GABA-B-R1,324,0.820987654320988,3.33242296717327
77,GABA-B-R2,324,0.614197530864198,1.69414811929701
77,GABA-B-R3,324,0.496913580246914,2.54929510251291
77,nAChRalpha1,324,0.87962962962963,6.41327976147071
77,nAChRalpha2,324,0.296296296296296,0.556522226636674
77,nAChRalpha3,324,0.907407407407407,7.48984770993119
77,nAChRalpha4,324,0.95679012345679,15.8753417806455
77,nAChRalpha5,324,0.972222222222222,19.8487335357358
77,nAChRalpha6,324,0.861111111111111,14.6720866712118
77,nAChRalpha7,324,0.959876543209877,15.0819289238692
77,nAChRbeta1,324,0.950617283950617,12.7729991911075
77,nAChRbeta2,324,0.317901234567901,0.635786429802864
77,nAChRbeta3,324,0,0
77,mAChR-A,324,0.660493827160494,2.27287747505786
77,mAChR-B,324,0.391975308641975,1.08447595158033
77,mAChR-C,324,0,0
77,Dop1R1,324,0.839506172839506,5.1864491935744
77,Dop1R2,324,0.358024691358025,1.15758441949055
77,Dop2R,324,0.570987654320988,3.81385118139766
77,DopEcR,324,0.777777777777778,4.72330211182762
77,Oamb,324,0.567901234567901,3.29582171690502
77,Octalpha2R,324,0.493827160493827,2.27944270647815
77,Octbeta1R,324,0.345679012345679,0.932729224323157
77,Octbeta2R,324,0.719135802469136,3.61101637168013
77,Octbeta3R,324,0.762345679012346,6.16027170329887
77,5-HT1A,324,0.626543209876543,3.90915335366259
77,5-HT1B,324,0.398148148148148,0.972096772971217
77,5-HT2A,324,0.216049382716049,0.573456902600209
77,5-HT2B,324,0.419753086419753,1.20955419527385
77,5-HT7,324,0.688271604938272,3.04669197976712
77,HisCl1,324,0.0123456790123457,0.024620435281929
77,ort,324,0.00617283950617284,0.00549672372635486
77,VGlut,324,0.290123456790123,1.04316323630476
77,Gad1,324,0.885802469135803,11.5209449194741
77,ChAT,324,0.83641975308642,4.67807516414483
77,ple,324,0.0432098765432099,0.0508776657147212
77,SerT,324,0.0277777777777778,0.0578945142028514
77,Tbh,324,0.20679012345679,0.369432965883983
77,Hdc,324,0.00308641975308642,0.0223208805140945
79,GluClalpha,320,0.8875,15.4064393592383
79,GluRIA,320,0.18125,0.76410426919475
79,GluRIB,320,0.534375,4.42656449496596
79,Nmdar1,320,0.43125,2.3430078195002
79,Nmdar2,320,0.615625,4.04805331542394
79,KaiR1D,320,0.265625,1.1448178312963
79,clumsy,320,0,0
79,Ekar,320,0.084375,0.293356683553891
79,mGluR,320,0.453125,4.41038136645102
79,Rdl,320,0.996875,45.5180999182236
79,Lcch3,320,0.11875,0.527783403814819
79,Grd,320,0.003125,0.0106238313785484
79,GABA-B-R1,320,0.5375,3.48033970443768
79,GABA-B-R2,320,0.35625,1.6296223093434
79,GABA-B-R3,320,0.225,1.15836615161816
79,nAChRalpha1,320,0.778125,9.41810928021438
79,nAChRalpha2,320,0.196875,0.81953830233667
79,nAChRalpha3,320,0.784375,8.71672443073985
79,nAChRalpha4,320,0.921875,14.1364119878597
79,nAChRalpha5,320,0.959375,25.6563037985338
79,nAChRalpha6,320,0.978125,33.7558816930204
79,nAChRalpha7,320,0.85,9.97639249598337
79,nAChRbeta1,320,0.94375,15.0310667331676
79,nAChRbeta2,320,0.196875,0.829833519110324
79,nAChRbeta3,320,0,0
79,mAChR-A,320,0.39375,1.99413412399638
79,mAChR-B,320,0.278125,1.60023196790448
79,mAChR-C,320,0,0
79,Dop1R1,320,0.671875,6.73331450217954
79,Dop1R2,320,0.19375,0.955591994300663
79,Dop2R,320,0.76875,10.5734488830116
79,DopEcR,320,0.615625,5.04240269052404
79,Oamb,320,0.25625,1.40141677079449
79,Octalpha2R,320,0.428125,4.33846689247419
79,Octbeta1R,320,0.121875,0.576186851967714
79,Octbeta2R,320,0.515625,3.95693480191635
79,Octbeta3R,320,0.578125,3.94846075621856
79,5-HT1A,320,0.61875,6.63080579609597
79,5-HT1B,320,0.209375,0.844449359248683
79,5-HT2A,320,0.115625,0.537415318285832
79,5-HT2B,320,0.209375,1.38622897786312
79,5-HT7,320,0.421875,2.81746838307233
79,HisCl1,320,0.00625,0.0208344443185328
79,ort,320,0,0
79,VGlut,320,0.08125,0.536852017844429
79,Gad1,320,0.06875,0.399369320673198
79,ChAT,320,0.653125,4.80771072709241
79,ple,320,0.065625,0.231116229970191
79,SerT,320,0.0125,0.0753948707913035
79,Tbh,320,0.125,0.736362977809027
79,Hdc,320,0.00625,0.0179344500215024
80,GluClalpha,315,0.936507936507937,24.0029189451862
80,GluRIA,315,0.228571428571429,1.21616467955914
80,GluRIB,315,0.53015873015873,5.13381141632608
80,Nmdar1,315,0.447619047619048,2.88901086489106
80,Nmdar2,315,0.634920634920635,5.06416804004808
80,KaiR1D,315,0.177777777777778,0.924080115958752
80,clumsy,315,0,0
80,Ekar,315,0.0444444444444444,0.204710346429158
80,mGluR,315,0.206349206349206,1.72895006844828
80,Rdl,315,0.974603174603175,42.0291527355771
80,Lcch3,315,0.13968253968254,0.606689455359632
80,Grd,315,0.00634920634920635,0.0229969657042283
80,GABA-B-R1,315,0.517460317460318,3.67714962934711
80,GABA-B-R2,315,0.371428571428571,2.07337794160396
80,GABA-B-R3,315,0.288888888888889,1.93610773121989
80,nAChRalpha1,315,0.749206349206349,8.29732564258715
80,nAChRalpha2,315,0.13968253968254,0.682798248366746
80,nAChRalpha3,315,0.679365079365079,9.20293874903864
80,nAChRalpha4,315,0.834920634920635,14.1197849835181
80,nAChRalpha5,315,0.93968253968254,18.7678133488698
80,nAChRalpha6,315,0.955555555555556,49.232336066014
80,nAChRalpha7,315,0.774603174603175,9.05449685875558
80,nAChRbeta1,315,0.901587301587302,15.4233607978489
80,nAChRbeta2,315,0.174603174603175,0.91272725427877
80,nAChRbeta3,315,0,0
80,mAChR-A,315,0.403174603174603,2.52508714072915
80,mAChR-B,315,0.219047619047619,1.4970608530554
80,mAChR-C,315,0.00317460317460317,0.00515106794516173
80,Dop1R1,315,0.568253968253968,5.99306732582136
80,Dop1R2,315,0.0825396825396825,0.522168186665136
80,Dop2R,315,0.498412698412698,6.64645393359358
80,DopEcR,315,0.628571428571429,5.48143779799138
80,Oamb,315,0.180952380952381,1.39855375557595
80,Octalpha2R,315,0.523809523809524,6.19834491794734
80,Octbeta1R,315,0.196825396825397,1.28714895554639
80,Octbeta2R,315,0.501587301587302,4.3351266789699
80,Octbeta3R,315,0.415873015873016,3.18052783828208
80,5-HT1A,315,0.584126984126984,6.19886646314826
80,5-HT1B,315,0.231746031746032,1.23631967948279
80,5-HT2A,315,0.0825396825396825,0.397916457317436
80,5-HT2B,315,0.355555555555556,2.31660432106736
80,5-HT7,315,0.336507936507937,2.34775971073828
80,HisCl1,315,0.00634920634920635,0.033489503535198
80,ort,315,0,0
80,VGlut,315,0.0920634920634921,0.45710235604895
80,Gad1,315,0.0920634920634921,0.574543726857351
80,ChAT,315,0.66031746031746,6.34366321275983
80,ple,315,0.0253968253968254,0.0850795218204813
80,SerT,315,0,0
80,Tbh,315,0.250793650793651,1.74207517131595
80,Hdc,315,0,0
81,GluClalpha,313,0.894568690095847,11.6406458850881
81,GluRIA,313,0.376996805111821,0.895057931666814
81,GluRIB,313,0.661341853035144,3.07006929037728
81,Nmdar1,313,0.680511182108626,2.69161825082669
81,Nmdar2,313,0.769968051118211,4.91164664260225
81,KaiR1D,313,0.488817891373802,1.30940090016083
81,clumsy,313,0.00319488817891374,0.00356532549817402
81,Ekar,313,0.0990415335463259,0.185595449898795
81,mGluR,313,0.824281150159744,7.30587998346277
81,Rdl,313,0.980830670926517,37.5193693491544
81,Lcch3,313,0.268370607028754,0.670045403484355
81,Grd,313,0.115015974440895,0.366856973535943
81,GABA-B-R1,313,0.680511182108626,2.82478170059386
81,GABA-B-R2,313,0.5814696485623,1.81276832747751
81,GABA-B-R3,313,0.386581469648562,3.62829533321291
81,nAChRalpha1,313,0.900958466453674,10.0051084194799
81,nAChRalpha2,313,0.364217252396166,0.766800604265478
81,nAChRalpha3,313,0.926517571884984,12.9905507724872
81,nAChRalpha4,313,0.961661341853035,17.5844443590286
81,nAChRalpha5,313,0.92332268370607,12.2078680924255
81,nAChRalpha6,313,0.987220447284345,52.075640598077
81,nAChRalpha7,313,0.814696485623003,7.2052874454192
81,nAChRbeta1,313,0.926517571884984,11.2962771300155
81,nAChRbeta2,313,0.306709265175719,0.648462499879478
81,nAChRbeta3,313,0,0
81,mAChR-A,313,0.495207667731629,1.39025225410095
81,mAChR-B,313,0.115015974440895,0.323240636593619
81,mAChR-C,313,0,0
81,Dop1R1,313,0.552715654952077,2.18078588639589
81,Dop1R2,313,0.293929712460064,1.2891045550879
81,Dop2R,313,0.549520766773163,2.96556276441697
81,DopEcR,313,0.741214057507987,3.53195361758339
81,Oamb,313,0.431309904153355,1.37023664678047
81,Octalpha2R,313,0.233226837060703,0.781692644077427
81,Octbeta1R,313,0.725239616613419,6.65704960075721
81,Octbeta2R,313,0.789137380191693,6.14688393732275
81,Octbeta3R,313,0.638977635782748,4.31320632441816
81,5-HT1A,313,0.437699680511182,2.45140880002263
81,5-HT1B,313,0.380191693290735,0.818054546140404
81,5-HT2A,313,0.169329073482428,0.467855871680545
81,5-HT2B,313,0.31629392971246,1.10572338225185
81,5-HT7,313,0.376996805111821,1.68851219776235
81,HisCl1,313,0,0
81,ort,313,0.00319488817891374,0.0106697812943796
81,VGlut,313,0.185303514376997,0.349766324072256
81,Gad1,313,0.124600638977636,0.314751902916702
81,ChAT,313,0.805111821086262,5.23714449556539
81,ple,313,0.0511182108626198,0.0807824659213225
81,SerT,313,0.0191693290734824,0.0769652506879729
81,Tbh,313,0.146964856230032,0.532117002199176
81,Hdc,313,0,0
82,GluClalpha,309,0.993527508090615,21.855535621806
82,GluRIA,309,0.478964401294498,1.06551557543332
82,GluRIB,309,0.831715210355987,5.2647031927148
82,Nmdar1,309,0.776699029126214,2.48881759503595
82,Nmdar2,309,0.902912621359223,5.6160255212796
82,KaiR1D,309,0.456310679611651,0.903829820917021
82,clumsy,309,0.00647249190938511,0.0194649677998182
82,Ekar,309,0.197411003236246,0.333891790514982
82,mGluR,309,0.744336569579288,4.18118197210524
82,Rdl,309,1,44.2941417281339
82,Lcch3,309,0.40453074433657,0.837037247098136
82,Grd,309,0.0809061488673139,0.22682825910586
82,GABA-B-R1,309,0.902912621359223,3.92298960480068
82,GABA-B-R2,309,0.773462783171521,2.31872968038267
82,GABA-B-R3,309,0.485436893203884,1.49081114666326
82,nAChRalpha1,309,0.977346278317152,10.4406412364795
82,nAChRalpha2,309,0.433656957928803,0.832605090806731
82,nAChRalpha3,309,0.970873786407767,9.80564291264107
82,nAChRalpha4,309,0.974110032362459,18.9294084331002
82,nAChRalpha5,309,0.993527508090615,27.2359865110663
82,nAChRalpha6,309,1,39.5724046930141
82,nAChRalpha7,309,0.983818770226537,15.4798754446686
82,nAChRbeta1,309,0.993527508090615,15.7241696664204
82,nAChRbeta2,309,0.517799352750809,1.13367825524676
82,nAChRbeta3,309,0,0
82,mAChR-A,309,0.844660194174757,3.71843226835714
82,mAChR-B,309,0.485436893203884,1.6991808903994
82,mAChR-C,309,0,0
82,Dop1R1,309,0.84789644012945,4.96718131476855
82,Dop1R2,309,0.621359223300971,2.61376158096124
82,Dop2R,309,0.938511326860841,10.1923996556086
82,DopEcR,309,0.938511326860841,5.09590241473474
82,Oamb,309,0.595469255663431,1.86432226633809
82,Octalpha2R,309,0.877022653721683,8.24324204494703
82,Octbeta1R,309,0.546925566343042,1.7692512575421
82,Octbeta2R,309,0.877022653721683,5.97932437368275
82,Octbeta3R,309,0.786407766990291,3.59872980007458
82,5-HT1A,309,0.870550161812298,6.75137576792305
82,5-HT1B,309,0.530744336569579,1.23759881978777
82,5-HT2A,309,0.333333333333333,0.885031318741091
82,5-HT2B,309,0.598705501618123,2.65555942690385
82,5-HT7,309,0.789644012944984,3.8941385409266
82,HisCl1,309,0.00970873786407767,0.00880297275693157
82,ort,309,0.00970873786407767,0.0224987003485589
82,VGlut,309,0.585760517799353,3.47041366590082
82,Gad1,309,0.6957928802589,6.61601870602905
82,ChAT,309,0.864077669902913,4.28109011094315
82,ple,309,0.0550161812297735,0.117461762564498
82,SerT,309,0.058252427184466,0.194841918505492
82,Tbh,309,0.514563106796117,3.70116652017215
82,Hdc,309,0.0161812297734628,0.191204420350846
83,GluClalpha,309,0.928802588996764,17.6099013381919
83,GluRIA,309,0.15210355987055,0.403434595465403
83,GluRIB,309,0.352750809061489,1.87196045617212
83,Nmdar1,309,0.472491909385113,2.09835948713085
83,Nmdar2,309,0.731391585760518,4.66314867196821
83,KaiR1D,309,0.349514563106796,1.30284701058445
83,clumsy,309,0.00323624595469256,0.00358825363642594
83,Ekar,309,0.0258899676375405,0.069422180469074
83,mGluR,309,0.799352750809062,6.87034043915355
83,Rdl,309,0.98705501618123,35.796656675469
83,Lcch3,309,0.190938511326861,0.526103071324298
83,Grd,309,0.0194174757281553,0.078814829377177
83,GABA-B-R1,309,0.511326860841424,2.5424711341917
83,GABA-B-R2,309,0.420711974110032,1.83439193610273
83,GABA-B-R3,309,0.521035598705502,2.80941847424247
83,nAChRalpha1,309,0.906148867313916,9.9207897062294
83,nAChRalpha2,309,0.190938511326861,0.623702567376554
83,nAChRalpha3,309,0.844660194174757,8.25222150123567
83,nAChRalpha4,309,0.880258899676375,13.259480506409
83,nAChRalpha5,309,0.974110032362459,22.636953600726
83,nAChRalpha6,309,0.906148867313916,14.6834573136367
83,nAChRalpha7,309,0.822006472491909,9.20757772569473
83,nAChRbeta1,309,0.938511326860841,12.0607751227056
83,nAChRbeta2,309,0.203883495145631,0.713509102575927
83,nAChRbeta3,309,0,0
83,mAChR-A,309,0.56957928802589,2.80250930251553
83,mAChR-B,309,0.16504854368932,0.471548161537211
83,mAChR-C,309,0,0
83,Dop1R1,309,0.718446601941748,5.63115377900448
83,Dop1R2,309,0.899676375404531,12.3983723235879
83,Dop2R,309,0.902912621359223,21.4939299050427
83,DopEcR,309,0.559870550161812,3.159823748565
83,Oamb,309,0.11326860841424,0.389570504147087
83,Octalpha2R,309,0.828478964401295,9.61776371395992
83,Octbeta1R,309,0.40453074433657,3.18507087742214
83,Octbeta2R,309,0.527508090614887,2.83131121937899
83,Octbeta3R,309,0.757281553398058,7.79239514761215
83,5-HT1A,309,0.948220064724919,19.1650837467436
83,5-HT1B,309,0.446601941747573,1.8847188052462
83,5-HT2A,309,0.110032362459547,0.427010919146739
83,5-HT2B,309,0.44336569579288,2.35872418308818
83,5-HT7,309,0.375404530744337,2.00805705288497
83,HisCl1,309,0.00647249190938511,0.0146676323606816
83,ort,309,0,0
83,VGlut,309,0.902912621359223,13.7014184817966
83,Gad1,309,0.0906148867313916,0.415832209047713
83,ChAT,309,0.203883495145631,0.683433358494275
83,ple,309,0.0226537216828479,0.0644209285029634
83,SerT,309,0.00647249190938511,0.0410335955866473
83,Tbh,309,0.352750809061489,1.53412665918937
83,Hdc,309,0,0
84,GluClalpha,303,0.947194719471947,15.5975428763768
84,GluRIA,303,0.534653465346535,2.35667910661187
84,GluRIB,303,0.887788778877888,9.2837264797711
84,Nmdar1,303,0.63036303630363,2.53272051385167
84,Nmdar2,303,0.828382838283828,6.10059060459894
84,KaiR1D,303,0.448844884488449,1.27352977660648
84,clumsy,303,0.0033003300330033,0.00255839537442116
84,Ekar,303,0.0495049504950495,0.0940141829802616
84,mGluR,303,0.557755775577558,4.4109384172322
84,Rdl,303,0.996699669966997,35.4279682138441
84,Lcch3,303,0.191419141914191,0.602851930695407
84,Grd,303,0.0165016501650165,0.0438794582613284
84,GABA-B-R1,303,0.666666666666667,3.12353299995209
84,GABA-B-R2,303,0.610561056105611,2.56712970829426
84,GABA-B-R3,303,0.211221122112211,0.795566194419121
84,nAChRalpha1,303,0.920792079207921,9.81525832596315
84,nAChRalpha2,303,0.231023102310231,0.514288628035328
84,nAChRalpha3,303,0.732673267326733,4.98356262194832
84,nAChRalpha4,303,0.933993399339934,13.9347897093346
84,nAChRalpha5,303,0.973597359735974,18.9613021152617
84,nAChRalpha6,303,0.976897689768977,25.1058917280552
84,nAChRalpha7,303,0.97029702970297,21.3006893088228
84,nAChRbeta1,303,0.943894389438944,13.6270340374188
84,nAChRbeta2,303,0.313531353135314,0.873434007687109
84,nAChRbeta3,303,0,0
84,mAChR-A,303,0.564356435643564,2.1957473953175
84,mAChR-B,303,0.207920792079208,0.764462886013459
84,mAChR-C,303,0,0
84,Dop1R1,303,0.382838283828383,1.45246682906524
84,Dop1R2,303,0.584158415841584,4.1955140494479
84,Dop2R,303,0.864686468646865,12.8664537771313
84,DopEcR,303,0.633663366336634,3.39629980005665
84,Oamb,303,0.323432343234323,1.52768775804751
84,Octalpha2R,303,0.633663366336634,4.65298000086044
84,Octbeta1R,303,0.207920792079208,0.740803745717158
84,Octbeta2R,303,0.627062706270627,4.29590565937512
84,Octbeta3R,303,0.524752475247525,2.62785882746022
84,5-HT1A,303,0.785478547854785,6.84193412631017
84,5-HT1B,303,0.392739273927393,1.32728229180425
84,5-HT2A,303,0.128712871287129,0.413264217884308
84,5-HT2B,303,0.455445544554456,2.49143854160117
84,5-HT7,303,0.65016501650165,4.52053237990103
84,HisCl1,303,0.0132013201320132,0.046147818409847
84,ort,303,0.0099009900990099,0.0426077392533779
84,VGlut,303,0.267326732673267,1.50780949461456
84,Gad1,303,0.937293729372937,14.9137414482221
84,ChAT,303,0.768976897689769,4.33038413359105
84,ple,303,0.0198019801980198,0.0373101227735258
84,SerT,303,0.0297029702970297,0.136627376259134
84,Tbh,303,0.191419141914191,0.662740453286352
84,Hdc,303,0.0033003300330033,0.00691893088679937
85,GluClalpha,299,0.933110367892977,19.9274324932308
85,GluRIA,299,0.11371237458194,0.434465301004915
85,GluRIB,299,0.244147157190635,1.31382448006957
85,Nmdar1,299,0.287625418060201,1.64818523216363
85,Nmdar2,299,0.478260869565217,3.37802280955342
85,KaiR1D,299,0.25752508361204,1.26243522901876
85,clumsy,299,0,0
85,Ekar,299,0.00668896321070234,0.0209808770403472
85,mGluR,299,0.0769230769230769,0.343272151496429
85,Rdl,299,0.996655518394649,120.545894323888
85,Lcch3,299,0.0969899665551839,0.38716043243674
85,Grd,299,0,0
85,GABA-B-R1,299,0.411371237458194,2.32578025113793
85,GABA-B-R2,299,0.317725752508361,1.5711159107433
85,GABA-B-R3,299,0.0267558528428094,0.135500887713308
85,nAChRalpha1,299,0.625418060200669,5.88550000917586
85,nAChRalpha2,299,0.107023411371237,0.41667723094831
85,nAChRalpha3,299,0.762541806020067,8.26303132056208
85,nAChRalpha4,299,0.882943143812709,14.2819778497844
85,nAChRalpha5,299,0.899665551839465,14.378905232018
85,nAChRalpha6,299,0.792642140468228,13.2072764541535
85,nAChRalpha7,299,0.508361204013378,4.77942462727542
85,nAChRbeta1,299,0.862876254180602,12.767908691949
85,nAChRbeta2,299,0.123745819397993,0.501283021184289
85,nAChRbeta3,299,0,0
85,mAChR-A,299,0.290969899665552,1.50418936208619
85,mAChR-B,299,0.0535117056856187,0.255713458575777
85,mAChR-C,299,0,0
85,Dop1R1,299,0.74247491638796,8.5420873437379
85,Dop1R2,299,0.0769230769230769,0.344040867765598
85,Dop2R,299,0.277591973244147,2.3078084876058
85,DopEcR,299,0.551839464882943,4.43074884469254
85,Oamb,299,0.0802675585284281,0.404281894821294
85,Octalpha2R,299,0.394648829431438,2.95183507106043
85,Octbeta1R,299,0.0167224080267559,0.0317326898576729
85,Octbeta2R,299,0.22742474916388,1.72377903448677
85,Octbeta3R,299,0.17056856187291,1.05432046887486
85,5-HT1A,299,0.555183946488294,5.73155684900997
85,5-HT1B,299,0.197324414715719,0.848396075144471
85,5-HT2A,299,0.0334448160535117,0.114788338344035
85,5-HT2B,299,0.0568561872909699,0.254179630611906
85,5-HT7,299,0.0836120401337793,0.591619062163476
85,HisCl1,299,0.00668896321070234,0.0153367595171622
85,ort,299,0,0
85,VGlut,299,0.8561872909699,13.3380450261616
85,Gad1,299,0.0468227424749164,0.262925530746494
85,ChAT,299,0.615384615384615,5.64272786981349
85,ple,299,0.020066889632107,0.131029326047191
85,SerT,299,0.00668896321070234,0.0135395896646698
85,Tbh,299,0.0267558528428094,0.132758546036615
85,Hdc,299,0,0
86,GluClalpha,296,0.679054054054054,18.2882313507939
86,GluRIA,296,0.0337837837837838,0.298283273292457
86,GluRIB,296,0.101351351351351,1.45336855116535
86,Nmdar1,296,0.172297297297297,2.12739537779857
86,Nmdar2,296,0.195945945945946,2.68150212137213
86,KaiR1D,296,0.114864864864865,1.27544708553456
86,clumsy,296,0,0
86,Ekar,296,0.0506756756756757,0.470812027436617
86,mGluR,296,0.209459459459459,3.03405709293098
86,Rdl,296,0.888513513513514,40.4271184132194
86,Lcch3,296,0.0945945945945946,0.976758799911926
86,Grd,296,0,0
86,GABA-B-R1,296,0.290540540540541,4.33131572604052
86,GABA-B-R2,296,0.182432432432432,2.26796809611635
86,GABA-B-R3,296,0.0675675675675676,0.89598506243505
86,nAChRalpha1,296,0.432432432432432,7.13815970177633
86,nAChRalpha2,296,0.0574324324324324,0.521836625129301
86,nAChRalpha3,296,0.233108108108108,3.56450817211337
86,nAChRalpha4,296,0.655405405405405,14.8243277757842
86,nAChRalpha5,296,0.797297297297297,27.1651348230142
86,nAChRalpha6,296,0.777027027027027,26.8126755669682
86,nAChRalpha7,296,0.347972972972973,6.31662669884662
86,nAChRbeta1,296,0.614864864864865,13.0120080054359
86,nAChRbeta2,296,0.0810810810810811,0.963403487954984
86,nAChRbeta3,296,0,0
86,mAChR-A,296,0.155405405405405,3.43015110921108
86,mAChR-B,296,0.243243243243243,4.28093357017361
86,mAChR-C,296,0,0
86,Dop1R1,296,0.375,7.43428951298745
86,Dop1R2,296,0.219594594594595,3.36986224519635
86,Dop2R,296,0.72972972972973,24.6936851845933
86,DopEcR,296,0.310810810810811,4.49328886378884
86,Oamb,296,0.0135135135135135,0.0308176899504029
86,Octalpha2R,296,0.530405405405405,13.3348843168643
86,Octbeta1R,296,0.135135135135135,1.37696502926811
86,Octbeta2R,296,0.236486486486487,3.16664508627294
86,Octbeta3R,296,0.246621621621622,3.51837736303096
86,5-HT1A,296,0.260135135135135,3.71920321134549
86,5-HT1B,296,0.0641891891891892,0.700704460988532
86,5-HT2A,296,0.209459459459459,2.53669132031763
86,5-HT2B,296,0.236486486486487,3.39753302733304
86,5-HT7,296,0.351351351351351,5.6343578798044
86,HisCl1,296,0,0
86,ort,296,0,0
86,VGlut,296,0.0777027027027027,0.910819349981727
86,Gad1,296,0.0405405405405405,0.41622744362954
86,ChAT,296,0.422297297297297,6.44000112930865
86,ple,296,0.0168918918918919,0.23478027541317
86,SerT,296,0.0101351351351351,0.0922474292367855
86,Tbh,296,0.162162162162162,2.50431612992829
86,Hdc,296,0,0
87,GluClalpha,295,0.996610169491525,33.8150771193846
87,GluRIA,295,0.284745762711864,0.76429861783385
87,GluRIB,295,0.559322033898305,2.56829796790534
87,Nmdar1,295,0.633898305084746,2.19820391933485
87,Nmdar2,295,0.830508474576271,4.80060225236465
87,KaiR1D,295,0.416949152542373,1.07729071834571
87,clumsy,295,0,0
87,Ekar,295,0.135593220338983,0.235809185106388
87,mGluR,295,0.56271186440678,2.32794562280776
87,Rdl,295,1,64.9599345772635
87,Lcch3,295,0.325423728813559,0.836550090761377
87,Grd,295,0.0271186440677966,0.0440824103873199
87,GABA-B-R1,295,0.711864406779661,3.35862266278212
87,GABA-B-R2,295,0.627118644067797,2.17477331239308
87,GABA-B-R3,295,0.427118644067797,1.51636821199315
87,nAChRalpha1,295,0.84406779661017,5.65411415789631
87,nAChRalpha2,295,0.250847457627119,0.541412315949751
87,nAChRalpha3,295,0.874576271186441,6.56852268340496
87,nAChRalpha4,295,0.976271186440678,16.4720656363569
87,nAChRalpha5,295,0.989830508474576,20.8395745186717
87,nAChRalpha6,295,0.993220338983051,25.4203824501653
87,nAChRalpha7,295,0.884745762711864,8.82183025679347
87,nAChRbeta1,295,0.976271186440678,14.7930352750738
87,nAChRbeta2,295,0.338983050847458,0.949379153508207
87,nAChRbeta3,295,0,0
87,mAChR-A,295,0.48135593220339,1.36945680441041
87,mAChR-B,295,0.867796610169492,8.20969672877871
87,mAChR-C,295,0,0
87,Dop1R1,295,0.894915254237288,6.04246111027364
87,Dop1R2,295,0.935593220338983,7.42255063135963
87,Dop2R,295,0.820338983050847,6.74524484635488
87,DopEcR,295,0.88135593220339,5.64928185969344
87,Oamb,295,0.355932203389831,1.01944893782341
87,Octalpha2R,295,0.572881355932203,3.0800851948732
87,Octbeta1R,295,0.549152542372881,1.97680377544849
87,Octbeta2R,295,0.71864406779661,3.84721421372918
87,Octbeta3R,295,0.51864406779661,1.99898917173749
87,5-HT1A,295,0.647457627118644,3.52292486055819
87,5-HT1B,295,0.325423728813559,0.835668031423855
87,5-HT2A,295,0.166101694915254,0.412047373175343
87,5-HT2B,295,0.508474576271186,1.6681044225819
87,5-HT7,295,0.528813559322034,2.3861172981761
87,HisCl1,295,0,0
87,ort,295,0,0
87,VGlut,295,0.413559322033898,1.86627214393779
87,Gad1,295,0.305084745762712,1.7942846135491
87,ChAT,295,0.898305084745763,6.07343560100418
87,ple,295,0.0745762711864407,0.219196956165324
87,SerT,295,0.0271186440677966,0.082323285386426
87,Tbh,295,0.298305084745763,0.952106497560651
87,Hdc,295,0.00338983050847458,0.0163208016777784
88,GluClalpha,293,0.860068259385666,10.5963201254356
88,GluRIA,293,0.290102389078498,0.733624438685157
88,GluRIB,293,0.546075085324232,2.78857189750801
88,Nmdar1,293,0.703071672354949,2.75124878583554
88,Nmdar2,293,0.825938566552901,4.77400188764444
88,KaiR1D,293,0.443686006825939,1.15608674777169
88,clumsy,293,0.0068259385665529,0.00726668871380883
88,Ekar,293,0.122866894197952,0.240754179667857
88,mGluR,293,0.83617747440273,7.647327028481
88,Rdl,293,0.982935153583618,32.6664563828323
88,Lcch3,293,0.191126279863481,0.40099906882163
88,Grd,293,0.0989761092150171,0.33292247767323
88,GABA-B-R1,293,0.68259385665529,2.79482397388998
88,GABA-B-R2,293,0.532423208191126,1.51376506438318
88,GABA-B-R3,293,0.457337883959044,1.89203197473658
88,nAChRalpha1,293,0.849829351535836,7.76789071857016
88,nAChRalpha2,293,0.273037542662116,0.711792195807587
88,nAChRalpha3,293,0.890784982935154,8.30761663376175
88,nAChRalpha4,293,0.965870307167236,16.1118727026756
88,nAChRalpha5,293,0.965870307167236,21.5155811674865
88,nAChRalpha6,293,0.982935153583618,33.3194559336497
88,nAChRalpha7,293,0.914675767918089,13.692609684055
88,nAChRbeta1,293,0.9419795221843,11.3789935245715
88,nAChRbeta2,293,0.361774744027304,0.913170006506317
88,nAChRbeta3,293,0,0
88,mAChR-A,293,0.627986348122867,2.33900516687828
88,mAChR-B,293,0.225255972696246,2.16037954052542
88,mAChR-C,293,0,0
88,Dop1R1,293,0.416382252559727,1.70753867323487
88,Dop1R2,293,0.689419795221843,5.00026893431346
88,Dop2R,293,0.774744027303754,6.36401008371763
88,DopEcR,293,0.723549488054608,3.98084680673825
88,Oamb,293,0.696245733788396,3.8180412031299
88,Octalpha2R,293,0.48122866894198,3.57930164723515
88,Octbeta1R,293,0.37542662116041,1.4902070668117
88,Octbeta2R,293,0.655290102389079,4.85967066908322
88,Octbeta3R,293,0.720136518771331,3.74854328156256
88,5-HT1A,293,0.726962457337884,6.31665403687007
88,5-HT1B,293,0.344709897610922,0.809124502973642
88,5-HT2A,293,0.119453924914676,0.361444990874547
88,5-HT2B,293,0.283276450511945,1.34215230638109
88,5-HT7,293,0.358361774744027,1.76204095690995
88,HisCl1,293,0.0204778156996587,0.0170343547584288
88,ort,293,0.0409556313993174,0.102067024366007
88,VGlut,293,0.184300341296928,0.552424242630569
88,Gad1,293,0.180887372013652,0.796433533262541
88,ChAT,293,0.805460750853242,4.5857375411365
88,ple,293,0.0955631399317406,0.199611968123894
88,SerT,293,0.0102389078498294,0.0182652427378802
88,Tbh,293,0.184300341296928,0.738970871923408
88,Hdc,293,0.0102389078498294,0.00926748361506321
89,GluClalpha,291,0.780068728522337,14.3325798000469
89,GluRIA,291,0.34020618556701,1.27288272758144
89,GluRIB,291,0.800687285223368,7.47657990030779
89,Nmdar1,291,0.436426116838488,2.25954276183933
89,Nmdar2,291,0.707903780068729,5.41510819514771
89,KaiR1D,291,0.25085910652921,0.749441315380403
89,clumsy,291,0.00343642611683849,0.00669346730977501
89,Ekar,291,0.0584192439862543,0.113283810474975
89,mGluR,291,0.762886597938144,6.35081734096146
89,Rdl,291,0.969072164948454,28.4772888663195
89,Lcch3,291,0.154639175257732,0.453840411139172
89,Grd,291,0.00687285223367698,0.00878832974422671
89,GABA-B-R1,291,0.584192439862543,3.36254626282287
89,GABA-B-R2,291,0.436426116838488,1.97129157368133
89,GABA-B-R3,291,0.285223367697594,1.46595031338378
89,nAChRalpha1,291,0.797250859106529,7.72685742322464
89,nAChRalpha2,291,0.147766323024055,0.351055264962606
89,nAChRalpha3,291,0.580756013745705,3.75140463827049
89,nAChRalpha4,291,0.821305841924399,10.8186581803314
89,nAChRalpha5,291,0.941580756013746,22.5656013148379
89,nAChRalpha6,291,0.938144329896907,23.4949202748083
89,nAChRalpha7,291,0.694158075601375,7.10687072348639
89,nAChRbeta1,291,0.807560137457045,9.9369076631203
89,nAChRbeta2,291,0.209621993127148,0.696468391122955
89,nAChRbeta3,291,0,0
89,mAChR-A,291,0.474226804123711,2.28364836081301
89,mAChR-B,291,0.436426116838488,3.4518833128925
89,mAChR-C,291,0,0
89,Dop1R1,291,0.388316151202749,2.35587255121933
89,Dop1R2,291,0.11340206185567,0.31828049263148
89,Dop2R,291,0.824742268041237,10.9230612304341
89,DopEcR,291,0.525773195876289,3.07539489683336
89,Oamb,291,0.0824742268041237,0.215461413734588
89,Octalpha2R,291,0.281786941580756,1.74290198756639
89,Octbeta1R,291,0.0859106529209622,0.215311671218791
89,Octbeta2R,291,0.398625429553265,2.05384640156137
89,Octbeta3R,291,0.40893470790378,2.0331254795319
89,5-HT1A,291,0.701030927835052,6.10894774176009
89,5-HT1B,291,0.230240549828179,0.928009512932576
89,5-HT2A,291,0.0343642611683849,0.0695929065875709
89,5-HT2B,291,0.202749140893471,0.998798367887453
89,5-HT7,291,0.608247422680412,4.51021201919048
89,HisCl1,291,0.00343642611683849,0.00811530550676228
89,ort,291,0.00687285223367698,0.0432140697809682
89,VGlut,291,0.862542955326461,11.0859375111885
89,Gad1,291,0.0859106529209622,0.374776113731232
89,ChAT,291,0.213058419243986,0.96272527982456
89,ple,291,0.0309278350515464,0.13330351311036
89,SerT,291,0.0549828178694158,0.15923836094044
89,Tbh,291,0.175257731958763,0.867998856807953
89,Hdc,291,0,0
90,GluClalpha,289,0.979238754325259,23.5371068287731
90,GluRIA,289,0.190311418685121,0.586472946650671
90,GluRIB,289,0.505190311418685,2.71252856930272
90,Nmdar1,289,0.570934256055363,2.85719734529661
90,Nmdar2,289,0.716262975778547,4.73756402883912
90,KaiR1D,289,0.294117647058824,0.985517850881559
90,clumsy,289,0,0
90,Ekar,289,0.069204152249135,0.186657284359766
90,mGluR,289,0.43598615916955,2.45728370712482
90,Rdl,289,0.996539792387543,38.9215595100463
90,Lcch3,289,0.200692041522491,0.675869017877491
90,Grd,289,0.0207612456747405,0.116920724732246
90,GABA-B-R1,289,0.629757785467128,3.06169792504442
90,GABA-B-R2,289,0.519031141868512,2.10071221625178
90,GABA-B-R3,289,0.231833910034602,0.819770888187981
90,nAChRalpha1,289,0.716262975778547,5.95344721820647
90,nAChRalpha2,289,0.173010380622837,0.43694604971932
90,nAChRalpha3,289,0.747404844290657,6.27634061145702
90,nAChRalpha4,289,0.955017301038062,14.7720774455434
90,nAChRalpha5,289,0.996539792387543,35.5005144510944
90,nAChRalpha6,289,0.961937716262976,26.4089766362003
90,nAChRalpha7,289,0.719723183391004,7.38771134481949
90,nAChRbeta1,289,0.975778546712803,15.3970678426518
90,nAChRbeta2,289,0.252595155709343,0.817014297106149
90,nAChRbeta3,289,0,0
90,mAChR-A,289,0.432525951557093,1.75241463892166
90,mAChR-B,289,0.221453287197232,0.839128921268207
90,mAChR-C,289,0,0
90,Dop1R1,289,0.816608996539792,11.8195190577127
90,Dop1R2,289,0.366782006920415,1.98589383938308
90,Dop2R,289,0.944636678200692,20.7378133083757
90,DopEcR,289,0.643598615916955,3.51366809733035
90,Oamb,289,0.463667820069204,2.86128892795777
90,Octalpha2R,289,0.626297577854671,4.55677438948212
90,Octbeta1R,289,0.204152249134948,0.772999449464319
90,Octbeta2R,289,0.460207612456747,2.81638467194749
90,Octbeta3R,289,0.730103806228374,6.25688008305705
90,5-HT1A,289,0.508650519031142,2.74793505533701
90,5-HT1B,289,0.245674740484429,0.865009909277495
90,5-HT2A,289,0.235294117647059,0.955436044255945
90,5-HT2B,289,0.173010380622837,0.752520482132046
90,5-HT7,289,0.408304498269896,1.98098823278635
90,HisCl1,289,0,0
90,ort,289,0.00346020761245675,0.00843130509857882
90,VGlut,289,0.826989619377163,8.05104406152191
90,Gad1,289,0.193771626297578,0.99590644489234
90,ChAT,289,0.681660899653979,4.53803235340168
90,ple,289,0.0346020761245675,0.142870498950458
90,SerT,289,0.0103806228373702,0.0248431100959754
90,Tbh,289,0.43598615916955,2.61212922203419
90,Hdc,289,0.00346020761245675,0.00601147952129386
91,GluClalpha,285,0.908771929824561,18.1984353635951
91,GluRIA,285,0.196491228070175,1.16429880978913
91,GluRIB,285,0.491228070175439,5.4715694580263
91,Nmdar1,285,0.417543859649123,3.17470736268434
91,Nmdar2,285,0.603508771929825,5.6655412376362
91,KaiR1D,285,0.287719298245614,1.74096599489342
91,clumsy,285,0,0
91,Ekar,285,0.0701754385964912,0.563197887434267
91,mGluR,285,0.505263157894737,6.15672419610516
91,Rdl,285,1,47.270799277111
91,Lcch3,285,0.133333333333333,0.717745754501066
91,Grd,285,0.0421052631578947,0.260951109129272
91,GABA-B-R1,285,0.526315789473684,4.44054729238402
91,GABA-B-R2,285,0.336842105263158,2.37701396059438
91,GABA-B-R3,285,0.175438596491228,1.16805608340431
91,nAChRalpha1,285,0.72280701754386,8.72866311561095
91,nAChRalpha2,285,0.143859649122807,0.812908225820897
91,nAChRalpha3,285,0.63859649122807,9.52578970004277
91,nAChRalpha4,285,0.887719298245614,15.9122035978341
91,nAChRalpha5,285,0.957894736842105,27.6165351103693
91,nAChRalpha6,285,0.982456140350877,43.0107926031871
91,nAChRalpha7,285,0.740350877192982,10.2373731944192
91,nAChRbeta1,285,0.901754385964912,15.5475234095988
91,nAChRbeta2,285,0.178947368421053,1.0635080215305
91,nAChRbeta3,285,0,0
91,mAChR-A,285,0.357894736842105,2.67805064579268
91,mAChR-B,285,0.108771929824561,0.624345714283696
91,mAChR-C,285,0,0
91,Dop1R1,285,0.396491228070175,3.35905537007558
91,Dop1R2,285,0.256140350877193,1.62118610340398
91,Dop2R,285,0.750877192982456,16.265716290142
91,DopEcR,285,0.63859649122807,5.57109086950814
91,Oamb,285,0.291228070175439,1.99853884967818
91,Octalpha2R,285,0.414035087719298,4.12773938044805
91,Octbeta1R,285,0.207017543859649,1.13865410985447
91,Octbeta2R,285,0.701754385964912,8.96365019937504
91,Octbeta3R,285,0.305263157894737,2.18177507221094
91,5-HT1A,285,0.470175438596491,3.92250795757503
91,5-HT1B,285,0.150877192982456,0.823815102737194
91,5-HT2A,285,0.0947368421052632,0.763671609580918
91,5-HT2B,285,0.263157894736842,1.95206087802862
91,5-HT7,285,0.252631578947368,1.80113495782512
91,HisCl1,285,0,0
91,ort,285,0,0
91,VGlut,285,0.101754385964912,0.689732911287777
91,Gad1,285,0.0596491228070175,0.484213030048841
91,ChAT,285,0.642105263157895,6.09797630104493
91,ple,285,0.0385964912280702,0.1905302165354
91,SerT,285,0.00350877192982456,0.0259716649135793
91,Tbh,285,0.207017543859649,1.38302244571128
91,Hdc,285,0,0
92,GluClalpha,282,0.602836879432624,19.390958474671
92,GluRIA,282,0.049645390070922,0.890607016830544
92,GluRIB,282,0.25531914893617,5.74942047379324
92,Nmdar1,282,0.159574468085106,2.94910348684251
92,Nmdar2,282,0.269503546099291,6.1645438348817
92,KaiR1D,282,0.0602836879432624,1.07531505242432
92,clumsy,282,0,0
92,Ekar,282,0,0
92,mGluR,282,0.198581560283688,4.27403225790523
92,Rdl,282,0.858156028368794,44.1149122094866
92,Lcch3,282,0.0460992907801418,0.82457088011511
92,Grd,282,0.00709219858156028,0.243135584509705
92,GABA-B-R1,282,0.141843971631206,3.27844123195997
92,GABA-B-R2,282,0.138297872340426,2.44583242997417
92,GABA-B-R3,282,0.049645390070922,0.886181803182934
92,nAChRalpha1,282,0.386524822695035,8.91251180199016
92,nAChRalpha2,282,0.0390070921985816,0.748297748673846
92,nAChRalpha3,282,0.269503546099291,6.39507043173707
92,nAChRalpha4,282,0.613475177304965,17.6654076541729
92,nAChRalpha5,282,0.609929078014184,21.3361679556186
92,nAChRalpha6,282,0.716312056737589,29.0644342979031
92,nAChRalpha7,282,0.436170212765957,11.7469827577694
92,nAChRbeta1,282,0.592198581560284,16.59193759042
92,nAChRbeta2,282,0.049645390070922,0.835900896772869
92,nAChRbeta3,282,0,0
92,mAChR-A,282,0.148936170212766,2.76328199573194
92,mAChR-B,282,0.0390070921985816,0.868199698926961
92,mAChR-C,282,0,0
92,Dop1R1,282,0.145390070921986,3.39708116258275
92,Dop1R2,282,0.0638297872340426,1.37403664855601
92,Dop2R,282,0.372340425531915,9.85963145803865
92,DopEcR,282,0.180851063829787,3.80725584085822
92,Oamb,282,0.074468085106383,1.64390195902133
92,Octalpha2R,282,0.287234042553192,6.93332174328475
92,Octbeta1R,282,0.0567375886524823,1.13298236214822
92,Octbeta2R,282,0.202127659574468,4.30660337640907
92,Octbeta3R,282,0.099290780141844,2.23195873051147
92,5-HT1A,282,0.24468085106383,6.04620090322251
92,5-HT1B,282,0.0780141843971631,1.22993333689521
92,5-HT2A,282,0.00709219858156028,0.154099202824786
92,5-HT2B,282,0.0602836879432624,1.12595122738681
92,5-HT7,282,0.156028368794326,3.67439360577218
92,HisCl1,282,0,0
92,ort,282,0,0
92,VGlut,282,0.0780141843971631,1.50595468972584
92,Gad1,282,0.475177304964539,13.8499496685074
92,ChAT,282,0.195035460992908,3.48815131696272
92,ple,282,0.00354609929078014,0.127100333002872
92,SerT,282,0,0
92,Tbh,282,0.0567375886524823,1.33794837052965
92,Hdc,282,0.00354609929078014,0.0741861776313837
93,GluClalpha,281,0.911032028469751,37.8426822897786
93,GluRIA,281,0.156583629893238,1.10232058781144
93,GluRIB,281,0.466192170818505,6.46669134200563
93,Nmdar1,281,0.327402135231317,2.40092495376387
93,Nmdar2,281,0.523131672597865,6.81454134964087
93,KaiR1D,281,0.0747330960854093,0.407008944140202
93,clumsy,281,0,0
93,Ekar,281,0.0249110320284698,0.183510209068115
93,mGluR,281,0.483985765124555,8.15087587675859
93,Rdl,281,0.935943060498221,43.3443328508252
93,Lcch3,281,0.138790035587189,0.841714822879263
93,Grd,281,0.00355871886120996,0.0113697088217571
93,GABA-B-R1,281,0.377224199288256,3.09234407495638
93,GABA-B-R2,281,0.274021352313167,2.41135224358483
93,GABA-B-R3,281,0.494661921708185,6.51833670035478
93,nAChRalpha1,281,0.725978647686833,16.4658574170231
93,nAChRalpha2,281,0.145907473309609,0.846349802748151
93,nAChRalpha3,281,0.622775800711744,9.64135547821881
93,nAChRalpha4,281,0.750889679715303,15.8652061786802
93,nAChRalpha5,281,0.907473309608541,33.0206580185787
93,nAChRalpha6,281,0.911032028469751,43.5742169713934
93,nAChRalpha7,281,0.715302491103203,14.9770668205072
93,nAChRbeta1,281,0.832740213523132,21.1793663999237
93,nAChRbeta2,281,0.124555160142349,1.13523094207514
93,nAChRbeta3,281,0,0
93,mAChR-A,281,0.249110320284698,2.03370394723693
93,mAChR-B,281,0.516014234875445,7.38929776837913
93,mAChR-C,281,0,0
93,Dop1R1,281,0.523131672597865,7.0429205272216
93,Dop1R2,281,0.110320284697509,0.962356362107454
93,Dop2R,281,0.733096085409253,16.2964348313503
93,DopEcR,281,0.437722419928826,4.67161567339638
93,Oamb,281,0.0569395017793594,0.47569670603546
93,Octalpha2R,281,0.359430604982206,6.33514306556037
93,Octbeta1R,281,0.0213523131672598,0.174252303485705
93,Octbeta2R,281,0.209964412811388,2.17747302702206
93,Octbeta3R,281,0.113879003558719,1.0888855014185
93,5-HT1A,281,0.274021352313167,2.7778067389767
93,5-HT1B,281,0.0391459074733096,0.19598460444553
93,5-HT2A,281,0.0427046263345196,0.313103723421918
93,5-HT2B,281,0.106761565836299,0.910263664410492
93,5-HT7,281,0.483985765124555,6.43047497291306
93,HisCl1,281,0,0
93,ort,281,0.00711743772241993,0.164673600803052
93,VGlut,281,0.765124555160142,14.3092067248906
93,Gad1,281,0.0782918149466192,0.5555719153499
93,ChAT,281,0.096085409252669,0.872775775095213
93,ple,281,0,0
93,SerT,281,0.00711743772241993,0.202176766343233
93,Tbh,281,0.149466192170819,1.89944830777683
93,Hdc,281,0,0
95,GluClalpha,277,0.938628158844765,56.7670355110259
95,GluRIA,277,0.0072202166064982,0.110593978711849
95,GluRIB,277,0.0288808664259928,0.253918542289334
95,Nmdar1,277,0.151624548736462,1.8077982035802
95,Nmdar2,277,0.382671480144404,5.84638865231832
95,KaiR1D,277,0.129963898916968,1.42606078546619
95,clumsy,277,0,0
95,Ekar,277,0.0072202166064982,0.104628891585925
95,mGluR,277,0.0613718411552347,0.831166605933398
95,Rdl,277,0.992779783393502,87.7674007518079
95,Lcch3,277,0.072202166064982,0.929219647937122
95,Grd,277,0.0072202166064982,0.0569695346821594
95,GABA-B-R1,277,0.212996389891697,2.7093753321558
95,GABA-B-R2,277,0.180505415162455,2.07007211426179
95,GABA-B-R3,277,0.108303249097473,1.2197599202263
95,nAChRalpha1,277,0.36101083032491,4.90240000008823
95,nAChRalpha2,277,0.0216606498194946,0.257438343599168
95,nAChRalpha3,277,0.389891696750903,6.02442160572141
95,nAChRalpha4,277,0.725631768953069,17.7408535775774
95,nAChRalpha5,277,0.707581227436823,18.1986515688281
95,nAChRalpha6,277,0.693140794223827,17.6586125977338
95,nAChRalpha7,277,0.249097472924188,3.61476763545029
95,nAChRbeta1,277,0.635379061371841,13.2215283315467
95,nAChRbeta2,277,0.0613718411552347,0.615529749250254
95,nAChRbeta3,277,0,0
95,mAChR-A,277,0.0288808664259928,0.473797081939626
95,mAChR-B,277,0.624548736462094,15.7970306741885
95,mAChR-C,277,0,0
95,Dop1R1,277,0.55956678700361,9.96412600726509
95,Dop1R2,277,0.671480144404332,13.9506059797565
95,Dop2R,277,0.223826714801444,3.8991710241517
95,DopEcR,277,0.44043321299639,6.17315973106628
95,Oamb,277,0.0036101083032491,0.0456975734588493
95,Octalpha2R,277,0.036101083032491,0.673252426053934
95,Octbeta1R,277,0.277978339350181,4.20376557273484
95,Octbeta2R,277,0.220216606498195,3.25744568487156
95,Octbeta3R,277,0.0288808664259928,0.232392391987432
95,5-HT1A,277,0.0505415162454874,0.803894535721948
95,5-HT1B,277,0.0613718411552347,0.650447011751374
95,5-HT2A,277,0.0108303249097473,0.130457764834236
95,5-HT2B,277,0.140794223826715,1.79155428726227
95,5-HT7,277,0.180505415162455,2.41800892781841
95,HisCl1,277,0.0072202166064982,0.114359888843122
95,ort,277,0,0
95,VGlut,277,0.0252707581227437,0.273465230145684
95,Gad1,277,0.0216606498194946,0.264608036973481
95,ChAT,277,0.429602888086643,6.42803823971019
95,ple,277,0.0072202166064982,0.0542777744189435
95,SerT,277,0,0
95,Tbh,277,0.0180505415162455,0.214815594467404
95,Hdc,277,0,0
96,GluClalpha,276,0.931159420289855,18.5493575804129
96,GluRIA,276,0.217391304347826,1.30493859488446
96,GluRIB,276,0.539855072463768,4.85050359045752
96,Nmdar1,276,0.463768115942029,3.00309435652411
96,Nmdar2,276,0.61231884057971,4.7610511191947
96,KaiR1D,276,0.304347826086957,1.71057545426977
96,clumsy,276,0,0
96,Ekar,276,0.0615942028985507,0.325940052843884
96,mGluR,276,0.365942028985507,3.37712734734014
96,Rdl,276,0.985507246376812,38.7695682257971
96,Lcch3,276,0.188405797101449,1.02904368787569
96,Grd,276,0.0036231884057971,0.0273654713428784
96,GABA-B-R1,276,0.576086956521739,4.32267922853515
96,GABA-B-R2,276,0.398550724637681,2.26717026364469
96,GABA-B-R3,276,0.0797101449275362,0.443033853340392
96,nAChRalpha1,276,0.855072463768116,13.0740994810381
96,nAChRalpha2,276,0.155797101449275,0.680447742105581
96,nAChRalpha3,276,0.699275362318841,8.7402496852242
96,nAChRalpha4,276,0.894927536231884,14.0758823611662
96,nAChRalpha5,276,0.938405797101449,16.7876552140945
96,nAChRalpha6,276,0.920289855072464,26.702493347241
96,nAChRalpha7,276,0.786231884057971,9.05353141356762
96,nAChRbeta1,276,0.880434782608696,13.8763655755982
96,nAChRbeta2,276,0.181159420289855,0.871817034620619
96,nAChRbeta3,276,0,0
96,mAChR-A,276,0.311594202898551,1.76372425244962
96,mAChR-B,276,0.13768115942029,0.910484959977953
96,mAChR-C,276,0.0036231884057971,0.0130049835096809
96,Dop1R1,276,0.536231884057971,5.83547268328893
96,Dop1R2,276,0.0797101449275362,0.410125353083141
96,Dop2R,276,0.554347826086957,8.250082494643
96,DopEcR,276,0.554347826086957,3.95020538625972
96,Oamb,276,0.155797101449275,1.02691389357684
96,Octalpha2R,276,0.231884057971015,1.76879873167707
96,Octbeta1R,276,0.072463768115942,0.425328396204908
96,Octbeta2R,276,0.307971014492754,2.28975835194649
96,Octbeta3R,276,0.402173913043478,2.73143811661471
96,5-HT1A,276,0.735507246376812,9.12149455294548
96,5-HT1B,276,0.144927536231884,0.666182371243494
96,5-HT2A,276,0.0543478260869565,0.222924218069365
96,5-HT2B,276,0.181159420289855,1.17130729120959
96,5-HT7,276,0.351449275362319,4.11378552940399
96,HisCl1,276,0.0072463768115942,0.0196977498238351
96,ort,276,0,0
96,VGlut,276,0.0942028985507246,0.50559906153334
96,Gad1,276,0.0760869565217391,0.332242701364898
96,ChAT,276,0.644927536231884,5.33785908357711
96,ple,276,0.0144927536231884,0.0342175212553262
96,SerT,276,0.0072463768115942,0.0224291675622446
96,Tbh,276,0.0833333333333333,0.430525064557407
96,Hdc,276,0,0
97,GluClalpha,274,0.923357664233577,11.7238948504963
97,GluRIA,274,0.200729927007299,0.392864396840064
97,GluRIB,274,0.536496350364963,2.52177761334088
97,Nmdar1,274,0.558394160583942,1.89081442318284
97,Nmdar2,274,0.737226277372263,3.93503457099563
97,KaiR1D,274,0.41970802919708,1.13109394696095
97,clumsy,274,0.0145985401459854,0.0177710977388205
97,Ekar,274,0.0437956204379562,0.0506159906222366
97,mGluR,274,0.554744525547445,3.42110992090636
97,Rdl,274,0.989051094890511,36.1913024905608
97,Lcch3,274,0.248175182481752,0.555312056982713
97,Grd,274,0.0072992700729927,0.0102082825747856
97,GABA-B-R1,274,0.613138686131387,2.68296047865863
97,GABA-B-R2,274,0.536496350364963,1.84633740154836
97,GABA-B-R3,274,0.218978102189781,0.589889329606101
97,nAChRalpha1,274,0.846715328467153,7.13049328230942
97,nAChRalpha2,274,0.164233576642336,0.374193688463957
97,nAChRalpha3,274,0.875912408759124,8.74341462653123
97,nAChRalpha4,274,0.897810218978102,12.4787370972781
97,nAChRalpha5,274,0.963503649635036,16.2314947014199
97,nAChRalpha6,274,0.981751824817518,44.3802587652854
97,nAChRalpha7,274,0.861313868613139,9.50025707323086
97,nAChRbeta1,274,0.956204379562044,14.0464189480912
97,nAChRbeta2,274,0.262773722627737,0.538605689069193
97,nAChRbeta3,274,0,0
97,mAChR-A,274,0.481751824817518,1.39417626338773
97,mAChR-B,274,0.215328467153285,0.770456896532091
97,mAChR-C,274,0,0
97,Dop1R1,274,0.569343065693431,4.59008572632332
97,Dop1R2,274,0.321167883211679,0.950661214415822
97,Dop2R,274,0.631386861313869,4.93005525734393
97,DopEcR,274,0.686131386861314,3.3251707232305
97,Oamb,274,0.208029197080292,0.910193491813906
97,Octalpha2R,274,0.762773722627737,9.39042947691883
97,Octbeta1R,274,0.135036496350365,0.274827319058498
97,Octbeta2R,274,0.339416058394161,1.42461723340663
97,Octbeta3R,274,0.635036496350365,3.20536611637623
97,5-HT1A,274,0.609489051094891,4.12465475701752
97,5-HT1B,274,0.291970802919708,0.858004855424244
97,5-HT2A,274,0.193430656934307,0.545710674851745
97,5-HT2B,274,0.445255474452555,4.40988976599809
97,5-HT7,274,0.576642335766423,4.18554073888533
97,HisCl1,274,0.0072992700729927,0.0059417444536739
97,ort,274,0,0
97,VGlut,274,0.142335766423358,0.365724639745967
97,Gad1,274,0.167883211678832,0.499249820011222
97,ChAT,274,0.773722627737226,4.51049092649839
97,ple,274,0.0437956204379562,0.321448475560885
97,SerT,274,0.0255474452554745,0.079977407048411
97,Tbh,274,0.135036496350365,0.506517169559061
97,Hdc,274,0,0
98,GluClalpha,269,0.985130111524164,16.2576335842115
98,GluRIA,269,0.661710037174721,2.19630096940899
98,GluRIB,269,0.973977695167286,9.15887319305139
98,Nmdar1,269,0.617100371747212,1.79215018461249
98,Nmdar2,269,0.884758364312268,4.94392869975397
98,KaiR1D,269,0.531598513011153,1.22099590323216
98,clumsy,269,0.00743494423791822,0.011354630290963
98,Ekar,269,0.133828996282528,0.255308857906423
98,mGluR,269,0.587360594795539,2.22191377532673
98,Rdl,269,1,35.7227056069327
98,Lcch3,269,0.271375464684015,0.524455629152896
98,Grd,269,0.24907063197026,0.589544221248899
98,GABA-B-R1,269,0.769516728624535,2.98084035036544
98,GABA-B-R2,269,0.695167286245353,2.05308392888535
98,GABA-B-R3,269,0.315985130111524,0.817870778490333
98,nAChRalpha1,269,0.907063197026022,5.62746127659536
98,nAChRalpha2,269,0.271375464684015,0.513049201861061
98,nAChRalpha3,269,0.847583643122677,4.9819273190649
98,nAChRalpha4,269,0.981412639405205,14.1483206370397
98,nAChRalpha5,269,1,22.4271363988853
98,nAChRalpha6,269,0.996282527881041,27.7758201172252
98,nAChRalpha7,269,0.899628252788104,7.49630831610942
98,nAChRbeta1,269,0.947955390334572,9.31549231162745
98,nAChRbeta2,269,0.45724907063197,0.873996196780871
98,nAChRbeta3,269,0,0
98,mAChR-A,269,0.557620817843866,1.7671583677493
98,mAChR-B,269,0.639405204460967,2.46564667966059
98,mAChR-C,269,0,0
98,Dop1R1,269,0.903345724907063,11.4091452540171
98,Dop1R2,269,0.650557620817844,2.53743429688919
98,Dop2R,269,0.985130111524164,15.7521057483886
98,DopEcR,269,0.754646840148699,2.99339644486472
98,Oamb,269,0.397769516728625,1.4145098983224
98,Octalpha2R,269,0.661710037174721,3.19545929047345
98,Octbeta1R,269,0.862453531598513,5.33068391255767
98,Octbeta2R,269,0.620817843866171,2.89862558302499
98,Octbeta3R,269,0.907063197026022,6.50599257979043
98,5-HT1A,269,0.639405204460967,3.43826784876791
98,5-HT1B,269,0.301115241635688,0.579925264427963
98,5-HT2A,269,0.747211895910781,3.78160407046898
98,5-HT2B,269,0.401486988847584,1.03758366498375
98,5-HT7,269,0.691449814126394,2.86036138782341
98,HisCl1,269,0.0148698884758364,0.0191173998555369
98,ort,269,0.00371747211895911,0.00415406427417489
98,VGlut,269,0.929368029739777,7.42672272983256
98,Gad1,269,0.401486988847584,2.23817089843319
98,ChAT,269,0.784386617100372,3.31483444489829
98,ple,269,0.0557620817843866,0.170261675166742
98,SerT,269,0.0297397769516729,0.152559027527444
98,Tbh,269,0.282527881040892,0.809474940615824
98,Hdc,269,0.00371747211895911,0.00581127422066454
100,GluClalpha,264,0.761363636363636,12.2103311282823
100,GluRIA,264,0.113636363636364,0.738283810341871
100,GluRIB,264,0.34469696969697,2.94904270829246
100,Nmdar1,264,0.0454545454545455,0.264364023295104
100,Nmdar2,264,0.367424242424242,3.09839916513232
100,KaiR1D,264,0.147727272727273,0.767314207180199
100,clumsy,264,0,0
100,Ekar,264,0.0454545454545455,0.21429208964843
100,mGluR,264,0.0681818181818182,0.498795041463266
100,Rdl,264,0.946969696969697,32.654215815343
100,Lcch3,264,0.125,0.991384491096984
100,Grd,264,0.00757575757575758,0.0400869213210555
100,GABA-B-R1,264,0.401515151515151,2.96766842090349
100,GABA-B-R2,264,0.299242424242424,1.86887575987561
100,GABA-B-R3,264,0.0227272727272727,0.0923625296296795
100,nAChRalpha1,264,0.329545454545455,2.45467096991906
100,nAChRalpha2,264,0.0151515151515152,0.0474296145212155
100,nAChRalpha3,264,0.227272727272727,1.5073163678556
100,nAChRalpha4,264,0.852272727272727,19.0216676467719
100,nAChRalpha5,264,0.886363636363636,21.4987513535641
100,nAChRalpha6,264,0.996212121212121,61.588718202468
100,nAChRalpha7,264,0.723484848484849,11.0980792523104
100,nAChRbeta1,264,0.727272727272727,9.46936064353164
100,nAChRbeta2,264,0.136363636363636,1.03406074749153
100,nAChRbeta3,264,0,0
100,mAChR-A,264,0.185606060606061,1.29849454210496
100,mAChR-B,264,0.0416666666666667,0.290355590542557
100,mAChR-C,264,0,0
100,Dop1R1,264,0.386363636363636,3.6356695537514
100,Dop1R2,264,0.0568181818181818,0.393415664433427
100,Dop2R,264,0.821969696969697,20.5924583240495
100,DopEcR,264,0.102272727272727,0.616790963840449
100,Oamb,264,0.0265151515151515,0.0863094582115353
100,Octalpha2R,264,0.071969696969697,0.400823673121192
100,Octbeta1R,264,0.0303030303030303,0.113120552737803
100,Octbeta2R,264,0.416666666666667,3.53895017291534
100,Octbeta3R,264,0.053030303030303,0.264996463939507
100,5-HT1A,264,0.0681818181818182,0.598752489256993
100,5-HT1B,264,0.0113636363636364,0.0530998734238035
100,5-HT2A,264,0.0265151515151515,0.0808841791169301
100,5-HT2B,264,0.765151515151515,13.16843864073
100,5-HT7,264,0.791666666666667,16.1457427569483
100,HisCl1,264,0,0
100,ort,264,0,0
100,VGlut,264,0.0643939393939394,0.412915732794964
100,Gad1,264,0.0606060606060606,0.434581080970547
100,ChAT,264,0.587121212121212,6.47268658393982
100,ple,264,0.0151515151515152,0.0697259096262668
100,SerT,264,0.00378787878787879,0.0441477714204987
100,Tbh,264,0.170454545454545,1.04214133106339
100,Hdc,264,0,0
101,GluClalpha,263,0.821292775665399,13.9528290554348
101,GluRIA,263,0.326996197718631,1.93729310214261
101,GluRIB,263,0.749049429657795,8.95275084714193
101,Nmdar1,263,0.490494296577947,2.76937251993826
101,Nmdar2,263,0.600760456273764,4.69322906905453
101,KaiR1D,263,0.300380228136882,1.65236104727567
101,clumsy,263,0,0
101,Ekar,263,0.0456273764258555,0.150722434014712
101,mGluR,263,0.247148288973384,1.58028184204884
101,Rdl,263,0.977186311787072,39.5136202604839
101,Lcch3,263,0.125475285171103,0.570323762803929
101,Grd,263,0.0760456273764259,0.309778847482755
101,GABA-B-R1,263,0.456273764258555,2.60229050748375
101,GABA-B-R2,263,0.387832699619772,2.04100586253553
101,GABA-B-R3,263,0.0570342205323194,0.324732511672127
101,nAChRalpha1,263,0.855513307984791,13.6875056414818
101,nAChRalpha2,263,0.228136882129278,1.17414825850025
101,nAChRalpha3,263,0.714828897338403,7.8564380674731
101,nAChRalpha4,263,0.870722433460076,14.8516989925614
101,nAChRalpha5,263,0.790874524714829,11.645373886697
101,nAChRalpha6,263,0.939163498098859,26.9617997528921
101,nAChRalpha7,263,0.688212927756654,7.73812797362413
101,nAChRbeta1,263,0.828897338403042,11.6713552107667
101,nAChRbeta2,263,0.144486692015209,0.51856188467498
101,nAChRbeta3,263,0,0
101,mAChR-A,263,0.467680608365019,3.26637249051364
101,mAChR-B,263,0.0722433460076046,0.369793996823538
101,mAChR-C,263,0,0
101,Dop1R1,263,0.768060836501901,12.5556810354796
101,Dop1R2,263,0.269961977186312,2.0964836014826
101,Dop2R,263,0.547528517110266,6.07786879324606
101,DopEcR,263,0.55893536121673,4.19949480046821
101,Oamb,263,0.29277566539924,1.56613267215027
101,Octalpha2R,263,0.904942965779468,18.9305335067263
101,Octbeta1R,263,0.0874524714828897,0.351259184530058
101,Octbeta2R,263,0.695817490494297,7.35476096559718
101,Octbeta3R,263,0.395437262357414,2.31202160989639
101,5-HT1A,263,0.212927756653992,1.17941930258633
101,5-HT1B,263,0.155893536121673,0.586008773625257
101,5-HT2A,263,0.0570342205323194,0.225247614060003
101,5-HT2B,263,0.346007604562738,2.28871342283529
101,5-HT7,263,0.391634980988593,2.52497742729592
101,HisCl1,263,0.0152091254752852,0.0409110728633636
101,ort,263,0,0
101,VGlut,263,0.125475285171103,0.996288782712274
101,Gad1,263,0.102661596958175,0.789581537067494
101,ChAT,263,0.703422053231939,6.84448805274649
101,ple,263,0.00760456273764259,0.0164216404811549
101,SerT,263,0.00380228136882129,0.00597373349382764
101,Tbh,263,0.562737642585551,5.271717415104
101,Hdc,263,0,0
102,GluClalpha,262,0.538167938931298,9.44221521058215
102,GluRIA,262,0.099236641221374,0.867775573450772
102,GluRIB,262,0.225190839694656,2.81712293205966
102,Nmdar1,262,0.125954198473282,1.16306113498437
102,Nmdar2,262,0.225190839694656,2.54219490735924
102,KaiR1D,262,0.0916030534351145,0.610778928277003
102,clumsy,262,0,0
102,Ekar,262,0.0458015267175573,0.429665567364486
102,mGluR,262,0.259541984732824,2.89456442692671
102,Rdl,262,0.725190839694657,24.2868602577964
102,Lcch3,262,0.0801526717557252,0.733717721883935
102,Grd,262,0.0152671755725191,0.212456978474264
102,GABA-B-R1,262,0.236641221374046,2.26902427296327
102,GABA-B-R2,262,0.16793893129771,1.16631127098994
102,GABA-B-R3,262,0.0877862595419847,0.812924754329405
102,nAChRalpha1,262,0.389312977099237,5.45078149963494
102,nAChRalpha2,262,0.0763358778625954,0.43717337857979
102,nAChRalpha3,262,0.343511450381679,4.85563559354416
102,nAChRalpha4,262,0.419847328244275,6.80512798530864
102,nAChRalpha5,262,0.583969465648855,11.0383355408749
102,nAChRalpha6,262,0.583969465648855,14.6841672175865
102,nAChRalpha7,262,0.419847328244275,6.37422500579711
102,nAChRbeta1,262,0.541984732824428,9.69694664110791
102,nAChRbeta2,262,0.0687022900763359,0.548604927095667
102,nAChRbeta3,262,0.0152671755725191,0.10126276100396
102,mAChR-A,262,0.240458015267176,4.8108335714935
102,mAChR-B,262,0.156488549618321,1.72422019589625
102,mAChR-C,262,0,0
102,Dop1R1,262,0.312977099236641,4.06147218388622
102,Dop1R2,262,0.16412213740458,1.30314761712806
102,Dop2R,262,0.519083969465649,12.0464776179207
102,DopEcR,262,0.297709923664122,3.37999563332123
102,Oamb,262,0.141221374045802,1.33741746552173
102,Octalpha2R,262,0.255725190839695,3.6179607800597
102,Octbeta1R,262,0.125954198473282,1.00182784347827
102,Octbeta2R,262,0.236641221374046,2.32281682194666
102,Octbeta3R,262,0.175572519083969,1.91958281728739
102,5-HT1A,262,0.267175572519084,2.57527027220258
102,5-HT1B,262,0.0610687022900763,0.492693454930527
102,5-HT2A,262,0.049618320610687,0.526691087729869
102,5-HT2B,262,0.0610687022900763,0.629705626187241
102,5-HT7,262,0.137404580152672,1.27478709786777
102,HisCl1,262,0,0
102,ort,262,0.00763358778625954,0.067631396809568
102,VGlut,262,0.385496183206107,5.98384458744071
102,Gad1,262,0.33206106870229,5.09436623579461
102,ChAT,262,0.385496183206107,4.23959567498882
102,ple,262,0.0458015267175573,0.347008381850765
102,SerT,262,0.0229007633587786,0.127511763323854
102,Tbh,262,0.103053435114504,0.957589729835754
102,Hdc,262,0.00763358778625954,0.0276127244334482
103,GluClalpha,259,0.942084942084942,23.1383318644243
103,GluRIA,259,0.154440154440154,0.433829191557979
103,GluRIB,259,0.305019305019305,1.66097158229967
103,Nmdar1,259,0.343629343629344,1.46305131364459
103,Nmdar2,259,0.436293436293436,2.76017628925604
103,KaiR1D,259,0.312741312741313,1.13747447419013
103,clumsy,259,0,0
103,Ekar,259,0.135135135135135,0.418053315734283
103,mGluR,259,0.285714285714286,2.43984454659869
103,Rdl,259,0.969111969111969,29.6363123859513
103,Lcch3,259,0.173745173745174,0.640824713545379
103,Grd,259,0.00386100386100386,0.0108485638128796
103,GABA-B-R1,259,0.579150579150579,3.57153853990559
103,GABA-B-R2,259,0.505791505791506,2.85819727464987
103,GABA-B-R3,259,0.0772200772200772,0.258786018622794
103,nAChRalpha1,259,0.420849420849421,3.13519728457888
103,nAChRalpha2,259,0.108108108108108,0.453642145139582
103,nAChRalpha3,259,0.768339768339768,7.54057068346186
103,nAChRalpha4,259,0.891891891891892,15.3808147049099
103,nAChRalpha5,259,0.945945945945946,27.8575602609197
103,nAChRalpha6,259,0.806949806949807,15.5401225041412
103,nAChRalpha7,259,0.907335907335907,19.2970767601258
103,nAChRbeta1,259,0.861003861003861,12.4772043082703
103,nAChRbeta2,259,0.127413127413127,0.683382319985841
103,nAChRbeta3,259,0,0
103,mAChR-A,259,0.525096525096525,3.48026355079707
103,mAChR-B,259,0.444015444015444,2.40919523327668
103,mAChR-C,259,0,0
103,Dop1R1,259,0.28957528957529,1.86578535539042
103,Dop1R2,259,0.146718146718147,0.456300177346857
103,Dop2R,259,0.397683397683398,3.64660945809222
103,DopEcR,259,0.382239382239382,1.92033721839728
103,Oamb,259,0.277992277992278,1.63126911877788
103,Octalpha2R,259,0.247104247104247,1.49953976063421
103,Octbeta1R,259,0.293436293436293,1.67325076586685
103,Octbeta2R,259,0.397683397683398,2.64156462248475
103,Octbeta3R,259,0.741312741312741,7.23764815349457
103,5-HT1A,259,0.28957528957529,2.12732553635621
103,5-HT1B,259,0.1003861003861,0.389565772349241
103,5-HT2A,259,0.0617760617760618,0.228721901535228
103,5-HT2B,259,0.123552123552124,0.445870838564424
103,5-HT7,259,0.552123552123552,4.65233794015711
103,HisCl1,259,0.0193050193050193,0.0499771514769609
103,ort,259,0.00772200772200772,0.0958886959015575
103,VGlut,259,0.922779922779923,19.6660119055918
103,Gad1,259,0.0888030888030888,0.691377131476389
103,ChAT,259,0.193050193050193,0.913209085055342
103,ple,259,0.0386100386100386,0.119234689749162
103,SerT,259,0.0154440154440154,0.021812491221687
103,Tbh,259,0.104247104247104,0.730821862061956
103,Hdc,259,0,0
105,GluClalpha,257,0.875486381322957,22.9371303384532
105,GluRIA,257,0.221789883268483,1.68431077099186
105,GluRIB,257,0.649805447470817,8.21594947897993
105,Nmdar1,257,0.326848249027237,2.74664975860875
105,Nmdar2,257,0.66147859922179,8.14145208203483
105,KaiR1D,257,0.194552529182879,1.18193673953462
105,clumsy,257,0,0
105,Ekar,257,0.0116731517509728,0.0890235720570505
105,mGluR,257,0.0739299610894942,0.385567262550313
105,Rdl,257,0.914396887159533,36.425950526574
105,Lcch3,257,0.101167315175097,0.820954968119003
105,Grd,257,0,0
105,GABA-B-R1,257,0.291828793774319,2.37348085304936
105,GABA-B-R2,257,0.256809338521401,1.75503755338633
105,GABA-B-R3,257,0.0466926070038911,0.535272839476171
105,nAChRalpha1,257,0.680933852140078,9.29214525837991
105,nAChRalpha2,257,0.0817120622568093,0.309960668836364
105,nAChRalpha3,257,0.22568093385214,1.96893142367193
105,nAChRalpha4,257,0.778210116731518,15.6579709436281
105,nAChRalpha5,257,0.914396887159533,28.7672380832687
105,nAChRalpha6,257,0.859922178988327,27.2469604424662
105,nAChRalpha7,257,0.396887159533074,4.08977911995493
105,nAChRbeta1,257,0.607003891050584,7.92078102394756
105,nAChRbeta2,257,0.124513618677043,0.683445181308546
105,nAChRbeta3,257,0,0
105,mAChR-A,257,0.249027237354086,1.95343360501562
105,mAChR-B,257,0.155642023346304,1.35456986681246
105,mAChR-C,257,0,0
105,Dop1R1,257,0.591439688715953,8.19320559294062
105,Dop1R2,257,0.0544747081712062,0.517368029157245
105,Dop2R,257,0.357976653696498,3.87740146178016
105,DopEcR,257,0.66147859922179,10.303388759905
105,Oamb,257,0.0233463035019455,0.133006874525543
105,Octalpha2R,257,0.221789883268483,2.05821007207492
105,Octbeta1R,257,0.136186770428016,0.901482017559852
105,Octbeta2R,257,0.404669260700389,4.10561454424788
105,Octbeta3R,257,0.175097276264591,1.40891073353155
105,5-HT1A,257,0.11284046692607,0.82376318210482
105,5-HT1B,257,0.0466926070038911,0.248402635938156
105,5-HT2A,257,0.311284046692607,2.84132898861563
105,5-HT2B,257,0.116731517509728,1.85471978379432
105,5-HT7,257,0.680933852140078,12.7149916968259
105,HisCl1,257,0,0
105,ort,257,0,0
105,VGlut,257,0.066147859922179,0.628823480624782
105,Gad1,257,0.0583657587548638,0.36314540067697
105,ChAT,257,0.116731517509728,0.988521286076831
105,ple,257,0.0194552529182879,0.068183570319159
105,SerT,257,0.00389105058365759,0.0311533273311256
105,Tbh,257,0.0389105058365759,0.455698983538535
105,Hdc,257,0.00389105058365759,0.0982588531226664
106,GluClalpha,256,0.921875,11.6861299710094
106,GluRIA,256,0.328125,1.07014674746852
106,GluRIB,256,0.6953125,4.17130929278708
106,Nmdar1,256,0.50390625,1.55817171160349
106,Nmdar2,256,0.765625,5.58664215278675
106,KaiR1D,256,0.5390625,1.5390198826227
106,clumsy,256,0.01953125,0.0326767034227052
106,Ekar,256,0.0859375,0.13562730305987
106,mGluR,256,0.34375,1.56624379242742
106,Rdl,256,0.97265625,43.6279554101497
106,Lcch3,256,0.2109375,0.356685618916117
106,Grd,256,0.01171875,0.0238934790977207
106,GABA-B-R1,256,0.671875,3.01308475802634
106,GABA-B-R2,256,0.58203125,2.25603708222665
106,GABA-B-R3,256,0.67578125,5.82167503037894
106,nAChRalpha1,256,0.87109375,10.1988791323162
106,nAChRalpha2,256,0.22265625,0.548585809229945
106,nAChRalpha3,256,0.75390625,5.83023708074797
106,nAChRalpha4,256,0.91015625,13.4017918783331
106,nAChRalpha5,256,0.9375,17.9170873009398
106,nAChRalpha6,256,0.96484375,39.9773651866727
106,nAChRalpha7,256,0.859375,8.98084073420833
106,nAChRbeta1,256,0.86328125,8.55744842313478
106,nAChRbeta2,256,0.30859375,0.77653815146186
106,nAChRbeta3,256,0,0
106,mAChR-A,256,0.51171875,1.9251940217117
106,mAChR-B,256,0.14453125,0.296201155728948
106,mAChR-C,256,0,0
106,Dop1R1,256,0.48828125,2.64405226532799
106,Dop1R2,256,0.6640625,3.3689912232494
106,Dop2R,256,0.85546875,9.0583276036207
106,DopEcR,256,0.60546875,2.85176513970545
106,Oamb,256,0.84375,10.0670535201941
106,Octalpha2R,256,0.88671875,23.9802115195648
106,Octbeta1R,256,0.14453125,0.491939732621915
106,Octbeta2R,256,0.7265625,5.11892489196115
106,Octbeta3R,256,0.80078125,7.93028179828033
106,5-HT1A,256,0.9375,24.2848196717573
106,5-HT1B,256,0.57421875,2.27209254617813
106,5-HT2A,256,0.0546875,0.171086258162335
106,5-HT2B,256,0.37890625,0.935622971904452
106,5-HT7,256,0.8125,8.48400569432691
106,HisCl1,256,0,0
106,ort,256,0,0
106,VGlut,256,0.2265625,0.756500702083486
106,Gad1,256,0.1328125,0.652077060657935
106,ChAT,256,0.359375,1.33665780240274
106,ple,256,0.05859375,0.161580839491154
106,SerT,256,0.9140625,13.7568745380902
106,Tbh,256,0.15234375,0.355549216676936
106,Hdc,256,0.00390625,0.00549866272522523
107,GluClalpha,253,0.901185770750988,25.2387166029173
107,GluRIA,253,0.296442687747036,2.36373034377158
107,GluRIB,253,0.553359683794466,6.68355705194789
107,Nmdar1,253,0.395256916996047,3.33527590184381
107,Nmdar2,253,0.541501976284585,5.21671250121308
107,KaiR1D,253,0.16600790513834,0.990560567850164
107,clumsy,253,0.00395256916996047,0.0323186358950161
107,Ekar,253,0.0237154150197628,0.112473345600134
107,mGluR,253,0.573122529644269,7.34842957288694
107,Rdl,253,0.976284584980237,43.7676433701705
107,Lcch3,253,0.185770750988142,1.27561383548657
107,Grd,253,0.0158102766798419,0.13381162039893
107,GABA-B-R1,253,0.446640316205534,3.75969598404974
107,GABA-B-R2,253,0.292490118577075,2.09480347358233
107,GABA-B-R3,253,0.118577075098814,0.918641727859338
107,nAChRalpha1,253,0.671936758893281,9.2393855429079
107,nAChRalpha2,253,0.110671936758893,0.720886900288083
107,nAChRalpha3,253,0.731225296442688,12.6313076774224
107,nAChRalpha4,253,0.869565217391304,17.3652444199528
107,nAChRalpha5,253,0.91304347826087,22.1084844651574
107,nAChRalpha6,253,0.877470355731225,29.1732558268922
107,nAChRalpha7,253,0.778656126482213,14.9898152817362
107,nAChRbeta1,253,0.861660079051383,17.4983945998109
107,nAChRbeta2,253,0.138339920948617,0.955475002515056
107,nAChRbeta3,253,0,0
107,mAChR-A,253,0.276679841897233,2.11641828979051
107,mAChR-B,253,0.154150197628459,1.27045008985136
107,mAChR-C,253,0,0
107,Dop1R1,253,0.351778656126482,3.45771412873244
107,Dop1R2,253,0.118577075098814,0.852809264341643
107,Dop2R,253,0.533596837944664,6.30280994218019
107,DopEcR,253,0.588932806324111,6.83841973474532
107,Oamb,253,0.114624505928854,1.03497362685691
107,Octalpha2R,253,0.355731225296443,4.70618345964773
107,Octbeta1R,253,0.0988142292490119,0.943008565220548
107,Octbeta2R,253,0.541501976284585,6.16091631396735
107,Octbeta3R,253,0.371541501976285,3.27093490178565
107,5-HT1A,253,0.308300395256917,2.83183631004938
107,5-HT1B,253,0.142292490118577,1.05561909985373
107,5-HT2A,253,0.0197628458498024,0.210346242506461
107,5-HT2B,253,0.296442687747036,2.27771576597226
107,5-HT7,253,0.320158102766798,3.12345137201114
107,HisCl1,253,0.00395256916996047,0.00815130783658584
107,ort,253,0,0
107,VGlut,253,0.719367588932806,15.7495264004839
107,Gad1,253,0.0592885375494071,0.486009366522051
107,ChAT,253,0.217391304347826,2.53118516026528
107,ple,253,0.0513833992094862,0.327506989108407
107,SerT,253,0.00790513833992095,0.0239091617938117
107,Tbh,253,0.126482213438735,0.970795294896286
107,Hdc,253,0,0
108,GluClalpha,253,0.881422924901186,9.10200804454811
108,GluRIA,253,0.426877470355731,1.23816060847324
108,GluRIB,253,0.723320158102767,4.33960974642653
108,Nmdar1,253,0.683794466403162,3.63510032385171
108,Nmdar2,253,0.893280632411067,9.24144226711027
108,KaiR1D,253,0.379446640316206,1.05946262358299
108,clumsy,253,0.0158102766798419,0.0261513028260935
108,Ekar,253,0.122529644268775,0.484729934661816
108,mGluR,253,0.430830039525692,3.2951525946704
108,Rdl,253,0.992094861660079,36.7519770187001
108,Lcch3,253,0.177865612648221,0.447161149410184
108,Grd,253,0.0158102766798419,0.0169140364208691
108,GABA-B-R1,253,0.592885375494071,2.80362322714901
108,GABA-B-R2,253,0.537549407114625,2.04553729732508
108,GABA-B-R3,253,0.328063241106719,1.16681479501744
108,nAChRalpha1,253,0.948616600790514,16.5997399656643
108,nAChRalpha2,253,0.347826086956522,0.998212740713529
108,nAChRalpha3,253,0.806324110671937,7.0395313039382
108,nAChRalpha4,253,0.91699604743083,13.6125313604602
108,nAChRalpha5,253,0.964426877470356,18.5684722876634
108,nAChRalpha6,253,0.976284584980237,29.671096707646
108,nAChRalpha7,253,0.699604743083004,4.91816043754003
108,nAChRbeta1,253,0.873517786561265,9.3205014395392
108,nAChRbeta2,253,0.339920948616601,0.887614413805758
108,nAChRbeta3,253,0,0
108,mAChR-A,253,0.573122529644269,2.32226628137844
108,mAChR-B,253,0.16600790513834,0.488501852943601
108,mAChR-C,253,0,0
108,Dop1R1,253,0.545454545454545,2.61027051324361
108,Dop1R2,253,0.205533596837945,0.618653794241141
108,Dop2R,253,0.964426877470356,22.8941089111156
108,DopEcR,253,0.608695652173913,2.66647055437432
108,Oamb,253,0.569169960474308,4.01241797725893
108,Octalpha2R,253,0.695652173913044,5.09799638011449
108,Octbeta1R,253,0.486166007905138,2.48867833050127
108,Octbeta2R,253,0.652173913043478,4.28322230540703
108,Octbeta3R,253,0.375494071146245,1.30844035626857
108,5-HT1A,253,0.577075098814229,5.07084754834506
108,5-HT1B,253,0.0948616600790514,0.15845394974808
108,5-HT2A,253,0.0948616600790514,0.241224527723853
108,5-HT2B,253,0.268774703557312,1.16635198481716
108,5-HT7,253,0.517786561264822,2.22425242020288
108,HisCl1,253,0.0197628458498024,0.0325153850676802
108,ort,253,0,0
108,VGlut,253,0.158102766798419,0.451069705558786
108,Gad1,253,0.122529644268775,0.499130011050236
108,ChAT,253,0.256916996047431,0.838093187686337
108,ple,253,0.889328063241107,10.2187523851238
108,SerT,253,0.00790513833992095,0.0254811502519524
108,Tbh,253,0.130434782608696,0.399081270913802
108,Hdc,253,0,0
109,GluClalpha,253,0.996047430830039,19.6764693266625
109,GluRIA,253,0.363636363636364,1.2650265266249
109,GluRIB,253,0.758893280632411,5.24326263119296
109,Nmdar1,253,0.596837944664032,2.59740135148037
109,Nmdar2,253,0.8300395256917,6.3391774326783
109,KaiR1D,253,0.383399209486166,1.18290395936718
109,clumsy,253,0.00395256916996047,0.00521653579247786
109,Ekar,253,0.134387351778656,0.421957263672992
109,mGluR,253,0.600790513833992,4.28194568251024
109,Rdl,253,1,42.2315405747669
109,Lcch3,253,0.308300395256917,0.827987812949274
109,Grd,253,0.0197628458498024,0.0696251938982835
109,GABA-B-R1,253,0.814229249011858,4.65638447573883
109,GABA-B-R2,253,0.561264822134387,2.12437514818221
109,GABA-B-R3,253,0.284584980237154,1.02476536830151
109,nAChRalpha1,253,0.944664031620553,9.75483826126568
109,nAChRalpha2,253,0.339920948616601,1.04632790109976
109,nAChRalpha3,253,0.893280632411067,9.71278280464966
109,nAChRalpha4,253,0.964426877470356,17.2752491821413
109,nAChRalpha5,253,0.996047430830039,20.9790731177636
109,nAChRalpha6,253,0.996047430830039,30.9253896126205
109,nAChRalpha7,253,0.956521739130435,13.6704843733484
109,nAChRbeta1,253,0.988142292490119,17.3298014632524
109,nAChRbeta2,253,0.324110671936759,0.91135350796216
109,nAChRbeta3,253,0,0
109,mAChR-A,253,0.632411067193676,2.77763834521147
109,mAChR-B,253,0.395256916996047,1.87812009107135
109,mAChR-C,253,0,0
109,Dop1R1,253,0.770750988142293,5.81005836479356
109,Dop1R2,253,0.316205533596838,1.60447001937399
109,Dop2R,253,0.818181818181818,10.5985903425358
109,DopEcR,253,0.8300395256917,5.23699409549232
109,Oamb,253,0.296442687747036,1.20500136276641
109,Octalpha2R,253,0.632411067193676,6.11502405001891
109,Octbeta1R,253,0.300395256916996,1.08318365915644
109,Octbeta2R,253,0.802371541501976,6.26978688303866
109,Octbeta3R,253,0.683794466403162,3.68617446895049
109,5-HT1A,253,0.814229249011858,8.94003476463989
109,5-HT1B,253,0.363636363636364,1.23731574259544
109,5-HT2A,253,0.138339920948617,0.390851464136516
109,5-HT2B,253,0.304347826086957,1.21593720700918
109,5-HT7,253,0.553359683794466,2.92411529904879
109,HisCl1,253,0.00790513833992095,0.0104176102485034
109,ort,253,0.00790513833992095,0.0145582215559307
109,VGlut,253,0.296442687747036,1.83955288348276
109,Gad1,253,0.197628458498024,1.39314949994949
109,ChAT,253,0.810276679841897,5.29016499222202
109,ple,253,0.0474308300395257,0.174181866867992
109,SerT,253,0.0158102766798419,0.0418364688986801
109,Tbh,253,0.25296442687747,0.91221729825209
109,Hdc,253,0,0
111,GluClalpha,248,0.935483870967742,17.4890703391659
111,GluRIA,248,0.262096774193548,0.985817755189073
111,GluRIB,248,0.604838709677419,4.85419461752723
111,Nmdar1,248,0.512096774193548,2.27577310498966
111,Nmdar2,248,0.689516129032258,5.02785553834657
111,KaiR1D,248,0.318548387096774,1.30214735913959
111,clumsy,248,0,0
111,Ekar,248,0.0524193548387097,0.226710647246106
111,mGluR,248,0.693548387096774,7.00649580977019
111,Rdl,248,0.991935483870968,39.7367682425969
111,Lcch3,248,0.201612903225806,0.804122719799423
111,Grd,248,0.0282258064516129,0.0915286594941628
111,GABA-B-R1,248,0.604838709677419,3.67252415060264
111,GABA-B-R2,248,0.439516129032258,1.95642027867172
111,GABA-B-R3,248,0.237903225806452,1.02694816866046
111,nAChRalpha1,248,0.862903225806452,9.95000782703482
111,nAChRalpha2,248,0.141129032258065,0.531527880717589
111,nAChRalpha3,248,0.645161290322581,5.91007690351242
111,nAChRalpha4,248,0.92741935483871,17.6351714176525
111,nAChRalpha5,248,0.951612903225806,22.1025516961513
111,nAChRalpha6,248,0.971774193548387,29.4501404070712
111,nAChRalpha7,248,0.854838709677419,9.38564198026823
111,nAChRbeta1,248,0.94758064516129,14.16483916659
111,nAChRbeta2,248,0.213709677419355,0.85644758739481
111,nAChRbeta3,248,0,0
111,mAChR-A,248,0.532258064516129,2.66253236665049
111,mAChR-B,248,0.221774193548387,1.34106777538836
111,mAChR-C,248,0,0
111,Dop1R1,248,0.645161290322581,5.62178608809381
111,Dop1R2,248,0.431451612903226,3.35539937179216
111,Dop2R,248,0.870967741935484,14.7507288939774
111,DopEcR,248,0.69758064516129,5.18935829062475
111,Oamb,248,0.298387096774194,1.73937783915576
111,Octalpha2R,248,0.685483870967742,8.2038356041238
111,Octbeta1R,248,0.32258064516129,2.14359398881004
111,Octbeta2R,248,0.774193548387097,9.93584772372306
111,Octbeta3R,248,0.42741935483871,2.63571051882667
111,5-HT1A,248,0.858870967741936,13.6854895290877
111,5-HT1B,248,0.290322580645161,1.3192571447077
111,5-HT2A,248,0.149193548387097,0.649099867701299
111,5-HT2B,248,0.258064516129032,2.23774446758701
111,5-HT7,248,0.516129032258065,3.15430256719304
111,HisCl1,248,0.00403225806451613,0.00420991654261446
111,ort,248,0.00403225806451613,0.0266331444155623
111,VGlut,248,0.213709677419355,1.78418398729226
111,Gad1,248,0.0604838709677419,0.357704183945105
111,ChAT,248,0.806451612903226,7.07592213692996
111,ple,248,0.032258064516129,0.114010433690904
111,SerT,248,0.032258064516129,0.180135837383388
111,Tbh,248,0.330645161290323,2.27089919902368
111,Hdc,248,0,0
112,GluClalpha,247,0.870445344129555,14.4551675585215
112,GluRIA,247,0.566801619433198,3.02129345833887
112,GluRIB,247,0.874493927125506,13.6428311000284
112,Nmdar1,247,0.518218623481781,2.36709801419568
112,Nmdar2,247,0.817813765182186,8.74951529496794
112,KaiR1D,247,0.348178137651822,1.06556389458876
112,clumsy,247,0.0121457489878543,0.0250635655054998
112,Ekar,247,0.0931174089068826,0.253892501524594
112,mGluR,247,0.263157894736842,1.17552130080514
112,Rdl,247,0.975708502024291,37.63089208079
112,Lcch3,247,0.210526315789474,0.758691841263898
112,Grd,247,0.0121457489878543,0.0160535786716716
112,GABA-B-R1,247,0.574898785425101,2.80617114705717
112,GABA-B-R2,247,0.48582995951417,2.17044417470895
112,GABA-B-R3,247,0.692307692307692,6.82741011768991
112,nAChRalpha1,247,0.757085020242915,8.00249204050157
112,nAChRalpha2,247,0.226720647773279,0.703525029083653
112,nAChRalpha3,247,0.692307692307692,6.3487823865597
112,nAChRalpha4,247,0.898785425101215,15.9335255937265
112,nAChRalpha5,247,0.919028340080972,21.5868728137991
112,nAChRalpha6,247,0.975708502024291,35.0913242534464
112,nAChRalpha7,247,0.566801619433198,5.55950977652323
112,nAChRbeta1,247,0.842105263157895,10.3358847523865
112,nAChRbeta2,247,0.226720647773279,0.947782247756387
112,nAChRbeta3,247,0,0
112,mAChR-A,247,0.473684210526316,2.05123257882805
112,mAChR-B,247,0.202429149797571,0.785860683052993
112,mAChR-C,247,0,0
112,Dop1R1,247,0.57085020242915,4.07336277389215
112,Dop1R2,247,0.194331983805668,0.644830453807581
112,Dop2R,247,0.91497975708502,20.944223767568
112,DopEcR,247,0.489878542510122,2.67031543781802
112,Oamb,247,0.65587044534413,6.01321021267226
112,Octalpha2R,247,0.352226720647773,1.59472422851764
112,Octbeta1R,247,0.340080971659919,1.47305454201101
112,Octbeta2R,247,0.639676113360324,7.00640260474693
112,Octbeta3R,247,0.643724696356275,8.80572142403317
112,5-HT1A,247,0.611336032388664,6.45817589211382
112,5-HT1B,247,0.299595141700405,1.19165223596347
112,5-HT2A,247,0.210526315789474,1.07165591699456
112,5-HT2B,247,0.210526315789474,0.768799774622834
112,5-HT7,247,0.441295546558704,2.24824593244226
112,HisCl1,247,0.00404858299595142,0.00292506538252396
112,ort,247,0.00404858299595142,0.0033771963596525
112,VGlut,247,0.206477732793522,1.00151312781256
112,Gad1,247,0.186234817813765,0.971818109815045
112,ChAT,247,0.360323886639676,1.73530321612511
112,ple,247,0.801619433198381,9.16324400435605
112,SerT,247,0.0323886639676113,0.177923712335809
112,Tbh,247,0.129554655870445,0.515921034490101
112,Hdc,247,0,0
113,GluClalpha,247,0.959514170040486,23.8754487141165
113,GluRIA,247,0.360323886639676,1.68388921164289
113,GluRIB,247,0.663967611336032,6.51123353833544
113,Nmdar1,247,0.554655870445344,3.16645378564873
113,Nmdar2,247,0.700404858299595,5.65645464523993
113,KaiR1D,247,0.275303643724696,1.18718438027697
113,clumsy,247,0,0
113,Ekar,247,0.0364372469635628,0.12908579109344
113,mGluR,247,0.51417004048583,3.92742923191992
113,Rdl,247,1,43.6560099490535
113,Lcch3,247,0.222672064777328,0.953255761128722
113,Grd,247,0.00809716599190283,0.025849228677637
113,GABA-B-R1,247,0.591093117408907,4.01722558673101
113,GABA-B-R2,247,0.40080971659919,1.92366087497927
113,GABA-B-R3,247,0.336032388663968,2.53512504509201
113,nAChRalpha1,247,0.874493927125506,11.5510856183702
113,nAChRalpha2,247,0.161943319838057,0.759720032167943
113,nAChRalpha3,247,0.817813765182186,9.32331270892605
113,nAChRalpha4,247,0.91497975708502,15.1119010258466
113,nAChRalpha5,247,0.983805668016194,26.4454300230144
113,nAChRalpha6,247,0.987854251012146,40.493217031983
113,nAChRalpha7,247,0.874493927125506,14.2378035270266
113,nAChRbeta1,247,0.97165991902834,17.7295569808968
113,nAChRbeta2,247,0.259109311740891,1.19651553562693
113,nAChRbeta3,247,0,0
113,mAChR-A,247,0.481781376518219,2.70496678061934
113,mAChR-B,247,0.17004048582996,0.858589953360202
113,mAChR-C,247,0,0
113,Dop1R1,247,0.619433198380567,4.94428785700951
113,Dop1R2,247,0.279352226720648,1.4166633016329
113,Dop2R,247,0.696356275303644,8.94282219504569
113,DopEcR,247,0.716599190283401,5.78112728302338
113,Oamb,247,0.206477732793522,1.05208759386686
113,Octalpha2R,247,0.663967611336032,7.18144580559806
113,Octbeta1R,247,0.222672064777328,1.11339632451119
113,Octbeta2R,247,0.676113360323887,5.98209264650343
113,Octbeta3R,247,0.659919028340081,5.27687552216151
113,5-HT1A,247,0.59919028340081,6.90326698060492
113,5-HT1B,247,0.271255060728745,1.25432489693257
113,5-HT2A,247,0.198380566801619,1.08699186759577
113,5-HT2B,247,0.206477732793522,0.926258332291747
113,5-HT7,247,0.404858299595142,3.24887224664674
113,HisCl1,247,0,0
113,ort,247,0.00404858299595142,0.0159017399683873
113,VGlut,247,0.404858299595142,5.17631301852848
113,Gad1,247,0.133603238866397,0.979256339103579
113,ChAT,247,0.720647773279352,6.31185036812487
113,ple,247,0.0242914979757085,0.0529926990077019
113,SerT,247,0,0
113,Tbh,247,0.182186234817814,1.18486736370587
113,Hdc,247,0.00404858299595142,0.0368723405824355
114,GluClalpha,238,0.966386554621849,19.4288582883062
114,GluRIA,238,0.390756302521008,1.97456348948195
114,GluRIB,238,0.73109243697479,9.91528162890132
114,Nmdar1,238,0.5,2.38486230049922
114,Nmdar2,238,0.735294117647059,4.44546768983761
114,KaiR1D,238,0.34453781512605,1.42146729505291
114,clumsy,238,0,0
114,Ekar,238,0.0672268907563025,0.196921890649237
114,mGluR,238,0.76890756302521,6.76564907628437
114,Rdl,238,0.995798319327731,39.9579017574316
114,Lcch3,238,0.168067226890756,0.568559119836789
114,Grd,238,0.168067226890756,1.12054642663392
114,GABA-B-R1,238,0.630252100840336,3.76914449460801
114,GABA-B-R2,238,0.457983193277311,1.96888707200708
114,GABA-B-R3,238,0.252100840336134,1.26480576933624
114,nAChRalpha1,238,0.899159663865546,9.48119581964802
114,nAChRalpha2,238,0.197478991596639,0.710382052129484
114,nAChRalpha3,238,0.840336134453782,9.30302434662663
114,nAChRalpha4,238,0.953781512605042,13.6776823877821
114,nAChRalpha5,238,0.991596638655462,20.8704444187236
114,nAChRalpha6,238,0.995798319327731,35.9592107149912
114,nAChRalpha7,238,0.92436974789916,12.0826523431744
114,nAChRbeta1,238,0.953781512605042,12.9502601265479
114,nAChRbeta2,238,0.243697478991597,0.822353270412068
114,nAChRbeta3,238,0,0
114,mAChR-A,238,0.46218487394958,1.827996070205
114,mAChR-B,238,0.189075630252101,0.809808524269111
114,mAChR-C,238,0,0
114,Dop1R1,238,0.428571428571429,2.92503329810496
114,Dop1R2,238,0.315126050420168,1.43298742084389
114,Dop2R,238,0.710084033613445,7.68468414497849
114,DopEcR,238,0.697478991596639,4.46762982940533
114,Oamb,238,0.201680672268908,0.816932424131637
114,Octalpha2R,238,0.441176470588235,3.18977855450721
114,Octbeta1R,238,0.302521008403361,1.30669033292655
114,Octbeta2R,238,0.609243697478992,4.2397651509636
114,Octbeta3R,238,0.752100840336134,6.57461479619722
114,5-HT1A,238,0.647058823529412,5.04771728113594
114,5-HT1B,238,0.256302521008403,0.946061850831513
114,5-HT2A,238,0.130252100840336,0.483542058644865
114,5-HT2B,238,0.176470588235294,0.744798191615378
114,5-HT7,238,0.432773109243698,2.4350671884945
114,HisCl1,238,0.00420168067226891,0.0148679429308879
114,ort,238,0.00420168067226891,0.0063088298382416
114,VGlut,238,0.142857142857143,0.707065602710409
114,Gad1,238,0.130252100840336,0.67397340834108
114,ChAT,238,0.819327731092437,5.80260493634349
114,ple,238,0.0630252100840336,0.162151634414272
114,SerT,238,0.0126050420168067,0.0249033920279268
114,Tbh,238,0.0756302521008403,0.31193103545035
114,Hdc,238,0,0
115,GluClalpha,237,0.962025316455696,19.2224646201897
115,GluRIA,237,0.29957805907173,1.4508412487744
115,GluRIB,237,0.721518987341772,6.34000343933161
115,Nmdar1,237,0.485232067510549,2.52247448262292
115,Nmdar2,237,0.679324894514768,4.93521088084229
115,KaiR1D,237,0.270042194092827,1.08904024500704
115,clumsy,237,0,0
115,Ekar,237,0.0253164556962025,0.0586611400719949
115,mGluR,237,0.405063291139241,4.11775266870817
115,Rdl,237,1,42.7022171280104
115,Lcch3,237,0.19831223628692,0.784833750229963
115,Grd,237,0.0379746835443038,0.178570760870777
115,GABA-B-R1,237,0.556962025316456,3.31408879120486
115,GABA-B-R2,237,0.468354430379747,2.39345897212699
115,GABA-B-R3,237,0.312236286919831,1.4554024448796
115,nAChRalpha1,237,0.856540084388186,8.79595970950627
115,nAChRalpha2,237,0.194092827004219,0.716960925460502
115,nAChRalpha3,237,0.805907172995781,8.5622189634751
115,nAChRalpha4,237,0.90295358649789,15.1450755476397
115,nAChRalpha5,237,0.9957805907173,26.558370208504
115,nAChRalpha6,237,0.949367088607595,31.4248573579767
115,nAChRalpha7,237,0.911392405063291,12.688596312535
115,nAChRbeta1,237,0.932489451476793,14.5412099768412
115,nAChRbeta2,237,0.206751054852321,0.895082827475402
115,nAChRbeta3,237,0,0
115,mAChR-A,237,0.451476793248945,2.5350341424358
115,mAChR-B,237,0.0928270042194093,0.473894851211163
115,mAChR-C,237,0,0
115,Dop1R1,237,0.556962025316456,4.71001750701226
115,Dop1R2,237,0.518987341772152,4.47923748668471
115,Dop2R,237,0.59915611814346,5.73439730430404
115,DopEcR,237,0.721518987341772,5.8750432416394
115,Oamb,237,0.282700421940928,1.53215714889005
115,Octalpha2R,237,0.531645569620253,5.98078343430957
115,Octbeta1R,237,0.20253164556962,1.0012797105236
115,Octbeta2R,237,0.729957805907173,8.09331239549939
115,Octbeta3R,237,0.535864978902954,3.32650843527657
115,5-HT1A,237,0.759493670886076,11.326626549959
115,5-HT1B,237,0.375527426160338,2.01677283524843
115,5-HT2A,237,0.185654008438819,1.28333300649151
115,5-HT2B,237,0.219409282700422,1.14038055601006
115,5-HT7,237,0.443037974683544,3.36215227241591
115,HisCl1,237,0,0
115,ort,237,0,0
115,VGlut,237,0.139240506329114,1.13893682963907
115,Gad1,237,0.126582278481013,0.687621662015547
115,ChAT,237,0.713080168776371,5.86682428095734
115,ple,237,0.0464135021097046,0.130684301180188
115,SerT,237,0.0337552742616034,0.21186433922673
115,Tbh,237,0.151898734177215,0.947239987919779
115,Hdc,237,0,0
117,GluClalpha,227,0.94273127753304,27.3908795108023
117,GluRIA,227,0.198237885462555,1.20167253452629
117,GluRIB,227,0.577092511013216,4.79187951980778
117,Nmdar1,227,0.392070484581498,2.3957660330369
117,Nmdar2,227,0.625550660792952,4.78672249756772
117,KaiR1D,227,0.224669603524229,0.954876532348067
117,clumsy,227,0,0
117,Ekar,227,0.0748898678414097,0.373500658495658
117,mGluR,227,0.541850220264317,4.96867543280907
117,Rdl,227,0.991189427312775,49.6586606016943
117,Lcch3,227,0.18942731277533,1.12697863862848
117,Grd,227,0.00881057268722467,0.0292233933137939
117,GABA-B-R1,227,0.550660792951542,4.00662982085998
117,GABA-B-R2,227,0.33920704845815,1.79294639718887
117,GABA-B-R3,227,0.251101321585903,1.56405159960213
117,nAChRalpha1,227,0.837004405286344,10.8474463134565
117,nAChRalpha2,227,0.193832599118943,0.961613665912853
117,nAChRalpha3,227,0.81057268722467,10.1162605433468
117,nAChRalpha4,227,0.94273127753304,20.0821095336651
117,nAChRalpha5,227,0.964757709251101,27.3145568671211
117,nAChRalpha6,227,0.973568281938326,36.976817822036
117,nAChRalpha7,227,0.955947136563877,19.0437720800779
117,nAChRbeta1,227,0.960352422907489,18.5264504219869
117,nAChRbeta2,227,0.171806167400881,0.792529164431082
117,nAChRbeta3,227,0,0
117,mAChR-A,227,0.506607929515419,3.94421802099306
117,mAChR-B,227,0.33920704845815,2.29591975473307
117,mAChR-C,227,0,0
117,Dop1R1,227,0.515418502202643,4.39989116921083
117,Dop1R2,227,0.246696035242291,1.77171490335256
117,Dop2R,227,0.766519823788546,10.627155838224
117,DopEcR,227,0.709251101321586,5.75416297061162
117,Oamb,227,0.215859030837004,1.38953023468964
117,Octalpha2R,227,0.612334801762115,7.55372646082964
117,Octbeta1R,227,0.180616740088106,1.01308261687251
117,Octbeta2R,227,0.581497797356828,5.23715507887358
117,Octbeta3R,227,0.449339207048458,3.66630087602576
117,5-HT1A,227,0.572687224669604,5.57197149495539
117,5-HT1B,227,0.224669603524229,1.27698703677685
117,5-HT2A,227,0.18942731277533,1.05063976300549
117,5-HT2B,227,0.251101321585903,1.78511848641689
117,5-HT7,227,0.427312775330396,3.33816693206779
117,HisCl1,227,0,0
117,ort,227,0.00440528634361234,0.0259287012572827
117,VGlut,227,0.334801762114537,4.04799873299385
117,Gad1,227,0.682819383259912,13.9496303776797
117,ChAT,227,0.488986784140969,3.66517885487784
117,ple,227,0.013215859030837,0.0377904954359998
117,SerT,227,0.00440528634361234,0.0277760803506452
117,Tbh,227,0.246696035242291,1.61012940837069
117,Hdc,227,0,0
118,GluClalpha,216,0.976851851851852,18.9230314515288
118,GluRIA,216,0.351851851851852,1.56511606232861
118,GluRIB,216,0.763888888888889,6.07868588251401
118,Nmdar1,216,0.62962962962963,3.33572349544431
118,Nmdar2,216,0.837962962962963,7.27416028916153
118,KaiR1D,216,0.337962962962963,1.04243518892607
118,clumsy,216,0,0
118,Ekar,216,0.0416666666666667,0.16339014196578
118,mGluR,216,0.685185185185185,6.71441933714854
118,Rdl,216,1,38.1498643549741
118,Lcch3,216,0.212962962962963,0.657376909814992
118,Grd,216,0.0138888888888889,0.0733023152000794
118,GABA-B-R1,216,0.652777777777778,3.35638328527463
118,GABA-B-R2,216,0.560185185185185,2.02172542743244
118,GABA-B-R3,216,0.472222222222222,2.22553310716815
118,nAChRalpha1,216,0.902777777777778,14.8736050507556
118,nAChRalpha2,216,0.259259259259259,0.858945054179148
118,nAChRalpha3,216,0.814814814814815,9.36665117668831
118,nAChRalpha4,216,0.939814814814815,15.467136351949
118,nAChRalpha5,216,0.972222222222222,19.8107908648886
118,nAChRalpha6,216,0.967592592592593,23.5946650691352
118,nAChRalpha7,216,0.935185185185185,12.2234065818201
118,nAChRbeta1,216,0.981481481481481,15.0733066015914
118,nAChRbeta2,216,0.222222222222222,0.6848658004073
118,nAChRbeta3,216,0,0
118,mAChR-A,216,0.574074074074074,2.63477282931355
118,mAChR-B,216,0.180555555555556,0.628838647630811
118,mAChR-C,216,0,0
118,Dop1R1,216,0.712962962962963,4.53850943248654
118,Dop1R2,216,0.305555555555556,1.36311941315542
118,Dop2R,216,0.740740740740741,8.74519855191872
118,DopEcR,216,0.736111111111111,4.61127965172004
118,Oamb,216,0.212962962962963,0.980080804293607
118,Octalpha2R,216,0.773148148148148,10.5667271747545
118,Octbeta1R,216,0.152777777777778,0.622973446348546
118,Octbeta2R,216,0.662037037037037,4.90212482426305
118,Octbeta3R,216,0.611111111111111,4.63160811319263
118,5-HT1A,216,0.611111111111111,6.54289692218159
118,5-HT1B,216,0.365740740740741,1.51271028435142
118,5-HT2A,216,0.0416666666666667,0.15980634679282
118,5-HT2B,216,0.319444444444444,1.35969469403601
118,5-HT7,216,0.416666666666667,2.37291855150353
118,HisCl1,216,0,0
118,ort,216,0.0138888888888889,0.063511860206892
118,VGlut,216,0.180555555555556,1.34736847650013
118,Gad1,216,0.12037037037037,0.510961759501647
118,ChAT,216,0.819444444444445,5.35344348942456
118,ple,216,0.0277777777777778,0.078052208221114
118,SerT,216,0.00462962962962963,0.0330687830687831
118,Tbh,216,0.125,0.430168019969722
118,Hdc,216,0,0
119,GluClalpha,214,0.901869158878505,13.7268914121335
119,GluRIA,214,0.289719626168224,1.03573523348649
119,GluRIB,214,0.705607476635514,5.08677886155161
119,Nmdar1,214,0.5,1.89194941112737
119,Nmdar2,214,0.672897196261682,4.35181016348796
119,KaiR1D,214,0.350467289719626,1.19061517321235
119,clumsy,214,0,0
119,Ekar,214,0.102803738317757,0.266341598746844
119,mGluR,214,0.672897196261682,5.13737812096623
119,Rdl,214,0.985981308411215,32.4948030088831
119,Lcch3,214,0.107476635514019,0.307694656820915
119,Grd,214,0.014018691588785,0.0319564850326693
119,GABA-B-R1,214,0.560747663551402,2.52919799841476
119,GABA-B-R2,214,0.565420560747664,2.38886625403315
119,GABA-B-R3,214,0.168224299065421,0.536122403320681
119,nAChRalpha1,214,0.845794392523365,8.51718577252052
119,nAChRalpha2,214,0.186915887850467,0.590934058302833
119,nAChRalpha3,214,0.579439252336449,3.64354459311234
119,nAChRalpha4,214,0.841121495327103,9.84266591321336
119,nAChRalpha5,214,0.869158878504673,10.8732450394065
119,nAChRalpha6,214,0.94392523364486,20.1368361337797
119,nAChRalpha7,214,0.579439252336449,4.71232397045628
119,nAChRbeta1,214,0.85981308411215,8.92130217911502
119,nAChRbeta2,214,0.238317757009346,0.95193256403493
119,nAChRbeta3,214,0,0
119,mAChR-A,214,0.439252336448598,1.73151983338188
119,mAChR-B,214,0.102803738317757,0.348339737001511
119,mAChR-C,214,0,0
119,Dop1R1,214,0.44392523364486,2.06859573453535
119,Dop1R2,214,0.182242990654206,0.704378628493529
119,Dop2R,214,0.682242990654206,6.23807320601955
119,DopEcR,214,0.626168224299065,3.15829853550518
119,Oamb,214,0.154205607476636,0.546215446393889
119,Octalpha2R,214,0.303738317757009,2.29158885067615
119,Octbeta1R,214,0.331775700934579,1.30931015612567
119,Octbeta2R,214,0.355140186915888,1.98658288529805
119,Octbeta3R,214,0.574766355140187,3.76241041904528
119,5-HT1A,214,0.644859813084112,4.10271055271793
119,5-HT1B,214,0.294392523364486,0.932396931349226
119,5-HT2A,214,0.088785046728972,0.316031184822912
119,5-HT2B,214,0.345794392523364,1.31008636970085
119,5-HT7,214,0.336448598130841,1.61198917420892
119,HisCl1,214,0.014018691588785,0.0145685319211871
119,ort,214,0.00467289719626168,0.00496746805172923
119,VGlut,214,0.177570093457944,0.634668139876129
119,Gad1,214,0.911214953271028,13.6267804551724
119,ChAT,214,0.696261682242991,3.83444129931992
119,ple,214,0.00467289719626168,0.00245000639451669
119,SerT,214,0.00467289719626168,0.00748381998120064
119,Tbh,214,0.200934579439252,0.877038197097682
119,Hdc,214,0.00934579439252336,0.0216849685371886
120,GluClalpha,212,0.929245283018868,19.144096112893
120,GluRIA,212,0.259433962264151,0.749839081079564
120,GluRIB,212,0.613207547169811,4.27295911522313
120,Nmdar1,212,0.495283018867925,1.78966398494311
120,Nmdar2,212,0.882075471698113,7.2132499370712
120,KaiR1D,212,0.466981132075472,1.47831012455265
120,clumsy,212,0,0
120,Ekar,212,0.0613207547169811,0.138991946625247
120,mGluR,212,0.485849056603774,2.52557019631011
120,Rdl,212,1,41.0417617940056
120,Lcch3,212,0.226415094339623,0.646149936317146
120,Grd,212,0.0188679245283019,0.0657628421921653
120,GABA-B-R1,212,0.69811320754717,3.61788070959208
120,GABA-B-R2,212,0.518867924528302,1.95536488282201
120,GABA-B-R3,212,0.457547169811321,4.63810172107432
120,nAChRalpha1,212,0.745283018867925,7.19030835789449
120,nAChRalpha2,212,0.179245283018868,0.46330986753135
120,nAChRalpha3,212,0.69811320754717,5.02662425669377
120,nAChRalpha4,212,0.957547169811321,15.5756982541807
120,nAChRalpha5,212,0.976415094339623,26.5348993153063
120,nAChRalpha6,212,0.981132075471698,29.3310831723394
120,nAChRalpha7,212,0.933962264150943,14.4584368506596
120,nAChRbeta1,212,0.867924528301887,10.0383862938518
120,nAChRbeta2,212,0.221698113207547,0.671881877451699
120,nAChRbeta3,212,0,0
120,mAChR-A,212,0.490566037735849,2.07694777482557
120,mAChR-B,212,0.632075471698113,9.95571069931637
120,mAChR-C,212,0,0
120,Dop1R1,212,0.716981132075472,5.28030538612314
120,Dop1R2,212,0.297169811320755,1.18442746154365
120,Dop2R,212,0.712264150943396,5.68587047799493
120,DopEcR,212,0.679245283018868,4.65369126205814
120,Oamb,212,0.240566037735849,0.799637417436968
120,Octalpha2R,212,0.490566037735849,3.80703822257004
120,Octbeta1R,212,0.320754716981132,0.909378499457801
120,Octbeta2R,212,0.69811320754717,3.96091316735373
120,Octbeta3R,212,0.386792452830189,1.48338845860003
120,5-HT1A,212,0.509433962264151,3.2865626272543
120,5-HT1B,212,0.216981132075472,0.648517574253996
120,5-HT2A,212,0.443396226415094,1.84194407314624
120,5-HT2B,212,0.59433962264151,17.8436519999461
120,5-HT7,212,0.905660377358491,11.5397766064584
120,HisCl1,212,0.00471698113207547,0.00392199312553045
120,ort,212,0,0
120,VGlut,212,0.30188679245283,1.54829067844309
120,Gad1,212,0.231132075471698,1.79241524866698
120,ChAT,212,0.528301886792453,2.45594115088204
120,ple,212,0.0943396226415094,0.274272592920219
120,SerT,212,0.00943396226415094,0.0187067991706989
120,Tbh,212,0.231132075471698,1.08726859120001
120,Hdc,212,0.00471698113207547,0.0180727246439673
122,GluClalpha,206,0.951456310679612,14.9355064874665
122,GluRIA,206,0.247572815533981,0.912846878247813
122,GluRIB,206,0.669902912621359,5.13889725844576
122,Nmdar1,206,0.606796116504854,3.28473974973481
122,Nmdar2,206,0.766990291262136,6.70102454908253
122,KaiR1D,206,0.339805825242718,1.24197390546469
122,clumsy,206,0,0
122,Ekar,206,0.0436893203883495,0.178358281036816
122,mGluR,206,0.252427184466019,1.71875678756761
122,Rdl,206,0.995145631067961,42.6525555471282
122,Lcch3,206,0.184466019417476,0.552961928624736
122,Grd,206,0,0
122,GABA-B-R1,206,0.621359223300971,3.54600229569933
122,GABA-B-R2,206,0.504854368932039,2.19608392751463
122,GABA-B-R3,206,0.432038834951456,2.95328011889801
122,nAChRalpha1,206,0.91747572815534,14.3138324220659
122,nAChRalpha2,206,0.228155339805825,0.674894756844347
122,nAChRalpha3,206,0.854368932038835,11.4537605644183
122,nAChRalpha4,206,0.922330097087379,15.64795815039
122,nAChRalpha5,206,0.985436893203883,29.4097769950726
122,nAChRalpha6,206,0.980582524271845,32.145482269366
122,nAChRalpha7,206,0.815533980582524,8.49671471364827
122,nAChRbeta1,206,0.912621359223301,14.3865797608945
122,nAChRbeta2,206,0.315533980582524,1.03155047806381
122,nAChRbeta3,206,0,0
122,mAChR-A,206,0.529126213592233,2.55830396289487
122,mAChR-B,206,0.12621359223301,0.566102841666457
122,mAChR-C,206,0,0
122,Dop1R1,206,0.519417475728155,4.71866981930964
122,Dop1R2,206,0.475728155339806,3.44556710628828
122,Dop2R,206,0.689320388349515,8.0156904478251
122,DopEcR,206,0.606796116504854,3.8698616790278
122,Oamb,206,0.533980582524272,4.89435469185015
122,Octalpha2R,206,0.519417475728155,3.77701440839557
122,Octbeta1R,206,0.145631067961165,0.62456746887977
122,Octbeta2R,206,0.650485436893204,6.0868503393535
122,Octbeta3R,206,0.577669902912621,5.02476887812077
122,5-HT1A,206,0.864077669902913,9.27982235364439
122,5-HT1B,206,0.262135922330097,1.01006404753129
122,5-HT2A,206,0.0728155339805825,0.342824486808201
122,5-HT2B,206,0.679611650485437,5.28582300043904
122,5-HT7,206,0.480582524271845,2.63768144111738
122,HisCl1,206,0,0
122,ort,206,0.00485436893203884,0.00893661438151479
122,VGlut,206,0.218446601941748,1.06292285305312
122,Gad1,206,0.111650485436893,0.600186780255239
122,ChAT,206,0.660194174757282,4.25967751067784
122,ple,206,0.388349514563107,1.90817288001187
122,SerT,206,0.00970873786407767,0.0192991322498184
122,Tbh,206,0.116504854368932,0.379018789726358
122,Hdc,206,0,0
123,GluClalpha,203,0.83743842364532,14.1323273872207
123,GluRIA,203,0.12807881773399,1.01954009216423
123,GluRIB,203,0.45320197044335,4.41489645643466
123,Nmdar1,203,0.167487684729064,1.16548035298757
123,Nmdar2,203,0.364532019704434,3.23417655634086
123,KaiR1D,203,0.211822660098522,1.3648590320479
123,clumsy,203,0,0
123,Ekar,203,0.0492610837438424,0.258696552626849
123,mGluR,203,0.645320197044335,8.29049745542307
123,Rdl,203,0.945812807881773,30.1223886709248
123,Lcch3,203,0.103448275862069,0.494383944178268
123,Grd,203,0.00985221674876847,0.0662194910559697
123,GABA-B-R1,203,0.413793103448276,3.78582900448864
123,GABA-B-R2,203,0.295566502463054,1.94679535578636
123,GABA-B-R3,203,0.315270935960591,2.36639608992673
123,nAChRalpha1,203,0.275862068965517,2.64375510657423
123,nAChRalpha2,203,0.0640394088669951,0.340238549772027
123,nAChRalpha3,203,0.408866995073892,3.84456692306
123,nAChRalpha4,203,0.817733990147783,14.3584209014142
123,nAChRalpha5,203,0.793103448275862,15.350258415591
123,nAChRalpha6,203,0.985221674876847,67.1036100108908
123,nAChRalpha7,203,0.566502463054187,6.50827327540244
123,nAChRbeta1,203,0.729064039408867,10.9589607942483
123,nAChRbeta2,203,0.0985221674876847,0.536981752569913
123,nAChRbeta3,203,0,0
123,mAChR-A,203,0.16256157635468,0.98832494336835
123,mAChR-B,203,0.783251231527094,15.8915562178831
123,mAChR-C,203,0,0
123,Dop1R1,203,0.645320197044335,8.8698625829374
123,Dop1R2,203,0.379310344827586,3.04578822851898
123,Dop2R,203,0.285714285714286,3.52680542975175
123,DopEcR,203,0.571428571428571,6.7277414524832
123,Oamb,203,0.0738916256157636,0.503495873185216
123,Octalpha2R,203,0.147783251231527,1.32100067637378
123,Octbeta1R,203,0.0443349753694581,0.196193356392279
123,Octbeta2R,203,0.241379310344828,2.21805127386348
123,Octbeta3R,203,0.354679802955665,2.85988110345315
123,5-HT1A,203,0.67487684729064,10.3733130543372
123,5-HT1B,203,0.0738916256157636,0.353843618427846
123,5-HT2A,203,0.0197044334975369,0.220877505880749
123,5-HT2B,203,0.12807881773399,1.08961457158073
123,5-HT7,203,0.152709359605911,1.38872503801499
123,HisCl1,203,0,0
123,ort,203,0,0
123,VGlut,203,0.0788177339901478,0.388659449439021
123,Gad1,203,0.0541871921182266,0.603477916834954
123,ChAT,203,0.561576354679803,5.95594438627266
123,ple,203,0.0295566502463054,0.182768017139472
123,SerT,203,0.00492610837438424,0.0174437265381878
123,Tbh,203,0.113300492610837,0.721890495260578
123,Hdc,203,0,0
124,GluClalpha,203,0.970443349753695,17.8321831906485
124,GluRIA,203,0.403940886699507,0.854506322669332
124,GluRIB,203,0.748768472906404,3.96954692694252
124,Nmdar1,203,0.650246305418719,2.24552823920565
124,Nmdar2,203,0.83743842364532,5.20965778430067
124,KaiR1D,203,0.428571428571429,1.06462537240859
124,clumsy,203,0.00492610837438424,0.0112416895809773
124,Ekar,203,0.172413793103448,0.266414362995533
124,mGluR,203,0.527093596059113,1.88856498287253
124,Rdl,203,0.990147783251231,38.5067911474603
124,Lcch3,203,0.330049261083744,0.70503163571175
124,Grd,203,0.0689655172413793,0.105260555214811
124,GABA-B-R1,203,0.724137931034483,3.0824010456515
124,GABA-B-R2,203,0.694581280788177,2.20031380053231
124,GABA-B-R3,203,0.359605911330049,1.14901354852465
124,nAChRalpha1,203,0.931034482758621,10.6909531473791
124,nAChRalpha2,203,0.379310344827586,0.93239561652553
124,nAChRalpha3,203,0.827586206896552,6.81302535299166
124,nAChRalpha4,203,0.985221674876847,16.8672252485171
124,nAChRalpha5,203,0.980295566502463,25.4792897177524
124,nAChRalpha6,203,0.990147783251231,32.3495828860509
124,nAChRalpha7,203,0.901477832512315,10.5231971986057
124,nAChRbeta1,203,0.931034482758621,9.10092487532593
124,nAChRbeta2,203,0.433497536945813,1.05770212050316
124,nAChRbeta3,203,0.00492610837438424,0.00743563528208941
124,mAChR-A,203,0.665024630541872,2.56976992391279
124,mAChR-B,203,0.467980295566503,2.4670972316573
124,mAChR-C,203,0,0
124,Dop1R1,203,0.67487684729064,4.86452880957934
124,Dop1R2,203,0.527093596059113,2.41046355243313
124,Dop2R,203,0.847290640394089,8.9565237514727
124,DopEcR,203,0.74384236453202,3.37706017960465
124,Oamb,203,0.551724137931035,2.86596060607029
124,Octalpha2R,203,0.724137931034483,6.22079870906218
124,Octbeta1R,203,0.482758620689655,1.85275955398836
124,Octbeta2R,203,0.645320197044335,3.37622199220211
124,Octbeta3R,203,0.61576354679803,2.83655531895314
124,5-HT1A,203,0.817733990147783,6.88943186147094
124,5-HT1B,203,0.315270935960591,0.689291399463358
124,5-HT2A,203,0.211822660098522,0.613644976303184
124,5-HT2B,203,0.472906403940887,2.49971783182455
124,5-HT7,203,0.650246305418719,2.85646243056459
124,HisCl1,203,0.00492610837438424,0.00532437135147453
124,ort,203,0.0246305418719212,0.0327853957186845
124,VGlut,203,0.443349753694581,1.92024147441969
124,Gad1,203,0.330049261083744,1.31840234109161
124,ChAT,203,0.669950738916256,2.70185857183417
124,ple,203,0.0246305418719212,0.0276041456397774
124,SerT,203,0.285714285714286,2.11764225702601
124,Tbh,203,0.295566502463054,0.819355322975112
124,Hdc,203,0,0
126,GluClalpha,200,0.905,17.1450730934805
126,GluRIA,200,0.075,0.321014879474927
126,GluRIB,200,0.255,1.24329196302359
126,Nmdar1,200,0.37,1.83413622111172
126,Nmdar2,200,0.56,3.66047055563482
126,KaiR1D,200,0.36,1.5522599748041
126,clumsy,200,0,0
126,Ekar,200,0.02,0.0471472466114927
126,mGluR,200,0.265,1.36025837904489
126,Rdl,200,0.985,44.2521748440783
126,Lcch3,200,0.17,0.565627706334469
126,Grd,200,0.005,0.0193698347107438
126,GABA-B-R1,200,0.43,2.45582184103191
126,GABA-B-R2,200,0.505,2.7851343826775
126,GABA-B-R3,200,0.23,1.0974084903387
126,nAChRalpha1,200,0.385,2.82750174499466
126,nAChRalpha2,200,0.06,0.15440433238079
126,nAChRalpha3,200,0.66,5.47389844929511
126,nAChRalpha4,200,0.855,11.7692221937945
126,nAChRalpha5,200,0.95,18.2403453809042
126,nAChRalpha6,200,0.915,17.5987082429167
126,nAChRalpha7,200,0.535,3.73322756918139
126,nAChRbeta1,200,0.92,14.2553340202598
126,nAChRbeta2,200,0.23,0.915316112555604
126,nAChRbeta3,200,0,0
126,mAChR-A,200,0.245,0.950088119436486
126,mAChR-B,200,0.055,0.197670078918109
126,mAChR-C,200,0,0
126,Dop1R1,200,0.385,2.1394320203336
126,Dop1R2,200,0.565,5.15968026286594
126,Dop2R,200,0.93,17.7757040622595
126,DopEcR,200,0.4,1.70974906502176
126,Oamb,200,0.105,0.305194225065852
126,Octalpha2R,200,0.385,2.45120259421248
126,Octbeta1R,200,0.075,0.218360947660076
126,Octbeta2R,200,0.155,0.570282658028023
126,Octbeta3R,200,0.29,2.00196948986224
126,5-HT1A,200,0.455,3.17569685432689
126,5-HT1B,200,0.085,0.271281590407549
126,5-HT2A,200,0.145,0.551642939691512
126,5-HT2B,200,0.1,0.494100364375187
126,5-HT7,200,0.1,0.281369777116686
126,HisCl1,200,0,0
126,ort,200,0,0
126,VGlut,200,0.825,10.5966951174586
126,Gad1,200,0.065,0.222506063360441
126,ChAT,200,0.595,3.74818009125616
126,ple,200,0.01,0.0245407395227617
126,SerT,200,0.005,0.0127043279410519
126,Tbh,200,0.215,1.14005860912996
126,Hdc,200,0,0
127,GluClalpha,195,0.979487179487179,28.3393942086118
127,GluRIA,195,0.487179487179487,2.33633145013234
127,GluRIB,195,0.846153846153846,11.0037143188205
127,Nmdar1,195,0.630769230769231,3.66886290385701
127,Nmdar2,195,0.830769230769231,8.31954884905076
127,KaiR1D,195,0.379487179487179,1.4183677197212
127,clumsy,195,0,0
127,Ekar,195,0.0564102564102564,0.208524117737501
127,mGluR,195,0.251282051282051,1.1325026324793
127,Rdl,195,1,42.9168428343998
127,Lcch3,195,0.205128205128205,0.638150243173938
127,Grd,195,0.0769230769230769,0.373685125508406
127,GABA-B-R1,195,0.615384615384615,3.12744119384119
127,GABA-B-R2,195,0.553846153846154,2.43207450471003
127,GABA-B-R3,195,0.107692307692308,0.378509186568408
127,nAChRalpha1,195,0.887179487179487,11.0589084670425
127,nAChRalpha2,195,0.148717948717949,0.412598455920271
127,nAChRalpha3,195,0.743589743589744,6.57580624453744
127,nAChRalpha4,195,0.933333333333333,15.4430284379605
127,nAChRalpha5,195,0.979487179487179,29.585948757306
127,nAChRalpha6,195,0.984615384615385,36.2068967722548
127,nAChRalpha7,195,0.594871794871795,5.9806037227367
127,nAChRbeta1,195,0.882051282051282,10.8909018592724
127,nAChRbeta2,195,0.235897435897436,0.907230949349044
127,nAChRbeta3,195,0,0
127,mAChR-A,195,0.517948717948718,2.37951848058819
127,mAChR-B,195,0.343589743589744,3.88057917332512
127,mAChR-C,195,0,0
127,Dop1R1,195,0.507692307692308,3.36160861759763
127,Dop1R2,195,0.17948717948718,0.639574307272317
127,Dop2R,195,0.882051282051282,15.261822361864
127,DopEcR,195,0.528205128205128,3.05095950751643
127,Oamb,195,0.405128205128205,2.47990036727517
127,Octalpha2R,195,0.282051282051282,2.33859976646269
127,Octbeta1R,195,0.317948717948718,1.38032543147397
127,Octbeta2R,195,0.420512820512821,3.21628892196006
127,Octbeta3R,195,0.435897435897436,2.03941998087729
127,5-HT1A,195,0.743589743589744,6.55452729234111
127,5-HT1B,195,0.343589743589744,1.38234128986384
127,5-HT2A,195,0.553846153846154,7.78560547813299
127,5-HT2B,195,0.517948717948718,5.82296387973652
127,5-HT7,195,0.702564102564103,5.94194852641313
127,HisCl1,195,0,0
127,ort,195,0.0153846153846154,0.0391029845156303
127,VGlut,195,0.728205128205128,5.16315757258259
127,Gad1,195,0.143589743589744,0.701194866833187
127,ChAT,195,0.379487179487179,1.83965091969322
127,ple,195,0.502564102564103,3.4751945934314
127,SerT,195,0.323076923076923,3.31129899582418
127,Tbh,195,0.18974358974359,1.02598303771882
127,Hdc,195,0,0
128,GluClalpha,195,0.964102564102564,18.7245231259054
128,GluRIA,195,0.374358974358974,1.27464031423881
128,GluRIB,195,0.723076923076923,3.99564806289665
128,Nmdar1,195,0.435897435897436,1.28815142075697
128,Nmdar2,195,0.728205128205128,3.70589044722414
128,KaiR1D,195,0.343589743589744,0.966526489084974
128,clumsy,195,0,0
128,Ekar,195,0.0974358974358974,0.215714886590323
128,mGluR,195,0.615384615384615,3.52603602486648
128,Rdl,195,0.994871794871795,40.0551399543854
128,Lcch3,195,0.271794871794872,0.736595577196284
128,Grd,195,0.041025641025641,0.104419184836237
128,GABA-B-R1,195,0.774358974358974,3.68710161944343
128,GABA-B-R2,195,0.615384615384615,2.42010315532369
128,GABA-B-R3,195,0.261538461538462,1.22839535669092
128,nAChRalpha1,195,0.825641025641026,6.72030116171355
128,nAChRalpha2,195,0.184615384615385,0.401223836056546
128,nAChRalpha3,195,0.728205128205128,4.62599019551061
128,nAChRalpha4,195,0.948717948717949,17.0806497466877
128,nAChRalpha5,195,0.984615384615385,25.1770439936757
128,nAChRalpha6,195,1,43.8199235596183
128,nAChRalpha7,195,0.928205128205128,11.7728864339841
128,nAChRbeta1,195,0.974358974358974,13.2934789812963
128,nAChRbeta2,195,0.353846153846154,1.07063347752383
128,nAChRbeta3,195,0,0
128,mAChR-A,195,0.528205128205128,2.2173406683841
128,mAChR-B,195,0.333333333333333,1.24794620136336
128,mAChR-C,195,0,0
128,Dop1R1,195,0.743589743589744,4.8032733313756
128,Dop1R2,195,0.466666666666667,2.10391544995817
128,Dop2R,195,0.928205128205128,14.3078796946725
128,DopEcR,195,0.682051282051282,3.19877174918033
128,Oamb,195,0.379487179487179,1.30177493119178
128,Octalpha2R,195,0.553846153846154,3.52063855970271
128,Octbeta1R,195,0.235897435897436,0.962225592970328
128,Octbeta2R,195,0.743589743589744,4.78208554412109
128,Octbeta3R,195,0.512820512820513,2.08508506340185
128,5-HT1A,195,0.641025641025641,4.02539079455755
128,5-HT1B,195,0.256410256410256,0.702722690587961
128,5-HT2A,195,0.148717948717949,0.374776756052477
128,5-HT2B,195,0.830769230769231,6.62763873774195
128,5-HT7,195,0.856410256410256,6.98807176401503
128,HisCl1,195,0,0
128,ort,195,0.0153846153846154,0.0640759439302098
128,VGlut,195,0.415384615384615,2.4074423423519
128,Gad1,195,0.266666666666667,2.02274611073067
128,ChAT,195,0.81025641025641,5.91459917889683
128,ple,195,0.0461538461538462,0.0872520630116118
128,SerT,195,0.0205128205128205,0.123019025928006
128,Tbh,195,0.405128205128205,1.32592128419799
128,Hdc,195,0.0153846153846154,0.0385267467559632
129,GluClalpha,194,0.907216494845361,17.8628414680868
129,GluRIA,194,0.0927835051546392,0.374783689208652
129,GluRIB,194,0.164948453608247,0.706530726064868
129,Nmdar1,194,0.54639175257732,3.96053366958891
129,Nmdar2,194,0.530927835051546,3.5670774087901
129,KaiR1D,194,0.27319587628866,1.29654812245318
129,clumsy,194,0,0
129,Ekar,194,0.0309278350515464,0.153304159897148
129,mGluR,194,0.293814432989691,2.30502862791448
129,Rdl,194,0.989690721649485,37.5064092728126
129,Lcch3,194,0.180412371134021,0.787673541455155
129,Grd,194,0.00515463917525773,0.0260072612273347
129,GABA-B-R1,194,0.489690721649485,2.61128705461978
129,GABA-B-R2,194,0.371134020618557,1.89020422927268
129,GABA-B-R3,194,0.0721649484536082,0.260733987396188
129,nAChRalpha1,194,0.778350515463918,8.09502449931908
129,nAChRalpha2,194,0.118556701030928,0.617667562070138
129,nAChRalpha3,194,0.525773195876289,4.3404611552401
129,nAChRalpha4,194,0.902061855670103,15.2676956734049
129,nAChRalpha5,194,0.922680412371134,17.4788290812672
129,nAChRalpha6,194,0.871134020618557,18.3351447996661
129,nAChRalpha7,194,0.644329896907217,6.26260173932788
129,nAChRbeta1,194,0.845360824742268,11.4292856663883
129,nAChRbeta2,194,0.164948453608247,0.778331499179411
129,nAChRbeta3,194,0,0
129,mAChR-A,194,0.407216494845361,2.42448843864202
129,mAChR-B,194,0.819587628865979,12.6593681082796
129,mAChR-C,194,0,0
129,Dop1R1,194,0.706185567010309,8.19579169129664
129,Dop1R2,194,0.649484536082474,5.31212436564295
129,Dop2R,194,0.917525773195876,19.7489195295126
129,DopEcR,194,0.556701030927835,4.09014995711086
129,Oamb,194,0.077319587628866,0.319982584703179
129,Octalpha2R,194,0.402061855670103,3.36306686421536
129,Octbeta1R,194,0.329896907216495,2.27145367617831
129,Octbeta2R,194,0.541237113402062,4.11426719921892
129,Octbeta3R,194,0.298969072164948,1.60818562165334
129,5-HT1A,194,0.309278350515464,2.24739299732933
129,5-HT1B,194,0.0927835051546392,0.371778736904847
129,5-HT2A,194,0.22680412371134,1.12255763691743
129,5-HT2B,194,0.54639175257732,3.90374872203419
129,5-HT7,194,0.541237113402062,4.29343774104147
129,HisCl1,194,0,0
129,ort,194,0,0
129,VGlut,194,0.123711340206186,0.783631145770846
129,Gad1,194,0.103092783505155,0.821817194526955
129,ChAT,194,0.654639175257732,5.15885598212465
129,ple,194,0.0309278350515464,0.163392088676647
129,SerT,194,0,0
129,Tbh,194,0.896907216494845,16.2899551877447
129,Hdc,194,0,0
130,GluClalpha,191,0.994764397905759,34.7666535198689
130,GluRIA,191,0.167539267015707,0.656288820103978
130,GluRIB,191,0.219895287958115,0.852794553940252
130,Nmdar1,191,0.193717277486911,0.608709688634968
130,Nmdar2,191,0.392670157068063,1.91917010514078
130,KaiR1D,191,0.303664921465969,1.07842277995901
130,clumsy,191,0,0
130,Ekar,191,0.031413612565445,0.0727538849083119
130,mGluR,191,0.895287958115183,9.70635503575516
130,Rdl,191,0.994764397905759,31.7764217583961
130,Lcch3,191,0.204188481675393,0.595666487245126
130,Grd,191,0,0
130,GABA-B-R1,191,0.596858638743456,3.39227065509931
130,GABA-B-R2,191,0.382198952879581,1.83952892239077
130,GABA-B-R3,191,0.0366492146596859,0.134216327657929
130,nAChRalpha1,191,0.25130890052356,1.12909178939826
130,nAChRalpha2,191,0.0418848167539267,0.134648621352616
130,nAChRalpha3,191,0.445026178010471,1.78970315775559
130,nAChRalpha4,191,0.947643979057592,16.981118205044
130,nAChRalpha5,191,0.989528795811518,23.4727354511022
130,nAChRalpha6,191,1,77.8554638056699
130,nAChRalpha7,191,0.403141361256545,2.28242621582259
130,nAChRbeta1,191,0.910994764397906,9.82541006716226
130,nAChRbeta2,191,0.219895287958115,0.744151186631201
130,nAChRbeta3,191,0,0
130,mAChR-A,191,0.56020942408377,3.10193058891691
130,mAChR-B,191,0.0890052356020942,0.446642196110243
130,mAChR-C,191,0,0
130,Dop1R1,191,0.979057591623037,26.3921426825601
130,Dop1R2,191,0.0942408376963351,0.308312977360987
130,Dop2R,191,0.93717277486911,14.4120334195084
130,DopEcR,191,0.785340314136126,6.11683194449565
130,Oamb,191,0.670157068062827,3.69759017712159
130,Octalpha2R,191,0.115183246073298,0.352798370019124
130,Octbeta1R,191,0.0837696335078534,0.202443869661886
130,Octbeta2R,191,0.261780104712042,1.0923043886572
130,Octbeta3R,191,0.43455497382199,2.12434426459666
130,5-HT1A,191,0.209424083769634,0.802339027708554
130,5-HT1B,191,0.120418848167539,0.401132905587802
130,5-HT2A,191,0.0261780104712042,0.0808816898720254
130,5-HT2B,191,0.0471204188481675,0.117328432081586
130,5-HT7,191,0.49738219895288,2.87003013960314
130,HisCl1,191,0.0157068062827225,0.0481519103809856
130,ort,191,0,0
130,VGlut,191,0.157068062827225,0.579439112216477
130,Gad1,191,0.120418848167539,0.775017951663722
130,ChAT,191,0.696335078534031,4.52963873647185
130,ple,191,0,0
130,SerT,191,0,0
130,Tbh,191,0.408376963350785,2.21053869766805
130,Hdc,191,0.00523560209424084,0.0116398445847951
131,GluClalpha,184,0.983695652173913,23.7233558944012
131,GluRIA,184,0.358695652173913,1.13268421691384
131,GluRIB,184,0.722826086956522,4.72152244465012
131,Nmdar1,184,0.728260869565217,3.9327285893796
131,Nmdar2,184,0.864130434782609,6.54732053800779
131,KaiR1D,184,0.304347826086957,0.826934789804246
131,clumsy,184,0.00543478260869565,0.00822953150923024
131,Ekar,184,0.0652173913043478,0.197076856195691
131,mGluR,184,0.864130434782609,9.05553452503293
131,Rdl,184,1,48.552221244686
131,Lcch3,184,0.260869565217391,0.731299799311399
131,Grd,184,0.0108695652173913,0.0219541523226577
131,GABA-B-R1,184,0.717391304347826,3.42571700136927
131,GABA-B-R2,184,0.516304347826087,1.83842066385481
131,GABA-B-R3,184,0.271739130434783,1.13035817762611
131,nAChRalpha1,184,0.91304347826087,8.9350799054337
131,nAChRalpha2,184,0.315217391304348,0.911810181671998
131,nAChRalpha3,184,0.940217391304348,13.4974455373955
131,nAChRalpha4,184,0.967391304347826,16.804314282524
131,nAChRalpha5,184,0.967391304347826,21.6349162673182
131,nAChRalpha6,184,0.983695652173913,35.6866024957999
131,nAChRalpha7,184,0.929347826086957,12.5302000646981
131,nAChRbeta1,184,0.972826086956522,14.6468263113998
131,nAChRbeta2,184,0.347826086956522,1.0133536693583
131,nAChRbeta3,184,0,0
131,mAChR-A,184,0.521739130434783,2.09635930877739
131,mAChR-B,184,0.206521739130435,0.759991303454211
131,mAChR-C,184,0,0
131,Dop1R1,184,0.728260869565217,5.37612189532872
131,Dop1R2,184,0.298913043478261,0.938081768279268
131,Dop2R,184,0.782608695652174,7.03927949511917
131,DopEcR,184,0.820652173913043,5.59864168872827
131,Oamb,184,0.875,8.00942619942291
131,Octalpha2R,184,0.315217391304348,1.42656747637291
131,Octbeta1R,184,0.255434782608696,0.713276330090253
131,Octbeta2R,184,0.467391304347826,2.17787174038036
131,Octbeta3R,184,0.521739130434783,2.13243538728588
131,5-HT1A,184,0.858695652173913,7.44654402393923
131,5-HT1B,184,0.282608695652174,0.738496458664734
131,5-HT2A,184,0.0543478260869565,0.133447396901262
131,5-HT2B,184,0.130434782608696,0.319338598650635
131,5-HT7,184,0.407608695652174,1.91777847217923
131,HisCl1,184,0.00543478260869565,0.0029820480706149
131,ort,184,0,0
131,VGlut,184,0.233695652173913,1.09422113739357
131,Gad1,184,0.157608695652174,0.794065130535381
131,ChAT,184,0.78804347826087,4.55875532968947
131,ple,184,0.0108695652173913,0.0301169986132584
131,SerT,184,0.0108695652173913,0.0115846898260396
131,Tbh,184,0.0380434782608696,0.0823214885335899
131,Hdc,184,0.0108695652173913,0.0190075786088207
132,GluClalpha,181,0.955801104972376,22.641798160664
132,GluRIA,181,0.425414364640884,2.37608597884918
132,GluRIB,181,0.834254143646409,11.0512096593929
132,Nmdar1,181,0.353591160220994,1.76647206603282
132,Nmdar2,181,0.585635359116022,5.07994788988707
132,KaiR1D,181,0.287292817679558,1.25063065437295
132,clumsy,181,0,0
132,Ekar,181,0.0276243093922652,0.0823229186497446
132,mGluR,181,0.138121546961326,0.646912217224057
132,Rdl,181,0.988950276243094,35.6353525224899
132,Lcch3,181,0.171270718232044,0.739358221384949
132,Grd,181,0.149171270718232,1.02464539681775
132,GABA-B-R1,181,0.502762430939227,3.51418616035037
132,GABA-B-R2,181,0.458563535911602,2.51465140624125
132,GABA-B-R3,181,0.281767955801105,1.56714994555264
132,nAChRalpha1,181,0.718232044198895,7.5486599315682
132,nAChRalpha2,181,0.165745856353591,0.738438863884607
132,nAChRalpha3,181,0.430939226519337,2.70939230223414
132,nAChRalpha4,181,0.906077348066298,16.1317614791105
132,nAChRalpha5,181,0.966850828729282,28.2459699714673
132,nAChRalpha6,181,0.983425414364641,37.7753300468265
132,nAChRalpha7,181,0.419889502762431,2.85776460155158
132,nAChRbeta1,181,0.751381215469613,8.45163575633117
132,nAChRbeta2,181,0.176795580110497,0.822790586409692
132,nAChRbeta3,181,0,0
132,mAChR-A,181,0.342541436464088,1.88115075424955
132,mAChR-B,181,0.519337016574586,3.98379260127591
132,mAChR-C,181,0,0
132,Dop1R1,181,0.375690607734807,3.70426857270965
132,Dop1R2,181,0.56353591160221,5.01752395484963
132,Dop2R,181,0.900552486187845,25.5509932401125
132,DopEcR,181,0.25414364640884,1.40803121404687
132,Oamb,181,0.104972375690608,0.52486553801365
132,Octalpha2R,181,0.259668508287293,1.50245289068611
132,Octbeta1R,181,0.50828729281768,3.91342906762432
132,Octbeta2R,181,0.303867403314917,2.23182350564256
132,Octbeta3R,181,0.607734806629834,6.49039126986402
132,5-HT1A,181,0.259668508287293,1.40283948327451
132,5-HT1B,181,0.0220994475138122,0.0757168864059961
132,5-HT2A,181,0.259668508287293,1.49617008885343
132,5-HT2B,181,0.0883977900552486,0.531461828083415
132,5-HT7,181,0.160220994475138,0.833482974642699
132,HisCl1,181,0.00552486187845304,0.0134588596308235
132,ort,181,0,0
132,VGlut,181,0.784530386740332,10.4363200589109
132,Gad1,181,0.0828729281767956,0.266478269765562
132,ChAT,181,0.441988950276243,3.05303624436759
132,ple,181,0.0110497237569061,0.104311586502337
132,SerT,181,0,0
132,Tbh,181,0.0828729281767956,0.419696688339634
132,Hdc,181,0,0
133,GluClalpha,167,0.88622754491018,10.9672552050086
133,GluRIA,167,0.191616766467066,0.498170946505719
133,GluRIB,167,0.502994011976048,2.25229153636179
133,Nmdar1,167,0.580838323353293,2.34126808595272
133,Nmdar2,167,0.946107784431138,11.5803145062477
133,KaiR1D,167,0.293413173652695,0.813644166921248
133,clumsy,167,0,0
133,Ekar,167,0.0718562874251497,0.162403224500426
133,mGluR,167,0.179640718562874,0.459615348097396
133,Rdl,167,0.994011976047904,38.628387018614
133,Lcch3,167,0.167664670658683,0.674201978620406
133,Grd,167,0,0
133,GABA-B-R1,167,0.74251497005988,4.28439368868036
133,GABA-B-R2,167,0.562874251497006,2.05770500482639
133,GABA-B-R3,167,0.389221556886228,1.31584844262078
133,nAChRalpha1,167,0.964071856287425,18.5383065725242
133,nAChRalpha2,167,0.407185628742515,1.40173518934617
133,nAChRalpha3,167,0.832335329341317,6.00489434651787
133,nAChRalpha4,167,0.92814371257485,12.9262079768093
133,nAChRalpha5,167,0.970059880239521,18.3115110114525
133,nAChRalpha6,167,1,42.0298532664083
133,nAChRalpha7,167,0.988023952095808,29.766218113822
133,nAChRbeta1,167,0.880239520958084,8.72905489996336
133,nAChRbeta2,167,0.281437125748503,0.896642019327624
133,nAChRbeta3,167,0,0
133,mAChR-A,167,0.520958083832335,1.84398162359107
133,mAChR-B,167,0.161676646706587,0.478153937669203
133,mAChR-C,167,0,0
133,Dop1R1,167,0.772455089820359,5.39848952806832
133,Dop1R2,167,0.149700598802395,0.411639773778299
133,Dop2R,167,0.754491017964072,5.13155363784937
133,DopEcR,167,0.646706586826347,3.01288951633837
133,Oamb,167,0.688622754491018,3.85248070577235
133,Octalpha2R,167,0.245508982035928,0.969239651867859
133,Octbeta1R,167,0.11377245508982,0.269871471426409
133,Octbeta2R,167,0.904191616766467,9.90067843960449
133,Octbeta3R,167,0.592814371257485,3.00127864027489
133,5-HT1A,167,0.754491017964072,5.64174222912846
133,5-HT1B,167,0.263473053892216,0.70239384930149
133,5-HT2A,167,0.0359281437125749,0.0541744771773202
133,5-HT2B,167,0.191616766467066,0.490561550806004
133,5-HT7,167,0.874251497005988,9.67929448166881
133,HisCl1,167,0.00598802395209581,0.00349931273497885
133,ort,167,0.00598802395209581,0.0440944326369353
133,VGlut,167,0.143712574850299,0.603137210120763
133,Gad1,167,0.125748502994012,0.380958864415402
133,ChAT,167,0.245508982035928,0.78191733857662
133,ple,167,0.119760479041916,0.326008589262007
133,SerT,167,0.940119760479042,13.6368738676752
133,Tbh,167,0.688622754491018,3.45497678406203
133,Hdc,167,0.0119760479041916,0.0223465893146581
135,GluClalpha,165,0.981818181818182,15.4526719257917
135,GluRIA,165,0.412121212121212,1.14671039126488
135,GluRIB,165,0.775757575757576,3.56418208647621
135,Nmdar1,165,0.696969696969697,2.45895219125169
135,Nmdar2,165,0.83030303030303,4.70286195293527
135,KaiR1D,165,0.496969696969697,1.3107483787409
135,clumsy,165,0.0121212121212121,0.0130375325389954
135,Ekar,165,0.0666666666666667,0.111031565432651
135,mGluR,165,0.896969696969697,7.87723293351027
135,Rdl,165,1,35.0248771008703
135,Lcch3,165,0.284848484848485,0.539814037230109
135,Grd,165,0.236363636363636,0.946693951646937
135,GABA-B-R1,165,0.727272727272727,3.40998410520414
135,GABA-B-R2,165,0.648484848484848,1.90804590112241
135,GABA-B-R3,165,0.393939393939394,1.22980581369279
135,nAChRalpha1,165,0.957575757575757,9.62250748334142
135,nAChRalpha2,165,0.333333333333333,0.67651994579076
135,nAChRalpha3,165,0.854545454545455,6.71993211849396
135,nAChRalpha4,165,0.981818181818182,14.6157590003179
135,nAChRalpha5,165,1,21.9760301024971
135,nAChRalpha6,165,0.963636363636364,24.7991052632976
135,nAChRalpha7,165,0.915151515151515,8.59255165419609
135,nAChRbeta1,165,0.981818181818182,12.2599310688778
135,nAChRbeta2,165,0.309090909090909,0.716857617732372
135,nAChRbeta3,165,0,0
135,mAChR-A,165,0.6,2.02760844327414
135,mAChR-B,165,0.260606060606061,0.698819394251588
135,mAChR-C,165,0,0
135,Dop1R1,165,0.672727272727273,5.8896896256582
135,Dop1R2,165,0.448484848484848,1.65019160792675
135,Dop2R,165,0.733333333333333,5.32237027705419
135,DopEcR,165,0.83030303030303,4.0005956112083
135,Oamb,165,0.63030303030303,3.03117263254327
135,Octalpha2R,165,0.890909090909091,9.04276077920031
135,Octbeta1R,165,0.866666666666667,7.19568329188099
135,Octbeta2R,165,0.860606060606061,9.19118705130551
135,Octbeta3R,165,0.860606060606061,8.49117245428023
135,5-HT1A,165,0.642424242424243,3.26109441292067
135,5-HT1B,165,0.357575757575758,0.975488441912227
135,5-HT2A,165,0.157575757575758,0.421893488360302
135,5-HT2B,165,0.363636363636364,0.893347374945576
135,5-HT7,165,0.678787878787879,3.27979944523507
135,HisCl1,165,0.0242424242424242,0.0398212884192919
135,ort,165,0,0
135,VGlut,165,0.551515151515152,5.15923694192399
135,Gad1,165,0.193939393939394,0.697536360474993
135,ChAT,165,0.696969696969697,4.32125018228689
135,ple,165,0.0242424242424242,0.0359539227708953
135,SerT,165,0.0121212121212121,0.045573558087568
135,Tbh,165,0.527272727272727,3.46333904098658
135,Hdc,165,0,0
136,GluClalpha,165,0.993939393939394,31.9603047321327
136,GluRIA,165,0.557575757575758,2.77728398636132
136,GluRIB,165,0.836363636363636,9.69143698130178
136,Nmdar1,165,0.575757575757576,2.44258392898865
136,Nmdar2,165,0.781818181818182,4.95016296839849
136,KaiR1D,165,0.290909090909091,1.05266073467204
136,clumsy,165,0,0
136,Ekar,165,0.0787878787878788,0.142955280580206
136,mGluR,165,0.612121212121212,5.82251835915888
136,Rdl,165,1,45.6330725089733
136,Lcch3,165,0.278787878787879,0.988438537509773
136,Grd,165,0,0
136,GABA-B-R1,165,0.757575757575758,4.2318145712449
136,GABA-B-R2,165,0.515151515151515,2.12898964249423
136,GABA-B-R3,165,0.272727272727273,1.15891837924921
136,nAChRalpha1,165,0.939393939393939,11.8062438125347
136,nAChRalpha2,165,0.151515151515152,0.4752859826615
136,nAChRalpha3,165,0.927272727272727,12.2264631081621
136,nAChRalpha4,165,0.96969696969697,17.3785708654023
136,nAChRalpha5,165,0.987878787878788,26.635890000152
136,nAChRalpha6,165,0.903030303030303,24.3958613620891
136,nAChRalpha7,165,0.963636363636364,16.1271750801091
136,nAChRbeta1,165,0.963636363636364,15.7967045503093
136,nAChRbeta2,165,0.284848484848485,1.06928035099638
136,nAChRbeta3,165,0,0
136,mAChR-A,165,0.563636363636364,2.27619938437827
136,mAChR-B,165,0.4,2.21810219000536
136,mAChR-C,165,0,0
136,Dop1R1,165,0.4,2.26914166952924
136,Dop1R2,165,0.218181818181818,0.71955922213987
136,Dop2R,165,0.836363636363636,13.6219311322078
136,DopEcR,165,0.836363636363636,6.8025476982917
136,Oamb,165,0.272727272727273,1.18931157756567
136,Octalpha2R,165,0.442424242424243,3.56351532592024
136,Octbeta1R,165,0.296969696969697,1.28561956851207
136,Octbeta2R,165,0.793939393939394,6.68328981472364
136,Octbeta3R,165,0.709090909090909,4.50014384808144
136,5-HT1A,165,0.551515151515152,3.51577920197209
136,5-HT1B,165,0.333333333333333,1.1706716860506
136,5-HT2A,165,0.151515151515152,0.413746982104795
136,5-HT2B,165,0.4,1.79623350514412
136,5-HT7,165,0.490909090909091,3.24900034583355
136,HisCl1,165,0.00606060606060606,0.0115704583058535
136,ort,165,0,0
136,VGlut,165,0.224242424242424,1.33580878775264
136,Gad1,165,0.109090909090909,0.528275938994624
136,ChAT,165,0.775757575757576,5.93996824117538
136,ple,165,0.0303030303030303,0.10792386327983
136,SerT,165,0.0181818181818182,0.0524851776107668
136,Tbh,165,0.321212121212121,1.37302725228478
136,Hdc,165,0.00606060606060606,0.0242230458057796
138,GluClalpha,155,0.954838709677419,37.4243776806397
138,GluRIA,155,0.103225806451613,0.395116792503136
138,GluRIB,155,0.232258064516129,1.85834900804527
138,Nmdar1,155,0.193548387096774,1.18481823058318
138,Nmdar2,155,0.438709677419355,3.41446378762703
138,KaiR1D,155,0.206451612903226,1.44949732135202
138,clumsy,155,0,0
138,Ekar,155,0.0258064516129032,0.232510350549573
138,mGluR,155,0.116129032258065,0.834000176997022
138,Rdl,155,0.909677419354839,35.1725533757333
138,Lcch3,155,0.148387096774194,1.30818047617269
138,Grd,155,0.0129032258064516,0.0258913514925031
138,GABA-B-R1,155,0.393548387096774,3.79211413161689
138,GABA-B-R2,155,0.316129032258065,1.87152601248255
138,GABA-B-R3,155,0.219354838709677,1.7161594340201
138,nAChRalpha1,155,0.838709677419355,19.3108241668107
138,nAChRalpha2,155,0.116129032258065,0.827011718127017
138,nAChRalpha3,155,0.303225806451613,2.54188555503949
138,nAChRalpha4,155,0.864516129032258,23.2977005585836
138,nAChRalpha5,155,0.864516129032258,18.9865317972652
138,nAChRalpha6,155,0.870967741935484,22.0578167527057
138,nAChRalpha7,155,0.264516129032258,2.48487349406169
138,nAChRbeta1,155,0.767741935483871,11.3226633780177
138,nAChRbeta2,155,0.135483870967742,0.488120482545107
138,nAChRbeta3,155,0,0
138,mAChR-A,155,0.470967741935484,5.09739258704285
138,mAChR-B,155,0.219354838709677,2.03771971546759
138,mAChR-C,155,0,0
138,Dop1R1,155,0.219354838709677,1.3093257862582
138,Dop1R2,155,0.0967741935483871,0.531732694895607
138,Dop2R,155,0.774193548387097,18.0707386522085
138,DopEcR,155,0.470967741935484,3.41075430224822
138,Oamb,155,0.0709677419354839,0.33029516068764
138,Octalpha2R,155,0.206451612903226,1.71890757889047
138,Octbeta1R,155,0.0774193548387097,0.294099923372764
138,Octbeta2R,155,0.735483870967742,13.3842791472546
138,Octbeta3R,155,0.503225806451613,4.76010666530095
138,5-HT1A,155,0.27741935483871,2.27958615962333
138,5-HT1B,155,0.0967741935483871,0.428826462421173
138,5-HT2A,155,0.109677419354839,0.791098734494684
138,5-HT2B,155,0.264516129032258,1.85549529733042
138,5-HT7,155,0.47741935483871,3.59716404932125
138,HisCl1,155,0,0
138,ort,155,0.00645161290322581,0.0227489876700487
138,VGlut,155,0.0774193548387097,0.458415623670504
138,Gad1,155,0.0709677419354839,0.358794113660887
138,ChAT,155,0.606451612903226,6.40810822957097
138,ple,155,0.0193548387096774,0.0617241809725412
138,SerT,155,0.00645161290322581,0.0218476562926712
138,Tbh,155,0.0387096774193548,0.105744960704679
138,Hdc,155,0,0
139,GluClalpha,154,0.493506493506494,18.6728882655301
139,GluRIA,154,0.0584415584415584,1.32200863959639
139,GluRIB,154,0.227272727272727,7.34925624999999
139,Nmdar1,154,0.142857142857143,3.70535190065691
139,Nmdar2,154,0.266233766233766,7.3504230739047
139,KaiR1D,154,0.051948051948052,1.74545100467445
139,clumsy,154,0,0
139,Ekar,154,0.012987012987013,0.266357189031039
139,mGluR,154,0.123376623376623,3.52270916725548
139,Rdl,154,0.688311688311688,31.1025566297106
139,Lcch3,154,0.0324675324675325,0.706008000840605
139,Grd,154,0,0
139,GABA-B-R1,154,0.162337662337662,5.10457528464932
139,GABA-B-R2,154,0.0974025974025974,2.3902677277712
139,GABA-B-R3,154,0.0714285714285714,2.19345302003028
139,nAChRalpha1,154,0.350649350649351,10.5918300453958
139,nAChRalpha2,154,0.025974025974026,0.644467059593579
139,nAChRalpha3,154,0.298701298701299,10.1599087739025
139,nAChRalpha4,154,0.474025974025974,15.278515211685
139,nAChRalpha5,154,0.597402597402597,27.5597866026437
139,nAChRalpha6,154,0.707792207792208,37.4305009734174
139,nAChRalpha7,154,0.25974025974026,8.46622863970395
139,nAChRbeta1,154,0.376623376623377,11.9353203787439
139,nAChRbeta2,154,0.0194805194805195,0.435211184069453
139,nAChRbeta3,154,0,0
139,mAChR-A,154,0.12987012987013,3.58162415459946
139,mAChR-B,154,0.025974025974026,0.872815279061235
139,mAChR-C,154,0,0
139,Dop1R1,154,0.168831168831169,4.79448043298809
139,Dop1R2,154,0.0454545454545455,1.20524828952078
139,Dop2R,154,0.480519480519481,20.3264987706511
139,DopEcR,154,0.142857142857143,4.53793384337342
139,Oamb,154,0.155844155844156,4.43720048486797
139,Octalpha2R,154,0.194805194805195,6.64142657691552
139,Octbeta1R,154,0.0844155844155844,2.31909042324935
139,Octbeta2R,154,0.220779220779221,6.94153260397589
139,Octbeta3R,154,0.162337662337662,4.35348992262246
139,5-HT1A,154,0.24025974025974,8.33046754057908
139,5-HT1B,154,0.0909090909090909,2.21563023115807
139,5-HT2A,154,0.038961038961039,0.894507449498442
139,5-HT2B,154,0.149350649350649,5.45931849459687
139,5-HT7,154,0.123376623376623,3.40751538856737
139,HisCl1,154,0,0
139,ort,154,0,0
139,VGlut,154,0.0974025974025974,1.75181421798839
139,Gad1,154,0.038961038961039,0.772307716400123
139,ChAT,154,0.0649350649350649,1.85036357968119
139,ple,154,0.253246753246753,7.83692092026588
139,SerT,154,0.0844155844155844,2.60493481782371
139,Tbh,154,0.0324675324675325,0.840167432315928
139,Hdc,154,0,0
140,GluClalpha,153,0.869281045751634,9.92043766723531
140,GluRIA,153,0.464052287581699,1.52367426980705
140,GluRIB,153,0.830065359477124,7.60863467153624
140,Nmdar1,153,0.568627450980392,1.95137769061841
140,Nmdar2,153,0.705882352941177,3.57760945622754
140,KaiR1D,153,0.405228758169935,1.13421919924357
140,clumsy,153,0.0130718954248366,0.0304371011961262
140,Ekar,153,0.0392156862745098,0.0842897181276667
140,mGluR,153,0.843137254901961,5.88061165185368
140,Rdl,153,1,30.1058114831918
140,Lcch3,153,0.241830065359477,0.615784187787665
140,Grd,153,0.0196078431372549,0.0489257503663831
140,GABA-B-R1,153,0.777777777777778,4.55874553544539
140,GABA-B-R2,153,0.633986928104575,1.94800465998314
140,GABA-B-R3,153,0.0980392156862745,0.316804959843221
140,nAChRalpha1,153,0.745098039215686,5.28281994494673
140,nAChRalpha2,153,0.202614379084967,0.41407918438493
140,nAChRalpha3,153,0.797385620915033,6.03286849363624
140,nAChRalpha4,153,0.901960784313725,10.5927397365332
140,nAChRalpha5,153,0.928104575163399,11.5445203729337
140,nAChRalpha6,153,0.967320261437908,20.7471321328228
140,nAChRalpha7,153,0.751633986928105,5.61003157466945
140,nAChRbeta1,153,0.934640522875817,9.3138529788464
140,nAChRbeta2,153,0.228758169934641,0.588338403494746
140,nAChRbeta3,153,0,0
140,mAChR-A,153,0.38562091503268,1.17170394977492
140,mAChR-B,153,0.150326797385621,0.398882311660653
140,mAChR-C,153,0,0
140,Dop1R1,153,0.509803921568627,1.9516185121455
140,Dop1R2,153,0.326797385620915,1.82741318276062
140,Dop2R,153,0.797385620915033,6.70966591473373
140,DopEcR,153,0.470588235294118,1.8185775724951
140,Oamb,153,0.856209150326797,11.5905817297649
140,Octalpha2R,153,0.718954248366013,5.26030874091281
140,Octbeta1R,153,0.0718954248366013,0.139717982302018
140,Octbeta2R,153,0.333333333333333,1.4064560608165
140,Octbeta3R,153,0.555555555555556,4.27756335520806
140,5-HT1A,153,0.954248366013072,12.5739960327992
140,5-HT1B,153,0.352941176470588,1.22445791268538
140,5-HT2A,153,0.38562091503268,1.20653668839747
140,5-HT2B,153,0.450980392156863,2.40749324424781
140,5-HT7,153,0.797385620915033,5.96281323008154
140,HisCl1,153,0.0130718954248366,0.0190115255305845
140,ort,153,0,0
140,VGlut,153,0.196078431372549,0.796559928315851
140,Gad1,153,0.973856209150327,11.9613708987807
140,ChAT,153,0.758169934640523,4.0007166813284
140,ple,153,0.0261437908496732,0.0261178351107505
140,SerT,153,0.0196078431372549,0.0219072201487577
140,Tbh,153,0.111111111111111,0.202557877802935
140,Hdc,153,0,0
141,GluClalpha,152,0.94078947368421,15.6041180053634
141,GluRIA,152,0.190789473684211,0.719846171269031
141,GluRIB,152,0.322368421052632,1.12339013295552
141,Nmdar1,152,0.546052631578947,2.29512002504167
141,Nmdar2,152,0.703947368421053,4.17171340427938
141,KaiR1D,152,0.368421052631579,1.30812376133998
141,clumsy,152,0,0
141,Ekar,152,0.0263157894736842,0.111093690009852
141,mGluR,152,0.875,8.85568374303638
141,Rdl,152,0.993421052631579,34.743064550734
141,Lcch3,152,0.210526315789474,0.698767748592185
141,Grd,152,0.00657894736842105,0.00819092052841267
141,GABA-B-R1,152,0.671052631578947,3.75048094405158
141,GABA-B-R2,152,0.434210526315789,1.66659124725974
141,GABA-B-R3,152,0.203947368421053,0.795678944360732
141,nAChRalpha1,152,0.888157894736842,19.7202523444177
141,nAChRalpha2,152,0.243421052631579,0.606034524717435
141,nAChRalpha3,152,0.907894736842105,16.9485586046422
141,nAChRalpha4,152,0.973684210526316,20.3644827314354
141,nAChRalpha5,152,0.967105263157895,16.2576459477837
141,nAChRalpha6,152,0.868421052631579,23.7413099577046
141,nAChRalpha7,152,0.828947368421053,8.29325168429618
141,nAChRbeta1,152,0.94078947368421,13.2128317060831
141,nAChRbeta2,152,0.25,0.673080349409618
141,nAChRbeta3,152,0,0
141,mAChR-A,152,0.421052631578947,1.57762159214121
141,mAChR-B,152,0.144736842105263,0.632525883425695
141,mAChR-C,152,0,0
141,Dop1R1,152,0.427631578947368,2.01210708687281
141,Dop1R2,152,0.302631578947368,1.10587884559244
141,Dop2R,152,0.532894736842105,4.08171898378571
141,DopEcR,152,0.75,5.71426286979683
141,Oamb,152,0.394736842105263,2.30105724781506
141,Octalpha2R,152,0.55921052631579,3.34532737042927
141,Octbeta1R,152,0.914473684210526,11.1678116671943
141,Octbeta2R,152,0.723684210526316,7.71585315189354
141,Octbeta3R,152,0.802631578947369,7.57726437847783
141,5-HT1A,152,0.532894736842105,4.60814332396374
141,5-HT1B,152,0.184210526315789,0.520679443744139
141,5-HT2A,152,0.0263157894736842,0.221600929573375
141,5-HT2B,152,0.0789473684210526,0.329315117986485
141,5-HT7,152,0.269736842105263,1.20086172978035
141,HisCl1,152,0,0
141,ort,152,0.0131578947368421,0.0195528802198662
141,VGlut,152,0.394736842105263,7.16846913896515
141,Gad1,152,0.0986842105263158,0.288659003517964
141,ChAT,152,0.611842105263158,4.92507676303287
141,ple,152,0.0328947368421053,0.0828077761197198
141,SerT,152,0,0
141,Tbh,152,0.25,1.41361192768945
141,Hdc,152,0,0
142,GluClalpha,151,0.993377483443709,41.0862306776545
142,GluRIA,151,0.0463576158940397,0.219354543438894
142,GluRIB,151,0.258278145695364,1.54593706696914
142,Nmdar1,151,0.483443708609272,2.9672107402071
142,Nmdar2,151,0.450331125827815,3.39652388849045
142,KaiR1D,151,0.185430463576159,0.966834160706945
142,clumsy,151,0,0
142,Ekar,151,0.0264900662251656,0.102074628942549
142,mGluR,151,0.463576158940397,4.28455813672592
142,Rdl,151,0.993377483443709,33.2456504828325
142,Lcch3,151,0.139072847682119,0.840023179624296
142,Grd,151,0.0132450331125828,0.0458770027040481
142,GABA-B-R1,151,0.450331125827815,2.81769486818135
142,GABA-B-R2,151,0.370860927152318,1.97731386583723
142,GABA-B-R3,151,0.158940397350993,0.852964493238593
142,nAChRalpha1,151,0.80794701986755,9.69444517939716
142,nAChRalpha2,151,0.225165562913907,1.07462022333489
142,nAChRalpha3,151,0.675496688741722,6.27897775165403
142,nAChRalpha4,151,0.887417218543046,13.2487137143209
142,nAChRalpha5,151,0.894039735099338,15.2815418433642
142,nAChRalpha6,151,0.947019867549669,29.0309645816405
142,nAChRalpha7,151,0.841059602649007,12.2533988249835
142,nAChRbeta1,151,0.867549668874172,10.599280543163
142,nAChRbeta2,151,0.125827814569536,0.543985468781099
142,nAChRbeta3,151,0,0
142,mAChR-A,151,0.278145695364238,1.42890947076054
142,mAChR-B,151,0.139072847682119,0.805753147268124
142,mAChR-C,151,0,0
142,Dop1R1,151,0.56953642384106,7.44405648699551
142,Dop1R2,151,0.0662251655629139,0.5082405458503
142,Dop2R,151,0.364238410596026,2.81424960451375
142,DopEcR,151,0.56953642384106,4.49048554368848
142,Oamb,151,0.145695364238411,0.950746114687946
142,Octalpha2R,151,0.377483443708609,3.52914499532834
142,Octbeta1R,151,0.033112582781457,0.168563814326588
142,Octbeta2R,151,0.602649006622517,5.12106785412315
142,Octbeta3R,151,0.231788079470199,1.58870281012096
142,5-HT1A,151,0.198675496688742,1.34240920903322
142,5-HT1B,151,0.105960264900662,0.46323710786403
142,5-HT2A,151,0.0596026490066225,0.244820783209224
142,5-HT2B,151,0.125827814569536,0.847747267621256
142,5-HT7,151,0.205298013245033,1.4354490337769
142,HisCl1,151,0,0
142,ort,151,0,0
142,VGlut,151,0.0993377483443709,0.585291094800006
142,Gad1,151,0.0529801324503311,0.282498680885496
142,ChAT,151,0.721854304635762,6.29285952932061
142,ple,151,0.0132450331125828,0.0694460333125588
142,SerT,151,0,0
142,Tbh,151,0.0529801324503311,0.22784310502719
142,Hdc,151,0,0
143,GluClalpha,149,0.966442953020134,21.2905653666059
143,GluRIA,149,0.134228187919463,0.33740339139056
143,GluRIB,149,0.275167785234899,1.02737704341292
143,Nmdar1,149,0.604026845637584,2.3949592993416
143,Nmdar2,149,0.879194630872483,6.1528195414743
143,KaiR1D,149,0.395973154362416,1.02494467846342
143,clumsy,149,0,0
143,Ekar,149,0.0939597315436242,0.15770807668458
143,mGluR,149,0.241610738255034,0.733316794455587
143,Rdl,149,0.993288590604027,38.3185050893316
143,Lcch3,149,0.201342281879195,0.518148667659782
143,Grd,149,0.00671140939597315,0.0343998431367153
143,GABA-B-R1,149,0.718120805369128,3.10528327643287
143,GABA-B-R2,149,0.516778523489933,1.65668205448013
143,GABA-B-R3,149,0.167785234899329,0.524197279911424
143,nAChRalpha1,149,0.939597315436242,11.7199711157418
143,nAChRalpha2,149,0.315436241610738,0.79955548260035
143,nAChRalpha3,149,0.852348993288591,8.01794913687263
143,nAChRalpha4,149,0.946308724832215,15.1426190605262
143,nAChRalpha5,149,0.953020134228188,19.8117748868942
143,nAChRalpha6,149,0.993288590604027,41.4259272666885
143,nAChRalpha7,149,0.912751677852349,10.5174048274821
143,nAChRbeta1,149,0.953020134228188,11.6323233593449
143,nAChRbeta2,149,0.402684563758389,1.23162523546865
143,nAChRbeta3,149,0,0
143,mAChR-A,149,0.483221476510067,1.7424911297941
143,mAChR-B,149,0.818791946308725,7.61955751729447
143,mAChR-C,149,0,0
143,Dop1R1,149,0.778523489932886,6.41606040296161
143,Dop1R2,149,0.543624161073826,3.63159565617387
143,Dop2R,149,0.812080536912752,6.60992093067398
143,DopEcR,149,0.644295302013423,3.19644759582356
143,Oamb,149,0.751677852348993,4.16697869430211
143,Octalpha2R,149,0.677852348993289,5.03469580943272
143,Octbeta1R,149,0.442953020134228,1.68621977218661
143,Octbeta2R,149,0.818791946308725,6.79359232958309
143,Octbeta3R,149,0.778523489932886,4.96870983326698
143,5-HT1A,149,0.503355704697987,2.94664155318176
143,5-HT1B,149,0.308724832214765,1.32419663081237
143,5-HT2A,149,0.248322147651007,0.717797295078973
143,5-HT2B,149,0.181208053691275,0.459679772919567
143,5-HT7,149,0.496644295302014,2.84587991828131
143,HisCl1,149,0,0
143,ort,149,0,0
143,VGlut,149,0.214765100671141,0.648358710849433
143,Gad1,149,0.187919463087248,0.616299413958665
143,ChAT,149,0.718120805369128,4.26179903596849
143,ple,149,0.0604026845637584,0.12344852823088
143,SerT,149,0.442953020134228,5.62539095574093
143,Tbh,149,0.395973154362416,1.60552831923676
143,Hdc,149,0.00671140939597315,0.00354706907455904
146,GluClalpha,143,0.979020979020979,24.9495666918087
146,GluRIA,143,0.104895104895105,0.18046774699871
146,GluRIB,143,0.237762237762238,0.905616488434432
146,Nmdar1,143,0.601398601398601,2.04836993581808
146,Nmdar2,143,0.846153846153846,6.53534683650007
146,KaiR1D,143,0.391608391608392,1.28694501247419
146,clumsy,143,0,0
146,Ekar,143,0.020979020979021,0.0744379378436422
146,mGluR,143,0.174825174825175,0.547966993222454
146,Rdl,143,0.979020979020979,30.4099728625252
146,Lcch3,143,0.174825174825175,0.370892996135155
146,Grd,143,0,0
146,GABA-B-R1,143,0.678321678321678,3.20359740720117
146,GABA-B-R2,143,0.496503496503497,1.37963100921571
146,GABA-B-R3,143,0.0699300699300699,0.139558082224389
146,nAChRalpha1,143,0.895104895104895,8.72475884802136
146,nAChRalpha2,143,0.300699300699301,0.721225493299892
146,nAChRalpha3,143,0.937062937062937,12.7143672996045
146,nAChRalpha4,143,0.951048951048951,14.1303465742675
146,nAChRalpha5,143,0.986013986013986,26.7407966937795
146,nAChRalpha6,143,1,31.5667012229622
146,nAChRalpha7,143,0.895104895104895,8.40702665577679
146,nAChRbeta1,143,0.93006993006993,11.4363259644956
146,nAChRbeta2,143,0.202797202797203,0.392622044337026
146,nAChRbeta3,143,0,0
146,mAChR-A,143,0.510489510489511,1.79432485458503
146,mAChR-B,143,0.048951048951049,0.0875211547228562
146,mAChR-C,143,0,0
146,Dop1R1,143,0.972027972027972,21.6068030251762
146,Dop1R2,143,0.0629370629370629,0.138483176127535
146,Dop2R,143,0.391608391608392,1.51123521577283
146,DopEcR,143,0.377622377622378,1.34827794553624
146,Oamb,143,0.0839160839160839,0.234758929803354
146,Octalpha2R,143,0.986013986013986,23.2015670977571
146,Octbeta1R,143,0.251748251748252,0.621792456557487
146,Octbeta2R,143,0.846153846153846,6.34546018332927
146,Octbeta3R,143,0.867132867132867,10.2401629428078
146,5-HT1A,143,0.93006993006993,16.812005276252
146,5-HT1B,143,0.664335664335664,2.43580982544592
146,5-HT2A,143,0.041958041958042,0.0462315109959541
146,5-HT2B,143,0.286713286713287,0.914943266272751
146,5-HT7,143,0.370629370629371,1.1241130147989
146,HisCl1,143,0.00699300699300699,0.00440060851614561
146,ort,143,0,0
146,VGlut,143,0.0699300699300699,0.183335966090902
146,Gad1,143,0.0769230769230769,0.187942342446921
146,ChAT,143,0.853146853146853,5.87141107541533
146,ple,143,0.048951048951049,0.155983193165066
146,SerT,143,0.00699300699300699,0.00828653512620807
146,Tbh,143,0.237762237762238,0.677855882523177
146,Hdc,143,0.00699300699300699,0.00723314748966383
147,GluClalpha,142,0.922535211267606,17.1922522906219
147,GluRIA,142,0.176056338028169,0.691530216890889
147,GluRIB,142,0.605633802816901,4.24410223851265
147,Nmdar1,142,0.542253521126761,3.04822180512923
147,Nmdar2,142,0.542253521126761,3.49085714645613
147,KaiR1D,142,0.309859154929577,1.50149487687584
147,clumsy,142,0,0
147,Ekar,142,0.0492957746478873,0.113150444966721
147,mGluR,142,0.288732394366197,2.50696541284887
147,Rdl,142,1,39.3679638965806
147,Lcch3,142,0.183098591549296,0.851430493972702
147,Grd,142,0,0
147,GABA-B-R1,142,0.485915492957747,2.69906933211576
147,GABA-B-R2,142,0.359154929577465,1.64403449454724
147,GABA-B-R3,142,0.197183098591549,0.867602406487254
147,nAChRalpha1,142,0.901408450704225,11.3485734368089
147,nAChRalpha2,142,0.211267605633803,0.947952796690944
147,nAChRalpha3,142,0.697183098591549,5.93901403561457
147,nAChRalpha4,142,0.880281690140845,13.7791401286733
147,nAChRalpha5,142,0.943661971830986,15.4091188961113
147,nAChRalpha6,142,0.922535211267606,19.9535897829215
147,nAChRalpha7,142,0.830985915492958,8.63844393204181
147,nAChRbeta1,142,0.838028169014084,11.6156127236554
147,nAChRbeta2,142,0.140845070422535,0.63128681890828
147,nAChRbeta3,142,0,0
147,mAChR-A,142,0.352112676056338,1.97286713789556
147,mAChR-B,142,0.147887323943662,0.791091730886114
147,mAChR-C,142,0,0
147,Dop1R1,142,0.577464788732394,4.39933047427569
147,Dop1R2,142,0.154929577464789,0.676985439288277
147,Dop2R,142,0.654929577464789,9.62438124361464
147,DopEcR,142,0.549295774647887,3.38558358632147
147,Oamb,142,0.415492957746479,4.98655494348318
147,Octalpha2R,142,0.246478873239437,2.02159144937006
147,Octbeta1R,142,0.211267605633803,0.819690851739251
147,Octbeta2R,142,0.47887323943662,3.25001683404652
147,Octbeta3R,142,0.676056338028169,5.67173277428211
147,5-HT1A,142,0.802816901408451,13.7380811923662
147,5-HT1B,142,0.450704225352113,1.96325814239254
147,5-HT2A,142,0.0704225352112676,0.315219090251853
147,5-HT2B,142,0.176056338028169,0.94243370321375
147,5-HT7,142,0.345070422535211,2.00309650595334
147,HisCl1,142,0.00704225352112676,0.0205553225952328
147,ort,142,0.00704225352112676,0.00937592001215119
147,VGlut,142,0.838028169014084,19.6496348226354
147,Gad1,142,0.0704225352112676,0.351915718587007
147,ChAT,142,0.619718309859155,4.47825216604722
147,ple,142,0.00704225352112676,0.0282367823621763
147,SerT,142,0.00704225352112676,0.0154401524251847
147,Tbh,142,0.0985915492957746,0.449138081157815
147,Hdc,142,0,0
148,GluClalpha,132,0.992424242424242,15.6878177322498
148,GluRIA,132,0.128787878787879,0.300224310210308
148,GluRIB,132,0.386363636363636,1.65238473233129
148,Nmdar1,132,0.613636363636364,2.49976550884469
148,Nmdar2,132,0.863636363636364,6.40235525683047
148,KaiR1D,132,0.409090909090909,1.08982085500819
148,clumsy,132,0.0227272727272727,0.0787155826847691
148,Ekar,132,0.0833333333333333,0.244383232839462
148,mGluR,132,0.386363636363636,2.5952222614372
148,Rdl,132,1,40.8348882198875
148,Lcch3,132,0.166666666666667,0.356680288981783
148,Grd,132,0.0151515151515152,0.0487260170674724
148,GABA-B-R1,132,0.704545454545455,2.88309427430074
148,GABA-B-R2,132,0.598484848484849,1.73976799276854
148,GABA-B-R3,132,0.71969696969697,3.529010029235
148,nAChRalpha1,132,0.977272727272727,15.8272441471639
148,nAChRalpha2,132,0.318181818181818,0.751006183796176
148,nAChRalpha3,132,0.712121212121212,6.20121641385826
148,nAChRalpha4,132,0.946969696969697,11.7887032919276
148,nAChRalpha5,132,0.96969696969697,17.5117773671767
148,nAChRalpha6,132,0.977272727272727,27.4440238666056
148,nAChRalpha7,132,0.810606060606061,5.62869983011006
148,nAChRbeta1,132,0.916666666666667,9.88703151553834
148,nAChRbeta2,132,0.363636363636364,0.941555179904704
148,nAChRbeta3,132,0,0
148,mAChR-A,132,0.545454545454545,2.05541949046253
148,mAChR-B,132,0.113636363636364,0.318721843374832
148,mAChR-C,132,0,0
148,Dop1R1,132,0.803030303030303,6.65485805301829
148,Dop1R2,132,0.484848484848485,4.4668802039936
148,Dop2R,132,0.878787878787879,10.9181090124047
148,DopEcR,132,0.575757575757576,2.54654815868696
148,Oamb,132,0.939393939393939,11.7056401000263
148,Octalpha2R,132,0.878787878787879,11.690110246506
148,Octbeta1R,132,0.0757575757575758,0.18770498836542
148,Octbeta2R,132,0.818181818181818,6.78756140150981
148,Octbeta3R,132,0.909090909090909,11.8062339420001
148,5-HT1A,132,0.954545454545455,18.5754366494218
148,5-HT1B,132,0.545454545454545,1.9812066451457
148,5-HT2A,132,0.0757575757575758,0.198650627496849
148,5-HT2B,132,0.227272727272727,1.07747324373744
148,5-HT7,132,0.257575757575758,0.941219837019159
148,HisCl1,132,0,0
148,ort,132,0,0
148,VGlut,132,0.106060606060606,0.255606530147781
148,Gad1,132,0.0757575757575758,0.113410000501387
148,ChAT,132,0.174242424242424,0.426657233389453
148,ple,132,0.0606060606060606,0.102118042560478
148,SerT,132,0.96969696969697,16.1614483297588
148,Tbh,132,0.0606060606060606,0.115886855912236
148,Hdc,132,0.00757575757575758,0.00896963956400376
149,GluClalpha,128,0.984375,17.6988524905964
149,GluRIA,128,0.2734375,1.52540602825508
149,GluRIB,128,0.484375,4.44588913407763
149,Nmdar1,128,0.796875,2.48108457491764
149,Nmdar2,128,0.7890625,3.22393740305274
149,KaiR1D,128,0.578125,1.2104018268875
149,clumsy,128,0,0
149,Ekar,128,0.078125,0.0874681340628712
149,mGluR,128,0.765625,3.51444872644302
149,Rdl,128,1,31.5787830787637
149,Lcch3,128,0.359375,0.640142619982505
149,Grd,128,0,0
149,GABA-B-R1,128,0.8046875,2.88583117391208
149,GABA-B-R2,128,0.6875,1.75329654470028
149,GABA-B-R3,128,0.1640625,0.299013125871301
149,nAChRalpha1,128,0.96875,10.3510284046112
149,nAChRalpha2,128,0.3515625,0.540146379636276
149,nAChRalpha3,128,0.90625,7.81623101383042
149,nAChRalpha4,128,0.984375,13.8160538361434
149,nAChRalpha5,128,0.984375,21.7303690435144
149,nAChRalpha6,128,0.9921875,20.2878285746662
149,nAChRalpha7,128,0.984375,16.1761724645466
149,nAChRbeta1,128,0.9609375,9.90214619211624
149,nAChRbeta2,128,0.3046875,0.544321726814229
149,nAChRbeta3,128,0,0
149,mAChR-A,128,0.65625,1.81729789760933
149,mAChR-B,128,0.2578125,0.698526397903631
149,mAChR-C,128,0.0078125,0.0073226169275471
149,Dop1R1,128,0.6171875,1.92334447681282
149,Dop1R2,128,0.609375,1.85268889557076
149,Dop2R,128,0.5625,1.68827082885352
149,DopEcR,128,0.7734375,3.30745812230669
149,Oamb,128,0.6171875,2.92725178915136
149,Octalpha2R,128,0.46875,1.76439472382197
149,Octbeta1R,128,0.53125,2.3084737345724
149,Octbeta2R,128,0.9296875,6.20679195368731
149,Octbeta3R,128,0.734375,3.10803128863301
149,5-HT1A,128,0.8671875,16.0073877508249
149,5-HT1B,128,0.3984375,0.59701225560779
149,5-HT2A,128,0.0703125,0.132628544078267
149,5-HT2B,128,0.234375,0.472745108070086
149,5-HT7,128,0.203125,0.253600834727356
149,HisCl1,128,0.015625,0.0125813025970016
149,ort,128,0.0078125,0.00786519681868519
149,VGlut,128,0.1171875,0.203617313498917
149,Gad1,128,0.984375,13.9838954797804
149,ChAT,128,0.7734375,2.89310895835377
149,ple,128,0.03125,0.038709394785732
149,SerT,128,0.015625,0.0164989311204275
149,Tbh,128,0.0703125,0.075400103018076
149,Hdc,128,0,0
150,GluClalpha,127,0.968503937007874,15.7152295643802
150,GluRIA,127,0.330708661417323,0.7445607993611
150,GluRIB,127,0.68503937007874,3.38665979009659
150,Nmdar1,127,0.590551181102362,1.81104343209414
150,Nmdar2,127,0.755905511811024,3.48694339129286
150,KaiR1D,127,0.503937007874016,1.27718307265529
150,clumsy,127,0,0
150,Ekar,127,0.165354330708661,0.343767006954106
150,mGluR,127,0.653543307086614,2.80426618125821
150,Rdl,127,1,43.3161173853246
150,Lcch3,127,0.338582677165354,0.967832644246865
150,Grd,127,0,0
150,GABA-B-R1,127,0.850393700787402,3.89169314813133
150,GABA-B-R2,127,0.606299212598425,1.532313513557
150,GABA-B-R3,127,0.338582677165354,0.941380049629647
150,nAChRalpha1,127,0.858267716535433,6.48317793612618
150,nAChRalpha2,127,0.267716535433071,0.482651746613221
150,nAChRalpha3,127,0.834645669291339,6.30194313773383
150,nAChRalpha4,127,0.984251968503937,16.0914912723525
150,nAChRalpha5,127,1,23.0255941769273
150,nAChRalpha6,127,0.992125984251969,44.0250948175408
150,nAChRalpha7,127,0.937007874015748,14.6752323826473
150,nAChRbeta1,127,0.992125984251969,13.5547653338969
150,nAChRbeta2,127,0.362204724409449,0.774674122169158
150,nAChRbeta3,127,0,0
150,mAChR-A,127,0.582677165354331,2.59506506835184
150,mAChR-B,127,0.480314960629921,1.96833472266275
150,mAChR-C,127,0,0
150,Dop1R1,127,0.811023622047244,4.52891925182045
150,Dop1R2,127,0.464566929133858,1.52360658277069
150,Dop2R,127,0.881889763779528,7.6654020388966
150,DopEcR,127,0.826771653543307,4.47426378627136
150,Oamb,127,0.409448818897638,1.2161419065413
150,Octalpha2R,127,0.700787401574803,4.17423503255232
150,Octbeta1R,127,0.417322834645669,1.30462149351715
150,Octbeta2R,127,0.937007874015748,14.3641196599374
150,Octbeta3R,127,0.574803149606299,2.48555560864343
150,5-HT1A,127,1,22.3932617967888
150,5-HT1B,127,0.511811023622047,1.5954357944953
150,5-HT2A,127,0.165354330708661,0.42655073704578
150,5-HT2B,127,0.409448818897638,1.29822505606132
150,5-HT7,127,0.47244094488189,1.6838770745174
150,HisCl1,127,0.0078740157480315,0.0102713484842571
150,ort,127,0.440944881889764,1.07887080134687
150,VGlut,127,0.826771653543307,5.20279558934775
150,Gad1,127,0.393700787401575,2.24563892360937
150,ChAT,127,0.677165354330709,2.75420497280109
150,ple,127,0.0866141732283465,0.166796620518988
150,SerT,127,0.015748031496063,0.049577429375398
150,Tbh,127,0.291338582677165,1.35340374765152
150,Hdc,127,0,0
151,GluClalpha,124,0.967741935483871,20.0278583083965
151,GluRIA,124,0.241935483870968,0.949655313174137
151,GluRIB,124,0.491935483870968,2.98261229308105
151,Nmdar1,124,0.564516129032258,2.38521730288153
151,Nmdar2,124,0.580645161290323,3.51782764473152
151,KaiR1D,124,0.314516129032258,0.888499016936033
151,clumsy,124,0.0161290322580645,0.0286033629284905
151,Ekar,124,0.0403225806451613,0.151080588134265
151,mGluR,124,0.782258064516129,7.69947663243924
151,Rdl,124,0.991935483870968,32.8606667058362
151,Lcch3,124,0.201612903225806,0.651623418778873
151,Grd,124,0,0
151,GABA-B-R1,124,0.653225806451613,3.37699872122167
151,GABA-B-R2,124,0.362903225806452,1.45748918616401
151,GABA-B-R3,124,0.0887096774193548,0.299564549226917
151,nAChRalpha1,124,0.774193548387097,6.35341470668997
151,nAChRalpha2,124,0.120967741935484,0.315602645702923
151,nAChRalpha3,124,0.854838709677419,9.41027053185325
151,nAChRalpha4,124,0.951612903225806,16.8501608806338
151,nAChRalpha5,124,0.951612903225806,15.2304204133357
151,nAChRalpha6,124,0.967741935483871,29.9388527235897
151,nAChRalpha7,124,0.870967741935484,11.4273415721418
151,nAChRbeta1,124,0.967741935483871,14.2253920475009
151,nAChRbeta2,124,0.145161290322581,0.471371352931692
151,nAChRbeta3,124,0,0
151,mAChR-A,124,0.379032258064516,1.65632531037035
151,mAChR-B,124,0.266129032258065,1.4466197006815
151,mAChR-C,124,0,0
151,Dop1R1,124,0.645161290322581,4.39865780188296
151,Dop1R2,124,0.330645161290323,1.35135753975615
151,Dop2R,124,0.709677419354839,6.47917421788453
151,DopEcR,124,0.806451612903226,6.3727391322151
151,Oamb,124,0.129032258064516,0.582833675471447
151,Octalpha2R,124,0.104838709677419,0.568445615343017
151,Octbeta1R,124,0.0564516129032258,0.193720480078187
151,Octbeta2R,124,0.758064516129032,5.3012204561053
151,Octbeta3R,124,0.75,6.37938234404459
151,5-HT1A,124,0.766129032258065,7.98948087357752
151,5-HT1B,124,0.241935483870968,0.763026117659261
151,5-HT2A,124,0.0161290322580645,0.0963289741995054
151,5-HT2B,124,0.120967741935484,0.319794649534752
151,5-HT7,124,0.741935483870968,6.33185325488996
151,HisCl1,124,0.0161290322580645,0.038808409963604
151,ort,124,0,0
151,VGlut,124,0.911290322580645,15.4934857205472
151,Gad1,124,0.112903225806452,0.430403336918593
151,ChAT,124,0.290322580645161,1.47537949301862
151,ple,124,0.0241935483870968,0.0964935223445046
151,SerT,124,0,0
151,Tbh,124,0.0564516129032258,0.185991586072028
151,Hdc,124,0,0
152,GluClalpha,123,0.967479674796748,23.9569412997935
152,GluRIA,123,0.349593495934959,1.4597088394028
152,GluRIB,123,0.75609756097561,6.15903930467194
152,Nmdar1,123,0.552845528455285,2.57273981632321
152,Nmdar2,123,0.650406504065041,4.94687107278799
152,KaiR1D,123,0.317073170731707,1.17579210206837
152,clumsy,123,0,0
152,Ekar,123,0.024390243902439,0.0587001490160126
152,mGluR,123,0.585365853658537,4.87885641433205
152,Rdl,123,0.991869918699187,39.5270740635417
152,Lcch3,123,0.211382113821138,0.949293458596642
152,Grd,123,0,0
152,GABA-B-R1,123,0.544715447154472,3.14471394096246
152,GABA-B-R2,123,0.430894308943089,2.08572622321957
152,GABA-B-R3,123,0.0894308943089431,0.251977700571891
152,nAChRalpha1,123,0.910569105691057,11.0312762232321
152,nAChRalpha2,123,0.178861788617886,0.553478222062627
152,nAChRalpha3,123,0.813008130081301,9.1875584160237
152,nAChRalpha4,123,0.894308943089431,15.3203490552351
152,nAChRalpha5,123,0.951219512195122,18.3989424503836
152,nAChRalpha6,123,0.967479674796748,32.6395542203628
152,nAChRalpha7,123,0.910569105691057,15.2707742519046
152,nAChRbeta1,123,0.926829268292683,12.7125296746397
152,nAChRbeta2,123,0.178861788617886,0.585934508119627
152,nAChRbeta3,123,0,0
152,mAChR-A,123,0.495934959349594,2.69624259983034
152,mAChR-B,123,0.16260162601626,0.786229755124782
152,mAChR-C,123,0,0
152,Dop1R1,123,0.804878048780488,7.18080004601143
152,Dop1R2,123,0.284552845528455,1.17804924337114
152,Dop2R,123,0.821138211382114,8.89720891221675
152,DopEcR,123,0.650406504065041,5.16839186597919
152,Oamb,123,0.121951219512195,0.435264004862528
152,Octalpha2R,123,0.869918699186992,16.2836456981018
152,Octbeta1R,123,0.0894308943089431,0.340839005504086
152,Octbeta2R,123,0.715447154471545,6.13119709483076
152,Octbeta3R,123,0.585365853658537,3.28704809496669
152,5-HT1A,123,0.772357723577236,10.2942558665311
152,5-HT1B,123,0.398373983739837,1.75639998999082
152,5-HT2A,123,0.0650406504065041,0.327741732315729
152,5-HT2B,123,0.300813008130081,1.48119574433292
152,5-HT7,123,0.439024390243902,2.9722965675206
152,HisCl1,123,0,0
152,ort,123,0,0
152,VGlut,123,0.203252032520325,1.39719102483244
152,Gad1,123,0.894308943089431,16.0115644739478
152,ChAT,123,0.682926829268293,4.50110002636458
152,ple,123,0.024390243902439,0.0719872090253273
152,SerT,123,0.00813008130081301,0.0138525835760999
152,Tbh,123,0.390243902439024,2.65495073407657
152,Hdc,123,0,0
153,GluClalpha,123,0.983739837398374,14.3619063997957
153,GluRIA,123,0.747967479674797,3.81225852270564
153,GluRIB,123,0.991869918699187,16.2073702538156
153,Nmdar1,123,0.707317073170732,2.09858310529762
153,Nmdar2,123,0.975609756097561,8.60862118000887
153,KaiR1D,123,0.51219512195122,1.38427628679927
153,clumsy,123,0.00813008130081301,0.0115369395498978
153,Ekar,123,0.170731707317073,0.358339310850373
153,mGluR,123,0.170731707317073,0.325874847503604
153,Rdl,123,1,32.7595929091175
153,Lcch3,123,0.203252032520325,0.250852144509485
153,Grd,123,0,0
153,GABA-B-R1,123,0.666666666666667,2.21695695404674
153,GABA-B-R2,123,0.67479674796748,2.19964749195446
153,GABA-B-R3,123,0.764227642276423,4.77969453094632
153,nAChRalpha1,123,0.951219512195122,9.18423857509352
153,nAChRalpha2,123,0.308943089430894,0.606273617627593
153,nAChRalpha3,123,0.682926829268293,3.37533375172129
153,nAChRalpha4,123,0.959349593495935,16.1866520173101
153,nAChRalpha5,123,1,29.0450904368789
153,nAChRalpha6,123,1,28.6289315968683
153,nAChRalpha7,123,0.739837398373984,3.5769903607137
153,nAChRbeta1,123,0.959349593495935,7.79698360446315
153,nAChRbeta2,123,0.382113821138211,0.837787244416447
153,nAChRbeta3,123,0,0
153,mAChR-A,123,0.707317073170732,3.13011936378056
153,mAChR-B,123,0.130081300813008,0.180560648810599
153,mAChR-C,123,0,0
153,Dop1R1,123,0.552845528455285,5.37885737431704
153,Dop1R2,123,0.178861788617886,0.335594839483653
153,Dop2R,123,0.983739837398374,16.0222096974
153,DopEcR,123,0.731707317073171,3.12641033447522
153,Oamb,123,0.569105691056911,8.22569138623171
153,Octalpha2R,123,0.333333333333333,0.708683772284119
153,Octbeta1R,123,0.536585365853659,1.65426958630489
153,Octbeta2R,123,0.951219512195122,8.01610994012624
153,Octbeta3R,123,0.926829268292683,16.1832015954927
153,5-HT1A,123,0.910569105691057,10.7047405237134
153,5-HT1B,123,0.414634146341463,1.23230702583234
153,5-HT2A,123,0.227642276422764,0.514428828545757
153,5-HT2B,123,0.504065040650406,1.28843669418913
153,5-HT7,123,0.585365853658537,2.17808264111582
153,HisCl1,123,0.016260162601626,0.0127610506490713
153,ort,123,0.00813008130081301,0.00781062667000962
153,VGlut,123,0.195121951219512,0.780016995613236
153,Gad1,123,0.154471544715447,0.242003927301125
153,ChAT,123,0.211382113821138,0.325533255376373
153,ple,123,0.943089430894309,7.46276597729814
153,SerT,123,0.016260162601626,0.0255983694326255
153,Tbh,123,0.0650406504065041,0.0929071981008635
153,Hdc,123,0.00813008130081301,0.00878357962490602
154,GluClalpha,123,0.934959349593496,18.2612294014313
154,GluRIA,123,0.260162601626016,1.31066164643803
154,GluRIB,123,0.642276422764228,4.52012834615576
154,Nmdar1,123,0.569105691056911,2.79997735606783
154,Nmdar2,123,0.739837398373984,5.49129239330327
154,KaiR1D,123,0.235772357723577,0.895427856733928
154,clumsy,123,0,0
154,Ekar,123,0.0487804878048781,0.169836183914059
154,mGluR,123,0.382113821138211,2.68854090933929
154,Rdl,123,0.991869918699187,39.4327688226315
154,Lcch3,123,0.146341463414634,0.542815275569781
154,Grd,123,0.00813008130081301,0.0194569374196793
154,GABA-B-R1,123,0.59349593495935,4.03383556350531
154,GABA-B-R2,123,0.520325203252033,2.33864889555212
154,GABA-B-R3,123,0.211382113821138,0.933722730139903
154,nAChRalpha1,123,0.83739837398374,9.67638363143464
154,nAChRalpha2,123,0.138211382113821,0.428617615146123
154,nAChRalpha3,123,0.747967479674797,7.90198753367849
154,nAChRalpha4,123,0.934959349593496,17.5995613474038
154,nAChRalpha5,123,0.975609756097561,18.8143036765385
154,nAChRalpha6,123,0.991869918699187,36.3881805576744
154,nAChRalpha7,123,0.959349593495935,15.7453405666599
154,nAChRbeta1,123,0.959349593495935,16.9789967941003
154,nAChRbeta2,123,0.154471544715447,0.536690885006618
154,nAChRbeta3,123,0,0
154,mAChR-A,123,0.495934959349594,2.48010755248776
154,mAChR-B,123,0.024390243902439,0.127244943752891
154,mAChR-C,123,0.00813008130081301,0.00662922480496821
154,Dop1R1,123,0.284552845528455,1.41806742190965
154,Dop1R2,123,0.121951219512195,0.689896646453712
154,Dop2R,123,0.59349593495935,8.90295873126747
154,DopEcR,123,0.788617886178862,5.98305858751965
154,Oamb,123,0.341463414634146,1.81433930803595
154,Octalpha2R,123,0.365853658536585,3.46302167238478
154,Octbeta1R,123,0.219512195121951,1.0862997646251
154,Octbeta2R,123,0.804878048780488,6.33650856555387
154,Octbeta3R,123,0.390243902439024,1.88129790025955
154,5-HT1A,123,0.439024390243902,3.82617221812859
154,5-HT1B,123,0.121951219512195,0.537692163524175
154,5-HT2A,123,0.0650406504065041,0.214953842753512
154,5-HT2B,123,0.113821138211382,0.384931902055358
154,5-HT7,123,0.300813008130081,1.4725561628788
154,HisCl1,123,0,0
154,ort,123,0,0
154,VGlut,123,0.0894308943089431,0.525435993765461
154,Gad1,123,0.0813008130081301,0.277881756474964
154,ChAT,123,0.772357723577236,6.03362338911244
154,ple,123,0.024390243902439,0.111106529306556
154,SerT,123,0.00813008130081301,0.028994583811744
154,Tbh,123,0.146341463414634,0.629578740482976
154,Hdc,123,0,0
155,GluClalpha,121,0.983471074380165,16.6566872460016
155,GluRIA,121,0.165289256198347,0.370512614467708
155,GluRIB,121,0.504132231404959,1.97964573010216
155,Nmdar1,121,0.553719008264463,2.0553054150666
155,Nmdar2,121,0.71900826446281,4.01029396830986
155,KaiR1D,121,0.363636363636364,1.21529171183526
155,clumsy,121,0,0
155,Ekar,121,0.0661157024793388,0.12377336686342
155,mGluR,121,0.264462809917355,1.00844546618922
155,Rdl,121,0.991735537190083,31.965249869943
155,Lcch3,121,0.223140495867769,0.639706858415937
155,Grd,121,0,0
155,GABA-B-R1,121,0.735537190082645,3.31764356170454
155,GABA-B-R2,121,0.495867768595041,1.73390035221398
155,GABA-B-R3,121,0.553719008264463,2.02396617752179
155,nAChRalpha1,121,0.884297520661157,9.17389467074316
155,nAChRalpha2,121,0.264462809917355,0.841841900299831
155,nAChRalpha3,121,0.966942148760331,13.2217564939186
155,nAChRalpha4,121,0.958677685950413,15.7970413572229
155,nAChRalpha5,121,0.991735537190083,19.540223964377
155,nAChRalpha6,121,1,22.3795435444912
155,nAChRalpha7,121,0.975206611570248,16.1809183378452
155,nAChRbeta1,121,0.942148760330578,11.1976922375208
155,nAChRbeta2,121,0.206611570247934,0.510873687821758
155,nAChRbeta3,121,0,0
155,mAChR-A,121,0.495867768595041,1.94511535645371
155,mAChR-B,121,0.115702479338843,0.342986508823152
155,mAChR-C,121,0,0
155,Dop1R1,121,0.702479338842975,3.8684518135053
155,Dop1R2,121,0.884297520661157,9.01655664289454
155,Dop2R,121,0.966942148760331,26.3852495837352
155,DopEcR,121,0.644628099173554,3.50366452591266
155,Oamb,121,0.702479338842975,3.40590667857799
155,Octalpha2R,121,0.942148760330578,12.9551776957401
155,Octbeta1R,121,0.884297520661157,8.00960964407208
155,Octbeta2R,121,0.636363636363636,3.33045253020872
155,Octbeta3R,121,0.644628099173554,3.53630637478155
155,5-HT1A,121,0.950413223140496,16.6823059436775
155,5-HT1B,121,0.471074380165289,1.78512132563633
155,5-HT2A,121,0.115702479338843,0.45886165824821
155,5-HT2B,121,0.223140495867769,0.596994428653925
155,5-HT7,121,0.140495867768595,0.518531236614425
155,HisCl1,121,0,0
155,ort,121,0,0
155,VGlut,121,0.933884297520661,11.897390607185
155,Gad1,121,0.148760330578512,0.44463890186953
155,ChAT,121,0.28099173553719,1.02304034209195
155,ple,121,0.0413223140495868,0.112438167113668
155,SerT,121,0.0165289256198347,0.0297304757310873
155,Tbh,121,0.198347107438017,0.517862697753214
155,Hdc,121,0,0
156,GluClalpha,121,0.917355371900826,13.9730496333743
156,GluRIA,121,0.0743801652892562,0.27306482173671
156,GluRIB,121,0.31404958677686,1.68651033862749
156,Nmdar1,121,0.586776859504132,2.38736470991489
156,Nmdar2,121,0.776859504132231,5.27029898535866
156,KaiR1D,121,0.305785123966942,0.97124051807977
156,clumsy,121,0,0
156,Ekar,121,0.0578512396694215,0.145068825099534
156,mGluR,121,0.363636363636364,2.25246942627149
156,Rdl,121,1,37.0519103855273
156,Lcch3,121,0.15702479338843,0.600342410945603
156,Grd,121,0,0
156,GABA-B-R1,121,0.586776859504132,3.14114681278285
156,GABA-B-R2,121,0.586776859504132,2.49948741145688
156,GABA-B-R3,121,0.446280991735537,2.03554088900165
156,nAChRalpha1,121,0.966942148760331,15.5774546882883
156,nAChRalpha2,121,0.231404958677686,1.07136991130813
156,nAChRalpha3,121,0.909090909090909,11.0912379664032
156,nAChRalpha4,121,0.975206611570248,16.5482489657848
156,nAChRalpha5,121,0.983471074380165,23.6726295826915
156,nAChRalpha6,121,0.983471074380165,25.0707599644934
156,nAChRalpha7,121,0.900826446280992,12.8427721572027
156,nAChRbeta1,121,0.958677685950413,12.6811359042958
156,nAChRbeta2,121,0.264462809917355,0.821498748286296
156,nAChRbeta3,121,0,0
156,mAChR-A,121,0.363636363636364,1.43620591845751
156,mAChR-B,121,0.107438016528926,0.713187443093462
156,mAChR-C,121,0,0
156,Dop1R1,121,0.429752066115702,2.21229783428356
156,Dop1R2,121,0.429752066115702,2.3923337689567
156,Dop2R,121,0.892561983471074,14.1047890507319
156,DopEcR,121,0.652892561983471,3.66621976431524
156,Oamb,121,0.636363636363636,4.11746010898869
156,Octalpha2R,121,0.743801652892562,6.21528980261673
156,Octbeta1R,121,0.297520661157025,1.17906632030131
156,Octbeta2R,121,0.520661157024794,3.44142980131168
156,Octbeta3R,121,0.322314049586777,1.64903165486248
156,5-HT1A,121,0.826446280991736,7.46358922859153
156,5-HT1B,121,0.479338842975207,1.94235392734067
156,5-HT2A,121,0.0495867768595041,0.137174790469219
156,5-HT2B,121,0.371900826446281,1.62558593213106
156,5-HT7,121,0.735537190082645,5.06615406869828
156,HisCl1,121,0,0
156,ort,121,0.0247933884297521,0.0640535216205284
156,VGlut,121,0.925619834710744,11.7488068770738
156,Gad1,121,0.190082644628099,0.802870349317831
156,ChAT,121,0.545454545454545,2.48445415450429
156,ple,121,0.00826446280991736,0.0688131791000612
156,SerT,121,0.00826446280991736,0.0123849285327699
156,Tbh,121,0.12396694214876,0.535835496420028
156,Hdc,121,0,0
157,GluClalpha,117,0.888888888888889,13.4374976339304
157,GluRIA,117,0.128205128205128,0.371065494689316
157,GluRIB,117,0.401709401709402,2.36284926251731
157,Nmdar1,117,0.572649572649573,3.31487328242446
157,Nmdar2,117,0.658119658119658,4.99686079761355
157,KaiR1D,117,0.273504273504274,1.24461765410307
157,clumsy,117,0,0
157,Ekar,117,0.128205128205128,0.432427479143415
157,mGluR,117,0.777777777777778,7.91912201935833
157,Rdl,117,0.982905982905983,38.7780169877627
157,Lcch3,117,0.11965811965812,0.25701113238406
157,Grd,117,0.00854700854700855,0.0212823918003201
157,GABA-B-R1,117,0.598290598290598,4.1995771089743
157,GABA-B-R2,117,0.444444444444444,1.85257481895636
157,GABA-B-R3,117,0.11965811965812,0.404909476804873
157,nAChRalpha1,117,0.683760683760684,5.23020011162025
157,nAChRalpha2,117,0.264957264957265,1.00898077295612
157,nAChRalpha3,117,0.965811965811966,21.4491623206931
157,nAChRalpha4,117,0.948717948717949,14.9527619783851
157,nAChRalpha5,117,0.88034188034188,14.1497765382943
157,nAChRalpha6,117,0.974358974358974,31.8680715924174
157,nAChRalpha7,117,0.803418803418803,12.9719390467863
157,nAChRbeta1,117,0.786324786324786,6.64020777906855
157,nAChRbeta2,117,0.170940170940171,0.561186525347067
157,nAChRbeta3,117,0,0
157,mAChR-A,117,0.478632478632479,2.50063833590583
157,mAChR-B,117,0.0769230769230769,0.219962819707678
157,mAChR-C,117,0,0
157,Dop1R1,117,0.239316239316239,1.15978405650096
157,Dop1R2,117,0.0769230769230769,0.2720447968662
157,Dop2R,117,0.854700854700855,13.6457837862368
157,DopEcR,117,0.324786324786325,1.47600056140685
157,Oamb,117,0.837606837606838,9.13558271310901
157,Octalpha2R,117,0.11965811965812,0.523261871818269
157,Octbeta1R,117,0.623931623931624,4.24334901062349
157,Octbeta2R,117,0.393162393162393,2.30072895739495
157,Octbeta3R,117,0.64957264957265,5.94418676015345
157,5-HT1A,117,0.632478632478633,4.21170118385667
157,5-HT1B,117,0.461538461538462,2.43938554740549
157,5-HT2A,117,0.0170940170940171,0.033728985012776
157,5-HT2B,117,0.760683760683761,5.5185144728829
157,5-HT7,117,0.837606837606838,8.54348525112727
157,HisCl1,117,0.0170940170940171,0.0455977525921957
157,ort,117,0,0
157,VGlut,117,0.162393162393162,0.644103297396456
157,Gad1,117,0.111111111111111,0.450702341834238
157,ChAT,117,0.162393162393162,0.596316568108359
157,ple,117,0.803418803418803,10.4932093093995
157,SerT,117,0.0170940170940171,0.0611339473898716
157,Tbh,117,0.0598290598290598,0.190323257189143
157,Hdc,117,0,0
158,GluClalpha,117,0.957264957264957,21.793281391405
158,GluRIA,117,0.299145299145299,0.802860307823827
158,GluRIB,117,0.726495726495727,4.72602448425265
158,Nmdar1,117,0.752136752136752,4.92945938643708
158,Nmdar2,117,0.82051282051282,6.75484948539807
158,KaiR1D,117,0.35042735042735,0.884087032553475
158,clumsy,117,0.094017094017094,0.20816685967811
158,Ekar,117,0.102564102564103,0.231024043955207
158,mGluR,117,0.128205128205128,0.616568901269644
158,Rdl,117,0.991452991452991,34.720176499822
158,Lcch3,117,0.188034188034188,0.423597976892572
158,Grd,117,0.0170940170940171,0.0385758886174774
158,GABA-B-R1,117,0.623931623931624,2.76418363635361
158,GABA-B-R2,117,0.547008547008547,2.30174833709943
158,GABA-B-R3,117,0.444444444444444,1.41037190136501
158,nAChRalpha1,117,0.94017094017094,13.3442879271472
158,nAChRalpha2,117,0.299145299145299,0.719739099002811
158,nAChRalpha3,117,0.957264957264957,19.4971889148221
158,nAChRalpha4,117,0.905982905982906,13.5784742827864
158,nAChRalpha5,117,0.905982905982906,11.5157025986124
158,nAChRalpha6,117,0.974358974358974,25.9177055342038
158,nAChRalpha7,117,0.914529914529914,9.83684825288161
158,nAChRbeta1,117,0.914529914529914,13.0333151110862
158,nAChRbeta2,117,0.299145299145299,0.899102747794209
158,nAChRbeta3,117,0,0
158,mAChR-A,117,0.512820512820513,2.08026487934112
158,mAChR-B,117,0.128205128205128,0.50942027939722
158,mAChR-C,117,0,0
158,Dop1R1,117,0.666666666666667,4.48404228865036
158,Dop1R2,117,0.102564102564103,0.364084239864088
158,Dop2R,117,0.393162393162393,1.88991395251831
158,DopEcR,117,0.564102564102564,2.51116780036532
158,Oamb,117,0.0427350427350427,0.10544848610431
158,Octalpha2R,117,0.871794871794872,10.2379254582081
158,Octbeta1R,117,0.094017094017094,0.468800218537716
158,Octbeta2R,117,0.615384615384615,4.09200475190509
158,Octbeta3R,117,0.666666666666667,5.33179836398751
158,5-HT1A,117,0.905982905982906,14.1683739201835
158,5-HT1B,117,0.290598290598291,0.924583156781521
158,5-HT2A,117,0.282051282051282,1.24765623804001
158,5-HT2B,117,0.35042735042735,1.25448798431021
158,5-HT7,117,0.418803418803419,2.44262844162008
158,HisCl1,117,0,0
158,ort,117,0,0
158,VGlut,117,0.17948717948718,0.570674102142216
158,Gad1,117,0.0427350427350427,0.0604479332340228
158,ChAT,117,0.658119658119658,3.26510685236387
158,ple,117,0.0512820512820513,0.193020567848158
158,SerT,117,0,0
158,Tbh,117,0.282051282051282,1.07752404574185
158,Hdc,117,0,0
160,GluClalpha,110,0.881818181818182,12.5290872937729
160,GluRIA,110,0.418181818181818,2.17649062103997
160,GluRIB,110,0.745454545454546,5.38656531918425
160,Nmdar1,110,0.472727272727273,1.88922870314873
160,Nmdar2,110,0.745454545454546,5.26344493759075
160,KaiR1D,110,0.381818181818182,1.50586831776448
160,clumsy,110,0.00909090909090909,0.00909909827936051
160,Ekar,110,0.0636363636363636,0.237795788965533
160,mGluR,110,0.436363636363636,2.09920974262218
160,Rdl,110,0.981818181818182,37.0528740624987
160,Lcch3,110,0.0909090909090909,0.205260259630324
160,Grd,110,0.0454545454545455,0.149945985262911
160,GABA-B-R1,110,0.490909090909091,2.10625629888622
160,GABA-B-R2,110,0.554545454545455,2.29682952628133
160,GABA-B-R3,110,0.254545454545455,1.21735715092689
160,nAChRalpha1,110,0.781818181818182,6.95199436069351
160,nAChRalpha2,110,0.245454545454545,0.756341789649805
160,nAChRalpha3,110,0.7,4.87614754418563
160,nAChRalpha4,110,0.927272727272727,12.9938783625685
160,nAChRalpha5,110,0.945454545454546,14.8474670320391
160,nAChRalpha6,110,1,50.1608609537847
160,nAChRalpha7,110,0.627272727272727,5.57359973248634
160,nAChRbeta1,110,0.681818181818182,5.37268259079445
160,nAChRbeta2,110,0.254545454545455,0.893224854264671
160,nAChRbeta3,110,0,0
160,mAChR-A,110,0.436363636363636,1.9047322319882
160,mAChR-B,110,0.963636363636364,49.4539044921971
160,mAChR-C,110,0,0
160,Dop1R1,110,0.345454545454545,1.5725581116877
160,Dop1R2,110,0.845454545454546,8.22070007963929
160,Dop2R,110,0.927272727272727,14.7525875383285
160,DopEcR,110,0.445454545454545,2.25530181151538
160,Oamb,110,0.227272727272727,0.999549949418582
160,Octalpha2R,110,0.218181818181818,1.08824505159713
160,Octbeta1R,110,0.518181818181818,2.4579592825076
160,Octbeta2R,110,0.9,14.0633514804994
160,Octbeta3R,110,0.427272727272727,2.10333805778676
160,5-HT1A,110,0.672727272727273,6.08646246444679
160,5-HT1B,110,0.281818181818182,0.991887807755672
160,5-HT2A,110,0.0818181818181818,0.257373439305628
160,5-HT2B,110,0.0818181818181818,0.389205189093029
160,5-HT7,110,0.536363636363636,3.72798070736727
160,HisCl1,110,0.00909090909090909,0.00762660158633313
160,ort,110,0.0181818181818182,0.0634479392705702
160,VGlut,110,0.136363636363636,0.568151298016489
160,Gad1,110,0.0909090909090909,0.426704502358458
160,ChAT,110,0.290909090909091,1.04970019709301
160,ple,110,0.172727272727273,0.698460625158106
160,SerT,110,0.0272727272727273,0.054826914014726
160,Tbh,110,0.0909090909090909,0.263758722005397
160,Hdc,110,0,0
161,GluClalpha,108,0.990740740740741,18.4207352325544
161,GluRIA,108,0.333333333333333,0.513441013937724
161,GluRIB,108,0.842592592592593,3.42150632386522
161,Nmdar1,108,0.787037037037037,2.75762568458051
161,Nmdar2,108,0.916666666666667,6.40641969541965
161,KaiR1D,108,0.555555555555556,1.20929098710934
161,clumsy,108,0,0
161,Ekar,108,0.203703703703704,0.306316363228833
161,mGluR,108,0.407407407407407,1.23486277806188
161,Rdl,108,1,26.2343947337113
161,Lcch3,108,0.268518518518519,0.378407569711646
161,Grd,108,0.75,3.38769825661465
161,GABA-B-R1,108,0.833333333333333,2.94369128215048
161,GABA-B-R2,108,0.666666666666667,1.71523023474178
161,GABA-B-R3,108,0.194444444444444,0.379361856419589
161,nAChRalpha1,108,0.944444444444444,9.23196989002319
161,nAChRalpha2,108,0.314814814814815,0.471335939679936
161,nAChRalpha3,108,0.861111111111111,5.38574911301853
161,nAChRalpha4,108,1,14.0129742456514
161,nAChRalpha5,108,0.981481481481481,15.7188402530512
161,nAChRalpha6,108,0.990740740740741,29.2604856948368
161,nAChRalpha7,108,0.944444444444444,9.85252089593734
161,nAChRbeta1,108,0.981481481481481,12.1179236812295
161,nAChRbeta2,108,0.333333333333333,0.586887720107439
161,nAChRbeta3,108,0.00925925925925926,0.0207003336893791
161,mAChR-A,108,0.527777777777778,1.15532206887053
161,mAChR-B,108,0.203703703703704,0.457369520000442
161,mAChR-C,108,0,0
161,Dop1R1,108,0.546296296296296,2.10508645256611
161,Dop1R2,108,0.342592592592593,0.848029578894723
161,Dop2R,108,0.583333333333333,2.52711843730761
161,DopEcR,108,0.759259259259259,2.47972347925503
161,Oamb,108,0.305555555555556,0.605967240480281
161,Octalpha2R,108,0.462962962962963,1.7770024525617
161,Octbeta1R,108,0.740740740740741,5.68600998492592
161,Octbeta2R,108,0.685185185185185,4.15544236550768
161,Octbeta3R,108,0.981481481481481,13.4545127507072
161,5-HT1A,108,0.481481481481482,1.55742546437479
161,5-HT1B,108,0.287037037037037,0.453769037385034
161,5-HT2A,108,0.175925925925926,0.237610406200016
161,5-HT2B,108,0.240740740740741,0.53105033177321
161,5-HT7,108,0.814814814814815,3.04398544313701
161,HisCl1,108,0.00925925925925926,0.0083401722745985
161,ort,108,0.0277777777777778,0.0482594640916583
161,VGlut,108,0.342592592592593,1.24766071029833
161,Gad1,108,0.231481481481482,0.739166197819032
161,ChAT,108,0.87962962962963,5.31335816456061
161,ple,108,0.111111111111111,0.11210962810253
161,SerT,108,0.0740740740740741,0.244273346289124
161,Tbh,108,0.953703703703704,9.85968151494697
161,Hdc,108,0,0
162,GluClalpha,101,0.99009900990099,19.958094822637
162,GluRIA,101,0.346534653465347,1.01718505370409
162,GluRIB,101,0.792079207920792,4.02574157768652
162,Nmdar1,101,0.594059405940594,2.21381475931358
162,Nmdar2,101,0.742574257425743,3.86014696321772
162,KaiR1D,101,0.415841584158416,1.22523057554335
162,clumsy,101,0,0
162,Ekar,101,0.0495049504950495,0.112054296451381
162,mGluR,101,0.594059405940594,3.22522835103384
162,Rdl,101,1,41.469037315533
162,Lcch3,101,0.405940594059406,1.43118132554334
162,Grd,101,0.099009900990099,0.288112682855689
162,GABA-B-R1,101,0.732673267326733,3.58404096843551
162,GABA-B-R2,101,0.594059405940594,2.20375307389349
162,GABA-B-R3,101,0.425742574257426,1.52391897168456
162,nAChRalpha1,101,0.881188118811881,9.2787811833429
162,nAChRalpha2,101,0.326732673267327,0.918144296064621
162,nAChRalpha3,101,0.891089108910891,7.99109942215159
162,nAChRalpha4,101,0.930693069306931,14.7436002683625
162,nAChRalpha5,101,1,21.8092322066396
162,nAChRalpha6,101,1,36.7877282915122
162,nAChRalpha7,101,0.95049504950495,12.3546521138731
162,nAChRbeta1,101,0.99009900990099,15.7159719970367
162,nAChRbeta2,101,0.366336633663366,1.24405959296485
162,nAChRbeta3,101,0,0
162,mAChR-A,101,0.643564356435644,2.80289938093066
162,mAChR-B,101,0.465346534653465,1.85959774284539
162,mAChR-C,101,0,0
162,Dop1R1,101,0.683168316831683,3.89473037122583
162,Dop1R2,101,0.356435643564356,2.31189081487794
162,Dop2R,101,0.871287128712871,10.6356102647065
162,DopEcR,101,0.851485148514852,5.56943449883201
162,Oamb,101,0.316831683168317,0.96985617561746
162,Octalpha2R,101,0.772277227722772,5.35261755963975
162,Octbeta1R,101,0.366336633663366,1.23918438835013
162,Octbeta2R,101,0.782178217821782,5.12801709181487
162,Octbeta3R,101,0.693069306930693,3.24635695383537
162,5-HT1A,101,0.801980198019802,5.08465385037478
162,5-HT1B,101,0.247524752475248,0.770332400632404
162,5-HT2A,101,0.198019801980198,0.728041404504981
162,5-HT2B,101,0.366336633663366,1.13822417159826
162,5-HT7,101,0.603960396039604,2.64941255192362
162,HisCl1,101,0.0099009900990099,0.0215098633478382
162,ort,101,0.0099009900990099,0.0189456373880786
162,VGlut,101,0.564356435643564,3.30083888686606
162,Gad1,101,0.544554455445545,4.06239826801462
162,ChAT,101,0.851485148514852,6.07736393994624
162,ple,101,0.108910891089109,0.312060421465622
162,SerT,101,0.0495049504950495,0.378541745188942
162,Tbh,101,0.376237623762376,1.46493242139022
162,Hdc,101,0,0
163,GluClalpha,98,0.846938775510204,15.3503932182253
163,GluRIA,98,0.0306122448979592,0.12203502404327
163,GluRIB,98,0.102040816326531,0.654956864197931
163,Nmdar1,98,0.244897959183673,2.00581405520768
163,Nmdar2,98,0.479591836734694,4.44500981832148
163,KaiR1D,98,0.26530612244898,1.98895355138648
163,clumsy,98,0,0
163,Ekar,98,0.102040816326531,0.44586345291052
163,mGluR,98,0.0918367346938776,0.625195859702656
163,Rdl,98,0.979591836734694,41.1168574486627
163,Lcch3,98,0.193877551020408,1.67362229939248
163,Grd,98,0,0
163,GABA-B-R1,98,0.316326530612245,2.42971204702753
163,GABA-B-R2,98,0.357142857142857,2.8486609443974
163,GABA-B-R3,98,0.0714285714285714,0.27593021956047
163,nAChRalpha1,98,0.530612244897959,6.48425815213463
163,nAChRalpha2,98,0.0918367346938776,0.452948199075472
163,nAChRalpha3,98,0.357142857142857,2.6456770046322
163,nAChRalpha4,98,0.846938775510204,18.0921156244248
163,nAChRalpha5,98,0.826530612244898,18.2845179888166
163,nAChRalpha6,98,0.908163265306122,24.4999659013402
163,nAChRalpha7,98,0.469387755102041,4.54069975597487
163,nAChRbeta1,98,0.724489795918367,11.4850427420885
163,nAChRbeta2,98,0.112244897959184,1.06393887238619
163,nAChRbeta3,98,0,0
163,mAChR-A,98,0.285714285714286,1.72004100820276
163,mAChR-B,98,0.714285714285714,9.52316897162065
163,mAChR-C,98,0,0
163,Dop1R1,98,0.673469387755102,9.13798569166749
163,Dop1R2,98,0.806122448979592,13.2392117107187
163,Dop2R,98,0.897959183673469,31.5900062531611
163,DopEcR,98,0.377551020408163,4.58980900594061
163,Oamb,98,0.0306122448979592,0.232376426491533
163,Octalpha2R,98,0.397959183673469,4.54628533570185
163,Octbeta1R,98,0.204081632653061,2.01981184198724
163,Octbeta2R,98,0.122448979591837,0.690531017074643
163,Octbeta3R,98,0.122448979591837,0.677557098113382
163,5-HT1A,98,0.316326530612245,2.80745302657564
163,5-HT1B,98,0.0204081632653061,0.121734870570711
163,5-HT2A,98,0.0816326530612245,0.608468510662871
163,5-HT2B,98,0.285714285714286,2.99181344817698
163,5-HT7,98,0.142857142857143,1.3439636483429
163,HisCl1,98,0,0
163,ort,98,0.0102040816326531,0.126916438217078
163,VGlut,98,0.0918367346938776,1.1569183674876
163,Gad1,98,0.0510204081632653,0.511585209344379
163,ChAT,98,0.591836734693878,6.74049668537823
163,ple,98,0.0204081632653061,0.118766964250545
163,SerT,98,0.0102040816326531,0.0551870288407413
163,Tbh,98,0.23469387755102,2.36969491799693
163,Hdc,98,0,0
164,GluClalpha,98,0.489795918367347,13.6022381126339
164,GluRIA,98,0.0816326530612245,1.34213887568675
164,GluRIB,98,0.183673469387755,2.38813485061715
164,Nmdar1,98,0.0816326530612245,1.01869925737478
164,Nmdar2,98,0.173469387755102,3.05628292913273
164,KaiR1D,98,0.0714285714285714,0.955752615582707
164,clumsy,98,0,0
164,Ekar,98,0,0
164,mGluR,98,0.122448979591837,2.68404237890789
164,Rdl,98,0.673469387755102,27.0063275284004
164,Lcch3,98,0.0510204081632653,1.2849038918018
164,Grd,98,0,0
164,GABA-B-R1,98,0.142857142857143,2.1849836610191
164,GABA-B-R2,98,0.0816326530612245,1.17177841054055
164,GABA-B-R3,98,0.0612244897959184,0.870550398313337
164,nAChRalpha1,98,0.336734693877551,6.4211534807073
164,nAChRalpha2,98,0.0408163265306122,0.478979956347378
164,nAChRalpha3,98,0.326530612244898,7.61382672305085
164,nAChRalpha4,98,0.397959183673469,11.3019496401341
164,nAChRalpha5,98,0.642857142857143,20.1281407058763
164,nAChRalpha6,98,0.612244897959184,20.6837163437799
164,nAChRalpha7,98,0.357142857142857,7.65345762438148
164,nAChRbeta1,98,0.459183673469388,10.4422828288422
164,nAChRbeta2,98,0.0204081632653061,0.155710458090213
164,nAChRbeta3,98,0,0
164,mAChR-A,98,0.13265306122449,2.00640511766555
164,mAChR-B,98,0.0816326530612245,1.27805399082969
164,mAChR-C,98,0,0
164,Dop1R1,98,0.275510204081633,5.63960387554147
164,Dop1R2,98,0.193877551020408,3.18595750593992
164,Dop2R,98,0.489795918367347,14.966466606321
164,DopEcR,98,0.295918367346939,5.5513088730092
164,Oamb,98,0.0816326530612245,1.27376351915676
164,Octalpha2R,98,0.36734693877551,8.22177590038722
164,Octbeta1R,98,0.0612244897959184,0.980096730021384
164,Octbeta2R,98,0.408163265306122,12.1561625720922
164,Octbeta3R,98,0.193877551020408,3.29059031251729
164,5-HT1A,98,0.173469387755102,3.53302990122113
164,5-HT1B,98,0.0816326530612245,1.32404341159441
164,5-HT2A,98,0.0510204081632653,1.1209548561196
164,5-HT2B,98,0.0816326530612245,1.46431883805144
164,5-HT7,98,0.153061224489796,2.51170572731147
164,HisCl1,98,0,0
164,ort,98,0,0
164,VGlut,98,0.244897959183673,4.32042974705987
164,Gad1,98,0.163265306122449,2.87000420144418
164,ChAT,98,0.224489795918367,3.46818674099434
164,ple,98,0,0
164,SerT,98,0,0
164,Tbh,98,0.102040816326531,2.12738233088494
164,Hdc,98,0,0
165,GluClalpha,95,0.821052631578947,14.9313359153759
165,GluRIA,95,0.557894736842105,2.7147446733203
165,GluRIB,95,0.842105263157895,10.1193135426801
165,Nmdar1,95,0.589473684210526,3.04481442840954
165,Nmdar2,95,0.631578947368421,4.25162840088299
165,KaiR1D,95,0.378947368421053,1.11586450403348
165,clumsy,95,0.0315789473684211,0.131461420400814
165,Ekar,95,0.0210526315789474,0.0385102809218219
165,mGluR,95,0.631578947368421,5.8462761300914
165,Rdl,95,1,41.061513849812
165,Lcch3,95,0.178947368421053,0.648834115879492
165,Grd,95,0.210526315789474,0.758618237017642
165,GABA-B-R1,95,0.610526315789474,3.08517672874119
165,GABA-B-R2,95,0.48421052631579,1.78916439304006
165,GABA-B-R3,95,0.336842105263158,1.62680937978491
165,nAChRalpha1,95,0.884210526315789,10.399712331814
165,nAChRalpha2,95,0.284210526315789,1.05667369207337
165,nAChRalpha3,95,0.91578947368421,12.0697945206168
165,nAChRalpha4,95,0.926315789473684,13.1964781437873
165,nAChRalpha5,95,0.978947368421053,26.3279751130302
165,nAChRalpha6,95,0.989473684210526,53.1428570755389
165,nAChRalpha7,95,0.873684210526316,8.24599751642057
165,nAChRbeta1,95,0.91578947368421,12.7720850166649
165,nAChRbeta2,95,0.231578947368421,0.983965059215433
165,nAChRbeta3,95,0,0
165,mAChR-A,95,0.631578947368421,3.71556406660212
165,mAChR-B,95,0.0736842105263158,0.301087999420771
165,mAChR-C,95,0,0
165,Dop1R1,95,0.505263157894737,3.05146051704759
165,Dop1R2,95,0.178947368421053,0.623779993026095
165,Dop2R,95,0.715789473684211,7.66861994633018
165,DopEcR,95,0.663157894736842,4.32565262899517
165,Oamb,95,0.105263157894737,0.538164203740416
165,Octalpha2R,95,0.389473684210526,1.99293199892011
165,Octbeta1R,95,0.357894736842105,1.6350336667225
165,Octbeta2R,95,0.231578947368421,1.22847915212912
165,Octbeta3R,95,0.421052631578947,2.50974961037108
165,5-HT1A,95,0.663157894736842,7.02557359659744
165,5-HT1B,95,0.189473684210526,0.4778838169672
165,5-HT2A,95,0.0842105263157895,0.27596189102326
165,5-HT2B,95,0.168421052631579,0.711349920657216
165,5-HT7,95,0.178947368421053,1.00703058706325
165,HisCl1,95,0,0
165,ort,95,0,0
165,VGlut,95,0.115789473684211,0.90286097578085
165,Gad1,95,0.0947368421052632,0.548121763455261
165,ChAT,95,0.757894736842105,4.84390881992633
165,ple,95,0.0526315789473684,0.097739787736056
165,SerT,95,0.0105263157894737,0.00967670140602472
165,Tbh,95,0.0631578947368421,0.219565180747639
165,Hdc,95,0,0
166,GluClalpha,95,0.894736842105263,12.1705301359557
166,GluRIA,95,0.294736842105263,0.930780688463093
166,GluRIB,95,0.68421052631579,5.07205009730374
166,Nmdar1,95,0.48421052631579,2.33373480432693
166,Nmdar2,95,0.6,2.86058653412841
166,KaiR1D,95,0.326315789473684,1.22570447580835
166,clumsy,95,0.0210526315789474,0.0364543954136463
166,Ekar,95,0.0526315789473684,0.123776747643806
166,mGluR,95,0.747368421052632,5.98055866603044
166,Rdl,95,0.989473684210526,31.0004456087192
166,Lcch3,95,0.221052631578947,0.618924953849229
166,Grd,95,0.0105263157894737,0.0199551010226989
166,GABA-B-R1,95,0.547368421052632,3.00342884752957
166,GABA-B-R2,95,0.48421052631579,2.00408069951098
166,GABA-B-R3,95,0.178947368421053,0.697983467198259
166,nAChRalpha1,95,0.947368421052632,9.57446716668917
166,nAChRalpha2,95,0.168421052631579,0.723615928929706
166,nAChRalpha3,95,0.852631578947369,7.33590562216492
166,nAChRalpha4,95,0.936842105263158,14.9946030513765
166,nAChRalpha5,95,0.947368421052632,20.4260065581475
166,nAChRalpha6,95,0.926315789473684,16.3912799689926
166,nAChRalpha7,95,0.884210526315789,9.6489593887244
166,nAChRbeta1,95,0.936842105263158,11.8128266892057
166,nAChRbeta2,95,0.231578947368421,0.738453652912632
166,nAChRbeta3,95,0,0
166,mAChR-A,95,0.589473684210526,3.27090216751017
166,mAChR-B,95,0.368421052631579,1.35721947753645
166,mAChR-C,95,0,0
166,Dop1R1,95,0.884210526315789,14.1017998065247
166,Dop1R2,95,0.336842105263158,1.11196776590916
166,Dop2R,95,0.410526315789474,2.48800977688969
166,DopEcR,95,0.68421052631579,4.49757301502677
166,Oamb,95,0.589473684210526,3.06111221210376
166,Octalpha2R,95,0.715789473684211,7.77329319658768
166,Octbeta1R,95,0.389473684210526,1.75712473222072
166,Octbeta2R,95,0.547368421052632,2.52025218278875
166,Octbeta3R,95,0.726315789473684,4.69107477657523
166,5-HT1A,95,0.873684210526316,10.2209717662924
166,5-HT1B,95,0.452631578947368,1.63688561079665
166,5-HT2A,95,0.105263157894737,0.283017732880588
166,5-HT2B,95,0.157894736842105,0.655113014377147
166,5-HT7,95,0.473684210526316,2.99394389469221
166,HisCl1,95,0.0105263157894737,0.0130518484680393
166,ort,95,0,0
166,VGlut,95,0.0947368421052632,0.330797165393698
166,Gad1,95,0.0631578947368421,0.262792711928937
166,ChAT,95,0.821052631578947,7.25190496512277
166,ple,95,0.0105263157894737,0.0527018480781393
166,SerT,95,0.0105263157894737,0.0159176104483195
166,Tbh,95,0.0736842105263158,0.198344358405985
166,Hdc,95,0,0
167,GluClalpha,94,0.946808510638298,19.5731047956564
167,GluRIA,94,0.361702127659575,1.79267658565787
167,GluRIB,94,0.702127659574468,6.07184509147902
167,Nmdar1,94,0.595744680851064,3.32536992412054
167,Nmdar2,94,0.797872340425532,7.16614739824152
167,KaiR1D,94,0.25531914893617,1.48196864023717
167,clumsy,94,0.0106382978723404,0.0678462874511507
167,Ekar,94,0.074468085106383,0.259091721565694
167,mGluR,94,0.829787234042553,12.199939005693
167,Rdl,94,1,45.3997751172037
167,Lcch3,94,0.191489361702128,0.907989596346506
167,Grd,94,0.0212765957446809,0.512305697651747
167,GABA-B-R1,94,0.712765957446809,4.45655625055457
167,GABA-B-R2,94,0.48936170212766,2.40784824193514
167,GABA-B-R3,94,0.521276595744681,4.70589378530103
167,nAChRalpha1,94,0.904255319148936,9.12736146135049
167,nAChRalpha2,94,0.24468085106383,1.11357282227597
167,nAChRalpha3,94,0.702127659574468,5.1948936137427
167,nAChRalpha4,94,0.936170212765957,18.8822443854434
167,nAChRalpha5,94,0.968085106382979,25.7780012091727
167,nAChRalpha6,94,0.98936170212766,37.5581550919546
167,nAChRalpha7,94,0.776595744680851,8.40767781560163
167,nAChRbeta1,94,0.914893617021277,12.3077255647315
167,nAChRbeta2,94,0.212765957446809,0.912631588604411
167,nAChRbeta3,94,0,0
167,mAChR-A,94,0.585106382978723,3.3151275850967
167,mAChR-B,94,0.542553191489362,11.7435146661477
167,mAChR-C,94,0,0
167,Dop1R1,94,0.585106382978723,6.27150980719348
167,Dop1R2,94,0.106382978723404,0.445600191739567
167,Dop2R,94,0.904255319148936,28.9788716690503
167,DopEcR,94,0.723404255319149,4.23677198736491
167,Oamb,94,0.648936170212766,6.84132060487143
167,Octalpha2R,94,0.478723404255319,4.24884939950966
167,Octbeta1R,94,0.0638297872340426,0.169384684428317
167,Octbeta2R,94,0.638297872340426,5.61194208994437
167,Octbeta3R,94,0.563829787234043,4.89964072554673
167,5-HT1A,94,0.797872340425532,16.8695806263102
167,5-HT1B,94,0.234042553191489,1.07717560007113
167,5-HT2A,94,0.0851063829787234,0.502390548638913
167,5-HT2B,94,0.191489361702128,0.94757465696365
167,5-HT7,94,0.595744680851064,4.13573816001438
167,HisCl1,94,0,0
167,ort,94,0.0106382978723404,0.0713500863336045
167,VGlut,94,0.127659574468085,0.622597531002582
167,Gad1,94,0.0957446808510638,0.355119492469486
167,ChAT,94,0.723404255319149,5.55392854715873
167,ple,94,0.0106382978723404,0.0187789900659143
167,SerT,94,0.0212765957446809,0.0621446286176562
167,Tbh,94,0.212765957446809,1.27111903483509
167,Hdc,94,0,0
168,GluClalpha,93,0.78494623655914,5.20884362836724
168,GluRIA,93,0.0645161290322581,0.262821383618095
168,GluRIB,93,0.236559139784946,0.622551003695465
168,Nmdar1,93,0.548387096774194,1.04987460471245
168,Nmdar2,93,0.913978494623656,8.24042747050858
168,KaiR1D,93,0.752688172043011,4.01929375355007
168,clumsy,93,0.0752688172043011,0.154006344091609
168,Ekar,93,0.150537634408602,0.239494345111621
168,mGluR,93,0.247311827956989,0.66809542687949
168,Rdl,93,0.989247311827957,24.7798318591712
168,Lcch3,93,0.247311827956989,0.285461013242225
168,Grd,93,0.021505376344086,0.0724005540202287
168,GABA-B-R1,93,0.67741935483871,1.91642618439163
168,GABA-B-R2,93,0.526881720430108,1.06573128559046
168,GABA-B-R3,93,0.752688172043011,3.22899037311809
168,nAChRalpha1,93,0.688172043010753,2.80364502022254
168,nAChRalpha2,93,0.161290322580645,0.215036438163202
168,nAChRalpha3,93,0.602150537634409,1.67824379124762
168,nAChRalpha4,93,0.881720430107527,8.59074532125107
168,nAChRalpha5,93,1,48.9622416432627
168,nAChRalpha6,93,1,154.514652120671
168,nAChRalpha7,93,0.623655913978495,2.58015068580553
168,nAChRbeta1,93,0.946236559139785,9.26587069650911
168,nAChRbeta2,93,0.311827956989247,0.44718703593763
168,nAChRbeta3,93,0,0
168,mAChR-A,93,0.537634408602151,1.26488613589986
168,mAChR-B,93,0.0860215053763441,0.267772900686242
168,mAChR-C,93,0,0
168,Dop1R1,93,0.924731182795699,10.7388550041297
168,Dop1R2,93,0.225806451612903,0.377638668824756
168,Dop2R,93,0.526881720430108,2.34410525838128
168,DopEcR,93,0.698924731182796,2.72632147272004
168,Oamb,93,0.193548387096774,0.270012544089579
168,Octalpha2R,93,0.774193548387097,4.25183907315317
168,Octbeta1R,93,0.247311827956989,0.360564656333161
168,Octbeta2R,93,0.67741935483871,2.05113399151599
168,Octbeta3R,93,0.301075268817204,0.325071226387799
168,5-HT1A,93,1,101.820611812333
168,5-HT1B,93,0.774193548387097,3.09460106161274
168,5-HT2A,93,0.0967741935483871,0.0765278882760831
168,5-HT2B,93,0.129032258064516,0.201926987253108
168,5-HT7,93,0.279569892473118,0.649569065714378
168,HisCl1,93,0.021505376344086,0.0099132281260327
168,ort,93,0,0
168,VGlut,93,0.21505376344086,0.702264266392034
168,Gad1,93,0.172043010752688,0.259452936060233
168,ChAT,93,0.494623655913979,1.29839525564613
168,ple,93,0.032258064516129,0.103512650046611
168,SerT,93,0.935483870967742,12.1877184798822
168,Tbh,93,0.129032258064516,0.415524482628656
168,Hdc,93,0,0
169,GluClalpha,92,0.978260869565217,18.2876790889447
169,GluRIA,92,0.391304347826087,1.749716342557
169,GluRIB,92,0.782608695652174,6.55773543223931
169,Nmdar1,92,0.260869565217391,0.857658886380562
169,Nmdar2,92,0.652173913043478,3.14878052907198
169,KaiR1D,92,0.358695652173913,1.23863952124872
169,clumsy,92,0,0
169,Ekar,92,0.0434782608695652,0.186936150548518
169,mGluR,92,0.619565217391304,4.95704911494816
169,Rdl,92,1,52.77166638064
169,Lcch3,92,0.228260869565217,0.660355932613009
169,Grd,92,0.0326086956521739,0.0656693288649944
169,GABA-B-R1,92,0.728260869565217,4.28866731688117
169,GABA-B-R2,92,0.5,1.87160075323504
169,GABA-B-R3,92,0.217391304347826,0.790993320715782
169,nAChRalpha1,92,0.880434782608696,9.21545767687749
169,nAChRalpha2,92,0.119565217391304,0.498263609761856
169,nAChRalpha3,92,0.739130434782609,5.31053253554038
169,nAChRalpha4,92,0.978260869565217,17.0939786536344
169,nAChRalpha5,92,1,24.239840650806
169,nAChRalpha6,92,1,48.3767595628806
169,nAChRalpha7,92,0.771739130434783,8.19420278775775
169,nAChRbeta1,92,0.989130434782609,15.3547789480828
169,nAChRbeta2,92,0.217391304347826,0.759149108249973
169,nAChRbeta3,92,0,0
169,mAChR-A,92,0.358695652173913,1.58858701091984
169,mAChR-B,92,0.782608695652174,5.21491142158022
169,mAChR-C,92,0,0
169,Dop1R1,92,0.91304347826087,13.5549558337828
169,Dop1R2,92,0.771739130434783,6.84771998503092
169,Dop2R,92,0.902173913043478,10.5969900405322
169,DopEcR,92,0.826086956521739,6.72638062262461
169,Oamb,92,0.565217391304348,2.97011170287776
169,Octalpha2R,92,0.706521739130435,5.29718145946683
169,Octbeta1R,92,0.532608695652174,2.86591735911275
169,Octbeta2R,92,0.467391304347826,1.96841845304042
169,Octbeta3R,92,0.467391304347826,2.80984317422936
169,5-HT1A,92,0.793478260869565,8.86918245202687
169,5-HT1B,92,0.358695652173913,1.37741134238872
169,5-HT2A,92,0.206521739130435,1.31626516740847
169,5-HT2B,92,0.347826086956522,1.67980229036985
169,5-HT7,92,0.543478260869565,3.60396386515748
169,HisCl1,92,0,0
169,ort,92,0,0
169,VGlut,92,0.25,1.19710050769196
169,Gad1,92,0.173913043478261,0.532231307984153
169,ChAT,92,0.739130434782609,5.51388579880367
169,ple,92,0.0326086956521739,0.0534380947212309
169,SerT,92,0,0
169,Tbh,92,0.260869565217391,0.989471573706632
169,Hdc,92,0,0
170,GluClalpha,92,0.923913043478261,11.7476630491989
170,GluRIA,92,0.282608695652174,1.03491922994772
170,GluRIB,92,0.630434782608696,3.44645672850724
170,Nmdar1,92,0.532608695652174,2.49111382059683
170,Nmdar2,92,0.847826086956522,8.34471611321763
170,KaiR1D,92,0.282608695652174,0.974458760588915
170,clumsy,92,0,0
170,Ekar,92,0.108695652173913,0.371748052733418
170,mGluR,92,0.239130434782609,1.05898291176319
170,Rdl,92,0.989130434782609,27.7621441018577
170,Lcch3,92,0.184782608695652,0.635194941863681
170,Grd,92,0.0108695652173913,0.026491750468904
170,GABA-B-R1,92,0.532608695652174,2.42499522280703
170,GABA-B-R2,92,0.456521739130435,2.39037375656545
170,GABA-B-R3,92,0.152173913043478,0.457904462819135
170,nAChRalpha1,92,0.869565217391304,10.7180075363539
170,nAChRalpha2,92,0.260869565217391,0.973135761466103
170,nAChRalpha3,92,0.66304347826087,4.31044286950042
170,nAChRalpha4,92,0.869565217391304,13.7388403383123
170,nAChRalpha5,92,1,27.3980665859401
170,nAChRalpha6,92,1,24.2904709842019
170,nAChRalpha7,92,0.717391304347826,7.91088175720668
170,nAChRbeta1,92,0.804347826086957,6.76796346611635
170,nAChRbeta2,92,0.195652173913043,0.928918525196837
170,nAChRbeta3,92,0,0
170,mAChR-A,92,0.434782608695652,1.65322490831067
170,mAChR-B,92,0.239130434782609,1.51637213456351
170,mAChR-C,92,0,0
170,Dop1R1,92,0.630434782608696,3.5309278511599
170,Dop1R2,92,0.108695652173913,0.397202675940654
170,Dop2R,92,0.891304347826087,14.2758806497002
170,DopEcR,92,0.456521739130435,1.9977849432288
170,Oamb,92,0.543478260869565,2.95813213942033
170,Octalpha2R,92,0.423913043478261,1.89288456109185
170,Octbeta1R,92,0.184782608695652,0.733766148859486
170,Octbeta2R,92,0.206521739130435,1.55091894525849
170,Octbeta3R,92,0.391304347826087,1.74900433435541
170,5-HT1A,92,0.16304347826087,0.816478228183217
170,5-HT1B,92,0.0434782608695652,0.081976105464609
170,5-HT2A,92,0.0108695652173913,0.0231070689145223
170,5-HT2B,92,0.619565217391304,3.97374632883531
170,5-HT7,92,0.173913043478261,1.55375163344977
170,HisCl1,92,0,0
170,ort,92,0,0
170,VGlut,92,0.0760869565217391,0.541233594955368
170,Gad1,92,0.0978260869565217,0.49693257407511
170,ChAT,92,0.260869565217391,1.18564970838204
170,ple,92,0.358695652173913,1.5909117709162
170,SerT,92,0.0434782608695652,0.148270546443834
170,Tbh,92,0.152173913043478,0.67839783169345
170,Hdc,92,0,0
172,GluClalpha,87,0.96551724137931,17.2602941521489
172,GluRIA,87,0.298850574712644,0.996893464229373
172,GluRIB,87,0.701149425287356,3.26690382218167
172,Nmdar1,87,0.735632183908046,3.0971586291386
172,Nmdar2,87,0.735632183908046,3.88600313334651
172,KaiR1D,87,0.436781609195402,1.04921894152791
172,clumsy,87,0,0
172,Ekar,87,0.0804597701149425,0.189580849450513
172,mGluR,87,0.850574712643678,6.76337428715513
172,Rdl,87,0.988505747126437,34.0138871254862
172,Lcch3,87,0.195402298850575,0.592816050111465
172,Grd,87,0.0689655172413793,0.217509401200081
172,GABA-B-R1,87,0.724137931034483,4.1147771143307
172,GABA-B-R2,87,0.517241379310345,2.02522573373559
172,GABA-B-R3,87,0.126436781609195,0.34099496341371
172,nAChRalpha1,87,0.908045977011494,8.26954869667672
172,nAChRalpha2,87,0.229885057471264,0.501507842996646
172,nAChRalpha3,87,0.977011494252874,19.4571780359218
172,nAChRalpha4,87,0.942528735632184,16.8248376668603
172,nAChRalpha5,87,0.873563218390805,9.54009856331956
172,nAChRalpha6,87,0.977011494252874,29.8154517125953
172,nAChRalpha7,87,0.839080459770115,7.58033258776375
172,nAChRbeta1,87,0.885057471264368,10.9280467502679
172,nAChRbeta2,87,0.344827586206897,0.654677047471469
172,nAChRbeta3,87,0,0
172,mAChR-A,87,0.482758620689655,1.56851152040479
172,mAChR-B,87,0.0919540229885057,0.192490452534966
172,mAChR-C,87,0,0
172,Dop1R1,87,0.206896551724138,0.560623652091981
172,Dop1R2,87,0.35632183908046,0.939499684673102
172,Dop2R,87,0.505747126436782,2.65374135804618
172,DopEcR,87,0.758620689655172,4.99461742908462
172,Oamb,87,0.0574712643678161,0.111111123238
172,Octalpha2R,87,0.436781609195402,1.60056154433132
172,Octbeta1R,87,0.471264367816092,1.61647108814708
172,Octbeta2R,87,0.666666666666667,3.30216836087185
172,Octbeta3R,87,0.816091954022989,8.7871449888067
172,5-HT1A,87,0.32183908045977,1.00593316979749
172,5-HT1B,87,0.379310344827586,0.757041809899169
172,5-HT2A,87,0.0574712643678161,0.0519795734764257
172,5-HT2B,87,0.126436781609195,0.379685837702444
172,5-HT7,87,0.689655172413793,3.8157927448162
172,HisCl1,87,0,0
172,ort,87,0,0
172,VGlut,87,0.137931034482759,0.328517909095319
172,Gad1,87,0.172413793103448,0.66057655993585
172,ChAT,87,0.850574712643678,6.43014773144945
172,ple,87,0.0689655172413793,0.295953966452042
172,SerT,87,0,0
172,Tbh,87,0.252873563218391,1.415721711464
172,Hdc,87,0,0
173,GluClalpha,85,0.870588235294118,10.213115325309
173,GluRIA,85,0.694117647058824,3.93769513650589
173,GluRIB,85,0.894117647058824,13.2763348218826
173,Nmdar1,85,0.752941176470588,3.70699801801059
173,Nmdar2,85,0.823529411764706,5.52971032168886
173,KaiR1D,85,0.305882352941177,0.756145448381232
173,clumsy,85,0,0
173,Ekar,85,0.0235294117647059,0.0516223603509699
173,mGluR,85,0.176470588235294,1.1436851566628
173,Rdl,85,0.988235294117647,32.3010486633339
173,Lcch3,85,0.152941176470588,0.438296154725089
173,Grd,85,0.0352941176470588,0.0374926031294154
173,GABA-B-R1,85,0.705882352941177,4.19232771704541
173,GABA-B-R2,85,0.411764705882353,1.35385137599845
173,GABA-B-R3,85,0.2,0.913502841607105
173,nAChRalpha1,85,0.917647058823529,12.0501703807638
173,nAChRalpha2,85,0.376470588235294,1.20283891488649
173,nAChRalpha3,85,0.894117647058824,9.86019752832118
173,nAChRalpha4,85,0.905882352941176,16.3134744594434
173,nAChRalpha5,85,0.905882352941176,14.6297568203853
173,nAChRalpha6,85,1,21.6123643055604
173,nAChRalpha7,85,0.941176470588235,17.4990990291879
173,nAChRbeta1,85,0.941176470588235,13.3796187198691
173,nAChRbeta2,85,0.235294117647059,0.670514288930827
173,nAChRbeta3,85,0,0
173,mAChR-A,85,0.4,1.50046813751202
173,mAChR-B,85,0.0705882352941176,0.255703482036328
173,mAChR-C,85,0,0
173,Dop1R1,85,0.752941176470588,6.3264775786228
173,Dop1R2,85,0.258823529411765,1.06623617865005
173,Dop2R,85,0.823529411764706,9.94438237518987
173,DopEcR,85,0.647058823529412,4.36600685560825
173,Oamb,85,0.129411764705882,0.442443960161511
173,Octalpha2R,85,0.788235294117647,9.91209182005077
173,Octbeta1R,85,0.282352941176471,0.80070463190069
173,Octbeta2R,85,0.611764705882353,3.85889623818837
173,Octbeta3R,85,0.811764705882353,7.61457396023125
173,5-HT1A,85,0.741176470588235,5.57287965205156
173,5-HT1B,85,0.282352941176471,1.12716094590627
173,5-HT2A,85,0.0117647058823529,0.036799205137169
173,5-HT2B,85,0.305882352941177,0.933073597563229
173,5-HT7,85,0.0941176470588235,0.651762389191825
173,HisCl1,85,0,0
173,ort,85,0,0
173,VGlut,85,0.105882352941176,0.328508228121502
173,Gad1,85,0.152941176470588,0.872794697656542
173,ChAT,85,0.764705882352941,5.03337473833187
173,ple,85,0.0117647058823529,0.036799205137169
173,SerT,85,0,0
173,Tbh,85,0.0941176470588235,0.283736929749757
173,Hdc,85,0,0
174,GluClalpha,85,0.729411764705882,4.21296576064226
174,GluRIA,85,0.0588235294117647,0.0738600594526964
174,GluRIB,85,0.164705882352941,0.379091917449891
174,Nmdar1,85,0.741176470588235,2.64138279502341
174,Nmdar2,85,0.858823529411765,8.40752574845296
174,KaiR1D,85,0.470588235294118,1.37181116893043
174,clumsy,85,0,0
174,Ekar,85,0.0588235294117647,0.0620161387158543
174,mGluR,85,0.823529411764706,5.78928518249948
174,Rdl,85,0.988235294117647,48.2327882413548
174,Lcch3,85,0.235294117647059,0.609438645408154
174,Grd,85,0.0117647058823529,0.0236357727420451
174,GABA-B-R1,85,0.658823529411765,2.43209690541183
174,GABA-B-R2,85,0.529411764705882,1.55473168561106
174,GABA-B-R3,85,0.305882352941177,0.65358269278582
174,nAChRalpha1,85,0.941176470588235,16.533326619493
174,nAChRalpha2,85,0.470588235294118,1.22284905277068
174,nAChRalpha3,85,0.894117647058824,8.30999926947854
174,nAChRalpha4,85,1,22.1163260693538
174,nAChRalpha5,85,0.952941176470588,15.2315155851923
174,nAChRalpha6,85,1,61.2034240225907
174,nAChRalpha7,85,0.929411764705882,15.6738259950496
174,nAChRbeta1,85,0.952941176470588,10.4119524554981
174,nAChRbeta2,85,0.4,1.05088766275426
174,nAChRbeta3,85,0,0
174,mAChR-A,85,0.505882352941176,1.65270748210858
174,mAChR-B,85,0.0470588235294118,0.310924442455094
174,mAChR-C,85,0,0
174,Dop1R1,85,0.258823529411765,1.233368760727
174,Dop1R2,85,0.505882352941176,1.8066928598454
174,Dop2R,85,0.717647058823529,5.50232282485066
174,DopEcR,85,0.764705882352941,5.25973412808526
174,Oamb,85,0.835294117647059,5.7590288435653
174,Octalpha2R,85,0.2,0.614562181767132
174,Octbeta1R,85,0.270588235294118,0.639328190334838
174,Octbeta2R,85,0.270588235294118,0.784011380781311
174,Octbeta3R,85,0.635294117647059,3.21497418213244
174,5-HT1A,85,0.823529411764706,8.617289442503
174,5-HT1B,85,0.729411764705882,2.62598639441301
174,5-HT2A,85,0.0588235294117647,0.137029666693244
174,5-HT2B,85,0.223529411764706,0.627362613555729
174,5-HT7,85,0.2,0.570560389468331
174,HisCl1,85,0,0
174,ort,85,0.0117647058823529,0.0119305403938271
174,VGlut,85,0.152941176470588,0.422411251708467
174,Gad1,85,0.176470588235294,0.426234425740969
174,ChAT,85,0.870588235294118,5.37718293851015
174,ple,85,0.376470588235294,1.11422997807881
174,SerT,85,0,0
174,Tbh,85,0.0823529411764706,0.140442882542342
174,Hdc,85,0,0
175,GluClalpha,85,0.941176470588235,14.4247708941835
175,GluRIA,85,0.282352941176471,0.455022898221592
175,GluRIB,85,0.764705882352941,3.2982930579836
175,Nmdar1,85,0.752941176470588,2.85868161151767
175,Nmdar2,85,0.811764705882353,4.85491053311316
175,KaiR1D,85,0.494117647058824,1.54640260939101
175,clumsy,85,0.0823529411764706,0.140574810746337
175,Ekar,85,0.247058823529412,0.759416169715446
175,mGluR,85,0.811764705882353,6.46122291520485
175,Rdl,85,1,27.6661823519403
175,Lcch3,85,0.211764705882353,0.379049715893418
175,Grd,85,0.0352941176470588,0.134935910374139
175,GABA-B-R1,85,0.694117647058824,2.67454976195866
175,GABA-B-R2,85,0.623529411764706,1.99787842799547
175,GABA-B-R3,85,0.188235294117647,0.470580475239955
175,nAChRalpha1,85,0.929411764705882,9.39366526399608
175,nAChRalpha2,85,0.376470588235294,0.925846798646417
175,nAChRalpha3,85,0.870588235294118,5.25108817261062
175,nAChRalpha4,85,0.964705882352941,13.4730186469774
175,nAChRalpha5,85,0.988235294117647,16.0399536456804
175,nAChRalpha6,85,0.988235294117647,42.9985100446027
175,nAChRalpha7,85,0.905882352941176,11.5725792939827
175,nAChRbeta1,85,0.929411764705882,7.42270260346508
175,nAChRbeta2,85,0.352941176470588,0.790289072873804
175,nAChRbeta3,85,0,0
175,mAChR-A,85,0.552941176470588,2.02512870267693
175,mAChR-B,85,0.658823529411765,3.53155001183778
175,mAChR-C,85,0,0
175,Dop1R1,85,0.411764705882353,1.41059408560081
175,Dop1R2,85,0.270588235294118,0.895625893512843
175,Dop2R,85,0.858823529411765,7.42402615561196
175,DopEcR,85,0.576470588235294,1.84261020740749
175,Oamb,85,0.2,0.475819628967654
175,Octalpha2R,85,0.788235294117647,6.19310341498882
175,Octbeta1R,85,0.858823529411765,6.50156836339338
175,Octbeta2R,85,0.717647058823529,4.21925865432446
175,Octbeta3R,85,0.952941176470588,12.3716920617239
175,5-HT1A,85,0.8,7.44866358783323
175,5-HT1B,85,0.435294117647059,1.09219168435024
175,5-HT2A,85,0.141176470588235,0.243999169011697
175,5-HT2B,85,0.576470588235294,2.91535099209329
175,5-HT7,85,0.341176470588235,1.14949310474488
175,HisCl1,85,0,0
175,ort,85,0.0117647058823529,0.00835977110946702
175,VGlut,85,0.211764705882353,0.52431137723007
175,Gad1,85,0.176470588235294,1.09088974862093
175,ChAT,85,0.776470588235294,2.98463424254377
175,ple,85,0.0823529411764706,0.115521548053434
175,SerT,85,0,0
175,Tbh,85,0.0823529411764706,0.146561774418874
175,Hdc,85,0,0
177,GluClalpha,76,0.657894736842105,21.2612140301147
177,GluRIA,76,0.0131578947368421,0.20819453697535
177,GluRIB,76,0.131578947368421,2.3408165245539
177,Nmdar1,76,0.0657894736842105,1.68682538233686
177,Nmdar2,76,0.171052631578947,4.0278488998651
177,KaiR1D,76,0.0526315789473684,1.09811049533821
177,clumsy,76,0,0
177,Ekar,76,0,0
177,mGluR,76,0.263157894736842,6.38109825851696
177,Rdl,76,0.776315789473684,35.4941259322955
177,Lcch3,76,0.0789473684210526,1.83110974623918
177,Grd,76,0,0
177,GABA-B-R1,76,0.184210526315789,3.1827874504577
177,GABA-B-R2,76,0.0263157894736842,0.449484953961379
177,GABA-B-R3,76,0.0789473684210526,1.68464623141779
177,nAChRalpha1,76,0.434210526315789,11.9924639129696
177,nAChRalpha2,76,0.0657894736842105,0.900169478850214
177,nAChRalpha3,76,0.447368421052632,13.2086488498165
177,nAChRalpha4,76,0.723684210526316,24.3418033218766
177,nAChRalpha5,76,0.736842105263158,30.5538583016927
177,nAChRalpha6,76,0.618421052631579,22.6457395090285
177,nAChRalpha7,76,0.421052631578947,14.4956343608715
177,nAChRbeta1,76,0.473684210526316,13.2104539879426
177,nAChRbeta2,76,0.0657894736842105,1.3984742797469
177,nAChRbeta3,76,0,0
177,mAChR-A,76,0.171052631578947,3.01588964963861
177,mAChR-B,76,0.0526315789473684,0.841006747923059
177,mAChR-C,76,0,0
177,Dop1R1,76,0.302631578947368,6.88330331154136
177,Dop1R2,76,0.473684210526316,15.1283956704611
177,Dop2R,76,0.68421052631579,34.0255688131157
177,DopEcR,76,0.144736842105263,3.2711908402261
177,Oamb,76,0.0657894736842105,1.15204675517181
177,Octalpha2R,76,0.565789473684211,15.7865858200538
177,Octbeta1R,76,0.223684210526316,7.28177171535475
177,Octbeta2R,76,0.157894736842105,3.23377943063192
177,Octbeta3R,76,0.394736842105263,10.2272275402507
177,5-HT1A,76,0.565789473684211,19.1781986855542
177,5-HT1B,76,0.171052631578947,3.10044777348771
177,5-HT2A,76,0.0263157894736842,0.464362140554681
177,5-HT2B,76,0.131578947368421,2.75923259169987
177,5-HT7,76,0.171052631578947,4.61699798606996
177,HisCl1,76,0,0
177,ort,76,0,0
177,VGlut,76,0.539473684210526,17.6818237446046
177,Gad1,76,0.0131578947368421,0.243214320459189
177,ChAT,76,0.0263157894736842,0.452912564108428
177,ple,76,0,0
177,SerT,76,0,0
177,Tbh,76,0.0657894736842105,2.08065302418756
177,Hdc,76,0,0
180,GluClalpha,71,0.859154929577465,14.7708554181162
180,GluRIA,71,0.154929577464789,0.417804776622254
180,GluRIB,71,0.394366197183099,2.01068667495605
180,Nmdar1,71,0.422535211267606,1.86575427062274
180,Nmdar2,71,0.591549295774648,3.73699704898422
180,KaiR1D,71,0.28169014084507,1.37883635798707
180,clumsy,71,0.0140845070422535,0.0257910768032476
180,Ekar,71,0.028169014084507,0.136220133597654
180,mGluR,71,0.154929577464789,0.995410770017042
180,Rdl,71,0.971830985915493,45.5879688231234
180,Lcch3,71,0.126760563380282,0.458723740933431
180,Grd,71,0.0422535211267606,0.106106115524688
180,GABA-B-R1,71,0.436619718309859,3.30160947855213
180,GABA-B-R2,71,0.323943661971831,1.96154760200464
180,GABA-B-R3,71,0.197183098591549,0.802849796327459
180,nAChRalpha1,71,0.380281690140845,2.54476958415687
180,nAChRalpha2,71,0.028169014084507,0.06730645516389
180,nAChRalpha3,71,0.901408450704225,16.649638392456
180,nAChRalpha4,71,0.929577464788732,20.0575848802198
180,nAChRalpha5,71,0.929577464788732,12.3324488737192
180,nAChRalpha6,71,0.957746478873239,45.695661470498
180,nAChRalpha7,71,0.816901408450704,9.45004018593186
180,nAChRbeta1,71,0.929577464788732,14.7764321826381
180,nAChRbeta2,71,0.140845070422535,0.733676346748383
180,nAChRbeta3,71,0,0
180,mAChR-A,71,0.211267605633803,1.03458539560382
180,mAChR-B,71,0.0985915492957746,0.546818849079107
180,mAChR-C,71,0,0
180,Dop1R1,71,0.338028169014085,2.05670187968013
180,Dop1R2,71,0.0704225352112676,0.479566647117326
180,Dop2R,71,0.380281690140845,4.1502423165855
180,DopEcR,71,0.492957746478873,3.10471548154092
180,Oamb,71,0.591549295774648,4.37657616456189
180,Octalpha2R,71,0.492957746478873,3.94291335493683
180,Octbeta1R,71,0.0985915492957746,1.29852160028683
180,Octbeta2R,71,0.802816901408451,13.8898075805143
180,Octbeta3R,71,0.352112676056338,1.85323847102476
180,5-HT1A,71,0.338028169014085,3.59461660242198
180,5-HT1B,71,0.126760563380282,0.454544007274517
180,5-HT2A,71,0.422535211267606,2.75968568054073
180,5-HT2B,71,0.323943661971831,1.46165804937841
180,5-HT7,71,0.0704225352112676,0.243413299310667
180,HisCl1,71,0.0140845070422535,0.034793742693314
180,ort,71,0,0
180,VGlut,71,0.887323943661972,23.6545368099239
180,Gad1,71,0.0422535211267606,0.0937222917080898
180,ChAT,71,0.112676056338028,1.07112083151644
180,ple,71,0.0140845070422535,0.0515821536064952
180,SerT,71,0,0
180,Tbh,71,0.0422535211267606,0.176711747141971
180,Hdc,71,0,0
181,GluClalpha,71,1,18.9822696828425
181,GluRIA,71,0.492957746478873,1.58766945434658
181,GluRIB,71,0.774647887323944,6.80753892124545
181,Nmdar1,71,0.746478873239437,2.85817491388026
181,Nmdar2,71,0.887323943661972,6.92665746485434
181,KaiR1D,71,0.408450704225352,0.748781646705685
181,clumsy,71,0.0422535211267606,0.0453300630225387
181,Ekar,71,0.126760563380282,0.192684964649251
181,mGluR,71,0.225352112676056,0.643932730107341
181,Rdl,71,0.985915492957746,42.552027314427
181,Lcch3,71,0.23943661971831,0.493834093636093
181,Grd,71,0.464788732394366,3.01948421565774
181,GABA-B-R1,71,0.76056338028169,3.05518159627195
181,GABA-B-R2,71,0.535211267605634,1.38086941680731
181,GABA-B-R3,71,0.154929577464789,0.479463294041624
181,nAChRalpha1,71,0.887323943661972,7.44062851914467
181,nAChRalpha2,71,0.323943661971831,0.73727859431139
181,nAChRalpha3,71,0.943661971830986,11.0152478559123
181,nAChRalpha4,71,0.957746478873239,11.5841749896373
181,nAChRalpha5,71,0.971830985915493,11.5680004256292
181,nAChRalpha6,71,0.887323943661972,27.1390853431407
181,nAChRalpha7,71,0.788732394366197,8.27767137527558
181,nAChRbeta1,71,0.943661971830986,11.7475796780706
181,nAChRbeta2,71,0.309859154929577,0.855965266364786
181,nAChRbeta3,71,0,0
181,mAChR-A,71,0.338028169014085,0.876847999662303
181,mAChR-B,71,0.0704225352112676,0.246517906410206
181,mAChR-C,71,0,0
181,Dop1R1,71,0.746478873239437,10.8977875700853
181,Dop1R2,71,0.126760563380282,0.228009262503242
181,Dop2R,71,0.690140845070423,3.89521458788129
181,DopEcR,71,0.774647887323944,3.07047669579896
181,Oamb,71,0.676056338028169,3.31738841251529
181,Octalpha2R,71,0.704225352112676,6.22273488911852
181,Octbeta1R,71,0.676056338028169,3.04352536886042
181,Octbeta2R,71,0.788732394366197,8.14332244813164
181,Octbeta3R,71,0.929577464788732,14.6954930182406
181,5-HT1A,71,0.929577464788732,15.0571979983859
181,5-HT1B,71,0.436619718309859,1.2136407861745
181,5-HT2A,71,0.0563380281690141,0.13688842564163
181,5-HT2B,71,0.366197183098592,0.995439443687272
181,5-HT7,71,0.704225352112676,13.2391412817376
181,HisCl1,71,0,0
181,ort,71,0,0
181,VGlut,71,0.126760563380282,0.352859564070434
181,Gad1,71,0.140845070422535,0.295397137274075
181,ChAT,71,0.859154929577465,6.17138832338607
181,ple,71,0,0
181,SerT,71,0.0140845070422535,0.0282764646501777
181,Tbh,71,0.0563380281690141,0.107635379575623
181,Hdc,71,0,0
182,GluClalpha,66,0.818181818181818,15.6197378996778
182,GluRIA,66,0.106060606060606,0.697171654962435
182,GluRIB,66,0.348484848484849,3.37803075942671
182,Nmdar1,66,0.333333333333333,2.78303294680617
182,Nmdar2,66,0.651515151515152,6.37760425358351
182,KaiR1D,66,0.363636363636364,2.25724752190569
182,clumsy,66,0,0
182,Ekar,66,0.0303030303030303,0.161833921422612
182,mGluR,66,0.136363636363636,1.03612740726199
182,Rdl,66,0.984848484848485,38.7604950113559
182,Lcch3,66,0.106060606060606,0.362730099601141
182,Grd,66,0,0
182,GABA-B-R1,66,0.333333333333333,2.71308381593961
182,GABA-B-R2,66,0.303030303030303,2.03621604891711
182,GABA-B-R3,66,0.318181818181818,1.88788461937151
182,nAChRalpha1,66,0.636363636363636,6.28800675305478
182,nAChRalpha2,66,0.106060606060606,0.498435340420914
182,nAChRalpha3,66,0.590909090909091,5.57145456367285
182,nAChRalpha4,66,0.924242424242424,15.4172970152823
182,nAChRalpha5,66,0.909090909090909,15.5467006253716
182,nAChRalpha6,66,0.590909090909091,6.70857839058051
182,nAChRalpha7,66,0.318181818181818,3.1089261674971
182,nAChRbeta1,66,0.727272727272727,7.76806095612897
182,nAChRbeta2,66,0.0454545454545455,0.224131518576655
182,nAChRbeta3,66,0,0
182,mAChR-A,66,0.227272727272727,1.42798120283385
182,mAChR-B,66,0.212121212121212,1.58902693078434
182,mAChR-C,66,0,0
182,Dop1R1,66,0.757575757575758,10.9202156904997
182,Dop1R2,66,0.0606060606060606,0.279394461081288
182,Dop2R,66,0.424242424242424,4.76192642869561
182,DopEcR,66,0.575757575757576,4.89139886154164
182,Oamb,66,0.242424242424242,1.6057221083048
182,Octalpha2R,66,0.121212121212121,0.406386988940281
182,Octbeta1R,66,0.136363636363636,0.572901884931718
182,Octbeta2R,66,0.212121212121212,1.53330615413489
182,Octbeta3R,66,0.515151515151515,4.10418342842164
182,5-HT1A,66,0.484848484848485,4.01115118179461
182,5-HT1B,66,0.181818181818182,0.888593801639222
182,5-HT2A,66,0.0151515151515152,0.038889925953581
182,5-HT2B,66,0.303030303030303,2.63660908787818
182,5-HT7,66,0.166666666666667,1.35103480129734
182,HisCl1,66,0,0
182,ort,66,0,0
182,VGlut,66,0.0454545454545455,0.420714874202787
182,Gad1,66,0.106060606060606,0.722391310186118
182,ChAT,66,0.696969696969697,6.2924813893876
182,ple,66,0.0303030303030303,0.18135462015018
182,SerT,66,0,0
182,Tbh,66,0.151515151515152,1.06053426658561
182,Hdc,66,0,0
183,GluClalpha,62,0.951612903225806,19.3239016332548
183,GluRIA,62,0.467741935483871,1.71626024109688
183,GluRIB,62,0.838709677419355,8.52412605212729
183,Nmdar1,62,0.306451612903226,1.36545980549768
183,Nmdar2,62,0.5,2.56456743775404
183,KaiR1D,62,0.290322580645161,0.799408255352022
183,clumsy,62,0,0
183,Ekar,62,0.0161290322580645,0.039599882784347
183,mGluR,62,0.483870967741936,2.66452041031011
183,Rdl,62,0.983870967741936,32.9509325112798
183,Lcch3,62,0.241935483870968,0.793952243867707
183,Grd,62,0.032258064516129,0.0794641762258195
183,GABA-B-R1,62,0.419354838709677,1.61191336120454
183,GABA-B-R2,62,0.483870967741936,1.85742342857038
183,GABA-B-R3,62,0.306451612903226,1.10005246625171
183,nAChRalpha1,62,0.532258064516129,3.66547586279244
183,nAChRalpha2,62,0.145161290322581,0.458166837113116
183,nAChRalpha3,62,0.548387096774194,3.64052314656564
183,nAChRalpha4,62,0.903225806451613,16.0370465003544
183,nAChRalpha5,62,0.983870967741936,23.8389797349807
183,nAChRalpha6,62,1,27.6753244847875
183,nAChRalpha7,62,0.548387096774194,6.22060434481847
183,nAChRbeta1,62,0.951612903225806,13.2277151005418
183,nAChRbeta2,62,0.290322580645161,0.800338751520699
183,nAChRbeta3,62,0,0
183,mAChR-A,62,0.290322580645161,0.842639632195645
183,mAChR-B,62,0.758064516129032,7.78362770718252
183,mAChR-C,62,0,0
183,Dop1R1,62,0.887096774193548,11.0291347390138
183,Dop1R2,62,0.693548387096774,4.27869182512201
183,Dop2R,62,0.564516129032258,4.91601719241528
183,DopEcR,62,0.693548387096774,4.27444147044843
183,Oamb,62,0.758064516129032,6.63878187261269
183,Octalpha2R,62,0.548387096774194,4.14281558973008
183,Octbeta1R,62,0.338709677419355,1.26195101900855
183,Octbeta2R,62,0.887096774193548,13.2298524945202
183,Octbeta3R,62,0.387096774193548,1.97487253226205
183,5-HT1A,62,0.580645161290323,3.59847394730023
183,5-HT1B,62,0.0967741935483871,0.474691262669335
183,5-HT2A,62,0.564516129032258,2.80129742581278
183,5-HT2B,62,0.67741935483871,6.50028073314371
183,5-HT7,62,0.661290322580645,4.59917171929126
183,HisCl1,62,0,0
183,ort,62,0,0
183,VGlut,62,0.274193548387097,1.52510338232075
183,Gad1,62,0.241935483870968,2.04529442598358
183,ChAT,62,0.806451612903226,6.83504616230717
183,ple,62,0.0483870967741936,0.150234163669241
183,SerT,62,0.0161290322580645,0.0128630929564276
183,Tbh,62,0.274193548387097,1.32044405425589
183,Hdc,62,0,0
185,GluClalpha,61,0.983606557377049,11.4087918712148
185,GluRIA,61,0.459016393442623,1.03153543412066
185,GluRIB,61,0.819672131147541,2.84204998127123
185,Nmdar1,61,0.80327868852459,3.69534123900494
185,Nmdar2,61,0.967213114754098,6.24702310309692
185,KaiR1D,61,0.524590163934426,1.14893540212615
185,clumsy,61,0.0163934426229508,0.0387643476541755
185,Ekar,61,0.114754098360656,0.418936539492692
185,mGluR,61,0.934426229508197,6.16572308399783
185,Rdl,61,1,40.479375973225
185,Lcch3,61,0.360655737704918,0.599302963412823
185,Grd,61,0.344262295081967,2.12566161722593
185,GABA-B-R1,61,0.819672131147541,2.581181399537
185,GABA-B-R2,61,0.672131147540984,1.68562658454584
185,GABA-B-R3,61,0.721311475409836,2.00723593069403
185,nAChRalpha1,61,0.967213114754098,16.9871099856823
185,nAChRalpha2,61,0.377049180327869,0.654828218494222
185,nAChRalpha3,61,0.967213114754098,13.7686611883479
185,nAChRalpha4,61,0.983606557377049,11.6045091935608
185,nAChRalpha5,61,0.737704918032787,3.69413325085376
185,nAChRalpha6,61,1,99.9171674749766
185,nAChRalpha7,61,0.950819672131147,8.24079479113644
185,nAChRbeta1,61,1,12.2278087451501
185,nAChRbeta2,61,0.278688524590164,0.310801703962255
185,nAChRbeta3,61,0,0
185,mAChR-A,61,0.344262295081967,0.712537955348612
185,mAChR-B,61,0.0819672131147541,0.0397994844931735
185,mAChR-C,61,0,0
185,Dop1R1,61,0.459016393442623,1.19032558775309
185,Dop1R2,61,0.918032786885246,7.72824406428673
185,Dop2R,61,0.295081967213115,0.481620486517703
185,DopEcR,61,0.639344262295082,2.24057421081054
185,Oamb,61,0.0983606557377049,0.26950889971774
185,Octalpha2R,61,0.213114754098361,0.452679977604529
185,Octbeta1R,61,0.114754098360656,0.193962544595436
185,Octbeta2R,61,0.377049180327869,0.764120828462968
185,Octbeta3R,61,0.754098360655738,2.87716566151581
185,5-HT1A,61,0.967213114754098,86.0648276519664
185,5-HT1B,61,0.622950819672131,1.796808946062
185,5-HT2A,61,0.360655737704918,0.669334850487153
185,5-HT2B,61,0.737704918032787,3.22429805816787
185,5-HT7,61,0.524590163934426,1.16062449848587
185,HisCl1,61,0.0819672131147541,0.151988302310116
185,ort,61,0,0
185,VGlut,61,0.0819672131147541,0.0652697857863394
185,Gad1,61,0.245901639344262,0.268442441803184
185,ChAT,61,0.836065573770492,4.78674697494006
185,ple,61,0,0
185,SerT,61,0,0
185,Tbh,61,0.131147540983607,0.227518571646155
185,Hdc,61,0,0
186,GluClalpha,61,0.967213114754098,14.984319254104
186,GluRIA,61,0.409836065573771,1.2011303911597
186,GluRIB,61,0.786885245901639,5.40068419694823
186,Nmdar1,61,0.704918032786885,3.11825279454336
186,Nmdar2,61,0.901639344262295,7.67944226432616
186,KaiR1D,61,0.360655737704918,0.980478222180215
186,clumsy,61,0.0983606557377049,0.232992087548928
186,Ekar,61,0.0983606557377049,0.351451235544316
186,mGluR,61,0.885245901639344,7.82650802729826
186,Rdl,61,1,45.1046513260542
186,Lcch3,61,0.229508196721311,0.562166654366345
186,Grd,61,0.0163934426229508,0.0410863223632853
186,GABA-B-R1,61,0.704918032786885,3.06867980011608
186,GABA-B-R2,61,0.475409836065574,1.93769111500695
186,GABA-B-R3,61,0.688524590163934,4.4504287394952
186,nAChRalpha1,61,0.950819672131147,10.7965716088805
186,nAChRalpha2,61,0.213114754098361,0.683746567834482
186,nAChRalpha3,61,0.885245901639344,7.72280605152551
186,nAChRalpha4,61,0.950819672131147,12.1037535626507
186,nAChRalpha5,61,0.967213114754098,18.6629200186308
186,nAChRalpha6,61,0.983606557377049,21.2279208331857
186,nAChRalpha7,61,0.983606557377049,50.288195872212
186,nAChRbeta1,61,0.983606557377049,15.23327588859
186,nAChRbeta2,61,0.295081967213115,0.828503101261669
186,nAChRbeta3,61,0,0
186,mAChR-A,61,0.622950819672131,2.46486814937721
186,mAChR-B,61,0.131147540983607,0.663200679231417
186,mAChR-C,61,0,0
186,Dop1R1,61,0.737704918032787,5.37347170066461
186,Dop1R2,61,0.39344262295082,1.73956282094897
186,Dop2R,61,0.688524590163934,4.0559175365929
186,DopEcR,61,0.639344262295082,2.57856804429642
186,Oamb,61,0.114754098360656,0.309578103221876
186,Octalpha2R,61,0.934426229508197,15.549621647142
186,Octbeta1R,61,0.721311475409836,3.36877595940796
186,Octbeta2R,61,0.278688524590164,1.86420567498055
186,Octbeta3R,61,0.836065573770492,5.49369132035366
186,5-HT1A,61,0.836065573770492,16.1561574120521
186,5-HT1B,61,0.344262295081967,1.35771794155317
186,5-HT2A,61,0.131147540983607,0.387892012238706
186,5-HT2B,61,0.229508196721311,0.828388886351276
186,5-HT7,61,0.508196721311475,2.13753676177485
186,HisCl1,61,0,0
186,ort,61,0,0
186,VGlut,61,0.0983606557377049,0.685454207037094
186,Gad1,61,0.0983606557377049,0.346464572036773
186,ChAT,61,0.754098360655738,3.69301015760452
186,ple,61,0.0327868852459016,0.04759130560364
186,SerT,61,0.0327868852459016,0.11853701991255
186,Tbh,61,0.409836065573771,1.53455749848777
186,Hdc,61,0,0
187,GluClalpha,59,0.966101694915254,19.016683002624
187,GluRIA,59,0.101694915254237,0.182110172497235
187,GluRIB,59,0.288135593220339,1.54110256529702
187,Nmdar1,59,0.627118644067797,2.31419768079728
187,Nmdar2,59,0.677966101694915,4.10330609351023
187,KaiR1D,59,0.389830508474576,0.90944106108417
187,clumsy,59,0,0
187,Ekar,59,0.0338983050847458,0.0690938131263111
187,mGluR,59,0.338983050847458,1.61482977316843
187,Rdl,59,0.966101694915254,28.0382292153526
187,Lcch3,59,0.152542372881356,0.582623607806624
187,Grd,59,0,0
187,GABA-B-R1,59,0.779661016949153,5.62904225037892
187,GABA-B-R2,59,0.542372881355932,2.25769183410691
187,GABA-B-R3,59,0.203389830508475,0.388586609820691
187,nAChRalpha1,59,0.88135593220339,8.32655296769104
187,nAChRalpha2,59,0.186440677966102,0.290504514273584
187,nAChRalpha3,59,0.610169491525424,3.56102136931789
187,nAChRalpha4,59,0.88135593220339,11.1119729063381
187,nAChRalpha5,59,0.915254237288136,18.4446525083134
187,nAChRalpha6,59,0.898305084745763,14.5246915190768
187,nAChRalpha7,59,0.796610169491525,8.94956595364655
187,nAChRbeta1,59,0.813559322033898,8.17770345471345
187,nAChRbeta2,59,0.23728813559322,0.46227271658458
187,nAChRbeta3,59,0,0
187,mAChR-A,59,0.423728813559322,2.09540089941091
187,mAChR-B,59,0.203389830508475,0.676512427876537
187,mAChR-C,59,0,0
187,Dop1R1,59,0.64406779661017,4.23733480517366
187,Dop1R2,59,0.203389830508475,0.368554589028014
187,Dop2R,59,0.898305084745763,19.1307987375599
187,DopEcR,59,0.508474576271186,2.34092967240469
187,Oamb,59,0.389830508474576,0.961918529718974
187,Octalpha2R,59,0.847457627118644,7.67015973264465
187,Octbeta1R,59,0.186440677966102,0.453021006044647
187,Octbeta2R,59,0.440677966101695,2.48524335453588
187,Octbeta3R,59,0.355932203389831,1.17593037166395
187,5-HT1A,59,0.983050847457627,38.8158304130066
187,5-HT1B,59,0.372881355932203,1.1667053322421
187,5-HT2A,59,0.0847457627118644,0.108288949200478
187,5-HT2B,59,0.101694915254237,0.226981384831037
187,5-HT7,59,0.220338983050847,0.700810798779578
187,HisCl1,59,0,0
187,ort,59,0.0169491525423729,0.165842979866662
187,VGlut,59,0.220338983050847,0.701784493167387
187,Gad1,59,0.101694915254237,0.751726439211028
187,ChAT,59,0.694915254237288,4.07372201108632
187,ple,59,0.0677966101694915,0.119750757004668
187,SerT,59,0.898305084745763,14.9102247442814
187,Tbh,59,0.152542372881356,0.537545035739858
187,Hdc,59,0,0
188,GluClalpha,53,0.962264150943396,27.3252767496795
188,GluRIA,53,0.433962264150943,1.71779058147945
188,GluRIB,53,0.622641509433962,5.23185172363566
188,Nmdar1,53,0.547169811320755,3.024123128029
188,Nmdar2,53,0.679245283018868,4.79679781195848
188,KaiR1D,53,0.358490566037736,1.11517643381201
188,clumsy,53,0,0
188,Ekar,53,0.0377358490566038,0.103520376928106
188,mGluR,53,0.735849056603774,6.97583762479937
188,Rdl,53,1,50.1623215600693
188,Lcch3,53,0.226415094339623,0.807284840472904
188,Grd,53,0,0
188,GABA-B-R1,53,0.584905660377359,3.74540484555535
188,GABA-B-R2,53,0.452830188679245,2.36813882778175
188,GABA-B-R3,53,0.245283018867925,1.60802635253516
188,nAChRalpha1,53,0.830188679245283,9.0328142567113
188,nAChRalpha2,53,0.283018867924528,0.866268894237363
188,nAChRalpha3,53,0.69811320754717,5.09302022883212
188,nAChRalpha4,53,0.943396226415094,22.4638796042312
188,nAChRalpha5,53,0.981132075471698,41.1589689587979
188,nAChRalpha6,53,0.981132075471698,26.7989575669097
188,nAChRalpha7,53,0.943396226415094,29.2773191857267
188,nAChRbeta1,53,0.924528301886792,21.0433950485794
188,nAChRbeta2,53,0.188679245283019,0.609652000327832
188,nAChRbeta3,53,0,0
188,mAChR-A,53,0.509433962264151,2.29994411356855
188,mAChR-B,53,0.150943396226415,0.59625872185857
188,mAChR-C,53,0,0
188,Dop1R1,53,0.245283018867925,0.937900337306551
188,Dop1R2,53,0.377358490566038,1.61902301632227
188,Dop2R,53,0.60377358490566,6.28045192048201
188,DopEcR,53,0.849056603773585,8.07893313529918
188,Oamb,53,0.283018867924528,1.21465320448785
188,Octalpha2R,53,0.207547169811321,1.42116441686144
188,Octbeta1R,53,0.264150943396226,1.46958551767952
188,Octbeta2R,53,0.773584905660377,8.97753185998223
188,Octbeta3R,53,0.377358490566038,1.87590665562025
188,5-HT1A,53,0.679245283018868,5.21765078333449
188,5-HT1B,53,0.377358490566038,1.557430707497
188,5-HT2A,53,0.113207547169811,0.436076196505311
188,5-HT2B,53,0.207547169811321,1.16141190089655
188,5-HT7,53,0.207547169811321,0.828680040075369
188,HisCl1,53,0.0188679245283019,0.0533142823631023
188,ort,53,0,0
188,VGlut,53,0.0943396226415094,0.437445343400647
188,Gad1,53,0.981132075471698,27.5413261107528
188,ChAT,53,0.320754716981132,3.14956532330568
188,ple,53,0.0188679245283019,0.0601272292170232
188,SerT,53,0.0188679245283019,0.0141269276192737
188,Tbh,53,0.490566037735849,3.75315169303054
188,Hdc,53,0,0
189,GluClalpha,52,1,19.1247986889196
189,GluRIA,52,0.307692307692308,0.711737192043432
189,GluRIB,52,0.730769230769231,3.98757188015761
189,Nmdar1,52,0.884615384615385,5.1203163207562
189,Nmdar2,52,0.769230769230769,4.96719372413071
189,KaiR1D,52,0.557692307692308,1.68025754827152
189,clumsy,52,0.0384615384615385,0.0440851621443736
189,Ekar,52,0.134615384615385,0.302514864609709
189,mGluR,52,0.865384615384615,8.61332475011026
189,Rdl,52,1,38.9365481547082
189,Lcch3,52,0.230769230769231,0.640953729429009
189,Grd,52,0.0576923076923077,0.0860849899509182
189,GABA-B-R1,52,0.692307692307692,2.84930906167078
189,GABA-B-R2,52,0.519230769230769,1.68937539826211
189,GABA-B-R3,52,0.192307692307692,0.554205162297174
189,nAChRalpha1,52,1,28.3630510665467
189,nAChRalpha2,52,0.461538461538462,1.28994125786731
189,nAChRalpha3,52,0.942307692307692,12.4452097060383
189,nAChRalpha4,52,1,16.685660339887
189,nAChRalpha5,52,0.961538461538461,19.2645248943495
189,nAChRalpha6,52,0.942307692307692,20.6699177628637
189,nAChRalpha7,52,1,36.7462480147911
189,nAChRbeta1,52,0.961538461538461,11.9915970265563
189,nAChRbeta2,52,0.461538461538462,1.31006589331162
189,nAChRbeta3,52,0,0
189,mAChR-A,52,0.730769230769231,2.46045369494936
189,mAChR-B,52,0.576923076923077,2.88593767343741
189,mAChR-C,52,0,0
189,Dop1R1,52,0.846153846153846,8.07517133440616
189,Dop1R2,52,0.192307692307692,0.370449777902898
189,Dop2R,52,0.711538461538462,5.27287436483907
189,DopEcR,52,0.615384615384615,2.31476571204074
189,Oamb,52,0.615384615384615,2.11101858841332
189,Octalpha2R,52,0.211538461538462,0.556687800826986
189,Octbeta1R,52,0.0384615384615385,0.225592943155676
189,Octbeta2R,52,0.346153846153846,1.19484435133858
189,Octbeta3R,52,0.230769230769231,0.856358530867972
189,5-HT1A,52,1,35.8783592923832
189,5-HT1B,52,0.269230769230769,0.752722839235975
189,5-HT2A,52,0.173076923076923,0.472694014293371
189,5-HT2B,52,0.230769230769231,0.924881476706194
189,5-HT7,52,0.653846153846154,2.69007128635842
189,HisCl1,52,0,0
189,ort,52,0,0
189,VGlut,52,0.115384615384615,0.376755751078575
189,Gad1,52,0.0961538461538462,0.234865739642697
189,ChAT,52,0.788461538461538,5.37992061778803
189,ple,52,0,0
189,SerT,52,0.0192307692307692,0.100579336981011
189,Tbh,52,0.153846153846154,0.310192018271507
189,Hdc,52,0,0
190,GluClalpha,51,1,21.2887172099807
190,GluRIA,51,0.705882352941177,2.65626851067963
190,GluRIB,51,0.980392156862745,11.6119387574662
190,Nmdar1,51,0.764705882352941,3.13287198264267
190,Nmdar2,51,0.980392156862745,13.3129594875988
190,KaiR1D,51,0.470588235294118,1.190359800598
190,clumsy,51,0.0196078431372549,0.025038747461697
190,Ekar,51,0.137254901960784,0.412982958974668
190,mGluR,51,0.666666666666667,2.65921476858562
190,Rdl,51,1,34.1255949443175
190,Lcch3,51,0.294117647058824,0.588661572868577
190,Grd,51,0.0196078431372549,0.0409264102217802
190,GABA-B-R1,51,0.764705882352941,2.46178183643443
190,GABA-B-R2,51,0.686274509803922,2.22326317622982
190,GABA-B-R3,51,0.705882352941177,3.23810651914011
190,nAChRalpha1,51,0.980392156862745,14.4144160139168
190,nAChRalpha2,51,0.490196078431373,0.923686616375419
190,nAChRalpha3,51,0.980392156862745,12.1471805213468
190,nAChRalpha4,51,0.980392156862745,18.9537528262018
190,nAChRalpha5,51,0.980392156862745,21.6961152068668
190,nAChRalpha6,51,1,52.0470641168834
190,nAChRalpha7,51,0.705882352941177,2.65591672164111
190,nAChRbeta1,51,0.92156862745098,8.33252971977775
190,nAChRbeta2,51,0.352941176470588,0.608914622062303
190,nAChRbeta3,51,0,0
190,mAChR-A,51,0.627450980392157,1.78365248777848
190,mAChR-B,51,0.235294117647059,0.530974976893477
190,mAChR-C,51,0,0
190,Dop1R1,51,0.352941176470588,1.79983042812262
190,Dop1R2,51,0.235294117647059,0.627071236471458
190,Dop2R,51,1,26.1854314676649
190,DopEcR,51,0.627450980392157,2.12410524265989
190,Oamb,51,0.137254901960784,0.288708051981879
190,Octalpha2R,51,0.235294117647059,0.726666681752984
190,Octbeta1R,51,0.568627450980392,1.36526948765188
190,Octbeta2R,51,0.882352941176471,8.09046291174912
190,Octbeta3R,51,0.568627450980392,1.56132742110688
190,5-HT1A,51,0.980392156862745,14.7362594787867
190,5-HT1B,51,0.352941176470588,0.698467705992387
190,5-HT2A,51,0.666666666666667,2.06423137957602
190,5-HT2B,51,0.176470588235294,0.183832436849152
190,5-HT7,51,0.745098039215686,3.77745271289456
190,HisCl1,51,0,0
190,ort,51,0,0
190,VGlut,51,0.254901960784314,0.73183228485192
190,Gad1,51,0.313725490196078,0.85032115004647
190,ChAT,51,0.254901960784314,0.67765578204092
190,ple,51,0.96078431372549,8.38905770947413
190,SerT,51,0.0196078431372549,0.0313876150748438
190,Tbh,51,0.0784313725490196,0.268615239282721
190,Hdc,51,0,0
191,GluClalpha,46,1,13.7423667391436
191,GluRIA,46,0.217391304347826,0.285330906931235
191,GluRIB,46,0.826086956521739,3.08277025117504
191,Nmdar1,46,0.739130434782609,2.36382871612303
191,Nmdar2,46,0.891304347826087,4.52317674300014
191,KaiR1D,46,0.608695652173913,1.39957923949341
191,clumsy,46,0,0
191,Ekar,46,0.130434782608696,0.876994101044201
191,mGluR,46,0.91304347826087,5.17190081081704
191,Rdl,46,1,28.3274410806259
191,Lcch3,46,0.239130434782609,0.446001500333683
191,Grd,46,0,0
191,GABA-B-R1,46,0.760869565217391,2.69788333667138
191,GABA-B-R2,46,0.543478260869565,1.15281636453824
191,GABA-B-R3,46,0.608695652173913,1.44374169660242
191,nAChRalpha1,46,0.934782608695652,7.04946816502692
191,nAChRalpha2,46,0.173913043478261,0.248258861086831
191,nAChRalpha3,46,0.652173913043478,1.83122910088091
191,nAChRalpha4,46,0.978260869565217,10.490799385107
191,nAChRalpha5,46,0.978260869565217,11.3882750380272
191,nAChRalpha6,46,1,18.6303053272404
191,nAChRalpha7,46,1,8.98014747040668
191,nAChRbeta1,46,0.978260869565217,12.5896363852181
191,nAChRbeta2,46,0.369565217391304,0.683847989647321
191,nAChRbeta3,46,0,0
191,mAChR-A,46,0.543478260869565,1.57884284926444
191,mAChR-B,46,0.0434782608695652,0.0749549666173685
191,mAChR-C,46,0,0
191,Dop1R1,46,0.369565217391304,0.78345191933396
191,Dop1R2,46,0.695652173913044,1.87221710132599
191,Dop2R,46,0.847826086956522,4.32593933946643
191,DopEcR,46,0.804347826086957,3.37642866863804
191,Oamb,46,0.695652173913044,2.65746630826396
191,Octalpha2R,46,0.239130434782609,0.703954310534816
191,Octbeta1R,46,0.282608695652174,0.354585979077303
191,Octbeta2R,46,0.956521739130435,11.1736710043407
191,Octbeta3R,46,0.891304347826087,4.02460029691803
191,5-HT1A,46,0.978260869565217,10.0163898504312
191,5-HT1B,46,0.478260869565217,0.897449827674302
191,5-HT2A,46,0,0
191,5-HT2B,46,0.217391304347826,0.333763402063928
191,5-HT7,46,0.391304347826087,0.709047704067007
191,HisCl1,46,0,0
191,ort,46,0,0
191,VGlut,46,0.152173913043478,0.474290717159878
191,Gad1,46,0.956521739130435,14.4382052288512
191,ChAT,46,0.804347826086957,3.06582228994151
191,ple,46,0.0434782608695652,0.167316770582398
191,SerT,46,0,0
191,Tbh,46,0.0869565217391304,0.0741185671719387
191,Hdc,46,0,0
192,GluClalpha,45,0.933333333333333,13.753548892129
192,GluRIA,45,0.688888888888889,3.75797625734213
192,GluRIB,45,0.888888888888889,17.6607136744504
192,Nmdar1,45,0.422222222222222,2.09711067369938
192,Nmdar2,45,0.8,8.27230298653114
192,KaiR1D,45,0.2,0.691054266832275
192,clumsy,45,0,0
192,Ekar,45,0,0
192,mGluR,45,0.155555555555556,1.09404810649607
192,Rdl,45,1,37.2545398425025
192,Lcch3,45,0.244444444444444,0.741665592535214
192,Grd,45,0.666666666666667,5.10773482549964
192,GABA-B-R1,45,0.6,3.80808985428553
192,GABA-B-R2,45,0.4,1.72847076271005
192,GABA-B-R3,45,0.155555555555556,0.835494616303556
192,nAChRalpha1,45,0.955555555555556,32.1551674897421
192,nAChRalpha2,45,0.6,2.58624659981156
192,nAChRalpha3,45,0.733333333333333,5.47907795555117
192,nAChRalpha4,45,0.977777777777778,16.6097716785861
192,nAChRalpha5,45,0.933333333333333,17.2112787046903
192,nAChRalpha6,45,0.977777777777778,28.714707151857
192,nAChRalpha7,45,1,50.9736504043916
192,nAChRbeta1,45,0.933333333333333,19.1245704657124
192,nAChRbeta2,45,0.377777777777778,1.81681827784919
192,nAChRbeta3,45,0,0
192,mAChR-A,45,0.466666666666667,1.87139096410993
192,mAChR-B,45,0.0888888888888889,0.387569197237698
192,mAChR-C,45,0,0
192,Dop1R1,45,0.177777777777778,0.582041260898081
192,Dop1R2,45,0.777777777777778,8.93207092790495
192,Dop2R,45,0.822222222222222,9.22165801284372
192,DopEcR,45,0.688888888888889,3.76450338043871
192,Oamb,45,0.555555555555556,3.37579053094536
192,Octalpha2R,45,0.333333333333333,2.01896378247582
192,Octbeta1R,45,0.688888888888889,4.20967037533379
192,Octbeta2R,45,0.911111111111111,11.8326319568166
192,Octbeta3R,45,0.733333333333333,6.65908367166228
192,5-HT1A,45,0.777777777777778,6.49062166815854
192,5-HT1B,45,0.133333333333333,0.464134400977049
192,5-HT2A,45,0.0666666666666667,0.113946434914347
192,5-HT2B,45,0.133333333333333,0.331276141856931
192,5-HT7,45,0.733333333333333,6.32584399548892
192,HisCl1,45,0,0
192,ort,45,0,0
192,VGlut,45,0.0666666666666667,0.250953455739291
192,Gad1,45,0.155555555555556,0.884233506925048
192,ChAT,45,0.8,8.97781750111645
192,ple,45,0.0222222222222222,0.087368673961951
192,SerT,45,0.0222222222222222,0.0279173646007817
192,Tbh,45,0.0222222222222222,0.323310701584222
192,Hdc,45,0,0
193,GluClalpha,43,0.651162790697675,5.02933953032457
193,GluRIA,43,0.0465116279069768,0.0443934508110931
193,GluRIB,43,0.372093023255814,1.12079550181994
193,Nmdar1,43,0.604651162790698,2.44907807141187
193,Nmdar2,43,0.790697674418605,3.79270106274556
193,KaiR1D,43,0.488372093023256,1.53101067506239
193,clumsy,43,0,0
193,Ekar,43,0.0232558139534884,0.0524370100416874
193,mGluR,43,0.209302325581395,0.463190915341903
193,Rdl,43,1,18.9949523416463
193,Lcch3,43,0.0930232558139535,0.335494229173904
193,Grd,43,0.0697674418604651,0.200784034200631
193,GABA-B-R1,43,0.604651162790698,2.86166491020605
193,GABA-B-R2,43,0.418604651162791,1.04345251394448
193,GABA-B-R3,43,0.186046511627907,0.658134970206521
193,nAChRalpha1,43,0.72093023255814,4.92198321799988
193,nAChRalpha2,43,0.0930232558139535,0.228579976947788
193,nAChRalpha3,43,0.976744186046512,15.5477281460162
193,nAChRalpha4,43,0.976744186046512,21.6957260190504
193,nAChRalpha5,43,0.813953488372093,7.4863615366181
193,nAChRalpha6,43,0.813953488372093,9.86585709677019
193,nAChRalpha7,43,0.790697674418605,5.7787738531198
193,nAChRbeta1,43,0.953488372093023,12.9278623119013
193,nAChRbeta2,43,0.441860465116279,1.19756773913086
193,nAChRbeta3,43,0,0
193,mAChR-A,43,0.348837209302326,1.02062853890528
193,mAChR-B,43,0.116279069767442,0.210529032993083
193,mAChR-C,43,0,0
193,Dop1R1,43,0.302325581395349,0.720140354698573
193,Dop1R2,43,0.0465116279069768,0.0785874197189184
193,Dop2R,43,0.302325581395349,1.53121836154107
193,DopEcR,43,0.790697674418605,8.3538852213259
193,Oamb,43,0.13953488372093,0.28520031658845
193,Octalpha2R,43,0.27906976744186,1.07583819616977
193,Octbeta1R,43,0.930232558139535,29.6418166508962
193,Octbeta2R,43,0.930232558139535,15.4995339917087
193,Octbeta3R,43,0.976744186046512,21.9836835933019
193,5-HT1A,43,0.232558139534884,3.71104430428049
193,5-HT1B,43,0.0465116279069768,0.0814147790591611
193,5-HT2A,43,0.0930232558139535,0.317984992169562
193,5-HT2B,43,0.116279069767442,0.335625408319187
193,5-HT7,43,0.348837209302326,0.957466312380907
193,HisCl1,43,0,0
193,ort,43,0.116279069767442,0.973844320136987
193,VGlut,43,0.116279069767442,0.399052162376744
193,Gad1,43,0.116279069767442,0.184609028692055
193,ChAT,43,0.883720930232558,9.38754972819242
193,ple,43,0.0465116279069768,0.121897932721616
193,SerT,43,0,0
193,Tbh,43,0.837209302325582,9.07722780980493
193,Hdc,43,0.0232558139534884,0.0313209615535197
195,GluClalpha,40,1,24.0599503046378
195,GluRIA,40,0.125,0.540483250836291
195,GluRIB,40,0.35,1.96091462959234
195,Nmdar1,40,0.45,2.41888232832326
195,Nmdar2,40,0.875,7.40858784197045
195,KaiR1D,40,0.225,0.781181346774629
195,clumsy,40,0,0
195,Ekar,40,0.05,0.0677459794008997
195,mGluR,40,0.225,1.81416039835595
195,Rdl,40,1,46.6883340147934
195,Lcch3,40,0.25,0.903164050144888
195,Grd,40,0.025,0.0433651344319167
195,GABA-B-R1,40,0.65,3.97227465655611
195,GABA-B-R2,40,0.35,1.35488927790529
195,GABA-B-R3,40,0.175,0.645093923659134
195,nAChRalpha1,40,0.95,13.7717536497621
195,nAChRalpha2,40,0.15,0.349976418912048
195,nAChRalpha3,40,0.45,4.48017642971282
195,nAChRalpha4,40,0.925,14.8671922349298
195,nAChRalpha5,40,0.975,20.704261693946
195,nAChRalpha6,40,1,33.0532694410547
195,nAChRalpha7,40,0.85,10.0896440029237
195,nAChRbeta1,40,0.95,15.7639478510864
195,nAChRbeta2,40,0.25,1.07617917869335
195,nAChRbeta3,40,0,0
195,mAChR-A,40,0.5,2.46648391899447
195,mAChR-B,40,0.275,1.99220541752994
195,mAChR-C,40,0,0
195,Dop1R1,40,0.325,1.86302236511281
195,Dop1R2,40,0.475,4.0275741269522
195,Dop2R,40,0.55,3.21859946057934
195,DopEcR,40,0.7,4.087895278776
195,Oamb,40,0.825,11.7384539783071
195,Octalpha2R,40,0.075,0.865295319516105
195,Octbeta1R,40,0.625,4.04583318874128
195,Octbeta2R,40,0.875,11.4298932497599
195,Octbeta3R,40,0.925,13.7460128259195
195,5-HT1A,40,0.7,6.73745863603936
195,5-HT1B,40,0.25,0.980873999728051
195,5-HT2A,40,0.075,0.273397500119479
195,5-HT2B,40,0.175,0.636427068164341
195,5-HT7,40,0.075,0.609663671059226
195,HisCl1,40,0,0
195,ort,40,0,0
195,VGlut,40,0.025,0.0604741170778907
195,Gad1,40,0.025,0.0816326530612245
195,ChAT,40,0.675,4.68213592508945
195,ple,40,0.1,0.529667847050836
195,SerT,40,0,0
195,Tbh,40,0.125,0.597094506373577
195,Hdc,40,0,0
197,GluClalpha,32,0.96875,14.2592688410881
197,GluRIA,32,0.59375,1.10962009387624
197,GluRIB,32,0.875,4.61580262377964
197,Nmdar1,32,0.5,0.939147525323519
197,Nmdar2,32,0.9375,6.15703373426999
197,KaiR1D,32,0.78125,1.53476183247725
197,clumsy,32,0.0625,0.16518612224489
197,Ekar,32,0.0625,0.0649569587437532
197,mGluR,32,0.375,1.40413895789887
197,Rdl,32,1,38.5255767038838
197,Lcch3,32,0.25,0.471982736934368
197,Grd,32,0.0625,0.127358813723644
197,GABA-B-R1,32,0.71875,2.16573912326713
197,GABA-B-R2,32,0.8125,2.4358994837017
197,GABA-B-R3,32,0.5,2.28740494805514
197,nAChRalpha1,32,0.96875,8.46925278120948
197,nAChRalpha2,32,0.375,0.771062205777007
197,nAChRalpha3,32,0.84375,3.99870364203033
197,nAChRalpha4,32,1,11.6184813173644
197,nAChRalpha5,32,0.96875,18.7971389608269
197,nAChRalpha6,32,0.9375,25.5908749403955
197,nAChRalpha7,32,0.71875,4.67762177240787
197,nAChRbeta1,32,0.96875,8.60449204258518
197,nAChRbeta2,32,0.5,0.783378442645264
197,nAChRbeta3,32,0,0
197,mAChR-A,32,0.8125,10.0769992982898
197,mAChR-B,32,0.53125,3.8400957101988
197,mAChR-C,32,0,0
197,Dop1R1,32,0.5625,2.25576811621474
197,Dop1R2,32,0.53125,1.16656715040027
197,Dop2R,32,0.625,4.99164360792838
197,DopEcR,32,0.78125,1.93827393132529
197,Oamb,32,0.59375,2.5167787711669
197,Octalpha2R,32,0.71875,5.79427857920208
197,Octbeta1R,32,0.4375,1.64256237596169
197,Octbeta2R,32,0.5,0.894850811945623
197,Octbeta3R,32,0.71875,7.27883799960584
197,5-HT1A,32,0.75,6.7012634923471
197,5-HT1B,32,0.28125,0.508351677788932
197,5-HT2A,32,0.25,0.479826246827644
197,5-HT2B,32,0.4375,0.883670643557835
197,5-HT7,32,0.6875,3.28618555628603
197,HisCl1,32,0.09375,0.148062239409215
197,ort,32,0,0
197,VGlut,32,0.3125,1.38648540368416
197,Gad1,32,0.65625,4.7657094174947
197,ChAT,32,0.46875,1.24580839289375
197,ple,32,0.09375,0.0972065361260451
197,SerT,32,0,0
197,Tbh,32,0.15625,0.226309704523817
197,Hdc,32,0,0
