hl,tkey,true,pred,purity,cells
00A,#804362,gaba,gaba,1.0,1
00A,#807756,gaba,gaba,1.0,1
00A,AN00A002,gaba,gaba,1.0,1
00A,AN00A006,gaba,gaba,1.0,5
00A,AN00A009,gaba,gaba,1.0,1
00A,AVLP603,gaba,gaba,1.0,1
00A,AVLP605,gaba,gaba,1.0,1
00A,AVLP606,gaba,gaba,1.0,1
00A,AVLP607,gaba,gaba,1.0,1
00A,DNg55,gaba,gaba,1.0,1
00A,GNG003,gaba,gaba,1.0,1
00A,GNG004,gaba,gaba,1.0,1
00A,GNG005,gaba,gaba,1.0,1
00A,GNG007,gaba,gaba,1.0,1
00A,GNG008,gaba,gaba,1.0,1
00A,GNG009,gaba,gaba,1.0,2
00A,GNG295,gaba,gaba,1.0,1
00A,GNG296,gaba,gaba,1.0,1
00A,GNG299,gaba,gaba,1.0,1
00A,GNG337,gaba,gaba,1.0,1
00A,GNG340,gaba,gaba,1.0,1
00A,GNG342,gaba,gaba,1.0,2
00A,GNG343,gaba,gaba,1.0,2
00A,GNG344,gaba,gaba,1.0,1
00A,GNG345,gaba,gaba,1.0,4
00A,GNG346,gaba,gaba,1.0,1
00A,GNG347,gaba,gaba,1.0,1
00A,GNG348,gaba,gaba,1.0,1
00A,GNG349,gaba,gaba,1.0,1
00A,GNG601,gaba,gaba,1.0,2
00A,GNG602,gaba,gaba,1.0,2
00A,GNG603,gaba,gaba,1.0,2
00A,IN00A002,gaba,gaba,1.0,3
00A,IN00A003,gaba,gaba,1.0,1
00A,IN00A004,gaba,gaba,1.0,2
00A,IN00A005,gaba,gaba,1.0,1
00A,IN00A007,gaba,gaba,1.0,2
00A,IN00A008,gaba,gaba,1.0,1
00A,IN00A009,gaba,gaba,1.0,4
00A,IN00A010,gaba,gaba,1.0,2
00A,IN00A011,gaba,gaba,1.0,6
00A,IN00A012,gaba,gaba,1.0,2
00A,IN00A013,gaba,gaba,1.0,1
00A,IN00A014,gaba,gaba,1.0,3
00A,IN00A016,gaba,gaba,1.0,2
00A,IN00A018,gaba,gaba,1.0,2
00A,IN00A019,gaba,gaba,1.0,3
00A,IN00A020,gaba,gaba,1.0,3
00A,IN00A021,gaba,gaba,1.0,3
00A,IN00A022,gaba,gaba,1.0,4
00A,IN00A024,gaba,gaba,1.0,6
00A,IN00A025,gaba,gaba,1.0,4
00A,IN00A026,gaba,gaba,1.0,6
00A,IN00A027,gaba,gaba,1.0,4
00A,IN00A028,gaba,gaba,1.0,3
00A,IN00A029,gaba,gaba,1.0,4
00A,IN00A030,gaba,gaba,1.0,5
00A,IN00A031,gaba,gaba,1.0,9
00A,IN00A032,gaba,gaba,1.0,2
00A,IN00A033,gaba,gaba,1.0,5
00A,IN00A034,gaba,gaba,1.0,2
00A,IN00A035,gaba,gaba,1.0,3
00A,IN00A036,gaba,gaba,1.0,4
00A,IN00A037,gaba,gaba,1.0,1
00A,IN00A038,gaba,gaba,1.0,4
00A,IN00A039,gaba,gaba,1.0,2
00A,IN00A040,gaba,gaba,1.0,5
00A,IN00A041,gaba,gaba,1.0,3
00A,IN00A042,gaba,gaba,1.0,2
00A,IN00A043,gaba,gaba,1.0,4
00A,IN00A044,gaba,gaba,1.0,1
00A,IN00A045,gaba,gaba,1.0,6
00A,IN00A047,gaba,gaba,1.0,5
00A,IN00A048,gaba,gaba,1.0,5
00A,IN00A049,gaba,gaba,1.0,3
00A,IN00A050,gaba,gaba,1.0,3
00A,IN00A051,gaba,gaba,1.0,4
00A,IN00A052,gaba,gaba,1.0,2
00A,IN00A053,gaba,gaba,1.0,4
00A,IN00A054,gaba,gaba,1.0,6
00A,IN00A055,gaba,gaba,1.0,1
00A,IN00A056,gaba,gaba,1.0,7
00A,IN00A057,gaba,gaba,1.0,11
00A,IN00A058,gaba,gaba,1.0,2
00A,IN00A059,gaba,gaba,1.0,2
00A,IN00A060,gaba,gaba,1.0,2
00A,IN00A061,gaba,gaba,1.0,2
00A,IN00A062,gaba,gaba,1.0,3
00A,IN00A063,gaba,gaba,1.0,7
00A,IN00A064,gaba,gaba,1.0,1
00A,IN00A065,gaba,gaba,1.0,4
00A,IN00A066,gaba,gaba,1.0,2
00A,IN00A067,gaba,gaba,1.0,3
00A,IN00A068,gaba,gaba,1.0,1
00A,IN00A069,gaba,gaba,1.0,1
00A,IN00A070,gaba,gaba,1.0,1
00A,SAD091,gaba,gaba,1.0,1
00A,SAD092,gaba,gaba,1.0,1
00A,SAD096,gaba,gaba,1.0,1
00A,SAD098,gaba,gaba,1.0,2
00A,SAD099,gaba,gaba,1.0,2
00A,SAD100,gaba,gaba,1.0,2
00A,SAD101,gaba,gaba,1.0,2
00A,SAD103,gaba,gaba,1.0,1
00A,SAD109,gaba,gaba,1.0,1
00A,WED185,gaba,gaba,1.0,1
00A,WED187,gaba,gaba,1.0,2
00A,WED188,gaba,gaba,1.0,1
00A,WED189,gaba,gaba,1.0,1
00A,WED190,gaba,gaba,1.0,1
00A,WED191,gaba,gaba,1.0,2
00A,WED196,gaba,gaba,1.0,1
00A,vPR9_a,gaba,gaba,1.0,4
00A,vPR9_b,gaba,gaba,1.0,2
00A,vPR9_c,gaba,gaba,1.0,3
01A,AN01A006,acetylcholine,acetylcholine,1.0,2
01A,AN01A014,acetylcholine,acetylcholine,1.0,2
01A,AN01A021,acetylcholine,acetylcholine,1.0,2
01A,AN01A033,acetylcholine,acetylcholine,1.0,2
01A,AN01A049,acetylcholine,acetylcholine,1.0,2
01A,AN01A055,acetylcholine,acetylcholine,1.0,2
01A,AN01A086,acetylcholine,acetylcholine,1.0,2
01A,AN01A089,acetylcholine,acetylcholine,1.0,2
01A,IN01A002,acetylcholine,acetylcholine,1.0,2
01A,IN01A005,acetylcholine,acetylcholine,1.0,4
01A,IN01A007,acetylcholine,acetylcholine,1.0,4
01A,IN01A008,acetylcholine,acetylcholine,1.0,2
01A,IN01A009,acetylcholine,acetylcholine,1.0,4
01A,IN01A010,acetylcholine,acetylcholine,1.0,4
01A,IN01A011,acetylcholine,acetylcholine,1.0,6
01A,IN01A012,acetylcholine,acetylcholine,1.0,6
01A,IN01A015,acetylcholine,acetylcholine,1.0,6
01A,IN01A016,acetylcholine,acetylcholine,1.0,2
01A,IN01A017,acetylcholine,acetylcholine,1.0,2
01A,IN01A018,acetylcholine,acetylcholine,1.0,2
01A,IN01A020,acetylcholine,acetylcholine,1.0,2
01A,IN01A022,acetylcholine,acetylcholine,1.0,2
01A,IN01A023,acetylcholine,acetylcholine,1.0,4
01A,IN01A024,acetylcholine,acetylcholine,1.0,2
01A,IN01A025,acetylcholine,acetylcholine,1.0,6
01A,IN01A026,acetylcholine,acetylcholine,1.0,2
01A,IN01A027,acetylcholine,acetylcholine,1.0,2
01A,IN01A028,acetylcholine,acetylcholine,1.0,2
01A,IN01A029,acetylcholine,acetylcholine,1.0,2
01A,IN01A030,acetylcholine,acetylcholine,1.0,4
01A,IN01A031,acetylcholine,acetylcholine,1.0,6
01A,IN01A032,acetylcholine,acetylcholine,1.0,6
01A,IN01A034,acetylcholine,acetylcholine,1.0,4
01A,IN01A035,acetylcholine,acetylcholine,1.0,6
01A,IN01A036,acetylcholine,acetylcholine,1.0,6
01A,IN01A037,acetylcholine,acetylcholine,1.0,2
01A,IN01A038,acetylcholine,acetylcholine,1.0,12
01A,IN01A039,acetylcholine,acetylcholine,1.0,6
01A,IN01A040,acetylcholine,acetylcholine,1.0,8
01A,IN01A041,acetylcholine,acetylcholine,1.0,6
01A,IN01A042,acetylcholine,acetylcholine,1.0,4
01A,IN01A043,acetylcholine,acetylcholine,1.0,4
01A,IN01A044,acetylcholine,acetylcholine,1.0,2
01A,IN01A045,acetylcholine,acetylcholine,1.0,12
01A,IN01A046,acetylcholine,acetylcholine,1.0,2
01A,IN01A047,acetylcholine,acetylcholine,1.0,4
01A,IN01A048,acetylcholine,acetylcholine,1.0,6
01A,IN01A050,acetylcholine,acetylcholine,1.0,10
01A,IN01A051,acetylcholine,acetylcholine,1.0,4
01A,IN01A052_a,acetylcholine,acetylcholine,1.0,2
01A,IN01A052_b,acetylcholine,acetylcholine,1.0,2
01A,IN01A053,acetylcholine,acetylcholine,1.0,4
01A,IN01A054,acetylcholine,acetylcholine,1.0,7
01A,IN01A056,acetylcholine,acetylcholine,1.0,4
01A,IN01A057,acetylcholine,acetylcholine,1.0,2
01A,IN01A058,acetylcholine,acetylcholine,1.0,6
01A,IN01A059,acetylcholine,acetylcholine,1.0,8
01A,IN01A060,acetylcholine,acetylcholine,1.0,2
01A,IN01A061,acetylcholine,acetylcholine,1.0,8
01A,IN01A062_a,acetylcholine,acetylcholine,1.0,4
01A,IN01A062_b,acetylcholine,acetylcholine,1.0,2
01A,IN01A062_c,acetylcholine,acetylcholine,1.0,6
01A,IN01A063_a,acetylcholine,acetylcholine,1.0,2
01A,IN01A063_b,acetylcholine,acetylcholine,1.0,3
01A,IN01A063_c,acetylcholine,acetylcholine,1.0,2
01A,IN01A064,acetylcholine,acetylcholine,1.0,4
01A,IN01A065,acetylcholine,acetylcholine,1.0,4
01A,IN01A066,acetylcholine,acetylcholine,1.0,6
01A,IN01A067,acetylcholine,acetylcholine,1.0,4
01A,IN01A068,acetylcholine,acetylcholine,1.0,4
01A,IN01A069,acetylcholine,acetylcholine,1.0,6
01A,IN01A070,acetylcholine,acetylcholine,1.0,9
01A,IN01A071,acetylcholine,acetylcholine,1.0,6
01A,IN01A072,acetylcholine,acetylcholine,1.0,2
01A,IN01A073,acetylcholine,acetylcholine,1.0,9
01A,IN01A074,acetylcholine,acetylcholine,1.0,4
01A,IN01A075,acetylcholine,acetylcholine,1.0,4
01A,IN01A076,acetylcholine,acetylcholine,1.0,8
01A,IN01A077,acetylcholine,acetylcholine,1.0,6
01A,IN01A078,acetylcholine,acetylcholine,1.0,6
01A,IN01A079,acetylcholine,acetylcholine,1.0,10
01A,IN01A080_a,acetylcholine,acetylcholine,1.0,2
01A,IN01A080_b,acetylcholine,acetylcholine,1.0,2
01A,IN01A080_c,acetylcholine,acetylcholine,1.0,2
01A,IN01A081,acetylcholine,acetylcholine,1.0,6
01A,IN01A082,acetylcholine,acetylcholine,1.0,11
01A,IN01A083_a,acetylcholine,acetylcholine,1.0,2
01A,IN01A083_b,acetylcholine,acetylcholine,1.0,4
01A,IN01A084,acetylcholine,acetylcholine,1.0,2
01A,IN01A085,acetylcholine,acetylcholine,1.0,2
01A,IN01A087_a,acetylcholine,acetylcholine,1.0,2
01A,IN01A087_b,acetylcholine,acetylcholine,1.0,2
01A,IN01A088,acetylcholine,acetylcholine,1.0,7
01A,IN01A089,acetylcholine,acetylcholine,1.0,1
01B,#816198,gaba,gaba,0.9878787878787879,1
01B,#817931,gaba,gaba,0.9878787878787879,1
01B,#819276,gaba,gaba,0.9878787878787879,1
01B,#914764,gaba,gaba,0.9878787878787879,1
01B,AN01B002,gaba,gaba,0.9877551020408163,6
01B,AN01B004,acetylcholine,gaba,1.0,6
01B,AN01B005,gaba,gaba,0.9877551020408163,6
01B,AN01B011,gaba,gaba,0.9877551020408163,6
01B,AN01B014,gaba,gaba,0.9878542510121457,2
01B,AN01B018,gaba,gaba,0.9878542510121457,2
01B,IN01B001,gaba,gaba,0.9878542510121457,2
01B,IN01B002,gaba,gaba,0.9877551020408163,6
01B,IN01B003,gaba,gaba,0.9877551020408163,6
01B,IN01B006,gaba,gaba,0.9877551020408163,6
01B,IN01B007,gaba,gaba,0.9877551020408163,6
01B,IN01B008,gaba,gaba,0.9877551020408163,6
01B,IN01B010,gaba,gaba,0.9877551020408163,6
01B,IN01B012,gaba,gaba,0.9877551020408163,6
01B,IN01B014,gaba,gaba,0.9878048780487805,4
01B,IN01B015,gaba,gaba,0.9878542510121457,2
01B,IN01B016,gaba,gaba,0.9878048780487805,4
01B,IN01B017,gaba,gaba,0.9878048780487805,4
01B,IN01B019_a,gaba,gaba,0.9878296146044625,3
01B,IN01B019_b,gaba,gaba,0.9878542510121457,2
01B,IN01B020,gaba,gaba,0.9876796714579056,9
01B,IN01B021,gaba,gaba,0.9877800407331976,5
01B,IN01B022,gaba,gaba,0.9877551020408163,6
01B,IN01B023_a,gaba,gaba,0.9878542510121457,2
01B,IN01B023_b,gaba,gaba,0.9878542510121457,2
01B,IN01B023_c,gaba,gaba,0.9878542510121457,2
01B,IN01B023_d,gaba,gaba,0.9878542510121457,2
01B,IN01B024,gaba,gaba,0.9878048780487805,4
01B,IN01B025,gaba,gaba,0.9877551020408163,6
01B,IN01B026,gaba,gaba,0.9877049180327869,8
01B,IN01B027_a,gaba,gaba,0.9878048780487805,4
01B,IN01B027_b,gaba,gaba,0.9878048780487805,4
01B,IN01B027_c,gaba,gaba,0.9878542510121457,2
01B,IN01B027_d,gaba,gaba,0.9878542510121457,2
01B,IN01B027_e,gaba,gaba,0.9878542510121457,2
01B,IN01B027_f,gaba,gaba,0.9878542510121457,2
01B,IN01B029,gaba,gaba,0.9878542510121457,2
01B,IN01B030,gaba,gaba,0.9878542510121457,2
01B,IN01B031_a,gaba,gaba,0.9878542510121457,2
01B,IN01B031_b,gaba,gaba,0.9878542510121457,2
01B,IN01B032,gaba,gaba,0.9878542510121457,2
01B,IN01B033,gaba,gaba,0.9877049180327869,8
01B,IN01B034,gaba,gaba,0.9878296146044625,3
01B,IN01B035,gaba,gaba,0.9878542510121457,2
01B,IN01B036,gaba,gaba,0.9878542510121457,2
01B,IN01B037_a,gaba,gaba,0.9878542510121457,2
01B,IN01B037_b,gaba,gaba,0.9878296146044625,3
01B,"IN01B038,IN01B056",gaba,gaba,0.9878048780487805,4
01B,IN01B039,gaba,gaba,0.9878048780487805,4
01B,IN01B040,gaba,gaba,0.9878296146044625,3
01B,IN01B041,gaba,gaba,0.9878048780487805,4
01B,IN01B042,gaba,gaba,0.9877049180327869,8
01B,IN01B043,gaba,gaba,0.9878296146044625,3
01B,IN01B044_a,gaba,gaba,0.9878542510121457,2
01B,IN01B044_b,gaba,gaba,0.9878542510121457,2
01B,IN01B045,gaba,gaba,0.9878542510121457,2
01B,IN01B046_a,gaba,gaba,0.9878048780487805,4
01B,IN01B046_b,gaba,gaba,0.9878048780487805,4
01B,IN01B047,gaba,gaba,0.9878542510121457,2
01B,IN01B048_a,gaba,gaba,0.9878542510121457,2
01B,IN01B048_b,gaba,gaba,0.9878542510121457,2
01B,IN01B049,gaba,gaba,0.9877551020408163,6
01B,IN01B050_a,gaba,gaba,0.9878542510121457,2
01B,IN01B050_b,gaba,gaba,0.9878542510121457,2
01B,IN01B051_a,gaba,gaba,0.9878542510121457,2
01B,IN01B051_b,gaba,gaba,0.9878542510121457,2
01B,IN01B052,gaba,gaba,0.9877551020408163,6
01B,IN01B053,gaba,gaba,0.9877800407331976,5
01B,IN01B054,gaba,gaba,0.9877800407331976,5
01B,IN01B055,gaba,gaba,0.9878542510121457,2
01B,IN01B056,gaba,gaba,0.9878048780487805,4
01B,IN01B057,gaba,gaba,0.9878542510121457,2
01B,IN01B059_a,gaba,gaba,0.9878542510121457,2
01B,IN01B059_b,gaba,gaba,0.9878048780487805,4
01B,IN01B060,gaba,gaba,0.9878048780487805,4
01B,IN01B061,gaba,gaba,0.9877300613496932,7
01B,IN01B062,gaba,gaba,0.9878048780487805,4
01B,IN01B063,gaba,gaba,0.9878542510121457,2
01B,IN01B064,gaba,gaba,0.9878048780487805,4
01B,IN01B065,gaba,gaba,0.9873949579831933,20
01B,IN01B066,gaba,gaba,0.9878542510121457,2
01B,IN01B067,gaba,gaba,0.9877551020408163,6
01B,IN01B068,gaba,gaba,0.9878542510121457,2
01B,IN01B069_a,gaba,gaba,0.9878542510121457,2
01B,IN01B069_b,gaba,gaba,0.9878296146044625,3
01B,IN01B070,gaba,gaba,0.9878542510121457,2
01B,IN01B072,gaba,gaba,0.9878542510121457,2
01B,IN01B073,gaba,gaba,0.9877300613496932,7
01B,IN01B074,gaba,gaba,0.9877300613496932,7
01B,IN01B075,gaba,gaba,0.9878296146044625,3
01B,IN01B077_a,gaba,gaba,0.9878542510121457,2
01B,IN01B077_b,gaba,gaba,0.9878542510121457,2
01B,IN01B078,gaba,gaba,0.9877800407331976,5
01B,IN01B079,gaba,gaba,0.9877800407331976,5
01B,IN01B080,gaba,gaba,0.9875,16
01B,IN01B081,gaba,gaba,0.9877800407331976,5
01B,IN01B082,gaba,gaba,0.9877049180327869,8
01B,IN01B083_a,gaba,gaba,0.9878542510121457,2
01B,IN01B083_b,gaba,gaba,0.9878542510121457,2
01B,IN01B083_c,gaba,gaba,0.9878048780487805,4
01B,IN01B084,gaba,gaba,0.9877049180327869,8
01B,IN01B085,gaba,gaba,0.9878542510121457,2
01B,IN01B086,gaba,gaba,0.9878542510121457,2
01B,IN01B087,gaba,gaba,0.9878542510121457,2
01B,IN01B090,gaba,gaba,0.9874739039665971,17
01B,IN01B091,gaba,gaba,0.9878296146044625,3
01B,IN01B092,gaba,gaba,0.9878296146044625,3
01B,IN01B093,gaba,gaba,0.9878542510121457,2
01B,IN01B094,gaba,gaba,0.9878542510121457,2
01B,IN01B095,gaba,gaba,0.9870967741935484,31
01B,IN01B097,gaba,gaba,0.9877800407331976,5
01B,IN01B098,gaba,gaba,0.9878048780487805,4
01B,IN01B099,gaba,gaba,0.9878048780487805,4
01B,IN01B100,gaba,gaba,0.9878048780487805,4
01B,IN01B101,gaba,gaba,0.9878787878787879,1
01B,IN01B102,gaba,gaba,0.9878787878787879,1
02A,#818637,glutamate,glutamate,0.9803921568627451,1
02A,AN02A001,glutamate,glutamate,0.980327868852459,2
02A,AN02A002,glutamate,glutamate,0.980327868852459,2
02A,AN02A005,glutamate,glutamate,0.980327868852459,2
02A,AN02A009,glutamate,glutamate,0.980327868852459,2
02A,AN02A016,glutamate,glutamate,0.980327868852459,2
02A,AN02A017,glutamate,glutamate,0.980327868852459,2
02A,AN02A022,glutamate,glutamate,0.980327868852459,2
02A,AN02A025,glutamate,glutamate,0.980327868852459,2
02A,AN02A046,glutamate,glutamate,0.980327868852459,2
02A,IN02A003,glutamate,glutamate,0.9801980198019802,4
02A,IN02A004,glutamate,glutamate,0.980327868852459,2
02A,IN02A007,glutamate,glutamate,0.9801980198019802,4
02A,IN02A008,glutamate,glutamate,0.980327868852459,2
02A,IN02A010,glutamate,glutamate,0.9800664451827242,6
02A,IN02A011,glutamate,glutamate,0.980327868852459,2
02A,IN02A012,glutamate,glutamate,0.9801980198019802,4
02A,IN02A013,glutamate,glutamate,0.980327868852459,2
02A,IN02A014,glutamate,glutamate,0.980327868852459,2
02A,IN02A015,acetylcholine,glutamate,1.0,6
02A,IN02A018,glutamate,glutamate,0.980327868852459,2
02A,IN02A019,glutamate,glutamate,0.9801980198019802,4
02A,IN02A020,glutamate,glutamate,0.9800664451827242,6
02A,IN02A021,glutamate,glutamate,0.980327868852459,2
02A,IN02A023,glutamate,glutamate,0.979933110367893,8
02A,IN02A024,glutamate,glutamate,0.980327868852459,2
02A,IN02A026,glutamate,glutamate,0.980327868852459,2
02A,IN02A028,glutamate,glutamate,0.980327868852459,2
02A,IN02A029,glutamate,glutamate,0.979381443298969,16
02A,IN02A030,glutamate,glutamate,0.9795221843003413,14
02A,IN02A031,glutamate,glutamate,0.980327868852459,2
02A,IN02A032,glutamate,glutamate,0.980327868852459,2
02A,IN02A033,glutamate,glutamate,0.9796610169491525,12
02A,IN02A034,glutamate,glutamate,0.9801980198019802,4
02A,IN02A035,glutamate,glutamate,0.9801980198019802,4
02A,IN02A036,glutamate,glutamate,0.9801980198019802,4
02A,IN02A037,glutamate,glutamate,0.980327868852459,2
02A,IN02A038,glutamate,glutamate,0.9801980198019802,4
02A,IN02A040,glutamate,glutamate,0.9801980198019802,4
02A,IN02A041,glutamate,glutamate,0.980327868852459,2
02A,IN02A042,glutamate,glutamate,0.9801980198019802,4
02A,IN02A043,glutamate,glutamate,0.9800664451827242,6
02A,IN02A044,glutamate,glutamate,0.9797979797979798,10
02A,IN02A045,glutamate,glutamate,0.9800664451827242,6
02A,IN02A047,glutamate,glutamate,0.979933110367893,8
02A,IN02A048,glutamate,glutamate,0.9800664451827242,6
02A,IN02A049,glutamate,glutamate,0.9798657718120806,9
02A,IN02A050,glutamate,glutamate,0.9801980198019802,4
02A,IN02A051,glutamate,glutamate,0.980327868852459,2
02A,IN02A052,glutamate,glutamate,0.9800664451827242,6
02A,IN02A053,glutamate,glutamate,0.980327868852459,2
02A,IN02A054,glutamate,glutamate,0.9795221843003413,14
02A,IN02A055,glutamate,glutamate,0.9801324503311258,5
02A,IN02A056_a,glutamate,glutamate,0.9801980198019802,4
02A,IN02A056_b,glutamate,glutamate,0.980327868852459,2
02A,IN02A056_c,glutamate,glutamate,0.980327868852459,2
02A,IN02A057,glutamate,glutamate,0.9800664451827242,6
02A,IN02A058,glutamate,glutamate,0.979933110367893,8
02A,IN02A059,glutamate,glutamate,0.9796610169491525,12
02A,IN02A060,glutamate,glutamate,0.9801980198019802,4
02A,IN02A061,glutamate,glutamate,0.980327868852459,2
02A,IN02A062,glutamate,glutamate,0.979933110367893,8
02A,IN02A063,glutamate,glutamate,0.9801980198019802,4
02A,IN02A064,glutamate,glutamate,0.9800664451827242,6
02A,IN02A065,glutamate,glutamate,0.980327868852459,2
02A,IN02A066,glutamate,glutamate,0.9797297297297297,11
02A,IN02A067,glutamate,glutamate,0.9802631578947368,3
02A_put2,ExR4,glutamate,glutamate,1.0,2
02A_put2,ExR6,glutamate,glutamate,1.0,2
02A_put2,FB1A,glutamate,glutamate,1.0,4
02A_put2,FB1B,glutamate,glutamate,1.0,4
02A_put2,FB1F,glutamate,glutamate,1.0,2
02A_put2,FB1I,glutamate,glutamate,1.0,2
02A_put2,FB1J,glutamate,glutamate,1.0,2
02A_put2,FB2C,glutamate,glutamate,1.0,5
02A_put2,FB2D,glutamate,glutamate,1.0,6
02A_put2,FB2K,glutamate,glutamate,1.0,9
02A_put2,FB2L,glutamate,glutamate,1.0,4
02A_put2,FB3A,glutamate,glutamate,1.0,4
02A_put2,FB3D,glutamate,glutamate,1.0,1
02A_put2,FB4A_a,glutamate,glutamate,1.0,6
02A_put2,FB4A_b,glutamate,glutamate,1.0,2
02A_put2,FB4B,glutamate,glutamate,1.0,2
02A_put2,FB4C,glutamate,glutamate,1.0,2
02A_put2,FB4D_a,glutamate,glutamate,1.0,2
02A_put2,FB4D_b,glutamate,glutamate,1.0,2
02A_put2,FB4D_c,glutamate,glutamate,1.0,2
02A_put2,FB4E_a,glutamate,glutamate,1.0,5
02A_put2,FB4E_b,glutamate,glutamate,1.0,4
02A_put2,FB4E_c,glutamate,glutamate,1.0,2
02A_put2,FB4F_a,glutamate,glutamate,1.0,4
02A_put2,FB4F_b,glutamate,glutamate,1.0,2
02A_put2,FB4F_c,glutamate,glutamate,1.0,6
02A_put2,FB4G,glutamate,glutamate,1.0,2
02A_put2,FB4H,glutamate,glutamate,1.0,2
02A_put2,FB4I,glutamate,glutamate,1.0,2
02A_put2,FB4J,glutamate,glutamate,1.0,2
02A_put2,FB5J,glutamate,glutamate,1.0,2
02A_put2,FB5K,glutamate,glutamate,1.0,2
02A_put2,FB5L,glutamate,glutamate,1.0,2
02A_put2,FB5M,glutamate,glutamate,1.0,2
02A_put2,FB5N,glutamate,glutamate,1.0,4
02A_put2,FB5W_a,glutamate,glutamate,1.0,6
02A_put2,FB5W_b,glutamate,glutamate,1.0,3
02A_put2,FB6N,glutamate,glutamate,1.0,2
02A_put2,FB6O,glutamate,glutamate,1.0,2
02A_put2,FB6P,glutamate,glutamate,1.0,2
02A_put2,FB7H,glutamate,glutamate,1.0,2
02A_put2,LCNOp,glutamate,glutamate,1.0,2
02A_put2,LCNOpm,glutamate,glutamate,1.0,2
02A_put2,LNO2,glutamate,glutamate,1.0,2
02A_put2,LNOa,glutamate,glutamate,1.0,2
02A_put2,SA1_a,glutamate,glutamate,1.0,3
02A_put2,SA1_b,glutamate,glutamate,1.0,5
02A_put2,SA1_c,glutamate,glutamate,1.0,1
02A_put2,SA2_a,glutamate,glutamate,1.0,3
02A_put2,SA2_b,glutamate,glutamate,1.0,4
02A_put2,SA2_c,glutamate,glutamate,1.0,2
02A_put2,SA3,glutamate,glutamate,1.0,8
02A_put2,SAF,glutamate,glutamate,1.0,8
03A,#904287,acetylcholine,acetylcholine,1.0,1
03A,AN03A002,acetylcholine,acetylcholine,1.0,2
03A,AN03A008,acetylcholine,acetylcholine,1.0,2
03A,IN03A001,acetylcholine,acetylcholine,1.0,4
03A,IN03A003,acetylcholine,acetylcholine,1.0,2
03A,IN03A004,acetylcholine,acetylcholine,1.0,6
03A,IN03A005,acetylcholine,acetylcholine,1.0,2
03A,IN03A006,acetylcholine,acetylcholine,1.0,6
03A,IN03A007,acetylcholine,acetylcholine,1.0,6
03A,IN03A009,acetylcholine,acetylcholine,1.0,4
03A,IN03A010,acetylcholine,acetylcholine,1.0,6
03A,IN03A011,acetylcholine,acetylcholine,1.0,2
03A,IN03A012,acetylcholine,acetylcholine,1.0,2
03A,IN03A013,acetylcholine,acetylcholine,1.0,4
03A,IN03A014,acetylcholine,acetylcholine,1.0,6
03A,IN03A015,acetylcholine,acetylcholine,1.0,2
03A,IN03A017,acetylcholine,acetylcholine,1.0,4
03A,IN03A018,acetylcholine,acetylcholine,1.0,3
03A,IN03A019,acetylcholine,acetylcholine,1.0,6
03A,IN03A020,acetylcholine,acetylcholine,1.0,6
03A,IN03A021,acetylcholine,acetylcholine,1.0,1
03A,IN03A022,acetylcholine,acetylcholine,1.0,4
03A,IN03A023,acetylcholine,acetylcholine,1.0,2
03A,IN03A024,acetylcholine,acetylcholine,1.0,4
03A,IN03A025,acetylcholine,acetylcholine,1.0,2
03A,IN03A026_a,acetylcholine,acetylcholine,1.0,2
03A,IN03A026_b,acetylcholine,acetylcholine,1.0,2
03A,IN03A026_c,acetylcholine,acetylcholine,1.0,4
03A,IN03A026_d,acetylcholine,acetylcholine,1.0,2
03A,IN03A027,acetylcholine,acetylcholine,1.0,6
03A,IN03A028,acetylcholine,acetylcholine,1.0,3
03A,IN03A029,acetylcholine,acetylcholine,1.0,6
03A,IN03A030,acetylcholine,acetylcholine,1.0,11
03A,IN03A031,acetylcholine,acetylcholine,1.0,10
03A,IN03A032,acetylcholine,acetylcholine,1.0,4
03A,IN03A033,acetylcholine,acetylcholine,1.0,8
03A,IN03A034,acetylcholine,acetylcholine,1.0,4
03A,IN03A035,acetylcholine,acetylcholine,1.0,4
03A,IN03A036,acetylcholine,acetylcholine,1.0,7
03A,IN03A037,acetylcholine,acetylcholine,1.0,10
03A,IN03A038,acetylcholine,acetylcholine,1.0,4
03A,IN03A039,acetylcholine,acetylcholine,1.0,11
03A,IN03A040,acetylcholine,acetylcholine,1.0,6
03A,IN03A041,acetylcholine,acetylcholine,1.0,4
03A,IN03A042,acetylcholine,acetylcholine,1.0,2
03A,IN03A043,acetylcholine,acetylcholine,1.0,2
03A,IN03A044,acetylcholine,acetylcholine,1.0,5
03A,IN03A045,acetylcholine,acetylcholine,1.0,15
03A,IN03A046,acetylcholine,acetylcholine,1.0,14
03A,IN03A047,acetylcholine,acetylcholine,1.0,6
03A,IN03A048,acetylcholine,acetylcholine,1.0,3
03A,IN03A049,acetylcholine,acetylcholine,1.0,2
03A,IN03A050,acetylcholine,acetylcholine,1.0,2
03A,IN03A051,acetylcholine,acetylcholine,1.0,10
03A,IN03A052,acetylcholine,acetylcholine,1.0,10
03A,IN03A053,acetylcholine,acetylcholine,1.0,6
03A,IN03A054,acetylcholine,acetylcholine,1.0,6
03A,IN03A055,acetylcholine,acetylcholine,1.0,11
03A,IN03A056,acetylcholine,acetylcholine,1.0,1
03A,IN03A057,acetylcholine,acetylcholine,1.0,6
03A,IN03A058,acetylcholine,acetylcholine,1.0,5
03A,IN03A059,acetylcholine,acetylcholine,1.0,10
03A,IN03A060,acetylcholine,acetylcholine,1.0,9
03A,IN03A061,acetylcholine,acetylcholine,1.0,1
03A,IN03A062_a,acetylcholine,acetylcholine,1.0,2
03A,IN03A062_b,acetylcholine,acetylcholine,1.0,4
03A,IN03A062_c,acetylcholine,acetylcholine,1.0,4
03A,IN03A062_d,acetylcholine,acetylcholine,1.0,2
03A,IN03A062_e,acetylcholine,acetylcholine,1.0,7
03A,IN03A062_f,acetylcholine,acetylcholine,1.0,2
03A,IN03A062_g,acetylcholine,acetylcholine,1.0,1
03A,IN03A062_h,acetylcholine,acetylcholine,1.0,2
03A,IN03A063,acetylcholine,acetylcholine,1.0,2
03A,IN03A064,acetylcholine,acetylcholine,1.0,10
03A,IN03A065,acetylcholine,acetylcholine,1.0,7
03A,IN03A066,acetylcholine,acetylcholine,1.0,9
03A,IN03A067,acetylcholine,acetylcholine,1.0,13
03A,IN03A068,acetylcholine,acetylcholine,1.0,11
03A,IN03A069,acetylcholine,acetylcholine,1.0,9
03A,IN03A070,acetylcholine,acetylcholine,1.0,4
03A,IN03A071,acetylcholine,acetylcholine,1.0,19
03A,IN03A072,acetylcholine,acetylcholine,1.0,2
03A,IN03A073,acetylcholine,acetylcholine,1.0,11
03A,IN03A074,acetylcholine,acetylcholine,1.0,2
03A,IN03A075,acetylcholine,acetylcholine,1.0,11
03A,IN03A076,acetylcholine,acetylcholine,1.0,2
03A,IN03A077,acetylcholine,acetylcholine,1.0,8
03A,IN03A078,acetylcholine,acetylcholine,1.0,5
03A,IN03A079,acetylcholine,acetylcholine,1.0,2
03A,IN03A080,acetylcholine,acetylcholine,1.0,4
03A,IN03A081,acetylcholine,acetylcholine,1.0,8
03A,IN03A082,acetylcholine,acetylcholine,1.0,4
03A,IN03A083,acetylcholine,acetylcholine,1.0,3
03A,IN03A084,acetylcholine,acetylcholine,1.0,6
03A,IN03A085,acetylcholine,acetylcholine,1.0,6
03A,IN03A087,acetylcholine,acetylcholine,1.0,5
03A,"IN03A087,IN03A092",acetylcholine,acetylcholine,1.0,4
03A,IN03A088,acetylcholine,acetylcholine,1.0,4
03A,IN03A089,acetylcholine,acetylcholine,1.0,10
03A,IN03A090,acetylcholine,acetylcholine,1.0,2
03A,IN03A091,acetylcholine,acetylcholine,1.0,8
03A,IN03A092,acetylcholine,acetylcholine,1.0,6
03A,IN03A093,acetylcholine,acetylcholine,1.0,7
03A,IN03A094,acetylcholine,acetylcholine,1.0,14
03A,IN03A095,acetylcholine,acetylcholine,1.0,2
03A,IN03A096,acetylcholine,acetylcholine,1.0,4
03A,IN03A097,acetylcholine,acetylcholine,1.0,5
03A_put1,AMMC005,glutamate,glutamate,0.9895833333333334,12
03A_put1,AMMC006,glutamate,glutamate,0.9897959183673469,8
03A_put1,AMMC007,glutamate,glutamate,0.9897435897435898,9
03A_put1,AMMC008,glutamate,glutamate,0.9900990099009901,2
03A_put1,AMMC011,acetylcholine,glutamate,1.0,2
03A_put1,CB0228,glutamate,glutamate,0.9900990099009901,2
03A_put1,CB0374,glutamate,glutamate,0.9900990099009901,2
03A_put1,CB0432,glutamate,glutamate,0.9900990099009901,2
03A_put1,CB0517,glutamate,glutamate,0.9900990099009901,2
03A_put1,CB0530,glutamate,glutamate,0.9900990099009901,2
03A_put1,CB1023,glutamate,glutamate,0.9897435897435898,9
03A_put1,CB1094,glutamate,glutamate,0.9896907216494846,10
03A_put1,CB1786_a,glutamate,glutamate,0.9894179894179894,15
03A_put1,GNG251,glutamate,glutamate,0.9900990099009901,2
03A_put1,GNG272,glutamate,glutamate,0.9900990099009901,2
03A_put1,GNG308,glutamate,glutamate,0.9900990099009901,2
03A_put1,GNG312,glutamate,glutamate,0.9900990099009901,2
03A_put1,GNG325,glutamate,glutamate,0.9900990099009901,2
03A_put1,GNG326,glutamate,glutamate,0.98989898989899,6
03A_put1,GNG330,glutamate,glutamate,0.99,4
03A_put1,GNG376,glutamate,glutamate,0.9899497487437185,5
03A_put1,GNG382,glutamate,glutamate,0.9899497487437185,5
03A_put1,GNG411,glutamate,glutamate,0.9899497487437185,5
03A_put1,GNG413,glutamate,glutamate,0.9899497487437185,5
03A_put1,GNG427,glutamate,glutamate,0.98989898989899,6
03A_put1,GNG428,glutamate,glutamate,0.9895833333333334,12
03A_put1,GNG435,glutamate,glutamate,0.9899497487437185,5
03A_put1,GNG444,glutamate,glutamate,0.9899497487437185,5
03A_put1,GNG454,glutamate,glutamate,0.9896373056994818,11
03A_put1,GNG613,glutamate,glutamate,0.9900990099009901,2
03A_put1,GNG614,glutamate,glutamate,0.9900990099009901,2
03A_put1,GNG617,glutamate,glutamate,0.9900990099009901,2
03A_put1,GNG618,glutamate,glutamate,0.9900990099009901,2
03A_put1,GNG619,glutamate,glutamate,0.98989898989899,6
03A_put1,GNG646,glutamate,glutamate,0.9899497487437185,5
03A_put1,PS326,glutamate,glutamate,0.99,4
03A_put1,PS336,glutamate,glutamate,0.99,4
03A_put1,PS337,glutamate,glutamate,0.9900990099009901,2
03A_put1,PS338,glutamate,glutamate,0.9900990099009901,2
03A_put1,PS339,glutamate,glutamate,0.9900990099009901,2
03A_put1,PS343,glutamate,glutamate,0.99,4
03A_put1,PS344,glutamate,glutamate,0.9900990099009901,2
03A_put1,PS346,glutamate,glutamate,0.9899497487437185,5
03A_put1,PS347_a,glutamate,glutamate,0.9900990099009901,2
03A_put1,PS347_b,glutamate,glutamate,0.9900990099009901,2
03A_put2,DNg40,glutamate,glutamate,1.0,2
03A_put2,DNg42,glutamate,glutamate,1.0,2
03A_put2,DNg46,glutamate,glutamate,1.0,2
03A_put2,DNg71,glutamate,glutamate,1.0,2
03A_put2,DNg96,glutamate,glutamate,1.0,2
03A_put2,DNge040,glutamate,glutamate,1.0,2
03A_put2,DNge088,glutamate,glutamate,1.0,2
03A_put2,DNge099,glutamate,glutamate,1.0,2
03A_put2,DNge120,glutamate,glutamate,1.0,2
03B,AN03B009,gaba,gaba,0.9595505617977528,2
03B,AN03B011,gaba,gaba,0.9593679458239278,4
03B,AN03B039,gaba,gaba,0.9595505617977528,2
03B,AN03B050,gaba,gaba,0.9595505617977528,2
03B,AN03B094,gaba,gaba,0.9595505617977528,2
03B,AN03B095,gaba,gaba,0.9595505617977528,2
03B,ANXXX002,gaba,gaba,0.9595505617977528,2
03B,IN03B001,acetylcholine,gaba,0.9640449438202248,2
03B,IN03B011,gaba,gaba,0.9595505617977528,2
03B,IN03B015,gaba,gaba,0.9593679458239278,4
03B,IN03B016,gaba,gaba,0.9595505617977528,2
03B,IN03B019,gaba,gaba,0.9593679458239278,4
03B,IN03B020,gaba,gaba,0.9593679458239278,4
03B,IN03B021,gaba,gaba,0.9591836734693877,6
03B,IN03B022,gaba,gaba,0.9595505617977528,2
03B,IN03B024,gaba,gaba,0.9595505617977528,2
03B,IN03B025,gaba,gaba,0.9595505617977528,2
03B,IN03B028,gaba,gaba,0.9595505617977528,2
03B,IN03B029,gaba,gaba,0.9595505617977528,2
03B,IN03B031,gaba,gaba,0.9595505617977528,2
03B,IN03B032,gaba,gaba,0.9593679458239278,4
03B,IN03B034,gaba,gaba,0.9595505617977528,2
03B,IN03B035,gaba,gaba,0.958997722095672,8
03B,IN03B036,gaba,gaba,0.9595505617977528,2
03B,IN03B037,acetylcholine,gaba,0.9640449438202248,2
03B,IN03B038,gaba,gaba,0.9595505617977528,2
03B,IN03B042,gaba,gaba,0.9591836734693877,6
03B,IN03B043,gaba,gaba,0.9593679458239278,4
03B,IN03B046,gaba,gaba,0.9593679458239278,4
03B,IN03B049,gaba,gaba,0.9593679458239278,4
03B,IN03B051,gaba,gaba,0.9595505617977528,2
03B,IN03B052,gaba,gaba,0.9591836734693877,6
03B,IN03B053,gaba,gaba,0.9593679458239278,4
03B,IN03B054,gaba,gaba,0.9591836734693877,6
03B,IN03B055,gaba,gaba,0.9586206896551724,12
03B,IN03B056,gaba,gaba,0.9591836734693877,6
03B,IN03B057,gaba,gaba,0.9593679458239278,4
03B,IN03B058,gaba,gaba,0.9577464788732394,21
03B,IN03B059,gaba,gaba,0.9593679458239278,4
03B,IN03B060,gaba,gaba,0.9568345323741008,30
03B,IN03B061,gaba,gaba,0.9586206896551724,12
03B,IN03B062,gaba,gaba,0.9593679458239278,4
03B,IN03B063,gaba,gaba,0.9591836734693877,6
03B,IN03B064,gaba,gaba,0.958904109589041,9
03B,IN03B065,gaba,gaba,0.9593679458239278,4
03B,IN03B066,gaba,gaba,0.958139534883721,17
03B,IN03B067,gaba,gaba,0.9593679458239278,4
03B,IN03B068,gaba,gaba,0.9596412556053812,1
03B,IN03B069,gaba,gaba,0.9584295612009238,14
03B,IN03B070,gaba,gaba,0.958904109589041,9
03B,IN03B071,gaba,gaba,0.9586206896551724,12
03B,IN03B072,gaba,gaba,0.9584295612009238,14
03B,IN03B073,gaba,gaba,0.9595505617977528,2
03B,IN03B074,gaba,gaba,0.958997722095672,8
03B,IN03B075,gaba,gaba,0.9593679458239278,4
03B,IN03B076,gaba,gaba,0.9595505617977528,2
03B,IN03B077,gaba,gaba,0.958997722095672,8
03B,IN03B078,gaba,gaba,0.9593679458239278,4
03B,IN03B079,gaba,gaba,0.958997722095672,8
03B,IN03B080,gaba,gaba,0.9590909090909091,7
03B,IN03B081,gaba,gaba,0.9591836734693877,6
03B,"IN03B082,IN03B093",gaba,gaba,0.9593679458239278,4
03B,IN03B083,gaba,gaba,0.958997722095672,8
03B,IN03B084,gaba,gaba,0.9591836734693877,6
03B,IN03B085,gaba,gaba,0.9594594594594594,3
03B,IN03B086_a,gaba,gaba,0.9594594594594594,3
03B,IN03B086_b,gaba,gaba,0.9594594594594594,3
03B,IN03B086_c,gaba,gaba,0.9595505617977528,2
03B,IN03B086_d,gaba,gaba,0.958904109589041,9
03B,IN03B086_e,gaba,gaba,0.9594594594594594,3
03B,IN03B088,gaba,gaba,0.958904109589041,9
03B,IN03B089,gaba,gaba,0.958041958041958,18
03B,IN03B090,gaba,gaba,0.9591836734693877,6
03B,IN03B091,gaba,gaba,0.9585253456221198,13
03B,IN03B092,gaba,gaba,0.9592760180995475,5
03B,IN03B094,gaba,gaba,0.9596412556053812,1
03B,w-cHIN,acetylcholine,gaba,0.9907621247113164,14
03B_put1,#23817,gaba,gaba,0.9890710382513661,1
03B_put1,#26026,gaba,gaba,0.9890710382513661,1
03B_put1,#27519,gaba,gaba,0.9890710382513661,1
03B_put1,#27787,gaba,gaba,0.9890710382513661,1
03B_put1,#28055,gaba,gaba,0.9890710382513661,1
03B_put1,#32933,gaba,gaba,0.9890710382513661,1
03B_put1,#33486,gaba,gaba,0.9890710382513661,1
03B_put1,#34267,gaba,gaba,0.9890710382513661,1
03B_put1,CB0312,gaba,gaba,0.989010989010989,2
03B_put1,CB0982,gaba,gaba,0.9888888888888889,4
03B_put1,CB1233,gaba,gaba,0.988950276243094,3
03B_put1,CB1601,gaba,gaba,0.9887005649717514,7
03B_put1,CB1918,gaba,gaba,0.9884393063583815,11
03B_put1,CB2084,gaba,gaba,0.9888888888888889,4
03B_put1,CB2235,gaba,gaba,0.9888888888888889,4
03B_put1,CB2351,gaba,gaba,0.989010989010989,2
03B_put1,CB2751,gaba,gaba,0.989010989010989,2
03B_put1,CB2792,gaba,gaba,0.9886363636363636,8
03B_put1,CB2912,gaba,gaba,0.9888268156424581,5
03B_put1,CB2913,gaba,gaba,0.989010989010989,2
03B_put1,CB2944,gaba,gaba,0.9888268156424581,5
03B_put1,CB4064,gaba,gaba,0.988950276243094,3
03B_put1,CB4066,gaba,gaba,0.9882352941176471,14
03B_put1,CB4247,gaba,gaba,0.9890710382513661,1
03B_put1,DNg56,gaba,gaba,0.989010989010989,2
03B_put1,DNge043,acetylcholine,gaba,1.0,2
03B_put1,DNge103,gaba,gaba,0.989010989010989,2
03B_put1,GNG161,gaba,gaba,0.989010989010989,2
03B_put1,GNG287,gaba,gaba,0.989010989010989,2
03B_put1,GNG329,gaba,gaba,0.9885714285714285,9
03B_put1,GNG332,gaba,gaba,0.9885057471264368,10
03B_put1,GNG386,gaba,gaba,0.9886363636363636,8
03B_put1,GNG410,gaba,gaba,0.9885057471264368,10
03B_put1,GNG422,gaba,gaba,0.9887640449438202,6
03B_put1,GNG431,gaba,gaba,0.9877300613496932,21
03B_put1,GNG440,gaba,gaba,0.9887005649717514,7
03B_put1,GNG598,gaba,gaba,0.9888888888888889,4
03B_put1,GNG599,gaba,gaba,0.989010989010989,2
03B_put1,GNG637,gaba,gaba,0.989010989010989,2
03B_put1,IPS001,gaba,gaba,0.9885057471264368,10
03B_put2,#31696,gaba,gaba,1.0,1
03B_put2,#32951,gaba,gaba,1.0,1
03B_put2,#35044,gaba,gaba,1.0,1
03B_put2,#99866,gaba,gaba,1.0,1
03B_put2,CB0598,gaba,gaba,1.0,2
03B_put2,CB0607,gaba,gaba,1.0,2
03B_put2,CB1265,gaba,gaba,1.0,7
03B_put2,CB2389,gaba,gaba,1.0,3
03B_put2,CB2431,gaba,gaba,1.0,6
03B_put2,CB2440,gaba,gaba,1.0,9
03B_put2,CB3103,gaba,gaba,1.0,5
03B_put2,CB3738,gaba,gaba,1.0,2
03B_put2,CB3739,gaba,gaba,1.0,3
03B_put2,CB3740,gaba,gaba,1.0,4
03B_put2,CB3741,gaba,gaba,1.0,2
03B_put2,CB3742,gaba,gaba,1.0,3
03B_put2,CB3743,gaba,gaba,1.0,6
03B_put2,CB3744,gaba,gaba,1.0,2
03B_put2,CB3745,gaba,gaba,1.0,4
03B_put2,CB3746,gaba,gaba,1.0,4
03B_put2,CB3747,gaba,gaba,1.0,2
03B_put2,CB3748,gaba,gaba,1.0,4
03B_put2,CB3784,gaba,gaba,1.0,4
03B_put2,CB3798,gaba,gaba,1.0,3
03B_put2,DNg08,gaba,gaba,1.0,23
03B_put2,DNg105,gaba,gaba,1.0,2
03B_put2,DNg52,gaba,gaba,1.0,2
03B_put2,DNg90,gaba,gaba,1.0,2
03B_put2,GNG222,gaba,gaba,1.0,2
03B_put2,GNG262,gaba,gaba,1.0,2
03B_put2,GNG493,gaba,gaba,1.0,1
03B_put2,LoVC13,gaba,gaba,1.0,2
03B_put2,PS316,gaba,gaba,1.0,4
03B_put2,PS328,gaba,gaba,1.0,2
03B_put3,AMMC004,gaba,gaba,1.0,2
03B_put3,AMMC018,gaba,gaba,1.0,2
03B_put3,AMMC020,gaba,gaba,1.0,1
03B_put3,AMMC023,gaba,gaba,1.0,1
03B_put3,AMMC024,gaba,gaba,1.0,2
03B_put3,AMMC025,gaba,gaba,1.0,6
03B_put3,AMMC028,gaba,gaba,1.0,4
03B_put3,AMMC030,gaba,gaba,1.0,3
03B_put3,AMMC031,gaba,gaba,1.0,5
03B_put3,AMMC032,gaba,gaba,1.0,4
03B_put3,AMMC033,gaba,gaba,1.0,3
03B_put3,AMMC035,gaba,gaba,1.0,10
03B_put3,AMMC038,gaba,gaba,1.0,2
03B_put3,CB0986,gaba,gaba,1.0,13
03B_put3,CB1145,gaba,gaba,1.0,7
03B_put3,CB2380,gaba,gaba,1.0,4
03B_put3,CB3207,gaba,gaba,1.0,6
03B_put3,CB3320,gaba,gaba,1.0,6
03B_put3,CB3381,gaba,gaba,1.0,1
03B_put3,DNg52,gaba,gaba,1.0,2
03B_put3,DNg64,gaba,gaba,1.0,2
03B_put3,DNg99,gaba,gaba,1.0,2
03B_put3,GNG144,gaba,gaba,1.0,2
03B_put3,GNG315,gaba,gaba,1.0,2
03B_put3,GNG634,gaba,gaba,1.0,5
03B_put3,GNG635,gaba,gaba,1.0,8
03B_put3,GNG636,gaba,gaba,1.0,4
03B_put3,PS323,gaba,gaba,1.0,4
03B_put3,PS329,gaba,gaba,1.0,2
03B_put3,PS330,gaba,gaba,1.0,1
03B_put3,WED201,gaba,gaba,1.0,8
03B_put3,WED202,gaba,gaba,1.0,2
03B_put3,WED203,gaba,gaba,1.0,2
03B_put3,WED204,gaba,gaba,1.0,5
03B_put3,WED205,gaba,gaba,1.0,2
03B_put3,WED206,gaba,gaba,1.0,4
03B_put3,WED207,gaba,gaba,1.0,6
04B,AN04B001,acetylcholine,acetylcholine,1.0,4
04B,AN04B003,acetylcholine,acetylcholine,1.0,6
04B,AN04B004,acetylcholine,acetylcholine,1.0,4
04B,AN04B023,acetylcholine,acetylcholine,1.0,6
04B,AN04B051,acetylcholine,acetylcholine,1.0,2
04B,IN04B001,acetylcholine,acetylcholine,1.0,2
04B,IN04B002,acetylcholine,acetylcholine,1.0,2
04B,IN04B004,acetylcholine,acetylcholine,1.0,2
04B,IN04B005,acetylcholine,acetylcholine,1.0,2
04B,IN04B006,acetylcholine,acetylcholine,1.0,2
04B,IN04B007,acetylcholine,acetylcholine,1.0,2
04B,IN04B008,acetylcholine,acetylcholine,1.0,6
04B,IN04B009,acetylcholine,acetylcholine,1.0,5
04B,IN04B010,acetylcholine,acetylcholine,1.0,7
04B,IN04B011,acetylcholine,acetylcholine,1.0,5
04B,IN04B012,acetylcholine,acetylcholine,1.0,3
04B,IN04B013,acetylcholine,acetylcholine,1.0,9
04B,IN04B014,acetylcholine,acetylcholine,1.0,2
04B,IN04B015,acetylcholine,acetylcholine,1.0,9
04B,IN04B016,acetylcholine,acetylcholine,1.0,2
04B,IN04B017,acetylcholine,acetylcholine,1.0,10
04B,IN04B018,acetylcholine,acetylcholine,1.0,11
04B,IN04B019,acetylcholine,acetylcholine,1.0,2
04B,IN04B020,acetylcholine,acetylcholine,1.0,2
04B,IN04B021,acetylcholine,acetylcholine,1.0,1
04B,IN04B022,acetylcholine,acetylcholine,1.0,4
04B,IN04B024,acetylcholine,acetylcholine,1.0,5
04B,IN04B025,acetylcholine,acetylcholine,1.0,5
04B,IN04B026,acetylcholine,acetylcholine,1.0,4
04B,IN04B027,acetylcholine,acetylcholine,1.0,6
04B,IN04B028,acetylcholine,acetylcholine,1.0,4
04B,IN04B029,acetylcholine,acetylcholine,1.0,5
04B,IN04B030,acetylcholine,acetylcholine,1.0,3
04B,IN04B031,acetylcholine,acetylcholine,1.0,9
04B,IN04B032,acetylcholine,acetylcholine,1.0,10
04B,IN04B033,acetylcholine,acetylcholine,1.0,4
04B,IN04B034,acetylcholine,acetylcholine,1.0,4
04B,IN04B035,acetylcholine,acetylcholine,1.0,2
04B,IN04B036,acetylcholine,acetylcholine,1.0,10
04B,IN04B037,acetylcholine,acetylcholine,1.0,6
04B,IN04B038,acetylcholine,acetylcholine,1.0,2
04B,IN04B039,acetylcholine,acetylcholine,1.0,2
04B,IN04B041,acetylcholine,acetylcholine,1.0,5
04B,IN04B042,acetylcholine,acetylcholine,1.0,2
04B,IN04B043_a,acetylcholine,acetylcholine,1.0,2
04B,IN04B043_b,acetylcholine,acetylcholine,1.0,2
04B,IN04B044,acetylcholine,acetylcholine,1.0,6
04B,IN04B046,acetylcholine,acetylcholine,1.0,4
04B,IN04B047,acetylcholine,acetylcholine,1.0,2
04B,IN04B048,acetylcholine,acetylcholine,1.0,8
04B,IN04B049_a,acetylcholine,acetylcholine,1.0,2
04B,IN04B049_b,acetylcholine,acetylcholine,1.0,2
04B,IN04B049_c,acetylcholine,acetylcholine,1.0,2
04B,IN04B050,acetylcholine,acetylcholine,1.0,4
04B,IN04B052,acetylcholine,acetylcholine,1.0,2
04B,IN04B053,acetylcholine,acetylcholine,1.0,4
04B,IN04B054_a,acetylcholine,acetylcholine,1.0,2
04B,IN04B054_b,acetylcholine,acetylcholine,1.0,4
04B,IN04B054_c,acetylcholine,acetylcholine,1.0,3
04B,IN04B055,acetylcholine,acetylcholine,1.0,2
04B,IN04B056,acetylcholine,acetylcholine,1.0,2
04B,IN04B057,acetylcholine,acetylcholine,1.0,3
04B,IN04B058,acetylcholine,acetylcholine,1.0,2
04B,IN04B059,acetylcholine,acetylcholine,1.0,4
04B,IN04B060,acetylcholine,acetylcholine,1.0,5
04B,IN04B061,acetylcholine,acetylcholine,1.0,2
04B,IN04B062,acetylcholine,acetylcholine,1.0,6
04B,IN04B063,acetylcholine,acetylcholine,1.0,6
04B,IN04B064,acetylcholine,acetylcholine,1.0,4
04B,IN04B066,acetylcholine,acetylcholine,1.0,4
04B,IN04B067,acetylcholine,acetylcholine,1.0,5
04B,IN04B068,acetylcholine,acetylcholine,1.0,14
04B,IN04B069,acetylcholine,acetylcholine,1.0,2
04B,IN04B070,acetylcholine,acetylcholine,1.0,5
04B,IN04B071,acetylcholine,acetylcholine,1.0,7
04B,IN04B072,acetylcholine,acetylcholine,1.0,2
04B,IN04B073,acetylcholine,acetylcholine,1.0,2
04B,IN04B074,acetylcholine,acetylcholine,1.0,23
04B,IN04B075,acetylcholine,acetylcholine,1.0,2
04B,IN04B076,acetylcholine,acetylcholine,1.0,5
04B,IN04B077,acetylcholine,acetylcholine,1.0,8
04B,IN04B078,acetylcholine,acetylcholine,1.0,14
04B,IN04B079,acetylcholine,acetylcholine,1.0,7
04B,IN04B080,acetylcholine,acetylcholine,1.0,4
04B,IN04B081,acetylcholine,acetylcholine,1.0,16
04B,IN04B082,acetylcholine,acetylcholine,1.0,1
04B,IN04B083,acetylcholine,acetylcholine,1.0,2
04B,IN04B084,acetylcholine,acetylcholine,1.0,6
04B,IN04B085,acetylcholine,acetylcholine,1.0,3
04B,IN04B086,acetylcholine,acetylcholine,1.0,3
04B,IN04B087,acetylcholine,acetylcholine,1.0,4
04B,IN04B088,acetylcholine,acetylcholine,1.0,4
04B,IN04B089,acetylcholine,acetylcholine,1.0,3
04B,IN04B090,acetylcholine,acetylcholine,1.0,4
04B,IN04B091,acetylcholine,acetylcholine,1.0,6
04B,IN04B092,acetylcholine,acetylcholine,1.0,7
04B,IN04B093,acetylcholine,acetylcholine,1.0,1
04B,IN04B094,acetylcholine,acetylcholine,1.0,4
04B,IN04B095,acetylcholine,acetylcholine,1.0,4
04B,IN04B096,acetylcholine,acetylcholine,1.0,4
04B,IN04B097,acetylcholine,acetylcholine,1.0,3
04B,IN04B098,acetylcholine,acetylcholine,1.0,4
04B,IN04B099,acetylcholine,acetylcholine,1.0,2
04B,IN04B100,acetylcholine,acetylcholine,1.0,16
04B,IN04B101,acetylcholine,acetylcholine,1.0,7
04B,IN04B102,acetylcholine,acetylcholine,1.0,13
04B,IN04B103,acetylcholine,acetylcholine,1.0,7
04B,IN04B104,acetylcholine,acetylcholine,1.0,7
04B,IN04B105,acetylcholine,acetylcholine,1.0,8
04B,IN04B106,acetylcholine,acetylcholine,1.0,3
04B,IN04B107,acetylcholine,acetylcholine,1.0,5
04B,IN04B108,acetylcholine,acetylcholine,1.0,8
04B,IN04B109,acetylcholine,acetylcholine,1.0,1
04B,IN04B110,acetylcholine,acetylcholine,1.0,4
04B,IN04B111,acetylcholine,acetylcholine,1.0,4
04B,IN04B112,acetylcholine,acetylcholine,1.0,8
04B,"IN04B113,IN04B114",acetylcholine,acetylcholine,1.0,5
04B,IN04B115,acetylcholine,acetylcholine,1.0,2
05B,#46086,gaba,gaba,0.8430232558139535,1
05B,#86590,gaba,gaba,0.8430232558139535,1
05B,AN05B004,gaba,gaba,0.8425655976676385,2
05B,AN05B005,gaba,gaba,0.8425655976676385,2
05B,AN05B006,gaba,gaba,0.8421052631578947,3
05B,AN05B007,gaba,gaba,0.8430232558139535,1
05B,AN05B009,gaba,gaba,0.841642228739003,4
05B,AN05B010,gaba,gaba,0.8430232558139535,1
05B,AN05B015,gaba,gaba,0.8425655976676385,2
05B,AN05B017,gaba,gaba,0.8430232558139535,1
05B,AN05B021,gaba,gaba,0.8425655976676385,2
05B,AN05B023a,gaba,gaba,0.8425655976676385,2
05B,AN05B023b,gaba,gaba,0.8425655976676385,2
05B,AN05B023c,gaba,gaba,0.8425655976676385,2
05B,AN05B023d,gaba,gaba,0.8425655976676385,2
05B,AN05B024,gaba,gaba,0.8430232558139535,1
05B,AN05B025,gaba,gaba,0.8425655976676385,2
05B,AN05B026,gaba,gaba,0.8430232558139535,1
05B,AN05B027,gaba,gaba,0.8430232558139535,1
05B,AN05B029,gaba,gaba,0.8430232558139535,1
05B,AN05B035,gaba,gaba,0.8425655976676385,2
05B,AN05B036,gaba,gaba,0.8425655976676385,2
05B,AN05B040,gaba,gaba,0.8430232558139535,1
05B,AN05B044,gaba,gaba,0.8425655976676385,2
05B,AN05B045,gaba,gaba,0.8425655976676385,2
05B,AN05B046,gaba,gaba,0.8430232558139535,1
05B,AN05B048,gaba,gaba,0.8425655976676385,2
05B,AN05B049_a,gaba,gaba,0.8425655976676385,2
05B,AN05B049_b,gaba,gaba,0.8425655976676385,2
05B,AN05B049_c,gaba,gaba,0.8425655976676385,2
05B,AN05B050_a,gaba,gaba,0.8425655976676385,2
05B,AN05B050_b,gaba,gaba,0.8425655976676385,2
05B,AN05B050_c,gaba,gaba,0.841642228739003,4
05B,AN05B052,gaba,gaba,0.8421052631578947,3
05B,AN05B053,gaba,gaba,0.841642228739003,4
05B,AN05B054_a,gaba,gaba,0.8425655976676385,2
05B,AN05B054_b,gaba,gaba,0.841642228739003,4
05B,AN05B056,gaba,gaba,0.8425655976676385,2
05B,AN05B058,gaba,gaba,0.8425655976676385,2
05B,AN05B059,gaba,gaba,0.8430232558139535,1
05B,AN05B060,gaba,gaba,0.8430232558139535,1
05B,AN05B062,gaba,gaba,0.841642228739003,4
05B,AN05B063,gaba,gaba,0.841642228739003,4
05B,AN05B067,gaba,gaba,0.8430232558139535,1
05B,AN05B068,gaba,gaba,0.8402366863905325,7
05B,AN05B069,gaba,gaba,0.8425655976676385,2
05B,AN05B071,gaba,gaba,0.8425655976676385,2
05B,AN05B076,gaba,gaba,0.8425655976676385,2
05B,AN05B078,gaba,gaba,0.8421052631578947,3
05B,AN05B081,gaba,gaba,0.8425655976676385,2
05B,AN05B083,gaba,gaba,0.8430232558139535,1
05B,AN05B095,acetylcholine,gaba,0.8483965014577259,2
05B,AN05B096,acetylcholine,gaba,0.8533724340175953,4
05B,AN05B097,acetylcholine,gaba,0.8635014836795252,8
05B,AN05B098,acetylcholine,gaba,0.8483965014577259,2
05B,AN05B099,acetylcholine,gaba,0.8584070796460177,6
05B,AN05B100,acetylcholine,gaba,0.8584070796460177,6
05B,AN05B101,gaba,gaba,0.841642228739003,4
05B,AN05B102a,acetylcholine,gaba,0.8483965014577259,2
05B,AN05B102b,acetylcholine,gaba,0.8483965014577259,2
05B,AN05B102c,acetylcholine,gaba,0.8483965014577259,2
05B,AN05B102d,acetylcholine,gaba,0.8483965014577259,2
05B,AN05B103,acetylcholine,gaba,0.8483965014577259,2
05B,AN05B104,acetylcholine,gaba,0.8584070796460177,6
05B,AN05B105,acetylcholine,gaba,0.8483965014577259,2
05B,AN05B106,acetylcholine,gaba,0.8533724340175953,4
05B,AN05B107,acetylcholine,gaba,0.8483965014577259,2
05B,AN05B108,gaba,gaba,0.841642228739003,4
05B,IN05B001,gaba,gaba,0.8425655976676385,2
05B,IN05B002,gaba,gaba,0.8425655976676385,2
05B,IN05B003,gaba,gaba,0.8425655976676385,2
05B,IN05B005,gaba,gaba,0.8425655976676385,2
05B,IN05B008,gaba,gaba,0.8425655976676385,2
05B,IN05B010,gaba,gaba,0.841642228739003,4
05B,IN05B011a,gaba,gaba,0.8425655976676385,2
05B,IN05B011b,gaba,gaba,0.8425655976676385,2
05B,IN05B012,gaba,gaba,0.8425655976676385,2
05B,IN05B013,gaba,gaba,0.8425655976676385,2
05B,IN05B016,gaba,gaba,0.841642228739003,4
05B,IN05B017,gaba,gaba,0.8407079646017699,6
05B,IN05B018,gaba,gaba,0.8425655976676385,2
05B,IN05B019,gaba,gaba,0.8425655976676385,2
05B,IN05B020,gaba,gaba,0.8425655976676385,2
05B,IN05B021,gaba,gaba,0.8425655976676385,2
05B,IN05B022,gaba,gaba,0.841642228739003,4
05B,IN05B024,gaba,gaba,0.8425655976676385,2
05B,IN05B028,gaba,gaba,0.8407079646017699,6
05B,IN05B030,gaba,gaba,0.8425655976676385,2
05B,IN05B031,gaba,gaba,0.8425655976676385,2
05B,IN05B032,gaba,gaba,0.841642228739003,4
05B,IN05B033,gaba,gaba,0.841642228739003,4
05B,IN05B034,gaba,gaba,0.8425655976676385,2
05B,IN05B036,gaba,gaba,0.8425655976676385,2
05B,IN05B037,gaba,gaba,0.8425655976676385,2
05B,IN05B038,gaba,gaba,0.8425655976676385,2
05B,IN05B039,gaba,gaba,0.8425655976676385,2
05B,IN05B041,gaba,gaba,0.8425655976676385,2
05B,IN05B042,gaba,gaba,0.841642228739003,4
05B,IN05B043,gaba,gaba,0.8425655976676385,2
05B,IN05B051,gaba,gaba,0.8425655976676385,2
05B,IN05B055,gaba,gaba,0.8430232558139535,1
05B,IN05B057,gaba,gaba,0.8421052631578947,3
05B,IN05B061,gaba,gaba,0.8421052631578947,3
05B,IN05B064_a,gaba,gaba,0.8425655976676385,2
05B,IN05B064_b,gaba,gaba,0.841642228739003,4
05B,IN05B065,gaba,gaba,0.8411764705882353,5
05B,IN05B066,gaba,gaba,0.841642228739003,4
05B,IN05B070,gaba,gaba,0.8407079646017699,6
05B,IN05B072_a,gaba,gaba,0.8421052631578947,3
05B,IN05B072_b,gaba,gaba,0.8425655976676385,2
05B,IN05B072_c,gaba,gaba,0.8430232558139535,1
05B,IN05B073,gaba,gaba,0.8425655976676385,2
05B,IN05B074,gaba,gaba,0.8425655976676385,2
05B,IN05B075,gaba,gaba,0.8421052631578947,3
05B,IN05B077,gaba,gaba,0.8430232558139535,1
05B,IN05B080,gaba,gaba,0.8425655976676385,2
05B,IN05B082,gaba,gaba,0.8430232558139535,1
05B,IN05B084,gaba,gaba,0.8425655976676385,2
05B,IN05B085,gaba,gaba,0.841642228739003,4
05B,IN05B086,gaba,gaba,0.8425655976676385,2
05B,IN05B087,gaba,gaba,0.8425655976676385,2
05B,IN05B088,gaba,gaba,0.8407079646017699,6
05B,IN05B089,gaba,gaba,0.841642228739003,4
05B,IN05B090,gaba,gaba,0.8368580060422961,14
05B,IN05B091,gaba,gaba,0.8392857142857143,9
05B,IN05B092,gaba,gaba,0.8425655976676385,2
05B,IN05B093,gaba,gaba,0.8425655976676385,2
05B,IN05B094,acetylcholine,gaba,0.8483965014577259,2
05B_put1,DNpe030,acetylcholine,acetylcholine,1.0,2
05B_put1,DNpe049,acetylcholine,acetylcholine,1.0,2
05B_put1,M_spPN4t9,acetylcholine,acetylcholine,1.0,2
05B_put1,SAD093,acetylcholine,acetylcholine,1.0,2
05B_put2,DNge153,gaba,gaba,1.0,2
05B_put2,DNxl114,gaba,gaba,1.0,2
05B_put2,GNG038,gaba,gaba,1.0,2
05B_put2,GNG264,gaba,gaba,1.0,2
05B_put2,GNG526,gaba,gaba,1.0,2
05B_put2,GNG564,gaba,gaba,1.0,2
06A,AN06A010,gaba,gaba,0.976068376068376,2
06A,AN06A015,gaba,gaba,0.976068376068376,2
06A,AN06A016,gaba,gaba,0.976068376068376,2
06A,AN06A017,gaba,gaba,0.976068376068376,2
06A,AN06A018,gaba,gaba,0.976068376068376,2
06A,AN06A026,gaba,gaba,0.9759862778730704,4
06A,AN06A030,glutamate,gaba,0.9794871794871794,2
06A,AN06A041,gaba,gaba,0.976068376068376,2
06A,AN06A060,gaba,gaba,0.976068376068376,2
06A,AN06A062,gaba,gaba,0.9759862778730704,4
06A,AN06A080,gaba,gaba,0.9759862778730704,4
06A,AN06A092,gaba,gaba,0.9759450171821306,5
06A,AN06A095,gaba,gaba,0.976027397260274,3
06A,AN06A112,gaba,gaba,0.9759036144578314,6
06A,IN06A002,gaba,gaba,0.976068376068376,2
06A,IN06A003,gaba,gaba,0.9759862778730704,4
06A,IN06A004,glutamate,gaba,0.9794871794871794,2
06A,IN06A005,gaba,gaba,0.976068376068376,2
06A,IN06A006,gaba,gaba,0.976068376068376,2
06A,IN06A008,gaba,gaba,0.976068376068376,2
06A,IN06A009,gaba,gaba,0.976068376068376,2
06A,IN06A011,gaba,gaba,0.9759036144578314,6
06A,IN06A012,gaba,gaba,0.976068376068376,2
06A,IN06A013,gaba,gaba,0.976068376068376,2
06A,IN06A014,gaba,gaba,0.976068376068376,2
06A,IN06A016,gaba,gaba,0.976068376068376,2
06A,IN06A018,gaba,gaba,0.976068376068376,2
06A,IN06A019,gaba,gaba,0.9758203799654577,8
06A,IN06A020,gaba,gaba,0.9759862778730704,4
06A,IN06A021,gaba,gaba,0.976068376068376,2
06A,IN06A022,gaba,gaba,0.975609756097561,13
06A,IN06A023,gaba,gaba,0.976068376068376,2
06A,IN06A024,gaba,gaba,0.976068376068376,2
06A,IN06A025,gaba,gaba,0.976068376068376,2
06A,IN06A028,gaba,gaba,0.976027397260274,3
06A,IN06A031,gaba,gaba,0.976068376068376,2
06A,IN06A032,gaba,gaba,0.976068376068376,2
06A,IN06A033,gaba,gaba,0.9759862778730704,4
06A,IN06A034,gaba,gaba,0.976068376068376,2
06A,IN06A035,gaba,gaba,0.976068376068376,2
06A,IN06A036,gaba,gaba,0.976068376068376,2
06A,IN06A037,gaba,gaba,0.976068376068376,2
06A,IN06A038,glutamate,gaba,0.9794871794871794,2
06A,IN06A039,gaba,gaba,0.976068376068376,2
06A,IN06A040,gaba,gaba,0.976068376068376,2
06A,IN06A042,gaba,gaba,0.9759036144578314,6
06A,IN06A043,gaba,gaba,0.976068376068376,2
06A,IN06A044,gaba,gaba,0.9758620689655172,7
06A,IN06A045,gaba,gaba,0.976068376068376,2
06A,IN06A046,gaba,gaba,0.976068376068376,2
06A,IN06A047,gaba,gaba,0.976068376068376,2
06A,IN06A048,gaba,gaba,0.976068376068376,2
06A,IN06A049,gaba,gaba,0.976068376068376,2
06A,IN06A050,gaba,gaba,0.9759862778730704,4
06A,IN06A051,gaba,gaba,0.976068376068376,2
06A,IN06A052,gaba,gaba,0.9759862778730704,4
06A,IN06A054,gaba,gaba,0.9759862778730704,4
06A,IN06A055,gaba,gaba,0.976068376068376,2
06A,IN06A056,gaba,gaba,0.976068376068376,2
06A,IN06A057,gaba,gaba,0.976027397260274,3
06A,IN06A058,gaba,gaba,0.976068376068376,2
06A,IN06A059,gaba,gaba,0.9752212389380531,22
06A,IN06A061,gaba,gaba,0.9759450171821306,5
06A,IN06A063,glutamate,gaba,0.9896373056994818,8
06A,IN06A064,gaba,gaba,0.9759036144578314,6
06A,IN06A065,gaba,gaba,0.9759862778730704,4
06A,IN06A066,gaba,gaba,0.9759036144578314,6
06A,IN06A067_a,gaba,gaba,0.976068376068376,2
06A,IN06A067_b,gaba,gaba,0.976068376068376,2
06A,IN06A067_c,gaba,gaba,0.976068376068376,2
06A,IN06A067_d,gaba,gaba,0.976068376068376,2
06A,IN06A067_e,gaba,gaba,0.976068376068376,2
06A,IN06A069,gaba,gaba,0.976068376068376,2
06A,IN06A070,gaba,gaba,0.9759036144578314,6
06A,IN06A071,gaba,gaba,0.9759862778730704,4
06A,IN06A072,gaba,gaba,0.9759036144578314,6
06A,IN06A073,gaba,gaba,0.976068376068376,2
06A,IN06A074,gaba,gaba,0.976068376068376,2
06A,IN06A075,gaba,gaba,0.9755671902268761,14
06A,IN06A076_a,gaba,gaba,0.976068376068376,2
06A,IN06A076_b,gaba,gaba,0.976068376068376,2
06A,IN06A076_c,gaba,gaba,0.976068376068376,2
06A,IN06A077,gaba,gaba,0.9759450171821306,5
06A,IN06A078,gaba,gaba,0.976068376068376,2
06A,IN06A079,gaba,gaba,0.9759450171821306,5
06A,IN06A081,gaba,gaba,0.976068376068376,2
06A,IN06A082,gaba,gaba,0.9753954305799648,18
06A,IN06A083,gaba,gaba,0.9758203799654577,8
06A,IN06A084,gaba,gaba,0.976068376068376,2
06A,IN06A085,gaba,gaba,0.976068376068376,2
06A,IN06A086,gaba,gaba,0.9759450171821306,5
06A,IN06A087,gaba,gaba,0.9759862778730704,4
06A,IN06A088,gaba,gaba,0.9759862778730704,4
06A,IN06A089,gaba,gaba,0.976068376068376,2
06A,IN06A090,gaba,gaba,0.9759862778730704,4
06A,IN06A091,gaba,gaba,0.9759862778730704,4
06A,IN06A093,gaba,gaba,0.9759862778730704,4
06A,IN06A094,gaba,gaba,0.9758203799654577,8
06A,IN06A096,gaba,gaba,0.9759036144578314,6
06A,IN06A097,gaba,gaba,0.9759862778730704,4
06A,IN06A098,gaba,gaba,0.9759862778730704,4
06A,IN06A099,gaba,gaba,0.9758620689655172,7
06A,IN06A100,gaba,gaba,0.9759862778730704,4
06A,IN06A101,gaba,gaba,0.976068376068376,2
06A,IN06A102,gaba,gaba,0.975736568457539,10
06A,IN06A103,gaba,gaba,0.9759036144578314,6
06A,IN06A104,gaba,gaba,0.975736568457539,10
06A,IN06A105,gaba,gaba,0.976068376068376,2
06A,IN06A106,gaba,gaba,0.975736568457539,10
06A,IN06A107,gaba,gaba,0.976068376068376,2
06A,IN06A108,gaba,gaba,0.9759036144578314,6
06A,IN06A109,gaba,gaba,0.9759036144578314,6
06A,IN06A110,gaba,gaba,0.9758620689655172,7
06A,IN06A111,gaba,gaba,0.9759862778730704,4
06A,IN06A113,gaba,gaba,0.9755244755244755,15
06A,IN06A114,gaba,gaba,0.976068376068376,2
06A,IN06A115,gaba,gaba,0.9759862778730704,4
06A,IN06A116,gaba,gaba,0.9756944444444444,11
06A,IN06A117,gaba,gaba,0.975736568457539,10
06A,IN06A119,gaba,gaba,0.9759862778730704,4
06A,IN06A120_a,gaba,gaba,0.976068376068376,2
06A,IN06A120_b,gaba,gaba,0.976068376068376,2
06A,IN06A120_c,gaba,gaba,0.976068376068376,2
06A,IN06A121,gaba,gaba,0.976068376068376,2
06A,IN06A122,gaba,gaba,0.976027397260274,3
06A,IN06A123,gaba,gaba,0.976068376068376,2
06A,IN06A124,gaba,gaba,0.9758203799654577,8
06A,IN06A125,gaba,gaba,0.9759036144578314,6
06A,"IN06A126,IN06A137",gaba,gaba,0.9758203799654577,8
06A,IN06A127,gaba,gaba,0.976068376068376,2
06A,IN06A128,gaba,gaba,0.976068376068376,2
06A,IN06A129,gaba,gaba,0.9759862778730704,4
06A,IN06A132,gaba,gaba,0.975609756097561,13
06A,IN06A133,gaba,gaba,0.9761092150170648,1
06A,IN06A134,gaba,gaba,0.9761092150170648,1
06A,IN06A135,gaba,gaba,0.9759450171821306,5
06A,IN06A136,gaba,gaba,0.9758203799654577,8
06A,IN06A137,gaba,gaba,0.976068376068376,2
06A,IN06A138,gaba,gaba,0.9758620689655172,7
06A,IN06A139,gaba,gaba,0.976027397260274,3
06A,IN06A140,gaba,gaba,0.9759036144578314,6
06A_put1,#22602,gaba,gaba,0.9809523809523809,1
06A_put1,#25936,gaba,gaba,0.9809523809523809,1
06A_put1,#26293,gaba,gaba,0.9809523809523809,1
06A_put1,#28914,gaba,gaba,0.9809523809523809,1
06A_put1,#29065,gaba,gaba,0.9809523809523809,1
06A_put1,#39066,gaba,gaba,0.9809523809523809,1
06A_put1,#43007,gaba,gaba,0.9809523809523809,1
06A_put1,CB0164,glutamate,gaba,1.0,2
06A_put1,CB0671,gaba,gaba,0.9807692307692307,2
06A_put1,DNg10,gaba,gaba,0.9787234042553191,12
06A_put1,DNg11,gaba,gaba,0.98,6
06A_put1,DNg18_a,gaba,gaba,0.9805825242718447,3
06A_put1,DNg18_b,gaba,gaba,0.98,6
06A_put1,DNg89,gaba,gaba,0.9807692307692307,2
06A_put1,DNge033,gaba,gaba,0.9807692307692307,2
06A_put1,DNge070,gaba,gaba,0.9807692307692307,2
06A_put1,DNge071,gaba,gaba,0.9791666666666666,10
06A_put1,DNge072,gaba,gaba,0.9807692307692307,2
06A_put1,DNge084,gaba,gaba,0.9807692307692307,2
06A_put1,DNge085,gaba,gaba,0.9795918367346939,8
06A_put1,DNge086,gaba,gaba,0.9807692307692307,2
06A_put1,DNge087,gaba,gaba,0.9803921568627451,4
06A_put1,DNge117,gaba,gaba,0.9803921568627451,4
06A_put1,DNge179,gaba,gaba,0.98,6
06A_put1,GNG284,gaba,gaba,0.9807692307692307,2
06A_put1,GNG327,gaba,gaba,0.9807692307692307,2
06A_put1,GNG529,gaba,gaba,0.9807692307692307,2
06A_put1,PS345,gaba,gaba,0.98,6
06A_put1,PS353,gaba,gaba,0.9791666666666666,10
06A_put1,PS354,gaba,gaba,0.9807692307692307,2
06A_put2,MeVP54,glutamate,glutamate,1.0,4
06A_put2,MeVP55,glutamate,glutamate,1.0,4
06A_put2,MeVPMe1,glutamate,glutamate,1.0,12
06A_put2,MeVPMe10,glutamate,glutamate,1.0,4
06A_put2,MeVPMe2,glutamate,glutamate,1.0,10
06A_put2,MeVPMe5,glutamate,glutamate,1.0,19
06A_put2,MeVPMe7,glutamate,glutamate,1.0,2
06A_put2,MeVPMe8,glutamate,glutamate,1.0,4
06A_put2,MeVPMe9,glutamate,glutamate,1.0,12
06B,AN06B002,gaba,gaba,0.9909502262443439,5
06B,AN06B004,gaba,gaba,0.9910112359550561,2
06B,AN06B005,gaba,gaba,0.9910112359550561,2
06B,AN06B007,gaba,gaba,0.9909706546275395,4
06B,AN06B009,gaba,gaba,0.9910112359550561,2
06B,AN06B011,acetylcholine,gaba,0.9955056179775281,2
06B,AN06B012,gaba,gaba,0.9910112359550561,2
06B,AN06B014,gaba,gaba,0.9910112359550561,2
06B,AN06B015,gaba,gaba,0.9910313901345291,1
06B,AN06B023,gaba,gaba,0.9910112359550561,2
06B,AN06B025,gaba,gaba,0.9910112359550561,2
06B,AN06B026,gaba,gaba,0.9910112359550561,2
06B,AN06B031,gaba,gaba,0.9910112359550561,2
06B,AN06B034,gaba,gaba,0.9910112359550561,2
06B,AN06B037,gaba,gaba,0.9910112359550561,2
06B,AN06B039,gaba,gaba,0.990909090909091,7
06B,AN06B040,gaba,gaba,0.9910112359550561,2
06B,AN06B042,gaba,gaba,0.9910112359550561,2
06B,AN06B044,gaba,gaba,0.9910112359550561,2
06B,AN06B045,gaba,gaba,0.9910112359550561,2
06B,AN06B046,gaba,gaba,0.9910112359550561,2
06B,AN06B048,gaba,gaba,0.9910112359550561,2
06B,AN06B051,gaba,gaba,0.9909706546275395,4
06B,AN06B057,gaba,gaba,0.9910112359550561,2
06B,AN06B068,gaba,gaba,0.9909297052154195,6
06B,AN06B075,gaba,gaba,0.9910112359550561,2
06B,AN06B088,gaba,gaba,0.9910112359550561,2
06B,AN06B089,gaba,gaba,0.9910112359550561,2
06B,AN06B090,gaba,gaba,0.9910112359550561,2
06B,EA06B010,glutamate,gaba,0.9955056179775281,2
06B,IN06B001,gaba,gaba,0.9910313901345291,1
06B,IN06B003,gaba,gaba,0.9910112359550561,2
06B,IN06B006,gaba,gaba,0.9910112359550561,2
06B,IN06B008,gaba,gaba,0.9909297052154195,6
06B,IN06B012,gaba,gaba,0.9910112359550561,2
06B,IN06B013,gaba,gaba,0.9909706546275395,4
06B,IN06B014,gaba,gaba,0.9910112359550561,2
06B,IN06B015,gaba,gaba,0.9910112359550561,2
06B,IN06B016,gaba,gaba,0.9909706546275395,4
06B,IN06B017,gaba,gaba,0.9908466819221968,10
06B,IN06B018,gaba,gaba,0.9910112359550561,2
06B,IN06B019,gaba,gaba,0.9910112359550561,2
06B,IN06B020,gaba,gaba,0.9910112359550561,2
06B,IN06B021,gaba,gaba,0.9910313901345291,1
06B,IN06B022,gaba,gaba,0.9910112359550561,2
06B,IN06B024,gaba,gaba,0.9909706546275395,4
06B,IN06B025,gaba,gaba,0.9910112359550561,2
06B,IN06B027,gaba,gaba,0.9910112359550561,2
06B,IN06B028,gaba,gaba,0.9909706546275395,4
06B,IN06B029,gaba,gaba,0.9908045977011494,12
06B,IN06B030,gaba,gaba,0.9909706546275395,4
06B,IN06B032,gaba,gaba,0.9910112359550561,2
06B,IN06B033,gaba,gaba,0.9909706546275395,4
06B,IN06B035,gaba,gaba,0.9909706546275395,4
06B,IN06B036,gaba,gaba,0.9909502262443439,5
06B,IN06B038,gaba,gaba,0.9909706546275395,4
06B,IN06B040,gaba,gaba,0.9909297052154195,6
06B,IN06B042,gaba,gaba,0.9909706546275395,4
06B,IN06B043,gaba,gaba,0.990909090909091,7
06B,IN06B047,gaba,gaba,0.9906976744186047,17
06B,IN06B049,gaba,gaba,0.9910112359550561,2
06B,IN06B050,gaba,gaba,0.990990990990991,3
06B,IN06B052,gaba,gaba,0.9909502262443439,5
06B,IN06B053,gaba,gaba,0.9909706546275395,4
06B,IN06B054,gaba,gaba,0.9910112359550561,2
06B,IN06B055,gaba,gaba,0.9909706546275395,4
06B,IN06B056,gaba,gaba,0.9908675799086758,9
06B,IN06B058,gaba,gaba,0.9909297052154195,6
06B,IN06B059,gaba,gaba,0.9907621247113164,14
06B,IN06B061,gaba,gaba,0.9909297052154195,6
06B,IN06B062,gaba,gaba,0.9910112359550561,2
06B,IN06B063,gaba,gaba,0.9908466819221968,10
06B,IN06B064,gaba,gaba,0.9908675799086758,9
06B,IN06B065,gaba,gaba,0.9909297052154195,6
06B,IN06B066,gaba,gaba,0.990521327014218,25
06B,IN06B067,gaba,gaba,0.9909706546275395,4
06B,IN06B069,gaba,gaba,0.9908675799086758,9
06B,IN06B070,gaba,gaba,0.9908883826879271,8
06B,IN06B071,gaba,gaba,0.9909297052154195,6
06B,IN06B072,gaba,gaba,0.9909502262443439,5
06B,IN06B073,gaba,gaba,0.9908045977011494,12
06B,IN06B074,gaba,gaba,0.9908466819221968,10
06B,IN06B076,gaba,gaba,0.9909297052154195,6
06B,IN06B077,gaba,gaba,0.990909090909091,7
06B,IN06B078,gaba,gaba,0.9908675799086758,9
06B,IN06B079,gaba,gaba,0.9908045977011494,12
06B,IN06B080,gaba,gaba,0.9908675799086758,9
06B,IN06B081,gaba,gaba,0.9908883826879271,8
06B,IN06B082,gaba,gaba,0.9909297052154195,6
06B,IN06B083,gaba,gaba,0.9909706546275395,4
06B,IN06B085,gaba,gaba,0.9908883826879271,8
06B,IN06B086,gaba,gaba,0.990909090909091,7
06B,IN06B087,gaba,gaba,0.9909297052154195,6
06B,IN06B088,gaba,gaba,0.9910112359550561,2
06B,vMS13,gaba,gaba,0.9910112359550561,2
07B,#122358,acetylcholine,acetylcholine,0.9349422875131165,1
07B,#126747,acetylcholine,acetylcholine,0.9349422875131165,1
07B,#128512,acetylcholine,acetylcholine,0.9349422875131165,1
07B,#132324,acetylcholine,acetylcholine,0.9349422875131165,1
07B,#138475,acetylcholine,acetylcholine,0.9349422875131165,1
07B,#190871,acetylcholine,acetylcholine,0.9349422875131165,1
07B,#23459,acetylcholine,acetylcholine,0.9349422875131165,1
07B,#24573,acetylcholine,acetylcholine,0.9349422875131165,1
07B,#25663,acetylcholine,acetylcholine,0.9349422875131165,1
07B,#26119,acetylcholine,acetylcholine,0.9349422875131165,1
07B,#26226,acetylcholine,acetylcholine,0.9349422875131165,1
07B,#26376,acetylcholine,acetylcholine,0.9349422875131165,1
07B,#26756,acetylcholine,acetylcholine,0.9349422875131165,1
07B,#27008,acetylcholine,acetylcholine,0.9349422875131165,1
07B,#27375,acetylcholine,acetylcholine,0.9349422875131165,1
07B,#28321,acetylcholine,acetylcholine,0.9349422875131165,1
07B,#28335,acetylcholine,acetylcholine,0.9349422875131165,1
07B,#28389,acetylcholine,acetylcholine,0.9349422875131165,1
07B,#29452,acetylcholine,acetylcholine,0.9349422875131165,1
07B,#31859,acetylcholine,acetylcholine,0.9349422875131165,1
07B,#32378,acetylcholine,acetylcholine,0.9349422875131165,1
07B,#35706,acetylcholine,acetylcholine,0.9349422875131165,1
07B,#35751,acetylcholine,acetylcholine,0.9349422875131165,1
07B,#42320,acetylcholine,acetylcholine,0.9349422875131165,1
07B,#42322,acetylcholine,acetylcholine,0.9349422875131165,1
07B,#42513,acetylcholine,acetylcholine,0.9349422875131165,1
07B,#42666,acetylcholine,acetylcholine,0.9349422875131165,1
07B,#44339,acetylcholine,acetylcholine,0.9349422875131165,1
07B,#46170,acetylcholine,acetylcholine,0.9349422875131165,1
07B,#47302,acetylcholine,acetylcholine,0.9349422875131165,1
07B,#49665,acetylcholine,acetylcholine,0.9349422875131165,1
07B,#51005,acetylcholine,acetylcholine,0.9349422875131165,1
07B,#513830,acetylcholine,acetylcholine,0.9349422875131165,1
07B,#53262,acetylcholine,acetylcholine,0.9349422875131165,1
07B,#54483,acetylcholine,acetylcholine,0.9349422875131165,1
07B,#570108,acetylcholine,acetylcholine,0.9349422875131165,1
07B,#65662,acetylcholine,acetylcholine,0.9349422875131165,1
07B,#73996,acetylcholine,acetylcholine,0.9349422875131165,1
07B,AMMC009,gaba,acetylcholine,0.9369747899159664,2
07B,AMMC010,acetylcholine,acetylcholine,0.9348739495798319,2
07B,AMMC016,acetylcholine,acetylcholine,0.9347368421052632,4
07B,AMMC017,acetylcholine,acetylcholine,0.9347368421052632,4
07B,AN07B003,acetylcholine,acetylcholine,0.9348739495798319,2
07B,AN07B004,acetylcholine,acetylcholine,0.9348739495798319,2
07B,AN07B005,acetylcholine,acetylcholine,0.9345991561181435,6
07B,AN07B011,acetylcholine,acetylcholine,0.9348739495798319,2
07B,AN07B013,glutamate,acetylcholine,0.9389473684210526,4
07B,AN07B015,acetylcholine,acetylcholine,0.9348739495798319,2
07B,AN07B017,glutamate,acetylcholine,0.9369747899159664,2
07B,AN07B018,acetylcholine,acetylcholine,0.9348739495798319,2
07B,AN07B021,acetylcholine,acetylcholine,0.9348739495798319,2
07B,AN07B024,acetylcholine,acetylcholine,0.9348739495798319,2
07B,AN07B025,acetylcholine,acetylcholine,0.9348739495798319,2
07B,AN07B032,acetylcholine,acetylcholine,0.9348739495798319,2
07B,AN07B035,acetylcholine,acetylcholine,0.9347368421052632,4
07B,AN07B036,acetylcholine,acetylcholine,0.9348739495798319,2
07B,AN07B037_a,acetylcholine,acetylcholine,0.9347368421052632,4
07B,AN07B037_b,acetylcholine,acetylcholine,0.9348739495798319,2
07B,AN07B040,acetylcholine,acetylcholine,0.9348739495798319,2
07B,AN07B041,acetylcholine,acetylcholine,0.9347368421052632,4
07B,AN07B042,acetylcholine,acetylcholine,0.9347368421052632,4
07B,AN07B043,acetylcholine,acetylcholine,0.9348739495798319,2
07B,AN07B045,acetylcholine,acetylcholine,0.9345300950369588,7
07B,AN07B046_a,acetylcholine,acetylcholine,0.9347368421052632,4
07B,AN07B046_b,acetylcholine,acetylcholine,0.9348739495798319,2
07B,AN07B046_c,acetylcholine,acetylcholine,0.9348739495798319,2
07B,AN07B049,acetylcholine,acetylcholine,0.9344608879492601,8
07B,AN07B050,acetylcholine,acetylcholine,0.9347368421052632,4
07B,AN07B052,acetylcholine,acetylcholine,0.9345991561181435,6
07B,AN07B056,acetylcholine,acetylcholine,0.9345300950369588,7
07B,AN07B057,acetylcholine,acetylcholine,0.9348739495798319,2
07B,AN07B060,acetylcholine,acetylcholine,0.9345991561181435,6
07B,AN07B062,acetylcholine,acetylcholine,0.9343915343915344,9
07B,AN07B063,acetylcholine,acetylcholine,0.9348739495798319,2
07B,AN07B069_a,acetylcholine,acetylcholine,0.9347368421052632,4
07B,AN07B069_b,acetylcholine,acetylcholine,0.934322033898305,10
07B,AN07B070,acetylcholine,acetylcholine,0.9345991561181435,6
07B,AN07B071_a,acetylcholine,acetylcholine,0.9348739495798319,2
07B,AN07B071_b,acetylcholine,acetylcholine,0.9348739495798319,2
07B,AN07B071_c,acetylcholine,acetylcholine,0.9347368421052632,4
07B,AN07B071_d,acetylcholine,acetylcholine,0.9347368421052632,4
07B,AN07B072_a,acetylcholine,acetylcholine,0.9348054679284963,3
07B,AN07B072_b,acetylcholine,acetylcholine,0.9348054679284963,3
07B,AN07B072_c,acetylcholine,acetylcholine,0.9348739495798319,2
07B,AN07B072_d,acetylcholine,acetylcholine,0.9348054679284963,3
07B,AN07B072_e,acetylcholine,acetylcholine,0.9345991561181435,6
07B,AN07B072_f,acetylcholine,acetylcholine,0.9348739495798319,2
07B,AN07B076,acetylcholine,acetylcholine,0.934668071654373,5
07B,AN07B078_a,acetylcholine,acetylcholine,0.9348739495798319,2
07B,AN07B078_b,acetylcholine,acetylcholine,0.9348739495798319,2
07B,AN07B082_a,acetylcholine,acetylcholine,0.9348739495798319,2
07B,AN07B082_b,acetylcholine,acetylcholine,0.9348739495798319,2
07B,AN07B082_c,acetylcholine,acetylcholine,0.9348739495798319,2
07B,AN07B082_d,acetylcholine,acetylcholine,0.9348739495798319,2
07B,AN07B085,acetylcholine,acetylcholine,0.9343915343915344,9
07B,AN07B089,acetylcholine,acetylcholine,0.9341825902335457,12
07B,AN07B091,acetylcholine,acetylcholine,0.934668071654373,5
07B,AN07B097,acetylcholine,acetylcholine,0.9349422875131165,1
07B,AN07B100,acetylcholine,acetylcholine,0.9348739495798319,2
07B,AN07B101_a,acetylcholine,acetylcholine,0.9348739495798319,2
07B,AN07B101_b,acetylcholine,acetylcholine,0.9348054679284963,3
07B,AN07B101_c,acetylcholine,acetylcholine,0.9348739495798319,2
07B,AN07B106,acetylcholine,acetylcholine,0.9348739495798319,2
07B,AN07B110,acetylcholine,acetylcholine,0.9345991561181435,6
07B,AN07B116,acetylcholine,acetylcholine,0.9349422875131165,1
07B,AVLP609,gaba,acetylcholine,0.9369747899159664,2
07B,CB0141,acetylcholine,acetylcholine,0.9348739495798319,2
07B,CB0533,acetylcholine,acetylcholine,0.9348739495798319,2
07B,DNg07,acetylcholine,acetylcholine,0.9339019189765458,16
07B,DNg09_a,acetylcholine,acetylcholine,0.9345991561181435,6
07B,DNg09_b,acetylcholine,acetylcholine,0.9348739495798319,2
07B,DNg29,acetylcholine,acetylcholine,0.9348739495798319,2
07B,DNg36_a,acetylcholine,acetylcholine,0.9347368421052632,4
07B,DNg36_b,acetylcholine,acetylcholine,0.9345300950369588,7
07B,DNg39,acetylcholine,acetylcholine,0.9348739495798319,2
07B,DNg43,acetylcholine,acetylcholine,0.9348739495798319,2
07B,DNg51,acetylcholine,acetylcholine,0.9347368421052632,4
07B,DNg72,glutamate,acetylcholine,0.9389473684210526,4
07B,DNge018,acetylcholine,acetylcholine,0.9348739495798319,2
07B,DNge037,acetylcholine,acetylcholine,0.9348739495798319,2
07B,DNge041,acetylcholine,acetylcholine,0.9348739495798319,2
07B,DNge082,acetylcholine,acetylcholine,0.9348739495798319,2
07B,DNge089,acetylcholine,acetylcholine,0.9345991561181435,6
07B,DNge090,acetylcholine,acetylcholine,0.9348739495798319,2
07B,DNge091,acetylcholine,acetylcholine,0.9340425531914893,14
07B,DNge092,acetylcholine,acetylcholine,0.9347368421052632,4
07B,DNge093,acetylcholine,acetylcholine,0.9347368421052632,4
07B,DNge094,acetylcholine,acetylcholine,0.9341126461211477,13
07B,DNge095,acetylcholine,acetylcholine,0.9348054679284963,3
07B,DNge100,acetylcholine,acetylcholine,0.9348739495798319,2
07B,DNge108,acetylcholine,acetylcholine,0.934668071654373,5
07B,DNge110,acetylcholine,acetylcholine,0.9348739495798319,2
07B,DNge111,acetylcholine,acetylcholine,0.9345991561181435,6
07B,DNge113,acetylcholine,acetylcholine,0.9347368421052632,4
07B,DNge114,acetylcholine,acetylcholine,0.9345991561181435,6
07B,DNge115,acetylcholine,acetylcholine,0.9344608879492601,8
07B,DNge116,acetylcholine,acetylcholine,0.9347368421052632,4
07B,DNge125,acetylcholine,acetylcholine,0.9348739495798319,2
07B,DNge126,acetylcholine,acetylcholine,0.9348739495798319,2
07B,DNge139,acetylcholine,acetylcholine,0.9348739495798319,2
07B,DNge145,acetylcholine,acetylcholine,0.9347368421052632,4
07B,DNge154,acetylcholine,acetylcholine,0.9348739495798319,2
07B,DNge180,acetylcholine,acetylcholine,0.9348739495798319,2
07B,DNge181,acetylcholine,acetylcholine,0.9347368421052632,4
07B,DNge183,acetylcholine,acetylcholine,0.9348739495798319,2
07B,DNge184,acetylcholine,acetylcholine,0.9348739495798319,2
07B,GNG100,acetylcholine,acetylcholine,0.9348739495798319,2
07B,GNG203,gaba,acetylcholine,0.9369747899159664,2
07B,GNG267,acetylcholine,acetylcholine,0.9348739495798319,2
07B,GNG286,acetylcholine,acetylcholine,0.9348739495798319,2
07B,GNG302,gaba,acetylcholine,0.9369747899159664,2
07B,GNG313,acetylcholine,acetylcholine,0.9348739495798319,2
07B,GNG358,acetylcholine,acetylcholine,0.9347368421052632,4
07B,GNG430_a,acetylcholine,acetylcholine,0.9348739495798319,2
07B,GNG430_b,acetylcholine,acetylcholine,0.9348739495798319,2
07B,GNG434,acetylcholine,acetylcholine,0.9347368421052632,4
07B,GNG442,acetylcholine,acetylcholine,0.9345991561181435,6
07B,GNG501,glutamate,acetylcholine,0.9369747899159664,2
07B,GNG536,acetylcholine,acetylcholine,0.9348739495798319,2
07B,GNG544,acetylcholine,acetylcholine,0.9348739495798319,2
07B,GNG545,acetylcholine,acetylcholine,0.9349422875131165,1
07B,GNG615,acetylcholine,acetylcholine,0.9348739495798319,2
07B,GNG616,acetylcholine,acetylcholine,0.9348739495798319,2
07B,GNG624,acetylcholine,acetylcholine,0.9347368421052632,4
07B,GNG625,acetylcholine,acetylcholine,0.9348739495798319,2
07B,GNG626,acetylcholine,acetylcholine,0.9348739495798319,2
07B,GNG657,acetylcholine,acetylcholine,0.934668071654373,5
07B,GNG662,acetylcholine,acetylcholine,0.9345991561181435,6
07B,IN07B001,acetylcholine,acetylcholine,0.9347368421052632,4
07B,IN07B002,acetylcholine,acetylcholine,0.9345991561181435,6
07B,IN07B006,acetylcholine,acetylcholine,0.9345991561181435,6
07B,IN07B007,glutamate,acetylcholine,0.9409282700421941,6
07B,IN07B008,glutamate,acetylcholine,0.9369747899159664,2
07B,IN07B009,glutamate,acetylcholine,0.9389473684210526,4
07B,IN07B010,acetylcholine,acetylcholine,0.9348739495798319,2
07B,IN07B012,acetylcholine,acetylcholine,0.9347368421052632,4
07B,IN07B013,glutamate,acetylcholine,0.9369747899159664,2
07B,IN07B014,acetylcholine,acetylcholine,0.9348739495798319,2
07B,IN07B016,acetylcholine,acetylcholine,0.9348739495798319,2
07B,IN07B019,acetylcholine,acetylcholine,0.9348739495798319,2
07B,IN07B020,acetylcholine,acetylcholine,0.9348739495798319,2
07B,IN07B022,acetylcholine,acetylcholine,0.9348739495798319,2
07B,IN07B023,glutamate,acetylcholine,0.9389473684210526,4
07B,IN07B026,acetylcholine,acetylcholine,0.9348739495798319,2
07B,IN07B027,acetylcholine,acetylcholine,0.9347368421052632,4
07B,IN07B028,acetylcholine,acetylcholine,0.9348739495798319,2
07B,IN07B029,acetylcholine,acetylcholine,0.9345991561181435,6
07B,IN07B030,glutamate,acetylcholine,0.9389473684210526,4
07B,IN07B031,glutamate,acetylcholine,0.9389473684210526,4
07B,IN07B032,acetylcholine,acetylcholine,0.9348739495798319,2
07B,IN07B033,acetylcholine,acetylcholine,0.9347368421052632,4
07B,IN07B034,glutamate,acetylcholine,0.9369747899159664,2
07B,IN07B038,acetylcholine,acetylcholine,0.9347368421052632,4
07B,IN07B039,acetylcholine,acetylcholine,0.9347368421052632,4
07B,IN07B044,acetylcholine,acetylcholine,0.9345991561181435,6
07B,IN07B045,acetylcholine,acetylcholine,0.9348739495798319,2
07B,IN07B047,acetylcholine,acetylcholine,0.9348739495798319,2
07B,IN07B048,acetylcholine,acetylcholine,0.9345991561181435,6
07B,IN07B051,acetylcholine,acetylcholine,0.9348739495798319,2
07B,IN07B053,acetylcholine,acetylcholine,0.9348739495798319,2
07B,IN07B054,acetylcholine,acetylcholine,0.9343915343915344,9
07B,IN07B055,acetylcholine,acetylcholine,0.9343915343915344,9
07B,IN07B058,acetylcholine,acetylcholine,0.9347368421052632,4
07B,IN07B059,acetylcholine,acetylcholine,0.9348739495798319,2
07B,IN07B061,glutamate,acetylcholine,0.9449152542372882,10
07B,IN07B063,acetylcholine,acetylcholine,0.9347368421052632,4
07B,IN07B064,acetylcholine,acetylcholine,0.9347368421052632,4
07B,IN07B065,acetylcholine,acetylcholine,0.9342523860021209,11
07B,IN07B066,acetylcholine,acetylcholine,0.9343915343915344,9
07B,IN07B067,acetylcholine,acetylcholine,0.9347368421052632,4
07B,IN07B068,acetylcholine,acetylcholine,0.9345991561181435,6
07B,IN07B073_a,acetylcholine,acetylcholine,0.934668071654373,5
07B,IN07B073_b,acetylcholine,acetylcholine,0.934668071654373,5
07B,IN07B073_c,acetylcholine,acetylcholine,0.9347368421052632,4
07B,IN07B073_d,acetylcholine,acetylcholine,0.9348054679284963,3
07B,IN07B073_e,acetylcholine,acetylcholine,0.934668071654373,5
07B,IN07B073_f,acetylcholine,acetylcholine,0.9349422875131165,1
07B,IN07B074,acetylcholine,acetylcholine,0.9347368421052632,4
07B,IN07B075,acetylcholine,acetylcholine,0.934322033898305,10
07B,IN07B076_a,acetylcholine,acetylcholine,0.9348739495798319,2
07B,IN07B076_b,acetylcholine,acetylcholine,0.9348054679284963,3
07B,IN07B076_c,acetylcholine,acetylcholine,0.9348054679284963,3
07B,IN07B076_d,acetylcholine,acetylcholine,0.9348739495798319,2
07B,IN07B077,acetylcholine,acetylcholine,0.9345991561181435,6
07B,IN07B079,acetylcholine,acetylcholine,0.934322033898305,10
07B,IN07B080,acetylcholine,acetylcholine,0.9345300950369588,7
07B,IN07B081,acetylcholine,acetylcholine,0.934322033898305,10
07B,IN07B083_a,acetylcholine,acetylcholine,0.9348739495798319,2
07B,IN07B083_b,acetylcholine,acetylcholine,0.9345991561181435,6
07B,IN07B083_c,acetylcholine,acetylcholine,0.9348739495798319,2
07B,IN07B083_d,acetylcholine,acetylcholine,0.9348739495798319,2
07B,IN07B084,acetylcholine,acetylcholine,0.9347368421052632,4
07B,IN07B086,acetylcholine,acetylcholine,0.934322033898305,10
07B,IN07B087,acetylcholine,acetylcholine,0.9341825902335457,12
07B,IN07B090,acetylcholine,acetylcholine,0.9345991561181435,6
07B,IN07B092_a,acetylcholine,acetylcholine,0.9347368421052632,4
07B,IN07B092_b,acetylcholine,acetylcholine,0.9348739495798319,2
07B,IN07B092_c,acetylcholine,acetylcholine,0.9348054679284963,3
07B,IN07B092_d,acetylcholine,acetylcholine,0.9347368421052632,4
07B,IN07B092_e,acetylcholine,acetylcholine,0.9348739495798319,2
07B,IN07B093,acetylcholine,acetylcholine,0.9349422875131165,1
07B,IN07B094_a,acetylcholine,acetylcholine,0.9348054679284963,3
07B,IN07B094_b,acetylcholine,acetylcholine,0.9345991561181435,6
07B,IN07B094_c,acetylcholine,acetylcholine,0.9349422875131165,1
07B,IN07B096_a,acetylcholine,acetylcholine,0.934668071654373,5
07B,IN07B096_b,acetylcholine,acetylcholine,0.9344608879492601,8
07B,IN07B096_c,acetylcholine,acetylcholine,0.9347368421052632,4
07B,IN07B096_d,acetylcholine,acetylcholine,0.9348054679284963,3
07B,IN07B098,acetylcholine,acetylcholine,0.9337606837606838,18
07B,IN07B099,acetylcholine,acetylcholine,0.9343915343915344,9
07B,IN07B100,acetylcholine,acetylcholine,0.9343915343915344,9
07B,IN07B102,acetylcholine,acetylcholine,0.9341825902335457,12
07B,IN07B103,acetylcholine,acetylcholine,0.9347368421052632,4
07B,IN07B104,glutamate,acetylcholine,0.9369747899159664,2
07B,LBL40,acetylcholine,acetylcholine,0.9348739495798319,2
07B,LoVC25,acetylcholine,acetylcholine,0.9334763948497854,22
07B,PRW060,glutamate,acetylcholine,0.9369747899159664,2
07B,PS311,acetylcholine,acetylcholine,0.9348739495798319,2
07B,PS351,acetylcholine,acetylcholine,0.9347368421052632,4
07B,PS359,acetylcholine,acetylcholine,0.9348739495798319,2
07B,SAD106,acetylcholine,acetylcholine,0.9348739495798319,2
07B,SAD115,acetylcholine,acetylcholine,0.9349422875131165,1
07B,VES090,acetylcholine,acetylcholine,0.9348739495798319,2
07B,WED192,acetylcholine,acetylcholine,0.9348054679284963,3
07B,WED193,acetylcholine,acetylcholine,0.9348739495798319,2
07B,WED210,acetylcholine,acetylcholine,0.9348739495798319,2
07B_put1,AVLP473,acetylcholine,acetylcholine,0.926605504587156,2
07B_put1,CB0128,acetylcholine,acetylcholine,0.926605504587156,2
07B_put1,CB4242,acetylcholine,acetylcholine,0.9175257731958762,14
07B_put1,CB4243,acetylcholine,acetylcholine,0.9207920792079208,10
07B_put1,CL143,glutamate,acetylcholine,0.944954128440367,2
07B_put1,CL144,glutamate,acetylcholine,0.944954128440367,2
07B_put1,DNp23,acetylcholine,acetylcholine,0.926605504587156,2
07B_put1,DNp58,acetylcholine,acetylcholine,0.926605504587156,2
07B_put1,DNp60,acetylcholine,acetylcholine,0.926605504587156,2
07B_put1,DNp64,acetylcholine,acetylcholine,0.926605504587156,2
07B_put1,DNp67,acetylcholine,acetylcholine,0.926605504587156,2
07B_put1,DNp68,acetylcholine,acetylcholine,0.926605504587156,2
07B_put1,DNpe036,acetylcholine,acetylcholine,0.926605504587156,2
07B_put1,DNpe045,acetylcholine,acetylcholine,0.926605504587156,2
07B_put1,LPN_a,acetylcholine,acetylcholine,0.9252336448598131,4
07B_put1,LPN_b,acetylcholine,acetylcholine,0.926605504587156,2
07B_put1,SIP052,glutamate,acetylcholine,0.944954128440367,2
07B_put1,SIP053,acetylcholine,acetylcholine,0.9207920792079208,10
07B_put1,SLP355,acetylcholine,acetylcholine,0.926605504587156,2
07B_put1,SLP368,acetylcholine,acetylcholine,0.926605504587156,2
07B_put1,SMP251,acetylcholine,acetylcholine,0.926605504587156,2
07B_put1,SMP252,acetylcholine,acetylcholine,0.926605504587156,2
07B_put1,SMP253,acetylcholine,acetylcholine,0.926605504587156,2
07B_put1,SMP254,acetylcholine,acetylcholine,0.926605504587156,2
07B_put1,SMP255,acetylcholine,acetylcholine,0.926605504587156,2
07B_put1,SMP258,acetylcholine,acetylcholine,0.926605504587156,2
07B_put1,SMP261,acetylcholine,acetylcholine,0.9183673469387755,13
07B_put1,SMP262,acetylcholine,acetylcholine,0.9238095238095239,6
07B_put1,SMP272,acetylcholine,acetylcholine,0.926605504587156,2
07B_put1,SMP273,acetylcholine,acetylcholine,0.926605504587156,2
07B_put1,SMP276,glutamate,acetylcholine,0.944954128440367,2
07B_put1,SMP582,acetylcholine,acetylcholine,0.926605504587156,2
07B_put1,SMP_unclear,acetylcholine,acetylcholine,0.926605504587156,2
07B_put2,#15597,acetylcholine,acetylcholine,1.0,1
07B_put2,#17284,acetylcholine,acetylcholine,1.0,1
07B_put2,#17556,acetylcholine,acetylcholine,1.0,1
07B_put2,#18628,acetylcholine,acetylcholine,1.0,1
07B_put2,#19302,acetylcholine,acetylcholine,1.0,1
07B_put2,#21641,acetylcholine,acetylcholine,1.0,1
07B_put2,#22584,acetylcholine,acetylcholine,1.0,1
07B_put2,#34740,acetylcholine,acetylcholine,1.0,1
07B_put2,#514282,acetylcholine,acetylcholine,1.0,1
07B_put2,#519416,acetylcholine,acetylcholine,1.0,1
07B_put2,#524002,acetylcholine,acetylcholine,1.0,1
07B_put2,#527536,acetylcholine,acetylcholine,1.0,1
07B_put2,#531648,acetylcholine,acetylcholine,1.0,1
07B_put2,#542962,acetylcholine,acetylcholine,1.0,1
07B_put2,#76505,acetylcholine,acetylcholine,1.0,1
07B_put2,AMMC012,acetylcholine,acetylcholine,1.0,2
07B_put2,AVLP579,acetylcholine,acetylcholine,1.0,2
07B_put2,CB1642,acetylcholine,acetylcholine,1.0,2
07B_put2,CB1649,acetylcholine,acetylcholine,1.0,2
07B_put2,CB3376,acetylcholine,acetylcholine,1.0,4
07B_put2,CB4101,acetylcholine,acetylcholine,1.0,7
07B_put2,CB4102,acetylcholine,acetylcholine,1.0,7
07B_put2,CB4103,acetylcholine,acetylcholine,1.0,10
07B_put2,CL319,acetylcholine,acetylcholine,1.0,2
07B_put2,CL321,acetylcholine,acetylcholine,1.0,2
07B_put2,CL323,acetylcholine,acetylcholine,1.0,4
07B_put2,DNp05,acetylcholine,acetylcholine,1.0,2
07B_put2,DNp07,acetylcholine,acetylcholine,1.0,2
07B_put2,DNp26,acetylcholine,acetylcholine,1.0,2
07B_put2,DNp31,acetylcholine,acetylcholine,1.0,2
07B_put2,IB061,acetylcholine,acetylcholine,1.0,2
07B_put2,LAL152,acetylcholine,acetylcholine,1.0,2
07B_put2,LAL153,acetylcholine,acetylcholine,1.0,2
07B_put2,PLP219,acetylcholine,acetylcholine,1.0,4
07B_put2,PLP222,acetylcholine,acetylcholine,1.0,2
07B_put2,PLP225,acetylcholine,acetylcholine,1.0,2
07B_put2,PS196_a,acetylcholine,acetylcholine,1.0,2
07B_put2,PS196_b,acetylcholine,acetylcholine,1.0,2
07B_put2,PS197,acetylcholine,acetylcholine,1.0,4
07B_put2,PS202,acetylcholine,acetylcholine,1.0,2
07B_put2,PS206,acetylcholine,acetylcholine,1.0,2
07B_put2,PS208,acetylcholine,acetylcholine,1.0,11
07B_put2,PS209,acetylcholine,acetylcholine,1.0,12
07B_put2,PS210,acetylcholine,acetylcholine,1.0,1
07B_put2,SAD084,acetylcholine,acetylcholine,1.0,2
07B_put2,SAD085,acetylcholine,acetylcholine,1.0,2
07B_put2,VES067,acetylcholine,acetylcholine,1.0,2
07B_put2,VES070,acetylcholine,acetylcholine,1.0,2
07B_put2,VES071,acetylcholine,acetylcholine,1.0,2
07B_put2,VES072,acetylcholine,acetylcholine,1.0,2
07B_put2,VES073,acetylcholine,acetylcholine,1.0,2
07B_put2,VES074,acetylcholine,acetylcholine,1.0,2
07B_put2,WED124,acetylcholine,acetylcholine,1.0,2
07B_put2,WED125,acetylcholine,acetylcholine,1.0,3
07B_put2,WED127,acetylcholine,acetylcholine,1.0,3
07B_put2,WED128,acetylcholine,acetylcholine,1.0,8
07B_put2,WED129,acetylcholine,acetylcholine,1.0,4
07B_put2,WED130,acetylcholine,acetylcholine,1.0,2
07B_put2,WED131,acetylcholine,acetylcholine,1.0,4
08A,#810061,glutamate,glutamate,0.9829059829059829,1
08A,IN08A002,glutamate,glutamate,0.9826589595375722,6
08A,IN08A003,glutamate,glutamate,0.9828571428571429,2
08A,IN08A005,glutamate,glutamate,0.9826589595375722,6
08A,IN08A006,gaba,glutamate,1.0,6
08A,IN08A007,glutamate,glutamate,0.9826589595375722,6
08A,IN08A008,glutamate,glutamate,0.9826589595375722,6
08A,IN08A010,glutamate,glutamate,0.9828571428571429,2
08A,IN08A011,glutamate,glutamate,0.9822485207100592,14
08A,IN08A012,glutamate,glutamate,0.9828571428571429,2
08A,IN08A016,glutamate,glutamate,0.9827586206896551,4
08A,IN08A017,glutamate,glutamate,0.9827586206896551,4
08A,IN08A019,glutamate,glutamate,0.9823529411764705,12
08A,IN08A021,glutamate,glutamate,0.9827586206896551,4
08A,IN08A022,glutamate,glutamate,0.9826589595375722,6
08A,IN08A023,glutamate,glutamate,0.9826086956521739,7
08A,IN08A024,glutamate,glutamate,0.9826589595375722,6
08A,IN08A025,glutamate,glutamate,0.9828571428571429,2
08A,IN08A026,glutamate,glutamate,0.9817073170731707,24
08A,"IN08A026,IN08A033",glutamate,glutamate,0.9828080229226361,3
08A,IN08A027,glutamate,glutamate,0.9827089337175793,5
08A,IN08A028,glutamate,glutamate,0.9823529411764705,12
08A,IN08A029,glutamate,glutamate,0.9827089337175793,5
08A,IN08A030,glutamate,glutamate,0.9824046920821115,11
08A,IN08A031,glutamate,glutamate,0.9824561403508771,10
08A,IN08A032,glutamate,glutamate,0.9826086956521739,7
08A,IN08A034,glutamate,glutamate,0.9824561403508771,10
08A,IN08A035,glutamate,glutamate,0.9826086956521739,7
08A,IN08A036,glutamate,glutamate,0.9814814814814815,28
08A,IN08A037,glutamate,glutamate,0.9825581395348837,8
08A,IN08A038,glutamate,glutamate,0.9827586206896551,4
08A,IN08A039,glutamate,glutamate,0.9827586206896551,4
08A,IN08A040,glutamate,glutamate,0.9827089337175793,5
08A,IN08A041,glutamate,glutamate,0.9822485207100592,14
08A,IN08A042,glutamate,glutamate,0.9828571428571429,2
08A,IN08A043,glutamate,glutamate,0.9819277108433735,20
08A,IN08A044,glutamate,glutamate,0.9828571428571429,2
08A,IN08A045,glutamate,glutamate,0.9826589595375722,6
08A,IN08A046,glutamate,glutamate,0.9826086956521739,7
08A,IN08A047,glutamate,glutamate,0.9824561403508771,10
08A,IN08A048,glutamate,glutamate,0.9825072886297376,9
08A,IN08A049,glutamate,glutamate,0.9827586206896551,4
08A,IN08A050,glutamate,glutamate,0.9825072886297376,9
08A,MNad28,glutamate,glutamate,0.9828571428571429,2
08A,MNwm36,glutamate,glutamate,0.9828571428571429,2
08A,TTMn,glutamate,glutamate,0.9828571428571429,2
08A,Tergopleural/Pleural promotor MN,glutamate,glutamate,0.9827586206896551,4
08A,hDVM MN,glutamate,glutamate,0.9828571428571429,2
08A,hi1 MN,glutamate,glutamate,0.9828571428571429,2
08A,ps2 MN,glutamate,glutamate,0.9828571428571429,2
08A,vMS11,glutamate,glutamate,0.9822485207100592,14
08B,#155303,acetylcholine,acetylcholine,0.9880952380952381,1
08B,#41268,acetylcholine,acetylcholine,0.9880952380952381,1
08B,#49106,acetylcholine,acetylcholine,0.9880952380952381,1
08B,#911282,acetylcholine,acetylcholine,0.9880952380952381,1
08B,AN08B005,acetylcholine,acetylcholine,0.9880715705765407,2
08B,AN08B007,gaba,acetylcholine,0.9920477137176938,2
08B,AN08B009,acetylcholine,acetylcholine,0.9880239520958084,4
08B,AN08B010,acetylcholine,acetylcholine,0.9880239520958084,4
08B,AN08B012,acetylcholine,acetylcholine,0.9880239520958084,4
08B,AN08B013,acetylcholine,acetylcholine,0.9880715705765407,2
08B,AN08B014,acetylcholine,acetylcholine,0.9880715705765407,2
08B,AN08B015,acetylcholine,acetylcholine,0.9880715705765407,2
08B,AN08B016,gaba,acetylcholine,0.9920477137176938,2
08B,AN08B018,acetylcholine,acetylcholine,0.9877800407331976,14
08B,AN08B020,acetylcholine,acetylcholine,0.9880715705765407,2
08B,AN08B022,acetylcholine,acetylcholine,0.9879759519038076,6
08B,AN08B023,acetylcholine,acetylcholine,0.9879759519038076,6
08B,AN08B024,acetylcholine,acetylcholine,0.9879759519038076,6
08B,AN08B025,acetylcholine,acetylcholine,0.9880715705765407,2
08B,AN08B026,acetylcholine,acetylcholine,0.9879759519038076,6
08B,AN08B027,acetylcholine,acetylcholine,0.9880715705765407,2
08B,AN08B028,acetylcholine,acetylcholine,0.9880239520958084,4
08B,AN08B031,acetylcholine,acetylcholine,0.9879759519038076,6
08B,AN08B032,acetylcholine,acetylcholine,0.9880715705765407,2
08B,AN08B034,acetylcholine,acetylcholine,0.9879759519038076,6
08B,AN08B035,acetylcholine,acetylcholine,0.9880952380952381,1
08B,AN08B041,acetylcholine,acetylcholine,0.9880715705765407,2
08B,AN08B043,acetylcholine,acetylcholine,0.9880715705765407,2
08B,AN08B047,acetylcholine,acetylcholine,0.988,5
08B,AN08B048,acetylcholine,acetylcholine,0.9880715705765407,2
08B,AN08B049,acetylcholine,acetylcholine,0.9880239520958084,4
08B,AN08B050,acetylcholine,acetylcholine,0.9880715705765407,2
08B,AN08B053,acetylcholine,acetylcholine,0.9880715705765407,2
08B,AN08B057,acetylcholine,acetylcholine,0.9880715705765407,2
08B,AN08B059,acetylcholine,acetylcholine,0.988,5
08B,AN08B061,acetylcholine,acetylcholine,0.9879518072289156,7
08B,AN08B066,acetylcholine,acetylcholine,0.9880715705765407,2
08B,AN08B069,acetylcholine,acetylcholine,0.9880715705765407,2
08B,AN08B074,acetylcholine,acetylcholine,0.9879759519038076,6
08B,AN08B079_a,acetylcholine,acetylcholine,0.9879518072289156,7
08B,AN08B079_b,acetylcholine,acetylcholine,0.9879275653923542,8
08B,AN08B081,acetylcholine,acetylcholine,0.9880239520958084,4
08B,AN08B084,acetylcholine,acetylcholine,0.9880239520958084,4
08B,AN08B086,acetylcholine,acetylcholine,0.9880715705765407,2
08B,AN08B089,acetylcholine,acetylcholine,0.9880715705765407,2
08B,AN08B094,acetylcholine,acetylcholine,0.9880478087649402,3
08B,AN08B095,acetylcholine,acetylcholine,0.9880715705765407,2
08B,AN08B096,acetylcholine,acetylcholine,0.9880478087649402,3
08B,AN08B097,acetylcholine,acetylcholine,0.988,5
08B,AN08B098,acetylcholine,acetylcholine,0.9878787878787879,10
08B,AN08B099_a,acetylcholine,acetylcholine,0.9880239520958084,4
08B,AN08B099_b,acetylcholine,acetylcholine,0.9880715705765407,2
08B,AN08B099_c,acetylcholine,acetylcholine,0.9880715705765407,2
08B,AN08B099_d,acetylcholine,acetylcholine,0.9880715705765407,2
08B,AN08B099_e,acetylcholine,acetylcholine,0.9880715705765407,2
08B,AN08B099_f,acetylcholine,acetylcholine,0.9880715705765407,2
08B,AN08B099_g,acetylcholine,acetylcholine,0.9880478087649402,3
08B,AN08B099_h,acetylcholine,acetylcholine,0.9880715705765407,2
08B,AN08B099_i,acetylcholine,acetylcholine,0.9880952380952381,1
08B,AN08B099_j,acetylcholine,acetylcholine,0.9880952380952381,1
08B,AN08B100,acetylcholine,acetylcholine,0.9878787878787879,10
08B,AN08B101,acetylcholine,acetylcholine,0.9879759519038076,6
08B,AN08B102,acetylcholine,acetylcholine,0.9880715705765407,2
08B,AN08B103,acetylcholine,acetylcholine,0.9880715705765407,2
08B,AN08B106,acetylcholine,acetylcholine,0.9880239520958084,4
08B,AN08B107,acetylcholine,acetylcholine,0.9880715705765407,2
08B,AN08B109,acetylcholine,acetylcholine,0.9880715705765407,2
08B,AN08B110,acetylcholine,acetylcholine,0.9880715705765407,2
08B,AN08B111,acetylcholine,acetylcholine,0.9880715705765407,2
08B,AN08B112,acetylcholine,acetylcholine,0.9880239520958084,4
08B,AN08B113,acetylcholine,acetylcholine,0.9878542510121457,11
08B,IN08B001,acetylcholine,acetylcholine,0.9880715705765407,2
08B,IN08B003,gaba,acetylcholine,0.9920477137176938,2
08B,IN08B004,acetylcholine,acetylcholine,0.9880239520958084,4
08B,IN08B006,acetylcholine,acetylcholine,0.9880715705765407,2
08B,IN08B008,acetylcholine,acetylcholine,0.9879518072289156,7
08B,IN08B017,acetylcholine,acetylcholine,0.9880715705765407,2
08B,IN08B019,acetylcholine,acetylcholine,0.9880715705765407,2
08B,IN08B021,acetylcholine,acetylcholine,0.9880715705765407,2
08B,IN08B029,acetylcholine,acetylcholine,0.9880715705765407,2
08B,IN08B030,acetylcholine,acetylcholine,0.9880239520958084,4
08B,IN08B033,acetylcholine,acetylcholine,0.9880715705765407,2
08B,IN08B035,acetylcholine,acetylcholine,0.9880715705765407,2
08B,IN08B036,acetylcholine,acetylcholine,0.9879275653923542,8
08B,IN08B037,acetylcholine,acetylcholine,0.9879759519038076,6
08B,IN08B038,acetylcholine,acetylcholine,0.9880715705765407,2
08B,IN08B039,acetylcholine,acetylcholine,0.9880952380952381,1
08B,IN08B040,acetylcholine,acetylcholine,0.9879759519038076,6
08B,IN08B042,acetylcholine,acetylcholine,0.9879759519038076,6
08B,IN08B045,acetylcholine,acetylcholine,0.9880715705765407,2
08B,IN08B046,acetylcholine,acetylcholine,0.9880239520958084,4
08B,IN08B051_a,acetylcholine,acetylcholine,0.9880478087649402,3
08B,IN08B051_b,acetylcholine,acetylcholine,0.9880715705765407,2
08B,IN08B051_c,acetylcholine,acetylcholine,0.9880478087649402,3
08B,IN08B051_d,acetylcholine,acetylcholine,0.9880239520958084,4
08B,IN08B051_e,acetylcholine,acetylcholine,0.9880715705765407,2
08B,IN08B052,acetylcholine,acetylcholine,0.9880715705765407,2
08B,IN08B054,acetylcholine,acetylcholine,0.9878296146044625,12
08B,IN08B055,acetylcholine,acetylcholine,0.9880239520958084,4
08B,IN08B056,acetylcholine,acetylcholine,0.9879275653923542,8
08B,IN08B058,acetylcholine,acetylcholine,0.9880239520958084,4
08B,IN08B060,acetylcholine,acetylcholine,0.9880239520958084,4
08B,IN08B062,acetylcholine,acetylcholine,0.9879518072289156,7
08B,IN08B063,acetylcholine,acetylcholine,0.988,5
08B,IN08B064,acetylcholine,acetylcholine,0.9880239520958084,4
08B,IN08B065,acetylcholine,acetylcholine,0.9879759519038076,6
08B,IN08B067,acetylcholine,acetylcholine,0.9880239520958084,4
08B,IN08B068,acetylcholine,acetylcholine,0.9879759519038076,6
08B,IN08B070_a,acetylcholine,acetylcholine,0.9880239520958084,4
08B,IN08B070_b,acetylcholine,acetylcholine,0.9879518072289156,7
08B,IN08B072,acetylcholine,acetylcholine,0.9880478087649402,3
08B,IN08B073,acetylcholine,acetylcholine,0.9880715705765407,2
08B,IN08B075,acetylcholine,acetylcholine,0.9880715705765407,2
08B,IN08B076,acetylcholine,acetylcholine,0.9880715705765407,2
08B,IN08B077,acetylcholine,acetylcholine,0.9880239520958084,4
08B,IN08B078,acetylcholine,acetylcholine,0.9880239520958084,4
08B,IN08B080,acetylcholine,acetylcholine,0.9880715705765407,2
08B,IN08B082,acetylcholine,acetylcholine,0.9879275653923542,8
08B,IN08B083_a,acetylcholine,acetylcholine,0.9880239520958084,4
08B,IN08B083_b,acetylcholine,acetylcholine,0.9880715705765407,2
08B,IN08B083_c,acetylcholine,acetylcholine,0.9880715705765407,2
08B,IN08B083_d,acetylcholine,acetylcholine,0.9880478087649402,3
08B,IN08B085_a,acetylcholine,acetylcholine,0.9879032258064516,9
08B,IN08B087,acetylcholine,acetylcholine,0.9880239520958084,4
08B,IN08B088,acetylcholine,acetylcholine,0.9880239520958084,4
08B,IN08B090,acetylcholine,acetylcholine,0.9880715705765407,2
08B,IN08B091,acetylcholine,acetylcholine,0.9879518072289156,7
08B,IN08B092,acetylcholine,acetylcholine,0.9880239520958084,4
08B,IN08B093,acetylcholine,acetylcholine,0.9878296146044625,12
08B,IN08B104,acetylcholine,acetylcholine,0.9879759519038076,6
08B,IN08B105,acetylcholine,acetylcholine,0.9880952380952381,1
08B,IN08B108,acetylcholine,acetylcholine,0.988,5
08B,dPR1,acetylcholine,acetylcholine,0.9880715705765407,2
08B_put1,CB0297,acetylcholine,acetylcholine,1.0,2
08B_put1,CB0477,acetylcholine,acetylcholine,1.0,2
08B_put1,DNg54,acetylcholine,acetylcholine,1.0,2
08B_put1,GNG046,acetylcholine,acetylcholine,1.0,2
08B_put1,GNG122,acetylcholine,acetylcholine,1.0,2
08B_put1,GNG321,acetylcholine,acetylcholine,1.0,2
08B_put1,GNG423,acetylcholine,acetylcholine,1.0,4
08B_put1,GNG512,acetylcholine,acetylcholine,1.0,2
08B_put1,GNG517,acetylcholine,acetylcholine,1.0,2
08B_put2,#16456,acetylcholine,acetylcholine,1.0,1
08B_put2,#17493,acetylcholine,acetylcholine,1.0,1
08B_put2,#18768,acetylcholine,acetylcholine,1.0,1
08B_put2,#19606,acetylcholine,acetylcholine,1.0,1
08B_put2,#20055,acetylcholine,acetylcholine,1.0,1
08B_put2,#21007,acetylcholine,acetylcholine,1.0,1
08B_put2,#21098,acetylcholine,acetylcholine,1.0,1
08B_put2,#21515,acetylcholine,acetylcholine,1.0,1
08B_put2,#21834,acetylcholine,acetylcholine,1.0,1
08B_put2,#21837,acetylcholine,acetylcholine,1.0,1
08B_put2,#22323,acetylcholine,acetylcholine,1.0,1
08B_put2,#22629,acetylcholine,acetylcholine,1.0,1
08B_put2,#22705,acetylcholine,acetylcholine,1.0,1
08B_put2,#24761,acetylcholine,acetylcholine,1.0,1
08B_put2,#24783,acetylcholine,acetylcholine,1.0,1
08B_put2,#25104,acetylcholine,acetylcholine,1.0,1
08B_put2,#25112,acetylcholine,acetylcholine,1.0,1
08B_put2,#27297,acetylcholine,acetylcholine,1.0,1
08B_put2,#28092,acetylcholine,acetylcholine,1.0,1
08B_put2,#28154,acetylcholine,acetylcholine,1.0,1
08B_put2,#29062,acetylcholine,acetylcholine,1.0,1
08B_put2,#34073,acetylcholine,acetylcholine,1.0,1
08B_put2,#35849,acetylcholine,acetylcholine,1.0,1
08B_put2,#36529,acetylcholine,acetylcholine,1.0,1
08B_put2,#37692,acetylcholine,acetylcholine,1.0,1
08B_put2,#40320,acetylcholine,acetylcholine,1.0,1
08B_put2,#43820,acetylcholine,acetylcholine,1.0,1
08B_put2,#48861,acetylcholine,acetylcholine,1.0,1
08B_put2,#513096,acetylcholine,acetylcholine,1.0,1
08B_put2,#514284,acetylcholine,acetylcholine,1.0,1
08B_put2,#514478,acetylcholine,acetylcholine,1.0,1
08B_put2,#514922,acetylcholine,acetylcholine,1.0,1
08B_put2,#518041,acetylcholine,acetylcholine,1.0,1
08B_put2,#518263,acetylcholine,acetylcholine,1.0,1
08B_put2,#518468,acetylcholine,acetylcholine,1.0,1
08B_put2,#519260,acetylcholine,acetylcholine,1.0,1
08B_put2,#521694,acetylcholine,acetylcholine,1.0,1
08B_put2,#525355,acetylcholine,acetylcholine,1.0,1
08B_put2,#533917,acetylcholine,acetylcholine,1.0,1
08B_put2,AVLP098,acetylcholine,acetylcholine,1.0,2
08B_put2,AVLP099,acetylcholine,acetylcholine,1.0,4
08B_put2,AVLP101,acetylcholine,acetylcholine,1.0,2
08B_put2,AVLP102,acetylcholine,acetylcholine,1.0,2
08B_put2,AVLP103,acetylcholine,acetylcholine,1.0,4
08B_put2,AVLP104,acetylcholine,acetylcholine,1.0,14
08B_put2,AVLP105,acetylcholine,acetylcholine,1.0,5
08B_put2,AVLP107,acetylcholine,acetylcholine,1.0,4
08B_put2,AVLP108,acetylcholine,acetylcholine,1.0,2
08B_put2,AVLP109,acetylcholine,acetylcholine,1.0,6
08B_put2,AVLP110_a,acetylcholine,acetylcholine,1.0,4
08B_put2,AVLP110_b,acetylcholine,acetylcholine,1.0,4
08B_put2,AVLP111,acetylcholine,acetylcholine,1.0,5
08B_put2,AVLP112,acetylcholine,acetylcholine,1.0,4
08B_put2,AVLP113,acetylcholine,acetylcholine,1.0,4
08B_put2,AVLP115,acetylcholine,acetylcholine,1.0,12
08B_put2,AVLP116,acetylcholine,acetylcholine,1.0,4
08B_put2,AVLP120,acetylcholine,acetylcholine,1.0,5
08B_put2,AVLP121,acetylcholine,acetylcholine,1.0,6
08B_put2,AVLP124,acetylcholine,acetylcholine,1.0,4
08B_put2,AVLP126,acetylcholine,acetylcholine,1.0,11
08B_put2,AVLP129,acetylcholine,acetylcholine,1.0,2
08B_put2,AVLP136,acetylcholine,acetylcholine,1.0,4
08B_put2,AVLP137,acetylcholine,acetylcholine,1.0,4
08B_put2,AVLP138,acetylcholine,acetylcholine,1.0,5
08B_put2,AVLP139,acetylcholine,acetylcholine,1.0,4
08B_put2,AVLP143,acetylcholine,acetylcholine,1.0,4
08B_put2,AVLP145,acetylcholine,acetylcholine,1.0,11
08B_put2,AVLP147,acetylcholine,acetylcholine,1.0,5
08B_put2,AVLP149,acetylcholine,acetylcholine,1.0,12
08B_put2,AVLP317,acetylcholine,acetylcholine,1.0,2
08B_put2,AVLP318,acetylcholine,acetylcholine,1.0,2
08B_put2,AVLP323,acetylcholine,acetylcholine,1.0,4
08B_put2,AVLP339,acetylcholine,acetylcholine,1.0,2
08B_put2,AVLP744m,acetylcholine,acetylcholine,1.0,7
08B_put2,AVLP745m,acetylcholine,acetylcholine,1.0,4
08B_put2,CB0381,acetylcholine,acetylcholine,1.0,4
08B_put2,CB0763,acetylcholine,acetylcholine,1.0,4
08B_put2,CB1189,acetylcholine,acetylcholine,1.0,5
08B_put2,CB1190,acetylcholine,acetylcholine,1.0,4
08B_put2,CB1302,acetylcholine,acetylcholine,1.0,4
08B_put2,CB1706,acetylcholine,acetylcholine,1.0,3
08B_put2,CB1938,acetylcholine,acetylcholine,1.0,3
08B_put2,CB2257,acetylcholine,acetylcholine,1.0,4
08B_put2,CB2339,acetylcholine,acetylcholine,1.0,4
08B_put2,CB2522,acetylcholine,acetylcholine,1.0,5
08B_put2,CB2538,acetylcholine,acetylcholine,1.0,4
08B_put2,CB3302,acetylcholine,acetylcholine,1.0,4
08B_put2,CB3322,acetylcholine,acetylcholine,1.0,4
08B_put2,CB3427,acetylcholine,acetylcholine,1.0,2
08B_put2,CB3445,acetylcholine,acetylcholine,1.0,4
08B_put2,CB3530,acetylcholine,acetylcholine,1.0,4
08B_put2,CB3545,acetylcholine,acetylcholine,1.0,4
08B_put2,CB3598,acetylcholine,acetylcholine,1.0,3
08B_put2,CB3667,acetylcholine,acetylcholine,1.0,3
08B_put2,CB4116,acetylcholine,acetylcholine,1.0,19
08B_put2,LHAV1a1,acetylcholine,acetylcholine,1.0,8
08B_put2,LHAV1a3,acetylcholine,acetylcholine,1.0,12
08B_put2,LHAV1a4,acetylcholine,acetylcholine,1.0,7
08B_put2,LHAV1b1,acetylcholine,acetylcholine,1.0,4
08B_put2,LHAV1b3,acetylcholine,acetylcholine,1.0,2
08B_put2,LHAV1f1,acetylcholine,acetylcholine,1.0,9
09A,#804549,gaba,gaba,1.0,1
09A,#818792,gaba,gaba,1.0,1
09A,AN09A007,gaba,gaba,1.0,2
09A,IN09A001,gaba,gaba,1.0,6
09A,IN09A002,gaba,gaba,1.0,6
09A,IN09A003,gaba,gaba,1.0,6
09A,IN09A004,gaba,gaba,1.0,4
09A,IN09A006,gaba,gaba,1.0,8
09A,IN09A007,gaba,gaba,1.0,4
09A,IN09A009,gaba,gaba,1.0,4
09A,IN09A010,gaba,gaba,1.0,6
09A,IN09A011,gaba,gaba,1.0,2
09A,IN09A012,gaba,gaba,1.0,6
09A,IN09A013,gaba,gaba,1.0,6
09A,IN09A014,gaba,gaba,1.0,6
09A,IN09A015,gaba,gaba,1.0,2
09A,IN09A016,gaba,gaba,1.0,6
09A,IN09A017,gaba,gaba,1.0,6
09A,IN09A018,gaba,gaba,1.0,6
09A,IN09A019,gaba,gaba,1.0,6
09A,IN09A020,gaba,gaba,1.0,6
09A,IN09A021,gaba,gaba,1.0,6
09A,IN09A022,gaba,gaba,1.0,12
09A,IN09A023,gaba,gaba,1.0,4
09A,IN09A024,gaba,gaba,1.0,7
09A,"IN09A025,IN09A026",gaba,gaba,1.0,4
09A,IN09A026,gaba,gaba,1.0,5
09A,IN09A027,gaba,gaba,1.0,6
09A,IN09A028,gaba,gaba,1.0,2
09A,IN09A029,gaba,gaba,1.0,4
09A,IN09A030,gaba,gaba,1.0,4
09A,IN09A031,gaba,gaba,1.0,6
09A,IN09A032,gaba,gaba,1.0,3
09A,IN09A033,gaba,gaba,1.0,7
09A,IN09A034,gaba,gaba,1.0,4
09A,IN09A035,gaba,gaba,1.0,2
09A,IN09A037,gaba,gaba,1.0,4
09A,IN09A038,gaba,gaba,1.0,3
09A,IN09A039,gaba,gaba,1.0,18
09A,IN09A041,gaba,gaba,1.0,2
09A,IN09A042,gaba,gaba,1.0,6
09A,IN09A043,gaba,gaba,1.0,18
09A,IN09A044,gaba,gaba,1.0,6
09A,IN09A045,gaba,gaba,1.0,6
09A,IN09A046,gaba,gaba,1.0,12
09A,IN09A047,gaba,gaba,1.0,9
09A,IN09A048,gaba,gaba,1.0,4
09A,IN09A049,gaba,gaba,1.0,6
09A,IN09A050,gaba,gaba,1.0,5
09A,IN09A051,gaba,gaba,1.0,2
09A,IN09A052,gaba,gaba,1.0,4
09A,IN09A053,gaba,gaba,1.0,4
09A,IN09A054,gaba,gaba,1.0,6
09A,IN09A055,gaba,gaba,1.0,10
09A,IN09A056,gaba,gaba,1.0,2
09A,"IN09A056,IN09A072",gaba,gaba,1.0,9
09A,IN09A057,gaba,gaba,1.0,6
09A,IN09A058,gaba,gaba,1.0,4
09A,IN09A059,gaba,gaba,1.0,2
09A,IN09A060,gaba,gaba,1.0,12
09A,IN09A061,gaba,gaba,1.0,2
09A,IN09A062,gaba,gaba,1.0,2
09A,IN09A063,gaba,gaba,1.0,6
09A,IN09A064,gaba,gaba,1.0,13
09A,IN09A065,gaba,gaba,1.0,2
09A,IN09A066,gaba,gaba,1.0,6
09A,IN09A067,gaba,gaba,1.0,2
09A,IN09A068,gaba,gaba,1.0,2
09A,IN09A069,gaba,gaba,1.0,7
09A,IN09A070,gaba,gaba,1.0,6
09A,IN09A071,gaba,gaba,1.0,9
09A,IN09A073,gaba,gaba,1.0,6
09A,IN09A074,gaba,gaba,1.0,9
09A,IN09A075,gaba,gaba,1.0,2
09A,IN09A076,gaba,gaba,1.0,4
09A,IN09A077,gaba,gaba,1.0,4
09A,IN09A078,gaba,gaba,1.0,6
09A,IN09A079,gaba,gaba,1.0,11
09A,"IN09A080,IN09A085",gaba,gaba,1.0,7
09A,IN09A081,gaba,gaba,1.0,5
09A,IN09A082,gaba,gaba,1.0,3
09A,IN09A083,gaba,gaba,1.0,7
09A,IN09A084,gaba,gaba,1.0,2
09A,IN09A086,gaba,gaba,1.0,5
09A,IN09A087,gaba,gaba,1.0,3
09A,IN09A088,gaba,gaba,1.0,5
09A,IN09A089,gaba,gaba,1.0,2
09A,IN09A090,gaba,gaba,1.0,7
09A,IN09A091,gaba,gaba,1.0,6
09A,IN09A092,gaba,gaba,1.0,12
09A,IN09A093,gaba,gaba,1.0,11
09A,IN09A094,gaba,gaba,1.0,5
09A,IN09A095,gaba,gaba,1.0,8
09A,IN09A096,gaba,gaba,1.0,9
09A_put1,#119212,gaba,gaba,0.5352112676056338,1
09A_put1,#122297,gaba,gaba,0.5352112676056338,1
09A_put1,#12929,acetylcholine,gaba,0.539906103286385,1
09A_put1,#13621,acetylcholine,gaba,0.539906103286385,1
09A_put1,#139148,gaba,gaba,0.5352112676056338,1
09A_put1,#151762,gaba,gaba,0.5352112676056338,1
09A_put1,#158892,gaba,gaba,0.5352112676056338,1
09A_put1,#164635,gaba,gaba,0.5352112676056338,1
09A_put1,#168466,gaba,gaba,0.5352112676056338,1
09A_put1,#17107,acetylcholine,gaba,0.539906103286385,1
09A_put1,#176598,gaba,gaba,0.5352112676056338,1
09A_put1,#188051,gaba,gaba,0.5352112676056338,1
09A_put1,#18994,acetylcholine,gaba,0.539906103286385,1
09A_put1,#46154,acetylcholine,gaba,0.539906103286385,1
09A_put1,#523828,acetylcholine,gaba,0.539906103286385,1
09A_put1,#524164,acetylcholine,gaba,0.539906103286385,1
09A_put1,CB1824,gaba,gaba,0.5099009900990099,12
09A_put1,CB2908,acetylcholine,gaba,0.5476190476190477,4
09A_put1,CB3007,gaba,gaba,0.5285714285714286,4
09A_put1,CB3202,acetylcholine,gaba,0.5502392344497608,5
09A_put1,CB3679,acetylcholine,gaba,0.539906103286385,1
09A_put1,GNG096,gaba,gaba,0.5330188679245284,2
09A_put1,LN60,gaba,gaba,0.5285714285714286,4
09A_put1,l2LN19,gaba,gaba,0.5285714285714286,4
09A_put1,l2LN20,gaba,gaba,0.5263157894736842,5
09A_put1,l2LN21,gaba,gaba,0.5330188679245284,2
09A_put1,l2LN23,gaba,gaba,0.5285714285714286,4
09A_put1,lLN12A,acetylcholine,gaba,0.5637254901960784,10
09A_put1,lLN13,gaba,gaba,0.5240384615384616,6
09A_put1,lLN14,gaba,gaba,0.5330188679245284,2
09A_put1,lLN15,gaba,gaba,0.5217391304347826,7
09A_put1,lLN1_a,acetylcholine,gaba,0.5424528301886793,2
09A_put1,lLN1_bc,acetylcholine,gaba,0.625,30
09A_put1,lLN2F_b,gaba,gaba,0.5285714285714286,4
09A_put1,lLN2P_a,gaba,gaba,0.5217391304347826,7
09A_put1,lLN2P_b,gaba,gaba,0.5099009900990099,12
09A_put1,lLN2P_c,gaba,gaba,0.5170731707317073,9
09A_put1,lLN2R_a,gaba,gaba,0.5240384615384616,6
09A_put1,lLN2T_a,acetylcholine,gaba,0.5502392344497608,5
09A_put1,lLN2T_b,acetylcholine,gaba,0.5476190476190477,4
09A_put1,lLN2T_c,acetylcholine,gaba,0.5476190476190477,4
09A_put1,lLN2T_e,acetylcholine,gaba,0.5476190476190477,4
09A_put1,lLN2X02,gaba,gaba,0.5240384615384616,6
09A_put1,lLN2X04,acetylcholine,gaba,0.5476190476190477,4
09A_put1,lLN2X05,acetylcholine,gaba,0.5476190476190477,4
09A_put1,lLN2X11,acetylcholine,gaba,0.5476190476190477,4
09A_put1,lLN2X12,acetylcholine,gaba,0.5665024630541872,11
09A_put1,lLN8,gaba,gaba,0.5285714285714286,4
09A_put1,lLN9,gaba,gaba,0.5240384615384616,6
09B,AN09B002,acetylcholine,glutamate,0.5203619909502263,2
09B,AN09B003,acetylcholine,glutamate,0.5203619909502263,2
09B,AN09B004,acetylcholine,glutamate,0.539906103286385,10
09B,AN09B006,acetylcholine,glutamate,0.5203619909502263,2
09B,AN09B007,acetylcholine,glutamate,0.5203619909502263,2
09B,AN09B009,acetylcholine,glutamate,0.5299539170506913,6
09B,AN09B011,acetylcholine,glutamate,0.5203619909502263,2
09B,AN09B012,acetylcholine,glutamate,0.5251141552511416,4
09B,AN09B013,acetylcholine,glutamate,0.5203619909502263,2
09B,AN09B014,acetylcholine,glutamate,0.5203619909502263,2
09B,AN09B015,acetylcholine,glutamate,0.5203619909502263,2
09B,AN09B016,acetylcholine,glutamate,0.5203619909502263,2
09B,AN09B017a,glutamate,glutamate,0.5113122171945701,2
09B,AN09B017b,glutamate,glutamate,0.5113122171945701,2
09B,AN09B017c,glutamate,glutamate,0.5113122171945701,2
09B,AN09B017d,glutamate,glutamate,0.5113122171945701,2
09B,AN09B017e,glutamate,glutamate,0.5113122171945701,2
09B,AN09B017f,glutamate,glutamate,0.5113122171945701,2
09B,AN09B017g,glutamate,glutamate,0.5113122171945701,2
09B,AN09B018,acetylcholine,glutamate,0.5348837209302325,8
09B,AN09B019,acetylcholine,glutamate,0.5203619909502263,2
09B,AN09B020,acetylcholine,glutamate,0.5251141552511416,4
09B,AN09B021,glutamate,glutamate,0.5113122171945701,2
09B,AN09B023,acetylcholine,glutamate,0.5348837209302325,8
09B,AN09B024,acetylcholine,glutamate,0.5203619909502263,2
09B,AN09B026,acetylcholine,glutamate,0.5203619909502263,2
09B,AN09B027,acetylcholine,glutamate,0.5203619909502263,2
09B,AN09B028,glutamate,glutamate,0.5113122171945701,2
09B,AN09B029,acetylcholine,glutamate,0.5251141552511416,4
09B,AN09B030,glutamate,glutamate,0.5068493150684932,4
09B,AN09B031,acetylcholine,glutamate,0.5203619909502263,2
09B,AN09B032,glutamate,glutamate,0.5068493150684932,4
09B,AN09B033,acetylcholine,glutamate,0.5299539170506913,6
09B,AN09B034,acetylcholine,glutamate,0.5203619909502263,2
09B,AN09B035,glutamate,glutamate,0.5023041474654378,6
09B,AN09B036,acetylcholine,glutamate,0.5203619909502263,2
09B,AN09B040,glutamate,glutamate,0.5023041474654378,6
09B,AN09B042,acetylcholine,glutamate,0.5203619909502263,2
09B,AN09B044,glutamate,glutamate,0.5113122171945701,2
09B,AN09B059,acetylcholine,glutamate,0.5203619909502263,2
09B,AN09B060,acetylcholine,glutamate,0.5251141552511416,4
09B,IN09B005,glutamate,glutamate,0.5023041474654378,6
09B,IN09B006,acetylcholine,glutamate,0.5251141552511416,4
09B,IN09B008,glutamate,glutamate,0.5023041474654378,6
09B,IN09B014,acetylcholine,glutamate,0.5203619909502263,2
09B,IN09B018,glutamate,glutamate,0.5113122171945701,2
09B,IN09B022,glutamate,glutamate,0.5068493150684932,4
09B,IN09B038,acetylcholine,glutamate,0.5450236966824644,12
09B,IN09B043,glutamate,glutamate,0.5023041474654378,6
09B,IN09B044,glutamate,glutamate,0.5068493150684932,4
09B,IN09B045,glutamate,glutamate,0.5023041474654378,6
09B,IN09B046,glutamate,glutamate,0.5023041474654378,6
09B,IN09B047,glutamate,glutamate,0.5023041474654378,6
09B,IN09B048,glutamate,glutamate,0.5113122171945701,2
09B,IN09B049,glutamate,glutamate,0.5023041474654378,6
09B,IN09B050,glutamate,glutamate,0.5068493150684932,4
09B,IN09B052_a,glutamate,glutamate,0.5113122171945701,2
09B,IN09B052_b,glutamate,glutamate,0.5113122171945701,2
09B,IN09B053,glutamate,glutamate,0.5068493150684932,4
09B,IN09B054,glutamate,glutamate,0.5045871559633027,5
09B,IN09B055,glutamate,glutamate,0.5113122171945701,2
09B,IN09B058,glutamate,glutamate,0.5113122171945701,2
09B_put1,#15125,acetylcholine,acetylcholine,1.0,1
09B_put1,#15970,acetylcholine,acetylcholine,1.0,1
09B_put1,#17800,acetylcholine,acetylcholine,1.0,1
09B_put1,#21756,acetylcholine,acetylcholine,1.0,1
09B_put1,AMMC034_a,acetylcholine,acetylcholine,1.0,3
09B_put1,AMMC034_b,acetylcholine,acetylcholine,1.0,2
09B_put1,AVLP445,acetylcholine,acetylcholine,1.0,2
09B_put1,CB1076,acetylcholine,acetylcholine,1.0,7
09B_put1,CB1078,acetylcholine,acetylcholine,1.0,8
09B_put1,CB1280,acetylcholine,acetylcholine,1.0,2
09B_put1,CB1542,acetylcholine,acetylcholine,1.0,2
09B_put1,CB1702,acetylcholine,acetylcholine,1.0,2
09B_put1,CB2153,acetylcholine,acetylcholine,1.0,4
09B_put1,CB2475,acetylcholine,acetylcholine,1.0,2
09B_put1,CB2521,acetylcholine,acetylcholine,1.0,2
09B_put1,CB2558,acetylcholine,acetylcholine,1.0,13
09B_put1,CB2664,acetylcholine,acetylcholine,1.0,4
09B_put1,CB2789,acetylcholine,acetylcholine,1.0,4
09B_put1,CB2940,acetylcholine,acetylcholine,1.0,2
09B_put1,CB3437,acetylcholine,acetylcholine,1.0,2
09B_put1,CB3581,acetylcholine,acetylcholine,1.0,2
09B_put1,CB3588,acetylcholine,acetylcholine,1.0,2
09B_put1,CB3631,acetylcholine,acetylcholine,1.0,2
09B_put1,CB3646,acetylcholine,acetylcholine,1.0,4
09B_put1,CB3673a,acetylcholine,acetylcholine,1.0,2
09B_put1,CB3673b,acetylcholine,acetylcholine,1.0,4
09B_put1,CB3682,acetylcholine,acetylcholine,1.0,2
09B_put1,CB3692,acetylcholine,acetylcholine,1.0,2
09B_put1,CB3710,acetylcholine,acetylcholine,1.0,3
09B_put1,CL112,acetylcholine,acetylcholine,1.0,2
09B_put1,CL113,acetylcholine,acetylcholine,1.0,4
09B_put1,DA1_lPN,acetylcholine,acetylcholine,1.0,13
09B_put1,DA2_lPN,acetylcholine,acetylcholine,1.0,10
09B_put1,DL3_lPN,acetylcholine,acetylcholine,1.0,11
09B_put1,DM1_lPN,acetylcholine,acetylcholine,1.0,2
09B_put1,DM2_lPN,acetylcholine,acetylcholine,1.0,4
09B_put1,DM5_lPN,acetylcholine,acetylcholine,1.0,7
09B_put1,M_l2PN10t19,acetylcholine,acetylcholine,1.0,4
09B_put1,M_l2PN3t18,acetylcholine,acetylcholine,1.0,4
09B_put1,M_l2PNl20,acetylcholine,acetylcholine,1.0,2
09B_put1,M_l2PNl21,acetylcholine,acetylcholine,1.0,2
09B_put1,M_l2PNl22,acetylcholine,acetylcholine,1.0,2
09B_put1,M_l2PNl23,acetylcholine,acetylcholine,1.0,2
09B_put1,M_l2PNm14,acetylcholine,acetylcholine,1.0,2
09B_put1,M_l2PNm15,acetylcholine,acetylcholine,1.0,2
09B_put1,M_l2PNm16,acetylcholine,acetylcholine,1.0,4
09B_put1,M_l2PNm17,acetylcholine,acetylcholine,1.0,2
09B_put1,M_lPNm11A,acetylcholine,acetylcholine,1.0,6
09B_put1,M_lPNm11B,acetylcholine,acetylcholine,1.0,2
09B_put1,M_lPNm11C,acetylcholine,acetylcholine,1.0,2
09B_put1,M_lPNm11D,acetylcholine,acetylcholine,1.0,12
09B_put1,M_lPNm12,acetylcholine,acetylcholine,1.0,2
09B_put1,M_lPNm13,acetylcholine,acetylcholine,1.0,7
09B_put1,SAD035,acetylcholine,acetylcholine,1.0,2
09B_put1,SAD049,acetylcholine,acetylcholine,1.0,2
09B_put1,SAD051_a,acetylcholine,acetylcholine,1.0,7
09B_put1,SAD051_b,acetylcholine,acetylcholine,1.0,7
09B_put1,SAD052,acetylcholine,acetylcholine,1.0,4
09B_put1,SAD053,acetylcholine,acetylcholine,1.0,2
09B_put1,SAD055,acetylcholine,acetylcholine,1.0,2
09B_put1,SAD057,acetylcholine,acetylcholine,1.0,12
09B_put1,SAD064,acetylcholine,acetylcholine,1.0,6
09B_put1,SAD097,acetylcholine,acetylcholine,1.0,2
09B_put1,SAD108,acetylcholine,acetylcholine,1.0,2
09B_put1,SLP234,acetylcholine,acetylcholine,1.0,2
09B_put1,SLP235,acetylcholine,acetylcholine,1.0,2
09B_put1,SLP236,acetylcholine,acetylcholine,1.0,2
09B_put1,SLP237,acetylcholine,acetylcholine,1.0,4
09B_put1,SLP238,acetylcholine,acetylcholine,1.0,2
09B_put1,SLP239,acetylcholine,acetylcholine,1.0,2
09B_put1,VA4_lPN,acetylcholine,acetylcholine,1.0,2
09B_put1,VA5_lPN,acetylcholine,acetylcholine,1.0,6
09B_put1,VA7m_lPN,acetylcholine,acetylcholine,1.0,6
09B_put1,VC1_lPN,acetylcholine,acetylcholine,1.0,2
09B_put1,VC2_lPN,acetylcholine,acetylcholine,1.0,2
09B_put1,VES012,acetylcholine,acetylcholine,1.0,2
09B_put1,VES013,acetylcholine,acetylcholine,1.0,2
09B_put1,VES014,acetylcholine,acetylcholine,1.0,2
09B_put1,VES025,acetylcholine,acetylcholine,1.0,2
09B_put1,VM1_lPN,acetylcholine,acetylcholine,1.0,2
09B_put1,VP1d+VP4_l2PN1,acetylcholine,acetylcholine,1.0,2
09B_put1,VP1d+VP4_l2PN2,acetylcholine,acetylcholine,1.0,2
09B_put1,VP1m_l2PN,acetylcholine,acetylcholine,1.0,2
09B_put1,VP2+VC5_l2PN,acetylcholine,acetylcholine,1.0,2
09B_put1,VP2_l2PN,acetylcholine,acetylcholine,1.0,2
09B_put1,VP3+_l2PN,acetylcholine,acetylcholine,1.0,6
09B_put1,VP4+VL1_l2PN,acetylcholine,acetylcholine,1.0,2
09B_put1,VP5+VP3_l2PN,acetylcholine,acetylcholine,1.0,2
09B_put1,V_l2PN,acetylcholine,acetylcholine,1.0,2
09B_put1,WED072,acetylcholine,acetylcholine,1.0,6
10B,#819861,acetylcholine,acetylcholine,1.0,1
10B,AN10B005,acetylcholine,acetylcholine,1.0,2
10B,AN10B008,acetylcholine,acetylcholine,1.0,2
10B,AN10B009,acetylcholine,acetylcholine,1.0,2
10B,AN10B015,acetylcholine,acetylcholine,1.0,6
10B,AN10B017,acetylcholine,acetylcholine,1.0,2
10B,AN10B018,acetylcholine,acetylcholine,1.0,2
10B,AN10B019,acetylcholine,acetylcholine,1.0,6
10B,AN10B020,acetylcholine,acetylcholine,1.0,6
10B,AN10B021,acetylcholine,acetylcholine,1.0,2
10B,AN10B022,acetylcholine,acetylcholine,1.0,6
10B,AN10B024,acetylcholine,acetylcholine,1.0,4
10B,AN10B025,acetylcholine,acetylcholine,1.0,2
10B,AN10B026,acetylcholine,acetylcholine,1.0,2
10B,AN10B027,acetylcholine,acetylcholine,1.0,6
10B,AN10B029,acetylcholine,acetylcholine,1.0,6
10B,AN10B031,acetylcholine,acetylcholine,1.0,2
10B,AN10B033,acetylcholine,acetylcholine,1.0,7
10B,AN10B034,acetylcholine,acetylcholine,1.0,8
10B,AN10B035,acetylcholine,acetylcholine,1.0,11
10B,AN10B037,acetylcholine,acetylcholine,1.0,15
10B,AN10B039,acetylcholine,acetylcholine,1.0,12
10B,AN10B045,acetylcholine,acetylcholine,1.0,31
10B,AN10B046,acetylcholine,acetylcholine,1.0,13
10B,AN10B047,acetylcholine,acetylcholine,1.0,16
10B,AN10B048,acetylcholine,acetylcholine,1.0,6
10B,AN10B053,acetylcholine,acetylcholine,1.0,11
10B,AN10B061,acetylcholine,acetylcholine,1.0,7
10B,AN10B062,acetylcholine,acetylcholine,1.0,3
10B,IN10B001,acetylcholine,acetylcholine,1.0,2
10B,IN10B002,acetylcholine,acetylcholine,1.0,2
10B,IN10B003,acetylcholine,acetylcholine,1.0,2
10B,IN10B004,acetylcholine,acetylcholine,1.0,2
10B,IN10B006,acetylcholine,acetylcholine,1.0,2
10B,IN10B007,acetylcholine,acetylcholine,1.0,4
10B,IN10B010,acetylcholine,acetylcholine,1.0,2
10B,IN10B011,acetylcholine,acetylcholine,1.0,4
10B,IN10B012,acetylcholine,acetylcholine,1.0,4
10B,IN10B013,acetylcholine,acetylcholine,1.0,2
10B,IN10B014,acetylcholine,acetylcholine,1.0,6
10B,IN10B016,acetylcholine,acetylcholine,1.0,2
10B,IN10B023,acetylcholine,acetylcholine,1.0,4
10B,IN10B028,acetylcholine,acetylcholine,1.0,9
10B,IN10B030,acetylcholine,acetylcholine,1.0,7
10B,IN10B031,acetylcholine,acetylcholine,1.0,4
10B,IN10B032,acetylcholine,acetylcholine,1.0,19
10B,IN10B033,acetylcholine,acetylcholine,1.0,6
10B,IN10B034,acetylcholine,acetylcholine,1.0,1
10B,IN10B036,acetylcholine,acetylcholine,1.0,4
10B,IN10B038,acetylcholine,acetylcholine,1.0,7
10B,IN10B040,acetylcholine,acetylcholine,1.0,5
10B,IN10B041,acetylcholine,acetylcholine,1.0,13
10B,IN10B042,acetylcholine,acetylcholine,1.0,19
10B,IN10B043,acetylcholine,acetylcholine,1.0,4
10B,IN10B044,acetylcholine,acetylcholine,1.0,11
10B,IN10B050,acetylcholine,acetylcholine,1.0,10
10B,IN10B052,acetylcholine,acetylcholine,1.0,6
10B,IN10B054,acetylcholine,acetylcholine,1.0,6
10B,IN10B055,acetylcholine,acetylcholine,1.0,18
10B,IN10B057,acetylcholine,acetylcholine,1.0,27
10B,IN10B058,acetylcholine,acetylcholine,1.0,27
10B,IN10B059,acetylcholine,acetylcholine,1.0,13
11A,#808010,acetylcholine,acetylcholine,0.9902912621359223,1
11A,#809456,acetylcholine,acetylcholine,0.9902912621359223,1
11A,#910554,acetylcholine,acetylcholine,0.9902912621359223,1
11A,GFC3,acetylcholine,acetylcholine,0.9896907216494846,13
11A,GFC4,acetylcholine,acetylcholine,0.9899497487437185,8
11A,IN11A001,gaba,acetylcholine,1.0,2
11A,IN11A002,acetylcholine,acetylcholine,0.9901477832512315,4
11A,IN11A003,acetylcholine,acetylcholine,0.9899497487437185,8
11A,IN11A004,acetylcholine,acetylcholine,0.9901960784313726,3
11A,IN11A005,acetylcholine,acetylcholine,0.9900990099009901,5
11A,IN11A006,acetylcholine,acetylcholine,0.9901477832512315,4
11A,IN11A007,acetylcholine,acetylcholine,0.9900990099009901,5
11A,IN11A008,acetylcholine,acetylcholine,0.99,7
11A,IN11A009,acetylcholine,acetylcholine,0.9902912621359223,1
11A,IN11A010,acetylcholine,acetylcholine,0.9901477832512315,4
11A,IN11A011,acetylcholine,acetylcholine,0.9901477832512315,4
11A,IN11A012,acetylcholine,acetylcholine,0.9901960784313726,3
11A,IN11A013,acetylcholine,acetylcholine,0.9902439024390244,2
11A,IN11A014,acetylcholine,acetylcholine,0.9900497512437811,6
11A,"IN11A015,IN11A027",acetylcholine,acetylcholine,0.9901477832512315,4
11A,IN11A016,acetylcholine,acetylcholine,0.9901477832512315,4
11A,IN11A017,acetylcholine,acetylcholine,0.9901960784313726,3
11A,IN11A018,acetylcholine,acetylcholine,0.9901477832512315,4
11A,IN11A019,acetylcholine,acetylcholine,0.9901477832512315,4
11A,IN11A020,acetylcholine,acetylcholine,0.9900497512437811,6
11A,IN11A021,acetylcholine,acetylcholine,0.9897435897435898,12
11A,IN11A022,acetylcholine,acetylcholine,0.9900497512437811,6
11A,IN11A025,acetylcholine,acetylcholine,0.9900497512437811,6
11A,IN11A026,acetylcholine,acetylcholine,0.9902439024390244,2
11A,IN11A027_a,acetylcholine,acetylcholine,0.9902439024390244,2
11A,IN11A027_b,acetylcholine,acetylcholine,0.9902439024390244,2
11A,IN11A027_c,acetylcholine,acetylcholine,0.9902439024390244,2
11A,IN11A028,acetylcholine,acetylcholine,0.9900497512437811,6
11A,IN11A030,acetylcholine,acetylcholine,0.9901477832512315,4
11A,IN11A031,acetylcholine,acetylcholine,0.9901477832512315,4
11A,IN11A032_a,acetylcholine,acetylcholine,0.9901960784313726,3
11A,IN11A032_b,acetylcholine,acetylcholine,0.9902439024390244,2
11A,IN11A032_c,acetylcholine,acetylcholine,0.9902439024390244,2
11A,IN11A032_d,acetylcholine,acetylcholine,0.9901477832512315,4
11A,IN11A032_e,acetylcholine,acetylcholine,0.9901960784313726,3
11A,IN11A034,acetylcholine,acetylcholine,0.9901477832512315,4
11A,IN11A035,acetylcholine,acetylcholine,0.9902439024390244,2
11A,IN11A036,acetylcholine,acetylcholine,0.9901477832512315,4
11A,IN11A037_a,acetylcholine,acetylcholine,0.9902439024390244,2
11A,IN11A037_b,acetylcholine,acetylcholine,0.9902439024390244,2
11A,IN11A039,acetylcholine,acetylcholine,0.9902439024390244,2
11A,IN11A040,acetylcholine,acetylcholine,0.9901960784313726,3
11A,IN11A041,acetylcholine,acetylcholine,0.9902439024390244,2
11A,IN11A042,acetylcholine,acetylcholine,0.9902439024390244,2
11A,IN11A043,acetylcholine,acetylcholine,0.9900990099009901,5
11A,IN11A044,acetylcholine,acetylcholine,0.9901477832512315,4
11A,IN11A046,acetylcholine,acetylcholine,0.9902439024390244,2
11A,IN11A047,acetylcholine,acetylcholine,0.9902439024390244,2
11A,IN11A048,acetylcholine,acetylcholine,0.9902439024390244,2
11A,IN11A049,acetylcholine,acetylcholine,0.9902439024390244,2
11A_put1,DNg16,acetylcholine,acetylcholine,1.0,2
11A_put1,DNg69,acetylcholine,acetylcholine,1.0,2
11A_put1,DNge006,acetylcholine,acetylcholine,1.0,2
11A_put1,DNge013,acetylcholine,acetylcholine,1.0,2
11A_put1,GNG034,acetylcholine,acetylcholine,1.0,2
11A_put1,GNG163,acetylcholine,acetylcholine,1.0,4
11A_put1,GNG543,acetylcholine,acetylcholine,1.0,2
11B,#934454,gaba,gaba,0.9421965317919075,1
11B,AN11B008,gaba,gaba,0.9418604651162791,2
11B,AN11B012,gaba,gaba,0.9418604651162791,2
11B,IN11B001,acetylcholine,gaba,0.9761904761904762,6
11B,IN11B002,gaba,gaba,0.9418604651162791,2
11B,IN11B003,acetylcholine,gaba,0.9647058823529412,4
11B,IN11B004,gaba,gaba,0.9418604651162791,2
11B,IN11B005,gaba,gaba,0.9418604651162791,2
11B,IN11B009,gaba,gaba,0.9411764705882353,4
11B,IN11B011,gaba,gaba,0.9418604651162791,2
11B,IN11B012,gaba,gaba,0.9418604651162791,2
11B,IN11B013,gaba,gaba,0.9390243902439024,10
11B,IN11B014,gaba,gaba,0.9393939393939394,9
11B,IN11B015,gaba,gaba,0.9397590361445783,8
11B,IN11B016_a,gaba,gaba,0.9418604651162791,2
11B,IN11B016_b,gaba,gaba,0.9411764705882353,4
11B,IN11B016_c,gaba,gaba,0.9415204678362573,3
11B,IN11B017_a,gaba,gaba,0.9411764705882353,4
11B,IN11B017_b,gaba,gaba,0.9382716049382716,12
11B,IN11B018,gaba,gaba,0.9386503067484663,11
11B,IN11B019,gaba,gaba,0.9397590361445783,8
11B,IN11B020,gaba,gaba,0.9390243902439024,10
11B,IN11B021_a,gaba,gaba,0.9415204678362573,3
11B,IN11B021_b,gaba,gaba,0.9408284023668639,5
11B,IN11B021_c,gaba,gaba,0.9411764705882353,4
11B,IN11B021_d,gaba,gaba,0.9418604651162791,2
11B,IN11B021_e,gaba,gaba,0.9411764705882353,4
11B,IN11B022_a,gaba,gaba,0.9411764705882353,4
11B,IN11B022_b,gaba,gaba,0.9418604651162791,2
11B,IN11B022_c,gaba,gaba,0.9397590361445783,8
11B,IN11B022_d,gaba,gaba,0.9418604651162791,2
11B,IN11B022_e,gaba,gaba,0.9418604651162791,2
11B,IN11B023,gaba,gaba,0.9390243902439024,10
11B,IN11B024_a,gaba,gaba,0.9418604651162791,2
11B,IN11B024_b,gaba,gaba,0.9411764705882353,4
11B,IN11B024_c,gaba,gaba,0.9411764705882353,4
11B,IN11B025,gaba,gaba,0.9397590361445783,8
12A,#86436,acetylcholine,acetylcholine,0.9961464354527938,1
12A,AN12A003,acetylcholine,acetylcholine,0.9961389961389961,2
12A,AN12A017,acetylcholine,acetylcholine,0.9961389961389961,2
12A,CB0122,acetylcholine,acetylcholine,0.9961389961389961,2
12A,DNg01_a,acetylcholine,acetylcholine,0.9961389961389961,2
12A,DNg01_b,acetylcholine,acetylcholine,0.9961389961389961,2
12A,DNg01_c,acetylcholine,acetylcholine,0.9961389961389961,2
12A,DNg01_d,acetylcholine,acetylcholine,0.9961389961389961,2
12A,DNg01_unclear,acetylcholine,acetylcholine,0.9961464354527938,1
12A,DNg02_a,acetylcholine,acetylcholine,0.996078431372549,10
12A,DNg02_b,acetylcholine,acetylcholine,0.996116504854369,5
12A,DNg02_c,acetylcholine,acetylcholine,0.9961240310077519,4
12A,DNg02_d,acetylcholine,acetylcholine,0.9961389961389961,2
12A,DNg02_e,acetylcholine,acetylcholine,0.9961389961389961,2
12A,DNg02_f,acetylcholine,acetylcholine,0.9961389961389961,2
12A,DNg02_g,acetylcholine,acetylcholine,0.9961240310077519,4
12A,DNg03,acetylcholine,acetylcholine,0.9960629921259843,12
12A,DNg04,acetylcholine,acetylcholine,0.9961240310077519,4
12A,DNg05_a,acetylcholine,acetylcholine,0.9961389961389961,2
12A,DNg05_b,acetylcholine,acetylcholine,0.9961240310077519,4
12A,DNg05_c,acetylcholine,acetylcholine,0.9961389961389961,2
12A,DNg06,acetylcholine,acetylcholine,0.9960629921259843,12
12A,DNg110,acetylcholine,acetylcholine,0.9961089494163424,6
12A,DNg12_a,acetylcholine,acetylcholine,0.99609375,8
12A,DNg12_b,acetylcholine,acetylcholine,0.996078431372549,10
12A,DNg12_c,acetylcholine,acetylcholine,0.99609375,8
12A,DNg12_d,acetylcholine,acetylcholine,0.9961389961389961,2
12A,DNg12_e,acetylcholine,acetylcholine,0.9961089494163424,6
12A,DNg12_f,acetylcholine,acetylcholine,0.9961240310077519,4
12A,DNg12_g,acetylcholine,acetylcholine,0.9961389961389961,2
12A,DNg12_h,acetylcholine,acetylcholine,0.9961389961389961,2
12A,DNg82,acetylcholine,acetylcholine,0.9961240310077519,4
12A,DNg88,acetylcholine,acetylcholine,0.9961389961389961,2
12A,DNg92_a,acetylcholine,acetylcholine,0.9961389961389961,2
12A,DNg92_b,acetylcholine,acetylcholine,0.9961240310077519,4
12A,DNg95,acetylcholine,acetylcholine,0.9961389961389961,2
12A,DNge001,acetylcholine,acetylcholine,0.9961315280464217,3
12A,DNge009,acetylcholine,acetylcholine,0.9961013645224172,7
12A,DNge014,acetylcholine,acetylcholine,0.9961389961389961,2
12A,DNge015,acetylcholine,acetylcholine,0.9961315280464217,3
12A,DNge016,acetylcholine,acetylcholine,0.9961389961389961,2
12A,DNge017,acetylcholine,acetylcholine,0.9961389961389961,2
12A,DNge019,acetylcholine,acetylcholine,0.9960707269155207,11
12A,DNge020,acetylcholine,acetylcholine,0.9961089494163424,6
12A,DNge021,acetylcholine,acetylcholine,0.9961389961389961,2
12A,DNge024,acetylcholine,acetylcholine,0.9961240310077519,4
12A,DNge025,acetylcholine,acetylcholine,0.9961315280464217,3
12A,DNge028,acetylcholine,acetylcholine,0.9961389961389961,2
12A,DNge030,acetylcholine,acetylcholine,0.9961389961389961,2
12A,DNge105,acetylcholine,acetylcholine,0.9961389961389961,2
12A,DNge106,acetylcholine,acetylcholine,0.9961389961389961,2
12A,DNge147,acetylcholine,acetylcholine,0.9961389961389961,2
12A,DNge175,acetylcholine,acetylcholine,0.9961389961389961,2
12A,DNge176,acetylcholine,acetylcholine,0.9961389961389961,2
12A,DNge178,acetylcholine,acetylcholine,0.9961389961389961,2
12A,GNG532,acetylcholine,acetylcholine,0.9961389961389961,2
12A,IN12A001,acetylcholine,acetylcholine,0.9961240310077519,4
12A,IN12A002,acetylcholine,acetylcholine,0.9961240310077519,4
12A,IN12A003,acetylcholine,acetylcholine,0.9961240310077519,4
12A,IN12A004,acetylcholine,acetylcholine,0.9961389961389961,2
12A,IN12A005,acetylcholine,acetylcholine,0.9961389961389961,2
12A,IN12A006,acetylcholine,acetylcholine,0.9961389961389961,2
12A,IN12A007,acetylcholine,acetylcholine,0.9961389961389961,2
12A,IN12A008,acetylcholine,acetylcholine,0.9961389961389961,2
12A,IN12A009,acetylcholine,acetylcholine,0.9961389961389961,2
12A,IN12A010,acetylcholine,acetylcholine,0.9961389961389961,2
12A,IN12A011,acetylcholine,acetylcholine,0.9961240310077519,4
12A,IN12A012,gaba,acetylcholine,1.0,2
12A,IN12A013,acetylcholine,acetylcholine,0.9961389961389961,2
12A,IN12A015,acetylcholine,acetylcholine,0.9961240310077519,4
12A,IN12A016,acetylcholine,acetylcholine,0.9961389961389961,2
12A,IN12A018,acetylcholine,acetylcholine,0.9961240310077519,4
12A,IN12A019_a,acetylcholine,acetylcholine,0.9961389961389961,2
12A,IN12A019_b,acetylcholine,acetylcholine,0.9961389961389961,2
12A,IN12A019_c,acetylcholine,acetylcholine,0.9961389961389961,2
12A,IN12A021_a,acetylcholine,acetylcholine,0.9961389961389961,2
12A,IN12A021_b,acetylcholine,acetylcholine,0.9961389961389961,2
12A,IN12A021_c,acetylcholine,acetylcholine,0.9961389961389961,2
12A,IN12A024,acetylcholine,acetylcholine,0.9961389961389961,2
12A,IN12A025,acetylcholine,acetylcholine,0.9961240310077519,4
12A,IN12A026,acetylcholine,acetylcholine,0.9961389961389961,2
12A,IN12A027,acetylcholine,acetylcholine,0.9961089494163424,6
12A,IN12A029_a,acetylcholine,acetylcholine,0.9961389961389961,2
12A,IN12A029_b,acetylcholine,acetylcholine,0.9961389961389961,2
12A,IN12A030,acetylcholine,acetylcholine,0.996116504854369,5
12A,IN12A031,acetylcholine,acetylcholine,0.9961389961389961,2
12A,IN12A034,acetylcholine,acetylcholine,0.9961389961389961,2
12A,IN12A035,acetylcholine,acetylcholine,0.9961089494163424,6
12A,IN12A036,acetylcholine,acetylcholine,0.99609375,8
12A,IN12A037,acetylcholine,acetylcholine,0.9961240310077519,4
12A,IN12A039,acetylcholine,acetylcholine,0.9961240310077519,4
12A,IN12A041,acetylcholine,acetylcholine,0.9961240310077519,4
12A,IN12A042,acetylcholine,acetylcholine,0.99609375,8
12A,IN12A043_a,acetylcholine,acetylcholine,0.9961389961389961,2
12A,IN12A043_b,acetylcholine,acetylcholine,0.9961389961389961,2
12A,IN12A043_c,acetylcholine,acetylcholine,0.9961389961389961,2
12A,IN12A043_d,acetylcholine,acetylcholine,0.9961240310077519,4
12A,IN12A044,acetylcholine,acetylcholine,0.996078431372549,10
12A,IN12A046_a,acetylcholine,acetylcholine,0.9961389961389961,2
12A,IN12A046_b,acetylcholine,acetylcholine,0.9961389961389961,2
12A,IN12A048,acetylcholine,acetylcholine,0.9961389961389961,2
12A,IN12A050_a,acetylcholine,acetylcholine,0.9961389961389961,2
12A,IN12A050_b,acetylcholine,acetylcholine,0.9961240310077519,4
12A,IN12A052_a,acetylcholine,acetylcholine,0.9961389961389961,2
12A,IN12A052_b,acetylcholine,acetylcholine,0.9961089494163424,6
12A,IN12A053_a,acetylcholine,acetylcholine,0.9961315280464217,3
12A,IN12A053_b,acetylcholine,acetylcholine,0.9961389961389961,2
12A,IN12A053_c,acetylcholine,acetylcholine,0.9961240310077519,4
12A,IN12A054,acetylcholine,acetylcholine,0.9960707269155207,11
12A,IN12A055,acetylcholine,acetylcholine,0.9961389961389961,2
12A,IN12A056,acetylcholine,acetylcholine,0.9961315280464217,3
12A,IN12A057_a,acetylcholine,acetylcholine,0.9961240310077519,4
12A,IN12A057_b,acetylcholine,acetylcholine,0.9961389961389961,2
12A,IN12A058,acetylcholine,acetylcholine,0.9961240310077519,4
12A,IN12A059_a,acetylcholine,acetylcholine,0.9961389961389961,2
12A,IN12A059_b,acetylcholine,acetylcholine,0.9961389961389961,2
12A,IN12A059_c,acetylcholine,acetylcholine,0.9961389961389961,2
12A,IN12A059_d,acetylcholine,acetylcholine,0.9961389961389961,2
12A,IN12A059_e,acetylcholine,acetylcholine,0.9961240310077519,4
12A,IN12A059_f,acetylcholine,acetylcholine,0.9961389961389961,2
12A,IN12A059_g,acetylcholine,acetylcholine,0.9961389961389961,2
12A,IN12A060_a,acetylcholine,acetylcholine,0.9961389961389961,2
12A,IN12A060_b,acetylcholine,acetylcholine,0.9961389961389961,2
12A,IN12A061_a,acetylcholine,acetylcholine,0.9961315280464217,3
12A,IN12A061_c,acetylcholine,acetylcholine,0.9961240310077519,4
12A,IN12A061_d,acetylcholine,acetylcholine,0.9961315280464217,3
12A,IN12A062,acetylcholine,acetylcholine,0.9961089494163424,6
12A,IN12A063_a,acetylcholine,acetylcholine,0.9961240310077519,4
12A,IN12A063_b,acetylcholine,acetylcholine,0.9961089494163424,6
12A,IN12A063_c,acetylcholine,acetylcholine,0.9961240310077519,4
12A,IN12A063_d,acetylcholine,acetylcholine,0.9961389961389961,2
12A,IN12A063_e,acetylcholine,acetylcholine,0.9961389961389961,2
12A,IN12A064,acetylcholine,acetylcholine,0.9961013645224172,7
12A,TN1a_a,acetylcholine,acetylcholine,0.9961389961389961,2
12A,TN1a_b,acetylcholine,acetylcholine,0.9961389961389961,2
12A,TN1a_c,acetylcholine,acetylcholine,0.9961389961389961,2
12A,TN1a_d,acetylcholine,acetylcholine,0.9961389961389961,2
12A,TN1a_e,acetylcholine,acetylcholine,0.9961389961389961,2
12A,TN1a_f,acetylcholine,acetylcholine,0.9961240310077519,4
12A,TN1a_g,acetylcholine,acetylcholine,0.9961240310077519,4
12A,TN1a_h,acetylcholine,acetylcholine,0.9961389961389961,2
12A,TN1a_i,acetylcholine,acetylcholine,0.9961389961389961,2
12A,TN1c_a,acetylcholine,acetylcholine,0.996116504854369,5
12A,TN1c_b,acetylcholine,acetylcholine,0.9961389961389961,2
12A,TN1c_c,acetylcholine,acetylcholine,0.9961240310077519,4
12A,TN1c_d,acetylcholine,acetylcholine,0.9961389961389961,2
12A,vMS12_a,acetylcholine,acetylcholine,0.9961089494163424,6
12A,vMS12_b,acetylcholine,acetylcholine,0.9961389961389961,2
12A,vMS12_c,acetylcholine,acetylcholine,0.9961240310077519,4
12A,vMS12_d,acetylcholine,acetylcholine,0.9961240310077519,4
12A,vMS12_e,acetylcholine,acetylcholine,0.9961389961389961,2
12A,vPR6,acetylcholine,acetylcholine,0.99609375,8
12B,#957368,gaba,gaba,1.0,1
12B,AN12B001,gaba,gaba,1.0,2
12B,AN12B004,gaba,gaba,1.0,6
12B,AN12B005,gaba,gaba,1.0,2
12B,AN12B008,gaba,gaba,1.0,4
12B,AN12B011,gaba,gaba,1.0,2
12B,AN12B017,gaba,gaba,1.0,6
12B,AN12B019,gaba,gaba,1.0,6
12B,AN12B055,gaba,gaba,1.0,5
12B,AN12B060,gaba,gaba,1.0,10
12B,AN12B076,gaba,gaba,1.0,3
12B,AN12B080,gaba,gaba,1.0,3
12B,AN12B089,gaba,gaba,1.0,7
12B,IN12B002,gaba,gaba,1.0,6
12B,IN12B003,gaba,gaba,1.0,6
12B,IN12B004,gaba,gaba,1.0,2
12B,IN12B005,gaba,gaba,1.0,4
12B,IN12B007,gaba,gaba,1.0,6
12B,IN12B009,gaba,gaba,1.0,2
12B,IN12B010,gaba,gaba,1.0,2
12B,IN12B011,gaba,gaba,1.0,4
12B,IN12B012,gaba,gaba,1.0,6
12B,IN12B013,gaba,gaba,1.0,4
12B,IN12B014,gaba,gaba,1.0,4
12B,IN12B015,gaba,gaba,1.0,2
12B,IN12B016,gaba,gaba,1.0,2
12B,IN12B018,gaba,gaba,1.0,6
12B,IN12B020,gaba,gaba,1.0,8
12B,IN12B021,gaba,gaba,1.0,1
12B,IN12B022,gaba,gaba,1.0,6
12B,IN12B023,gaba,gaba,1.0,8
12B,IN12B024_a,gaba,gaba,1.0,6
12B,IN12B024_b,gaba,gaba,1.0,6
12B,IN12B024_c,gaba,gaba,1.0,6
12B,IN12B025,gaba,gaba,1.0,12
12B,IN12B026,gaba,gaba,1.0,6
12B,IN12B027,gaba,gaba,1.0,11
12B,IN12B028,gaba,gaba,1.0,4
12B,IN12B029,gaba,gaba,1.0,5
12B,IN12B030,gaba,gaba,1.0,12
12B,IN12B031,gaba,gaba,1.0,7
12B,IN12B032,gaba,gaba,1.0,4
12B,IN12B033,gaba,gaba,1.0,5
12B,IN12B034,gaba,gaba,1.0,10
12B,IN12B035,gaba,gaba,1.0,8
12B,IN12B036,gaba,gaba,1.0,14
12B,IN12B037_a,gaba,gaba,1.0,2
12B,IN12B037_b,gaba,gaba,1.0,2
12B,IN12B037_c,gaba,gaba,1.0,2
12B,IN12B037_d,gaba,gaba,1.0,2
12B,IN12B037_e,gaba,gaba,1.0,2
12B,IN12B037_f,gaba,gaba,1.0,2
12B,IN12B038,gaba,gaba,1.0,8
12B,IN12B039,gaba,gaba,1.0,7
12B,IN12B040,gaba,gaba,1.0,5
12B,IN12B041,gaba,gaba,1.0,4
12B,IN12B042,gaba,gaba,1.0,4
12B,IN12B043,gaba,gaba,1.0,6
12B,IN12B044_a,gaba,gaba,1.0,2
12B,IN12B044_b,gaba,gaba,1.0,2
12B,IN12B044_c,gaba,gaba,1.0,2
12B,IN12B044_d,gaba,gaba,1.0,2
12B,IN12B044_e,gaba,gaba,1.0,6
12B,IN12B045,gaba,gaba,1.0,4
12B,IN12B046,gaba,gaba,1.0,2
12B,IN12B047,gaba,gaba,1.0,4
12B,IN12B048,gaba,gaba,1.0,11
12B,IN12B049,gaba,gaba,1.0,5
12B,IN12B050,gaba,gaba,1.0,2
12B,IN12B051,gaba,gaba,1.0,4
12B,IN12B052,gaba,gaba,1.0,8
12B,IN12B053,gaba,gaba,1.0,8
12B,IN12B054,gaba,gaba,1.0,6
12B,IN12B056,gaba,gaba,1.0,10
12B,IN12B057,gaba,gaba,1.0,4
12B,IN12B058,gaba,gaba,1.0,8
12B,IN12B059,gaba,gaba,1.0,10
12B,IN12B060,gaba,gaba,1.0,2
12B,IN12B061,gaba,gaba,1.0,3
12B,IN12B062,gaba,gaba,1.0,4
12B,IN12B063_a,gaba,gaba,1.0,2
12B,IN12B063_b,gaba,gaba,1.0,2
12B,IN12B063_c,gaba,gaba,1.0,6
12B,IN12B064,gaba,gaba,1.0,2
12B,IN12B065,gaba,gaba,1.0,7
12B,IN12B066_a,gaba,gaba,1.0,2
12B,IN12B066_b,gaba,gaba,1.0,2
12B,IN12B066_c,gaba,gaba,1.0,3
12B,IN12B066_d,gaba,gaba,1.0,2
12B,IN12B066_e,gaba,gaba,1.0,2
12B,IN12B066_f,gaba,gaba,1.0,2
12B,IN12B066_g,gaba,gaba,1.0,1
12B,IN12B068_a,gaba,gaba,1.0,6
12B,IN12B068_b,gaba,gaba,1.0,3
12B,IN12B068_c,gaba,gaba,1.0,1
12B,IN12B069,gaba,gaba,1.0,6
12B,IN12B070,gaba,gaba,1.0,2
12B,IN12B071,gaba,gaba,1.0,8
12B,IN12B072,gaba,gaba,1.0,14
12B,IN12B073,gaba,gaba,1.0,4
12B,IN12B074,gaba,gaba,1.0,7
12B,IN12B075,gaba,gaba,1.0,8
12B,IN12B077,gaba,gaba,1.0,4
12B,IN12B078,gaba,gaba,1.0,4
12B,IN12B079_a,gaba,gaba,1.0,2
12B,IN12B079_b,gaba,gaba,1.0,2
12B,IN12B079_c,gaba,gaba,1.0,6
12B,IN12B079_d,gaba,gaba,1.0,2
12B,IN12B081,gaba,gaba,1.0,8
12B,IN12B082,gaba,gaba,1.0,2
12B,IN12B083,gaba,gaba,1.0,2
12B,IN12B084,gaba,gaba,1.0,3
12B,IN12B085,gaba,gaba,1.0,2
12B,IN12B086,gaba,gaba,1.0,6
12B,IN12B087,gaba,gaba,1.0,4
12B,IN12B088,gaba,gaba,1.0,6
12B,IN12B090,gaba,gaba,1.0,2
12B,IN12B091,gaba,gaba,1.0,2
12B,IN12B092,gaba,gaba,1.0,2
13A,#821180,gaba,gaba,1.0,1
13A,IN13A001,gaba,gaba,1.0,6
13A,IN13A002,gaba,gaba,1.0,6
13A,IN13A003,gaba,gaba,1.0,6
13A,IN13A004,gaba,gaba,1.0,4
13A,IN13A005,gaba,gaba,1.0,6
13A,IN13A006,gaba,gaba,1.0,6
13A,IN13A007,gaba,gaba,1.0,6
13A,IN13A008,gaba,gaba,1.0,6
13A,IN13A009,gaba,gaba,1.0,6
13A,IN13A010,gaba,gaba,1.0,6
13A,IN13A011,gaba,gaba,1.0,2
13A,IN13A012,gaba,gaba,1.0,6
13A,IN13A013,gaba,gaba,1.0,4
13A,IN13A014,gaba,gaba,1.0,6
13A,IN13A015,gaba,gaba,1.0,5
13A,IN13A017,gaba,gaba,1.0,2
13A,IN13A018,gaba,gaba,1.0,6
13A,IN13A019,gaba,gaba,1.0,6
13A,IN13A020,gaba,gaba,1.0,8
13A,IN13A021,gaba,gaba,1.0,6
13A,IN13A022,gaba,gaba,1.0,8
13A,IN13A023,gaba,gaba,1.0,4
13A,IN13A024,gaba,gaba,1.0,6
13A,IN13A025,gaba,gaba,1.0,4
13A,IN13A026,gaba,gaba,1.0,2
13A,IN13A027,gaba,gaba,1.0,4
13A,IN13A028,gaba,gaba,1.0,7
13A,IN13A029,gaba,gaba,1.0,9
13A,IN13A030,gaba,gaba,1.0,9
13A,IN13A031,gaba,gaba,1.0,2
13A,IN13A032,gaba,gaba,1.0,4
13A,IN13A033,gaba,gaba,1.0,2
13A,IN13A034,gaba,gaba,1.0,8
13A,IN13A035,gaba,gaba,1.0,10
13A,IN13A036,gaba,gaba,1.0,7
13A,IN13A037,gaba,gaba,1.0,4
13A,IN13A038,gaba,gaba,1.0,13
13A,IN13A039,gaba,gaba,1.0,2
13A,IN13A040,gaba,gaba,1.0,8
13A,IN13A041,gaba,gaba,1.0,7
13A,IN13A042,gaba,gaba,1.0,6
13A,IN13A043,gaba,gaba,1.0,5
13A,IN13A044,gaba,gaba,1.0,6
13A,IN13A045,gaba,gaba,1.0,16
13A,IN13A046,gaba,gaba,1.0,7
13A,IN13A047,gaba,gaba,1.0,9
13A,IN13A049,gaba,gaba,1.0,8
13A,IN13A050,gaba,gaba,1.0,14
13A,IN13A051,gaba,gaba,1.0,12
13A,IN13A052,gaba,gaba,1.0,4
13A,IN13A053,gaba,gaba,1.0,4
13A,IN13A054,gaba,gaba,1.0,6
13A,IN13A055,gaba,gaba,1.0,8
13A,IN13A056,gaba,gaba,1.0,2
13A,IN13A057,gaba,gaba,1.0,10
13A,IN13A058,gaba,gaba,1.0,4
13A,IN13A059,gaba,gaba,1.0,13
13A,IN13A060,gaba,gaba,1.0,7
13A,IN13A061,gaba,gaba,1.0,6
13A,IN13A062,gaba,gaba,1.0,12
13A,IN13A063,gaba,gaba,1.0,3
13A,IN13A064,gaba,gaba,1.0,2
13A,IN13A065,gaba,gaba,1.0,2
13A,IN13A067,gaba,gaba,1.0,5
13A,IN13A068,gaba,gaba,1.0,13
13A,IN13A069,gaba,gaba,1.0,3
13A,IN13A071,gaba,gaba,1.0,4
13A,IN13A072,gaba,gaba,1.0,4
13A,IN13A074,gaba,gaba,1.0,2
13A,IN13A075,gaba,gaba,1.0,5
13A_put1,AMMC015,gaba,gaba,1.0,8
13A_put1,CB0307,gaba,gaba,1.0,2
13A_put1,CB1065,gaba,gaba,1.0,5
13A_put1,CB1314,gaba,gaba,1.0,5
13A_put1,CB1538,gaba,gaba,1.0,4
13A_put1,CB1942,gaba,gaba,1.0,4
13A_put1,CB1948,gaba,gaba,1.0,7
13A_put1,CB2228,gaba,gaba,1.0,5
13A_put1,CB2824,gaba,gaba,1.0,2
13A_put1,CB3024,gaba,gaba,1.0,8
13A_put1,CB3245,gaba,gaba,1.0,4
13A_put1,CB3552,gaba,gaba,1.0,4
13A_put1,CB4118,gaba,gaba,1.0,14
13A_put1,SAD021,gaba,gaba,1.0,2
13A_put1,SAD021_a,gaba,gaba,1.0,6
13A_put1,SAD021_b,gaba,gaba,1.0,2
13A_put1,SAD021_c,gaba,gaba,1.0,4
13A_put1,SAD023,gaba,gaba,1.0,6
13A_put1,SAD030,gaba,gaba,1.0,7
13A_put1,SAD104,gaba,gaba,1.0,5
13A_put1,SAD110,gaba,gaba,1.0,4
13A_put1,SAD111,gaba,gaba,1.0,2
13A_put1,SAD112_a,gaba,gaba,1.0,2
13A_put1,SAD112_b,gaba,gaba,1.0,2
13A_put1,SAD112_c,gaba,gaba,1.0,2
13A_put1,SAD113,gaba,gaba,1.0,4
13A_put1,SAD114,gaba,gaba,1.0,2
13A_put1,SAD117,gaba,gaba,1.0,10
13A_put1,WED055_a,gaba,gaba,1.0,2
13A_put1,WED055_b,gaba,gaba,1.0,8
13A_put1,WED056,gaba,gaba,1.0,12
13A_put1,WED057,gaba,gaba,1.0,21
13B,IN13B001,gaba,gaba,1.0,6
13B,IN13B004,gaba,gaba,1.0,6
13B,IN13B005,gaba,gaba,1.0,6
13B,IN13B006,gaba,gaba,1.0,6
13B,IN13B007,gaba,gaba,1.0,2
13B,IN13B008,gaba,gaba,1.0,2
13B,IN13B009,gaba,gaba,1.0,6
13B,IN13B010,gaba,gaba,1.0,5
13B,IN13B011,gaba,gaba,1.0,6
13B,IN13B012,gaba,gaba,1.0,6
13B,IN13B013,gaba,gaba,1.0,6
13B,IN13B014,gaba,gaba,1.0,6
13B,IN13B015,gaba,gaba,1.0,2
13B,IN13B017,gaba,gaba,1.0,6
13B,IN13B018,gaba,gaba,1.0,6
13B,IN13B019,gaba,gaba,1.0,6
13B,IN13B020,gaba,gaba,1.0,2
13B,IN13B021,gaba,gaba,1.0,6
13B,IN13B022,gaba,gaba,1.0,11
13B,IN13B023,gaba,gaba,1.0,6
13B,IN13B024,gaba,gaba,1.0,2
13B,IN13B025,gaba,gaba,1.0,7
13B,IN13B026,gaba,gaba,1.0,9
13B,IN13B027,gaba,gaba,1.0,7
13B,IN13B028,gaba,gaba,1.0,5
13B,IN13B029,gaba,gaba,1.0,6
13B,IN13B030,gaba,gaba,1.0,4
13B,IN13B031,gaba,gaba,1.0,3
13B,IN13B032,gaba,gaba,1.0,7
13B,IN13B033,gaba,gaba,1.0,8
13B,IN13B034,gaba,gaba,1.0,4
13B,IN13B035,gaba,gaba,1.0,8
13B,IN13B036,gaba,gaba,1.0,6
13B,IN13B037,gaba,gaba,1.0,4
13B,IN13B038,gaba,gaba,1.0,2
13B,IN13B039,gaba,gaba,1.0,2
13B,IN13B040,gaba,gaba,1.0,2
13B,IN13B041,gaba,gaba,1.0,2
13B,IN13B042,gaba,gaba,1.0,5
13B,IN13B043,gaba,gaba,1.0,2
13B,IN13B044,gaba,gaba,1.0,9
13B,IN13B045,gaba,gaba,1.0,7
13B,IN13B046,gaba,gaba,1.0,4
13B,IN13B048,gaba,gaba,1.0,2
13B,IN13B049,gaba,gaba,1.0,2
13B,IN13B050,gaba,gaba,1.0,8
13B,IN13B051,gaba,gaba,1.0,2
13B,IN13B052,gaba,gaba,1.0,5
13B,IN13B053,gaba,gaba,1.0,2
13B,IN13B054,gaba,gaba,1.0,6
13B,IN13B055,gaba,gaba,1.0,5
13B,IN13B056,gaba,gaba,1.0,10
13B,IN13B057,gaba,gaba,1.0,6
13B,IN13B058,gaba,gaba,1.0,10
13B,IN13B059,gaba,gaba,1.0,2
13B,IN13B060,gaba,gaba,1.0,4
13B,IN13B061,gaba,gaba,1.0,2
13B,IN13B062,gaba,gaba,1.0,3
13B,IN13B063,gaba,gaba,1.0,2
13B,IN13B064,gaba,gaba,1.0,6
13B,IN13B065,gaba,gaba,1.0,8
13B,IN13B066,gaba,gaba,1.0,2
13B,IN13B067,gaba,gaba,1.0,2
13B,IN13B068,gaba,gaba,1.0,2
13B,IN13B069,gaba,gaba,1.0,3
13B,IN13B070,gaba,gaba,1.0,6
13B,IN13B071,gaba,gaba,1.0,1
13B,IN13B072,gaba,gaba,1.0,2
13B,IN13B073,gaba,gaba,1.0,2
13B,IN13B074,gaba,gaba,1.0,6
13B,IN13B075,gaba,gaba,1.0,2
13B,IN13B076,gaba,gaba,1.0,6
13B,IN13B077,gaba,gaba,1.0,2
13B,IN13B078,gaba,gaba,1.0,11
13B,IN13B079,gaba,gaba,1.0,10
13B,IN13B080,gaba,gaba,1.0,4
13B,IN13B081,gaba,gaba,1.0,2
13B,IN13B082,gaba,gaba,1.0,2
13B,IN13B084,gaba,gaba,1.0,2
13B,IN13B085,gaba,gaba,1.0,2
13B,IN13B087,gaba,gaba,1.0,8
13B,IN13B088,gaba,gaba,1.0,4
13B,IN13B089,gaba,gaba,1.0,2
13B,IN13B090,gaba,gaba,1.0,12
13B,IN13B091,gaba,gaba,1.0,1
13B,IN13B093,gaba,gaba,1.0,7
13B,IN13B094,gaba,gaba,1.0,1
13B,IN13B096_a,gaba,gaba,1.0,4
13B,IN13B096_b,gaba,gaba,1.0,2
13B,IN13B097,gaba,gaba,1.0,6
13B,IN13B098,gaba,gaba,1.0,5
13B,IN13B099,gaba,gaba,1.0,2
13B,IN13B100,gaba,gaba,1.0,1
13B,IN13B102,gaba,gaba,1.0,2
13B,IN13B103,gaba,gaba,1.0,2
13B,IN13B104,gaba,gaba,1.0,2
13B,IN13B105,gaba,gaba,1.0,1
14A,#805149,glutamate,glutamate,0.9881422924901185,1
14A,#811114,glutamate,glutamate,0.9881422924901185,1
14A,#811218,glutamate,glutamate,0.9881422924901185,1
14A,#815580,glutamate,glutamate,0.9881422924901185,1
14A,#816598,glutamate,glutamate,0.9881422924901185,1
14A,#907743,glutamate,glutamate,0.9881422924901185,1
14A,#910330,glutamate,glutamate,0.9881422924901185,1
14A,AN14A003,glutamate,glutamate,0.9880478087649402,5
14A,IN14A001,gaba,glutamate,1.0,6
14A,IN14A002,glutamate,glutamate,0.9880239520958084,6
14A,IN14A004,glutamate,glutamate,0.9880239520958084,6
14A,IN14A005,glutamate,glutamate,0.9880239520958084,6
14A,IN14A006,glutamate,glutamate,0.9880239520958084,6
14A,IN14A007,glutamate,glutamate,0.9880239520958084,6
14A,IN14A008,glutamate,glutamate,0.9880239520958084,6
14A,IN14A009,glutamate,glutamate,0.9880239520958084,6
14A,IN14A010,glutamate,glutamate,0.9880239520958084,6
14A,IN14A011,glutamate,glutamate,0.9880239520958084,6
14A,IN14A012,glutamate,glutamate,0.9880239520958084,6
14A,IN14A013,glutamate,glutamate,0.9880239520958084,6
14A,IN14A014,glutamate,glutamate,0.9880239520958084,6
14A,IN14A015,glutamate,glutamate,0.9878787878787879,12
14A,IN14A016,glutamate,glutamate,0.9881188118811881,2
14A,IN14A017,glutamate,glutamate,0.988,7
14A,IN14A018,glutamate,glutamate,0.988,7
14A,IN14A020,glutamate,glutamate,0.9879032258064516,11
14A,IN14A021,glutamate,glutamate,0.9880478087649402,5
14A,IN14A022,glutamate,glutamate,0.9881188118811881,2
14A,IN14A023,glutamate,glutamate,0.9879275653923542,10
14A,IN14A024,glutamate,glutamate,0.9880239520958084,6
14A,IN14A025,glutamate,glutamate,0.9880239520958084,6
14A,IN14A026,glutamate,glutamate,0.9880715705765407,4
14A,IN14A028,glutamate,glutamate,0.988,7
14A,IN14A030,glutamate,glutamate,0.9881188118811881,2
14A,IN14A031,glutamate,glutamate,0.9880952380952381,3
14A,IN14A032,glutamate,glutamate,0.9880715705765407,4
14A,IN14A033,glutamate,glutamate,0.9881188118811881,2
14A,IN14A034,glutamate,glutamate,0.9880478087649402,5
14A,IN14A035,glutamate,glutamate,0.9880715705765407,4
14A,IN14A036,glutamate,glutamate,0.9880952380952381,3
14A,IN14A037,glutamate,glutamate,0.9880239520958084,6
14A,IN14A038,glutamate,glutamate,0.988,7
14A,IN14A039,glutamate,glutamate,0.9880715705765407,4
14A,IN14A040,glutamate,glutamate,0.9881188118811881,2
14A,IN14A041,glutamate,glutamate,0.9881422924901185,1
14A,"IN14A042,IN14A047",glutamate,glutamate,0.9878296146044625,14
14A,IN14A043,glutamate,glutamate,0.9880478087649402,5
14A,IN14A044,glutamate,glutamate,0.9880239520958084,6
14A,IN14A045,glutamate,glutamate,0.9880952380952381,3
14A,IN14A046,glutamate,glutamate,0.9880715705765407,4
14A,IN14A047,glutamate,glutamate,0.9881188118811881,2
14A,"IN14A048,IN14A102",glutamate,glutamate,0.9880239520958084,6
14A,IN14A050,glutamate,glutamate,0.9880715705765407,4
14A,IN14A051,glutamate,glutamate,0.9880952380952381,3
14A,IN14A052,glutamate,glutamate,0.9879518072289156,9
14A,IN14A053,glutamate,glutamate,0.9881422924901185,1
14A,IN14A054,glutamate,glutamate,0.9881422924901185,1
14A,IN14A055,glutamate,glutamate,0.9881188118811881,2
14A,IN14A056,glutamate,glutamate,0.988,7
14A,IN14A057,glutamate,glutamate,0.9881188118811881,2
14A,IN14A058,glutamate,glutamate,0.9880478087649402,5
14A,IN14A059,glutamate,glutamate,0.9881188118811881,2
14A,IN14A061,glutamate,glutamate,0.9881422924901185,1
14A,IN14A062,glutamate,glutamate,0.9881188118811881,2
14A,IN14A063,glutamate,glutamate,0.9881188118811881,2
14A,IN14A064,glutamate,glutamate,0.9881188118811881,2
14A,IN14A065,glutamate,glutamate,0.9881188118811881,2
14A,IN14A066,glutamate,glutamate,0.9880715705765407,4
14A,IN14A068,glutamate,glutamate,0.9880715705765407,4
14A,IN14A069,glutamate,glutamate,0.9881188118811881,2
14A,IN14A070,glutamate,glutamate,0.9881188118811881,2
14A,IN14A072,glutamate,glutamate,0.9880715705765407,4
14A,IN14A074,glutamate,glutamate,0.988,7
14A,IN14A075,glutamate,glutamate,0.9881188118811881,2
14A,IN14A076,glutamate,glutamate,0.9880478087649402,5
14A,IN14A077,glutamate,glutamate,0.9879759519038076,8
14A,IN14A078,glutamate,glutamate,0.9878296146044625,14
14A,IN14A079,glutamate,glutamate,0.9881188118811881,2
14A,IN14A080,glutamate,glutamate,0.9880952380952381,3
14A,IN14A081,glutamate,glutamate,0.9880715705765407,4
14A,IN14A082,glutamate,glutamate,0.9880952380952381,3
14A,IN14A084,glutamate,glutamate,0.9881422924901185,1
14A,IN14A085_a,glutamate,glutamate,0.9881188118811881,2
14A,IN14A085_b,glutamate,glutamate,0.9881188118811881,2
14A,IN14A086,glutamate,glutamate,0.9879759519038076,8
14A,IN14A087,glutamate,glutamate,0.9880239520958084,6
14A,IN14A088,glutamate,glutamate,0.9881188118811881,2
14A,IN14A089,glutamate,glutamate,0.9880952380952381,3
14A,IN14A090,glutamate,glutamate,0.9879518072289156,9
14A,IN14A091,glutamate,glutamate,0.9881188118811881,2
14A,IN14A093,glutamate,glutamate,0.9881188118811881,2
14A,IN14A095,glutamate,glutamate,0.988,7
14A,IN14A096,glutamate,glutamate,0.9880478087649402,5
14A,IN14A097,glutamate,glutamate,0.9880952380952381,3
14A,IN14A098,glutamate,glutamate,0.9881188118811881,2
14A,IN14A099,glutamate,glutamate,0.9881188118811881,2
14A,"IN14A100,IN14A113",glutamate,glutamate,0.9880478087649402,5
14A,IN14A101,glutamate,glutamate,0.9881188118811881,2
14A,IN14A102,glutamate,glutamate,0.9881422924901185,1
14A,IN14A103,glutamate,glutamate,0.9881188118811881,2
14A,IN14A104,glutamate,glutamate,0.9881188118811881,2
14A,IN14A105,glutamate,glutamate,0.988,7
14A,IN14A106,glutamate,glutamate,0.9880715705765407,4
14A,IN14A107,glutamate,glutamate,0.9880952380952381,3
14A,IN14A108,glutamate,glutamate,0.9880239520958084,6
14A,IN14A109,glutamate,glutamate,0.9879759519038076,8
14A,IN14A110,glutamate,glutamate,0.9879032258064516,11
14A,IN14A111,glutamate,glutamate,0.9880715705765407,4
14A,IN14A114,glutamate,glutamate,0.988,7
14A,IN14A115,glutamate,glutamate,0.9881188118811881,2
14A,IN14A116,glutamate,glutamate,0.9881188118811881,2
14A,IN14A117,glutamate,glutamate,0.9881188118811881,2
14A,IN14A118,glutamate,glutamate,0.9880239520958084,6
14A,IN14A119,glutamate,glutamate,0.9880715705765407,4
14A,IN14A120,glutamate,glutamate,0.988,7
14A,IN14A121_a,glutamate,glutamate,0.9881188118811881,2
14A,IN14A121_b,glutamate,glutamate,0.9881188118811881,2
14A,IN14A123,glutamate,glutamate,0.9881422924901185,1
14B,AN14B012,gaba,glutamate,0.5675675675675675,2
14B,IN14B001,gaba,glutamate,0.5675675675675675,2
14B,IN14B002,gaba,glutamate,0.5675675675675675,2
14B,IN14B003,gaba,glutamate,0.5675675675675675,2
14B,IN14B004,glutamate,glutamate,0.5135135135135135,2
14B,IN14B005,glutamate,gaba,0.5142857142857142,4
14B,IN14B006,gaba,glutamate,0.5675675675675675,2
14B,IN14B007,gaba,glutamate,0.6,4
14B,IN14B008,glutamate,glutamate,0.5135135135135135,2
14B,IN14B009,glutamate,glutamate,0.5135135135135135,2
14B,IN14B010,glutamate,gaba,0.5454545454545454,6
14B,IN14B011,glutamate,gaba,0.5294117647058824,5
14B,IN14B012,gaba,glutamate,0.6,4
15B,Acc. ti flexor MN,glutamate,glutamate,1.0,47
15B,MNhl65,glutamate,glutamate,1.0,3
15B,MNml76,glutamate,glutamate,1.0,1
15B,MNml77,glutamate,glutamate,1.0,2
15B,MNml78,glutamate,glutamate,1.0,6
15B,MNml79,glutamate,glutamate,1.0,2
15B,MNml80,glutamate,glutamate,1.0,6
15B,MNml82,glutamate,glutamate,1.0,2
15B,MNml83,glutamate,glutamate,1.0,1
15B,Ta depressor MN,glutamate,glutamate,1.0,9
15B,Ta levator MN,glutamate,glutamate,1.0,2
15B,Ti flexor MN,glutamate,glutamate,1.0,37
15B,ltm MN,glutamate,glutamate,1.0,21
15B,ltm1-tibia MN,glutamate,glutamate,1.0,9
15B,ltm2-femur MN,glutamate,glutamate,1.0,12
16B,#805845,glutamate,glutamate,0.988394584139265,1
16B,AN16B078_a,glutamate,glutamate,0.9883720930232558,2
16B,AN16B078_b,glutamate,glutamate,0.9883720930232558,2
16B,AN16B078_c,glutamate,glutamate,0.98828125,6
16B,AN16B078_d,glutamate,glutamate,0.98828125,6
16B,AN16B081,glutamate,glutamate,0.9883720930232558,2
16B,AN16B112,glutamate,glutamate,0.9883268482490273,4
16B,AN16B116,glutamate,glutamate,0.9883720930232558,2
16B,DVMn 1a-c,glutamate,glutamate,0.98828125,6
16B,FNM2,glutamate,glutamate,0.9883720930232558,2
16B,IN16B014,glutamate,glutamate,0.9883720930232558,2
16B,IN16B016,glutamate,glutamate,0.98828125,6
16B,IN16B018,gaba,glutamate,1.0,6
16B,IN16B020,glutamate,glutamate,0.98828125,6
16B,IN16B022,glutamate,glutamate,0.9883268482490273,4
16B,IN16B024,glutamate,glutamate,0.9883720930232558,2
16B,IN16B029,glutamate,glutamate,0.98828125,6
16B,IN16B030,glutamate,glutamate,0.98828125,6
16B,IN16B032,glutamate,glutamate,0.98828125,6
16B,IN16B033,glutamate,glutamate,0.98828125,6
16B,IN16B034,glutamate,glutamate,0.9883720930232558,2
16B,IN16B036,glutamate,glutamate,0.98828125,6
16B,IN16B037,glutamate,glutamate,0.98828125,6
16B,IN16B038,glutamate,glutamate,0.9883720930232558,2
16B,IN16B039,glutamate,glutamate,0.9883268482490273,4
16B,IN16B040,glutamate,glutamate,0.9883720930232558,2
16B,IN16B041,glutamate,glutamate,0.98828125,6
16B,IN16B042,glutamate,glutamate,0.9881422924901185,12
16B,IN16B045,glutamate,glutamate,0.9881422924901185,12
16B,IN16B046,glutamate,glutamate,0.9883495145631068,3
16B,IN16B047,glutamate,glutamate,0.9883720930232558,2
16B,IN16B048,glutamate,glutamate,0.9883720930232558,2
16B,IN16B050,glutamate,glutamate,0.9883720930232558,2
16B,IN16B051,glutamate,glutamate,0.9883268482490273,4
16B,IN16B052,glutamate,glutamate,0.9882352941176471,8
16B,IN16B053,glutamate,glutamate,0.98828125,6
16B,IN16B054,glutamate,glutamate,0.9883495145631068,3
16B,IN16B055,glutamate,glutamate,0.9882352941176471,8
16B,IN16B056,glutamate,glutamate,0.9883268482490273,4
16B,IN16B057,glutamate,glutamate,0.9883720930232558,2
16B,IN16B058,glutamate,glutamate,0.98828125,6
16B,IN16B059,glutamate,glutamate,0.9883268482490273,4
16B,IN16B060,glutamate,glutamate,0.9883268482490273,4
16B,IN16B061,glutamate,glutamate,0.9882121807465619,9
16B,IN16B062,glutamate,glutamate,0.9883268482490273,4
16B,IN16B063,glutamate,glutamate,0.9883268482490273,4
16B,IN16B064,glutamate,glutamate,0.9883268482490273,4
16B,IN16B065,glutamate,glutamate,0.988394584139265,1
16B,IN16B066,glutamate,glutamate,0.9883720930232558,2
16B,IN16B068_a,glutamate,glutamate,0.9883720930232558,2
16B,IN16B068_b,glutamate,glutamate,0.9883720930232558,2
16B,IN16B068_c,glutamate,glutamate,0.9883720930232558,2
16B,IN16B069,glutamate,glutamate,0.98828125,6
16B,IN16B070,glutamate,glutamate,0.98828125,6
16B,IN16B071,glutamate,glutamate,0.98828125,6
16B,IN16B072,glutamate,glutamate,0.9883720930232558,2
16B,IN16B073,glutamate,glutamate,0.9882352941176471,8
16B,IN16B074,glutamate,glutamate,0.98828125,6
16B,IN16B075,glutamate,glutamate,0.9883720930232558,2
16B,IN16B075_a,glutamate,glutamate,0.9883720930232558,2
16B,IN16B075_b,glutamate,glutamate,0.9883720930232558,2
16B,IN16B075_c,glutamate,glutamate,0.9883720930232558,2
16B,IN16B075_d,glutamate,glutamate,0.9883720930232558,2
16B,IN16B075_e,glutamate,glutamate,0.9883720930232558,2
16B,IN16B075_f,glutamate,glutamate,0.9883495145631068,3
16B,IN16B075_g,glutamate,glutamate,0.9883720930232558,2
16B,IN16B075_h,glutamate,glutamate,0.9883720930232558,2
16B,IN16B075_i,glutamate,glutamate,0.9883720930232558,2
16B,IN16B076,glutamate,glutamate,0.9883720930232558,2
16B,IN16B077,glutamate,glutamate,0.9881889763779528,10
16B,IN16B079,glutamate,glutamate,0.9883040935672515,5
16B,IN16B080,glutamate,glutamate,0.9883268482490273,4
16B,IN16B082,glutamate,glutamate,0.98828125,6
16B,IN16B083,glutamate,glutamate,0.9881889763779528,10
16B,IN16B084,glutamate,glutamate,0.9883268482490273,4
16B,IN16B085,glutamate,glutamate,0.9883495145631068,3
16B,IN16B086,glutamate,glutamate,0.9883268482490273,4
16B,IN16B087,glutamate,glutamate,0.9883720930232558,2
16B,"IN16B088,IN16B109",glutamate,glutamate,0.9883268482490273,4
16B,IN16B089,glutamate,glutamate,0.98828125,6
16B,IN16B090,glutamate,glutamate,0.98828125,6
16B,IN16B091,glutamate,glutamate,0.9883040935672515,5
16B,IN16B092,glutamate,glutamate,0.9883268482490273,4
16B,IN16B093,glutamate,glutamate,0.98828125,6
16B,IN16B094,glutamate,glutamate,0.9883720930232558,2
16B,IN16B095,glutamate,glutamate,0.9883720930232558,2
16B,IN16B096,glutamate,glutamate,0.988394584139265,1
16B,IN16B097,glutamate,glutamate,0.98828125,6
16B,IN16B098,glutamate,glutamate,0.98828125,6
16B,IN16B099,glutamate,glutamate,0.9881889763779528,10
16B,IN16B100_a,glutamate,glutamate,0.9883495145631068,3
16B,IN16B100_b,glutamate,glutamate,0.9883720930232558,2
16B,IN16B100_c,glutamate,glutamate,0.9883268482490273,4
16B,IN16B101,glutamate,glutamate,0.9883268482490273,4
16B,IN16B104,glutamate,glutamate,0.9883720930232558,2
16B,IN16B105,glutamate,glutamate,0.9883040935672515,5
16B,IN16B106,glutamate,glutamate,0.9882352941176471,8
16B,IN16B107,glutamate,glutamate,0.9883495145631068,3
16B,IN16B108,glutamate,glutamate,0.9882352941176471,8
16B,IN16B111,glutamate,glutamate,0.9883268482490273,4
16B,IN16B113,glutamate,glutamate,0.9883720930232558,2
16B,IN16B114,glutamate,glutamate,0.9883268482490273,4
16B,IN16B115,glutamate,glutamate,0.9883720930232558,2
16B,IN16B117,glutamate,glutamate,0.9883720930232558,2
16B,IN16B118,glutamate,glutamate,0.9883040935672515,5
16B,IN16B119,glutamate,glutamate,0.9883720930232558,2
16B,IN16B120,glutamate,glutamate,0.9883720930232558,2
16B,IN16B121,glutamate,glutamate,0.9882583170254403,7
16B,IN16B122,glutamate,glutamate,0.9883720930232558,2
16B,IN16B123,glutamate,glutamate,0.988394584139265,1
16B,IN16B124,glutamate,glutamate,0.9883720930232558,2
16B,IN16B125,glutamate,glutamate,0.98828125,6
16B,MNhm03,glutamate,glutamate,0.9883720930232558,2
16B,MNhm42,glutamate,glutamate,0.9883720930232558,2
16B,MNhm43,glutamate,glutamate,0.9883720930232558,2
16B,MNnm03,glutamate,glutamate,0.9883720930232558,2
16B,"MNnm07,MNnm12",glutamate,glutamate,0.9883268482490273,4
16B,MNnm08,glutamate,glutamate,0.9883720930232558,2
16B,MNnm09,glutamate,glutamate,0.9883720930232558,2
16B,MNnm10,glutamate,glutamate,0.9883720930232558,2
16B,MNnm11,glutamate,glutamate,0.9883720930232558,2
16B,MNnm13,glutamate,glutamate,0.9883720930232558,2
16B,MNnm14,glutamate,glutamate,0.9883720930232558,2
16B,b1 MN,glutamate,glutamate,0.9883720930232558,2
16B,b2 MN,glutamate,glutamate,0.9883720930232558,2
16B,b3 MN,glutamate,glutamate,0.9883720930232558,2
16B,hg1 MN,glutamate,glutamate,0.9883720930232558,2
16B,hg2 MN,glutamate,glutamate,0.9883720930232558,2
16B,hg3 MN,glutamate,glutamate,0.9883720930232558,2
16B,hi2 MN,glutamate,glutamate,0.9883268482490273,4
16B,hiii2 MN,glutamate,glutamate,0.9883720930232558,2
16B,i1 MN,glutamate,glutamate,0.9883720930232558,2
16B,i2 MN,glutamate,glutamate,0.9883720930232558,2
16B,tp1 MN,glutamate,glutamate,0.9883720930232558,2
16B,tp2 MN,glutamate,glutamate,0.9883720930232558,2
16B,tpn MN,glutamate,glutamate,0.9883720930232558,2
17A,#804602,acetylcholine,acetylcholine,0.9740932642487047,1
17A,#815073,acetylcholine,acetylcholine,0.9740932642487047,1
17A,#816155,acetylcholine,acetylcholine,0.9740932642487047,1
17A,AN17A002,acetylcholine,acetylcholine,0.974025974025974,2
17A,AN17A003,acetylcholine,acetylcholine,0.973753280839895,6
17A,AN17A004,acetylcholine,acetylcholine,0.974025974025974,2
17A,AN17A008,acetylcholine,acetylcholine,0.974025974025974,2
17A,AN17A009,acetylcholine,acetylcholine,0.974025974025974,2
17A,AN17A012,acetylcholine,acetylcholine,0.9738903394255874,4
17A,AN17A013,acetylcholine,acetylcholine,0.9738903394255874,4
17A,AN17A014,acetylcholine,acetylcholine,0.973753280839895,6
17A,AN17A015,acetylcholine,acetylcholine,0.9736147757255936,8
17A,AN17A018,acetylcholine,acetylcholine,0.973753280839895,6
17A,AN17A024,acetylcholine,acetylcholine,0.973753280839895,6
17A,AN17A026,acetylcholine,acetylcholine,0.974025974025974,2
17A,AN17A031,acetylcholine,acetylcholine,0.974025974025974,2
17A,AN17A047,acetylcholine,acetylcholine,0.974025974025974,2
17A,AN17A050,acetylcholine,acetylcholine,0.974025974025974,2
17A,AN17A062,acetylcholine,acetylcholine,0.973753280839895,6
17A,AN17A068,acetylcholine,acetylcholine,0.974025974025974,2
17A,AN17A073,acetylcholine,acetylcholine,0.974025974025974,2
17A,AN17A076,acetylcholine,acetylcholine,0.974025974025974,2
17A,IN17A001,acetylcholine,acetylcholine,0.973753280839895,6
17A,IN17A007,acetylcholine,acetylcholine,0.973753280839895,6
17A,IN17A011,acetylcholine,acetylcholine,0.974025974025974,2
17A,IN17A013,acetylcholine,acetylcholine,0.974025974025974,2
17A,IN17A016,acetylcholine,acetylcholine,0.9738219895287958,5
17A,IN17A017,acetylcholine,acetylcholine,0.973753280839895,6
17A,IN17A019,acetylcholine,acetylcholine,0.973753280839895,6
17A,IN17A020,acetylcholine,acetylcholine,0.973753280839895,6
17A,IN17A022,acetylcholine,acetylcholine,0.973753280839895,6
17A,IN17A023,acetylcholine,acetylcholine,0.974025974025974,2
17A,IN17A025,acetylcholine,acetylcholine,0.973753280839895,6
17A,IN17A027,acetylcholine,acetylcholine,0.974025974025974,2
17A,IN17A028,acetylcholine,acetylcholine,0.9733333333333334,12
17A,IN17A029,acetylcholine,acetylcholine,0.974025974025974,2
17A,IN17A030,acetylcholine,acetylcholine,0.974025974025974,2
17A,IN17A032,acetylcholine,acetylcholine,0.974025974025974,2
17A,IN17A033,acetylcholine,acetylcholine,0.974025974025974,2
17A,IN17A034,acetylcholine,acetylcholine,0.974025974025974,2
17A,IN17A035,acetylcholine,acetylcholine,0.974025974025974,2
17A,IN17A037,acetylcholine,acetylcholine,0.9738903394255874,4
17A,IN17A039,acetylcholine,acetylcholine,0.974025974025974,2
17A,IN17A040,acetylcholine,acetylcholine,0.974025974025974,2
17A,IN17A041,glutamate,acetylcholine,0.989501312335958,6
17A,IN17A042,acetylcholine,acetylcholine,0.974025974025974,2
17A,"IN17A043,IN17A046",acetylcholine,acetylcholine,0.9738903394255874,4
17A,IN17A044,acetylcholine,acetylcholine,0.973753280839895,6
17A,IN17A045,acetylcholine,acetylcholine,0.9740932642487047,1
17A,IN17A048,acetylcholine,acetylcholine,0.9739583333333334,3
17A,IN17A049,acetylcholine,acetylcholine,0.9738219895287958,5
17A,IN17A051,acetylcholine,acetylcholine,0.974025974025974,2
17A,IN17A052,acetylcholine,acetylcholine,0.9733333333333334,12
17A,IN17A053,acetylcholine,acetylcholine,0.9739583333333334,3
17A,IN17A055,acetylcholine,acetylcholine,0.9740932642487047,1
17A,IN17A056,acetylcholine,acetylcholine,0.974025974025974,2
17A,IN17A057,acetylcholine,acetylcholine,0.974025974025974,2
17A,IN17A058,acetylcholine,acetylcholine,0.9738903394255874,4
17A,"IN17A059,IN17A063",acetylcholine,acetylcholine,0.9738903394255874,4
17A,IN17A060,glutamate,acetylcholine,0.9843342036553525,4
17A,IN17A061,acetylcholine,acetylcholine,0.973404255319149,11
17A,IN17A064,acetylcholine,acetylcholine,0.9736842105263158,7
17A,IN17A065,acetylcholine,acetylcholine,0.974025974025974,2
17A,IN17A066,acetylcholine,acetylcholine,0.974025974025974,2
17A,IN17A067,acetylcholine,acetylcholine,0.974025974025974,2
17A,"IN17A071,IN17A081",acetylcholine,acetylcholine,0.9738219895287958,5
17A,IN17A072,acetylcholine,acetylcholine,0.974025974025974,2
17A,IN17A074,acetylcholine,acetylcholine,0.974025974025974,2
17A,IN17A075,acetylcholine,acetylcholine,0.974025974025974,2
17A,IN17A077,acetylcholine,acetylcholine,0.974025974025974,2
17A,IN17A078,acetylcholine,acetylcholine,0.9738219895287958,5
17A,IN17A079,acetylcholine,acetylcholine,0.9738903394255874,4
17A,"IN17A080,IN17A083",acetylcholine,acetylcholine,0.973753280839895,6
17A,"IN17A082,IN17A086",acetylcholine,acetylcholine,0.9738219895287958,5
17A,IN17A084,acetylcholine,acetylcholine,0.974025974025974,2
17A,IN17A085,acetylcholine,acetylcholine,0.9738903394255874,4
17A,IN17A087,acetylcholine,acetylcholine,0.9740932642487047,1
17A,"IN17A088,IN17A089",acetylcholine,acetylcholine,0.973753280839895,6
17A,IN17A090,acetylcholine,acetylcholine,0.9738903394255874,4
17A,IN17A091,acetylcholine,acetylcholine,0.9740932642487047,1
17A,IN17A092,acetylcholine,acetylcholine,0.974025974025974,2
17A,IN17A093,acetylcholine,acetylcholine,0.9738903394255874,4
17A,IN17A094,acetylcholine,acetylcholine,0.9738219895287958,5
17A,IN17A095,acetylcholine,acetylcholine,0.974025974025974,2
17A,IN17A096,acetylcholine,acetylcholine,0.9740932642487047,1
17A,IN17A097,acetylcholine,acetylcholine,0.974025974025974,2
17A,IN17A098,acetylcholine,acetylcholine,0.974025974025974,2
17A,IN17A099,acetylcholine,acetylcholine,0.9738903394255874,4
17A,IN17A100,acetylcholine,acetylcholine,0.974025974025974,2
17A,IN17A101,acetylcholine,acetylcholine,0.9738903394255874,4
17A,IN17A102,acetylcholine,acetylcholine,0.9740932642487047,1
17A,IN17A103,acetylcholine,acetylcholine,0.974025974025974,2
17A,IN17A104,acetylcholine,acetylcholine,0.974025974025974,2
17A,IN17A105,acetylcholine,acetylcholine,0.9740932642487047,1
17A,IN17A106_a,acetylcholine,acetylcholine,0.974025974025974,2
17A,IN17A106_b,acetylcholine,acetylcholine,0.9740932642487047,1
17A,IN17A107,acetylcholine,acetylcholine,0.974025974025974,2
17A,IN17A108,acetylcholine,acetylcholine,0.974025974025974,2
17A,IN17A109,acetylcholine,acetylcholine,0.9740932642487047,1
17A,"IN17A109,IN17A120",acetylcholine,acetylcholine,0.9739583333333334,3
17A,IN17A110,acetylcholine,acetylcholine,0.9739583333333334,3
17A,IN17A111,acetylcholine,acetylcholine,0.973753280839895,6
17A,IN17A112,acetylcholine,acetylcholine,0.9739583333333334,3
17A,IN17A113,acetylcholine,acetylcholine,0.9740932642487047,1
17A,"IN17A113,IN17A119",acetylcholine,acetylcholine,0.9738219895287958,5
17A,IN17A114,acetylcholine,acetylcholine,0.974025974025974,2
17A,IN17A115,acetylcholine,acetylcholine,0.9740932642487047,1
17A,IN17A116,acetylcholine,acetylcholine,0.9739583333333334,3
17A,IN17A118,acetylcholine,acetylcholine,0.9739583333333334,3
17A,IN17A119,acetylcholine,acetylcholine,0.9740932642487047,1
17A,dMS2,acetylcholine,acetylcholine,0.9727520435967303,20
17A_put2,AOTU100m,acetylcholine,acetylcholine,0.9863013698630136,2
17A_put2,AOTU101m,acetylcholine,acetylcholine,0.9863013698630136,2
17A_put2,AVLP562,acetylcholine,acetylcholine,0.9863013698630136,2
17A_put2,AVLP563,acetylcholine,acetylcholine,0.9863013698630136,2
17A_put2,AVLP702m,acetylcholine,acetylcholine,0.9861111111111112,4
17A_put2,AVLP705m,acetylcholine,acetylcholine,0.9856115107913669,9
17A_put2,AVLP708m,acetylcholine,acetylcholine,0.9863013698630136,2
17A_put2,AVLP752m,acetylcholine,acetylcholine,0.9859154929577465,6
17A_put2,CL303,acetylcholine,acetylcholine,0.9863013698630136,2
17A_put2,CL308,acetylcholine,acetylcholine,0.9863013698630136,2
17A_put2,CL309,acetylcholine,acetylcholine,0.9863013698630136,2
17A_put2,CL310,acetylcholine,acetylcholine,0.9863013698630136,2
17A_put2,CL311,acetylcholine,acetylcholine,0.9863013698630136,2
17A_put2,DNp02,acetylcholine,acetylcholine,0.9863013698630136,2
17A_put2,DNp04,acetylcholine,acetylcholine,0.9863013698630136,2
17A_put2,DNp06,acetylcholine,acetylcholine,0.9863013698630136,2
17A_put2,DNp09,acetylcholine,acetylcholine,0.9863013698630136,2
17A_put2,DNp35,acetylcholine,acetylcholine,0.9863013698630136,2
17A_put2,DNp69,acetylcholine,acetylcholine,0.9863013698630136,2
17A_put2,DNp70,acetylcholine,acetylcholine,0.9863013698630136,2
17A_put2,DNp71,acetylcholine,acetylcholine,0.9863013698630136,2
17A_put2,DNpe007,acetylcholine,acetylcholine,0.9863013698630136,2
17A_put2,DNpe021,acetylcholine,acetylcholine,0.9863013698630136,2
17A_put2,DNpe039,acetylcholine,acetylcholine,0.9863013698630136,2
17A_put2,DNpe052,acetylcholine,acetylcholine,0.9863013698630136,2
17A_put2,LAL143,gaba,acetylcholine,1.0,2
17A_put2,LAL144,acetylcholine,acetylcholine,0.9859154929577465,6
17A_put2,LAL300m,acetylcholine,acetylcholine,0.9861111111111112,4
17A_put2,LAL301m,acetylcholine,acetylcholine,0.9861111111111112,4
17A_put2,LAL302m,acetylcholine,acetylcholine,0.9857142857142858,8
17A_put2,LAL303m,acetylcholine,acetylcholine,0.986013986013986,5
17A_put2,PLP208,acetylcholine,acetylcholine,0.9863013698630136,2
17A_put2,PLP209,acetylcholine,acetylcholine,0.9863013698630136,2
17A_put2,PS180,acetylcholine,acetylcholine,0.9863013698630136,2
17A_put2,PS181,acetylcholine,acetylcholine,0.9863013698630136,2
17A_put2,PS182,acetylcholine,acetylcholine,0.9863013698630136,2
17A_put2,PVLP137,acetylcholine,acetylcholine,0.9863013698630136,2
17A_put2,PVLP138,acetylcholine,acetylcholine,0.9863013698630136,2
17A_put2,PVLP200m_a,acetylcholine,acetylcholine,0.9863013698630136,2
17A_put2,PVLP200m_b,acetylcholine,acetylcholine,0.9863013698630136,2
17A_put2,PVLP201m_a,acetylcholine,acetylcholine,0.9863013698630136,2
17A_put2,PVLP201m_b,acetylcholine,acetylcholine,0.9863013698630136,2
17A_put2,PVLP201m_c,acetylcholine,acetylcholine,0.9863013698630136,2
17A_put2,PVLP201m_d,acetylcholine,acetylcholine,0.9863013698630136,2
17A_put2,PVLP202m,acetylcholine,acetylcholine,0.9859154929577465,6
17A_put2,SIP135m,acetylcholine,acetylcholine,0.9855072463768116,10
17A_put2,VES065,acetylcholine,acetylcholine,0.9863013698630136,2
17A_put2,VES203m,acetylcholine,acetylcholine,0.9859154929577465,6
17A_put2,VES204m,acetylcholine,acetylcholine,0.9859154929577465,6
17A_put3,#101696,acetylcholine,acetylcholine,1.0,1
17A_put3,#106404,acetylcholine,acetylcholine,1.0,1
17A_put3,#109901,acetylcholine,acetylcholine,1.0,1
17A_put3,#117009,acetylcholine,acetylcholine,1.0,1
17A_put3,#117554,acetylcholine,acetylcholine,1.0,1
17A_put3,#128786,acetylcholine,acetylcholine,1.0,1
17A_put3,#161898,acetylcholine,acetylcholine,1.0,1
17A_put3,#196020,acetylcholine,acetylcholine,1.0,1
17A_put3,#19728,acetylcholine,acetylcholine,1.0,1
17A_put3,#33467,acetylcholine,acetylcholine,1.0,1
17A_put3,#34160,acetylcholine,acetylcholine,1.0,1
17A_put3,#34238,acetylcholine,acetylcholine,1.0,1
17A_put3,#35236,acetylcholine,acetylcholine,1.0,1
17A_put3,#525548,acetylcholine,acetylcholine,1.0,1
17A_put3,#529075,acetylcholine,acetylcholine,1.0,1
17A_put3,#532213,acetylcholine,acetylcholine,1.0,1
17A_put3,#555766,acetylcholine,acetylcholine,1.0,1
17A_put3,#590344,acetylcholine,acetylcholine,1.0,1
17A_put3,#65455,acetylcholine,acetylcholine,1.0,1
17A_put3,#65637,acetylcholine,acetylcholine,1.0,1
17A_put3,#74227,acetylcholine,acetylcholine,1.0,1
17A_put3,#82756,acetylcholine,acetylcholine,1.0,1
17A_put3,#97652,acetylcholine,acetylcholine,1.0,1
17A_put3,CB0647,acetylcholine,acetylcholine,1.0,2
17A_put3,CB0975,acetylcholine,acetylcholine,1.0,8
17A_put3,CB1379,acetylcholine,acetylcholine,1.0,5
17A_put3,CB4205,acetylcholine,acetylcholine,1.0,7
17A_put3,CL155,acetylcholine,acetylcholine,1.0,2
17A_put3,CL216,acetylcholine,acetylcholine,1.0,2
17A_put3,DNpe034,acetylcholine,acetylcholine,1.0,2
17A_put3,DNpe035,acetylcholine,acetylcholine,1.0,2
17A_put3,LHPV11a1,acetylcholine,acetylcholine,1.0,4
17A_put3,SCL002m,acetylcholine,acetylcholine,1.0,10
17A_put3,SMP482,acetylcholine,acetylcholine,1.0,4
17A_put3,SMP483,acetylcholine,acetylcholine,1.0,4
17A_put3,SMP484,acetylcholine,acetylcholine,1.0,3
17A_put3,SMP487,acetylcholine,acetylcholine,1.0,8
17A_put3,SMP700m,acetylcholine,acetylcholine,1.0,4
17A_put3,SMP710m,acetylcholine,acetylcholine,1.0,7
17A_put3,SMP711m,acetylcholine,acetylcholine,1.0,2
17A_put3,SMP716m,acetylcholine,acetylcholine,1.0,4
17A_put3,SMP717m,acetylcholine,acetylcholine,1.0,5
17A_put3,SMP718m,acetylcholine,acetylcholine,1.0,2
17A_put3,SMP721m,acetylcholine,acetylcholine,1.0,8
17A_put3,SMP726m,acetylcholine,acetylcholine,1.0,8
17A_put3,SMP727m,acetylcholine,acetylcholine,1.0,2
17B,AN17B002,gaba,gaba,1.0,2
17B,AN17B005,gaba,gaba,1.0,2
17B,AN17B007,gaba,gaba,1.0,2
17B,AN17B008,gaba,gaba,1.0,6
17B,AN17B009,gaba,gaba,1.0,2
17B,AN17B011,gaba,gaba,1.0,2
17B,AN17B012,gaba,gaba,1.0,2
17B,AN17B013,gaba,gaba,1.0,4
17B,AN17B016,gaba,gaba,1.0,2
17B,IN17B001,gaba,gaba,1.0,2
17B,IN17B003,gaba,gaba,1.0,2
17B,IN17B004,gaba,gaba,1.0,4
17B,IN17B006,gaba,gaba,1.0,2
17B,IN17B008,gaba,gaba,1.0,2
17B,IN17B010,gaba,gaba,1.0,2
17B,IN17B014,gaba,gaba,1.0,2
17B,IN17B015,gaba,gaba,1.0,4
17B,IN17B017,gaba,gaba,1.0,2
18B,AN18B001,acetylcholine,acetylcholine,1.0,2
18B,AN18B002,acetylcholine,acetylcholine,1.0,2
18B,AN18B003,acetylcholine,acetylcholine,1.0,2
18B,AN18B004,acetylcholine,acetylcholine,1.0,2
18B,AN18B019,acetylcholine,acetylcholine,1.0,4
18B,AN18B020,acetylcholine,acetylcholine,1.0,2
18B,AN18B022,acetylcholine,acetylcholine,1.0,2
18B,AN18B023,acetylcholine,acetylcholine,1.0,2
18B,AN18B025,acetylcholine,acetylcholine,1.0,2
18B,AN18B032,acetylcholine,acetylcholine,1.0,3
18B,AN18B053,acetylcholine,acetylcholine,1.0,6
18B,GFC1,acetylcholine,acetylcholine,1.0,3
18B,GFC2,acetylcholine,acetylcholine,1.0,10
18B,IN18B005,acetylcholine,acetylcholine,1.0,4
18B,IN18B006,acetylcholine,acetylcholine,1.0,2
18B,IN18B008,acetylcholine,acetylcholine,1.0,2
18B,IN18B009,acetylcholine,acetylcholine,1.0,2
18B,IN18B011,acetylcholine,acetylcholine,1.0,4
18B,IN18B012,acetylcholine,acetylcholine,1.0,2
18B,IN18B013,acetylcholine,acetylcholine,1.0,2
18B,IN18B014,acetylcholine,acetylcholine,1.0,2
18B,IN18B015,acetylcholine,acetylcholine,1.0,2
18B,IN18B016,acetylcholine,acetylcholine,1.0,4
18B,IN18B017,acetylcholine,acetylcholine,1.0,2
18B,IN18B018,acetylcholine,acetylcholine,1.0,2
18B,IN18B020,acetylcholine,acetylcholine,1.0,4
18B,IN18B021,acetylcholine,acetylcholine,1.0,6
18B,IN18B026,acetylcholine,acetylcholine,1.0,2
18B,IN18B027,acetylcholine,acetylcholine,1.0,2
18B,IN18B028,acetylcholine,acetylcholine,1.0,2
18B,IN18B029,acetylcholine,acetylcholine,1.0,2
18B,IN18B031,acetylcholine,acetylcholine,1.0,2
18B,IN18B032,acetylcholine,acetylcholine,1.0,2
18B,IN18B033,acetylcholine,acetylcholine,1.0,2
18B,IN18B034,acetylcholine,acetylcholine,1.0,4
18B,IN18B035,acetylcholine,acetylcholine,1.0,4
18B,IN18B036,acetylcholine,acetylcholine,1.0,2
18B,IN18B037,acetylcholine,acetylcholine,1.0,2
18B,IN18B038,acetylcholine,acetylcholine,1.0,10
18B,IN18B039,acetylcholine,acetylcholine,1.0,2
18B,IN18B040,acetylcholine,acetylcholine,1.0,2
18B,IN18B041,acetylcholine,acetylcholine,1.0,2
18B,IN18B042,acetylcholine,acetylcholine,1.0,6
18B,IN18B043,acetylcholine,acetylcholine,1.0,4
18B,IN18B044,acetylcholine,acetylcholine,1.0,2
18B,IN18B045_a,acetylcholine,acetylcholine,1.0,2
18B,IN18B045_b,acetylcholine,acetylcholine,1.0,2
18B,IN18B045_c,acetylcholine,acetylcholine,1.0,2
18B,IN18B046,acetylcholine,acetylcholine,1.0,2
18B,IN18B047,acetylcholine,acetylcholine,1.0,4
18B,IN18B048,acetylcholine,acetylcholine,1.0,5
18B,IN18B049,acetylcholine,acetylcholine,1.0,2
18B,IN18B050,acetylcholine,acetylcholine,1.0,4
18B,IN18B051,acetylcholine,acetylcholine,1.0,6
18B,IN18B052,acetylcholine,acetylcholine,1.0,4
18B,IN18B054,acetylcholine,acetylcholine,1.0,6
18B,IN18B055,acetylcholine,acetylcholine,1.0,5
18B,IN18B056,acetylcholine,acetylcholine,1.0,2
19A,#1052357618,gaba,gaba,0.8974789915966387,1
19A,#807734,gaba,gaba,0.8974789915966387,1
19A,#809387,gaba,gaba,0.8974789915966387,1
19A,#809717,gaba,gaba,0.8974789915966387,1
19A,#810280,gaba,gaba,0.8974789915966387,1
19A,#812669,gaba,gaba,0.8974789915966387,1
19A,#814018,gaba,gaba,0.8974789915966387,1
19A,#814195,gaba,gaba,0.8974789915966387,1
19A,#814966,gaba,gaba,0.8974789915966387,1
19A,#815227,gaba,gaba,0.8974789915966387,1
19A,#816183,gaba,gaba,0.8974789915966387,1
19A,#816397,glutamate,gaba,0.8991596638655462,1
19A,#816952,gaba,gaba,0.8974789915966387,1
19A,#817072,gaba,gaba,0.8974789915966387,1
19A,#817174,gaba,gaba,0.8974789915966387,1
19A,#817881,gaba,gaba,0.8974789915966387,1
19A,#818040,gaba,gaba,0.8974789915966387,1
19A,#818235,gaba,gaba,0.8974789915966387,1
19A,#818628,gaba,gaba,0.8974789915966387,1
19A,#818753,gaba,gaba,0.8974789915966387,1
19A,#819053,gaba,gaba,0.8974789915966387,1
19A,#819597,gaba,gaba,0.8974789915966387,1
19A,#820213,gaba,gaba,0.8974789915966387,1
19A,#820510,gaba,gaba,0.8974789915966387,1
19A,#820902,gaba,gaba,0.8974789915966387,1
19A,#820912,gaba,gaba,0.8974789915966387,1
19A,#822549,gaba,gaba,0.8974789915966387,1
19A,#822809,gaba,gaba,0.8974789915966387,1
19A,#823408,gaba,gaba,0.8974789915966387,1
19A,#823607,gaba,gaba,0.8974789915966387,1
19A,#905627,gaba,gaba,0.8974789915966387,1
19A,#935283,gaba,gaba,0.8974789915966387,1
19A,#935679,gaba,gaba,0.8974789915966387,1
19A,#935681,gaba,gaba,0.8974789915966387,1
19A,#940355,gaba,gaba,0.8974789915966387,1
19A,AN19A018,acetylcholine,gaba,0.916095890410959,12
19A,AN19A019,acetylcholine,gaba,0.9006734006734006,2
19A,AN19A038,acetylcholine,gaba,0.9006734006734006,2
19A,IN19A001,gaba,gaba,0.8966101694915254,6
19A,IN19A002,gaba,gaba,0.8966101694915254,6
19A,IN19A003,gaba,gaba,0.8966101694915254,6
19A,IN19A004,gaba,gaba,0.8966101694915254,6
19A,IN19A005,gaba,gaba,0.8966101694915254,6
19A,IN19A006,acetylcholine,gaba,0.9037162162162162,4
19A,IN19A007,gaba,gaba,0.8966101694915254,6
19A,IN19A008,gaba,gaba,0.8962585034013606,8
19A,IN19A009,acetylcholine,gaba,0.9037162162162162,4
19A,IN19A010,acetylcholine,gaba,0.9037162162162162,4
19A,IN19A011,gaba,gaba,0.8966101694915254,6
19A,IN19A012,acetylcholine,gaba,0.9037162162162162,4
19A,IN19A013,gaba,gaba,0.8969594594594594,4
19A,IN19A014,acetylcholine,gaba,0.9037162162162162,4
19A,IN19A015,gaba,gaba,0.8966101694915254,6
19A,IN19A016,gaba,gaba,0.8955479452054794,12
19A,IN19A017,acetylcholine,gaba,0.9006734006734006,2
19A,IN19A018,acetylcholine,gaba,0.9006734006734006,2
19A,IN19A019,acetylcholine,gaba,0.9037162162162162,4
19A,IN19A020,gaba,gaba,0.8966101694915254,6
19A,IN19A021,gaba,gaba,0.8966101694915254,6
19A,IN19A022,gaba,gaba,0.8966101694915254,6
19A,IN19A024,gaba,gaba,0.8969594594594594,4
19A,IN19A026,gaba,gaba,0.8969594594594594,4
19A,IN19A027,acetylcholine,gaba,0.9037162162162162,4
19A,IN19A028,acetylcholine,gaba,0.9006734006734006,2
19A,IN19A029,gaba,gaba,0.8966101694915254,6
19A,IN19A030,gaba,gaba,0.8966101694915254,6
19A,IN19A031,gaba,gaba,0.8973063973063973,2
19A,IN19A032,acetylcholine,gaba,0.9067796610169492,6
19A,IN19A033,gaba,gaba,0.8973063973063973,2
19A,IN19A034,acetylcholine,gaba,0.9006734006734006,2
19A,IN19A036,gaba,gaba,0.8973063973063973,2
19A,IN19A037,gaba,gaba,0.8973063973063973,2
19A,IN19A040,acetylcholine,gaba,0.9006734006734006,2
19A,IN19A041,gaba,gaba,0.8948275862068965,16
19A,IN19A042,gaba,gaba,0.8967851099830795,5
19A,IN19A043,gaba,gaba,0.8969594594594594,4
19A,IN19A044,gaba,gaba,0.8969594594594594,4
19A,IN19A045,gaba,gaba,0.8966101694915254,6
19A,IN19A046,gaba,gaba,0.8966101694915254,6
19A,IN19A047,gaba,gaba,0.8973063973063973,2
19A,IN19A048,gaba,gaba,0.8967851099830795,5
19A,IN19A049,gaba,gaba,0.8973063973063973,2
19A,IN19A052,gaba,gaba,0.8969594594594594,4
19A,IN19A054,gaba,gaba,0.8966101694915254,6
19A,IN19A056,gaba,gaba,0.8967851099830795,5
19A,IN19A057,gaba,gaba,0.8967851099830795,5
19A,IN19A059,gaba,gaba,0.8957264957264958,11
19A,IN19A060,gaba,gaba,0.8974789915966387,1
19A,IN19A060_a,gaba,gaba,0.8973063973063973,2
19A,IN19A060_b,gaba,gaba,0.8973063973063973,2
19A,IN19A060_c,gaba,gaba,0.8964346349745331,7
19A,IN19A060_d,gaba,gaba,0.8955479452054794,12
19A,IN19A060_e,gaba,gaba,0.8974789915966387,1
19A,IN19A061,gaba,gaba,0.8966101694915254,6
19A,IN19A064,gaba,gaba,0.8955479452054794,12
19A,IN19A065,gaba,gaba,0.8967851099830795,5
19A,IN19A067,gaba,gaba,0.8966101694915254,6
19A,IN19A069_a,gaba,gaba,0.8973063973063973,2
19A,IN19A069_b,gaba,gaba,0.8973063973063973,2
19A,IN19A069_c,gaba,gaba,0.8973063973063973,2
19A,IN19A070,gaba,gaba,0.897133220910624,3
19A,IN19A071,gaba,gaba,0.8973063973063973,2
19A,IN19A072,gaba,gaba,0.897133220910624,3
19A,IN19A073,gaba,gaba,0.8959044368600683,10
19A,IN19A074,gaba,gaba,0.8973063973063973,2
19A,IN19A076,gaba,gaba,0.8974789915966387,1
19A,IN19A079,gaba,gaba,0.8974789915966387,1
19A,IN19A080,gaba,gaba,0.8973063973063973,2
19A,IN19A082,gaba,gaba,0.8967851099830795,5
19A,IN19A083,gaba,gaba,0.8973063973063973,2
19A,IN19A084,gaba,gaba,0.8966101694915254,6
19A,IN19A085,gaba,gaba,0.8967851099830795,5
19A,IN19A086,gaba,gaba,0.8969594594594594,4
19A,IN19A087,gaba,gaba,0.8973063973063973,2
19A,IN19A088_a,gaba,gaba,0.8973063973063973,2
19A,IN19A088_b,gaba,gaba,0.8969594594594594,4
19A,IN19A088_c,gaba,gaba,0.8966101694915254,6
19A,IN19A088_d,gaba,gaba,0.8973063973063973,2
19A,IN19A088_e,gaba,gaba,0.897133220910624,3
19A,IN19A090,gaba,gaba,0.8969594594594594,4
19A,IN19A091,gaba,gaba,0.8973063973063973,2
19A,IN19A093,gaba,gaba,0.8950086058519794,15
19A,IN19A094,gaba,gaba,0.8973063973063973,2
19A,"IN19A095,IN19A127",gaba,gaba,0.8967851099830795,5
19A,IN19A096,gaba,gaba,0.8962585034013606,8
19A,IN19A098,gaba,gaba,0.8951890034364262,14
19A,IN19A099,gaba,gaba,0.8962585034013606,8
19A,IN19A100,gaba,gaba,0.8966101694915254,6
19A,IN19A101,gaba,gaba,0.8974789915966387,1
19A,IN19A102,gaba,gaba,0.8967851099830795,5
19A,IN19A103,gaba,gaba,0.897133220910624,3
19A,IN19A104,gaba,gaba,0.8973063973063973,2
19A,IN19A105,gaba,gaba,0.8969594594594594,4
19A,IN19A106,gaba,gaba,0.8957264957264958,11
19A,IN19A108,gaba,gaba,0.8957264957264958,11
19A,IN19A109_a,gaba,gaba,0.8973063973063973,2
19A,IN19A109_b,gaba,gaba,0.8973063973063973,2
19A,IN19A110,gaba,gaba,0.8969594594594594,4
19A,IN19A111,gaba,gaba,0.897133220910624,3
19A,IN19A112,gaba,gaba,0.8973063973063973,2
19A,IN19A113,gaba,gaba,0.8967851099830795,5
19A,IN19A114,gaba,gaba,0.8951890034364262,14
19A,IN19A115,gaba,gaba,0.8974789915966387,1
19A,IN19A117,gaba,gaba,0.8939130434782608,21
19A,IN19A118,gaba,gaba,0.8974789915966387,1
19A,IN19A120,gaba,gaba,0.8969594594594594,4
19A,IN19A121,gaba,gaba,0.897133220910624,3
19A,IN19A123,gaba,gaba,0.8974789915966387,1
19A,IN19A124,gaba,gaba,0.897133220910624,3
19A,IN19A126,gaba,gaba,0.8974789915966387,1
19A,IN19A129,gaba,gaba,0.8974789915966387,1
19A,IN19A133,gaba,gaba,0.897133220910624,3
19A,IN19A135,gaba,gaba,0.897133220910624,3
19A,IN19A142,gaba,gaba,0.8973063973063973,2
19B,#206751,acetylcholine,acetylcholine,1.0,1
19B,AMMC014,acetylcholine,acetylcholine,1.0,4
19B,AMMC036,acetylcholine,acetylcholine,1.0,6
19B,AN19B001,acetylcholine,acetylcholine,1.0,4
19B,AN19B004,acetylcholine,acetylcholine,1.0,2
19B,AN19B009,acetylcholine,acetylcholine,1.0,4
19B,AN19B010,acetylcholine,acetylcholine,1.0,4
19B,AN19B014,acetylcholine,acetylcholine,1.0,2
19B,AN19B015,acetylcholine,acetylcholine,1.0,2
19B,AN19B017,acetylcholine,acetylcholine,1.0,2
19B,AN19B018,acetylcholine,acetylcholine,1.0,2
19B,AN19B019,acetylcholine,acetylcholine,1.0,2
19B,AN19B022,acetylcholine,acetylcholine,1.0,2
19B,AN19B024,acetylcholine,acetylcholine,1.0,2
19B,AN19B025,acetylcholine,acetylcholine,1.0,2
19B,AN19B028,acetylcholine,acetylcholine,1.0,2
19B,AN19B032,acetylcholine,acetylcholine,1.0,2
19B,AN19B036,acetylcholine,acetylcholine,1.0,4
19B,AN19B039,acetylcholine,acetylcholine,1.0,2
19B,AN19B042,acetylcholine,acetylcholine,1.0,2
19B,AN19B044,acetylcholine,acetylcholine,1.0,4
19B,AN19B046,acetylcholine,acetylcholine,1.0,3
19B,AN19B049,acetylcholine,acetylcholine,1.0,2
19B,AN19B051,acetylcholine,acetylcholine,1.0,4
19B,AN19B059,acetylcholine,acetylcholine,1.0,7
19B,AN19B060,acetylcholine,acetylcholine,1.0,4
19B,AN19B061,acetylcholine,acetylcholine,1.0,4
19B,AN19B063,acetylcholine,acetylcholine,1.0,4
19B,AN19B065,acetylcholine,acetylcholine,1.0,6
19B,AN19B076,acetylcholine,acetylcholine,1.0,3
19B,AN19B079,acetylcholine,acetylcholine,1.0,6
19B,AN19B093,acetylcholine,acetylcholine,1.0,5
19B,AN19B098,acetylcholine,acetylcholine,1.0,4
19B,AN19B099,acetylcholine,acetylcholine,1.0,4
19B,AN19B100,acetylcholine,acetylcholine,1.0,2
19B,AN19B101,acetylcholine,acetylcholine,1.0,10
19B,AN19B102,acetylcholine,acetylcholine,1.0,2
19B,AN19B104,acetylcholine,acetylcholine,1.0,9
19B,AN19B106,acetylcholine,acetylcholine,1.0,2
19B,DNg50,acetylcholine,acetylcholine,1.0,2
19B,DNg53,acetylcholine,acetylcholine,1.0,2
19B,DNg76,acetylcholine,acetylcholine,1.0,2
19B,DNge073,acetylcholine,acetylcholine,1.0,2
19B,GNG105,acetylcholine,acetylcholine,1.0,2
19B,GNG112,acetylcholine,acetylcholine,1.0,2
19B,GNG277,acetylcholine,acetylcholine,1.0,2
19B,GNG278,acetylcholine,acetylcholine,1.0,2
19B,GNG309,acetylcholine,acetylcholine,1.0,4
19B,GNG310,acetylcholine,acetylcholine,1.0,4
19B,GNG331,acetylcholine,acetylcholine,1.0,4
19B,GNG333,acetylcholine,acetylcholine,1.0,2
19B,GNG335,acetylcholine,acetylcholine,1.0,2
19B,GNG336,acetylcholine,acetylcholine,1.0,3
19B,GNG338,acetylcholine,acetylcholine,1.0,4
19B,GNG339,acetylcholine,acetylcholine,1.0,2
19B,GNG399,acetylcholine,acetylcholine,1.0,2
19B,GNG416,acetylcholine,acetylcholine,1.0,6
19B,GNG417,acetylcholine,acetylcholine,1.0,2
19B,GNG418,acetylcholine,acetylcholine,1.0,2
19B,GNG419,acetylcholine,acetylcholine,1.0,2
19B,GNG420_a,acetylcholine,acetylcholine,1.0,2
19B,GNG420_b,acetylcholine,acetylcholine,1.0,2
19B,GNG496,acetylcholine,acetylcholine,1.0,3
19B,GNG535,acetylcholine,acetylcholine,1.0,2
19B,GNG557,acetylcholine,acetylcholine,1.0,2
19B,GNG574,acetylcholine,acetylcholine,1.0,2
19B,GNG600,acetylcholine,acetylcholine,1.0,3
19B,GNG659,acetylcholine,acetylcholine,1.0,2
19B,GNG667,acetylcholine,acetylcholine,1.0,2
19B,IN19B002,acetylcholine,acetylcholine,1.0,2
19B,IN19B003,acetylcholine,acetylcholine,1.0,6
19B,IN19B004,acetylcholine,acetylcholine,1.0,2
19B,IN19B005,acetylcholine,acetylcholine,1.0,2
19B,IN19B007,acetylcholine,acetylcholine,1.0,2
19B,IN19B008,acetylcholine,acetylcholine,1.0,2
19B,IN19B010,acetylcholine,acetylcholine,1.0,2
19B,IN19B011,acetylcholine,acetylcholine,1.0,4
19B,IN19B012,acetylcholine,acetylcholine,1.0,6
19B,IN19B013,acetylcholine,acetylcholine,1.0,4
19B,IN19B015,acetylcholine,acetylcholine,1.0,2
19B,IN19B016,acetylcholine,acetylcholine,1.0,2
19B,IN19B020,acetylcholine,acetylcholine,1.0,2
19B,IN19B021,acetylcholine,acetylcholine,1.0,4
19B,IN19B023,acetylcholine,acetylcholine,1.0,2
19B,IN19B027,acetylcholine,acetylcholine,1.0,2
19B,IN19B030,acetylcholine,acetylcholine,1.0,2
19B,IN19B031,acetylcholine,acetylcholine,1.0,2
19B,IN19B033,acetylcholine,acetylcholine,1.0,2
19B,IN19B034,acetylcholine,acetylcholine,1.0,2
19B,IN19B035,acetylcholine,acetylcholine,1.0,4
19B,IN19B037,acetylcholine,acetylcholine,1.0,1
19B,IN19B038,acetylcholine,acetylcholine,1.0,4
19B,IN19B040,acetylcholine,acetylcholine,1.0,4
19B,IN19B041,acetylcholine,acetylcholine,1.0,2
19B,IN19B043,acetylcholine,acetylcholine,1.0,9
19B,IN19B045,acetylcholine,acetylcholine,1.0,4
19B,"IN19B045,IN19B052",acetylcholine,acetylcholine,1.0,4
19B,IN19B047,acetylcholine,acetylcholine,1.0,2
19B,IN19B048,acetylcholine,acetylcholine,1.0,4
19B,IN19B050,acetylcholine,acetylcholine,1.0,8
19B,IN19B053,acetylcholine,acetylcholine,1.0,2
19B,IN19B054,acetylcholine,acetylcholine,1.0,4
19B,IN19B055,acetylcholine,acetylcholine,1.0,2
19B,IN19B056,acetylcholine,acetylcholine,1.0,6
19B,IN19B057,acetylcholine,acetylcholine,1.0,7
19B,IN19B058,acetylcholine,acetylcholine,1.0,4
19B,IN19B062,acetylcholine,acetylcholine,1.0,2
19B,IN19B064,acetylcholine,acetylcholine,1.0,2
19B,IN19B066,acetylcholine,acetylcholine,1.0,6
19B,IN19B067,acetylcholine,acetylcholine,1.0,14
19B,IN19B068,acetylcholine,acetylcholine,1.0,8
19B,IN19B069,acetylcholine,acetylcholine,1.0,2
19B,IN19B070,acetylcholine,acetylcholine,1.0,5
19B,IN19B071,acetylcholine,acetylcholine,1.0,10
19B,IN19B072,acetylcholine,acetylcholine,1.0,2
19B,IN19B073,acetylcholine,acetylcholine,1.0,6
19B,IN19B075,acetylcholine,acetylcholine,1.0,8
19B,IN19B077,acetylcholine,acetylcholine,1.0,5
19B,IN19B078,acetylcholine,acetylcholine,1.0,4
19B,IN19B080,acetylcholine,acetylcholine,1.0,6
19B,IN19B081,acetylcholine,acetylcholine,1.0,4
19B,IN19B082,acetylcholine,acetylcholine,1.0,4
19B,IN19B083,acetylcholine,acetylcholine,1.0,2
19B,IN19B084,acetylcholine,acetylcholine,1.0,6
19B,IN19B085,acetylcholine,acetylcholine,1.0,4
19B,IN19B086,acetylcholine,acetylcholine,1.0,9
19B,IN19B087,acetylcholine,acetylcholine,1.0,4
19B,IN19B088,acetylcholine,acetylcholine,1.0,2
19B,IN19B089,acetylcholine,acetylcholine,1.0,10
19B,IN19B090,acetylcholine,acetylcholine,1.0,9
19B,IN19B091,acetylcholine,acetylcholine,1.0,16
19B,IN19B092,acetylcholine,acetylcholine,1.0,2
19B,IN19B094,acetylcholine,acetylcholine,1.0,7
19B,IN19B095,acetylcholine,acetylcholine,1.0,5
19B,IN19B097,acetylcholine,acetylcholine,1.0,2
19B,IN19B103,acetylcholine,acetylcholine,1.0,8
19B,IN19B105,acetylcholine,acetylcholine,1.0,2
19B,IN19B107,acetylcholine,acetylcholine,1.0,2
19B,IN19B109,acetylcholine,acetylcholine,1.0,2
19B,IN19B111,acetylcholine,acetylcholine,1.0,2
19B,IN19B112,acetylcholine,acetylcholine,1.0,2
19B,PS333,acetylcholine,acetylcholine,1.0,4
19B,PS335,acetylcholine,acetylcholine,1.0,15
19B,PS340,acetylcholine,acetylcholine,1.0,2
19B,PS341,acetylcholine,acetylcholine,1.0,4
19B,PS342,acetylcholine,acetylcholine,1.0,2
19B,PS350,acetylcholine,acetylcholine,1.0,3
19B,PS357,acetylcholine,acetylcholine,1.0,12
19B,dMS10,acetylcholine,acetylcholine,1.0,2
19B,dMS5,acetylcholine,acetylcholine,1.0,2
19B,dMS9,acetylcholine,acetylcholine,1.0,2
20A.22A,#804843,acetylcholine,acetylcholine,1.0,1
20A.22A,#805505,acetylcholine,acetylcholine,1.0,1
20A.22A,#807478,acetylcholine,acetylcholine,1.0,1
20A.22A,#808357,acetylcholine,acetylcholine,1.0,1
20A.22A,#808622,acetylcholine,acetylcholine,1.0,1
20A.22A,#808673,acetylcholine,acetylcholine,1.0,1
20A.22A,#809559,acetylcholine,acetylcholine,1.0,1
20A.22A,#810803,acetylcholine,acetylcholine,1.0,1
20A.22A,#811102,acetylcholine,acetylcholine,1.0,1
20A.22A,#811383,acetylcholine,acetylcholine,1.0,1
20A.22A,#812145,acetylcholine,acetylcholine,1.0,1
20A.22A,#812190,acetylcholine,acetylcholine,1.0,1
20A.22A,#812370,acetylcholine,acetylcholine,1.0,1
20A.22A,#812717,acetylcholine,acetylcholine,1.0,1
20A.22A,#813392,acetylcholine,acetylcholine,1.0,1
20A.22A,#815828,acetylcholine,acetylcholine,1.0,1
20A.22A,#816415,acetylcholine,acetylcholine,1.0,1
20A.22A,#816775,acetylcholine,acetylcholine,1.0,1
20A.22A,#817805,acetylcholine,acetylcholine,1.0,1
20A.22A,#819574,acetylcholine,acetylcholine,1.0,1
20A.22A,#822858,acetylcholine,acetylcholine,1.0,1
20A.22A,#825940,acetylcholine,acetylcholine,1.0,1
20A.22A,#828907,acetylcholine,acetylcholine,1.0,1
20A.22A,#903442,acetylcholine,acetylcholine,1.0,1
20A.22A,#904129,acetylcholine,acetylcholine,1.0,1
20A.22A,#904959,acetylcholine,acetylcholine,1.0,1
20A.22A,#905062,acetylcholine,acetylcholine,1.0,1
20A.22A,#905564,acetylcholine,acetylcholine,1.0,1
20A.22A,#906549,acetylcholine,acetylcholine,1.0,1
20A.22A,#909137,acetylcholine,acetylcholine,1.0,1
20A.22A,#909833,acetylcholine,acetylcholine,1.0,1
20A.22A,#910342,acetylcholine,acetylcholine,1.0,1
20A.22A,#913301,acetylcholine,acetylcholine,1.0,1
20A.22A,#934980,acetylcholine,acetylcholine,1.0,1
20A.22A,#935691,acetylcholine,acetylcholine,1.0,1
20A.22A,#936070,acetylcholine,acetylcholine,1.0,1
20A.22A,#940435,acetylcholine,acetylcholine,1.0,1
20A.22A,#940637,acetylcholine,acetylcholine,1.0,1
20A.22A,IN20A.22A001,acetylcholine,acetylcholine,1.0,12
20A.22A,IN20A.22A002,acetylcholine,acetylcholine,1.0,4
20A.22A,IN20A.22A003,acetylcholine,acetylcholine,1.0,4
20A.22A,IN20A.22A004,acetylcholine,acetylcholine,1.0,6
20A.22A,IN20A.22A005,acetylcholine,acetylcholine,1.0,6
20A.22A,IN20A.22A006,acetylcholine,acetylcholine,1.0,11
20A.22A,IN20A.22A007,acetylcholine,acetylcholine,1.0,12
20A.22A,IN20A.22A008,acetylcholine,acetylcholine,1.0,12
20A.22A,IN20A.22A009,acetylcholine,acetylcholine,1.0,18
20A.22A,IN20A.22A010,acetylcholine,acetylcholine,1.0,8
20A.22A,IN20A.22A011,acetylcholine,acetylcholine,1.0,4
20A.22A,IN20A.22A012,acetylcholine,acetylcholine,1.0,11
20A.22A,IN20A.22A013,acetylcholine,acetylcholine,1.0,5
20A.22A,IN20A.22A015,acetylcholine,acetylcholine,1.0,10
20A.22A,IN20A.22A016,acetylcholine,acetylcholine,1.0,15
20A.22A,IN20A.22A017,acetylcholine,acetylcholine,1.0,16
20A.22A,IN20A.22A018,acetylcholine,acetylcholine,1.0,8
20A.22A,IN20A.22A019,acetylcholine,acetylcholine,1.0,9
20A.22A,IN20A.22A021,acetylcholine,acetylcholine,1.0,17
20A.22A,IN20A.22A022,acetylcholine,acetylcholine,1.0,8
20A.22A,IN20A.22A023,acetylcholine,acetylcholine,1.0,5
20A.22A,IN20A.22A024,acetylcholine,acetylcholine,1.0,20
20A.22A,IN20A.22A026,acetylcholine,acetylcholine,1.0,5
20A.22A,IN20A.22A027,acetylcholine,acetylcholine,1.0,2
20A.22A,IN20A.22A028,acetylcholine,acetylcholine,1.0,12
20A.22A,IN20A.22A029,acetylcholine,acetylcholine,1.0,2
20A.22A,IN20A.22A030,acetylcholine,acetylcholine,1.0,6
20A.22A,IN20A.22A033,acetylcholine,acetylcholine,1.0,4
20A.22A,IN20A.22A035,acetylcholine,acetylcholine,1.0,5
20A.22A,IN20A.22A036,acetylcholine,acetylcholine,1.0,15
20A.22A,"IN20A.22A036,IN20A.22A072",acetylcholine,acetylcholine,1.0,4
20A.22A,IN20A.22A037,acetylcholine,acetylcholine,1.0,3
20A.22A,IN20A.22A038,acetylcholine,acetylcholine,1.0,7
20A.22A,IN20A.22A039,acetylcholine,acetylcholine,1.0,23
20A.22A,IN20A.22A040,acetylcholine,acetylcholine,1.0,2
20A.22A,IN20A.22A041,acetylcholine,acetylcholine,1.0,12
20A.22A,IN20A.22A042,acetylcholine,acetylcholine,1.0,8
20A.22A,IN20A.22A043,acetylcholine,acetylcholine,1.0,10
20A.22A,IN20A.22A044,acetylcholine,acetylcholine,1.0,8
20A.22A,IN20A.22A045,acetylcholine,acetylcholine,1.0,10
20A.22A,IN20A.22A046,acetylcholine,acetylcholine,1.0,5
20A.22A,IN20A.22A047,acetylcholine,acetylcholine,1.0,9
20A.22A,IN20A.22A048,acetylcholine,acetylcholine,1.0,17
20A.22A,IN20A.22A049,acetylcholine,acetylcholine,1.0,16
20A.22A,"IN20A.22A049,IN20A.22A067",acetylcholine,acetylcholine,1.0,5
20A.22A,IN20A.22A050,acetylcholine,acetylcholine,1.0,9
20A.22A,IN20A.22A051,acetylcholine,acetylcholine,1.0,12
20A.22A,IN20A.22A052,acetylcholine,acetylcholine,1.0,7
20A.22A,IN20A.22A053,acetylcholine,acetylcholine,1.0,18
20A.22A,IN20A.22A054,acetylcholine,acetylcholine,1.0,6
20A.22A,IN20A.22A055,acetylcholine,acetylcholine,1.0,15
20A.22A,IN20A.22A056,acetylcholine,acetylcholine,1.0,6
20A.22A,IN20A.22A057,acetylcholine,acetylcholine,1.0,2
20A.22A,IN20A.22A058,acetylcholine,acetylcholine,1.0,11
20A.22A,IN20A.22A059,acetylcholine,acetylcholine,1.0,9
20A.22A,IN20A.22A060,acetylcholine,acetylcholine,1.0,11
20A.22A,"IN20A.22A061,IN20A.22A066",acetylcholine,acetylcholine,1.0,4
20A.22A,"IN20A.22A061,IN20A.22A068",acetylcholine,acetylcholine,1.0,5
20A.22A,IN20A.22A062,acetylcholine,acetylcholine,1.0,3
20A.22A,IN20A.22A063,acetylcholine,acetylcholine,1.0,2
20A.22A,IN20A.22A064,acetylcholine,acetylcholine,1.0,6
20A.22A,IN20A.22A065,acetylcholine,acetylcholine,1.0,9
20A.22A,IN20A.22A066,acetylcholine,acetylcholine,1.0,5
20A.22A,IN20A.22A067,acetylcholine,acetylcholine,1.0,13
20A.22A,IN20A.22A069,acetylcholine,acetylcholine,1.0,11
20A.22A,IN20A.22A070,acetylcholine,acetylcholine,1.0,4
20A.22A,"IN20A.22A070,IN20A.22A080",acetylcholine,acetylcholine,1.0,8
20A.22A,IN20A.22A071,acetylcholine,acetylcholine,1.0,12
20A.22A,IN20A.22A073,acetylcholine,acetylcholine,1.0,18
20A.22A,IN20A.22A074,acetylcholine,acetylcholine,1.0,7
20A.22A,IN20A.22A076,acetylcholine,acetylcholine,1.0,8
20A.22A,IN20A.22A077,acetylcholine,acetylcholine,1.0,12
20A.22A,IN20A.22A078,acetylcholine,acetylcholine,1.0,3
20A.22A,IN20A.22A079,acetylcholine,acetylcholine,1.0,4
20A.22A,IN20A.22A081,acetylcholine,acetylcholine,1.0,6
20A.22A,IN20A.22A082,acetylcholine,acetylcholine,1.0,4
20A.22A,IN20A.22A083,acetylcholine,acetylcholine,1.0,2
20A.22A,IN20A.22A084,acetylcholine,acetylcholine,1.0,12
20A.22A,IN20A.22A085,acetylcholine,acetylcholine,1.0,15
20A.22A,IN20A.22A086,acetylcholine,acetylcholine,1.0,9
20A.22A,IN20A.22A087,acetylcholine,acetylcholine,1.0,3
20A.22A,IN20A.22A088,acetylcholine,acetylcholine,1.0,5
20A.22A,IN20A.22A089,acetylcholine,acetylcholine,1.0,17
20A.22A,IN20A.22A090,acetylcholine,acetylcholine,1.0,21
20A.22A,IN20A.22A091,acetylcholine,acetylcholine,1.0,7
20A.22A,IN20A.22A092,acetylcholine,acetylcholine,1.0,25
21A,#808980,acetylcholine,glutamate,0.8777506112469438,1
21A,#811206,glutamate,glutamate,0.8753056234718827,1
21A,#868178,glutamate,glutamate,0.8753056234718827,1
21A,IN21A001,glutamate,glutamate,0.8737623762376238,6
21A,IN21A002,glutamate,glutamate,0.8737623762376238,6
21A,IN21A003,glutamate,glutamate,0.8737623762376238,6
21A,IN21A004,acetylcholine,glutamate,0.8886138613861386,6
21A,IN21A005,acetylcholine,glutamate,0.8842364532019704,4
21A,IN21A006,glutamate,glutamate,0.8737623762376238,6
21A,IN21A007,glutamate,glutamate,0.8737623762376238,6
21A,IN21A008,glutamate,glutamate,0.8737623762376238,6
21A,IN21A009,glutamate,glutamate,0.8737623762376238,6
21A,IN21A010,acetylcholine,glutamate,0.8886138613861386,6
21A,IN21A011,glutamate,glutamate,0.8737623762376238,6
21A,IN21A012,acetylcholine,glutamate,0.8886138613861386,6
21A,IN21A013,glutamate,glutamate,0.8737623762376238,6
21A,IN21A014,glutamate,glutamate,0.8737623762376238,6
21A,IN21A015,glutamate,glutamate,0.8737623762376238,6
21A,IN21A016,glutamate,glutamate,0.8737623762376238,6
21A,IN21A017,acetylcholine,glutamate,0.8930348258706468,8
21A,IN21A018,acetylcholine,glutamate,0.8886138613861386,6
21A,IN21A019,glutamate,glutamate,0.8737623762376238,6
21A,IN21A020,acetylcholine,glutamate,0.8886138613861386,6
21A,IN21A021,acetylcholine,glutamate,0.8799019607843137,2
21A,IN21A022,acetylcholine,glutamate,0.8886138613861386,6
21A,"IN21A023,IN21A024",glutamate,glutamate,0.871859296482412,12
21A,IN21A026,glutamate,glutamate,0.8746928746928747,3
21A,IN21A027,glutamate,glutamate,0.875,2
21A,IN21A028,glutamate,glutamate,0.8737623762376238,6
21A,"IN21A029,IN21A030",glutamate,glutamate,0.874384236453202,4
21A,IN21A031,glutamate,glutamate,0.875,2
21A,IN21A032,glutamate,glutamate,0.8746928746928747,3
21A,IN21A033,glutamate,glutamate,0.875,2
21A,IN21A034,glutamate,glutamate,0.8746928746928747,3
21A,IN21A035,glutamate,glutamate,0.8737623762376238,6
21A,IN21A036,glutamate,glutamate,0.8753056234718827,1
21A,IN21A037,glutamate,glutamate,0.871859296482412,12
21A,IN21A038,glutamate,glutamate,0.8737623762376238,6
21A,IN21A039,glutamate,glutamate,0.875,2
21A,IN21A040,glutamate,glutamate,0.875,2
21A,IN21A041,glutamate,glutamate,0.874384236453202,4
21A,IN21A042,glutamate,glutamate,0.8737623762376238,6
21A,IN21A043,glutamate,glutamate,0.875,2
21A,IN21A044,glutamate,glutamate,0.8737623762376238,6
21A,"IN21A045,IN21A046",glutamate,glutamate,0.874384236453202,4
21A,IN21A047_a,glutamate,glutamate,0.875,2
21A,IN21A047_b,glutamate,glutamate,0.875,2
21A,IN21A047_c,glutamate,glutamate,0.875,2
21A,IN21A047_d,glutamate,glutamate,0.874384236453202,4
21A,IN21A047_e,glutamate,glutamate,0.875,2
21A,IN21A047_f,glutamate,glutamate,0.875,2
21A,IN21A048,glutamate,glutamate,0.874384236453202,4
21A,IN21A049,glutamate,glutamate,0.8737623762376238,6
21A,IN21A050,glutamate,glutamate,0.875,2
21A,IN21A051,glutamate,glutamate,0.8731343283582089,8
21A,IN21A052,glutamate,glutamate,0.875,2
21A,IN21A054,glutamate,glutamate,0.8737623762376238,6
21A,IN21A055,glutamate,glutamate,0.875,2
21A,IN21A056,glutamate,glutamate,0.8737623762376238,6
21A,IN21A057,glutamate,glutamate,0.875,2
21A,IN21A058,glutamate,glutamate,0.8734491315136477,7
21A,IN21A059,glutamate,glutamate,0.875,2
21A,IN21A060,glutamate,glutamate,0.875,2
21A,IN21A061,glutamate,glutamate,0.8737623762376238,6
21A,IN21A062,glutamate,glutamate,0.875,2
21A,IN21A063,glutamate,glutamate,0.8740740740740741,5
21A,IN21A064,glutamate,glutamate,0.875,2
21A,IN21A065,glutamate,glutamate,0.8753056234718827,1
21A,IN21A066,glutamate,glutamate,0.875,2
21A,IN21A070,glutamate,glutamate,0.875,2
21A,IN21A071,glutamate,glutamate,0.8753056234718827,1
21A,IN21A073,glutamate,glutamate,0.875,2
21A,IN21A074,glutamate,glutamate,0.875,2
21A,IN21A075,glutamate,glutamate,0.875,2
21A,IN21A076,glutamate,glutamate,0.8746928746928747,3
21A,IN21A077,glutamate,glutamate,0.8737623762376238,6
21A,IN21A078,glutamate,glutamate,0.8737623762376238,6
21A,IN21A079,glutamate,glutamate,0.874384236453202,4
21A,IN21A080,glutamate,glutamate,0.8746928746928747,3
21A,IN21A081,glutamate,glutamate,0.875,2
21A,IN21A082,glutamate,glutamate,0.875,2
21A,IN21A083,glutamate,glutamate,0.8740740740740741,5
21A,IN21A084,glutamate,glutamate,0.875,2
21A,IN21A085,glutamate,glutamate,0.874384236453202,4
21A,IN21A086,glutamate,glutamate,0.874384236453202,4
21A,IN21A087,glutamate,glutamate,0.8698979591836735,18
21A,IN21A088,glutamate,glutamate,0.8753056234718827,1
21A,IN21A090,glutamate,glutamate,0.875,2
21A,"IN21A091,IN21A092",glutamate,glutamate,0.875,2
21A,IN21A093,glutamate,glutamate,0.8734491315136477,7
21A,IN21A094,glutamate,glutamate,0.875,2
21A,IN21A095,glutamate,glutamate,0.875,2
21A,IN21A096,glutamate,glutamate,0.8746928746928747,3
21A,IN21A097,glutamate,glutamate,0.875,2
21A,IN21A098,glutamate,glutamate,0.875,2
21A,IN21A099,glutamate,glutamate,0.8746928746928747,3
21A,IN21A100,glutamate,glutamate,0.8746928746928747,3
21A,IN21A102,glutamate,glutamate,0.874384236453202,4
21A,IN21A103,glutamate,glutamate,0.8753056234718827,1
21A,IN21A109,glutamate,glutamate,0.875,2
21A,IN21A111,glutamate,glutamate,0.875,2
21A,IN21A116,glutamate,glutamate,0.874384236453202,4
23B,#15993,acetylcholine,acetylcholine,1.0,1
23B,#22507,acetylcholine,acetylcholine,1.0,1
23B,#24532,acetylcholine,acetylcholine,1.0,1
23B,#26873,acetylcholine,acetylcholine,1.0,1
23B,#29161,acetylcholine,acetylcholine,1.0,1
23B,#29485,acetylcholine,acetylcholine,1.0,1
23B,#513286,acetylcholine,acetylcholine,1.0,1
23B,#517631,acetylcholine,acetylcholine,1.0,1
23B,#522840,acetylcholine,acetylcholine,1.0,1
23B,#556721,acetylcholine,acetylcholine,1.0,1
23B,#558912,acetylcholine,acetylcholine,1.0,1
23B,AN23B001,acetylcholine,acetylcholine,1.0,2
23B,AN23B002,acetylcholine,acetylcholine,1.0,2
23B,AN23B003,acetylcholine,acetylcholine,1.0,2
23B,AN23B004,acetylcholine,acetylcholine,1.0,2
23B,AN23B010,acetylcholine,acetylcholine,1.0,2
23B,AN23B026,acetylcholine,acetylcholine,1.0,2
23B,DNg57,acetylcholine,acetylcholine,1.0,2
23B,DNg84,acetylcholine,acetylcholine,1.0,2
23B,DNg85,acetylcholine,acetylcholine,1.0,2
23B,DNge130,acetylcholine,acetylcholine,1.0,2
23B,GNG380,acetylcholine,acetylcholine,1.0,6
23B,GNG429,acetylcholine,acetylcholine,1.0,4
23B,GNG448,acetylcholine,acetylcholine,1.0,2
23B,GNG449,acetylcholine,acetylcholine,1.0,2
23B,GNG450,acetylcholine,acetylcholine,1.0,2
23B,GNG451,acetylcholine,acetylcholine,1.0,2
23B,GNG611,acetylcholine,acetylcholine,1.0,2
23B,GNG612,acetylcholine,acetylcholine,1.0,2
23B,GNG669,acetylcholine,acetylcholine,1.0,2
23B,IN23B001,acetylcholine,acetylcholine,1.0,2
23B,IN23B005,acetylcholine,acetylcholine,1.0,4
23B,IN23B006,acetylcholine,acetylcholine,1.0,4
23B,IN23B007,acetylcholine,acetylcholine,1.0,7
23B,IN23B008,acetylcholine,acetylcholine,1.0,8
23B,IN23B009,acetylcholine,acetylcholine,1.0,8
23B,IN23B011,acetylcholine,acetylcholine,1.0,2
23B,IN23B012,acetylcholine,acetylcholine,1.0,2
23B,IN23B013,acetylcholine,acetylcholine,1.0,6
23B,IN23B014,acetylcholine,acetylcholine,1.0,6
23B,IN23B016,acetylcholine,acetylcholine,1.0,2
23B,IN23B017,acetylcholine,acetylcholine,1.0,4
23B,IN23B018,acetylcholine,acetylcholine,1.0,14
23B,IN23B020,acetylcholine,acetylcholine,1.0,7
23B,IN23B021,acetylcholine,acetylcholine,1.0,4
23B,IN23B022,acetylcholine,acetylcholine,1.0,6
23B,IN23B023,acetylcholine,acetylcholine,1.0,16
23B,IN23B024,acetylcholine,acetylcholine,1.0,6
23B,IN23B025,acetylcholine,acetylcholine,1.0,6
23B,IN23B027,acetylcholine,acetylcholine,1.0,1
23B,IN23B028,acetylcholine,acetylcholine,1.0,14
23B,IN23B029,acetylcholine,acetylcholine,1.0,4
23B,IN23B030,acetylcholine,acetylcholine,1.0,6
23B,IN23B031,acetylcholine,acetylcholine,1.0,6
23B,IN23B032,acetylcholine,acetylcholine,1.0,11
23B,IN23B033,acetylcholine,acetylcholine,1.0,4
23B,IN23B034,acetylcholine,acetylcholine,1.0,2
23B,IN23B035,acetylcholine,acetylcholine,1.0,4
23B,IN23B036,acetylcholine,acetylcholine,1.0,4
23B,IN23B037,acetylcholine,acetylcholine,1.0,10
23B,IN23B038,acetylcholine,acetylcholine,1.0,1
23B,IN23B039,acetylcholine,acetylcholine,1.0,5
23B,IN23B040,acetylcholine,acetylcholine,1.0,8
23B,IN23B041,acetylcholine,acetylcholine,1.0,5
23B,IN23B042,acetylcholine,acetylcholine,1.0,2
23B,IN23B043,acetylcholine,acetylcholine,1.0,9
23B,IN23B044,acetylcholine,acetylcholine,1.0,2
23B,"IN23B044,IN23B057",acetylcholine,acetylcholine,1.0,4
23B,IN23B045,acetylcholine,acetylcholine,1.0,4
23B,IN23B046,acetylcholine,acetylcholine,1.0,10
23B,IN23B047,acetylcholine,acetylcholine,1.0,6
23B,IN23B048,acetylcholine,acetylcholine,1.0,4
23B,IN23B049,acetylcholine,acetylcholine,1.0,9
23B,IN23B050,acetylcholine,acetylcholine,1.0,2
23B,IN23B051,acetylcholine,acetylcholine,1.0,1
23B,IN23B053,acetylcholine,acetylcholine,1.0,3
23B,IN23B054,acetylcholine,acetylcholine,1.0,6
23B,IN23B055,acetylcholine,acetylcholine,1.0,2
23B,IN23B056,acetylcholine,acetylcholine,1.0,10
23B,IN23B057,acetylcholine,acetylcholine,1.0,5
23B,IN23B058,acetylcholine,acetylcholine,1.0,4
23B,IN23B059,acetylcholine,acetylcholine,1.0,3
23B,IN23B060,acetylcholine,acetylcholine,1.0,10
23B,IN23B061,acetylcholine,acetylcholine,1.0,3
23B,IN23B062,acetylcholine,acetylcholine,1.0,4
23B,IN23B063,acetylcholine,acetylcholine,1.0,6
23B,IN23B064,acetylcholine,acetylcholine,1.0,3
23B,IN23B065,acetylcholine,acetylcholine,1.0,4
23B,IN23B066,acetylcholine,acetylcholine,1.0,5
23B,IN23B067_a,acetylcholine,acetylcholine,1.0,2
23B,IN23B067_b,acetylcholine,acetylcholine,1.0,2
23B,IN23B067_c,acetylcholine,acetylcholine,1.0,2
23B,IN23B067_d,acetylcholine,acetylcholine,1.0,2
23B,IN23B067_e,acetylcholine,acetylcholine,1.0,2
23B,IN23B068,acetylcholine,acetylcholine,1.0,3
23B,"IN23B069,IN23B079",acetylcholine,acetylcholine,1.0,3
23B,IN23B070,acetylcholine,acetylcholine,1.0,6
23B,IN23B071,acetylcholine,acetylcholine,1.0,2
23B,IN23B072,acetylcholine,acetylcholine,1.0,5
23B,IN23B073,acetylcholine,acetylcholine,1.0,3
23B,IN23B074,acetylcholine,acetylcholine,1.0,9
23B,IN23B075,acetylcholine,acetylcholine,1.0,2
23B,IN23B076,acetylcholine,acetylcholine,1.0,1
23B,IN23B078,acetylcholine,acetylcholine,1.0,6
23B,IN23B079,acetylcholine,acetylcholine,1.0,2
23B,IN23B080,acetylcholine,acetylcholine,1.0,2
23B,IN23B081,acetylcholine,acetylcholine,1.0,8
23B,IN23B082,acetylcholine,acetylcholine,1.0,1
23B,IN23B083,acetylcholine,acetylcholine,1.0,2
23B,IN23B084,acetylcholine,acetylcholine,1.0,3
23B,IN23B085,acetylcholine,acetylcholine,1.0,5
23B,IN23B086,acetylcholine,acetylcholine,1.0,6
23B,IN23B087,acetylcholine,acetylcholine,1.0,8
23B,IN23B088,acetylcholine,acetylcholine,1.0,2
23B,IN23B089,acetylcholine,acetylcholine,1.0,9
23B,IN23B090,acetylcholine,acetylcholine,1.0,5
23B,IN23B091,acetylcholine,acetylcholine,1.0,4
23B,IN23B092,acetylcholine,acetylcholine,1.0,2
23B,IN23B093,acetylcholine,acetylcholine,1.0,2
23B,IN23B094,acetylcholine,acetylcholine,1.0,2
23B,IN23B095,acetylcholine,acetylcholine,1.0,2
23B,IN23B096,acetylcholine,acetylcholine,1.0,1
23B_put1,CB0943,acetylcholine,acetylcholine,1.0,15
23B_put1,CB1729,acetylcholine,acetylcholine,1.0,2
23B_put1,CB2123,acetylcholine,acetylcholine,1.0,5
23B_put1,CB4231,acetylcholine,acetylcholine,1.0,6
23B_put1,CL203,acetylcholine,acetylcholine,1.0,2
23B_put1,CL204,acetylcholine,acetylcholine,1.0,2
23B_put1,CL205,acetylcholine,acetylcholine,1.0,2
23B_put1,CL208,acetylcholine,acetylcholine,1.0,4
23B_put1,CL209,acetylcholine,acetylcholine,1.0,2
23B_put1,CL210_a,acetylcholine,acetylcholine,1.0,10
23B_put1,DNp10,acetylcholine,acetylcholine,1.0,2
23B_put1,DNp46,acetylcholine,acetylcholine,1.0,2
23B_put1,DNp48,acetylcholine,acetylcholine,1.0,2
23B_put1,DNp63,acetylcholine,acetylcholine,1.0,2
23B_put1,DNpe043,acetylcholine,acetylcholine,1.0,2
23B_put1,SLP406,acetylcholine,acetylcholine,1.0,2
23B_put1,SMP455,acetylcholine,acetylcholine,1.0,2
23B_put1,SMP456,acetylcholine,acetylcholine,1.0,2
23B_put1,SMP457,acetylcholine,acetylcholine,1.0,2
23B_put1,SMP459,acetylcholine,acetylcholine,1.0,8
23B_put1,SMP460,acetylcholine,acetylcholine,1.0,2
23B_put1,SMP461,acetylcholine,acetylcholine,1.0,8
23B_put1,SMP467,acetylcholine,acetylcholine,1.0,2
23B_put1,SMP468,acetylcholine,acetylcholine,1.0,6
23B_put1,SMP469,acetylcholine,acetylcholine,1.0,4
24B.25B,Fe reductor MN,glutamate,glutamate,1.0,12
24B.25B,MNhl29,glutamate,glutamate,1.0,2
24B.25B,MNml29,glutamate,glutamate,1.0,2
24B.25B,Tr flexor MN,glutamate,glutamate,1.0,27
26X,IN26X001,gaba,gaba,1.0,6
26X,IN26X002,gaba,gaba,1.0,6
26X,IN26X003,gaba,gaba,1.0,4
27X,AN27X009,acetylcholine,gaba,0.42857142857142855,4
27X,AN27X011,acetylcholine,gaba,0.4,2
27X,AN27X015,glutamate,gaba,0.4,2
27X,AN27X016,glutamate,gaba,0.4,2
27X,AN27X017,acetylcholine,gaba,0.4,2
27X,AN27X018,glutamate,gaba,0.46153846153846156,6
27X,AN27X021,gaba,glutamate,0.4,2
27X,AN27X022,gaba,glutamate,0.4,2
27X,AN27X024,glutamate,gaba,0.4,2
27X,IN27X001,gaba,glutamate,0.4,2
27X,IN27X005,gaba,glutamate,0.4,2
27X,IN27X014,gaba,glutamate,0.4,2
27X,IN27X023,gaba,glutamate,0.4,2
27X_put1,#37460,acetylcholine,acetylcholine,0.819672131147541,1
27X_put1,#42049,acetylcholine,acetylcholine,0.819672131147541,1
27X_put1,CB0194,gaba,acetylcholine,0.8347107438016529,2
27X_put1,DNg109,acetylcholine,acetylcholine,0.8181818181818182,2
27X_put1,DNg80,glutamate,acetylcholine,0.8347107438016529,2
27X_put1,DNge046,gaba,acetylcholine,0.8487394957983193,4
27X_put1,DNge052,gaba,acetylcholine,0.8347107438016529,2
27X_put1,DNge172,acetylcholine,acetylcholine,0.8151260504201681,4
27X_put1,GNG121,gaba,acetylcholine,0.8347107438016529,2
27X_put1,GNG397,acetylcholine,acetylcholine,0.8166666666666667,3
27X_put1,GNG400,acetylcholine,acetylcholine,0.8151260504201681,4
27X_put1,GNG409,acetylcholine,acetylcholine,0.8151260504201681,4
27X_put1,GNG446,acetylcholine,acetylcholine,0.8166666666666667,3
27X_put1,GNG447,acetylcholine,acetylcholine,0.8181818181818182,2
27X_put1,GNG453,acetylcholine,acetylcholine,0.8135593220338984,5
27X_put1,GNG577,gaba,acetylcholine,0.8347107438016529,2
27X_put1,PRW005,acetylcholine,acetylcholine,0.7981651376146789,14
27X_put1,PRW013,acetylcholine,acetylcholine,0.8181818181818182,2
27X_put1,PRW016,acetylcholine,acetylcholine,0.811965811965812,6
27X_put1,PRW017,acetylcholine,acetylcholine,0.8151260504201681,4
27X_put1,PRW025,acetylcholine,acetylcholine,0.811965811965812,6
27X_put1,PRW026,acetylcholine,acetylcholine,0.8135593220338984,5
27X_put1,PRW027,acetylcholine,acetylcholine,0.8181818181818182,2
27X_put1,PRW031,acetylcholine,acetylcholine,0.8151260504201681,4
27X_put1,PRW033,acetylcholine,acetylcholine,0.8181818181818182,2
27X_put1,PRW034,acetylcholine,acetylcholine,0.8181818181818182,2
27X_put1,PRW037,acetylcholine,acetylcholine,0.811965811965812,6
27X_put1,PRW038,acetylcholine,acetylcholine,0.8181818181818182,2
27X_put1,PRW041,acetylcholine,acetylcholine,0.811965811965812,6
27X_put1,PRW042,acetylcholine,acetylcholine,0.811965811965812,6
27X_put1,PRW043,acetylcholine,acetylcholine,0.8135593220338984,5
27X_put1,PRW056,gaba,acetylcholine,0.8347107438016529,2
27X_put1,PRW059,gaba,acetylcholine,0.8347107438016529,2
27X_put1,PRW061,gaba,acetylcholine,0.8347107438016529,2
27X_put1,WED195,gaba,acetylcholine,0.8347107438016529,2
ALad1,DA4m_adPN,acetylcholine,acetylcholine,1.0,2
ALad1,DC2_adPN,acetylcholine,acetylcholine,1.0,4
ALad1,DC3_adPN,acetylcholine,acetylcholine,1.0,6
ALad1,DC4_adPN,acetylcholine,acetylcholine,1.0,2
ALad1,DL2d_adPN,acetylcholine,acetylcholine,1.0,9
ALad1,DL2v_adPN,acetylcholine,acetylcholine,1.0,8
ALad1,DM6_adPN,acetylcholine,acetylcholine,1.0,7
ALad1,D_adPN,acetylcholine,acetylcholine,1.0,6
ALad1,M_adPNm3,acetylcholine,acetylcholine,1.0,2
ALad1,M_adPNm4,acetylcholine,acetylcholine,1.0,2
ALad1,M_adPNm5,acetylcholine,acetylcholine,1.0,9
ALad1,M_adPNm7,acetylcholine,acetylcholine,1.0,3
ALad1,M_adPNm8,acetylcholine,acetylcholine,1.0,6
ALad1,VA1d_adPN,acetylcholine,acetylcholine,1.0,6
ALad1,VA1v_adPN,acetylcholine,acetylcholine,1.0,8
ALad1,VA3_adPN,acetylcholine,acetylcholine,1.0,4
ALad1,VC3_adPN,acetylcholine,acetylcholine,1.0,7
ALad1,VC4_adPN,acetylcholine,acetylcholine,1.0,6
ALad1,VM2_adPN,acetylcholine,acetylcholine,1.0,3
ALad1,VM5d_adPN,acetylcholine,acetylcholine,1.0,12
ALad1,VM5v_adPN,acetylcholine,acetylcholine,1.0,5
ALad1,VM7d_adPN,acetylcholine,acetylcholine,1.0,7
ALad1,VM7v_adPN,acetylcholine,acetylcholine,1.0,3
ALad1,VP2+_adPN,acetylcholine,acetylcholine,1.0,2
ALad1,VP2_adPN,acetylcholine,acetylcholine,1.0,1
ALad1,VP5+Z_adPN,acetylcholine,acetylcholine,1.0,2
ALad1__prim,DA3_adPN,acetylcholine,acetylcholine,1.0,4
ALad1__prim,DA4l_adPN,acetylcholine,acetylcholine,1.0,2
ALad1__prim,DC1_adPN,acetylcholine,acetylcholine,1.0,2
ALad1__prim,DL1_adPN,acetylcholine,acetylcholine,1.0,4
ALad1__prim,DL4_adPN,acetylcholine,acetylcholine,1.0,2
ALad1__prim,DL5_adPN,acetylcholine,acetylcholine,1.0,2
ALad1__prim,DM3_adPN,acetylcholine,acetylcholine,1.0,2
ALad1__prim,DM4_adPN,acetylcholine,acetylcholine,1.0,2
ALad1__prim,DP1l_adPN,acetylcholine,acetylcholine,1.0,2
ALad1__prim,DP1m_adPN,acetylcholine,acetylcholine,1.0,2
ALad1__prim,VA2_adPN,acetylcholine,acetylcholine,1.0,2
ALad1__prim,VA6_adPN,acetylcholine,acetylcholine,1.0,2
ALad1__prim,VA7l_adPN,acetylcholine,acetylcholine,1.0,2
ALad1__prim,VL2a_adPN,acetylcholine,acetylcholine,1.0,2
ALad1__prim,VL2p_adPN,acetylcholine,acetylcholine,1.0,2
ALad1__prim,VM3_adPN,acetylcholine,acetylcholine,1.0,4
ALad1__prim,VM4_adPN,acetylcholine,acetylcholine,1.0,2
ALad1__prim,VM6_adPN,acetylcholine,acetylcholine,1.0,2
ALlv1,CB0591,acetylcholine,acetylcholine,0.9358974358974359,4
ALlv1,CB2465,glutamate,acetylcholine,0.9493670886075949,2
ALlv1,CB3383,acetylcholine,acetylcholine,0.9371069182389937,1
ALlv1,GNG438,acetylcholine,acetylcholine,0.9342105263157895,8
ALlv1,M_lvPNm24,acetylcholine,acetylcholine,0.9358974358974359,4
ALlv1,M_lvPNm25,acetylcholine,acetylcholine,0.9358974358974359,4
ALlv1,M_lvPNm26,acetylcholine,acetylcholine,0.9358974358974359,4
ALlv1,M_lvPNm27,acetylcholine,acetylcholine,0.9371069182389937,1
ALlv1,M_lvPNm28,acetylcholine,acetylcholine,0.9367088607594937,2
ALlv1,M_lvPNm29,acetylcholine,acetylcholine,0.9367088607594937,2
ALlv1,M_lvPNm30,acetylcholine,acetylcholine,0.9367088607594937,2
ALlv1,M_lvPNm31,acetylcholine,acetylcholine,0.9367088607594937,2
ALlv1,M_lvPNm32,acetylcholine,acetylcholine,0.9367088607594937,2
ALlv1,M_lvPNm33,acetylcholine,acetylcholine,0.9354838709677419,5
ALlv1,M_lvPNm35,acetylcholine,acetylcholine,0.9354838709677419,5
ALlv1,M_lvPNm37,acetylcholine,acetylcholine,0.9354838709677419,5
ALlv1,M_lvPNm38,acetylcholine,acetylcholine,0.9367088607594937,2
ALlv1,M_lvPNm39,acetylcholine,acetylcholine,0.9367088607594937,2
ALlv1,M_lvPNm40,acetylcholine,acetylcholine,0.9358974358974359,4
ALlv1,M_lvPNm41,acetylcholine,acetylcholine,0.9354838709677419,5
ALlv1,M_lvPNm42,acetylcholine,acetylcholine,0.9363057324840764,3
ALlv1,M_lvPNm43,acetylcholine,acetylcholine,0.9358974358974359,4
ALlv1,M_lvPNm44,acetylcholine,acetylcholine,0.9367088607594937,2
ALlv1,M_lvPNm45,acetylcholine,acetylcholine,0.934640522875817,7
ALlv1,M_lvPNm46,acetylcholine,acetylcholine,0.9358974358974359,4
ALlv1,M_lvPNm47,acetylcholine,acetylcholine,0.9358974358974359,4
ALlv1,M_lvPNm48,acetylcholine,acetylcholine,0.9342105263157895,8
ALlv1,SAD036,glutamate,acetylcholine,0.9493670886075949,2
ALlv1,SAD040,acetylcholine,acetylcholine,0.9358974358974359,4
ALlv1,VC5_lvPN,acetylcholine,acetylcholine,0.935064935064935,6
ALlv1,VES003,glutamate,acetylcholine,0.9493670886075949,2
ALlv1,VM4_lvPN,acetylcholine,acetylcholine,0.935064935064935,6
ALlv1,VM6_lvPN,acetylcholine,acetylcholine,0.935064935064935,6
ALlv1,VP1l+_lvPN,acetylcholine,acetylcholine,0.9337748344370861,9
ALlv1,VP1m+VP2_lvPN1,acetylcholine,acetylcholine,0.9367088607594937,2
ALlv1,VP1m+VP2_lvPN2,acetylcholine,acetylcholine,0.9342105263157895,8
ALlv1,VP1m+_lvPN,glutamate,acetylcholine,0.9615384615384616,4
ALlv1,VP2+Z_lvPN,acetylcholine,acetylcholine,0.9358974358974359,4
ALlv1,Z_lvPNm1,acetylcholine,acetylcholine,0.9337748344370861,9
ALv1,AVLP446,gaba,gaba,1.0,2
ALv1,AVLP447,gaba,gaba,1.0,2
ALv1,CB1296_a,gaba,gaba,1.0,5
ALv1,CB2004,gaba,gaba,1.0,6
ALv1,CB2561,gaba,gaba,1.0,2
ALv1,CB2589,gaba,gaba,1.0,6
ALv1,CB2703,gaba,gaba,1.0,6
ALv1,CB2711,gaba,gaba,1.0,4
ALv1,CB2772,gaba,gaba,1.0,2
ALv1,CB3228,gaba,gaba,1.0,3
ALv1,CB3447,gaba,gaba,1.0,5
ALv1,CL114,gaba,gaba,1.0,2
ALv1,DA1_vPN,gaba,gaba,1.0,2
ALv1,DC4_vPN,gaba,gaba,1.0,2
ALv1,DL2d_vPN,gaba,gaba,1.0,4
ALv1,DM3_vPN,gaba,gaba,1.0,2
ALv1,DM4_vPN,gaba,gaba,1.0,2
ALv1,DP1l_vPN,gaba,gaba,1.0,3
ALv1,DP1m_vPN,gaba,gaba,1.0,4
ALv1,M_VPNml66,gaba,gaba,1.0,6
ALv1,M_vPNml50,gaba,gaba,1.0,4
ALv1,M_vPNml51,gaba,gaba,1.0,2
ALv1,M_vPNml52,gaba,gaba,1.0,2
ALv1,M_vPNml53,gaba,gaba,1.0,12
ALv1,M_vPNml54,gaba,gaba,1.0,2
ALv1,M_vPNml55,gaba,gaba,1.0,2
ALv1,M_vPNml57,gaba,gaba,1.0,2
ALv1,M_vPNml60,gaba,gaba,1.0,5
ALv1,M_vPNml63,gaba,gaba,1.0,7
ALv1,M_vPNml65,gaba,gaba,1.0,6
ALv1,M_vPNml67,gaba,gaba,1.0,4
ALv1,M_vPNml68,gaba,gaba,1.0,5
ALv1,M_vPNml69,gaba,gaba,1.0,4
ALv1,M_vPNml72,gaba,gaba,1.0,4
ALv1,M_vPNml73,gaba,gaba,1.0,2
ALv1,M_vPNml75,gaba,gaba,1.0,4
ALv1,M_vPNml76,gaba,gaba,1.0,6
ALv1,M_vPNml77,gaba,gaba,1.0,4
ALv1,M_vPNml78,gaba,gaba,1.0,1
ALv1,M_vPNml79,gaba,gaba,1.0,2
ALv1,M_vPNml80,gaba,gaba,1.0,4
ALv1,M_vPNml83,gaba,gaba,1.0,8
ALv1,M_vPNml84,gaba,gaba,1.0,8
ALv1,M_vPNml86,gaba,gaba,1.0,3
ALv1,M_vPNml87,gaba,gaba,1.0,6
ALv1,M_vPNml88,gaba,gaba,1.0,2
ALv1,VA1d_vPN,gaba,gaba,1.0,2
ALv1,VA1v_vPN,gaba,gaba,1.0,4
ALv1,VL1_vPN,gaba,gaba,1.0,2
ALv1,VL2a_vPN,gaba,gaba,1.0,6
ALv1,VL2p_vPN,gaba,gaba,1.0,4
ALv1,VP3+_vPN,gaba,gaba,1.0,2
ALv1,VP4+_vPN,gaba,gaba,1.0,2
ALv1,VP4_vPN,gaba,gaba,1.0,2
ALv1,Z_vPNml1,gaba,gaba,1.0,2
ALv2,#280660,glutamate,glutamate,0.7246376811594203,1
ALv2,CB1048,glutamate,glutamate,0.7099236641221374,8
ALv2,CB1545,glutamate,glutamate,0.7205882352941176,3
ALv2,CB4083,glutamate,glutamate,0.6935483870967742,15
ALv2,v2LN32,glutamate,glutamate,0.7226277372262774,2
ALv2,v2LN33,acetylcholine,glutamate,0.7481481481481481,4
ALv2,v2LN34A,glutamate,glutamate,0.7121212121212122,7
ALv2,v2LN34B,glutamate,glutamate,0.7205882352941176,3
ALv2,v2LN34C,acetylcholine,glutamate,0.7372262773722628,2
ALv2,v2LN34D,glutamate,glutamate,0.7099236641221374,8
ALv2,v2LN34E,glutamate,glutamate,0.7121212121212122,7
ALv2,v2LN34F,acetylcholine,glutamate,0.7481481481481481,4
ALv2,v2LN36,glutamate,glutamate,0.7226277372262774,2
ALv2,v2LN37,glutamate,glutamate,0.7226277372262774,2
ALv2,v2LN38,acetylcholine,glutamate,0.7481481481481481,4
ALv2,v2LN39a,glutamate,glutamate,0.7185185185185186,4
ALv2,v2LN3A1_a,acetylcholine,glutamate,0.7372262773722628,2
ALv2,v2LN3A1_b,acetylcholine,glutamate,0.7769230769230769,9
ALv2,v2LN4,acetylcholine,glutamate,0.7593984962406015,6
ALv2,v2LN42,glutamate,glutamate,0.7121212121212122,7
ALv2,v2LN46,glutamate,glutamate,0.7054263565891473,10
ALv2,v2LN47,glutamate,glutamate,0.7164179104477612,5
ALv2,v2LN49,glutamate,glutamate,0.7185185185185186,4
ALv2,v2LN5,acetylcholine,glutamate,0.7426470588235294,3
ALv2,v2LN50,glutamate,glutamate,0.7121212121212122,7
ALv2,vLN24,acetylcholine,glutamate,0.7481481481481481,4
ALv2,vLN25,glutamate,glutamate,0.7185185185185186,4
ALv2,vLN28,glutamate,glutamate,0.7226277372262774,2
AOTUv1_medial,AOTU020,gaba,gaba,1.0,4
AOTUv1_medial,AOTU021,gaba,gaba,1.0,2
AOTUv1_medial,AOTU022,gaba,gaba,1.0,2
AOTUv1_medial,AOTU102m,gaba,gaba,1.0,2
AOTUv1_medial,CRE043_a1,gaba,gaba,1.0,2
AOTUv1_medial,CRE043_a2,gaba,gaba,1.0,2
AOTUv1_medial,CRE043_a3,gaba,gaba,1.0,2
AOTUv1_medial,CRE043_b,gaba,gaba,1.0,2
AOTUv1_medial,CRE043_c1,gaba,gaba,1.0,2
AOTUv1_medial,CRE043_c2,gaba,gaba,1.0,2
AOTUv1_medial,CRE043_d,gaba,gaba,1.0,2
AOTUv1_medial,CRE044,gaba,gaba,1.0,8
AOTUv1_medial,CRE045,gaba,gaba,1.0,4
AOTUv1_medial,CRE046,gaba,gaba,1.0,2
AOTUv1_medial,LAL043_c,gaba,gaba,1.0,2
AOTUv1_medial,LAL043_d,gaba,gaba,1.0,2
AOTUv1_medial,LAL043_e,gaba,gaba,1.0,2
AOTUv1_medial,SMP148,gaba,gaba,1.0,4
AOTUv1_medial,SMP151,gaba,gaba,1.0,4
AOTUv1_ventral,CB1896,acetylcholine,acetylcholine,1.0,6
AOTUv1_ventral,CB2033,acetylcholine,acetylcholine,1.0,4
AOTUv1_ventral,LAL010,acetylcholine,acetylcholine,1.0,2
AOTUv1_ventral,LAL020,acetylcholine,acetylcholine,1.0,4
AOTUv1_ventral,LAL021,acetylcholine,acetylcholine,1.0,8
AOTUv1_ventral,PS010,acetylcholine,acetylcholine,1.0,2
AOTUv1_ventral,PS011,acetylcholine,acetylcholine,1.0,2
AOTUv1_ventral,PS013,acetylcholine,acetylcholine,1.0,2
AOTUv1_ventral,PS018_a,acetylcholine,acetylcholine,1.0,2
AOTUv1_ventral,PS018_b,acetylcholine,acetylcholine,1.0,2
AOTUv1_ventral,PS019,acetylcholine,acetylcholine,1.0,4
AOTUv1_ventral,PS020,acetylcholine,acetylcholine,1.0,2
AOTUv1_ventral,PS021,acetylcholine,acetylcholine,1.0,4
AOTUv1_ventral,PS022,acetylcholine,acetylcholine,1.0,4
AOTUv1_ventral,PS023,acetylcholine,acetylcholine,1.0,5
AOTUv1_ventral,PS024,acetylcholine,acetylcholine,1.0,4
AOTUv1_ventral,PS025,acetylcholine,acetylcholine,1.0,2
AOTUv1_ventral,PS026,acetylcholine,acetylcholine,1.0,4
AOTUv1_ventral,PS029,acetylcholine,acetylcholine,1.0,2
AOTUv1_ventral,PS030,acetylcholine,acetylcholine,1.0,2
AOTUv1_ventral,PS031,acetylcholine,acetylcholine,1.0,2
AOTUv1_ventral,PS032,acetylcholine,acetylcholine,1.0,4
AOTUv1_ventral,PS033_a,acetylcholine,acetylcholine,1.0,4
AOTUv1_ventral,PS033_b,acetylcholine,acetylcholine,1.0,2
AOTUv1_ventral,PS034,acetylcholine,acetylcholine,1.0,6
AOTUv1_ventral,PS037,acetylcholine,acetylcholine,1.0,6
AOTUv1_ventral,PS038,acetylcholine,acetylcholine,1.0,12
AOTUv1_ventral,VES007,acetylcholine,acetylcholine,1.0,2
AOTUv1_ventral,WED002,acetylcholine,acetylcholine,1.0,16
AOTUv2,AOTU009,glutamate,glutamate,1.0,2
AOTUv2,CL025,glutamate,glutamate,1.0,2
AOTUv2,LHAV7a1,glutamate,glutamate,1.0,5
AOTUv2,LHAV7a1_a,glutamate,glutamate,1.0,4
AOTUv2,LHAV7a1_b,glutamate,glutamate,1.0,3
AOTUv2,LHAV7a3,glutamate,glutamate,1.0,8
AOTUv2,LHAV7a4,glutamate,glutamate,1.0,9
AOTUv2,LHAV7a5,glutamate,glutamate,1.0,6
AOTUv2,LHAV7a6,glutamate,glutamate,1.0,2
AOTUv2,LHAV7a7,glutamate,glutamate,1.0,6
AOTUv2,LT52,glutamate,glutamate,1.0,34
AOTUv2,PLP008,glutamate,glutamate,1.0,2
AOTUv2,PLP009,glutamate,glutamate,1.0,6
AOTUv2,SMP036,glutamate,glutamate,1.0,2
AOTUv2,SMP037,glutamate,glutamate,1.0,2
AOTUv2,SMP038,glutamate,glutamate,1.0,2
AOTUv3_dorsal,AOTU005,acetylcholine,acetylcholine,1.0,2
AOTUv3_dorsal,AOTU006,acetylcholine,acetylcholine,1.0,2
AOTUv3_dorsal,AOTU007,acetylcholine,acetylcholine,1.0,2
AOTUv3_dorsal,AOTU007_a,acetylcholine,acetylcholine,1.0,4
AOTUv3_dorsal,AOTU007_b,acetylcholine,acetylcholine,1.0,6
AOTUv3_dorsal,AOTU008,acetylcholine,acetylcholine,1.0,25
AOTUv3_dorsal,AOTU024,acetylcholine,acetylcholine,1.0,2
AOTUv3_dorsal,AOTU025,acetylcholine,acetylcholine,1.0,2
AOTUv3_dorsal,AOTU026,acetylcholine,acetylcholine,1.0,2
AOTUv3_dorsal,AOTU027,acetylcholine,acetylcholine,1.0,2
AOTUv3_dorsal,SIP004,acetylcholine,acetylcholine,1.0,2
AOTUv3_dorsal,SMP013,acetylcholine,acetylcholine,1.0,2
AOTUv3_dorsal,SMP014,acetylcholine,acetylcholine,1.0,2
AOTUv3_dorsal,SMP015,acetylcholine,acetylcholine,1.0,2
AOTUv3_dorsal,SMP016_a,acetylcholine,acetylcholine,1.0,5
AOTUv3_dorsal,SMP016_b,acetylcholine,acetylcholine,1.0,8
AOTUv3_dorsal,SMP017,acetylcholine,acetylcholine,1.0,4
AOTUv3_dorsal,SMP018,acetylcholine,acetylcholine,1.0,21
AOTUv3_dorsal,SMP019,acetylcholine,acetylcholine,1.0,9
AOTUv3_dorsal,SMP020,acetylcholine,acetylcholine,1.0,4
AOTUv3_dorsal,SMP021,acetylcholine,acetylcholine,1.0,6
AOTUv3_dorsal,TuBu01,acetylcholine,acetylcholine,1.0,10
AOTUv3_dorsal,TuBu06,acetylcholine,acetylcholine,1.0,10
AOTUv3_dorsal,TuBu07,acetylcholine,acetylcholine,1.0,21
AOTUv3_dorsal,TuBu08,acetylcholine,acetylcholine,1.0,21
AOTUv3_dorsal,TuBu09,acetylcholine,acetylcholine,1.0,21
AOTUv3_dorsal,TuBu10,acetylcholine,acetylcholine,1.0,15
AOTUv3_ventral,#134832,glutamate,glutamate,1.0,1
AOTUv3_ventral,#146121,glutamate,glutamate,1.0,1
AOTUv3_ventral,#149284,glutamate,glutamate,1.0,1
AOTUv3_ventral,#152095,glutamate,glutamate,1.0,1
AOTUv3_ventral,#155446,glutamate,glutamate,1.0,1
AOTUv3_ventral,#160349,glutamate,glutamate,1.0,1
AOTUv3_ventral,#160420,glutamate,glutamate,1.0,1
AOTUv3_ventral,#177757,glutamate,glutamate,1.0,1
AOTUv3_ventral,#195691,glutamate,glutamate,1.0,1
AOTUv3_ventral,#512493,glutamate,glutamate,1.0,1
AOTUv3_ventral,AOTU036,glutamate,glutamate,1.0,2
AOTUv3_ventral,AOTU037,glutamate,glutamate,1.0,5
AOTUv3_ventral,AOTU038,glutamate,glutamate,1.0,11
AOTUv3_ventral,AOTU039,glutamate,glutamate,1.0,6
AOTUv3_ventral,AOTU040,glutamate,glutamate,1.0,6
AOTUv3_ventral,CB3865,glutamate,glutamate,1.0,10
AOTUv3_ventral,CB3984,glutamate,glutamate,1.0,1
AOTUv3_ventral,CB3992,glutamate,glutamate,1.0,6
AOTUv3_ventral,LAL085,glutamate,glutamate,1.0,4
AOTUv3_ventral,LAL086,glutamate,glutamate,1.0,4
AOTUv3_ventral,LAL087,glutamate,glutamate,1.0,10
AOTUv3_ventral,LAL088,glutamate,glutamate,1.0,3
AOTUv3_ventral,LAL089,glutamate,glutamate,1.0,6
AOTUv3_ventral,LAL090,glutamate,glutamate,1.0,10
AOTUv3_ventral,LAL093,glutamate,glutamate,1.0,4
AOTUv3_ventral,LAL094,glutamate,glutamate,1.0,19
AOTUv3_ventral,LAL096,glutamate,glutamate,1.0,16
AOTUv3_ventral,PS080,glutamate,glutamate,1.0,2
AOTUv3_ventral,PS081,glutamate,glutamate,1.0,2
AOTUv3_ventral,PS082,glutamate,glutamate,1.0,2
AOTUv3_ventral,PS083_a,glutamate,glutamate,1.0,2
AOTUv3_ventral,PS083_b,glutamate,glutamate,1.0,4
AOTUv3_ventral,PS083_c,glutamate,glutamate,1.0,2
AOTUv3_ventral,PS084,glutamate,glutamate,1.0,6
AOTUv3_ventral,PS085,glutamate,glutamate,1.0,2
AOTUv3_ventral,PS087,glutamate,glutamate,1.0,18
AOTUv3_ventral,SAD047,glutamate,glutamate,1.0,7
AOTUv3_ventral,WED071,glutamate,glutamate,1.0,2
AOTUv4_dorsal,AOTU001,acetylcholine,acetylcholine,1.0,7
AOTUv4_dorsal,AOTU002_a,acetylcholine,acetylcholine,1.0,5
AOTUv4_dorsal,AOTU002_b,acetylcholine,acetylcholine,1.0,6
AOTUv4_dorsal,AOTU002_c,acetylcholine,acetylcholine,1.0,4
AOTUv4_dorsal,AOTU003,acetylcholine,acetylcholine,1.0,6
AOTUv4_dorsal,AOTU004,acetylcholine,acetylcholine,1.0,6
AOTUv4_dorsal,AOTU018,acetylcholine,acetylcholine,1.0,4
AOTUv4_dorsal,AOTU029,acetylcholine,acetylcholine,1.0,2
AOTUv4_dorsal,AOTU030,acetylcholine,acetylcholine,1.0,2
AOTUv4_dorsal,CB0361,acetylcholine,acetylcholine,1.0,2
AOTUv4_dorsal,CB1841,acetylcholine,acetylcholine,1.0,4
AOTUv4_dorsal,CB2088,acetylcholine,acetylcholine,1.0,3
AOTUv4_dorsal,CB2550,acetylcholine,acetylcholine,1.0,5
AOTUv4_dorsal,CB2981,acetylcholine,acetylcholine,1.0,3
AOTUv4_dorsal,CB3127,acetylcholine,acetylcholine,1.0,1
AOTUv4_dorsal,CB3895,acetylcholine,acetylcholine,1.0,3
AOTUv4_dorsal,CL005,acetylcholine,acetylcholine,1.0,5
AOTUv4_dorsal,CL006,acetylcholine,acetylcholine,1.0,4
AOTUv4_dorsal,CRE003_a,acetylcholine,acetylcholine,1.0,7
AOTUv4_dorsal,CRE003_b,acetylcholine,acetylcholine,1.0,12
AOTUv4_dorsal,LAL003,acetylcholine,acetylcholine,1.0,4
AOTUv4_dorsal,LAL004,acetylcholine,acetylcholine,1.0,1
AOTUv4_dorsal,LAL006,acetylcholine,acetylcholine,1.0,6
AOTUv4_dorsal,SIP003_a,acetylcholine,acetylcholine,1.0,8
AOTUv4_dorsal,SIP003_b,acetylcholine,acetylcholine,1.0,8
AOTUv4_dorsal,SMP006,acetylcholine,acetylcholine,1.0,9
AOTUv4_dorsal,SMP007,acetylcholine,acetylcholine,1.0,8
AOTUv4_dorsal,SMP008,acetylcholine,acetylcholine,1.0,9
AOTUv4_dorsal,SMP009,acetylcholine,acetylcholine,1.0,2
AOTUv4_dorsal,SMP153_a,acetylcholine,acetylcholine,1.0,2
AOTUv4_dorsal,SMP153_b,acetylcholine,acetylcholine,1.0,2
AOTUv4_dorsal,TuBu02,acetylcholine,acetylcholine,1.0,12
AOTUv4_dorsal,TuBu03,acetylcholine,acetylcholine,1.0,23
AOTUv4_dorsal,TuBu04,acetylcholine,acetylcholine,1.0,12
AOTUv4_dorsal,TuBu05,acetylcholine,acetylcholine,1.0,11
AOTUv4_ventral,#129251,glutamate,glutamate,1.0,1
AOTUv4_ventral,#17639,glutamate,glutamate,1.0,1
AOTUv4_ventral,FB4O,glutamate,glutamate,1.0,6
AOTUv4_ventral,FB4P_a,glutamate,glutamate,1.0,4
AOTUv4_ventral,FB4P_b,glutamate,glutamate,1.0,3
AOTUv4_ventral,FB4P_c,glutamate,glutamate,1.0,2
AOTUv4_ventral,FB4Q_a,glutamate,glutamate,1.0,2
AOTUv4_ventral,FB4Q_b,glutamate,glutamate,1.0,2
AOTUv4_ventral,FB4Q_c,glutamate,glutamate,1.0,3
AOTUv4_ventral,FB4R,glutamate,glutamate,1.0,6
AOTUv4_ventral,FB5AA,glutamate,glutamate,1.0,2
AOTUv4_ventral,FB5C,glutamate,glutamate,1.0,3
AOTUv4_ventral,FB5D,glutamate,glutamate,1.0,3
AOTUv4_ventral,FB5E,glutamate,glutamate,1.0,2
AOTUv4_ventral,FB5F,glutamate,glutamate,1.0,2
AOTUv4_ventral,FB5G_a,glutamate,glutamate,1.0,4
AOTUv4_ventral,FB5G_b,glutamate,glutamate,1.0,2
AOTUv4_ventral,FB5G_c,glutamate,glutamate,1.0,2
AOTUv4_ventral,FB5O,glutamate,glutamate,1.0,2
AOTUv4_ventral,FB5P,glutamate,glutamate,1.0,4
AOTUv4_ventral,FB5Q,glutamate,glutamate,1.0,4
AOTUv4_ventral,FB5T,glutamate,glutamate,1.0,2
AOTUv4_ventral,FB5V_a,glutamate,glutamate,1.0,6
AOTUv4_ventral,FB5V_b,glutamate,glutamate,1.0,6
AOTUv4_ventral,FB5V_c,glutamate,glutamate,1.0,5
AOTUv4_ventral,FB5X,glutamate,glutamate,1.0,6
AOTUv4_ventral,FB5Z,glutamate,glutamate,1.0,4
AOTUv4_ventral,FB6U,glutamate,glutamate,1.0,4
AOTUv4_ventral,FB6V,glutamate,glutamate,1.0,2
AOTUv4_ventral,FB6W,glutamate,glutamate,1.0,2
AOTUv4_ventral,FB6X,glutamate,glutamate,1.0,2
AOTUv4_ventral,FB7E,glutamate,glutamate,1.0,6
AOTUv4_ventral,FB7G,glutamate,glutamate,1.0,4
AOTUv4_ventral,FB7I,glutamate,glutamate,1.0,5
AOTUv4_ventral,FB8E,glutamate,glutamate,1.0,5
AOTUv4_ventral,FB8G,glutamate,glutamate,1.0,6
AOTUv4_ventral,FB8I,glutamate,glutamate,1.0,6
AOTUv4_ventral,FB9B_a,glutamate,glutamate,1.0,4
AOTUv4_ventral,FB9B_b,glutamate,glutamate,1.0,4
AOTUv4_ventral,FB9B_c,glutamate,glutamate,1.0,4
AOTUv4_ventral,FB9B_d,glutamate,glutamate,1.0,4
AOTUv4_ventral,FB9B_e,glutamate,glutamate,1.0,4
AOTUv4_ventral,SIP026,glutamate,glutamate,1.0,2
AOTUv4_ventral,SMP170,glutamate,glutamate,1.0,4
CLp1,CB1731,acetylcholine,acetylcholine,0.6713286713286714,2
CLp1,CB2300,acetylcholine,acetylcholine,0.6666666666666666,4
CLp1,CL160,acetylcholine,acetylcholine,0.6642857142857143,5
CLp1,CL161_a,acetylcholine,acetylcholine,0.6713286713286714,2
CLp1,CL161_b,acetylcholine,acetylcholine,0.6666666666666666,4
CLp1,CL162,acetylcholine,acetylcholine,0.6713286713286714,2
CLp1,CL165,acetylcholine,acetylcholine,0.6666666666666666,4
CLp1,CL166,acetylcholine,acetylcholine,0.6642857142857143,5
CLp1,CL167,acetylcholine,acetylcholine,0.6618705035971223,6
CLp1,CL168,acetylcholine,acetylcholine,0.6642857142857143,5
CLp1,CL169,acetylcholine,acetylcholine,0.6594202898550725,7
CLp1,CL170,acetylcholine,acetylcholine,0.6618705035971223,6
CLp1,CL171,acetylcholine,acetylcholine,0.6594202898550725,7
CLp1,CL172,acetylcholine,acetylcholine,0.6642857142857143,5
CLp1,CL173,acetylcholine,acetylcholine,0.6713286713286714,2
CLp1,CL245,glutamate,acetylcholine,0.6853146853146853,2
CLp1,IB117,glutamate,acetylcholine,0.6853146853146853,2
CLp1,LHPD5e1,acetylcholine,acetylcholine,0.6666666666666666,4
CLp1,PS108,glutamate,acetylcholine,0.6853146853146853,2
CLp1,PS109,acetylcholine,acetylcholine,0.6666666666666666,4
CLp1,PS110,acetylcholine,acetylcholine,0.6618705035971223,6
CLp1,SLP402_a,glutamate,acetylcholine,0.6950354609929078,4
CLp1,SLP402_b,glutamate,acetylcholine,0.6853146853146853,2
CLp1,SLP412_a,glutamate,acetylcholine,0.6853146853146853,2
CLp1,SLP412_b,glutamate,acetylcholine,0.6853146853146853,2
CLp1,SMP342,glutamate,acetylcholine,0.6901408450704225,3
CLp1,SMP345,glutamate,acetylcholine,0.6950354609929078,4
CLp1,SMP419,glutamate,acetylcholine,0.6853146853146853,2
CLp1,SMP420,acetylcholine,acetylcholine,0.6713286713286714,2
CLp1,SMP421,acetylcholine,acetylcholine,0.6713286713286714,2
CLp1,SMP422,acetylcholine,acetylcholine,0.6713286713286714,2
CLp1,SMP423,acetylcholine,acetylcholine,0.6713286713286714,2
CLp1,SMP424,glutamate,acetylcholine,0.6950354609929078,4
CLp1,SMP425,glutamate,acetylcholine,0.6853146853146853,2
CLp1,SMP426,glutamate,acetylcholine,0.6901408450704225,3
CLp1,SMP428_a,acetylcholine,acetylcholine,0.6713286713286714,2
CLp1,SMP428_b,acetylcholine,acetylcholine,0.6713286713286714,2
CLp1,SMP429,acetylcholine,acetylcholine,0.6618705035971223,6
CLp1,SMP495_a,glutamate,acetylcholine,0.6853146853146853,2
CLp1,SMP495_b,glutamate,acetylcholine,0.6853146853146853,2
CLp1,SMP495_c,glutamate,acetylcholine,0.6853146853146853,2
CLp1,SMP531,glutamate,acetylcholine,0.6853146853146853,2
CLp1,SMP533,glutamate,acetylcholine,0.6901408450704225,3
CLp1,SMP552,glutamate,acetylcholine,0.6853146853146853,2
CLp1_or_SLPpm2,ATL024,glutamate,acetylcholine,0.8518518518518519,2
CLp1_or_SLPpm2,CB1532,acetylcholine,acetylcholine,0.8227848101265823,4
CLp1_or_SLPpm2,CB1548,acetylcholine,acetylcholine,0.8133333333333334,8
CLp1_or_SLPpm2,CB2295,acetylcholine,acetylcholine,0.825,3
CLp1_or_SLPpm2,CB2416,acetylcholine,acetylcholine,0.8292682926829268,1
CLp1_or_SLPpm2,CB2638,acetylcholine,acetylcholine,0.8181818181818182,6
CLp1_or_SLPpm2,CB3050,acetylcholine,acetylcholine,0.8157894736842105,7
CLp1_or_SLPpm2,CB3069,acetylcholine,acetylcholine,0.8271604938271605,2
CLp1_or_SLPpm2,CB3541,acetylcholine,acetylcholine,0.8227848101265823,4
CLp1_or_SLPpm2,CB4022,acetylcholine,acetylcholine,0.8227848101265823,4
CLp1_or_SLPpm2,CB4023,acetylcholine,acetylcholine,0.8108108108108109,9
CLp1_or_SLPpm2,CL152,glutamate,acetylcholine,0.8734177215189873,4
CLp1_or_SLPpm2,CL153,glutamate,acetylcholine,0.8518518518518519,2
CLp1_or_SLPpm2,CL154,glutamate,acetylcholine,0.8518518518518519,2
CLp1_or_SLPpm2,IB042,glutamate,acetylcholine,0.8518518518518519,2
CLp1_or_SLPpm2,SLP395,glutamate,acetylcholine,0.8518518518518519,2
CLp1_or_SLPpm2,SMP427,acetylcholine,acetylcholine,0.8055555555555556,11
CLp1_or_SLPpm2,SMP430,acetylcholine,acetylcholine,0.8227848101265823,4
CLp1_or_SLPpm2,SMP437,acetylcholine,acetylcholine,0.8271604938271605,2
CLp1_or_SLPpm2,SMP438,acetylcholine,acetylcholine,0.8227848101265823,4
CLp2,CB2182,glutamate,glutamate,1.0,2
CLp2,CB2931,glutamate,glutamate,1.0,5
CLp2,CL146,glutamate,glutamate,1.0,2
CLp2,CL147,glutamate,glutamate,1.0,8
CLp2,SMP266,glutamate,glutamate,1.0,2
CLp2,SMP267,glutamate,glutamate,1.0,4
CLp2,SMP268,glutamate,glutamate,1.0,6
CLp2,SMP274,glutamate,glutamate,1.0,2
CLp2,SMP275,glutamate,glutamate,1.0,2
CLp2,SMP277,glutamate,glutamate,1.0,6
CLp2,SMP278,glutamate,glutamate,1.0,5
CLp2,SMP279_a,glutamate,glutamate,1.0,8
CLp2,SMP279_b,glutamate,glutamate,1.0,3
CLp2,SMP279_c,glutamate,glutamate,1.0,5
CLp2,SMP280,glutamate,glutamate,1.0,5
CLp2,SMP281,glutamate,glutamate,1.0,11
CLp2,SMP282,glutamate,glutamate,1.0,9
CREa1_ventral,LoVC20,gaba,gaba,0.8106060606060606,2
CREa1_ventral,mAL4A,glutamate,gaba,0.8384615384615385,4
CREa1_ventral,mAL4B,glutamate,gaba,0.8320610687022901,3
CREa1_ventral,mAL4E,glutamate,gaba,0.8384615384615385,4
CREa1_ventral,mAL4F,glutamate,gaba,0.8515625,6
CREa1_ventral,mAL4G,glutamate,gaba,0.8384615384615385,4
CREa1_ventral,mAL4H,gaba,gaba,0.8106060606060606,2
CREa1_ventral,mAL4I,glutamate,gaba,0.8384615384615385,4
CREa1_ventral,mAL5A1,gaba,gaba,0.8106060606060606,2
CREa1_ventral,mAL5A2,gaba,gaba,0.8076923076923077,4
CREa1_ventral,mAL5B,gaba,gaba,0.8106060606060606,2
CREa1_ventral,mAL6,gaba,gaba,0.8076923076923077,4
CREa1_ventral,mALB1,gaba,gaba,0.8106060606060606,2
CREa1_ventral,mALB2,gaba,gaba,0.8106060606060606,2
CREa1_ventral,mALB3,gaba,gaba,0.8076923076923077,4
CREa1_ventral,mALB4,gaba,gaba,0.8106060606060606,2
CREa1_ventral,mALB5,gaba,gaba,0.8106060606060606,2
CREa1_ventral,mALD1,gaba,gaba,0.8106060606060606,2
CREa1_ventral,mALD3,gaba,gaba,0.8106060606060606,2
CREa1_ventral,mALD4,gaba,gaba,0.8106060606060606,2
CREa1_ventral,mAL_m1,gaba,gaba,0.7950819672131147,12
CREa1_ventral,mAL_m10,gaba,gaba,0.8106060606060606,2
CREa1_ventral,mAL_m11,gaba,gaba,0.8106060606060606,2
CREa1_ventral,mAL_m2b,gaba,gaba,0.8046875,6
CREa1_ventral,mAL_m3c,gaba,gaba,0.7983870967741935,10
CREa1_ventral,mAL_m4,gaba,gaba,0.8091603053435115,3
CREa1_ventral,mAL_m5a,gaba,gaba,0.8046875,6
CREa1_ventral,mAL_m5b,gaba,gaba,0.8046875,6
CREa1_ventral,mAL_m5c,gaba,gaba,0.8046875,6
CREa1_ventral,mAL_m7,gaba,gaba,0.8106060606060606,2
CREa1_ventral,mAL_m8,gaba,gaba,0.788135593220339,16
CREa1_ventral,mAL_m9,gaba,gaba,0.8076923076923077,4
CREa2_ventral,#111531,acetylcholine,acetylcholine,1.0,1
CREa2_ventral,#149770,acetylcholine,acetylcholine,1.0,1
CREa2_ventral,#156513,acetylcholine,acetylcholine,1.0,1
CREa2_ventral,#520825,acetylcholine,acetylcholine,1.0,1
CREa2_ventral,#97113,acetylcholine,acetylcholine,1.0,1
CREa2_ventral,AOTU015,acetylcholine,acetylcholine,1.0,8
CREa2_ventral,AOTU016_a,acetylcholine,acetylcholine,1.0,2
CREa2_ventral,AOTU016_b,acetylcholine,acetylcholine,1.0,8
CREa2_ventral,AOTU016_c,acetylcholine,acetylcholine,1.0,4
CREa2_ventral,AOTU017,acetylcholine,acetylcholine,1.0,4
CREa2_ventral,CB0356,acetylcholine,acetylcholine,1.0,2
CREa2_ventral,CB1956,acetylcholine,acetylcholine,1.0,6
CREa2_ventral,CB2117,acetylcholine,acetylcholine,1.0,5
CREa2_ventral,CB2846,acetylcholine,acetylcholine,1.0,4
CREa2_ventral,CB3441,acetylcholine,acetylcholine,1.0,2
CREa2_ventral,CB3523,acetylcholine,acetylcholine,1.0,2
CREa2_ventral,CRE014,acetylcholine,acetylcholine,1.0,4
CREa2_ventral,CRE015,acetylcholine,acetylcholine,1.0,2
CREa2_ventral,CRE016,acetylcholine,acetylcholine,1.0,6
CREa2_ventral,CRE017,acetylcholine,acetylcholine,1.0,4
CREa2_ventral,CRE018,acetylcholine,acetylcholine,1.0,8
CREa2_ventral,CRE019,acetylcholine,acetylcholine,1.0,4
CREa2_ventral,CRE020,acetylcholine,acetylcholine,1.0,4
CREa2_ventral,LAL022,acetylcholine,acetylcholine,1.0,6
CREa2_ventral,LAL023,acetylcholine,acetylcholine,1.0,4
CREa2_ventral,LAL024,acetylcholine,acetylcholine,1.0,2
CREa2_ventral,LAL025,acetylcholine,acetylcholine,1.0,5
CREa2_ventral,LAL026_a,acetylcholine,acetylcholine,1.0,2
CREa2_ventral,LAL026_b,acetylcholine,acetylcholine,1.0,2
CREa2_ventral,LAL027,acetylcholine,acetylcholine,1.0,2
CREa2_ventral,LAL028,acetylcholine,acetylcholine,1.0,3
CREa2_ventral,LAL029_a,acetylcholine,acetylcholine,1.0,2
CREa2_ventral,LAL029_b,acetylcholine,acetylcholine,1.0,2
CREa2_ventral,LAL029_c,acetylcholine,acetylcholine,1.0,2
CREa2_ventral,LAL029_d,acetylcholine,acetylcholine,1.0,2
CREa2_ventral,LAL029_e,acetylcholine,acetylcholine,1.0,2
CREa2_ventral,LAL030_a,acetylcholine,acetylcholine,1.0,6
CREa2_ventral,LAL030_b,acetylcholine,acetylcholine,1.0,6
CREa2_ventral,LAL030d,acetylcholine,acetylcholine,1.0,2
CREa2_ventral,LAL031,acetylcholine,acetylcholine,1.0,4
CREa2_ventral,LAL032,acetylcholine,acetylcholine,1.0,2
CREa2_ventral,LAL034,acetylcholine,acetylcholine,1.0,8
CREa2_ventral,LAL035,acetylcholine,acetylcholine,1.0,4
CREa2_ventral,LAL037,acetylcholine,acetylcholine,1.0,4
CREa2_ventral,SIP022,acetylcholine,acetylcholine,1.0,2
CREa2_ventral,SIP024,acetylcholine,acetylcholine,1.0,5
CREa2_ventral,SMP110,acetylcholine,acetylcholine,1.0,4
CREa2_ventral,SMP111,acetylcholine,acetylcholine,1.0,2
CREa2_ventral,SMP112,acetylcholine,acetylcholine,1.0,6
CREl1,#18097,acetylcholine,acetylcholine,1.0,1
CREl1,#21561,acetylcholine,acetylcholine,1.0,1
CREl1,#24249,acetylcholine,acetylcholine,1.0,1
CREl1,#39474,acetylcholine,acetylcholine,1.0,1
CREl1,#518772,acetylcholine,acetylcholine,1.0,1
CREl1,#578892,acetylcholine,acetylcholine,1.0,1
CREl1,CB2719,acetylcholine,acetylcholine,1.0,4
CREl1,CB3873,acetylcholine,acetylcholine,1.0,4
CREl1,CL123_a,acetylcholine,acetylcholine,1.0,2
CREl1,CL123_b,acetylcholine,acetylcholine,1.0,2
CREl1,CL123_c,acetylcholine,acetylcholine,1.0,2
CREl1,CL123_d,acetylcholine,acetylcholine,1.0,2
CREl1,CL123_e,acetylcholine,acetylcholine,1.0,2
CREl1,CRE049,acetylcholine,acetylcholine,1.0,2
CREl1,CRE059,acetylcholine,acetylcholine,1.0,4
CREl1,CRE060,acetylcholine,acetylcholine,1.0,2
CREl1,CRE062,acetylcholine,acetylcholine,1.0,2
CREl1,CRE065,acetylcholine,acetylcholine,1.0,4
CREl1,CRE066,acetylcholine,acetylcholine,1.0,4
CREl1,CRE067,acetylcholine,acetylcholine,1.0,6
CREl1,CRE068,acetylcholine,acetylcholine,1.0,4
CREl1,CRE070,acetylcholine,acetylcholine,1.0,2
CREl1,ICL010m,acetylcholine,acetylcholine,1.0,2
CREl1,ICL011m,acetylcholine,acetylcholine,1.0,2
CREl1,LAL110,acetylcholine,acetylcholine,1.0,10
CREl1,LAL114,acetylcholine,acetylcholine,1.0,2
CREl1,LHAV9a1_a,acetylcholine,acetylcholine,1.0,4
CREl1,LHAV9a1_b,acetylcholine,acetylcholine,1.0,6
CREl1,LHAV9a1_c,acetylcholine,acetylcholine,1.0,6
CREl1,SIP128m,acetylcholine,acetylcholine,1.0,5
CREl1,SIP130m,acetylcholine,acetylcholine,1.0,4
CREl1,SLP240_a,acetylcholine,acetylcholine,1.0,5
CREl1,SLP240_b,acetylcholine,acetylcholine,1.0,7
CREl1,SLP241,acetylcholine,acetylcholine,1.0,9
CREl1,SLP242,acetylcholine,acetylcholine,1.0,6
CREl1,SMP171,acetylcholine,acetylcholine,1.0,8
CREl1,SMP172,acetylcholine,acetylcholine,1.0,5
CREl1,SMP174,acetylcholine,acetylcholine,1.0,8
DL1_dorsal,ATL013,acetylcholine,acetylcholine,0.6220238095238095,4
DL1_dorsal,CB1357,acetylcholine,acetylcholine,0.6139817629179332,11
DL1_dorsal,CB2310,acetylcholine,acetylcholine,0.6220238095238095,4
DL1_dorsal,CRE072,acetylcholine,acetylcholine,0.6220238095238095,4
DL1_dorsal,FB1D,glutamate,acetylcholine,0.6358208955223881,5
DL1_dorsal,FB1E_a,glutamate,acetylcholine,0.6358208955223881,5
DL1_dorsal,FB1E_b,glutamate,acetylcholine,0.6301775147928994,2
DL1_dorsal,FB2E,glutamate,acetylcholine,0.6339285714285714,4
DL1_dorsal,FB2F_a,glutamate,acetylcholine,0.6377245508982036,6
DL1_dorsal,FB2F_b,glutamate,acetylcholine,0.6320474777448071,3
DL1_dorsal,FB2F_c,glutamate,acetylcholine,0.6339285714285714,4
DL1_dorsal,FB2F_d,glutamate,acetylcholine,0.6339285714285714,4
DL1_dorsal,FB2G_a,glutamate,acetylcholine,0.6301775147928994,2
DL1_dorsal,FB2G_b,glutamate,acetylcholine,0.6377245508982036,6
DL1_dorsal,FB2H_a,glutamate,acetylcholine,0.6301775147928994,2
DL1_dorsal,FB2H_b,glutamate,acetylcholine,0.6301775147928994,2
DL1_dorsal,FB2I_a,glutamate,acetylcholine,0.6454545454545455,10
DL1_dorsal,FB2I_b,glutamate,acetylcholine,0.6301775147928994,2
DL1_dorsal,FB2J_a,glutamate,acetylcholine,0.6301775147928994,2
DL1_dorsal,FB2J_b,glutamate,acetylcholine,0.6301775147928994,2
DL1_dorsal,FB2J_c,glutamate,acetylcholine,0.6301775147928994,2
DL1_dorsal,FB2M_a,glutamate,acetylcholine,0.6339285714285714,4
DL1_dorsal,FB2M_b,glutamate,acetylcholine,0.6301775147928994,2
DL1_dorsal,FB5I,glutamate,acetylcholine,0.6301775147928994,2
DL1_dorsal,FB5Y_a,glutamate,acetylcholine,0.6301775147928994,2
DL1_dorsal,FB5Y_b,glutamate,acetylcholine,0.6301775147928994,2
DL1_dorsal,FB6A_a,glutamate,acetylcholine,0.6301775147928994,2
DL1_dorsal,FB6A_b,glutamate,acetylcholine,0.6301775147928994,2
DL1_dorsal,FB6A_c,glutamate,acetylcholine,0.6301775147928994,2
DL1_dorsal,FB6B,glutamate,acetylcholine,0.6301775147928994,2
DL1_dorsal,FB6C_a,glutamate,acetylcholine,0.6301775147928994,2
DL1_dorsal,FB6C_b,glutamate,acetylcholine,0.6377245508982036,6
DL1_dorsal,FB6D,glutamate,acetylcholine,0.6301775147928994,2
DL1_dorsal,FB6E,glutamate,acetylcholine,0.6301775147928994,2
DL1_dorsal,FB6F,glutamate,acetylcholine,0.6301775147928994,2
DL1_dorsal,FB6G,glutamate,acetylcholine,0.6301775147928994,2
DL1_dorsal,FB6I,glutamate,acetylcholine,0.6301775147928994,2
DL1_dorsal,FB6Z,glutamate,acetylcholine,0.6301775147928994,2
DL1_dorsal,FB7A,glutamate,acetylcholine,0.6377245508982036,6
DL1_dorsal,FB7K,glutamate,acetylcholine,0.6339285714285714,4
DL1_dorsal,FB7L,glutamate,acetylcholine,0.6377245508982036,6
DL1_dorsal,FB8A,glutamate,acetylcholine,0.6301775147928994,2
DL1_dorsal,FB8H,glutamate,acetylcholine,0.6377245508982036,6
DL1_dorsal,LHPV5b1,acetylcholine,acetylcholine,0.603125,20
DL1_dorsal,LHPV5b2,acetylcholine,acetylcholine,0.6068111455108359,17
DL1_dorsal,LHPV5b3,acetylcholine,acetylcholine,0.6104294478527608,14
DL1_dorsal,LHPV5b4,acetylcholine,acetylcholine,0.6220238095238095,4
DL1_dorsal,LHPV5b6,acetylcholine,acetylcholine,0.6197604790419161,6
DL1_dorsal,LHPV5c1,acetylcholine,acetylcholine,0.6128048780487805,12
DL1_dorsal,LHPV5c1_a,acetylcholine,acetylcholine,0.6174698795180723,8
DL1_dorsal,LHPV5c1_c,acetylcholine,acetylcholine,0.6242603550295858,2
DL1_dorsal,LHPV5c1_d,acetylcholine,acetylcholine,0.6174698795180723,8
DL1_dorsal,LHPV5c2,acetylcholine,acetylcholine,0.6242603550295858,2
DL1_dorsal,LHPV5c3,acetylcholine,acetylcholine,0.6128048780487805,12
DL1_dorsal,LHPV5e2,acetylcholine,acetylcholine,0.6242603550295858,2
DL1_dorsal,MBON15,acetylcholine,acetylcholine,0.6220238095238095,4
DL1_dorsal,MBON15-like,acetylcholine,acetylcholine,0.6220238095238095,4
DL1_dorsal,MBON16,acetylcholine,acetylcholine,0.6242603550295858,2
DL1_dorsal,MBON17,acetylcholine,acetylcholine,0.6242603550295858,2
DL1_dorsal,MBON17-like,acetylcholine,acetylcholine,0.6242603550295858,2
DL1_dorsal,MBON18,acetylcholine,acetylcholine,0.6242603550295858,2
DL1_dorsal,MBON19,acetylcholine,acetylcholine,0.6220238095238095,4
DL1_dorsal,MBON23,acetylcholine,acetylcholine,0.6242603550295858,2
DL1_dorsal,MBON28,acetylcholine,acetylcholine,0.6242603550295858,2
DL1_dorsal,SIP029,acetylcholine,acetylcholine,0.6242603550295858,2
DL1_dorsal,SIP030,acetylcholine,acetylcholine,0.6220238095238095,4
DL1_dorsal,SIP054,acetylcholine,acetylcholine,0.6220238095238095,4
DL1_dorsal,SIP057,acetylcholine,acetylcholine,0.6242603550295858,2
DL1_dorsal,SLP245,acetylcholine,acetylcholine,0.6197604790419161,6
DL1_dorsal,SLP246,acetylcholine,acetylcholine,0.6208955223880597,5
DL1_dorsal,SLP356,acetylcholine,acetylcholine,0.6220238095238095,4
DL1_dorsal,SLP369,acetylcholine,acetylcholine,0.6128048780487805,12
DL1_dorsal,SMP176,acetylcholine,acetylcholine,0.6242603550295858,2
DL1_dorsal,SMP178,acetylcholine,acetylcholine,0.6242603550295858,2
DL1_dorsal,SMP193,acetylcholine,acetylcholine,0.6220238095238095,4
DL1_dorsal,SMP194,acetylcholine,acetylcholine,0.6220238095238095,4
DL1_dorsal,SMP196_a,acetylcholine,acetylcholine,0.6242603550295858,2
DL1_dorsal,SMP196_b,acetylcholine,acetylcholine,0.6242603550295858,2
DL1_dorsal,SMP257,acetylcholine,acetylcholine,0.6242603550295858,2
DL1_dorsal,SMP269,acetylcholine,acetylcholine,0.6242603550295858,2
DL1_ventral,AOTU048,gaba,acetylcholine,0.708994708994709,2
DL1_ventral,AOTU049,gaba,acetylcholine,0.7127659574468085,4
DL1_ventral,AOTU050,gaba,acetylcholine,0.7282608695652174,12
DL1_ventral,AOTU051,gaba,acetylcholine,0.7165775401069518,6
DL1_ventral,AOTU052,gaba,acetylcholine,0.7184986595174263,7
DL1_ventral,AOTU053,gaba,acetylcholine,0.7108753315649867,3
DL1_ventral,AOTU054,gaba,acetylcholine,0.7108753315649867,3
DL1_ventral,AOTU055,gaba,acetylcholine,0.7146666666666667,5
DL1_ventral,AOTU056,gaba,acetylcholine,0.7204301075268817,8
DL1_ventral,AOTU058,gaba,acetylcholine,0.7204301075268817,8
DL1_ventral,AOTU059,gaba,acetylcholine,0.7262872628726287,11
DL1_ventral,AOTU060,gaba,acetylcholine,0.7184986595174263,7
DL1_ventral,AOTU061,gaba,acetylcholine,0.7184986595174263,7
DL1_ventral,AOTU062,gaba,acetylcholine,0.7165775401069518,6
DL1_ventral,AVLP521,acetylcholine,acetylcholine,0.7005347593582888,6
DL1_ventral,AVLP522,acetylcholine,acetylcholine,0.7037037037037037,2
DL1_ventral,AVLP523,acetylcholine,acetylcholine,0.7005347593582888,6
DL1_ventral,AVLP524_b,acetylcholine,acetylcholine,0.7005347593582888,6
DL1_ventral,AVLP525,acetylcholine,acetylcholine,0.7005347593582888,6
DL1_ventral,AVLP526,acetylcholine,acetylcholine,0.6989247311827957,8
DL1_ventral,AVLP527,acetylcholine,acetylcholine,0.7013333333333334,5
DL1_ventral,AVLP529,acetylcholine,acetylcholine,0.7037037037037037,2
DL1_ventral,AVLP530,acetylcholine,acetylcholine,0.7021276595744681,4
DL1_ventral,AVLP706m,acetylcholine,acetylcholine,0.7005347593582888,6
DL1_ventral,AVLP711m,acetylcholine,acetylcholine,0.7013333333333334,5
DL1_ventral,AVLP714m,acetylcholine,acetylcholine,0.7005347593582888,6
DL1_ventral,AVLP715m,acetylcholine,acetylcholine,0.7037037037037037,2
DL1_ventral,AVLP717m,acetylcholine,acetylcholine,0.7037037037037037,2
DL1_ventral,AVLP718m,acetylcholine,acetylcholine,0.7044854881266491,1
DL1_ventral,AVLP724m,acetylcholine,acetylcholine,0.7037037037037037,2
DL1_ventral,AVLP746m,acetylcholine,acetylcholine,0.7005347593582888,6
DL1_ventral,CB1300,acetylcholine,acetylcholine,0.7021276595744681,4
DL1_ventral,CB1534,acetylcholine,acetylcholine,0.7029177718832891,3
DL1_ventral,CB1842,acetylcholine,acetylcholine,0.7037037037037037,2
DL1_ventral,CB1934,acetylcholine,acetylcholine,0.7037037037037037,2
DL1_ventral,CB1995,acetylcholine,acetylcholine,0.7037037037037037,2
DL1_ventral,CB3503,acetylcholine,acetylcholine,0.7005347593582888,6
DL1_ventral,CB3900,acetylcholine,acetylcholine,0.7021276595744681,4
DL1_ventral,CL266_a1,acetylcholine,acetylcholine,0.7037037037037037,2
DL1_ventral,CL266_a2,acetylcholine,acetylcholine,0.7037037037037037,2
DL1_ventral,CL266_a3,acetylcholine,acetylcholine,0.7037037037037037,2
DL1_ventral,CL266_b1,acetylcholine,acetylcholine,0.7037037037037037,2
DL1_ventral,CL266_b2,acetylcholine,acetylcholine,0.7037037037037037,2
DL1_ventral,CL267,acetylcholine,acetylcholine,0.7021276595744681,4
DL1_ventral,CL268,acetylcholine,acetylcholine,0.7005347593582888,6
DL1_ventral,CL269,acetylcholine,acetylcholine,0.6997319034852547,7
DL1_ventral,CL270,acetylcholine,acetylcholine,0.7021276595744681,4
DL1_ventral,CL271,acetylcholine,acetylcholine,0.7021276595744681,4
DL1_ventral,CL272_a1,acetylcholine,acetylcholine,0.7037037037037037,2
DL1_ventral,CL272_a2,acetylcholine,acetylcholine,0.7037037037037037,2
DL1_ventral,CL272_b1,acetylcholine,acetylcholine,0.7037037037037037,2
DL1_ventral,CL272_b2,acetylcholine,acetylcholine,0.7037037037037037,2
DL1_ventral,CL272_b3,acetylcholine,acetylcholine,0.7037037037037037,2
DL1_ventral,CL273,acetylcholine,acetylcholine,0.7021276595744681,4
DL1_ventral,CL274,acetylcholine,acetylcholine,0.6997319034852547,7
DL1_ventral,CL275,acetylcholine,acetylcholine,0.6989247311827957,8
DL1_ventral,CL280,acetylcholine,acetylcholine,0.7037037037037037,2
DL1_ventral,CL290,acetylcholine,acetylcholine,0.7029177718832891,3
DL1_ventral,CL291,acetylcholine,acetylcholine,0.7029177718832891,3
DL1_ventral,CL292,acetylcholine,acetylcholine,0.7005347593582888,6
DL1_ventral,CL293,acetylcholine,acetylcholine,0.7037037037037037,2
DL1_ventral,LAL139,gaba,acetylcholine,0.708994708994709,2
DL1_ventral,LHPV8a1,acetylcholine,acetylcholine,0.7037037037037037,2
DL1_ventral,LHPV8c1,acetylcholine,acetylcholine,0.7037037037037037,2
DL1_ventral,PLP174,acetylcholine,acetylcholine,0.7013333333333334,5
DL1_ventral,PLP175,acetylcholine,acetylcholine,0.7037037037037037,2
DL1_ventral,PLP196,acetylcholine,acetylcholine,0.7037037037037037,2
DL1_ventral,PLP197,gaba,acetylcholine,0.708994708994709,2
DL1_ventral,PLP199,gaba,acetylcholine,0.7127659574468085,4
DL1_ventral,PVLP131,acetylcholine,acetylcholine,0.7029177718832891,3
DL1_ventral,PVLP204m,acetylcholine,acetylcholine,0.7037037037037037,2
DL1_ventral,PVLP207m,acetylcholine,acetylcholine,0.6989247311827957,8
DL1_ventral,PVLP209m,acetylcholine,acetylcholine,0.6964769647696477,11
DL1_ventral,PVLP210m,acetylcholine,acetylcholine,0.7029177718832891,3
DL1_ventral,PVLP211m_a,acetylcholine,acetylcholine,0.7037037037037037,2
DL1_ventral,PVLP211m_b,acetylcholine,acetylcholine,0.7037037037037037,2
DL1_ventral,PVLP211m_c,acetylcholine,acetylcholine,0.7037037037037037,2
DL1_ventral,PVLP213m,acetylcholine,acetylcholine,0.7021276595744681,4
DL1_ventral,PVLP214m,acetylcholine,acetylcholine,0.6972972972972973,10
DL1_ventral,PVLP216m,acetylcholine,acetylcholine,0.7021276595744681,4
DL1_ventral,PVLP217m,acetylcholine,acetylcholine,0.7037037037037037,2
DL1_ventral,SIP089,gaba,acetylcholine,0.7223719676549866,9
DL1_ventral,SIP108m,acetylcholine,acetylcholine,0.7029177718832891,3
DL1_ventral,SIP109m,acetylcholine,acetylcholine,0.7029177718832891,3
DL1_ventral,SIP110m_a,acetylcholine,acetylcholine,0.7037037037037037,2
DL1_ventral,SIP110m_b,acetylcholine,acetylcholine,0.7037037037037037,2
DL1_ventral,SIP111m,acetylcholine,acetylcholine,0.7037037037037037,2
DL1_ventral,SIP126m_a,acetylcholine,acetylcholine,0.7037037037037037,2
DL1_ventral,SIP126m_b,acetylcholine,acetylcholine,0.7037037037037037,2
DL1_ventral,SLP361,acetylcholine,acetylcholine,0.7021276595744681,4
DL1_ventral,SMP578,gaba,acetylcholine,0.7165775401069518,6
DL1_ventral,SMP709m,acetylcholine,acetylcholine,0.7037037037037037,2
DL1_ventral,VES205m,acetylcholine,acetylcholine,0.7037037037037037,2
DL2_dorsal,CB2559,acetylcholine,acetylcholine,1.0,4
DL2_dorsal,CB2910,acetylcholine,acetylcholine,1.0,6
DL2_dorsal,CB2979,acetylcholine,acetylcholine,1.0,3
DL2_dorsal,CB4107,acetylcholine,acetylcholine,1.0,9
DL2_dorsal,LHPV5a1,acetylcholine,acetylcholine,1.0,12
DL2_dorsal,LHPV5a2,acetylcholine,acetylcholine,1.0,8
DL2_dorsal,LHPV5a3,acetylcholine,acetylcholine,1.0,6
DL2_dorsal,LHPV5a5,acetylcholine,acetylcholine,1.0,1
DL2_dorsal,LHPV5d1,acetylcholine,acetylcholine,1.0,9
DL2_dorsal,LHPV5d3,acetylcholine,acetylcholine,1.0,2
DL2_dorsal,LHPV5e1,acetylcholine,acetylcholine,1.0,2
DL2_dorsal,LHPV5g1_a,acetylcholine,acetylcholine,1.0,5
DL2_dorsal,LHPV5g1_b,acetylcholine,acetylcholine,1.0,7
DL2_dorsal,LHPV5g2,acetylcholine,acetylcholine,1.0,6
DL2_dorsal,SMP177,acetylcholine,acetylcholine,1.0,2
DL2_dorsal,SMP179,acetylcholine,acetylcholine,1.0,2
DL2_dorsal,SMP180,acetylcholine,acetylcholine,1.0,2
DL2_dorsal,SMP182,acetylcholine,acetylcholine,1.0,2
DL2_dorsal,SMP185,acetylcholine,acetylcholine,1.0,2
DL2_dorsal,SMP186,acetylcholine,acetylcholine,1.0,2
DL2_dorsal,SMP187,acetylcholine,acetylcholine,1.0,2
DL2_dorsal,SMP188,acetylcholine,acetylcholine,1.0,2
DL2_dorsal,SMP189,acetylcholine,acetylcholine,1.0,2
DL2_dorsal,SMP191,acetylcholine,acetylcholine,1.0,2
DL2_dorsal,SMP270,acetylcholine,acetylcholine,1.0,5
DL2_ventral,AVLP567,acetylcholine,acetylcholine,1.0,4
DL2_ventral,AVLP713m,acetylcholine,acetylcholine,1.0,2
DL2_ventral,AVLP715m,acetylcholine,acetylcholine,1.0,2
DL2_ventral,AVLP716m,acetylcholine,acetylcholine,1.0,2
DL2_ventral,AVLP718m,acetylcholine,acetylcholine,1.0,4
DL2_ventral,AVLP735m,acetylcholine,acetylcholine,1.0,2
DL2_ventral,AVLP736m,acetylcholine,acetylcholine,1.0,2
DL2_ventral,AVLP737m,acetylcholine,acetylcholine,1.0,2
DL2_ventral,AVLP738m,acetylcholine,acetylcholine,1.0,2
DL2_ventral,CRE105,acetylcholine,acetylcholine,1.0,2
DL2_ventral,MBON29,acetylcholine,acetylcholine,1.0,2
DL2_ventral,PVLP204m,acetylcholine,acetylcholine,1.0,4
DL2_ventral,PVLP209m,acetylcholine,acetylcholine,1.0,2
DL2_ventral,PVLP210m,acetylcholine,acetylcholine,1.0,3
DL2_ventral,SIP108m,acetylcholine,acetylcholine,1.0,1
DL2_ventral,SIP109m,acetylcholine,acetylcholine,1.0,1
DL2_ventral,SIP137m_a,acetylcholine,acetylcholine,1.0,2
DL2_ventral,SIP137m_b,acetylcholine,acetylcholine,1.0,2
DM1_CX_d2,EPG,acetylcholine,acetylcholine,1.0,8
DM1_CX_d2,FC1A,acetylcholine,acetylcholine,1.0,2
DM1_CX_d2,FC1B,acetylcholine,acetylcholine,1.0,2
DM1_CX_d2,FC1C_a,acetylcholine,acetylcholine,1.0,2
DM1_CX_d2,FC1C_b,acetylcholine,acetylcholine,1.0,3
DM1_CX_d2,FC1D,acetylcholine,acetylcholine,1.0,4
DM1_CX_d2,FC1E,acetylcholine,acetylcholine,1.0,2
DM1_CX_d2,FC1F,acetylcholine,acetylcholine,1.0,3
DM1_CX_d2,FC2A,acetylcholine,acetylcholine,1.0,4
DM1_CX_d2,FC2B,acetylcholine,acetylcholine,1.0,6
DM1_CX_d2,FC2C,acetylcholine,acetylcholine,1.0,9
DM1_CX_d2,FC3_a,acetylcholine,acetylcholine,1.0,1
DM1_CX_d2,FC3_b,acetylcholine,acetylcholine,1.0,4
DM1_CX_d2,FC3_c,acetylcholine,acetylcholine,1.0,2
DM1_CX_d2,FR1,acetylcholine,acetylcholine,1.0,4
DM1_CX_d2,FR2,acetylcholine,acetylcholine,1.0,4
DM1_CX_d2,FS1A_a,acetylcholine,acetylcholine,1.0,3
DM1_CX_d2,FS1A_b,acetylcholine,acetylcholine,1.0,1
DM1_CX_d2,FS1A_c,acetylcholine,acetylcholine,1.0,3
DM1_CX_d2,FS1B_a,acetylcholine,acetylcholine,1.0,1
DM1_CX_d2,FS1B_b,acetylcholine,acetylcholine,1.0,3
DM1_CX_d2,FS2,acetylcholine,acetylcholine,1.0,5
DM1_CX_d2,FS3_a,acetylcholine,acetylcholine,1.0,2
DM1_CX_d2,FS3_b,acetylcholine,acetylcholine,1.0,2
DM1_CX_d2,FS3_c,acetylcholine,acetylcholine,1.0,1
DM1_CX_d2,FS3_d,acetylcholine,acetylcholine,1.0,2
DM1_CX_d2,FS4A,acetylcholine,acetylcholine,1.0,6
DM1_CX_d2,FS4B,acetylcholine,acetylcholine,1.0,4
DM1_CX_d2,FS4C,acetylcholine,acetylcholine,1.0,2
DM1_CX_d2,PEG,acetylcholine,acetylcholine,1.0,4
DM1_CX_d2,PFL1,acetylcholine,acetylcholine,1.0,4
DM1_CX_d2,PFL2,acetylcholine,acetylcholine,1.0,4
DM1_CX_d2,PFL3,acetylcholine,acetylcholine,1.0,8
DM1_CX_d2,PFR_b,acetylcholine,acetylcholine,1.0,4
DM1_CX_d2,hDeltaA,acetylcholine,acetylcholine,1.0,2
DM1_CX_d2,hDeltaF,acetylcholine,acetylcholine,1.0,1
DM1_CX_d2,hDeltaG,acetylcholine,acetylcholine,1.0,2
DM1_CX_d2,hDeltaI,acetylcholine,acetylcholine,1.0,2
DM1_CX_d2,hDeltaJ,acetylcholine,acetylcholine,1.0,4
DM1_CX_d2,hDeltaL,acetylcholine,acetylcholine,1.0,1
DM1_CX_p,PEN_a(PEN1),acetylcholine,acetylcholine,1.0,2
DM1_CX_p,PEN_b(PEN2),acetylcholine,acetylcholine,1.0,2
DM1_CX_p,PFNa,acetylcholine,acetylcholine,1.0,6
DM1_CX_p,PFNd,acetylcholine,acetylcholine,1.0,4
DM1_CX_p,PFNm_a,acetylcholine,acetylcholine,1.0,3
DM1_CX_p,PFNm_b,acetylcholine,acetylcholine,1.0,2
DM1_CX_p,PFNp_a,acetylcholine,acetylcholine,1.0,5
DM1_CX_p,PFNp_b,acetylcholine,acetylcholine,1.0,10
DM1_CX_p,PFNp_c,acetylcholine,acetylcholine,1.0,3
DM1_CX_p,PFNp_d,acetylcholine,acetylcholine,1.0,4
DM1_CX_p,PFNp_e,acetylcholine,acetylcholine,1.0,3
DM1_CX_p,PFNv,acetylcholine,acetylcholine,1.0,2
DM1_CX_p,hDeltaB,acetylcholine,acetylcholine,1.0,2
DM1_CX_p,hDeltaC,acetylcholine,acetylcholine,1.0,4
DM1_CX_p,hDeltaD,acetylcholine,acetylcholine,1.0,1
DM1_CX_p,hDeltaE,acetylcholine,acetylcholine,1.0,1
DM1_CX_p,hDeltaF,acetylcholine,acetylcholine,1.0,1
DM1_CX_p,hDeltaH,acetylcholine,acetylcholine,1.0,1
DM1_CX_p,hDeltaJ,acetylcholine,acetylcholine,1.0,4
DM1_CX_p,hDeltaK,acetylcholine,acetylcholine,1.0,3
DM1_CX_p,hDeltaL,acetylcholine,acetylcholine,1.0,1
DM1_CX_p,hDeltaM,acetylcholine,acetylcholine,1.0,1
DM1_CX_p,vDeltaA_a,acetylcholine,acetylcholine,1.0,9
DM1_CX_p,vDeltaA_b,acetylcholine,acetylcholine,1.0,3
DM1_CX_p,vDeltaB,acetylcholine,acetylcholine,1.0,3
DM1_CX_p,vDeltaC,acetylcholine,acetylcholine,1.0,3
DM1_CX_p,vDeltaD,acetylcholine,acetylcholine,1.0,2
DM1_CX_p,vDeltaE,acetylcholine,acetylcholine,1.0,2
DM1_CX_p,vDeltaF,acetylcholine,acetylcholine,1.0,2
DM1_CX_p,vDeltaG,acetylcholine,acetylcholine,1.0,2
DM1_CX_p,vDeltaI_a,acetylcholine,acetylcholine,1.0,2
DM1_CX_p,vDeltaI_b,acetylcholine,acetylcholine,1.0,2
DM1_CX_p,vDeltaJ,acetylcholine,acetylcholine,1.0,1
DM1_CX_p,vDeltaK,acetylcholine,acetylcholine,1.0,6
DM1_CX_p,vDeltaL,acetylcholine,acetylcholine,1.0,4
DM1_CX_p,vDeltaM,acetylcholine,acetylcholine,1.0,3
DM1_CX_v,PEN_a(PEN1),acetylcholine,acetylcholine,1.0,2
DM1_CX_v,PEN_b(PEN2),acetylcholine,acetylcholine,1.0,2
DM1_CX_v,PFNa,acetylcholine,acetylcholine,1.0,4
DM1_CX_v,PFNd,acetylcholine,acetylcholine,1.0,4
DM1_CX_v,PFNm_a,acetylcholine,acetylcholine,1.0,3
DM1_CX_v,PFNm_b,acetylcholine,acetylcholine,1.0,3
DM1_CX_v,PFNp_a,acetylcholine,acetylcholine,1.0,5
DM1_CX_v,PFNp_b,acetylcholine,acetylcholine,1.0,13
DM1_CX_v,PFNp_c,acetylcholine,acetylcholine,1.0,3
DM1_CX_v,PFNp_d,acetylcholine,acetylcholine,1.0,3
DM1_CX_v,PFNp_e,acetylcholine,acetylcholine,1.0,1
DM1_CX_v,PFNv,acetylcholine,acetylcholine,1.0,2
DM1_CX_v,hDeltaB,acetylcholine,acetylcholine,1.0,2
DM1_CX_v,hDeltaD,acetylcholine,acetylcholine,1.0,1
DM1_CX_v,hDeltaE,acetylcholine,acetylcholine,1.0,1
DM1_CX_v,hDeltaH,acetylcholine,acetylcholine,1.0,1
DM1_CX_v,hDeltaK,acetylcholine,acetylcholine,1.0,3
DM1_CX_v,hDeltaM,acetylcholine,acetylcholine,1.0,1
DM1_CX_v,vDeltaA_a,acetylcholine,acetylcholine,1.0,8
DM1_CX_v,vDeltaA_b,acetylcholine,acetylcholine,1.0,3
DM1_CX_v,vDeltaB,acetylcholine,acetylcholine,1.0,4
DM1_CX_v,vDeltaC,acetylcholine,acetylcholine,1.0,2
DM1_CX_v,vDeltaD,acetylcholine,acetylcholine,1.0,2
DM1_CX_v,vDeltaE,acetylcholine,acetylcholine,1.0,2
DM1_CX_v,vDeltaF,acetylcholine,acetylcholine,1.0,2
DM1_CX_v,vDeltaG,acetylcholine,acetylcholine,1.0,2
DM1_CX_v,vDeltaI_a,acetylcholine,acetylcholine,1.0,3
DM1_CX_v,vDeltaI_b,acetylcholine,acetylcholine,1.0,1
DM1_CX_v,vDeltaJ,acetylcholine,acetylcholine,1.0,2
DM1_CX_v,vDeltaK,acetylcholine,acetylcholine,1.0,4
DM1_CX_v,vDeltaL,acetylcholine,acetylcholine,1.0,3
DM1_CX_v,vDeltaM,acetylcholine,acetylcholine,1.0,6
DM1_antero_dorsal,ATL025,acetylcholine,acetylcholine,1.0,2
DM1_antero_dorsal,ATL026,acetylcholine,acetylcholine,1.0,2
DM1_antero_dorsal,ATL027,acetylcholine,acetylcholine,1.0,2
DM1_antero_dorsal,ATL028,acetylcholine,acetylcholine,1.0,2
DM1_antero_dorsal,ATL029,acetylcholine,acetylcholine,1.0,2
DM1_antero_dorsal,CB1866,acetylcholine,acetylcholine,1.0,2
DM1_antero_dorsal,CB1902,acetylcholine,acetylcholine,1.0,2
DM1_antero_dorsal,CB2035,acetylcholine,acetylcholine,1.0,6
DM1_antero_dorsal,CB2706,acetylcholine,acetylcholine,1.0,2
DM1_antero_dorsal,CB3250,acetylcholine,acetylcholine,1.0,2
DM1_antero_dorsal,CB3339,acetylcholine,acetylcholine,1.0,4
DM1_antero_dorsal,CB3874,acetylcholine,acetylcholine,1.0,4
DM1_antero_dorsal,CRE080_a,acetylcholine,acetylcholine,1.0,2
DM1_antero_dorsal,CRE080_b,acetylcholine,acetylcholine,1.0,2
DM1_antero_dorsal,CRE080_c,acetylcholine,acetylcholine,1.0,2
DM1_antero_dorsal,CRE080_d,acetylcholine,acetylcholine,1.0,2
DM1_antero_dorsal,CRE081,acetylcholine,acetylcholine,1.0,6
DM1_antero_dorsal,CRE082,acetylcholine,acetylcholine,1.0,2
DM1_antero_dorsal,CRE083,acetylcholine,acetylcholine,1.0,6
DM1_antero_dorsal,CRE085,acetylcholine,acetylcholine,1.0,4
DM1_antero_dorsal,CRE086,acetylcholine,acetylcholine,1.0,6
DM1_antero_dorsal,CRE088,acetylcholine,acetylcholine,1.0,4
DM1_antero_dorsal,CRE089,acetylcholine,acetylcholine,1.0,2
DM1_antero_dorsal,CRE090,acetylcholine,acetylcholine,1.0,4
DM1_antero_dorsal,CRE092,acetylcholine,acetylcholine,1.0,6
DM1_antero_dorsal,CRE093,acetylcholine,acetylcholine,1.0,4
DM1_antero_dorsal,CRE094,acetylcholine,acetylcholine,1.0,5
DM1_antero_dorsal,CRE095,acetylcholine,acetylcholine,1.0,7
DM1_antero_dorsal,CRE096,acetylcholine,acetylcholine,1.0,2
DM1_antero_dorsal,CRE099,acetylcholine,acetylcholine,1.0,4
DM1_antero_dorsal,IB024,acetylcholine,acetylcholine,1.0,2
DM1_antero_dorsal,LAL130,acetylcholine,acetylcholine,1.0,2
DM1_antero_dorsal,SMP471,acetylcholine,acetylcholine,1.0,2
DM1_antero_dorsal,SMP476,acetylcholine,acetylcholine,1.0,4
DM1_antero_dorsal,SMP477,acetylcholine,acetylcholine,1.0,4
DM1_antero_dorsal,SMP713m,acetylcholine,acetylcholine,1.0,3
DM1_antero_dorsal,SMP714m,acetylcholine,acetylcholine,1.0,6
DM1_antero_dorsal,SMP715m,acetylcholine,acetylcholine,1.0,4
DM1_antero_ventral,ATL030,glutamate,glutamate,1.0,2
DM1_antero_ventral,CB1394_a,glutamate,glutamate,1.0,4
DM1_antero_ventral,CB1394_b,glutamate,glutamate,1.0,4
DM1_antero_ventral,CB2653,glutamate,glutamate,1.0,2
DM1_antero_ventral,CB3870,glutamate,glutamate,1.0,4
DM1_antero_ventral,LAL131,glutamate,glutamate,1.0,4
DM1_antero_ventral,LAL132_a,glutamate,glutamate,1.0,2
DM1_antero_ventral,LAL132_b,glutamate,glutamate,1.0,2
DM1_antero_ventral,LAL133_a,glutamate,glutamate,1.0,2
DM1_antero_ventral,LAL133_b,glutamate,glutamate,1.0,2
DM1_antero_ventral,LAL133_c,glutamate,glutamate,1.0,2
DM1_antero_ventral,LAL133_d,glutamate,glutamate,1.0,2
DM1_antero_ventral,LAL133_e,glutamate,glutamate,1.0,2
DM1_antero_ventral,PS115,glutamate,glutamate,1.0,2
DM1_antero_ventral,PS116,glutamate,glutamate,1.0,2
DM1_antero_ventral,PS117_a,glutamate,glutamate,1.0,2
DM1_antero_ventral,PS117_b,glutamate,glutamate,1.0,2
DM1_antero_ventral,PS118,glutamate,glutamate,1.0,6
DM1_antero_ventral,SAD076,glutamate,glutamate,1.0,2
DM1_antero_ventral,SAD077,glutamate,glutamate,1.0,9
DM1_antero_ventral,SAD079,glutamate,glutamate,1.0,8
DM1_antero_ventral,SAD080,glutamate,glutamate,1.0,3
DM1_antero_ventral,VES048,glutamate,glutamate,1.0,2
DM1_antero_ventral,VES049,glutamate,glutamate,1.0,6
DM1_antero_ventral,VES050,glutamate,glutamate,1.0,4
DM1_antero_ventral,WED094,glutamate,glutamate,1.0,5
DM1_antero_ventral,WED095,glutamate,glutamate,1.0,5
DM1_antero_ventral,WED096,glutamate,glutamate,1.0,10
DM1_antero_ventral,WED097,glutamate,glutamate,1.0,4
DM1_antero_ventral,WED098,glutamate,glutamate,1.0,5
DM1_antero_ventral,WED099,glutamate,glutamate,1.0,3
DM1_antero_ventral,WED100,glutamate,glutamate,1.0,4
DM1_antero_ventral,WED101,glutamate,glutamate,1.0,5
DM1_antero_ventral,WED102,glutamate,glutamate,1.0,4
DM1_antero_ventral,WED103,glutamate,glutamate,1.0,12
DM1_antero_ventral,WED183,glutamate,glutamate,1.0,2
DM1_dorsal,#43781,acetylcholine,acetylcholine,1.0,1
DM1_dorsal,#93504,acetylcholine,acetylcholine,1.0,1
DM1_dorsal,CB1072,acetylcholine,acetylcholine,1.0,14
DM1_dorsal,CB3044,acetylcholine,acetylcholine,1.0,4
DM1_dorsal,CB3074,acetylcholine,acetylcholine,1.0,3
DM1_dorsal,CB4069,acetylcholine,acetylcholine,1.0,7
DM1_dorsal,CB4070,acetylcholine,acetylcholine,1.0,17
DM1_dorsal,CB4071,acetylcholine,acetylcholine,1.0,14
DM1_dorsal,CB4072,acetylcholine,acetylcholine,1.0,19
DM1_dorsal,CB4073,acetylcholine,acetylcholine,1.0,15
DM1_dorsal,CL224,acetylcholine,acetylcholine,1.0,2
DM1_dorsal,CL225,acetylcholine,acetylcholine,1.0,8
DM1_dorsal,CL228,acetylcholine,acetylcholine,1.0,2
DM1_dorsal,IB045,acetylcholine,acetylcholine,1.0,4
DM1_dorsal,PLP134,acetylcholine,acetylcholine,1.0,2
DM1_dorsal,PS161,acetylcholine,acetylcholine,1.0,2
DM1_dorsal,SMP488,acetylcholine,acetylcholine,1.0,2
DM1_dorsal,SMP489,acetylcholine,acetylcholine,1.0,4
DM1_dorsal,SMP490,acetylcholine,acetylcholine,1.0,4
DM1_dorsal,SMP491,acetylcholine,acetylcholine,1.0,2
DM1_posterior,MeVC10,acetylcholine,acetylcholine,1.0,2
DM1_posterior,MeVC11,acetylcholine,acetylcholine,1.0,2
DM1_posterior,MeVC12,acetylcholine,acetylcholine,1.0,2
DM1_posterior,MeVC2,acetylcholine,acetylcholine,1.0,2
DM1_posterior,MeVC26,acetylcholine,acetylcholine,1.0,2
DM1_posterior,MeVC3,acetylcholine,acetylcholine,1.0,2
DM1_posterior,MeVC4a,acetylcholine,acetylcholine,1.0,2
DM1_posterior,MeVC4b,acetylcholine,acetylcholine,1.0,2
DM1_posterior,MeVC5,acetylcholine,acetylcholine,1.0,2
DM1_posterior,MeVC6,acetylcholine,acetylcholine,1.0,2
DM1_posterior,MeVC7a,acetylcholine,acetylcholine,1.0,2
DM1_posterior,MeVC7b,acetylcholine,acetylcholine,1.0,2
DM1_posterior,MeVC8,acetylcholine,acetylcholine,1.0,2
DM1_posterior,MeVC9,acetylcholine,acetylcholine,1.0,2
DM1_posterior,MeVPMe13,acetylcholine,acetylcholine,1.0,2
DM1_posterior,OLVC3,acetylcholine,acetylcholine,1.0,2
DM1_posterior,V1,acetylcholine,acetylcholine,1.0,2
DM2_CX_d1,EPG,acetylcholine,acetylcholine,1.0,6
DM2_CX_d1,FC,acetylcholine,acetylcholine,1.0,1
DM2_CX_d1,FC1A,acetylcholine,acetylcholine,1.0,2
DM2_CX_d1,FC1B,acetylcholine,acetylcholine,1.0,3
DM2_CX_d1,FC1C_b,acetylcholine,acetylcholine,1.0,2
DM2_CX_d1,FC1D,acetylcholine,acetylcholine,1.0,3
DM2_CX_d1,FC1E,acetylcholine,acetylcholine,1.0,3
DM2_CX_d1,FC1F,acetylcholine,acetylcholine,1.0,1
DM2_CX_d1,FC2A,acetylcholine,acetylcholine,1.0,2
DM2_CX_d1,FC2B,acetylcholine,acetylcholine,1.0,3
DM2_CX_d1,FC2C,acetylcholine,acetylcholine,1.0,5
DM2_CX_d1,FC3_a,acetylcholine,acetylcholine,1.0,2
DM2_CX_d1,FC3_b,acetylcholine,acetylcholine,1.0,3
DM2_CX_d1,FC3_c,acetylcholine,acetylcholine,1.0,2
DM2_CX_d1,FR1,acetylcholine,acetylcholine,1.0,2
DM2_CX_d1,FR2,acetylcholine,acetylcholine,1.0,2
DM2_CX_d1,FS1A_a,acetylcholine,acetylcholine,1.0,3
DM2_CX_d1,FS1A_b,acetylcholine,acetylcholine,1.0,1
DM2_CX_d1,FS1A_c,acetylcholine,acetylcholine,1.0,3
DM2_CX_d1,FS1B_b,acetylcholine,acetylcholine,1.0,2
DM2_CX_d1,FS2,acetylcholine,acetylcholine,1.0,4
DM2_CX_d1,FS3_a,acetylcholine,acetylcholine,1.0,1
DM2_CX_d1,FS3_c,acetylcholine,acetylcholine,1.0,3
DM2_CX_d1,FS3_d,acetylcholine,acetylcholine,1.0,4
DM2_CX_d1,FS4A,acetylcholine,acetylcholine,1.0,5
DM2_CX_d1,FS4B,acetylcholine,acetylcholine,1.0,3
DM2_CX_d1,FS4C,acetylcholine,acetylcholine,1.0,3
DM2_CX_d1,PEG,acetylcholine,acetylcholine,1.0,2
DM2_CX_d1,PFL3,acetylcholine,acetylcholine,1.0,2
DM2_CX_d1,PFR_b,acetylcholine,acetylcholine,1.0,2
DM2_CX_d2,EPG,acetylcholine,acetylcholine,1.0,6
DM2_CX_d2,FC1A,acetylcholine,acetylcholine,1.0,2
DM2_CX_d2,FC1B,acetylcholine,acetylcholine,1.0,3
DM2_CX_d2,FC1C_a,acetylcholine,acetylcholine,1.0,2
DM2_CX_d2,FC1C_b,acetylcholine,acetylcholine,1.0,2
DM2_CX_d2,FC1D,acetylcholine,acetylcholine,1.0,2
DM2_CX_d2,FC1E,acetylcholine,acetylcholine,1.0,3
DM2_CX_d2,FC1F,acetylcholine,acetylcholine,1.0,2
DM2_CX_d2,FC2A,acetylcholine,acetylcholine,1.0,2
DM2_CX_d2,FC2B,acetylcholine,acetylcholine,1.0,4
DM2_CX_d2,FC2C,acetylcholine,acetylcholine,1.0,4
DM2_CX_d2,FC3_a,acetylcholine,acetylcholine,1.0,1
DM2_CX_d2,FC3_b,acetylcholine,acetylcholine,1.0,4
DM2_CX_d2,FC3_c,acetylcholine,acetylcholine,1.0,2
DM2_CX_d2,FR1,acetylcholine,acetylcholine,1.0,2
DM2_CX_d2,FR2,acetylcholine,acetylcholine,1.0,2
DM2_CX_d2,FS1A_a,acetylcholine,acetylcholine,1.0,2
DM2_CX_d2,FS1A_b,acetylcholine,acetylcholine,1.0,2
DM2_CX_d2,FS1A_c,acetylcholine,acetylcholine,1.0,2
DM2_CX_d2,FS1B_a,acetylcholine,acetylcholine,1.0,2
DM2_CX_d2,FS1B_b,acetylcholine,acetylcholine,1.0,2
DM2_CX_d2,FS2,acetylcholine,acetylcholine,1.0,4
DM2_CX_d2,FS3_a,acetylcholine,acetylcholine,1.0,2
DM2_CX_d2,FS3_b,acetylcholine,acetylcholine,1.0,1
DM2_CX_d2,FS3_c,acetylcholine,acetylcholine,1.0,1
DM2_CX_d2,FS3_d,acetylcholine,acetylcholine,1.0,3
DM2_CX_d2,FS4A,acetylcholine,acetylcholine,1.0,6
DM2_CX_d2,FS4B,acetylcholine,acetylcholine,1.0,3
DM2_CX_d2,FS4C,acetylcholine,acetylcholine,1.0,2
DM2_CX_d2,PEG,acetylcholine,acetylcholine,1.0,2
DM2_CX_d2,PFL1,acetylcholine,acetylcholine,1.0,4
DM2_CX_d2,PFL2,acetylcholine,acetylcholine,1.0,4
DM2_CX_d2,PFL3,acetylcholine,acetylcholine,1.0,2
DM2_CX_d2,PFR_b,acetylcholine,acetylcholine,1.0,2
DM2_CX_d2,hDeltaA,acetylcholine,acetylcholine,1.0,3
DM2_CX_d2,hDeltaD,acetylcholine,acetylcholine,1.0,2
DM2_CX_d2,hDeltaE,acetylcholine,acetylcholine,1.0,2
DM2_CX_d2,hDeltaF,acetylcholine,acetylcholine,1.0,4
DM2_CX_d2,hDeltaG,acetylcholine,acetylcholine,1.0,2
DM2_CX_d2,hDeltaI,acetylcholine,acetylcholine,1.0,2
DM2_CX_d2,hDeltaL,acetylcholine,acetylcholine,1.0,2
DM2_CX_p,PEN_a(PEN1),acetylcholine,acetylcholine,1.0,4
DM2_CX_p,PEN_b(PEN2),acetylcholine,acetylcholine,1.0,4
DM2_CX_p,PFNa,acetylcholine,acetylcholine,1.0,12
DM2_CX_p,PFNd,acetylcholine,acetylcholine,1.0,8
DM2_CX_p,PFNm_a,acetylcholine,acetylcholine,1.0,4
DM2_CX_p,PFNm_b,acetylcholine,acetylcholine,1.0,4
DM2_CX_p,PFNp_a,acetylcholine,acetylcholine,1.0,12
DM2_CX_p,PFNp_b,acetylcholine,acetylcholine,1.0,21
DM2_CX_p,PFNp_c,acetylcholine,acetylcholine,1.0,8
DM2_CX_p,PFNp_d,acetylcholine,acetylcholine,1.0,6
DM2_CX_p,PFNp_e,acetylcholine,acetylcholine,1.0,4
DM2_CX_p,PFNv,acetylcholine,acetylcholine,1.0,4
DM2_CX_p,hDeltaA,acetylcholine,acetylcholine,1.0,1
DM2_CX_p,hDeltaB,acetylcholine,acetylcholine,1.0,6
DM2_CX_p,hDeltaC,acetylcholine,acetylcholine,1.0,6
DM2_CX_p,hDeltaH,acetylcholine,acetylcholine,1.0,2
DM2_CX_p,hDeltaI,acetylcholine,acetylcholine,1.0,5
DM2_CX_p,hDeltaJ,acetylcholine,acetylcholine,1.0,9
DM2_CX_p,hDeltaK,acetylcholine,acetylcholine,1.0,10
DM2_CX_p,hDeltaL,acetylcholine,acetylcholine,1.0,1
DM2_CX_p,hDeltaM,acetylcholine,acetylcholine,1.0,2
DM2_CX_p,vDeltaA_a,acetylcholine,acetylcholine,1.0,11
DM2_CX_p,vDeltaA_b,acetylcholine,acetylcholine,1.0,6
DM2_CX_p,vDeltaB,acetylcholine,acetylcholine,1.0,7
DM2_CX_p,vDeltaC,acetylcholine,acetylcholine,1.0,5
DM2_CX_p,vDeltaD,acetylcholine,acetylcholine,1.0,4
DM2_CX_p,vDeltaE,acetylcholine,acetylcholine,1.0,4
DM2_CX_p,vDeltaF,acetylcholine,acetylcholine,1.0,2
DM2_CX_p,vDeltaG,acetylcholine,acetylcholine,1.0,2
DM2_CX_p,vDeltaH,acetylcholine,acetylcholine,1.0,3
DM2_CX_p,vDeltaI_a,acetylcholine,acetylcholine,1.0,3
DM2_CX_p,vDeltaI_b,acetylcholine,acetylcholine,1.0,4
DM2_CX_p,vDeltaJ,acetylcholine,acetylcholine,1.0,2
DM2_CX_p,vDeltaK,acetylcholine,acetylcholine,1.0,10
DM2_CX_p,vDeltaL,acetylcholine,acetylcholine,1.0,6
DM2_CX_p,vDeltaM,acetylcholine,acetylcholine,1.0,9
DM2_CX_v,PEN_a(PEN1),acetylcholine,acetylcholine,1.0,2
DM2_CX_v,PEN_b(PEN2),acetylcholine,acetylcholine,1.0,2
DM2_CX_v,PFNa,acetylcholine,acetylcholine,1.0,4
DM2_CX_v,PFNd,acetylcholine,acetylcholine,1.0,4
DM2_CX_v,PFNm_a,acetylcholine,acetylcholine,1.0,1
DM2_CX_v,PFNm_b,acetylcholine,acetylcholine,1.0,4
DM2_CX_v,PFNp_a,acetylcholine,acetylcholine,1.0,6
DM2_CX_v,PFNp_b,acetylcholine,acetylcholine,1.0,12
DM2_CX_v,PFNp_c,acetylcholine,acetylcholine,1.0,3
DM2_CX_v,PFNp_d,acetylcholine,acetylcholine,1.0,2
DM2_CX_v,PFNp_e,acetylcholine,acetylcholine,1.0,2
DM2_CX_v,PFNv,acetylcholine,acetylcholine,1.0,2
DM2_CX_v,vDeltaA_a,acetylcholine,acetylcholine,1.0,9
DM2_CX_v,vDeltaA_b,acetylcholine,acetylcholine,1.0,4
DM2_CX_v,vDeltaB,acetylcholine,acetylcholine,1.0,3
DM2_CX_v,vDeltaC,acetylcholine,acetylcholine,1.0,2
DM2_CX_v,vDeltaD,acetylcholine,acetylcholine,1.0,2
DM2_CX_v,vDeltaE,acetylcholine,acetylcholine,1.0,2
DM2_CX_v,vDeltaF,acetylcholine,acetylcholine,1.0,1
DM2_CX_v,vDeltaG,acetylcholine,acetylcholine,1.0,3
DM2_CX_v,vDeltaI_a,acetylcholine,acetylcholine,1.0,2
DM2_CX_v,vDeltaI_b,acetylcholine,acetylcholine,1.0,2
DM2_CX_v,vDeltaK,acetylcholine,acetylcholine,1.0,4
DM2_CX_v,vDeltaL,acetylcholine,acetylcholine,1.0,3
DM2_CX_v,vDeltaM,acetylcholine,acetylcholine,1.0,7
DM2_central,#23176,glutamate,gaba,1.0,1
DM2_central,#38989,gaba,gaba,0.9846153846153847,1
DM2_central,CB0405,gaba,gaba,0.984375,2
DM2_central,CB1081,gaba,gaba,0.9838709677419355,4
DM2_central,CB2539,gaba,gaba,0.9824561403508771,9
DM2_central,CB4124,gaba,gaba,0.9827586206896551,8
DM2_central,CB4126,gaba,gaba,0.9841269841269841,3
DM2_central,DNp25,gaba,gaba,0.984375,2
DM2_central,DNpe033,gaba,gaba,0.984375,2
DM2_central,DNpe041,gaba,gaba,0.984375,2
DM2_central,SMP285,gaba,gaba,0.984375,2
DM2_central,SMP286,gaba,gaba,0.984375,2
DM2_central,SMP297,gaba,gaba,0.9827586206896551,8
DM2_central,SMP299,gaba,gaba,0.9838709677419355,4
DM2_central,SMP302,gaba,gaba,0.9836065573770492,5
DM2_central,SMP304,gaba,gaba,0.9838709677419355,4
DM2_central,SMP306,gaba,gaba,0.9836065573770492,5
DM2_central,SMP720m,gaba,gaba,0.984375,2
DM2_or_DM3_posterior,#173862,glutamate,glutamate,1.0,1
DM2_or_DM3_posterior,#188754,glutamate,glutamate,1.0,1
DM2_or_DM3_posterior,CB1227,glutamate,glutamate,1.0,11
DM2_or_DM3_posterior,CB1252,glutamate,glutamate,1.0,5
DM2_or_DM3_posterior,CB1330,glutamate,glutamate,1.0,9
DM2_or_DM3_posterior,CB1374,glutamate,glutamate,1.0,3
DM2_or_DM3_posterior,CB1794,glutamate,glutamate,1.0,8
DM2_or_DM3_posterior,CB1844,glutamate,glutamate,1.0,5
DM2_or_DM3_posterior,CB1853,glutamate,glutamate,1.0,4
DM2_or_DM3_posterior,CB2152,glutamate,glutamate,1.0,4
DM2_or_DM3_posterior,CB2337,glutamate,glutamate,1.0,4
DM2_or_DM3_posterior,CB2721,glutamate,glutamate,1.0,3
DM2_or_DM3_posterior,CB2869,glutamate,glutamate,1.0,5
DM2_or_DM3_posterior,CB2947,glutamate,glutamate,1.0,2
DM2_or_DM3_posterior,CL231,glutamate,glutamate,1.0,4
DM2_or_DM3_posterior,CL238,glutamate,glutamate,1.0,2
DM2_or_DM3_posterior,CL239,glutamate,glutamate,1.0,5
DM2_or_DM3_posterior,IB031,glutamate,glutamate,1.0,4
DM2_or_DM3_posterior,IB032,glutamate,glutamate,1.0,8
DM2_or_DM3_posterior,IB033,glutamate,glutamate,1.0,4
DM2_or_DM3_posterior,IB035,glutamate,glutamate,1.0,2
DM2_or_DM3_posterior,PLP139,glutamate,glutamate,1.0,4
DM2_or_DM3_posterior,PPM1204,glutamate,glutamate,1.0,2
DM2_or_DM3_posterior,PS137,glutamate,glutamate,1.0,4
DM2_or_DM3_posterior,PS139,glutamate,glutamate,1.0,2
DM2_or_DM3_posterior,PS140,glutamate,glutamate,1.0,4
DM2_or_DM3_posterior,PS141,glutamate,glutamate,1.0,4
DM2_or_DM3_posterior,PS142,glutamate,glutamate,1.0,6
DM2_or_DM3_posterior,PS143,glutamate,glutamate,1.0,2
DM2_or_DM3_posterior,PS148,glutamate,glutamate,1.0,6
DM2_or_DM3_posterior,PS149,glutamate,glutamate,1.0,2
DM2_or_DM3_posterior,PS150,glutamate,glutamate,1.0,9
DM2_or_DM3_posterior,PS153,glutamate,glutamate,1.0,12
DM2_or_DM3_posterior,VES051,glutamate,glutamate,1.0,4
DM2_or_DM3_posterior,VES052,glutamate,glutamate,1.0,4
DM3_CX_d1,EPG,acetylcholine,acetylcholine,1.0,6
DM3_CX_d1,FC1A,acetylcholine,acetylcholine,1.0,2
DM3_CX_d1,FC1B,acetylcholine,acetylcholine,1.0,2
DM3_CX_d1,FC1C_a,acetylcholine,acetylcholine,1.0,1
DM3_CX_d1,FC1C_b,acetylcholine,acetylcholine,1.0,2
DM3_CX_d1,FC1D,acetylcholine,acetylcholine,1.0,2
DM3_CX_d1,FC1E,acetylcholine,acetylcholine,1.0,2
DM3_CX_d1,FC1F,acetylcholine,acetylcholine,1.0,2
DM3_CX_d1,FC2A,acetylcholine,acetylcholine,1.0,2
DM3_CX_d1,FC2B,acetylcholine,acetylcholine,1.0,2
DM3_CX_d1,FC2C,acetylcholine,acetylcholine,1.0,6
DM3_CX_d1,FC3_a,acetylcholine,acetylcholine,1.0,2
DM3_CX_d1,FC3_b,acetylcholine,acetylcholine,1.0,1
DM3_CX_d1,FC3_c,acetylcholine,acetylcholine,1.0,2
DM3_CX_d1,FR1,acetylcholine,acetylcholine,1.0,2
DM3_CX_d1,FR2,acetylcholine,acetylcholine,1.0,2
DM3_CX_d1,FS1A_b,acetylcholine,acetylcholine,1.0,2
DM3_CX_d1,FS1A_c,acetylcholine,acetylcholine,1.0,2
DM3_CX_d1,FS1B_b,acetylcholine,acetylcholine,1.0,2
DM3_CX_d1,FS2,acetylcholine,acetylcholine,1.0,4
DM3_CX_d1,FS3_a,acetylcholine,acetylcholine,1.0,1
DM3_CX_d1,FS3_b,acetylcholine,acetylcholine,1.0,3
DM3_CX_d1,FS3_c,acetylcholine,acetylcholine,1.0,2
DM3_CX_d1,FS3_d,acetylcholine,acetylcholine,1.0,4
DM3_CX_d1,FS4A,acetylcholine,acetylcholine,1.0,6
DM3_CX_d1,FS4B,acetylcholine,acetylcholine,1.0,3
DM3_CX_d1,FS4C,acetylcholine,acetylcholine,1.0,3
DM3_CX_d1,PEG,acetylcholine,acetylcholine,1.0,2
DM3_CX_d1,PFL3,acetylcholine,acetylcholine,1.0,2
DM3_CX_d1,PFR_b,acetylcholine,acetylcholine,1.0,2
DM3_CX_d2,EPG,acetylcholine,acetylcholine,1.0,6
DM3_CX_d2,FC,acetylcholine,acetylcholine,1.0,1
DM3_CX_d2,FC1A,acetylcholine,acetylcholine,1.0,2
DM3_CX_d2,FC1B,acetylcholine,acetylcholine,1.0,3
DM3_CX_d2,FC1C_a,acetylcholine,acetylcholine,1.0,1
DM3_CX_d2,FC1C_b,acetylcholine,acetylcholine,1.0,3
DM3_CX_d2,FC1D,acetylcholine,acetylcholine,1.0,4
DM3_CX_d2,FC1E,acetylcholine,acetylcholine,1.0,1
DM3_CX_d2,FC1F,acetylcholine,acetylcholine,1.0,1
DM3_CX_d2,FC2A,acetylcholine,acetylcholine,1.0,2
DM3_CX_d2,FC2B,acetylcholine,acetylcholine,1.0,3
DM3_CX_d2,FC2C,acetylcholine,acetylcholine,1.0,5
DM3_CX_d2,FC3_a,acetylcholine,acetylcholine,1.0,3
DM3_CX_d2,FC3_b,acetylcholine,acetylcholine,1.0,1
DM3_CX_d2,FC3_c,acetylcholine,acetylcholine,1.0,2
DM3_CX_d2,FR1,acetylcholine,acetylcholine,1.0,2
DM3_CX_d2,FR2,acetylcholine,acetylcholine,1.0,2
DM3_CX_d2,FS1A_b,acetylcholine,acetylcholine,1.0,3
DM3_CX_d2,FS1A_c,acetylcholine,acetylcholine,1.0,1
DM3_CX_d2,FS1B_a,acetylcholine,acetylcholine,1.0,2
DM3_CX_d2,FS1B_b,acetylcholine,acetylcholine,1.0,2
DM3_CX_d2,FS2,acetylcholine,acetylcholine,1.0,5
DM3_CX_d2,FS3_a,acetylcholine,acetylcholine,1.0,1
DM3_CX_d2,FS3_b,acetylcholine,acetylcholine,1.0,1
DM3_CX_d2,FS3_c,acetylcholine,acetylcholine,1.0,3
DM3_CX_d2,FS3_d,acetylcholine,acetylcholine,1.0,3
DM3_CX_d2,FS4A,acetylcholine,acetylcholine,1.0,7
DM3_CX_d2,FS4B,acetylcholine,acetylcholine,1.0,3
DM3_CX_d2,FS4C,acetylcholine,acetylcholine,1.0,4
DM3_CX_d2,PEG,acetylcholine,acetylcholine,1.0,2
DM3_CX_d2,PFL1,acetylcholine,acetylcholine,1.0,1
DM3_CX_d2,PFL3,acetylcholine,acetylcholine,1.0,1
DM3_CX_d2,PFR_b,acetylcholine,acetylcholine,1.0,2
DM3_CX_d2,hDeltaA,acetylcholine,acetylcholine,1.0,2
DM3_CX_d2,hDeltaD,acetylcholine,acetylcholine,1.0,2
DM3_CX_d2,hDeltaE,acetylcholine,acetylcholine,1.0,2
DM3_CX_d2,hDeltaG,acetylcholine,acetylcholine,1.0,2
DM3_CX_d2,hDeltaI,acetylcholine,acetylcholine,1.0,1
DM3_CX_d2,hDeltaL,acetylcholine,acetylcholine,1.0,4
DM3_CX_d2,hDeltaM,acetylcholine,acetylcholine,1.0,1
DM3_CX_p,PEN_a(PEN1),acetylcholine,acetylcholine,1.0,4
DM3_CX_p,PEN_b(PEN2),acetylcholine,acetylcholine,1.0,4
DM3_CX_p,PFNa,acetylcholine,acetylcholine,1.0,12
DM3_CX_p,PFNd,acetylcholine,acetylcholine,1.0,8
DM3_CX_p,PFNm_a,acetylcholine,acetylcholine,1.0,5
DM3_CX_p,PFNm_b,acetylcholine,acetylcholine,1.0,1
DM3_CX_p,PFNp_a,acetylcholine,acetylcholine,1.0,11
DM3_CX_p,PFNp_b,acetylcholine,acetylcholine,1.0,30
DM3_CX_p,PFNp_c,acetylcholine,acetylcholine,1.0,8
DM3_CX_p,PFNp_d,acetylcholine,acetylcholine,1.0,4
DM3_CX_p,PFNp_e,acetylcholine,acetylcholine,1.0,5
DM3_CX_p,PFNv,acetylcholine,acetylcholine,1.0,4
DM3_CX_p,hDeltaA,acetylcholine,acetylcholine,1.0,2
DM3_CX_p,hDeltaB,acetylcholine,acetylcholine,1.0,7
DM3_CX_p,hDeltaC,acetylcholine,acetylcholine,1.0,6
DM3_CX_p,hDeltaH,acetylcholine,acetylcholine,1.0,2
DM3_CX_p,hDeltaI,acetylcholine,acetylcholine,1.0,5
DM3_CX_p,hDeltaJ,acetylcholine,acetylcholine,1.0,10
DM3_CX_p,hDeltaK,acetylcholine,acetylcholine,1.0,9
DM3_CX_p,hDeltaM,acetylcholine,acetylcholine,1.0,1
DM3_CX_p,vDeltaA_a,acetylcholine,acetylcholine,1.0,12
DM3_CX_p,vDeltaA_b,acetylcholine,acetylcholine,1.0,6
DM3_CX_p,vDeltaB,acetylcholine,acetylcholine,1.0,4
DM3_CX_p,vDeltaC,acetylcholine,acetylcholine,1.0,6
DM3_CX_p,vDeltaD,acetylcholine,acetylcholine,1.0,4
DM3_CX_p,vDeltaE,acetylcholine,acetylcholine,1.0,3
DM3_CX_p,vDeltaF,acetylcholine,acetylcholine,1.0,3
DM3_CX_p,vDeltaG,acetylcholine,acetylcholine,1.0,3
DM3_CX_p,vDeltaH,acetylcholine,acetylcholine,1.0,3
DM3_CX_p,vDeltaI_a,acetylcholine,acetylcholine,1.0,3
DM3_CX_p,vDeltaI_b,acetylcholine,acetylcholine,1.0,4
DM3_CX_p,vDeltaJ,acetylcholine,acetylcholine,1.0,1
DM3_CX_p,vDeltaK,acetylcholine,acetylcholine,1.0,8
DM3_CX_p,vDeltaL,acetylcholine,acetylcholine,1.0,8
DM3_CX_p,vDeltaM,acetylcholine,acetylcholine,1.0,9
DM3_CX_v,PEN_a(PEN1),acetylcholine,acetylcholine,1.0,2
DM3_CX_v,PEN_b(PEN2),acetylcholine,acetylcholine,1.0,2
DM3_CX_v,PFNa,acetylcholine,acetylcholine,1.0,6
DM3_CX_v,PFNd,acetylcholine,acetylcholine,1.0,4
DM3_CX_v,PFNm_a,acetylcholine,acetylcholine,1.0,1
DM3_CX_v,PFNm_b,acetylcholine,acetylcholine,1.0,3
DM3_CX_v,PFNp_a,acetylcholine,acetylcholine,1.0,7
DM3_CX_v,PFNp_b,acetylcholine,acetylcholine,1.0,13
DM3_CX_v,PFNp_c,acetylcholine,acetylcholine,1.0,4
DM3_CX_v,PFNp_d,acetylcholine,acetylcholine,1.0,3
DM3_CX_v,PFNp_e,acetylcholine,acetylcholine,1.0,2
DM3_CX_v,PFNv,acetylcholine,acetylcholine,1.0,2
DM3_CX_v,vDeltaA_a,acetylcholine,acetylcholine,1.0,6
DM3_CX_v,vDeltaA_b,acetylcholine,acetylcholine,1.0,3
DM3_CX_v,vDeltaB,acetylcholine,acetylcholine,1.0,4
DM3_CX_v,vDeltaC,acetylcholine,acetylcholine,1.0,2
DM3_CX_v,vDeltaD,acetylcholine,acetylcholine,1.0,2
DM3_CX_v,vDeltaE,acetylcholine,acetylcholine,1.0,1
DM3_CX_v,vDeltaF,acetylcholine,acetylcholine,1.0,2
DM3_CX_v,vDeltaG,acetylcholine,acetylcholine,1.0,2
DM3_CX_v,vDeltaH,acetylcholine,acetylcholine,1.0,1
DM3_CX_v,vDeltaI_a,acetylcholine,acetylcholine,1.0,1
DM3_CX_v,vDeltaI_b,acetylcholine,acetylcholine,1.0,2
DM3_CX_v,vDeltaJ,acetylcholine,acetylcholine,1.0,2
DM3_CX_v,vDeltaK,acetylcholine,acetylcholine,1.0,3
DM3_CX_v,vDeltaL,acetylcholine,acetylcholine,1.0,5
DM3_CX_v,vDeltaM,acetylcholine,acetylcholine,1.0,4
DM3_dorso_lateral,CB0998,acetylcholine,acetylcholine,1.0,4
DM3_dorso_lateral,CB1403,acetylcholine,acetylcholine,1.0,2
DM3_dorso_lateral,CB1803,acetylcholine,acetylcholine,1.0,4
DM3_dorso_lateral,CL250,acetylcholine,acetylcholine,1.0,2
DM3_dorso_lateral,SMP311,acetylcholine,acetylcholine,1.0,2
DM3_dorso_lateral,SMP312,acetylcholine,acetylcholine,1.0,4
DM3_dorso_lateral,SMP313,acetylcholine,acetylcholine,1.0,2
DM3_dorso_lateral,SMP314,acetylcholine,acetylcholine,1.0,4
DM3_dorso_lateral,SMP315,acetylcholine,acetylcholine,1.0,6
DM3_dorso_lateral,SMP316_a,acetylcholine,acetylcholine,1.0,2
DM3_dorso_lateral,SMP316_b,acetylcholine,acetylcholine,1.0,2
DM3_dorso_lateral,SMP317,acetylcholine,acetylcholine,1.0,10
DM3_dorso_lateral,SMP319,acetylcholine,acetylcholine,1.0,8
DM3_dorso_lateral,SMP320,acetylcholine,acetylcholine,1.0,8
DM3_dorso_lateral,SMP320a,acetylcholine,acetylcholine,1.0,2
DM3_dorso_lateral,SMP321_a,acetylcholine,acetylcholine,1.0,4
DM3_dorso_lateral,SMP321_b,acetylcholine,acetylcholine,1.0,2
DM3_dorso_lateral,SMP322,acetylcholine,acetylcholine,1.0,4
DM3_dorso_lateral,SMP323,acetylcholine,acetylcholine,1.0,6
DM3_dorso_lateral,SMP324,acetylcholine,acetylcholine,1.0,4
DM3_dorso_lateral,SMP326,acetylcholine,acetylcholine,1.0,6
DM3_dorso_lateral,SMP327,acetylcholine,acetylcholine,1.0,2
DM3_dorso_lateral,SMP328_a,acetylcholine,acetylcholine,1.0,2
DM3_dorso_lateral,SMP328_b,acetylcholine,acetylcholine,1.0,2
DM3_dorso_lateral,SMP328_c,acetylcholine,acetylcholine,1.0,2
DM3_dorso_lateral,SMP329,acetylcholine,acetylcholine,1.0,4
DM3_dorso_lateral,SMP330,acetylcholine,acetylcholine,1.0,4
DM3_dorso_lateral,SMP331,acetylcholine,acetylcholine,1.0,11
DM3_dorso_lateral,SMP332,acetylcholine,acetylcholine,1.0,6
DM3_dorso_medial,#39046,acetylcholine,acetylcholine,1.0,1
DM3_dorso_medial,CL236,acetylcholine,acetylcholine,1.0,2
DM3_dorso_medial,SMP508,acetylcholine,acetylcholine,1.0,2
DM3_dorso_medial,SMP509,acetylcholine,acetylcholine,1.0,5
DM3_dorso_medial,SMP510,acetylcholine,acetylcholine,1.0,2
DM3_dorso_medial,SMP511,acetylcholine,acetylcholine,1.0,2
DM3_dorso_medial,SMP512,acetylcholine,acetylcholine,1.0,2
DM3_dorso_medial,SMP513,acetylcholine,acetylcholine,1.0,2
DM3_dorso_medial,SMP514,acetylcholine,acetylcholine,1.0,2
DM3_dorso_medial,SMP516,acetylcholine,acetylcholine,1.0,4
DM3_dorso_medial,SMP517,acetylcholine,acetylcholine,1.0,4
DM3_dorso_medial,SMP518,acetylcholine,acetylcholine,1.0,4
DM3_dorso_medial,SMP519,acetylcholine,acetylcholine,1.0,4
DM3_dorso_medial,SMP520,acetylcholine,acetylcholine,1.0,4
DM3_dorso_medial,SMP521,acetylcholine,acetylcholine,1.0,2
DM3_dorso_medial,SMP522,acetylcholine,acetylcholine,1.0,1
DM3_dorso_medial,SMP523,acetylcholine,acetylcholine,1.0,8
DM3_dorso_medial,SMP525,acetylcholine,acetylcholine,1.0,2
DM3_dorso_medial,SMP526,acetylcholine,acetylcholine,1.0,1
DM4_CX_d1,EPG,acetylcholine,acetylcholine,1.0,6
DM4_CX_d1,FC1A,acetylcholine,acetylcholine,1.0,2
DM4_CX_d1,FC1B,acetylcholine,acetylcholine,1.0,2
DM4_CX_d1,FC1C_a,acetylcholine,acetylcholine,1.0,2
DM4_CX_d1,FC1C_b,acetylcholine,acetylcholine,1.0,1
DM4_CX_d1,FC1D,acetylcholine,acetylcholine,1.0,4
DM4_CX_d1,FC1E,acetylcholine,acetylcholine,1.0,4
DM4_CX_d1,FC1F,acetylcholine,acetylcholine,1.0,3
DM4_CX_d1,FC2A,acetylcholine,acetylcholine,1.0,2
DM4_CX_d1,FC2B,acetylcholine,acetylcholine,1.0,2
DM4_CX_d1,FC2C,acetylcholine,acetylcholine,1.0,7
DM4_CX_d1,FC3_a,acetylcholine,acetylcholine,1.0,2
DM4_CX_d1,FC3_b,acetylcholine,acetylcholine,1.0,3
DM4_CX_d1,FC3_c,acetylcholine,acetylcholine,1.0,2
DM4_CX_d1,FR1,acetylcholine,acetylcholine,1.0,2
DM4_CX_d1,FR2,acetylcholine,acetylcholine,1.0,2
DM4_CX_d1,FS1A_a,acetylcholine,acetylcholine,1.0,3
DM4_CX_d1,FS1A_b,acetylcholine,acetylcholine,1.0,1
DM4_CX_d1,FS1A_c,acetylcholine,acetylcholine,1.0,3
DM4_CX_d1,FS1B_a,acetylcholine,acetylcholine,1.0,2
DM4_CX_d1,FS1B_b,acetylcholine,acetylcholine,1.0,2
DM4_CX_d1,FS2,acetylcholine,acetylcholine,1.0,7
DM4_CX_d1,FS3,acetylcholine,acetylcholine,1.0,1
DM4_CX_d1,FS3_a,acetylcholine,acetylcholine,1.0,2
DM4_CX_d1,FS3_b,acetylcholine,acetylcholine,1.0,2
DM4_CX_d1,FS3_c,acetylcholine,acetylcholine,1.0,2
DM4_CX_d1,FS3_d,acetylcholine,acetylcholine,1.0,6
DM4_CX_d1,FS4A,acetylcholine,acetylcholine,1.0,7
DM4_CX_d1,FS4B,acetylcholine,acetylcholine,1.0,4
DM4_CX_d1,FS4C,acetylcholine,acetylcholine,1.0,5
DM4_CX_d1,PEG,acetylcholine,acetylcholine,1.0,2
DM4_CX_d1,PFL1,acetylcholine,acetylcholine,1.0,1
DM4_CX_d1,PFL2,acetylcholine,acetylcholine,1.0,1
DM4_CX_d1,PFL3,acetylcholine,acetylcholine,1.0,5
DM4_CX_d1,PFR_b,acetylcholine,acetylcholine,1.0,2
DM4_CX_d2,EPG,acetylcholine,acetylcholine,1.0,7
DM4_CX_d2,EPGt,acetylcholine,acetylcholine,1.0,3
DM4_CX_d2,FC,acetylcholine,acetylcholine,1.0,1
DM4_CX_d2,FC1A,acetylcholine,acetylcholine,1.0,2
DM4_CX_d2,FC1B,acetylcholine,acetylcholine,1.0,4
DM4_CX_d2,FC1C_a,acetylcholine,acetylcholine,1.0,2
DM4_CX_d2,FC1C_b,acetylcholine,acetylcholine,1.0,1
DM4_CX_d2,FC1D,acetylcholine,acetylcholine,1.0,3
DM4_CX_d2,FC1E,acetylcholine,acetylcholine,1.0,3
DM4_CX_d2,FC1F,acetylcholine,acetylcholine,1.0,2
DM4_CX_d2,FC2A,acetylcholine,acetylcholine,1.0,2
DM4_CX_d2,FC2B,acetylcholine,acetylcholine,1.0,4
DM4_CX_d2,FC2C,acetylcholine,acetylcholine,1.0,6
DM4_CX_d2,FC3_a,acetylcholine,acetylcholine,1.0,4
DM4_CX_d2,FC3_b,acetylcholine,acetylcholine,1.0,1
DM4_CX_d2,FC3_c,acetylcholine,acetylcholine,1.0,1
DM4_CX_d2,FR1,acetylcholine,acetylcholine,1.0,3
DM4_CX_d2,FR2,acetylcholine,acetylcholine,1.0,2
DM4_CX_d2,FS1A_a,acetylcholine,acetylcholine,1.0,2
DM4_CX_d2,FS1A_c,acetylcholine,acetylcholine,1.0,1
DM4_CX_d2,FS1B_a,acetylcholine,acetylcholine,1.0,4
DM4_CX_d2,FS1B_b,acetylcholine,acetylcholine,1.0,1
DM4_CX_d2,FS2,acetylcholine,acetylcholine,1.0,6
DM4_CX_d2,FS3_a,acetylcholine,acetylcholine,1.0,3
DM4_CX_d2,FS3_b,acetylcholine,acetylcholine,1.0,3
DM4_CX_d2,FS3_c,acetylcholine,acetylcholine,1.0,1
DM4_CX_d2,FS3_d,acetylcholine,acetylcholine,1.0,5
DM4_CX_d2,FS4A,acetylcholine,acetylcholine,1.0,11
DM4_CX_d2,FS4B,acetylcholine,acetylcholine,1.0,4
DM4_CX_d2,FS4C,acetylcholine,acetylcholine,1.0,5
DM4_CX_d2,PEG,acetylcholine,acetylcholine,1.0,2
DM4_CX_d2,PFL1,acetylcholine,acetylcholine,1.0,4
DM4_CX_d2,PFL2,acetylcholine,acetylcholine,1.0,3
DM4_CX_d2,PFL3,acetylcholine,acetylcholine,1.0,4
DM4_CX_d2,PFR_b,acetylcholine,acetylcholine,1.0,2
DM4_CX_d2,hDeltaF,acetylcholine,acetylcholine,1.0,2
DM4_CX_d3,EPG,acetylcholine,acetylcholine,1.0,1
DM4_CX_d3,EPGt,acetylcholine,acetylcholine,1.0,1
DM4_CX_d3,FC1A,acetylcholine,acetylcholine,1.0,3
DM4_CX_d3,FC1B,acetylcholine,acetylcholine,1.0,3
DM4_CX_d3,FC1C_a,acetylcholine,acetylcholine,1.0,2
DM4_CX_d3,FC1C_b,acetylcholine,acetylcholine,1.0,3
DM4_CX_d3,FC1D,acetylcholine,acetylcholine,1.0,3
DM4_CX_d3,FC1E,acetylcholine,acetylcholine,1.0,4
DM4_CX_d3,FC1F,acetylcholine,acetylcholine,1.0,1
DM4_CX_d3,FC2A,acetylcholine,acetylcholine,1.0,2
DM4_CX_d3,FC2B,acetylcholine,acetylcholine,1.0,3
DM4_CX_d3,FC2C,acetylcholine,acetylcholine,1.0,5
DM4_CX_d3,FC3_a,acetylcholine,acetylcholine,1.0,2
DM4_CX_d3,FC3_b,acetylcholine,acetylcholine,1.0,3
DM4_CX_d3,FC3_c,acetylcholine,acetylcholine,1.0,2
DM4_CX_d3,FR1,acetylcholine,acetylcholine,1.0,1
DM4_CX_d3,FR2,acetylcholine,acetylcholine,1.0,2
DM4_CX_d3,FS1A_a,acetylcholine,acetylcholine,1.0,3
DM4_CX_d3,FS1A_b,acetylcholine,acetylcholine,1.0,3
DM4_CX_d3,FS1A_c,acetylcholine,acetylcholine,1.0,3
DM4_CX_d3,FS1B_a,acetylcholine,acetylcholine,1.0,2
DM4_CX_d3,FS1B_b,acetylcholine,acetylcholine,1.0,2
DM4_CX_d3,FS2,acetylcholine,acetylcholine,1.0,7
DM4_CX_d3,FS3_a,acetylcholine,acetylcholine,1.0,3
DM4_CX_d3,FS3_b,acetylcholine,acetylcholine,1.0,2
DM4_CX_d3,FS3_c,acetylcholine,acetylcholine,1.0,1
DM4_CX_d3,FS3_d,acetylcholine,acetylcholine,1.0,4
DM4_CX_d3,FS4A,acetylcholine,acetylcholine,1.0,9
DM4_CX_d3,FS4B,acetylcholine,acetylcholine,1.0,5
DM4_CX_d3,FS4C,acetylcholine,acetylcholine,1.0,4
DM4_CX_d3,PEG,acetylcholine,acetylcholine,1.0,2
DM4_CX_d3,hDeltaC,acetylcholine,acetylcholine,1.0,2
DM4_CX_d3,hDeltaD,acetylcholine,acetylcholine,1.0,2
DM4_CX_d3,hDeltaH,acetylcholine,acetylcholine,1.0,2
DM4_CX_d3,hDeltaJ,acetylcholine,acetylcholine,1.0,2
DM4_CX_d3,hDeltaK,acetylcholine,acetylcholine,1.0,4
DM4_CX_d3,hDeltaL,acetylcholine,acetylcholine,1.0,2
DM4_CX_d3,hDeltaM,acetylcholine,acetylcholine,1.0,2
DM4_CX_p,PEN_a(PEN1),acetylcholine,acetylcholine,1.0,2
DM4_CX_p,PEN_b(PEN2),acetylcholine,acetylcholine,1.0,2
DM4_CX_p,PFNa,acetylcholine,acetylcholine,1.0,8
DM4_CX_p,PFNd,acetylcholine,acetylcholine,1.0,4
DM4_CX_p,PFNm_a,acetylcholine,acetylcholine,1.0,2
DM4_CX_p,PFNm_b,acetylcholine,acetylcholine,1.0,4
DM4_CX_p,PFNp_a,acetylcholine,acetylcholine,1.0,8
DM4_CX_p,PFNp_b,acetylcholine,acetylcholine,1.0,20
DM4_CX_p,PFNp_c,acetylcholine,acetylcholine,1.0,6
DM4_CX_p,PFNp_d,acetylcholine,acetylcholine,1.0,3
DM4_CX_p,PFNp_e,acetylcholine,acetylcholine,1.0,2
DM4_CX_p,PFNv,acetylcholine,acetylcholine,1.0,2
DM4_CX_p,hDeltaA,acetylcholine,acetylcholine,1.0,2
DM4_CX_p,hDeltaB,acetylcholine,acetylcholine,1.0,2
DM4_CX_p,hDeltaC,acetylcholine,acetylcholine,1.0,2
DM4_CX_p,hDeltaE,acetylcholine,acetylcholine,1.0,2
DM4_CX_p,hDeltaG,acetylcholine,acetylcholine,1.0,2
DM4_CX_p,hDeltaI,acetylcholine,acetylcholine,1.0,2
DM4_CX_p,hDeltaJ,acetylcholine,acetylcholine,1.0,2
DM4_CX_p,hDeltaK,acetylcholine,acetylcholine,1.0,2
DM4_CX_p,vDeltaA_a,acetylcholine,acetylcholine,1.0,7
DM4_CX_p,vDeltaA_b,acetylcholine,acetylcholine,1.0,3
DM4_CX_p,vDeltaB,acetylcholine,acetylcholine,1.0,3
DM4_CX_p,vDeltaC,acetylcholine,acetylcholine,1.0,3
DM4_CX_p,vDeltaD,acetylcholine,acetylcholine,1.0,3
DM4_CX_p,vDeltaE,acetylcholine,acetylcholine,1.0,2
DM4_CX_p,vDeltaF,acetylcholine,acetylcholine,1.0,2
DM4_CX_p,vDeltaG,acetylcholine,acetylcholine,1.0,3
DM4_CX_p,vDeltaH,acetylcholine,acetylcholine,1.0,1
DM4_CX_p,vDeltaI_a,acetylcholine,acetylcholine,1.0,1
DM4_CX_p,vDeltaI_b,acetylcholine,acetylcholine,1.0,3
DM4_CX_p,vDeltaJ,acetylcholine,acetylcholine,1.0,1
DM4_CX_p,vDeltaK,acetylcholine,acetylcholine,1.0,6
DM4_CX_p,vDeltaL,acetylcholine,acetylcholine,1.0,4
DM4_CX_p,vDeltaM,acetylcholine,acetylcholine,1.0,9
DM4_CX_v,PEN_a(PEN1),acetylcholine,acetylcholine,1.0,2
DM4_CX_v,PEN_b(PEN2),acetylcholine,acetylcholine,1.0,4
DM4_CX_v,PFNa,acetylcholine,acetylcholine,1.0,6
DM4_CX_v,PFNd,acetylcholine,acetylcholine,1.0,4
DM4_CX_v,PFNm_a,acetylcholine,acetylcholine,1.0,2
DM4_CX_v,PFNm_b,acetylcholine,acetylcholine,1.0,5
DM4_CX_v,PFNp_a,acetylcholine,acetylcholine,1.0,10
DM4_CX_v,PFNp_b,acetylcholine,acetylcholine,1.0,17
DM4_CX_v,PFNp_c,acetylcholine,acetylcholine,1.0,5
DM4_CX_v,PFNp_d,acetylcholine,acetylcholine,1.0,3
DM4_CX_v,PFNp_e,acetylcholine,acetylcholine,1.0,4
DM4_CX_v,PFNv,acetylcholine,acetylcholine,1.0,2
DM4_CX_v,vDeltaA_a,acetylcholine,acetylcholine,1.0,7
DM4_CX_v,vDeltaA_b,acetylcholine,acetylcholine,1.0,3
DM4_CX_v,vDeltaB,acetylcholine,acetylcholine,1.0,3
DM4_CX_v,vDeltaC,acetylcholine,acetylcholine,1.0,4
DM4_CX_v,vDeltaD,acetylcholine,acetylcholine,1.0,2
DM4_CX_v,vDeltaE,acetylcholine,acetylcholine,1.0,2
DM4_CX_v,vDeltaF,acetylcholine,acetylcholine,1.0,4
DM4_CX_v,vDeltaG,acetylcholine,acetylcholine,1.0,1
DM4_CX_v,vDeltaH,acetylcholine,acetylcholine,1.0,1
DM4_CX_v,vDeltaI_a,acetylcholine,acetylcholine,1.0,2
DM4_CX_v,vDeltaI_b,acetylcholine,acetylcholine,1.0,2
DM4_CX_v,vDeltaJ,acetylcholine,acetylcholine,1.0,2
DM4_CX_v,vDeltaK,acetylcholine,acetylcholine,1.0,6
DM4_CX_v,vDeltaL,acetylcholine,acetylcholine,1.0,4
DM4_CX_v,vDeltaM,acetylcholine,acetylcholine,1.0,8
DM4_dorsal,CB3076,acetylcholine,acetylcholine,1.0,2
DM4_dorsal,CB3358,acetylcholine,acetylcholine,1.0,2
DM4_dorsal,CL150,acetylcholine,acetylcholine,1.0,2
DM4_dorsal,CL157,acetylcholine,acetylcholine,1.0,2
DM4_dorsal,CL158,acetylcholine,acetylcholine,1.0,2
DM4_dorsal,CL159,acetylcholine,acetylcholine,1.0,2
DM4_dorsal,CRE077,acetylcholine,acetylcholine,1.0,2
DM4_dorsal,CRE078,acetylcholine,acetylcholine,1.0,4
DM4_dorsal,FB1G,acetylcholine,acetylcholine,1.0,2
DM4_dorsal,FB5AB,acetylcholine,acetylcholine,1.0,2
DM4_dorsal,IB020,acetylcholine,acetylcholine,1.0,2
DM4_dorsal,IB021,acetylcholine,acetylcholine,1.0,2
DM4_dorsal,LHPV10a1a,acetylcholine,acetylcholine,1.0,2
DM4_dorsal,LHPV10a1b,acetylcholine,acetylcholine,1.0,2
DM4_dorsal,LHPV10b1,acetylcholine,acetylcholine,1.0,2
DM4_dorsal,PS107,acetylcholine,acetylcholine,1.0,4
DM4_dorsal,SIP088,acetylcholine,acetylcholine,1.0,2
DM4_dorsal,SMP375,acetylcholine,acetylcholine,1.0,2
DM4_dorsal,SMP386,acetylcholine,acetylcholine,1.0,2
DM4_dorsal,SMP387,acetylcholine,acetylcholine,1.0,2
DM4_dorsal,SMP388,acetylcholine,acetylcholine,1.0,2
DM4_dorsal,SMP389_a,acetylcholine,acetylcholine,1.0,2
DM4_dorsal,SMP389_b,acetylcholine,acetylcholine,1.0,2
DM4_dorsal,SMP389_c,acetylcholine,acetylcholine,1.0,2
DM4_dorsal,SMP390,acetylcholine,acetylcholine,1.0,2
DM4_dorsal,SMP391,acetylcholine,acetylcholine,1.0,3
DM4_dorsal,SMP392,acetylcholine,acetylcholine,1.0,3
DM4_dorsal,SMP393,acetylcholine,acetylcholine,1.0,2
DM4_dorsal,SMP394,acetylcholine,acetylcholine,1.0,3
DM4_dorsal,SMP395,acetylcholine,acetylcholine,1.0,2
DM4_dorsal,SMP397,acetylcholine,acetylcholine,1.0,4
DM4_dorsal,SMP398_a,acetylcholine,acetylcholine,1.0,2
DM4_dorsal,SMP398_b,acetylcholine,acetylcholine,1.0,2
DM4_dorsal,SMP399_a,acetylcholine,acetylcholine,1.0,2
DM4_dorsal,SMP399_b,acetylcholine,acetylcholine,1.0,4
DM4_dorsal,SMP399_c,acetylcholine,acetylcholine,1.0,2
DM4_dorsal,SMP400,acetylcholine,acetylcholine,1.0,2
DM4_dorsal,SMP401,acetylcholine,acetylcholine,1.0,2
DM4_dorsal,SMP402,acetylcholine,acetylcholine,1.0,2
DM4_dorsal,SMP403,acetylcholine,acetylcholine,1.0,6
DM4_dorsal,SMP404,acetylcholine,acetylcholine,1.0,5
DM4_dorsal,SMP405,acetylcholine,acetylcholine,1.0,4
DM4_dorsal,SMP406_a,acetylcholine,acetylcholine,1.0,2
DM4_dorsal,SMP406_b,acetylcholine,acetylcholine,1.0,2
DM4_dorsal,SMP406_c,acetylcholine,acetylcholine,1.0,4
DM4_dorsal,SMP406_d,acetylcholine,acetylcholine,1.0,2
DM4_dorsal,SMP406_e,acetylcholine,acetylcholine,1.0,2
DM4_dorsal,SMP407,acetylcholine,acetylcholine,1.0,2
DM4_dorsal,SMP408_a,acetylcholine,acetylcholine,1.0,4
DM4_dorsal,SMP408_b,acetylcholine,acetylcholine,1.0,6
DM4_dorsal,SMP408_c,acetylcholine,acetylcholine,1.0,6
DM4_dorsal,SMP408_d,acetylcholine,acetylcholine,1.0,10
DM4_dorsal,SMP409,acetylcholine,acetylcholine,1.0,11
DM4_dorsal,SMP410,acetylcholine,acetylcholine,1.0,6
DM4_dorsal,SMP411,acetylcholine,acetylcholine,1.0,4
DM4_dorsal,SMP412,acetylcholine,acetylcholine,1.0,2
DM4_dorsal,SMP413,acetylcholine,acetylcholine,1.0,4
DM4_dorsal,SMP414,acetylcholine,acetylcholine,1.0,4
DM4_dorsal,SMP415_a,acetylcholine,acetylcholine,1.0,2
DM4_dorsal,SMP415_b,acetylcholine,acetylcholine,1.0,2
DM4_dorsal,SMP416,acetylcholine,acetylcholine,1.0,4
DM4_dorsal,SMP504,acetylcholine,acetylcholine,1.0,2
DM4_dorsal,SMP505,acetylcholine,acetylcholine,1.0,2
DM4_dorsal,SMP506,acetylcholine,acetylcholine,1.0,2
DM4_dorsal,SMP507,acetylcholine,acetylcholine,1.0,2
DM4_dorsal,pC1_10a,acetylcholine,acetylcholine,1.0,2
DM4_dorsal,pC1_10b,acetylcholine,acetylcholine,1.0,4
DM4_dorsal,pC1_10c,acetylcholine,acetylcholine,1.0,4
DM4_dorsal,pC1_10d,acetylcholine,acetylcholine,1.0,3
DM4_dorsal,pC1_11a,acetylcholine,acetylcholine,1.0,2
DM4_dorsal,pC1_11b,acetylcholine,acetylcholine,1.0,2
DM4_dorsal,pC1_12a,acetylcholine,acetylcholine,1.0,2
DM4_dorsal,pC1_12b,acetylcholine,acetylcholine,1.0,4
DM4_dorsal,pC1_13a,acetylcholine,acetylcholine,1.0,2
DM4_dorsal,pC1_13b,acetylcholine,acetylcholine,1.0,4
DM4_dorsal,pC1_13c,acetylcholine,acetylcholine,1.0,2
DM4_dorsal,pC1_14a,acetylcholine,acetylcholine,1.0,6
DM4_dorsal,pC1_14b,acetylcholine,acetylcholine,1.0,2
DM4_dorsal,pC1_15a,acetylcholine,acetylcholine,1.0,2
DM4_dorsal,pC1_15b,acetylcholine,acetylcholine,1.0,2
DM4_dorsal,pC1_15c,acetylcholine,acetylcholine,1.0,3
DM4_dorsal,pC1_16a,acetylcholine,acetylcholine,1.0,5
DM4_dorsal,pC1_16b,acetylcholine,acetylcholine,1.0,8
DM4_dorsal,pC1_17a,acetylcholine,acetylcholine,1.0,3
DM4_dorsal,pC1_17b,acetylcholine,acetylcholine,1.0,5
DM4_dorsal,pC1_18a,acetylcholine,acetylcholine,1.0,2
DM4_dorsal,pC1_18b,acetylcholine,acetylcholine,1.0,4
DM4_dorsal,pC1_19,acetylcholine,acetylcholine,1.0,7
DM4_dorsal,pC1_1a,acetylcholine,acetylcholine,1.0,7
DM4_dorsal,pC1_1b,acetylcholine,acetylcholine,1.0,2
DM4_dorsal,pC1_2a,acetylcholine,acetylcholine,1.0,4
DM4_dorsal,pC1_2a/2b,acetylcholine,acetylcholine,1.0,1
DM4_dorsal,pC1_2b,acetylcholine,acetylcholine,1.0,2
DM4_dorsal,pC1_2c,acetylcholine,acetylcholine,1.0,2
DM4_dorsal,pC1_3a,acetylcholine,acetylcholine,1.0,2
DM4_dorsal,pC1_3b,acetylcholine,acetylcholine,1.0,2
DM4_dorsal,pC1_3c,acetylcholine,acetylcholine,1.0,4
DM4_dorsal,pC1_4a,acetylcholine,acetylcholine,1.0,6
DM4_dorsal,pC1_4b,acetylcholine,acetylcholine,1.0,2
DM4_dorsal,pC1_5a,acetylcholine,acetylcholine,1.0,2
DM4_dorsal,pC1_5b,acetylcholine,acetylcholine,1.0,4
DM4_dorsal,pC1_6a,acetylcholine,acetylcholine,1.0,6
DM4_dorsal,pC1_6b,acetylcholine,acetylcholine,1.0,2
DM4_dorsal,pC1_7a,acetylcholine,acetylcholine,1.0,4
DM4_dorsal,pC1_7b,acetylcholine,acetylcholine,1.0,4
DM4_dorsal,pC1_8a,acetylcholine,acetylcholine,1.0,2
DM4_dorsal,pC1_8b,acetylcholine,acetylcholine,1.0,2
DM4_dorsal,pC1_8c,acetylcholine,acetylcholine,1.0,2
DM4_dorsal,pC1_9a,acetylcholine,acetylcholine,1.0,4
DM4_dorsal,pC1_9b,acetylcholine,acetylcholine,1.0,2
DM4_dorsal,pC1x_a,acetylcholine,acetylcholine,1.0,2
DM4_dorsal,pC1x_b,acetylcholine,acetylcholine,1.0,2
DM4_dorsal,pC1x_c,acetylcholine,acetylcholine,1.0,2
DM4_dorsal,pC1x_d,acetylcholine,acetylcholine,1.0,2
DM4_ventral,#16532,acetylcholine,acetylcholine,1.0,1
DM4_ventral,#38808,acetylcholine,acetylcholine,1.0,1
DM4_ventral,#41179,acetylcholine,acetylcholine,1.0,1
DM4_ventral,#513832,acetylcholine,acetylcholine,1.0,1
DM4_ventral,CB0380,acetylcholine,acetylcholine,1.0,2
DM4_ventral,CB0652,acetylcholine,acetylcholine,1.0,2
DM4_ventral,CB1030,acetylcholine,acetylcholine,1.0,6
DM4_ventral,CB1322,acetylcholine,acetylcholine,1.0,10
DM4_ventral,CB1464,acetylcholine,acetylcholine,1.0,8
DM4_ventral,CB1834,acetylcholine,acetylcholine,1.0,4
DM4_ventral,CB1856,acetylcholine,acetylcholine,1.0,3
DM4_ventral,CB1980,acetylcholine,acetylcholine,1.0,4
DM4_ventral,CB1983,acetylcholine,acetylcholine,1.0,6
DM4_ventral,CB2050,acetylcholine,acetylcholine,1.0,9
DM4_ventral,CB2361,acetylcholine,acetylcholine,1.0,3
DM4_ventral,CB2956,acetylcholine,acetylcholine,1.0,2
DM4_ventral,CB3220,acetylcholine,acetylcholine,1.0,2
DM4_ventral,CB4094,acetylcholine,acetylcholine,1.0,11
DM4_ventral,CB4228,acetylcholine,acetylcholine,1.0,8
DM4_ventral,PS241,acetylcholine,acetylcholine,1.0,8
DM4_ventral,PS242,acetylcholine,acetylcholine,1.0,3
DM4_ventral,PS246,acetylcholine,acetylcholine,1.0,2
DM4_ventral,PS247,acetylcholine,acetylcholine,1.0,1
DM4_ventral,WED143_a,acetylcholine,acetylcholine,1.0,8
DM4_ventral,WED143_b,acetylcholine,acetylcholine,1.0,4
DM4_ventral,WED143_c,acetylcholine,acetylcholine,1.0,12
DM4_ventral,WED143_d,acetylcholine,acetylcholine,1.0,5
DM4_ventral,WED144,acetylcholine,acetylcholine,1.0,3
DM4_ventral,WED145,acetylcholine,acetylcholine,1.0,9
DM5_central,CB1547,acetylcholine,acetylcholine,1.0,3
DM5_central,CB1550,acetylcholine,acetylcholine,1.0,2
DM5_central,CB1554,acetylcholine,acetylcholine,1.0,5
DM5_central,CB2094,acetylcholine,acetylcholine,1.0,4
DM5_central,CB2985,acetylcholine,acetylcholine,1.0,2
DM5_central,CB3010,acetylcholine,acetylcholine,1.0,6
DM5_central,CB3098,acetylcholine,acetylcholine,1.0,2
DM5_central,CL328,acetylcholine,acetylcholine,1.0,4
DM5_central,IB068,acetylcholine,acetylcholine,1.0,2
DM5_central,IB069,acetylcholine,acetylcholine,1.0,2
DM5_central,IB070,acetylcholine,acetylcholine,1.0,3
DM5_central,IB071,acetylcholine,acetylcholine,1.0,3
DM5_central,IB076,acetylcholine,acetylcholine,1.0,4
DM5_central,IB083,acetylcholine,acetylcholine,1.0,2
DM5_central,IB084,acetylcholine,acetylcholine,1.0,7
DM5_central,LAL160,acetylcholine,acetylcholine,1.0,2
DM5_central,LAL161,acetylcholine,acetylcholine,1.0,2
DM5_central,LAL163,acetylcholine,acetylcholine,1.0,2
DM5_central,LAL164,acetylcholine,acetylcholine,1.0,2
DM5_central,LAL166,acetylcholine,acetylcholine,1.0,2
DM5_central,LAL167,acetylcholine,acetylcholine,1.0,4
DM5_central,LAL168,acetylcholine,acetylcholine,1.0,2
DM5_central,LAL176,acetylcholine,acetylcholine,1.0,2
DM5_central,LAL177,acetylcholine,acetylcholine,1.0,2
DM5_central,LAL179,acetylcholine,acetylcholine,1.0,6
DM5_central,LAL180,acetylcholine,acetylcholine,1.0,4
DM5_central,PS233,acetylcholine,acetylcholine,1.0,4
DM5_central,PVLP144,acetylcholine,acetylcholine,1.0,6
DM5_ventral,CB1282,acetylcholine,acetylcholine,1.0,5
DM5_ventral,CB1339,acetylcholine,acetylcholine,1.0,10
DM5_ventral,CB2037,acetylcholine,acetylcholine,1.0,6
DM5_ventral,CB3953,acetylcholine,acetylcholine,1.0,8
DM5_ventral,LAL185,acetylcholine,acetylcholine,1.0,4
DM5_ventral,LAL186,acetylcholine,acetylcholine,1.0,2
DM5_ventral,WED132,acetylcholine,acetylcholine,1.0,4
DM5_ventral,WED151,acetylcholine,acetylcholine,1.0,2
DM5_ventral,WED152,acetylcholine,acetylcholine,1.0,2
DM5_ventral,WED153,acetylcholine,acetylcholine,1.0,6
DM5_ventral,WED154,acetylcholine,acetylcholine,1.0,2
DM5_ventral,WED155,acetylcholine,acetylcholine,1.0,4
DM5_ventral,WED157,acetylcholine,acetylcholine,1.0,6
DM5_ventral,WED159,acetylcholine,acetylcholine,1.0,4
DM5_ventral,WED161,acetylcholine,acetylcholine,1.0,5
DM5_ventral,WED162,acetylcholine,acetylcholine,1.0,9
DM5_ventral,WED163,acetylcholine,acetylcholine,1.0,10
DM5_ventral,WED164,acetylcholine,acetylcholine,1.0,13
DM6_central1,#100660,acetylcholine,acetylcholine,1.0,1
DM6_central1,#123493,acetylcholine,acetylcholine,1.0,1
DM6_central1,#128896,acetylcholine,acetylcholine,1.0,1
DM6_central1,#134722,acetylcholine,acetylcholine,1.0,1
DM6_central1,#15141,acetylcholine,acetylcholine,1.0,1
DM6_central1,#151418,acetylcholine,acetylcholine,1.0,1
DM6_central1,#155572,acetylcholine,acetylcholine,1.0,1
DM6_central1,#157579,acetylcholine,acetylcholine,1.0,1
DM6_central1,#17348,acetylcholine,acetylcholine,1.0,1
DM6_central1,#222340,acetylcholine,acetylcholine,1.0,1
DM6_central1,#23342,acetylcholine,acetylcholine,1.0,1
DM6_central1,#24160,acetylcholine,acetylcholine,1.0,1
DM6_central1,#25855,acetylcholine,acetylcholine,1.0,1
DM6_central1,#33251,acetylcholine,acetylcholine,1.0,1
DM6_central1,#511761,acetylcholine,acetylcholine,1.0,1
DM6_central1,#518251,acetylcholine,acetylcholine,1.0,1
DM6_central1,#569998,acetylcholine,acetylcholine,1.0,1
DM6_central1,#71994,acetylcholine,acetylcholine,1.0,1
DM6_central1,CB0221,acetylcholine,acetylcholine,1.0,2
DM6_central1,CB1260,acetylcholine,acetylcholine,1.0,5
DM6_central1,CB1299,acetylcholine,acetylcholine,1.0,2
DM6_central1,CB1493,acetylcholine,acetylcholine,1.0,3
DM6_central1,CB1541,acetylcholine,acetylcholine,1.0,4
DM6_central1,CB1585,acetylcholine,acetylcholine,1.0,3
DM6_central1,CB1607,acetylcholine,acetylcholine,1.0,1
DM6_central1,CB1787,acetylcholine,acetylcholine,1.0,3
DM6_central1,CB1914,acetylcholine,acetylcholine,1.0,4
DM6_central1,CB2081_a,acetylcholine,acetylcholine,1.0,14
DM6_central1,CB2081_b,acetylcholine,acetylcholine,1.0,4
DM6_central1,CB2408,acetylcholine,acetylcholine,1.0,2
DM6_central1,CB2447,acetylcholine,acetylcholine,1.0,2
DM6_central1,CB2585,acetylcholine,acetylcholine,1.0,6
DM6_central1,CB2646,acetylcholine,acetylcholine,1.0,2
DM6_central1,CB3113,acetylcholine,acetylcholine,1.0,2
DM6_central1,CB3132,acetylcholine,acetylcholine,1.0,2
DM6_central1,CB3332,acetylcholine,acetylcholine,1.0,1
DM6_central1,CB4104,acetylcholine,acetylcholine,1.0,5
DM6_central1,CB4105,acetylcholine,acetylcholine,1.0,8
DM6_central1,CB4106,acetylcholine,acetylcholine,1.0,6
DM6_central1,CB4200,acetylcholine,acetylcholine,1.0,2
DM6_central1,CB4201,acetylcholine,acetylcholine,1.0,4
DM6_central1,DNpe050,acetylcholine,acetylcholine,1.0,2
DM6_central1,LAL182,acetylcholine,acetylcholine,1.0,2
DM6_central1,LAL197,acetylcholine,acetylcholine,1.0,2
DM6_central1,LAL304m,acetylcholine,acetylcholine,1.0,5
DM6_central1,PLP300m,acetylcholine,acetylcholine,1.0,4
DM6_central1,PLP301m,acetylcholine,acetylcholine,1.0,4
DM6_central1,PS200,acetylcholine,acetylcholine,1.0,2
DM6_central1,PS248,acetylcholine,acetylcholine,1.0,2
DM6_central1,PS249,acetylcholine,acetylcholine,1.0,2
DM6_central1,PS252,acetylcholine,acetylcholine,1.0,5
DM6_central1,PS253,acetylcholine,acetylcholine,1.0,2
DM6_central1,PS258,acetylcholine,acetylcholine,1.0,2
DM6_central1,PS260,acetylcholine,acetylcholine,1.0,4
DM6_central1,SIP091,acetylcholine,acetylcholine,1.0,2
DM6_central1,WED146_a,acetylcholine,acetylcholine,1.0,2
DM6_central1,WED146_b,acetylcholine,acetylcholine,1.0,2
DM6_central1,WED146_c,acetylcholine,acetylcholine,1.0,2
DM6_central2,CB0429,acetylcholine,acetylcholine,1.0,2
DM6_central2,CL322,acetylcholine,acetylcholine,1.0,2
DM6_central2,CL333,acetylcholine,acetylcholine,1.0,2
DM6_central2,CL335,acetylcholine,acetylcholine,1.0,2
DM6_central2,CL336,acetylcholine,acetylcholine,1.0,2
DM6_central2,CL339,acetylcholine,acetylcholine,1.0,2
DM6_central2,DNp101,acetylcholine,acetylcholine,1.0,2
DM6_central2,DNp43,acetylcholine,acetylcholine,1.0,2
DM6_central2,DNpe037,acetylcholine,acetylcholine,1.0,2
DM6_central2,LAL190,acetylcholine,acetylcholine,1.0,2
DM6_central2,LAL193,acetylcholine,acetylcholine,1.0,2
DM6_central2,LAL195,acetylcholine,acetylcholine,1.0,2
DM6_central2,PS274,acetylcholine,acetylcholine,1.0,2
DM6_central2,PVLP141,acetylcholine,acetylcholine,1.0,2
DM6_dorso_lateral,#14295,acetylcholine,acetylcholine,1.0,1
DM6_dorso_lateral,#29309,acetylcholine,acetylcholine,1.0,1
DM6_dorso_lateral,#44505,acetylcholine,acetylcholine,1.0,1
DM6_dorso_lateral,#512521,acetylcholine,acetylcholine,1.0,1
DM6_dorso_lateral,#533835,acetylcholine,acetylcholine,1.0,1
DM6_dorso_lateral,#95084,acetylcholine,acetylcholine,1.0,1
DM6_dorso_lateral,AVLP757m,acetylcholine,acetylcholine,1.0,2
DM6_dorso_lateral,CB1650,acetylcholine,acetylcholine,1.0,1
DM6_dorso_lateral,CB4150,acetylcholine,acetylcholine,1.0,3
DM6_dorso_lateral,SIP067,acetylcholine,acetylcholine,1.0,2
DM6_dorso_lateral,SIP069,acetylcholine,acetylcholine,1.0,3
DM6_dorso_lateral,SIP070,acetylcholine,acetylcholine,1.0,6
DM6_dorso_lateral,SIP071,acetylcholine,acetylcholine,1.0,6
DM6_dorso_lateral,SIP073,acetylcholine,acetylcholine,1.0,6
DM6_dorso_lateral,SIP074_a,acetylcholine,acetylcholine,1.0,2
DM6_dorso_lateral,SIP074_b,acetylcholine,acetylcholine,1.0,6
DM6_dorso_lateral,SIP075,acetylcholine,acetylcholine,1.0,6
DM6_dorso_lateral,SIP076,acetylcholine,acetylcholine,1.0,20
DM6_dorso_lateral,SIP077,acetylcholine,acetylcholine,1.0,4
DM6_dorso_lateral,SIP078,acetylcholine,acetylcholine,1.0,8
DM6_dorso_lateral,SIP080,acetylcholine,acetylcholine,1.0,6
DM6_dorso_lateral,SLP405,acetylcholine,acetylcholine,1.0,2
DM6_dorso_lateral,SLP405_a,acetylcholine,acetylcholine,1.0,13
DM6_dorso_lateral,SLP405_b,acetylcholine,acetylcholine,1.0,11
DM6_dorso_lateral,SLP405_c,acetylcholine,acetylcholine,1.0,6
DM6_dorso_lateral,SMP368,acetylcholine,acetylcholine,1.0,2
DM6_dorso_lateral,SMP369,acetylcholine,acetylcholine,1.0,2
DM6_dorso_lateral,SMP372,acetylcholine,acetylcholine,1.0,2
DM6_dorso_lateral,SMP373,acetylcholine,acetylcholine,1.0,2
DM6_dorso_lateral,SMP377,acetylcholine,acetylcholine,1.0,15
DM6_dorso_lateral,SMP378,acetylcholine,acetylcholine,1.0,2
DM6_dorso_lateral,SMP379,acetylcholine,acetylcholine,1.0,2
DM6_dorso_lateral,SMP380,acetylcholine,acetylcholine,1.0,7
DM6_dorso_lateral,SMP381_a,acetylcholine,acetylcholine,1.0,6
DM6_dorso_lateral,SMP381_b,acetylcholine,acetylcholine,1.0,4
DM6_dorso_lateral,SMP381_c,acetylcholine,acetylcholine,1.0,2
DM6_dorso_lateral,SMP382,acetylcholine,acetylcholine,1.0,7
DM6_dorso_medial,FB4Z_a,glutamate,glutamate,1.0,8
DM6_dorso_medial,FB4Z_b,glutamate,glutamate,1.0,3
DM6_dorso_medial,FB4Z_c,glutamate,glutamate,1.0,4
DM6_dorso_medial,FB5R,glutamate,glutamate,1.0,4
DM6_dorso_medial,FB5S,glutamate,glutamate,1.0,9
DM6_dorso_medial,FB5U,glutamate,glutamate,1.0,4
DM6_dorso_medial,FB6J,glutamate,glutamate,1.0,5
DM6_dorso_medial,FB6K,glutamate,glutamate,1.0,4
DM6_dorso_medial,FB7D_a,glutamate,glutamate,1.0,4
DM6_dorso_medial,FB7D_b,glutamate,glutamate,1.0,4
DM6_dorso_medial,FB7J,glutamate,glutamate,1.0,4
DM6_dorso_medial,FB8B,glutamate,glutamate,1.0,4
DM6_dorso_medial,FB8C,glutamate,glutamate,1.0,4
DM6_posterior,#131056,glutamate,glutamate,1.0,1
DM6_posterior,#132977,glutamate,glutamate,1.0,1
DM6_posterior,#159498,glutamate,glutamate,1.0,1
DM6_posterior,#226431,glutamate,glutamate,1.0,1
DM6_posterior,ATL045,glutamate,glutamate,1.0,2
DM6_posterior,AVLP580,glutamate,glutamate,1.0,4
DM6_posterior,AVLP584,glutamate,glutamate,1.0,8
DM6_posterior,AVLP586,glutamate,glutamate,1.0,2
DM6_posterior,CB1007,glutamate,glutamate,1.0,6
DM6_posterior,CB1012,glutamate,glutamate,1.0,7
DM6_posterior,CB1458,glutamate,glutamate,1.0,6
DM6_posterior,CB1523,glutamate,glutamate,1.0,5
DM6_posterior,CB1556,glutamate,glutamate,1.0,15
DM6_posterior,CB1576,glutamate,glutamate,1.0,5
DM6_posterior,CB1641,glutamate,glutamate,1.0,5
DM6_posterior,CB1684,glutamate,glutamate,1.0,6
DM6_posterior,CB1789,glutamate,glutamate,1.0,9
DM6_posterior,CB1805,glutamate,glutamate,1.0,10
DM6_posterior,CB1812,glutamate,glutamate,1.0,4
DM6_posterior,CB1836,glutamate,glutamate,1.0,9
DM6_posterior,CB1997,glutamate,glutamate,1.0,11
DM6_posterior,CB1997_b,glutamate,glutamate,1.0,2
DM6_posterior,CB2027,glutamate,glutamate,1.0,5
DM6_posterior,CB2059,glutamate,glutamate,1.0,4
DM6_posterior,CB2229,glutamate,glutamate,1.0,4
DM6_posterior,CB2252,glutamate,glutamate,1.0,9
DM6_posterior,CB2343,glutamate,glutamate,1.0,8
DM6_posterior,CB2459,glutamate,glutamate,1.0,4
DM6_posterior,CB2462,glutamate,glutamate,1.0,2
DM6_posterior,CB2694,glutamate,glutamate,1.0,6
DM6_posterior,CB2783,glutamate,glutamate,1.0,2
DM6_posterior,CB2902,glutamate,glutamate,1.0,2
DM6_posterior,CB2966,glutamate,glutamate,1.0,4
DM6_posterior,CB2982,glutamate,glutamate,1.0,2
DM6_posterior,CB2995,glutamate,glutamate,1.0,5
DM6_posterior,CB2996,glutamate,glutamate,1.0,2
DM6_posterior,CB3197,glutamate,glutamate,1.0,2
DM6_posterior,CB4054,glutamate,glutamate,1.0,2
DM6_posterior,CB4095,glutamate,glutamate,1.0,6
DM6_posterior,CB4096,glutamate,glutamate,1.0,13
DM6_posterior,CB4097,glutamate,glutamate,1.0,7
DM6_posterior,CB4206,glutamate,glutamate,1.0,6
DM6_posterior,CL345,glutamate,glutamate,1.0,2
DM6_posterior,CL348,glutamate,glutamate,1.0,4
DM6_posterior,CL351,glutamate,glutamate,1.0,3
DM6_posterior,CL352,glutamate,glutamate,1.0,2
DM6_posterior,CL353,glutamate,glutamate,1.0,8
DM6_posterior,CL354,glutamate,glutamate,1.0,4
DM6_posterior,CL355,glutamate,glutamate,1.0,6
DM6_posterior,IB093,glutamate,glutamate,1.0,2
DM6_posterior,IB094,glutamate,glutamate,1.0,2
DM6_posterior,IB095,glutamate,glutamate,1.0,2
DM6_posterior,LoVC26,glutamate,glutamate,1.0,6
DM6_posterior,LoVC27,glutamate,glutamate,1.0,10
DM6_posterior,LoVC28,glutamate,glutamate,1.0,3
DM6_posterior,LoVC29,glutamate,glutamate,1.0,4
DM6_posterior,OLVC6,glutamate,glutamate,1.0,2
DM6_posterior,OLVC7,glutamate,glutamate,1.0,6
DM6_posterior,PS281,glutamate,glutamate,1.0,4
DM6_posterior,PS282,glutamate,glutamate,1.0,7
DM6_posterior,PS283,glutamate,glutamate,1.0,2
DM6_posterior,PS284,glutamate,glutamate,1.0,4
DM6_posterior,PS285,glutamate,glutamate,1.0,6
DM6_posterior,PS286,glutamate,glutamate,1.0,2
DM6_ventral,#113342,acetylcholine,acetylcholine,1.0,1
DM6_ventral,#41851,acetylcholine,acetylcholine,1.0,1
DM6_ventral,#44658,acetylcholine,acetylcholine,1.0,1
DM6_ventral,#46407,acetylcholine,acetylcholine,1.0,1
DM6_ventral,#60924,acetylcholine,acetylcholine,1.0,1
DM6_ventral,#62415,acetylcholine,acetylcholine,1.0,1
DM6_ventral,#67770,acetylcholine,acetylcholine,1.0,1
DM6_ventral,#86939,acetylcholine,acetylcholine,1.0,1
DM6_ventral,#87494,acetylcholine,acetylcholine,1.0,1
DM6_ventral,CB0320,acetylcholine,acetylcholine,1.0,2
DM6_ventral,CB1047,acetylcholine,acetylcholine,1.0,4
DM6_ventral,CB1477,acetylcholine,acetylcholine,1.0,3
DM6_ventral,CB2205,acetylcholine,acetylcholine,1.0,4
DM6_ventral,CB2294,acetylcholine,acetylcholine,1.0,4
DM6_ventral,CB2348,acetylcholine,acetylcholine,1.0,3
DM6_ventral,CB2501,acetylcholine,acetylcholine,1.0,6
DM6_ventral,CB2503,acetylcholine,acetylcholine,1.0,6
DM6_ventral,CB2935,acetylcholine,acetylcholine,1.0,2
DM6_ventral,CB2972,acetylcholine,acetylcholine,1.0,4
DM6_ventral,CB3140,acetylcholine,acetylcholine,1.0,6
DM6_ventral,CB3204,acetylcholine,acetylcholine,1.0,2
DM6_ventral,CB3343,acetylcholine,acetylcholine,1.0,2
DM6_ventral,LAL187,acetylcholine,acetylcholine,1.0,2
DM6_ventral,LAL188_a,acetylcholine,acetylcholine,1.0,4
DM6_ventral,LAL188_b,acetylcholine,acetylcholine,1.0,4
DM6_ventral,LAL189,acetylcholine,acetylcholine,1.0,6
DM6_ventral,PS238,acetylcholine,acetylcholine,1.0,2
DM6_ventral,PS267,acetylcholine,acetylcholine,1.0,5
DM6_ventral,PS268,acetylcholine,acetylcholine,1.0,8
DM6_ventral,PS269,acetylcholine,acetylcholine,1.0,5
DM6_ventral,PS270,acetylcholine,acetylcholine,1.0,6
DM6_ventral,PS313,acetylcholine,acetylcholine,1.0,2
DM6_ventral,WED166_a,acetylcholine,acetylcholine,1.0,4
DM6_ventral,WED166_d,acetylcholine,acetylcholine,1.0,12
DM6_ventral,WED167,acetylcholine,acetylcholine,1.0,6
DM6_ventral,WED168,acetylcholine,acetylcholine,1.0,8
EBa1,#103999,gaba,gaba,1.0,1
EBa1,#105998,gaba,gaba,1.0,1
EBa1,#113513,gaba,gaba,1.0,1
EBa1,#129032,gaba,gaba,1.0,1
EBa1,#155798,gaba,gaba,1.0,1
EBa1,#176990,gaba,gaba,1.0,1
EBa1,#181935,gaba,gaba,1.0,1
EBa1,#40625,gaba,gaba,1.0,1
EBa1,#42191,gaba,gaba,1.0,1
EBa1,#42460,gaba,gaba,1.0,1
EBa1,#529500,gaba,gaba,1.0,1
EBa1,#530060,gaba,gaba,1.0,1
EBa1,#540071,gaba,gaba,1.0,1
EBa1,#545447,gaba,gaba,1.0,1
EBa1,#69839,gaba,gaba,1.0,1
EBa1,ATL009,gaba,gaba,1.0,5
EBa1,CB1079,gaba,gaba,1.0,1
EBa1,CB1124,gaba,gaba,1.0,2
EBa1,CB1128,gaba,gaba,1.0,4
EBa1,CB1454,gaba,gaba,1.0,2
EBa1,CB2018,gaba,gaba,1.0,1
EBa1,CB2245,gaba,gaba,1.0,4
EBa1,CB2357,gaba,gaba,1.0,2
EBa1,CB2469,gaba,gaba,1.0,6
EBa1,CB2784,gaba,gaba,1.0,8
EBa1,CB4155,gaba,gaba,1.0,7
EBa1,CRE051,gaba,gaba,1.0,6
EBa1,CRE052,gaba,gaba,1.0,8
EBa1,CRE054,gaba,gaba,1.0,9
EBa1,CRE055,gaba,gaba,1.0,17
EBa1,CRE056,gaba,gaba,1.0,8
EBa1,CRE057,gaba,gaba,1.0,2
EBa1,ER1_a,gaba,gaba,1.0,11
EBa1,ER1_b,gaba,gaba,1.0,13
EBa1,ER1_c,gaba,gaba,1.0,4
EBa1,ER2_a,gaba,gaba,1.0,12
EBa1,ER2_b,gaba,gaba,1.0,4
EBa1,ER2_c,gaba,gaba,1.0,20
EBa1,ER2_d,gaba,gaba,1.0,5
EBa1,ER3a_a,gaba,gaba,1.0,15
EBa1,ER3a_b,gaba,gaba,1.0,6
EBa1,ER3a_c,gaba,gaba,1.0,4
EBa1,ER3a_d,gaba,gaba,1.0,5
EBa1,ER3d_a,gaba,gaba,1.0,7
EBa1,ER3d_b,gaba,gaba,1.0,20
EBa1,ER3d_c,gaba,gaba,1.0,9
EBa1,ER3d_d,gaba,gaba,1.0,11
EBa1,ER3d_e,gaba,gaba,1.0,7
EBa1,ER3m,gaba,gaba,1.0,18
EBa1,ER3p_a,gaba,gaba,1.0,14
EBa1,ER3p_b,gaba,gaba,1.0,4
EBa1,ER3w_a,gaba,gaba,1.0,7
EBa1,ER3w_b,gaba,gaba,1.0,18
EBa1,ER3w_c,gaba,gaba,1.0,6
EBa1,ER4d,gaba,gaba,1.0,26
EBa1,ER4m,gaba,gaba,1.0,11
EBa1,ER5,gaba,gaba,1.0,21
EBa1,ER6,gaba,gaba,1.0,4
EBa1,FB3C,gaba,gaba,1.0,13
EBa1,FB3E,gaba,gaba,1.0,2
EBa1,MBON10,gaba,gaba,1.0,9
EBa1,SIP027,gaba,gaba,1.0,7
EBa1,SIP028,gaba,gaba,1.0,9
EBa1,SMP166,gaba,gaba,1.0,6
FLAa1,#23167,gaba,gaba,1.0,1
FLAa1,#520390,gaba,gaba,1.0,1
FLAa1,#523379,gaba,gaba,1.0,1
FLAa1,#70088,gaba,gaba,1.0,1
FLAa1,CB0079,gaba,gaba,1.0,2
FLAa1,CB2043,gaba,gaba,1.0,2
FLAa1,CB2620,gaba,gaba,1.0,2
FLAa1,CB3394,gaba,gaba,1.0,2
FLAa1,LAL127,gaba,gaba,1.0,4
FLAa1,PS100,gaba,gaba,1.0,2
FLAa1,VES109,gaba,gaba,1.0,2
FLAa2,#132884,acetylcholine,acetylcholine,0.9751552795031055,1
FLAa2,#164849,acetylcholine,acetylcholine,0.9751552795031055,1
FLAa2,#18245,acetylcholine,acetylcholine,0.9751552795031055,1
FLAa2,#52860,acetylcholine,acetylcholine,0.9751552795031055,1
FLAa2,#553860,acetylcholine,acetylcholine,0.9751552795031055,1
FLAa2,#60964,acetylcholine,acetylcholine,0.9751552795031055,1
FLAa2,#75180,acetylcholine,acetylcholine,0.9751552795031055,1
FLAa2,CB0227,acetylcholine,acetylcholine,0.975,2
FLAa2,CB0648,acetylcholine,acetylcholine,0.9751552795031055,1
FLAa2,CB0650,glutamate,acetylcholine,1.0,4
FLAa2,CB2535,acetylcholine,acetylcholine,0.975,2
FLAa2,CB2537,acetylcholine,acetylcholine,0.975,2
FLAa2,CB3446,acetylcholine,acetylcholine,0.9745222929936306,5
FLAa2,CB4077,acetylcholine,acetylcholine,0.9736842105263158,10
FLAa2,CB4081,acetylcholine,acetylcholine,0.972972972972973,14
FLAa2,CB4082,acetylcholine,acetylcholine,0.9735099337748344,11
FLAa2,CB4225,acetylcholine,acetylcholine,0.9745222929936306,5
FLAa2,GNG488,acetylcholine,acetylcholine,0.9746835443037974,4
FLAa2,GNG595,acetylcholine,acetylcholine,0.9743589743589743,6
FLAa2,GNG596,acetylcholine,acetylcholine,0.975,2
FLAa2,GNG597,acetylcholine,acetylcholine,0.9743589743589743,6
FLAa2,MBON12,acetylcholine,acetylcholine,0.9746835443037974,4
FLAa2,MBON13,acetylcholine,acetylcholine,0.975,2
FLAa2,MBON14,acetylcholine,acetylcholine,0.9746835443037974,4
FLAa2,PRW008,acetylcholine,acetylcholine,0.9736842105263158,10
FLAa2,PRW009,acetylcholine,acetylcholine,0.9743589743589743,6
FLAa2,PRW010,acetylcholine,acetylcholine,0.974025974025974,8
FLAa2,PRW012,acetylcholine,acetylcholine,0.9746835443037974,4
FLAa2,PRW019,acetylcholine,acetylcholine,0.975,2
FLAa2,PRW028,acetylcholine,acetylcholine,0.9743589743589743,6
FLAa2,PRW029,acetylcholine,acetylcholine,0.975,2
FLAa2,PRW032,acetylcholine,acetylcholine,0.975,2
FLAa2,PRW066,acetylcholine,acetylcholine,0.975,2
FLAa2,SMP729,acetylcholine,acetylcholine,0.9746835443037974,4
FLAa2,SMP731,acetylcholine,acetylcholine,0.9748427672955975,3
FLAa2,SMP733,acetylcholine,acetylcholine,0.975,2
FLAa2,SMP734,acetylcholine,acetylcholine,0.9741935483870968,7
FLAa2,SMP736,acetylcholine,acetylcholine,0.9751552795031055,1
FLAa2,SMP739,acetylcholine,acetylcholine,0.974025974025974,8
FLAa2,SMP742,acetylcholine,acetylcholine,0.9746835443037974,4
FLAa3,BiT,acetylcholine,acetylcholine,0.8878504672897196,2
FLAa3,CB1008,acetylcholine,acetylcholine,0.8651685393258427,20
FLAa3,CB1024,acetylcholine,acetylcholine,0.8811881188118812,8
FLAa3,CB1537,acetylcholine,acetylcholine,0.8846153846153846,5
FLAa3,CB2636,acetylcholine,acetylcholine,0.883495145631068,6
FLAa3,FLA001m,acetylcholine,acetylcholine,0.8762886597938144,12
FLAa3,FLA002m,acetylcholine,acetylcholine,0.8762886597938144,12
FLAa3,FLA003m,acetylcholine,acetylcholine,0.8857142857142857,4
FLAa3,FLA004m,acetylcholine,acetylcholine,0.8775510204081632,11
FLAa3,FLA005m,acetylcholine,acetylcholine,0.8867924528301887,3
FLAa3,FLA009m,acetylcholine,acetylcholine,0.8888888888888888,1
FLAa3,PRW051,glutamate,acetylcholine,0.9065420560747663,2
FLAa3,PRW074,glutamate,acetylcholine,0.9065420560747663,2
FLAa3,SIP105m,acetylcholine,acetylcholine,0.8878504672897196,2
FLAa3,SMP740,glutamate,acetylcholine,0.9603960396039604,8
FLAa3,SMP743,acetylcholine,acetylcholine,0.8857142857142857,4
FLAa3,VES206m,acetylcholine,acetylcholine,0.8823529411764706,7
LALa1_anterior,#129990,gaba,gaba,1.0,1
LALa1_anterior,#21786,gaba,gaba,1.0,1
LALa1_anterior,#28195,gaba,gaba,1.0,1
LALa1_anterior,#35787,gaba,gaba,1.0,1
LALa1_anterior,#41250,gaba,gaba,1.0,1
LALa1_anterior,#46029,gaba,gaba,1.0,1
LALa1_anterior,#48019,gaba,gaba,1.0,1
LALa1_anterior,#52734,gaba,gaba,1.0,1
LALa1_anterior,#52953,gaba,gaba,1.0,1
LALa1_anterior,#57994,gaba,gaba,1.0,1
LALa1_anterior,#67651,gaba,gaba,1.0,1
LALa1_anterior,AVLP090,gaba,gaba,1.0,2
LALa1_anterior,AVLP093,gaba,gaba,1.0,2
LALa1_anterior,AVLP094,gaba,gaba,1.0,2
LALa1_anterior,AVLP095,gaba,gaba,1.0,2
LALa1_anterior,AVLP096,gaba,gaba,1.0,4
LALa1_anterior,AVLP252,gaba,gaba,1.0,2
LALa1_anterior,AVLP253,gaba,gaba,1.0,2
LALa1_anterior,AVLP254,gaba,gaba,1.0,2
LALa1_anterior,AVLP255,gaba,gaba,1.0,2
LALa1_anterior,AVLP256,gaba,gaba,1.0,6
LALa1_anterior,CB1705,gaba,gaba,1.0,8
LALa1_anterior,CB2066,gaba,gaba,1.0,10
LALa1_anterior,CB2425,gaba,gaba,1.0,3
LALa1_anterior,CB2430,gaba,gaba,1.0,2
LALa1_anterior,CB2936,gaba,gaba,1.0,2
LALa1_anterior,CB3065,gaba,gaba,1.0,3
LALa1_anterior,CB3595,gaba,gaba,1.0,2
LALa1_anterior,CB3879,gaba,gaba,1.0,2
LALa1_anterior,CL054,gaba,gaba,1.0,2
LALa1_anterior,CL055,gaba,gaba,1.0,2
LALa1_anterior,CL056,gaba,gaba,1.0,2
LALa1_anterior,LAL046,gaba,gaba,1.0,2
LALa1_anterior,LAL049,gaba,gaba,1.0,2
LALa1_anterior,LAL050,gaba,gaba,1.0,8
LALa1_anterior,LAL056,gaba,gaba,1.0,6
LALa1_anterior,LAL059,gaba,gaba,1.0,6
LALa1_anterior,LAL060_a,gaba,gaba,1.0,7
LALa1_anterior,LAL060_b,gaba,gaba,1.0,6
LALa1_anterior,LAL061,gaba,gaba,1.0,7
LALa1_anterior,LAL063,gaba,gaba,1.0,2
LALa1_anterior,LAL067,gaba,gaba,1.0,8
LALa1_anterior,LAL071,gaba,gaba,1.0,8
LALa1_anterior,PLP018,gaba,gaba,1.0,4
LALa1_anterior,PLP019,gaba,gaba,1.0,2
LALa1_anterior,PLP060,gaba,gaba,1.0,2
LALa1_anterior,PLP250,gaba,gaba,1.0,2
LALa1_anterior,PS050,gaba,gaba,1.0,2
LALa1_anterior,PVLP060,gaba,gaba,1.0,6
LALa1_anterior,SAD011,gaba,gaba,1.0,6
LALa1_anterior,SAD019,gaba,gaba,1.0,2
LALa1_anterior,WED012,gaba,gaba,1.0,5
LALa1_anterior,WED013,gaba,gaba,1.0,1
LALa1_anterior,WED014,gaba,gaba,1.0,4
LALa1_anterior,WED015,gaba,gaba,1.0,9
LALa1_anterior,WED029,gaba,gaba,1.0,4
LALa1_posterior,AOTU032,acetylcholine,acetylcholine,1.0,4
LALa1_posterior,AOTU034,acetylcholine,acetylcholine,1.0,4
LALa1_posterior,CB0325,acetylcholine,acetylcholine,1.0,2
LALa1_posterior,CB0640,acetylcholine,acetylcholine,1.0,2
LALa1_posterior,CB1202,acetylcholine,acetylcholine,1.0,2
LALa1_posterior,CB1213,acetylcholine,acetylcholine,1.0,7
LALa1_posterior,CB1356,acetylcholine,acetylcholine,1.0,3
LALa1_posterior,CB1564,acetylcholine,acetylcholine,1.0,4
LALa1_posterior,CB1599,acetylcholine,acetylcholine,1.0,3
LALa1_posterior,CB1654,acetylcholine,acetylcholine,1.0,7
LALa1_posterior,CB2227,acetylcholine,acetylcholine,1.0,3
LALa1_posterior,CB2246,acetylcholine,acetylcholine,1.0,7
LALa1_posterior,CB2523,acetylcholine,acetylcholine,1.0,3
LALa1_posterior,CB2713,acetylcholine,acetylcholine,1.0,4
LALa1_posterior,CB2855,acetylcholine,acetylcholine,1.0,2
LALa1_posterior,CB2950,acetylcholine,acetylcholine,1.0,8
LALa1_posterior,CB2963,acetylcholine,acetylcholine,1.0,2
LALa1_posterior,CB3209,acetylcholine,acetylcholine,1.0,2
LALa1_posterior,CB3961,acetylcholine,acetylcholine,1.0,2
LALa1_posterior,CB4181,acetylcholine,acetylcholine,1.0,1
LALa1_posterior,LAL064,acetylcholine,acetylcholine,1.0,4
LALa1_posterior,PLP063,acetylcholine,acetylcholine,1.0,3
LALa1_posterior,WED009,acetylcholine,acetylcholine,1.0,6
LALa1_posterior,WED010,acetylcholine,acetylcholine,1.0,6
LALa1_posterior,WED011,acetylcholine,acetylcholine,1.0,2
LALa1_posterior,WED016,acetylcholine,acetylcholine,1.0,2
LALa1_posterior,WED017,acetylcholine,acetylcholine,1.0,2
LALa1_posterior,WED018,acetylcholine,acetylcholine,1.0,2
LALa1_posterior,WED020_a,acetylcholine,acetylcholine,1.0,2
LALa1_posterior,WED020_b,acetylcholine,acetylcholine,1.0,3
LALa1_posterior,WED022,acetylcholine,acetylcholine,1.0,2
LALa1_posterior,WED042,acetylcholine,acetylcholine,1.0,10
LALa1_posterior,WED044,acetylcholine,acetylcholine,1.0,2
LALa1_posterior,WEDPN16_d,acetylcholine,acetylcholine,1.0,6
LALa1_posterior,WEDPN17_a1,acetylcholine,acetylcholine,1.0,7
LALa1_posterior,WEDPN17_a2,acetylcholine,acetylcholine,1.0,4
LALa1_posterior,WEDPN17_b,acetylcholine,acetylcholine,1.0,6
LALa1_posterior,WEDPN17_c,acetylcholine,acetylcholine,1.0,9
LALa1_posterior,WEDPN18,acetylcholine,acetylcholine,1.0,3
LALa1_posterior,WEDPN7A,acetylcholine,acetylcholine,1.0,7
LALa1_posterior,WEDPN7B,acetylcholine,acetylcholine,1.0,8
LALa1_posterior,WEDPN7C,acetylcholine,acetylcholine,1.0,5
LALv1_ventral,AVLP451,acetylcholine,acetylcholine,0.6298342541436464,8
LALv1_ventral,AVLP452,acetylcholine,acetylcholine,0.6378378378378379,4
LALv1_ventral,AVLP454_a1,acetylcholine,acetylcholine,0.6378378378378379,4
LALv1_ventral,AVLP454_a2,acetylcholine,acetylcholine,0.6417112299465241,2
LALv1_ventral,AVLP454_a3,acetylcholine,acetylcholine,0.6417112299465241,2
LALv1_ventral,AVLP454_b1,acetylcholine,acetylcholine,0.6417112299465241,2
LALv1_ventral,AVLP454_b2,acetylcholine,acetylcholine,0.6417112299465241,2
LALv1_ventral,AVLP454_b3,acetylcholine,acetylcholine,0.6417112299465241,2
LALv1_ventral,AVLP454_b4,acetylcholine,acetylcholine,0.6417112299465241,2
LALv1_ventral,AVLP454_b5,acetylcholine,acetylcholine,0.6417112299465241,2
LALv1_ventral,AVLP454_b6,acetylcholine,acetylcholine,0.6417112299465241,2
LALv1_ventral,AVLP455,acetylcholine,acetylcholine,0.6397849462365591,3
LALv1_ventral,AVLP457,acetylcholine,acetylcholine,0.6417112299465241,2
LALv1_ventral,AVLP459,acetylcholine,acetylcholine,0.6417112299465241,2
LALv1_ventral,CB0391,acetylcholine,acetylcholine,0.6397849462365591,3
LALv1_ventral,CB0675,acetylcholine,acetylcholine,0.6417112299465241,2
LALv1_ventral,CB1421,gaba,acetylcholine,0.6524064171122995,2
LALv1_ventral,CB1498,acetylcholine,acetylcholine,0.6397849462365591,3
LALv1_ventral,CB1792,gaba,acetylcholine,0.6559139784946236,3
LALv1_ventral,CB2132,acetylcholine,acetylcholine,0.6417112299465241,2
LALv1_ventral,CB2207,acetylcholine,acetylcholine,0.6318681318681318,7
LALv1_ventral,CB2624,acetylcholine,acetylcholine,0.6378378378378379,4
LALv1_ventral,CB2674,acetylcholine,acetylcholine,0.6358695652173914,5
LALv1_ventral,CB3404,acetylcholine,acetylcholine,0.6397849462365591,3
LALv1_ventral,GNG580,acetylcholine,acetylcholine,0.6417112299465241,2
LALv1_ventral,LAL081,acetylcholine,acetylcholine,0.6417112299465241,2
LALv1_ventral,LAL200,acetylcholine,acetylcholine,0.6417112299465241,2
LALv1_ventral,OCC01b,acetylcholine,acetylcholine,0.6417112299465241,2
LALv1_ventral,OCG06,acetylcholine,acetylcholine,0.6417112299465241,2
LALv1_ventral,OLVC5,acetylcholine,acetylcholine,0.6417112299465241,2
LALv1_ventral,PLP071,acetylcholine,acetylcholine,0.6378378378378379,4
LALv1_ventral,PLP073,acetylcholine,acetylcholine,0.6378378378378379,4
LALv1_ventral,PS068,acetylcholine,acetylcholine,0.6417112299465241,2
LALv1_ventral,PS070,gaba,acetylcholine,0.6524064171122995,2
LALv1_ventral,PS072,gaba,acetylcholine,0.6853932584269663,11
LALv1_ventral,PS074,gaba,acetylcholine,0.6594594594594595,4
LALv1_ventral,PS076,gaba,acetylcholine,0.6666666666666666,6
LALv1_ventral,PS077,gaba,acetylcholine,0.7011494252873564,15
LALv1_ventral,PS078,gaba,acetylcholine,0.6666666666666666,6
LALv1_ventral,PS324,gaba,acetylcholine,0.6892655367231638,12
LALv1_ventral,PS331,gaba,acetylcholine,0.6666666666666666,6
LALv1_ventral,PVLP089,acetylcholine,acetylcholine,0.6417112299465241,2
LALv1_ventral,PVLP090,acetylcholine,acetylcholine,0.6417112299465241,2
LALv1_ventral,PVLP092,acetylcholine,acetylcholine,0.6338797814207651,6
LALv1_ventral,SAD044,acetylcholine,acetylcholine,0.6378378378378379,4
LALv1_ventral,SAD045,acetylcholine,acetylcholine,0.6256983240223464,10
LALv1_ventral,SAD046,acetylcholine,acetylcholine,0.6378378378378379,4
LALv1_ventral,SMP168,acetylcholine,acetylcholine,0.6417112299465241,2
LALv1_ventral,SMP169,acetylcholine,acetylcholine,0.6417112299465241,2
LHa1,#105949,acetylcholine,acetylcholine,1.0,1
LHa1,#142968,acetylcholine,acetylcholine,1.0,1
LHa1,#151494,acetylcholine,acetylcholine,1.0,1
LHa1,#21092,acetylcholine,acetylcholine,1.0,1
LHa1,#31385,acetylcholine,acetylcholine,1.0,1
LHa1,#41795,acetylcholine,acetylcholine,1.0,1
LHa1,#44407,acetylcholine,acetylcholine,1.0,1
LHa1,#529417,acetylcholine,acetylcholine,1.0,1
LHa1,#552293,acetylcholine,acetylcholine,1.0,1
LHa1,#59670,acetylcholine,acetylcholine,1.0,1
LHa1,CB0994,acetylcholine,acetylcholine,1.0,4
LHa1,CB1442,acetylcholine,acetylcholine,1.0,2
LHa1,CB1570,acetylcholine,acetylcholine,1.0,10
LHa1,CB1655,acetylcholine,acetylcholine,1.0,2
LHa1,CB1771,acetylcholine,acetylcholine,1.0,4
LHa1,CB1811,acetylcholine,acetylcholine,1.0,4
LHa1,CB2172,acetylcholine,acetylcholine,1.0,2
LHa1,CB2226,acetylcholine,acetylcholine,1.0,4
LHa1,CB2687,acetylcholine,acetylcholine,1.0,5
LHa1,CB2688,acetylcholine,acetylcholine,1.0,4
LHa1,CB2693,acetylcholine,acetylcholine,1.0,7
LHa1,CB2701,acetylcholine,acetylcholine,1.0,5
LHa1,CB2714,acetylcholine,acetylcholine,1.0,2
LHa1,CB2919,acetylcholine,acetylcholine,1.0,6
LHa1,CB3023,acetylcholine,acetylcholine,1.0,5
LHa1,CB3030,acetylcholine,acetylcholine,1.0,2
LHa1,CB3319,acetylcholine,acetylcholine,1.0,2
LHa1,CB3347,acetylcholine,acetylcholine,1.0,2
LHa1,LHAV6a1,acetylcholine,acetylcholine,1.0,4
LHa1,LHAV6a3,acetylcholine,acetylcholine,1.0,11
LHa1,LHAV6a4,acetylcholine,acetylcholine,1.0,4
LHa1,LHAV6a5,acetylcholine,acetylcholine,1.0,6
LHa1,LHAV6a7,acetylcholine,acetylcholine,1.0,8
LHa1,LHAV6b3,acetylcholine,acetylcholine,1.0,11
LHa1,SLP112,acetylcholine,acetylcholine,1.0,6
LHa1,SLP113,acetylcholine,acetylcholine,1.0,6
LHa1,SLP114,acetylcholine,acetylcholine,1.0,2
LHa1,SLP115,acetylcholine,acetylcholine,1.0,7
LHa1,SLP116,acetylcholine,acetylcholine,1.0,2
LHa2,#28730,acetylcholine,acetylcholine,0.9946808510638298,1
LHa2,#29289,acetylcholine,acetylcholine,0.9946808510638298,1
LHa2,#32666,acetylcholine,acetylcholine,0.9946808510638298,1
LHa2,#34199,acetylcholine,acetylcholine,0.9946808510638298,1
LHa2,#44858,acetylcholine,acetylcholine,0.9946808510638298,1
LHa2,#51350,acetylcholine,acetylcholine,0.9946808510638298,1
LHa2,#519270,acetylcholine,acetylcholine,0.9946808510638298,1
LHa2,#534195,acetylcholine,acetylcholine,0.9946808510638298,1
LHa2,#54803,acetylcholine,acetylcholine,0.9946808510638298,1
LHa2,CB0947,acetylcholine,acetylcholine,0.9945054945054945,7
LHa2,CB1103,acetylcholine,acetylcholine,0.9946236559139785,3
LHa2,CB1104,acetylcholine,acetylcholine,0.9946524064171123,2
LHa2,CB1114,acetylcholine,acetylcholine,0.994413407821229,10
LHa2,CB1237,acetylcholine,acetylcholine,0.9946808510638298,1
LHa2,CB1238,acetylcholine,acetylcholine,0.9945945945945946,4
LHa2,CB1241,acetylcholine,acetylcholine,0.9945945945945946,4
LHa2,CB1276,acetylcholine,acetylcholine,0.994475138121547,8
LHa2,CB1448,acetylcholine,acetylcholine,0.9945945945945946,4
LHa2,CB1513,acetylcholine,acetylcholine,0.9946524064171123,2
LHa2,CB1560,acetylcholine,acetylcholine,0.9946524064171123,2
LHa2,CB1663,acetylcholine,acetylcholine,0.9945945945945946,4
LHa2,CB2036,gaba,acetylcholine,1.0,1
LHa2,CB2045,acetylcholine,acetylcholine,0.9945945945945946,4
LHa2,CB2133,acetylcholine,acetylcholine,0.994535519125683,6
LHa2,CB2442,acetylcholine,acetylcholine,0.9946524064171123,2
LHa2,CB2679,acetylcholine,acetylcholine,0.9945652173913043,5
LHa2,CB2805,acetylcholine,acetylcholine,0.994535519125683,6
LHa2,CB2938,acetylcholine,acetylcholine,0.9946524064171123,2
LHa2,CB4132,acetylcholine,acetylcholine,0.9945054945054945,7
LHa2,CB4193,acetylcholine,acetylcholine,0.9945945945945946,4
LHa2,LHAV2a2,acetylcholine,acetylcholine,0.9944444444444445,9
LHa2,LHAV2a3,acetylcholine,acetylcholine,0.9944444444444445,9
LHa2,LHAV2a5,acetylcholine,acetylcholine,0.9946236559139785,3
LHa2,LHAV2e4_b,acetylcholine,acetylcholine,0.9946524064171123,2
LHa2,LHAV2h1,acetylcholine,acetylcholine,0.9943181818181818,13
LHa2,LHAV2i4,acetylcholine,acetylcholine,0.9945652173913043,5
LHa2,LHAV2j1,acetylcholine,acetylcholine,0.9946524064171123,2
LHa2,LHAV2k1,acetylcholine,acetylcholine,0.994535519125683,6
LHa2,LHAV2k10,acetylcholine,acetylcholine,0.9946524064171123,2
LHa2,LHAV2k11_a,acetylcholine,acetylcholine,0.9946524064171123,2
LHa2,LHAV2k12_a,acetylcholine,acetylcholine,0.9945945945945946,4
LHa2,LHAV2k12_b,acetylcholine,acetylcholine,0.9946524064171123,2
LHa2,LHAV2k13,acetylcholine,acetylcholine,0.9946524064171123,2
LHa2,LHAV2k5,acetylcholine,acetylcholine,0.9945652173913043,5
LHa2,LHAV2k9,acetylcholine,acetylcholine,0.994475138121547,8
LHa2,LHAV3g2,acetylcholine,acetylcholine,0.9945945945945946,4
LHa2,LHAV3k6,acetylcholine,acetylcholine,0.9946524064171123,2
LHa2,SLP048,acetylcholine,acetylcholine,0.9946524064171123,2
LHa2,SLP094_a,acetylcholine,acetylcholine,0.9945945945945946,4
LHa2,SLP094_b,acetylcholine,acetylcholine,0.9945945945945946,4
LHa2,SLP094_c,acetylcholine,acetylcholine,0.9946524064171123,2
LHa3,#141635,acetylcholine,acetylcholine,0.978021978021978,1
LHa3,#23879,acetylcholine,acetylcholine,0.978021978021978,1
LHa3,#26093,acetylcholine,acetylcholine,0.978021978021978,1
LHa3,#47781,acetylcholine,acetylcholine,0.978021978021978,1
LHa3,#49421,acetylcholine,acetylcholine,0.978021978021978,1
LHa3,#53353,acetylcholine,acetylcholine,0.978021978021978,1
LHa3,#55240,acetylcholine,acetylcholine,0.978021978021978,1
LHa3,#56294,acetylcholine,acetylcholine,0.978021978021978,1
LHa3,#58219,acetylcholine,acetylcholine,0.978021978021978,1
LHa3,#59626,acetylcholine,acetylcholine,0.978021978021978,1
LHa3,#60188,acetylcholine,acetylcholine,0.978021978021978,1
LHa3,#64989,acetylcholine,acetylcholine,0.978021978021978,1
LHa3,#94322,acetylcholine,acetylcholine,0.978021978021978,1
LHa3,CB0996,acetylcholine,acetylcholine,0.9775280898876404,5
LHa3,CB1181,acetylcholine,acetylcholine,0.9774011299435028,6
LHa3,CB1333,acetylcholine,acetylcholine,0.976878612716763,10
LHa3,CB1595,acetylcholine,acetylcholine,0.9770114942528736,9
LHa3,CB2467,acetylcholine,acetylcholine,0.9772727272727273,7
LHa3,CB2743,acetylcholine,acetylcholine,0.978021978021978,1
LHa3,CB2895,acetylcholine,acetylcholine,0.9777777777777777,3
LHa3,CB2907,acetylcholine,acetylcholine,0.9776536312849162,4
LHa3,CB2927,acetylcholine,acetylcholine,0.9777777777777777,3
LHa3,CB3021,acetylcholine,acetylcholine,0.9777777777777777,3
LHa3,CB3274,acetylcholine,acetylcholine,0.9779005524861878,2
LHa3,CB4084,acetylcholine,acetylcholine,0.9763313609467456,14
LHa3,CB4085,acetylcholine,acetylcholine,0.9774011299435028,6
LHa3,CB4086,acetylcholine,acetylcholine,0.976878612716763,10
LHa3,CB4087,acetylcholine,acetylcholine,0.9767441860465116,11
LHa3,CB4088,acetylcholine,acetylcholine,0.9770114942528736,9
LHa3,LHAV3a1_b,acetylcholine,acetylcholine,0.9776536312849162,4
LHa3,LHAV3b1,acetylcholine,acetylcholine,0.9772727272727273,7
LHa3,LHAV3b12,acetylcholine,acetylcholine,0.9779005524861878,2
LHa3,LHAV3b13,acetylcholine,acetylcholine,0.9776536312849162,4
LHa3,LHAV3b2_a,acetylcholine,acetylcholine,0.9776536312849162,4
LHa3,LHAV3b2_b,acetylcholine,acetylcholine,0.9776536312849162,4
LHa3,LHAV3b2_c,acetylcholine,acetylcholine,0.9776536312849162,4
LHa3,LHAV3b6_b,acetylcholine,acetylcholine,0.9776536312849162,4
LHa3,LHAV3b8,acetylcholine,acetylcholine,0.9774011299435028,6
LHa3,LHAV3g1,glutamate,acetylcholine,1.0,4
LHa3,LHAV3h1,acetylcholine,acetylcholine,0.9779005524861878,2
LHa3,LHAV3k4,acetylcholine,acetylcholine,0.9779005524861878,2
LHa3,LHAV3n1,acetylcholine,acetylcholine,0.9766081871345029,12
LHa3,LHAV3o1,acetylcholine,acetylcholine,0.9774011299435028,6
LHa3,SLP047,acetylcholine,acetylcholine,0.9779005524861878,2
LHd1,#138610,acetylcholine,acetylcholine,1.0,1
LHd1,#145326,acetylcholine,acetylcholine,1.0,1
LHd1,#152126,acetylcholine,acetylcholine,1.0,1
LHd1,#152159,acetylcholine,acetylcholine,1.0,1
LHd1,#156723,acetylcholine,acetylcholine,1.0,1
LHd1,#240397,acetylcholine,acetylcholine,1.0,1
LHd1,#557836,acetylcholine,acetylcholine,1.0,1
LHd1,CB1020,acetylcholine,acetylcholine,1.0,6
LHd1,CB1033,acetylcholine,acetylcholine,1.0,7
LHd1,CB1263,acetylcholine,acetylcholine,1.0,3
LHd1,CB1574,acetylcholine,acetylcholine,1.0,5
LHd1,CB1924,acetylcholine,acetylcholine,1.0,4
LHd1,CB2174,acetylcholine,acetylcholine,1.0,4
LHd1,CB2184,acetylcholine,acetylcholine,1.0,4
LHd1,CB2892,acetylcholine,acetylcholine,1.0,8
LHd1,CB2934,acetylcholine,acetylcholine,1.0,6
LHd1,CB3124,acetylcholine,acetylcholine,1.0,2
LHd1,CB3208,acetylcholine,acetylcholine,1.0,4
LHd1,CB3340,acetylcholine,acetylcholine,1.0,4
LHd1,CB3374,acetylcholine,acetylcholine,1.0,4
LHd1,CB3570,acetylcholine,acetylcholine,1.0,2
LHd1,CB3608,acetylcholine,acetylcholine,1.0,2
LHd1,CB4141,acetylcholine,acetylcholine,1.0,8
LHd1,LHAD3a1,acetylcholine,acetylcholine,1.0,4
LHd1,LHAD3a10,acetylcholine,acetylcholine,1.0,2
LHd1,LHAD3a8,acetylcholine,acetylcholine,1.0,4
LHd1,LHAD3b1_a,acetylcholine,acetylcholine,1.0,2
LHd1,LHAD3d4,acetylcholine,acetylcholine,1.0,2
LHd1,LHAD3d5,acetylcholine,acetylcholine,1.0,2
LHd1,LHAD3e1_a,acetylcholine,acetylcholine,1.0,4
LHd1,LHAD3f1_a,acetylcholine,acetylcholine,1.0,6
LHd1,LHAD3f1_b,acetylcholine,acetylcholine,1.0,4
LHd1,SLP149,acetylcholine,acetylcholine,1.0,2
LHd1,SLP151,acetylcholine,acetylcholine,1.0,2
LHd1,SLP152,acetylcholine,acetylcholine,1.0,8
LHd2,#102716,glutamate,glutamate,0.9880239520958084,1
LHd2,#104034,glutamate,glutamate,0.9880239520958084,1
LHd2,#143269,glutamate,glutamate,0.9880239520958084,1
LHd2,#34148,glutamate,glutamate,0.9880239520958084,1
LHd2,#36026,glutamate,glutamate,0.9880239520958084,1
LHd2,#37186,glutamate,glutamate,0.9880239520958084,1
LHd2,#43230,glutamate,glutamate,0.9880239520958084,1
LHd2,#516274,glutamate,glutamate,0.9880239520958084,1
LHd2,#516331,glutamate,glutamate,0.9880239520958084,1
LHd2,#542355,glutamate,glutamate,0.9880239520958084,1
LHd2,#562451,glutamate,glutamate,0.9880239520958084,1
LHd2,#73963,glutamate,glutamate,0.9880239520958084,1
LHd2,#88490,glutamate,glutamate,0.9880239520958084,1
LHd2,#88799,glutamate,glutamate,0.9880239520958084,1
LHd2,CB1057,glutamate,glutamate,0.9878048780487805,4
LHd2,CB1059,glutamate,glutamate,0.9878048780487805,4
LHd2,CB1154,glutamate,glutamate,0.9866666666666667,18
LHd2,CB1160,glutamate,glutamate,0.9876543209876543,6
LHd2,CB1286,glutamate,glutamate,0.9878787878787879,3
LHd2,CB1846,glutamate,glutamate,0.9878048780487805,4
LHd2,CB1984,glutamate,glutamate,0.9879518072289156,2
LHd2,CB2600,glutamate,glutamate,0.9876543209876543,6
LHd2,CB2648,glutamate,glutamate,0.9879518072289156,2
LHd2,CB2920,glutamate,glutamate,0.9877300613496932,5
LHd2,CB2970,glutamate,glutamate,0.9879518072289156,2
LHd2,CB3361,glutamate,glutamate,0.9879518072289156,2
LHd2,CL132,glutamate,glutamate,0.9878048780487805,4
LHd2,LHPD3a2_a,glutamate,glutamate,0.9875,8
LHd2,LHPD3a2_b,glutamate,glutamate,0.9875,8
LHd2,LHPD3a2_c,glutamate,glutamate,0.9878048780487805,4
LHd2,LHPD3a4_b,glutamate,glutamate,0.9874213836477987,9
LHd2,LHPD3a4_c,glutamate,glutamate,0.9874213836477987,9
LHd2,LHPD3a5,glutamate,glutamate,0.9875,8
LHd2,LHPD3c1,glutamate,glutamate,0.9878787878787879,3
LHd2,SLP305,acetylcholine,glutamate,1.0,2
LHd2,SLP308,glutamate,glutamate,0.9878048780487805,4
LHd2,SLP311,glutamate,glutamate,0.9878048780487805,4
LHd2,SLP312,glutamate,glutamate,0.9876543209876543,6
LHd2,SLP313,glutamate,glutamate,0.9878048780487805,4
LHd2,SLP314,glutamate,glutamate,0.9875,8
LHd2,SLP315,glutamate,glutamate,0.9879518072289156,2
LHd2,SLP316,glutamate,glutamate,0.9876543209876543,6
LHd2,SLP319,glutamate,glutamate,0.9879518072289156,2
LHd2,SLP320,glutamate,glutamate,0.9877300613496932,5
LHl1,AVL006_a,gaba,gaba,0.9818181818181818,2
LHl1,AVLP002,gaba,gaba,0.9814814814814815,5
LHl1,AVLP003,gaba,gaba,0.9813664596273292,6
LHl1,AVLP004_a,gaba,gaba,0.98125,7
LHl1,AVLP004_b,gaba,gaba,0.9814814814814815,5
LHl1,AVLP005,gaba,gaba,0.9811320754716981,8
LHl1,AVLP009,gaba,gaba,0.9815950920245399,4
LHl1,AVLP734m,gaba,gaba,0.9811320754716981,8
LHl1,AVLP755m,gaba,gaba,0.9818181818181818,2
LHl1,AVLP760m,gaba,gaba,0.9818181818181818,2
LHl1,AVLP761m,gaba,gaba,0.9815950920245399,4
LHl1,AVLP762m,gaba,gaba,0.9814814814814815,5
LHl1,AVLP763m,gaba,gaba,0.9818181818181818,2
LHl1,CB1432,gaba,gaba,0.9814814814814815,5
LHl1,CB2038,gaba,gaba,0.9813664596273292,6
LHl1,CB2480,gaba,gaba,0.9813664596273292,6
LHl1,CB2763,gaba,gaba,0.9814814814814815,5
LHl1,CB2764,gaba,gaba,0.9817073170731707,3
LHl1,CB3036,gaba,gaba,0.9815950920245399,4
LHl1,CB3393,glutamate,gaba,1.0,3
LHl1,CB3732,gaba,gaba,0.9818181818181818,2
LHl1,ICL008m,gaba,gaba,0.9813664596273292,6
LHl1,LHAV4a1_a,gaba,gaba,0.9818181818181818,2
LHl1,LHAV4a1_b,gaba,gaba,0.9811320754716981,8
LHl1,LHAV4a5,gaba,gaba,0.9811320754716981,8
LHl1,LHAV4a6,gaba,gaba,0.9818181818181818,2
LHl1,LHAV4a7,gaba,gaba,0.9811320754716981,8
LHl1,LHAV4c2,gaba,gaba,0.9810126582278481,9
LHl1,LHAV4d4,gaba,gaba,0.9815950920245399,4
LHl1,LHAV4d5,gaba,gaba,0.9810126582278481,9
LHl1,LHAV4j1,gaba,gaba,0.9818181818181818,2
LHl1,WED001,gaba,gaba,0.9808917197452229,10
LHl1,vpoIN,gaba,gaba,0.9814814814814815,5
LHl2_dorsal,AVLP749m,acetylcholine,acetylcholine,1.0,12
LHl2_dorsal,CB1289,acetylcholine,acetylcholine,1.0,7
LHl2_dorsal,CB1308,acetylcholine,acetylcholine,1.0,4
LHl2_dorsal,CB1697,acetylcholine,acetylcholine,1.0,4
LHl2_dorsal,CB2667,acetylcholine,acetylcholine,1.0,5
LHl2_dorsal,CB3212,acetylcholine,acetylcholine,1.0,1
LHl2_dorsal,CB3357,acetylcholine,acetylcholine,1.0,4
LHl2_dorsal,CB3507,acetylcholine,acetylcholine,1.0,2
LHl2_dorsal,CB4208,acetylcholine,acetylcholine,1.0,9
LHl2_dorsal,CB4209,acetylcholine,acetylcholine,1.0,8
LHl2_dorsal,CRE001,acetylcholine,acetylcholine,1.0,5
LHl2_dorsal,LHAD1b1_b,acetylcholine,acetylcholine,1.0,8
LHl2_dorsal,LHAD1b2,acetylcholine,acetylcholine,1.0,8
LHl2_dorsal,LHAD1b2_b,acetylcholine,acetylcholine,1.0,6
LHl2_dorsal,LHAD1b2_d,acetylcholine,acetylcholine,1.0,5
LHl2_dorsal,LHAD1b3,acetylcholine,acetylcholine,1.0,4
LHl2_dorsal,LHAD1b4,acetylcholine,acetylcholine,1.0,5
LHl2_dorsal,LHAD1b5,acetylcholine,acetylcholine,1.0,12
LHl2_dorsal,LHAD1c2,acetylcholine,acetylcholine,1.0,11
LHl2_dorsal,LHAD1c2b,acetylcholine,acetylcholine,1.0,2
LHl2_dorsal,LHAD1d1,acetylcholine,acetylcholine,1.0,8
LHl2_dorsal,LHAD1d2,acetylcholine,acetylcholine,1.0,4
LHl2_dorsal,SLP128,acetylcholine,acetylcholine,1.0,6
LHl2_dorsal,SLP129_c,acetylcholine,acetylcholine,1.0,6
LHl2_dorsal,SMP002,acetylcholine,acetylcholine,1.0,2
LHl2_dorsal,SMP004,acetylcholine,acetylcholine,1.0,2
LHl2_dorsal,SMP030,acetylcholine,acetylcholine,1.0,2
LHl2_dorsal,SMP031,acetylcholine,acetylcholine,1.0,1
LHl2_ventral,AVLP022,glutamate,glutamate,1.0,3
LHl2_ventral,AVLP059,glutamate,glutamate,1.0,4
LHl2_ventral,AVLP060,glutamate,glutamate,1.0,7
LHl2_ventral,AVLP062,glutamate,glutamate,1.0,4
LHl2_ventral,AVLP063,glutamate,glutamate,1.0,4
LHl2_ventral,AVLP064,glutamate,glutamate,1.0,5
LHl2_ventral,AVLP065,glutamate,glutamate,1.0,2
LHl2_ventral,AVLP067,glutamate,glutamate,1.0,4
LHl2_ventral,AVLP069_a,glutamate,glutamate,1.0,4
LHl2_ventral,AVLP069_b,glutamate,glutamate,1.0,6
LHl2_ventral,AVLP069_c,glutamate,glutamate,1.0,6
LHl2_ventral,CB1005,glutamate,glutamate,1.0,2
LHl2_ventral,CB1116,glutamate,glutamate,1.0,1
LHl2_ventral,CB1911,glutamate,glutamate,1.0,3
LHl2_ventral,CB2342,glutamate,glutamate,1.0,10
LHl2_ventral,CB3439,glutamate,glutamate,1.0,6
LHl2_ventral,CB3512,glutamate,glutamate,1.0,2
LHl2_ventral,CB3569,glutamate,glutamate,1.0,4
LHl2_ventral,CB3606,glutamate,glutamate,1.0,2
LHl2_ventral,CB3629,glutamate,glutamate,1.0,2
LHl2_ventral,CB3630,glutamate,glutamate,1.0,2
LHl2_ventral,CB3635,glutamate,glutamate,1.0,4
LHl2_ventral,CB3660,glutamate,glutamate,1.0,5
LHl2_ventral,CB3666,glutamate,glutamate,1.0,4
LHl3,CL027,gaba,gaba,0.5384615384615384,2
LHl3,CL028,gaba,gaba,0.5384615384615384,2
LHl3,LHAV2m1,gaba,gaba,0.5,4
LHl3,LHAV3d1,glutamate,gaba,0.6153846153846154,2
LHl3,LHAV3k2,acetylcholine,gaba,0.6153846153846154,2
LHl3,LHAV3k3,acetylcholine,gaba,0.6153846153846154,2
LHl3,LHAV3m1,gaba,gaba,0.5384615384615384,2
LHl3,LoVP74,acetylcholine,gaba,0.6666666666666666,4
LHl3,SLP206,gaba,gaba,0.5384615384615384,2
LHl3,SLP207,gaba,gaba,0.5384615384615384,2
LHl3,SLP209,gaba,gaba,0.5384615384615384,2
LHl3,SLP210,acetylcholine,gaba,0.6153846153846154,2
LHl4_dorsal,#136571,gaba,gaba,0.9757575757575757,1
LHl4_dorsal,#147407,gaba,gaba,0.9757575757575757,1
LHl4_dorsal,#523610,gaba,gaba,0.9757575757575757,1
LHl4_dorsal,#53002,gaba,gaba,0.9757575757575757,1
LHl4_dorsal,#531530,gaba,gaba,0.9757575757575757,1
LHl4_dorsal,#61060,gaba,gaba,0.9757575757575757,1
LHl4_dorsal,#66854,gaba,gaba,0.9757575757575757,1
LHl4_dorsal,#68398,gaba,gaba,0.9757575757575757,1
LHl4_dorsal,#86968,gaba,gaba,0.9757575757575757,1
LHl4_dorsal,#90700,gaba,gaba,0.9757575757575757,1
LHl4_dorsal,CB0373,glutamate,gaba,0.9878048780487805,2
LHl4_dorsal,CB1246,gaba,gaba,0.9748427672955975,7
LHl4_dorsal,CB1483,gaba,gaba,0.9754601226993865,3
LHl4_dorsal,CB1509,gaba,gaba,0.975609756097561,2
LHl4_dorsal,CB1619,gaba,gaba,0.9753086419753086,4
LHl4_dorsal,CB1927,gaba,gaba,0.975609756097561,2
LHl4_dorsal,CB2107,gaba,gaba,0.9753086419753086,4
LHl4_dorsal,CB2678,gaba,gaba,0.9746835443037974,8
LHl4_dorsal,CB2691,gaba,gaba,0.975609756097561,2
LHl4_dorsal,CB2755,gaba,gaba,0.975609756097561,2
LHl4_dorsal,CB2770,gaba,gaba,0.9751552795031055,5
LHl4_dorsal,CB2812,gaba,gaba,0.9754601226993865,3
LHl4_dorsal,CB2831,gaba,gaba,0.9748427672955975,7
LHl4_dorsal,CB2851,gaba,gaba,0.9751552795031055,5
LHl4_dorsal,CB2880,gaba,gaba,0.975609756097561,2
LHl4_dorsal,CB2906,gaba,gaba,0.9753086419753086,4
LHl4_dorsal,CB3016,gaba,gaba,0.9748427672955975,7
LHl4_dorsal,CB3051,gaba,gaba,0.9754601226993865,3
LHl4_dorsal,CB3727,glutamate,gaba,0.9878048780487805,2
LHl4_dorsal,CB3728,gaba,gaba,0.975609756097561,2
LHl4_dorsal,CB3733,gaba,gaba,0.9753086419753086,4
LHl4_dorsal,LHAV4b1,gaba,gaba,0.9751552795031055,5
LHl4_dorsal,LHAV4b2,gaba,gaba,0.9743589743589743,10
LHl4_dorsal,LHAV4b4,gaba,gaba,0.975,6
LHl4_dorsal,LHAV4g1,gaba,gaba,0.9743589743589743,10
LHl4_dorsal,LHAV4g12,gaba,gaba,0.9753086419753086,4
LHl4_dorsal,LHAV4g13,gaba,gaba,0.9753086419753086,4
LHl4_dorsal,LHAV4g14,gaba,gaba,0.975609756097561,2
LHl4_dorsal,LHAV4g17,gaba,gaba,0.975609756097561,2
LHl4_dorsal,LHAV4g6_a,gaba,gaba,0.9751552795031055,5
LHl4_dorsal,LHAV4g7_a,gaba,gaba,0.9753086419753086,4
LHl4_dorsal,LHAV4g7_b,gaba,gaba,0.9748427672955975,7
LHl4_dorsal,LHCENT13_a,gaba,gaba,0.9753086419753086,4
LHl4_dorsal,LHCENT13_b,gaba,gaba,0.9754601226993865,3
LHl4_dorsal,LHCENT13_c,gaba,gaba,0.9754601226993865,3
LHl4_dorsal,LHCENT13_d,gaba,gaba,0.975609756097561,2
LHl4_dorsal,SLP065,gaba,gaba,0.9751552795031055,5
LHl4_posterior,CB2494,acetylcholine,acetylcholine,1.0,6
LHl4_posterior,CB3734,acetylcholine,acetylcholine,1.0,3
LHl4_posterior,LC35a,acetylcholine,acetylcholine,1.0,10
LHl4_posterior,LC35b,acetylcholine,acetylcholine,1.0,2
LHl4_posterior,LHPV2h1,acetylcholine,acetylcholine,1.0,2
LHl4_posterior,LHPV2i1,acetylcholine,acetylcholine,1.0,3
LHl4_posterior,LHPV2i2_a,acetylcholine,acetylcholine,1.0,2
LHl4_posterior,LHPV2i2_b,acetylcholine,acetylcholine,1.0,2
LHl4_posterior,LT63,acetylcholine,acetylcholine,1.0,4
LHl4_posterior,LT64,acetylcholine,acetylcholine,1.0,2
LHl4_posterior,LT79,acetylcholine,acetylcholine,1.0,2
LHl4_posterior,LT82a,acetylcholine,acetylcholine,1.0,4
LHl4_posterior,LT82b,acetylcholine,acetylcholine,1.0,2
LHl4_posterior,LT86,acetylcholine,acetylcholine,1.0,2
LHl4_posterior,LT87,acetylcholine,acetylcholine,1.0,2
LHl4_posterior,LoVP100,acetylcholine,acetylcholine,1.0,2
LHl4_posterior,LoVP18,acetylcholine,acetylcholine,1.0,12
LHl4_posterior,LoVP50,acetylcholine,acetylcholine,1.0,7
LHl4_posterior,LoVP90a,acetylcholine,acetylcholine,1.0,2
LHl4_posterior,LoVP90b,acetylcholine,acetylcholine,1.0,2
LHl4_posterior,LoVP90c,acetylcholine,acetylcholine,1.0,2
LHl4_posterior,LoVP_unclear,acetylcholine,acetylcholine,1.0,2
LHl4_posterior,PLP095,acetylcholine,acetylcholine,1.0,4
LHl4_posterior,PLP096,acetylcholine,acetylcholine,1.0,2
LHl4_posterior,PLP099,acetylcholine,acetylcholine,1.0,7
LHl4_posterior,PLP100,acetylcholine,acetylcholine,1.0,3
LHl4_posterior,PLP101,acetylcholine,acetylcholine,1.0,7
LHl4_posterior,PLP102,acetylcholine,acetylcholine,1.0,4
LHl4_posterior,PLP103,acetylcholine,acetylcholine,1.0,9
LHl4_posterior,PLP106,acetylcholine,acetylcholine,1.0,6
LHl4_posterior,PLP108,acetylcholine,acetylcholine,1.0,9
LHl4_posterior,PLP109,acetylcholine,acetylcholine,1.0,4
LHl4_posterior,PLP111,acetylcholine,acetylcholine,1.0,5
LHl4_posterior,PLP113,acetylcholine,acetylcholine,1.0,4
LHl4_posterior,PLP114,acetylcholine,acetylcholine,1.0,2
LHl4_posterior,PLP115_a,acetylcholine,acetylcholine,1.0,10
LHl4_posterior,PLP115_b,acetylcholine,acetylcholine,1.0,16
LHp1,CB1219,glutamate,glutamate,1.0,6
LHp1,CB1247,glutamate,glutamate,1.0,2
LHp1,CB1405,glutamate,glutamate,1.0,2
LHp1,CB1503,glutamate,glutamate,1.0,5
LHp1,CB1577,glutamate,glutamate,1.0,3
LHp1,CB1726,glutamate,glutamate,1.0,2
LHp1,CB1850,glutamate,glutamate,1.0,5
LHp1,CB1981,glutamate,glutamate,1.0,4
LHp1,CB2026,glutamate,glutamate,1.0,2
LHp1,CB2029,glutamate,glutamate,1.0,2
LHp1,CB2064,glutamate,glutamate,1.0,8
LHp1,CB2111,glutamate,glutamate,1.0,2
LHp1,CB2290,glutamate,glutamate,1.0,10
LHp1,CB2725,glutamate,glutamate,1.0,2
LHp1,CB2733,glutamate,glutamate,1.0,3
LHp1,CB2782,glutamate,glutamate,1.0,3
LHp1,CB2786,glutamate,glutamate,1.0,4
LHp1,CB2790,glutamate,glutamate,1.0,2
LHp1,CB2904,glutamate,glutamate,1.0,4
LHp1,CB3012,glutamate,glutamate,1.0,4
LHp1,CB3278,glutamate,glutamate,1.0,2
LHp1,CB3288,glutamate,glutamate,1.0,4
LHp1,CB4114,glutamate,glutamate,1.0,7
LHp1,CB4115,glutamate,glutamate,1.0,6
LHp1,LHPV4a1,glutamate,glutamate,1.0,6
LHp1,LHPV4a10,glutamate,glutamate,1.0,12
LHp1,LHPV4a11,glutamate,glutamate,1.0,2
LHp1,LHPV4a2,glutamate,glutamate,1.0,6
LHp1,LHPV4a3,glutamate,glutamate,1.0,4
LHp1,LHPV4a5,glutamate,glutamate,1.0,12
LHp1,LHPV4a7,glutamate,glutamate,1.0,3
LHp1,LHPV4a7_d,glutamate,glutamate,1.0,2
LHp1,LHPV4a8,glutamate,glutamate,1.0,5
LHp1,LHPV4a9,glutamate,glutamate,1.0,4
LHp1,LHPV4d10,glutamate,glutamate,1.0,6
LHp1,LHPV4d3,glutamate,glutamate,1.0,6
LHp1,LHPV4d4,glutamate,glutamate,1.0,4
LHp1,LHPV4d7,glutamate,glutamate,1.0,2
LHp1,LHPV4h1,glutamate,glutamate,1.0,9
LHp1,LHPV4h3,glutamate,glutamate,1.0,2
LHp1,LHPV4i1,glutamate,glutamate,1.0,6
LHp1,LHPV4i3,glutamate,glutamate,1.0,8
LHp1,LHPV4i4,glutamate,glutamate,1.0,2
LHp1,LHPV4j2,glutamate,glutamate,1.0,2
LHp1,LHPV4j3,glutamate,glutamate,1.0,2
LHp1,LHPV4j4,glutamate,glutamate,1.0,2
LHp1,LHPV4k1,glutamate,glutamate,1.0,3
LHp2,#100929,acetylcholine,acetylcholine,1.0,1
LHp2,#108063,acetylcholine,acetylcholine,1.0,1
LHp2,#109886,acetylcholine,acetylcholine,1.0,1
LHp2,#110438,acetylcholine,acetylcholine,1.0,1
LHp2,#113939,acetylcholine,acetylcholine,1.0,1
LHp2,#114830,acetylcholine,acetylcholine,1.0,1
LHp2,#117781,acetylcholine,acetylcholine,1.0,1
LHp2,#120613,acetylcholine,acetylcholine,1.0,1
LHp2,#123920,acetylcholine,acetylcholine,1.0,1
LHp2,#135134,acetylcholine,acetylcholine,1.0,1
LHp2,#140362,acetylcholine,acetylcholine,1.0,1
LHp2,#142636,acetylcholine,acetylcholine,1.0,1
LHp2,#27405,acetylcholine,acetylcholine,1.0,1
LHp2,#27782,acetylcholine,acetylcholine,1.0,1
LHp2,#31082,acetylcholine,acetylcholine,1.0,1
LHp2,#31175,acetylcholine,acetylcholine,1.0,1
LHp2,#35685,acetylcholine,acetylcholine,1.0,1
LHp2,#35976,acetylcholine,acetylcholine,1.0,1
LHp2,#36223,acetylcholine,acetylcholine,1.0,1
LHp2,#38060,acetylcholine,acetylcholine,1.0,1
LHp2,#40451,acetylcholine,acetylcholine,1.0,1
LHp2,#41343,acetylcholine,acetylcholine,1.0,1
LHp2,#42481,acetylcholine,acetylcholine,1.0,1
LHp2,#43501,acetylcholine,acetylcholine,1.0,1
LHp2,#43625,acetylcholine,acetylcholine,1.0,1
LHp2,#44661,acetylcholine,acetylcholine,1.0,1
LHp2,#45886,acetylcholine,acetylcholine,1.0,1
LHp2,#48599,acetylcholine,acetylcholine,1.0,1
LHp2,#48918,acetylcholine,acetylcholine,1.0,1
LHp2,#49406,acetylcholine,acetylcholine,1.0,1
LHp2,#517783,acetylcholine,acetylcholine,1.0,1
LHp2,#518923,acetylcholine,acetylcholine,1.0,1
LHp2,#535999,acetylcholine,acetylcholine,1.0,1
LHp2,#536000,acetylcholine,acetylcholine,1.0,1
LHp2,#53614,acetylcholine,acetylcholine,1.0,1
LHp2,#547456,acetylcholine,acetylcholine,1.0,1
LHp2,#54860,acetylcholine,acetylcholine,1.0,1
LHp2,#553131,acetylcholine,acetylcholine,1.0,1
LHp2,#56253,acetylcholine,acetylcholine,1.0,1
LHp2,#57211,acetylcholine,acetylcholine,1.0,1
LHp2,#57325,acetylcholine,acetylcholine,1.0,1
LHp2,#57475,acetylcholine,acetylcholine,1.0,1
LHp2,#58112,acetylcholine,acetylcholine,1.0,1
LHp2,#58460,acetylcholine,acetylcholine,1.0,1
LHp2,#59521,acetylcholine,acetylcholine,1.0,1
LHp2,#61563,acetylcholine,acetylcholine,1.0,1
LHp2,#62312,acetylcholine,acetylcholine,1.0,1
LHp2,#64322,acetylcholine,acetylcholine,1.0,1
LHp2,#64975,acetylcholine,acetylcholine,1.0,1
LHp2,#65027,acetylcholine,acetylcholine,1.0,1
LHp2,#68369,acetylcholine,acetylcholine,1.0,1
LHp2,#69733,acetylcholine,acetylcholine,1.0,1
LHp2,#73706,acetylcholine,acetylcholine,1.0,1
LHp2,#76791,acetylcholine,acetylcholine,1.0,1
LHp2,#77053,acetylcholine,acetylcholine,1.0,1
LHp2,#79626,acetylcholine,acetylcholine,1.0,1
LHp2,#80258,acetylcholine,acetylcholine,1.0,1
LHp2,#84729,acetylcholine,acetylcholine,1.0,1
LHp2,#84849,acetylcholine,acetylcholine,1.0,1
LHp2,#88844,acetylcholine,acetylcholine,1.0,1
LHp2,#90335,acetylcholine,acetylcholine,1.0,1
LHp2,#98533,acetylcholine,acetylcholine,1.0,1
LHp2,AVLP470_a,acetylcholine,acetylcholine,1.0,2
LHp2,AVLP470_b,acetylcholine,acetylcholine,1.0,2
LHp2,CB0946,acetylcholine,acetylcholine,1.0,1
LHp2,CB0972,acetylcholine,acetylcholine,1.0,5
LHp2,CB1156,acetylcholine,acetylcholine,1.0,3
LHp2,CB1201,acetylcholine,acetylcholine,1.0,9
LHp2,CB1387,acetylcholine,acetylcholine,1.0,6
LHp2,CB1533,acetylcholine,acetylcholine,1.0,2
LHp2,CB1744,acetylcholine,acetylcholine,1.0,3
LHp2,CB1752,acetylcholine,acetylcholine,1.0,6
LHp2,CB1782,acetylcholine,acetylcholine,1.0,7
LHp2,CB1818,acetylcholine,acetylcholine,1.0,4
LHp2,CB2206,acetylcholine,acetylcholine,1.0,2
LHp2,CB2208,acetylcholine,acetylcholine,1.0,8
LHp2,CB2224,acetylcholine,acetylcholine,1.0,5
LHp2,CB2377,acetylcholine,acetylcholine,1.0,4
LHp2,CB2555,acetylcholine,acetylcholine,1.0,2
LHp2,CB2563,acetylcholine,acetylcholine,1.0,2
LHp2,CB2870,acetylcholine,acetylcholine,1.0,2
LHp2,CB2976,acetylcholine,acetylcholine,1.0,6
LHp2,CB3055,acetylcholine,acetylcholine,1.0,7
LHp2,CB3075,acetylcholine,acetylcholine,1.0,5
LHp2,CB3081,acetylcholine,acetylcholine,1.0,4
LHp2,CB3133,acetylcholine,acetylcholine,1.0,2
LHp2,CB3173,acetylcholine,acetylcholine,1.0,4
LHp2,CB3293,acetylcholine,acetylcholine,1.0,5
LHp2,CB3308,acetylcholine,acetylcholine,1.0,8
LHp2,CB3318,acetylcholine,acetylcholine,1.0,4
LHp2,CB3548,acetylcholine,acetylcholine,1.0,3
LHp2,CB3556,acetylcholine,acetylcholine,1.0,7
LHp2,CB4019,acetylcholine,acetylcholine,1.0,1
LHp2,IB015,acetylcholine,acetylcholine,1.0,2
LHp2,LHAV6i2_b,acetylcholine,acetylcholine,1.0,2
LHp2,LHPV6a1,acetylcholine,acetylcholine,1.0,23
LHp2,LHPV6a10,acetylcholine,acetylcholine,1.0,2
LHp2,LHPV6a3,acetylcholine,acetylcholine,1.0,6
LHp2,LHPV6a9_b,acetylcholine,acetylcholine,1.0,7
LHp2,LHPV6c1,acetylcholine,acetylcholine,1.0,2
LHp2,LHPV6c2,acetylcholine,acetylcholine,1.0,2
LHp2,LHPV6d1,acetylcholine,acetylcholine,1.0,10
LHp2,LHPV6f1,acetylcholine,acetylcholine,1.0,11
LHp2,LHPV6f3_b,acetylcholine,acetylcholine,1.0,4
LHp2,LHPV6f5,acetylcholine,acetylcholine,1.0,5
LHp2,LHPV6h1,acetylcholine,acetylcholine,1.0,7
LHp2,LHPV6h1_b,acetylcholine,acetylcholine,1.0,6
LHp2,LHPV6h2,acetylcholine,acetylcholine,1.0,7
LHp2,"LHPV6h3,SLP276",acetylcholine,acetylcholine,1.0,6
LHp2,LHPV6i1_a,acetylcholine,acetylcholine,1.0,4
LHp2,LHPV6i2_a,acetylcholine,acetylcholine,1.0,2
LHp2,PLP123,acetylcholine,acetylcholine,1.0,2
LHp2,SLP269,acetylcholine,acetylcholine,1.0,2
LHp2,SLP271,acetylcholine,acetylcholine,1.0,2
LHp2,SLP273,acetylcholine,acetylcholine,1.0,2
LHp2,SLP274,acetylcholine,acetylcholine,1.0,3
LHp2,SLP275,acetylcholine,acetylcholine,1.0,10
LHp2,SLP322,acetylcholine,acetylcholine,1.0,7
LHp2,SLP324,acetylcholine,acetylcholine,1.0,10
LHp2,SMP236,acetylcholine,acetylcholine,1.0,2
LHp2,SMP242,acetylcholine,acetylcholine,1.0,2
LHp2,SMP243,acetylcholine,acetylcholine,1.0,8
LHp2,WED089,acetylcholine,acetylcholine,1.0,2
LHp2,WED091,acetylcholine,acetylcholine,1.0,2
LHp2,WED092,acetylcholine,acetylcholine,1.0,10
LHp2,WED093,acetylcholine,acetylcholine,1.0,4
LHp3,ATL019,acetylcholine,acetylcholine,1.0,3
LHp3,ATL020,acetylcholine,acetylcholine,1.0,4
LHp3,CB1326,acetylcholine,acetylcholine,1.0,3
LHp3,CB1348,acetylcholine,acetylcholine,1.0,1
LHp3,CB1413,acetylcholine,acetylcholine,1.0,2
LHp3,CB1500,acetylcholine,acetylcholine,1.0,4
LHp3,CB1879,acetylcholine,acetylcholine,1.0,2
LHp3,CB1901,acetylcholine,acetylcholine,1.0,9
LHp3,CB2079,acetylcholine,acetylcholine,1.0,2
LHp3,CB2092,acetylcholine,acetylcholine,1.0,2
LHp3,CB2148,acetylcholine,acetylcholine,1.0,10
LHp3,CB3008,acetylcholine,acetylcholine,1.0,1
LHp3,CB3240,acetylcholine,acetylcholine,1.0,2
LHp3,LHPV5h2_a,acetylcholine,acetylcholine,1.0,4
LHp3,LHPV5h2_b,acetylcholine,acetylcholine,1.0,3
LHp3,LHPV5h2_c,acetylcholine,acetylcholine,1.0,2
LHp3,LHPV5h4,acetylcholine,acetylcholine,1.0,8
LHp3,LHPV5j1,acetylcholine,acetylcholine,1.0,4
LHp3,LHPV5m1,acetylcholine,acetylcholine,1.0,4
MBp1,KCa'b'-ap1,acetylcholine,acetylcholine,1.0,47
MBp1,KCa'b'-ap2,acetylcholine,acetylcholine,1.0,82
MBp1,KCa'b'-m,acetylcholine,acetylcholine,1.0,53
MBp1,KCab-c,acetylcholine,acetylcholine,1.0,171
MBp1,KCab-m,acetylcholine,acetylcholine,1.0,85
MBp1,KCab-p,acetylcholine,acetylcholine,1.0,37
MBp1,KCab-s,acetylcholine,acetylcholine,1.0,149
MBp1,KCg-d,acetylcholine,acetylcholine,1.0,38
MBp1,KCg-m,acetylcholine,acetylcholine,1.0,334
MBp2,KCa'b'-ap1,acetylcholine,acetylcholine,1.0,53
MBp2,KCa'b'-ap2,acetylcholine,acetylcholine,1.0,74
MBp2,KCa'b'-m,acetylcholine,acetylcholine,1.0,50
MBp2,KCab-c,acetylcholine,acetylcholine,1.0,84
MBp2,KCab-m,acetylcholine,acetylcholine,1.0,189
MBp2,KCab-p,acetylcholine,acetylcholine,1.0,32
MBp2,KCab-s,acetylcholine,acetylcholine,1.0,144
MBp2,KCg-d,acetylcholine,acetylcholine,1.0,39
MBp2,KCg-m,acetylcholine,acetylcholine,1.0,346
MBp2,KCg-s3,acetylcholine,acetylcholine,1.0,1
MBp3,KC,acetylcholine,acetylcholine,1.0,1
MBp3,KCa'b'-ap1,acetylcholine,acetylcholine,1.0,48
MBp3,KCa'b'-ap2,acetylcholine,acetylcholine,1.0,64
MBp3,KCa'b'-m,acetylcholine,acetylcholine,1.0,52
MBp3,KCab-c,acetylcholine,acetylcholine,1.0,58
MBp3,KCab-m,acetylcholine,acetylcholine,1.0,200
MBp3,KCab-p,acetylcholine,acetylcholine,1.0,28
MBp3,KCab-s,acetylcholine,acetylcholine,1.0,169
MBp3,KCg-d,acetylcholine,acetylcholine,1.0,77
MBp3,KCg-m,acetylcholine,acetylcholine,1.0,339
MBp3,KCg-s3,acetylcholine,acetylcholine,1.0,1
MBp3,KCg-s4,acetylcholine,acetylcholine,1.0,1
MBp4,KC,acetylcholine,acetylcholine,1.0,1
MBp4,KCa'b'-ap1,acetylcholine,acetylcholine,1.0,51
MBp4,KCa'b'-ap2,acetylcholine,acetylcholine,1.0,71
MBp4,KCa'b'-m,acetylcholine,acetylcholine,1.0,50
MBp4,KCab-c,acetylcholine,acetylcholine,1.0,175
MBp4,KCab-m,acetylcholine,acetylcholine,1.0,62
MBp4,KCab-p,acetylcholine,acetylcholine,1.0,32
MBp4,KCab-s,acetylcholine,acetylcholine,1.0,195
MBp4,KCg,acetylcholine,acetylcholine,1.0,1
MBp4,KCg-d,acetylcholine,acetylcholine,1.0,52
MBp4,KCg-m,acetylcholine,acetylcholine,1.0,323
MBp4,KCg-s1,acetylcholine,acetylcholine,1.0,2
MBp4,KCg-s2,acetylcholine,acetylcholine,1.0,2
MBp4,KCg-s4,acetylcholine,acetylcholine,1.0,1
MD3,AMMC003,gaba,gaba,0.9298245614035088,8
MD3,AMMC004,gaba,gaba,0.9322033898305084,4
MD3,AMMC018,gaba,gaba,0.9304347826086956,7
MD3,AMMC019,gaba,gaba,0.9285714285714286,10
MD3,AMMC020,gaba,gaba,0.9292035398230089,9
MD3,AMMC021,gaba,gaba,0.9316239316239316,5
MD3,AMMC022,gaba,gaba,0.9310344827586207,6
MD3,AMMC023,gaba,gaba,0.9327731092436975,3
MD3,AMMC025,gaba,gaba,0.9310344827586207,6
MD3,AMMC026,gaba,gaba,0.9285714285714286,10
MD3,AMMC027,gaba,gaba,0.9327731092436975,3
MD3,AMMC029,gaba,gaba,0.9333333333333333,2
MD3,AMMC037,gaba,gaba,0.9333333333333333,2
MD3,CB3381,gaba,gaba,0.9338842975206612,1
MD3,DNg24,gaba,gaba,0.9333333333333333,2
MD3,DNg31,gaba,gaba,0.9333333333333333,2
MD3,DNg59,gaba,gaba,0.9333333333333333,2
MD3,DNg60,gaba,gaba,0.9333333333333333,2
MD3,DNg79,acetylcholine,gaba,0.9661016949152542,4
MD3,DNge032,acetylcholine,gaba,0.95,2
MD3,DNge096,gaba,gaba,0.9333333333333333,2
MD3,DNge097,glutamate,gaba,0.95,2
MD3,DNge098,gaba,gaba,0.9333333333333333,2
MD3,DNge101,gaba,gaba,0.9333333333333333,2
MD3,DNge107,gaba,gaba,0.9333333333333333,2
MD3,DNge127,gaba,gaba,0.9333333333333333,2
MD3,DNge129,gaba,gaba,0.9333333333333333,2
MD3,DNge135,gaba,gaba,0.9333333333333333,2
MD3,DNge142,gaba,gaba,0.9333333333333333,2
MD3,GNG013,gaba,gaba,0.9333333333333333,2
MD3,GNG201,gaba,gaba,0.9333333333333333,2
MD3,GNG350,gaba,gaba,0.9327731092436975,3
MD3,GNG355,gaba,gaba,0.9333333333333333,2
MD3,GNG403,gaba,gaba,0.9333333333333333,2
MD3,PS330,gaba,gaba,0.9338842975206612,1
MD3,SAD105,gaba,gaba,0.9333333333333333,2
MD_SA1,#36496,acetylcholine,acetylcholine,1.0,1
MD_SA1,GNG059,acetylcholine,acetylcholine,1.0,2
MD_SA1,GNG134,acetylcholine,acetylcholine,1.0,2
MD_SA1,GNG269,acetylcholine,acetylcholine,1.0,8
MD_SA1,GNG271,acetylcholine,acetylcholine,1.0,3
MD_SA1,GNG363,acetylcholine,acetylcholine,1.0,3
MD_SA1,GNG377,acetylcholine,acetylcholine,1.0,4
MD_SA1,GNG392,acetylcholine,acetylcholine,1.0,4
MD_SA1,GNG398,acetylcholine,acetylcholine,1.0,4
MD_SA1,GNG401,acetylcholine,acetylcholine,1.0,5
MD_SA1,GNG406,acetylcholine,acetylcholine,1.0,12
MD_SA1,GNG407,acetylcholine,acetylcholine,1.0,6
MD_SA1,GNG465,acetylcholine,acetylcholine,1.0,5
MD_SA1,GNG467,acetylcholine,acetylcholine,1.0,4
MD_SA1,GNG588,acetylcholine,acetylcholine,1.0,2
MD_SA1,GNG609,acetylcholine,acetylcholine,1.0,4
MD_SA1,GNG610,acetylcholine,acetylcholine,1.0,8
MD_SA1,GNG620,acetylcholine,acetylcholine,1.0,2
MD_SA1,GNG621,acetylcholine,acetylcholine,1.0,5
MD_SA1,GNG622,acetylcholine,acetylcholine,1.0,4
MD_SA1,GNG623,acetylcholine,acetylcholine,1.0,2
MX12__prim,DNg111,glutamate,acetylcholine,0.7058823529411765,2
MX12__prim,DNg13,acetylcholine,acetylcholine,0.6470588235294118,2
MX12__prim,DNg21,acetylcholine,acetylcholine,0.6470588235294118,2
MX12__prim,DNg33,acetylcholine,acetylcholine,0.6470588235294118,2
MX12__prim,DNg44,glutamate,acetylcholine,0.7058823529411765,2
MX12__prim,DNg62,acetylcholine,acetylcholine,0.6470588235294118,2
MX12__prim,DNg68,acetylcholine,acetylcholine,0.6470588235294118,2
MX12__prim,DNge069,glutamate,acetylcholine,0.7058823529411765,2
MX12__prim,DNge078,acetylcholine,acetylcholine,0.6470588235294118,2
MX12__prim,DNge123,glutamate,acetylcholine,0.7058823529411765,2
MX12__prim,DNge173,acetylcholine,acetylcholine,0.6470588235294118,2
MX12__prim,DNge174,acetylcholine,acetylcholine,0.6470588235294118,2
MX12__prim,GNG216,acetylcholine,acetylcholine,0.6470588235294118,2
MX12__prim,GNG233,glutamate,acetylcholine,0.7058823529411765,2
MX12__prim,GNG341,acetylcholine,acetylcholine,0.6470588235294118,2
MX12__prim,GNG494,acetylcholine,acetylcholine,0.6470588235294118,2
MX12__prim,GNG498,glutamate,acetylcholine,0.7058823529411765,2
MX12__prim,GNG499,acetylcholine,acetylcholine,0.6470588235294118,2
MX3,#15312,gaba,gaba,0.9252336448598131,1
MX3,#20844,gaba,gaba,0.9252336448598131,1
MX3,#219123,gaba,gaba,0.9252336448598131,1
MX3,#23860,gaba,gaba,0.9252336448598131,1
MX3,#28993,gaba,gaba,0.9252336448598131,1
MX3,#29667,gaba,gaba,0.9252336448598131,1
MX3,#32033,gaba,gaba,0.9252336448598131,1
MX3,#32042,gaba,gaba,0.9252336448598131,1
MX3,#32163,gaba,gaba,0.9252336448598131,1
MX3,#517833,gaba,gaba,0.9252336448598131,1
MX3,#530345,gaba,gaba,0.9252336448598131,1
MX3,#534901,gaba,gaba,0.9252336448598131,1
MX3,#535087,gaba,gaba,0.9252336448598131,1
MX3,#545433,gaba,gaba,0.9252336448598131,1
MX3,#60135,gaba,gaba,0.9252336448598131,1
MX3,#92735,gaba,gaba,0.9252336448598131,1
MX3,#97257,gaba,gaba,0.9252336448598131,1
MX3,AMMC001,gaba,gaba,0.9245283018867925,2
MX3,CB0397,gaba,gaba,0.9245283018867925,2
MX3,CB0420,glutamate,gaba,0.9433962264150944,2
MX3,CB0609,gaba,gaba,0.9245283018867925,2
MX3,CB0695,gaba,gaba,0.9245283018867925,2
MX3,CB2859,gaba,gaba,0.9230769230769231,4
MX3,CB3739,gaba,gaba,0.9230769230769231,4
MX3,CB4143,gaba,gaba,0.9215686274509803,6
MX3,DNg106,gaba,gaba,0.9130434782608695,16
MX3,DNg32,acetylcholine,gaba,0.9433962264150944,2
MX3,DNg70,gaba,gaba,0.9245283018867925,2
MX3,DNg74_a,gaba,gaba,0.9245283018867925,2
MX3,DNg74_b,gaba,gaba,0.9245283018867925,2
MX3,DNg83,gaba,gaba,0.9245283018867925,2
MX3,DNg97,acetylcholine,gaba,0.9433962264150944,2
MX3,DNg98,gaba,gaba,0.9245283018867925,2
MX3,DNge104,gaba,gaba,0.9245283018867925,2
MX3,DNge122,gaba,gaba,0.9245283018867925,2
MX3,DNge131,gaba,gaba,0.9245283018867925,2
MX3,DNge136,gaba,gaba,0.9230769230769231,4
MX3,DNge140,acetylcholine,gaba,0.9433962264150944,2
MX3,DNge141,gaba,gaba,0.9245283018867925,2
MX3,GNG114,gaba,gaba,0.9245283018867925,2
MX3,GNG119,gaba,gaba,0.9245283018867925,2
MX3,GNG126,gaba,gaba,0.9245283018867925,2
MX3,GNG146,gaba,gaba,0.9245283018867925,2
MX3,GNG149,gaba,gaba,0.9245283018867925,2
MX3,GNG181,gaba,gaba,0.9245283018867925,2
MX3,GNG490,gaba,gaba,0.9245283018867925,2
MX3,GNG493,gaba,gaba,0.9252336448598131,1
MX3,GNG497,gaba,gaba,0.9245283018867925,2
MX3,GNG581,gaba,gaba,0.9245283018867925,2
MX3,GNG633,gaba,gaba,0.9230769230769231,4
PBp1,P6-8P9,glutamate,glutamate,1.0,4
PBp1,SpsP,glutamate,glutamate,1.0,4
PSa1,AVLP460,gaba,gaba,1.0,2
PSa1,AVLP461,gaba,gaba,1.0,6
PSa1,AVLP462,gaba,gaba,1.0,8
PSa1,CL116,gaba,gaba,1.0,2
PSa1,CL117,gaba,gaba,1.0,6
PSa1,CL118,gaba,gaba,1.0,5
PSa1,CL120,gaba,gaba,1.0,6
PSa1,CL121_a,gaba,gaba,1.0,6
PSa1,CL121_b,gaba,gaba,1.0,4
PSa1,CL122_a,gaba,gaba,1.0,6
PSa1,CL122_b,gaba,gaba,1.0,6
PSa1,CL12X,gaba,gaba,1.0,1
PSa1,PS090,gaba,gaba,1.0,4
PSa1,PS091,gaba,gaba,1.0,2
PSa1,PS092,gaba,gaba,1.0,2
PSa1,PS093,gaba,gaba,1.0,2
PSa1,PS094,gaba,gaba,1.0,4
PSa1,PS095,gaba,gaba,1.0,8
PSa1,PS096,gaba,gaba,1.0,12
PSa1,PS097,gaba,gaba,1.0,8
PSa1,SAD200m,gaba,gaba,1.0,11
PSa1,VES019,gaba,gaba,1.0,6
PSa1,VES020,gaba,gaba,1.0,6
PSa1,VES021,gaba,gaba,1.0,5
PSa1,VES022,gaba,gaba,1.0,11
PSa1,VES023,gaba,gaba,1.0,7
PSa1,VES024_a,gaba,gaba,1.0,4
PSa1,VES024_b,gaba,gaba,1.0,2
PSp1,#68206,glutamate,glutamate,1.0,1
PSp1,CB0206,glutamate,glutamate,1.0,1
PSp1,CB1958,glutamate,glutamate,1.0,4
PSp1,CB2953,glutamate,glutamate,1.0,2
PSp1,LAL147_a,glutamate,glutamate,1.0,4
PSp1,LAL147_b,glutamate,glutamate,1.0,2
PSp1,LAL147_c,glutamate,glutamate,1.0,2
PSp1,LAL148,glutamate,glutamate,1.0,2
PSp1,LAL149,glutamate,glutamate,1.0,4
PSp1,LAL150,glutamate,glutamate,1.0,10
PSp1,LAL151,glutamate,glutamate,1.0,2
PSp1,PS187,glutamate,glutamate,1.0,2
PSp1,PS188,glutamate,glutamate,1.0,7
PSp1,PS191,glutamate,glutamate,1.0,4
PSp1,PS192,glutamate,glutamate,1.0,4
PSp1,PS193,glutamate,glutamate,1.0,2
PSp1,PS193b,glutamate,glutamate,1.0,4
PSp1,PS194,glutamate,glutamate,1.0,6
PSp2,CB0266,acetylcholine,acetylcholine,1.0,2
PSp2,CB0285,acetylcholine,acetylcholine,1.0,2
PSp2,CB0324,acetylcholine,acetylcholine,1.0,2
PSp2,CB0382,acetylcholine,acetylcholine,1.0,2
PSp2,CB1222,acetylcholine,acetylcholine,1.0,4
PSp2,CB1960,acetylcholine,acetylcholine,1.0,2
PSp2,CB2000,acetylcholine,acetylcholine,1.0,5
PSp2,CB2093,acetylcholine,acetylcholine,1.0,2
PSp2,CB2270,acetylcholine,acetylcholine,1.0,4
PSp2,CB2347,acetylcholine,acetylcholine,1.0,2
PSp2,CB2366,acetylcholine,acetylcholine,1.0,2
PSp2,CB2800,acetylcholine,acetylcholine,1.0,2
PSp2,CB4037,acetylcholine,acetylcholine,1.0,4
PSp2,CB4038,acetylcholine,acetylcholine,1.0,2
PSp2,DNp102,acetylcholine,acetylcholine,1.0,2
PSp2,DNp104,acetylcholine,acetylcholine,1.0,2
PSp2,DNp13,acetylcholine,acetylcholine,1.0,2
PSp2,DNp16_a,acetylcholine,acetylcholine,1.0,2
PSp2,DNp16_b,acetylcholine,acetylcholine,1.0,2
PSp2,DNp17,acetylcholine,acetylcholine,1.0,12
PSp2,DNp38,acetylcholine,acetylcholine,1.0,2
PSp2,DNpe008,acetylcholine,acetylcholine,1.0,19
PSp2,DNpe009,acetylcholine,acetylcholine,1.0,6
PSp2,DNpe011,acetylcholine,acetylcholine,1.0,4
PSp2,DNpe012_a,acetylcholine,acetylcholine,1.0,4
PSp2,DNpe012_b,acetylcholine,acetylcholine,1.0,4
PSp2,DNpe015,acetylcholine,acetylcholine,1.0,11
PSp2,DNpe016,acetylcholine,acetylcholine,1.0,2
PSp2,DNpe018,acetylcholine,acetylcholine,1.0,3
PSp2,DNpe024,acetylcholine,acetylcholine,1.0,2
PSp2,DNpe054,acetylcholine,acetylcholine,1.0,7
PSp2,DNpe057,acetylcholine,acetylcholine,1.0,4
PSp2,PS220,acetylcholine,acetylcholine,1.0,4
PSp2,PS221,acetylcholine,acetylcholine,1.0,8
PSp2,PS224,acetylcholine,acetylcholine,1.0,2
PSp2,PS229,acetylcholine,acetylcholine,1.0,6
PSp2,VES076,acetylcholine,acetylcholine,1.0,2
PSp2,VES077,acetylcholine,acetylcholine,1.0,2
PSp3,#105344,acetylcholine,acetylcholine,0.9689119170984456,1
PSp3,#108100,acetylcholine,acetylcholine,0.9689119170984456,1
PSp3,#138542,acetylcholine,acetylcholine,0.9689119170984456,1
PSp3,#143267,acetylcholine,acetylcholine,0.9689119170984456,1
PSp3,#157315,acetylcholine,acetylcholine,0.9689119170984456,1
PSp3,#160480,acetylcholine,acetylcholine,0.9689119170984456,1
PSp3,#179993,acetylcholine,acetylcholine,0.9689119170984456,1
PSp3,#180524,acetylcholine,acetylcholine,0.9689119170984456,1
PSp3,#210110,acetylcholine,acetylcholine,0.9689119170984456,1
PSp3,#46263,acetylcholine,acetylcholine,0.9689119170984456,1
PSp3,#47977,acetylcholine,acetylcholine,0.9689119170984456,1
PSp3,#540404,acetylcholine,acetylcholine,0.9689119170984456,1
PSp3,#55637,acetylcholine,acetylcholine,0.9689119170984456,1
PSp3,#567214,acetylcholine,acetylcholine,0.9689119170984456,1
PSp3,#69371,acetylcholine,acetylcholine,0.9689119170984456,1
PSp3,#69988,acetylcholine,acetylcholine,0.9689119170984456,1
PSp3,CB1269,acetylcholine,acetylcholine,0.9682539682539683,5
PSp3,CB1876,acetylcholine,acetylcholine,0.9644970414201184,25
PSp3,CB2200,acetylcholine,acetylcholine,0.9685863874345549,3
PSp3,CB2319,acetylcholine,acetylcholine,0.9689119170984456,1
PSp3,CB2737,acetylcholine,acetylcholine,0.9685863874345549,3
PSp3,CB2896,acetylcholine,acetylcholine,0.967741935483871,8
PSp3,CB2975,acetylcholine,acetylcholine,0.96875,2
PSp3,CB3015,acetylcholine,acetylcholine,0.9685863874345549,3
PSp3,CB3866,acetylcholine,acetylcholine,0.96875,2
PSp3,CL294,acetylcholine,acetylcholine,0.96875,2
PSp3,CL301,acetylcholine,acetylcholine,0.968421052631579,4
PSp3,CL302,acetylcholine,acetylcholine,0.9685863874345549,3
PSp3,DNp08,glutamate,acetylcholine,0.9791666666666666,2
PSp3,DNp42,acetylcholine,acetylcholine,0.96875,2
PSp3,DNp49,glutamate,acetylcholine,0.9791666666666666,2
PSp3,DNpe006,acetylcholine,acetylcholine,0.96875,2
PSp3,DNpe010,glutamate,acetylcholine,0.9791666666666666,2
PSp3,DNpe022,acetylcholine,acetylcholine,0.96875,2
PSp3,IB051,acetylcholine,acetylcholine,0.968421052631579,4
PSp3,IB053,acetylcholine,acetylcholine,0.96875,2
PSp3,IB054,acetylcholine,acetylcholine,0.967391304347826,10
PSp3,IB087,acetylcholine,acetylcholine,0.967741935483871,8
PSp3,LC46b,acetylcholine,acetylcholine,0.967391304347826,10
PSp3,LoVP19,acetylcholine,acetylcholine,0.96875,2
PSp3,LoVP20,acetylcholine,acetylcholine,0.96875,2
PSp3,LoVP21,acetylcholine,acetylcholine,0.968421052631579,4
PSp3,LoVP22,acetylcholine,acetylcholine,0.968421052631579,4
PSp3,LoVP23,acetylcholine,acetylcholine,0.9680851063829787,6
PSp3,LoVP24,acetylcholine,acetylcholine,0.967741935483871,8
PSp3,LoVP25,acetylcholine,acetylcholine,0.9680851063829787,6
PSp3,LoVP26,acetylcholine,acetylcholine,0.967032967032967,12
PSp3,LoVP27,acetylcholine,acetylcholine,0.967391304347826,10
PSp3,PLP239,acetylcholine,acetylcholine,0.96875,2
PSp3,PLP241,acetylcholine,acetylcholine,0.9682539682539683,5
PSp3,PS183,acetylcholine,acetylcholine,0.96875,2
PSp3,PS199,acetylcholine,acetylcholine,0.96875,2
PSp3,SMP581,acetylcholine,acetylcholine,0.9680851063829787,6
SIPa1_ventral,#101752,glutamate,glutamate,0.9894179894179894,1
SIPa1_ventral,#150548,glutamate,glutamate,0.9894179894179894,1
SIPa1_ventral,#189040,glutamate,glutamate,0.9894179894179894,1
SIPa1_ventral,#71074,glutamate,glutamate,0.9894179894179894,1
SIPa1_ventral,#82971,glutamate,glutamate,0.9894179894179894,1
SIPa1_ventral,CB0103,glutamate,glutamate,0.9894179894179894,1
SIPa1_ventral,CB0937,glutamate,glutamate,0.9891304347826086,6
SIPa1_ventral,CB1337,glutamate,glutamate,0.9891304347826086,6
SIPa1_ventral,CB1361,glutamate,glutamate,0.989247311827957,4
SIPa1_ventral,CB1391,glutamate,glutamate,0.9891304347826086,6
SIPa1_ventral,CB1434,glutamate,glutamate,0.9891304347826086,6
SIPa1_ventral,CB1679,glutamate,glutamate,0.9891304347826086,6
SIPa1_ventral,CB1946,glutamate,glutamate,0.9893617021276596,2
SIPa1_ventral,CB2230,glutamate,glutamate,0.9893048128342246,3
SIPa1_ventral,CB2262,glutamate,glutamate,0.9891891891891892,5
SIPa1_ventral,CB2363,glutamate,glutamate,0.9893617021276596,2
SIPa1_ventral,CB2577,glutamate,glutamate,0.9894179894179894,1
SIPa1_ventral,CB3249,glutamate,glutamate,0.9893617021276596,2
SIPa1_ventral,CB3360,glutamate,glutamate,0.9891891891891892,5
SIPa1_ventral,CB4111,glutamate,glutamate,0.9893048128342246,3
SIPa1_ventral,CB4194,glutamate,glutamate,0.9890710382513661,7
SIPa1_ventral,CB4195,glutamate,glutamate,0.989247311827957,4
SIPa1_ventral,CL018,glutamate,glutamate,0.989010989010989,8
SIPa1_ventral,CL024_a,glutamate,glutamate,0.9891304347826086,6
SIPa1_ventral,CL024_b,glutamate,glutamate,0.9893617021276596,2
SIPa1_ventral,CL024_c,glutamate,glutamate,0.9893617021276596,2
SIPa1_ventral,CL024_d,glutamate,glutamate,0.9893617021276596,2
SIPa1_ventral,LHAV6a8,glutamate,glutamate,0.9893617021276596,2
SIPa1_ventral,LHAV6c1,glutamate,glutamate,0.988950276243094,9
SIPa1_ventral,SIP006,glutamate,glutamate,0.9893617021276596,2
SIPa1_ventral,SIP007,glutamate,glutamate,0.9893617021276596,2
SIPa1_ventral,SIP011,glutamate,glutamate,0.989010989010989,8
SIPa1_ventral,SIP013,glutamate,glutamate,0.9891891891891892,5
SIPa1_ventral,SLP074,acetylcholine,glutamate,1.0,2
SIPa1_ventral,SLP098,glutamate,glutamate,0.989247311827957,4
SIPa1_ventral,SLP101,glutamate,glutamate,0.989247311827957,4
SIPa1_ventral,SLP102,glutamate,glutamate,0.989010989010989,8
SIPa1_ventral,SLP103,glutamate,glutamate,0.989010989010989,8
SIPa1_ventral,SLP104,glutamate,glutamate,0.9891304347826086,6
SIPa1_ventral,SLP105,glutamate,glutamate,0.989247311827957,4
SIPa1_ventral,SLP106,glutamate,glutamate,0.989247311827957,4
SIPa1_ventral,SLP134,glutamate,glutamate,0.9893617021276596,2
SIPa1_ventral,SLP136,glutamate,glutamate,0.9893617021276596,2
SIPa1_ventral,SLP202,glutamate,glutamate,0.9893617021276596,2
SIPa1_ventral,SMP022,glutamate,glutamate,0.9891304347826086,6
SIPa1_ventral,SMP024,glutamate,glutamate,0.9893617021276596,2
SIPa1_ventral,SMP025,glutamate,glutamate,0.9888888888888889,10
SIPa1_ventral,SMP034,glutamate,glutamate,0.989247311827957,4
SIPp1,FB5B,glutamate,glutamate,1.0,6
SIPp1,FB6Q,glutamate,glutamate,1.0,2
SIPp1,FB6R,glutamate,glutamate,1.0,4
SIPp1,FB6S,glutamate,glutamate,1.0,8
SIPp1,FB6T,glutamate,glutamate,1.0,4
SIPp1,FB6Y,glutamate,glutamate,1.0,2
SIPp1,FB7C,glutamate,glutamate,1.0,5
SIPp1,FB7F,glutamate,glutamate,1.0,4
SIPp1,FB7M,glutamate,glutamate,1.0,2
SIPp1,FB8D,glutamate,glutamate,1.0,2
SIPp1,FB8F_a,glutamate,glutamate,1.0,7
SIPp1,FB8F_b,glutamate,glutamate,1.0,9
SIPp1,FB9A,glutamate,glutamate,1.0,6
SIPp1,FB9C,glutamate,glutamate,1.0,8
SIPp1,SIP065,glutamate,glutamate,1.0,2
SIPp1,SIP066,glutamate,glutamate,1.0,4
SIPp1,SMP541,glutamate,glutamate,1.0,2
SLPa&l1_anterior,AVLP210,acetylcholine,acetylcholine,1.0,2
SLPa&l1_anterior,AVLP211,acetylcholine,acetylcholine,1.0,2
SLPa&l1_anterior,AVLP212,acetylcholine,acetylcholine,1.0,2
SLPa&l1_anterior,AVLP214,acetylcholine,acetylcholine,1.0,2
SLPa&l1_anterior,CB3906,acetylcholine,acetylcholine,1.0,2
SLPa&l1_anterior,CB3907,acetylcholine,acetylcholine,1.0,2
SLPa&l1_anterior,CB3908,acetylcholine,acetylcholine,1.0,6
SLPa&l1_anterior,CB3930,acetylcholine,acetylcholine,1.0,2
SLPa&l1_anterior,CB3931,acetylcholine,acetylcholine,1.0,2
SLPa&l1_anterior,CB3932,acetylcholine,acetylcholine,1.0,4
SLPa&l1_anterior,CB3951,acetylcholine,acetylcholine,1.0,1
SLPa&l1_anterior,CB3951b,acetylcholine,acetylcholine,1.0,1
SLPa&l1_anterior,CL067,acetylcholine,acetylcholine,1.0,2
SLPa&l1_anterior,CL069,acetylcholine,acetylcholine,1.0,2
SLPa&l1_anterior,CL070_a,acetylcholine,acetylcholine,1.0,2
SLPa&l1_anterior,CL070_b,acetylcholine,acetylcholine,1.0,2
SLPa&l1_anterior,CL071_a,acetylcholine,acetylcholine,1.0,2
SLPa&l1_anterior,CL071_b,acetylcholine,acetylcholine,1.0,6
SLPa&l1_anterior,CL072,acetylcholine,acetylcholine,1.0,2
SLPa&l1_anterior,CL073,acetylcholine,acetylcholine,1.0,2
SLPa&l1_anterior,CL074,acetylcholine,acetylcholine,1.0,4
SLPa&l1_anterior,CL075_a,acetylcholine,acetylcholine,1.0,2
SLPa&l1_anterior,CL075_b,acetylcholine,acetylcholine,1.0,2
SLPa&l1_anterior,CL077,acetylcholine,acetylcholine,1.0,4
SLPa&l1_anterior,CL078_a,acetylcholine,acetylcholine,1.0,2
SLPa&l1_anterior,CL078_b,acetylcholine,acetylcholine,1.0,2
SLPa&l1_anterior,CL078_c,acetylcholine,acetylcholine,1.0,2
SLPa&l1_anterior,CL080,acetylcholine,acetylcholine,1.0,4
SLPa&l1_anterior,CL081,acetylcholine,acetylcholine,1.0,3
SLPa&l1_anterior,CL083,acetylcholine,acetylcholine,1.0,4
SLPa&l1_anterior,CL085_a,acetylcholine,acetylcholine,1.0,2
SLPa&l1_anterior,CL085_b,acetylcholine,acetylcholine,1.0,2
SLPa&l1_anterior,CL085_c,acetylcholine,acetylcholine,1.0,2
SLPa&l1_anterior,CL086_a,acetylcholine,acetylcholine,1.0,8
SLPa&l1_anterior,CL086_b,acetylcholine,acetylcholine,1.0,6
SLPa&l1_anterior,CL086_c,acetylcholine,acetylcholine,1.0,8
SLPa&l1_anterior,CL086_d,acetylcholine,acetylcholine,1.0,2
SLPa&l1_anterior,CL086_e,acetylcholine,acetylcholine,1.0,8
SLPa&l1_anterior,CL087,acetylcholine,acetylcholine,1.0,7
SLPa&l1_anterior,CL088_a,acetylcholine,acetylcholine,1.0,2
SLPa&l1_anterior,CL088_b,acetylcholine,acetylcholine,1.0,2
SLPa&l1_anterior,CL089_a1,acetylcholine,acetylcholine,1.0,2
SLPa&l1_anterior,CL089_a2,acetylcholine,acetylcholine,1.0,2
SLPa&l1_anterior,CL089_b,acetylcholine,acetylcholine,1.0,7
SLPa&l1_anterior,CL089_c,acetylcholine,acetylcholine,1.0,6
SLPa&l1_anterior,CL090_a,acetylcholine,acetylcholine,1.0,2
SLPa&l1_anterior,CL090_b,acetylcholine,acetylcholine,1.0,4
SLPa&l1_anterior,CL090_c,acetylcholine,acetylcholine,1.0,12
SLPa&l1_anterior,CL090_d,acetylcholine,acetylcholine,1.0,11
SLPa&l1_anterior,CL090_e,acetylcholine,acetylcholine,1.0,6
SLPa&l1_anterior,CL091,acetylcholine,acetylcholine,1.0,11
SLPa&l1_anterior,CL097,acetylcholine,acetylcholine,1.0,2
SLPa&l1_anterior,PLP052,acetylcholine,acetylcholine,1.0,7
SLPa&l1_anterior,PLP053,acetylcholine,acetylcholine,1.0,6
SLPa&l1_anterior,PLP054,acetylcholine,acetylcholine,1.0,8
SLPa&l1_anterior,PLP055,acetylcholine,acetylcholine,1.0,4
SLPa&l1_anterior,PLP056,acetylcholine,acetylcholine,1.0,3
SLPa&l1_anterior,PLP057,acetylcholine,acetylcholine,1.0,3
SLPa&l1_lateral,CB1504,glutamate,glutamate,0.9908256880733946,5
SLPa&l1_lateral,CB2873,glutamate,glutamate,0.9907834101382489,6
SLPa&l1_lateral,CB2881,glutamate,glutamate,0.990521327014218,12
SLPa&l1_lateral,CB3754,glutamate,glutamate,0.990909090909091,3
SLPa&l1_lateral,CB3758,glutamate,glutamate,0.9909502262443439,2
SLPa&l1_lateral,CB3759,glutamate,glutamate,0.9907407407407407,7
SLPa&l1_lateral,CB3760,glutamate,glutamate,0.990909090909091,3
SLPa&l1_lateral,CB4112,glutamate,glutamate,0.9905660377358491,11
SLPa&l1_lateral,LAL055,acetylcholine,glutamate,1.0,2
SLPa&l1_lateral,LC33,glutamate,glutamate,0.9895287958115183,32
SLPa&l1_lateral,PLP036,glutamate,glutamate,0.9909502262443439,2
SLPa&l1_lateral,PLP037,glutamate,glutamate,0.9906542056074766,9
SLPa&l1_lateral,PLP038,glutamate,glutamate,0.9908675799086758,4
SLPa&l1_lateral,PLP039,glutamate,glutamate,0.9907834101382489,6
SLPa&l1_lateral,PLP041,glutamate,glutamate,0.9909502262443439,2
SLPa&l1_lateral,PLP042_a,glutamate,glutamate,0.9908256880733946,5
SLPa&l1_lateral,PLP042_b,glutamate,glutamate,0.9906976744186047,8
SLPa&l1_lateral,PLP042a,glutamate,glutamate,0.9909502262443439,2
SLPa&l1_lateral,PLP043,glutamate,glutamate,0.9908675799086758,4
SLPa&l1_lateral,PLP044,glutamate,glutamate,0.9907834101382489,6
SLPa&l1_lateral,PLP046,glutamate,glutamate,0.990521327014218,12
SLPa&l1_lateral,PLP048,glutamate,glutamate,0.9906976744186047,8
SLPa&l1_lateral,WED034,glutamate,glutamate,0.9907834101382489,6
SLPa&l1_lateral,WED035,glutamate,glutamate,0.9906103286384976,10
SLPa&l1_lateral,WED037,glutamate,glutamate,0.9906976744186047,8
SLPa&l1_lateral,WED038,glutamate,glutamate,0.9903381642512077,16
SLPa&l1_lateral,WED039,glutamate,glutamate,0.9908256880733946,5
SLPa&l1_lateral,WED040_a,glutamate,glutamate,0.9903846153846154,15
SLPa&l1_lateral,WED040_b,glutamate,glutamate,0.9908675799086758,4
SLPa&l1_lateral,WED040_c,glutamate,glutamate,0.9909502262443439,2
SLPa&l1_lateral,WED041,glutamate,glutamate,0.9907834101382489,6
SLPad1_anterior,#107603,acetylcholine,acetylcholine,1.0,1
SLPad1_anterior,#24904,acetylcholine,acetylcholine,1.0,1
SLPad1_anterior,#27147,acetylcholine,acetylcholine,1.0,1
SLPad1_anterior,#30154,acetylcholine,acetylcholine,1.0,1
SLPad1_anterior,#37334,acetylcholine,acetylcholine,1.0,1
SLPad1_anterior,#38132,acetylcholine,acetylcholine,1.0,1
SLPad1_anterior,#39928,acetylcholine,acetylcholine,1.0,1
SLPad1_anterior,#40387,acetylcholine,acetylcholine,1.0,1
SLPad1_anterior,#41496,acetylcholine,acetylcholine,1.0,1
SLPad1_anterior,#42045,acetylcholine,acetylcholine,1.0,1
SLPad1_anterior,#43344,acetylcholine,acetylcholine,1.0,1
SLPad1_anterior,#44247,acetylcholine,acetylcholine,1.0,1
SLPad1_anterior,#45644,acetylcholine,acetylcholine,1.0,1
SLPad1_anterior,#515325,acetylcholine,acetylcholine,1.0,1
SLPad1_anterior,#52107,acetylcholine,acetylcholine,1.0,1
SLPad1_anterior,#571643,acetylcholine,acetylcholine,1.0,1
SLPad1_anterior,#69280,acetylcholine,acetylcholine,1.0,1
SLPad1_anterior,#70439,acetylcholine,acetylcholine,1.0,1
SLPad1_anterior,#86404,acetylcholine,acetylcholine,1.0,1
SLPad1_anterior,AVLP753m,acetylcholine,acetylcholine,1.0,12
SLPad1_anterior,CB2032,acetylcholine,acetylcholine,1.0,2
SLPad1_anterior,CB2285,acetylcholine,acetylcholine,1.0,8
SLPad1_anterior,CB3049,acetylcholine,acetylcholine,1.0,6
SLPad1_anterior,CB3142,acetylcholine,acetylcholine,1.0,2
SLPad1_anterior,CB3218,acetylcholine,acetylcholine,1.0,4
SLPad1_anterior,CB3255,acetylcholine,acetylcholine,1.0,4
SLPad1_anterior,CB3276,acetylcholine,acetylcholine,1.0,2
SLPad1_anterior,CB3496,acetylcholine,acetylcholine,1.0,3
SLPad1_anterior,CB3603,acetylcholine,acetylcholine,1.0,2
SLPad1_anterior,CB3664,acetylcholine,acetylcholine,1.0,2
SLPad1_anterior,CB3697,acetylcholine,acetylcholine,1.0,4
SLPad1_anterior,CB3791,acetylcholine,acetylcholine,1.0,3
SLPad1_anterior,CB4158,acetylcholine,acetylcholine,1.0,4
SLPad1_anterior,CB4220,acetylcholine,acetylcholine,1.0,3
SLPad1_anterior,LH001m,acetylcholine,acetylcholine,1.0,4
SLPad1_anterior,LH002m,acetylcholine,acetylcholine,1.0,9
SLPad1_anterior,LH003m,acetylcholine,acetylcholine,1.0,6
SLPad1_anterior,LH006m,acetylcholine,acetylcholine,1.0,7
SLPad1_anterior,LH008m,acetylcholine,acetylcholine,1.0,11
SLPad1_anterior,PVLP009,acetylcholine,acetylcholine,1.0,3
SLPad1_anterior,PVLP205m,acetylcholine,acetylcholine,1.0,8
SLPad1_anterior,SLP118,acetylcholine,acetylcholine,1.0,2
SLPad1_anterior,SLP119,acetylcholine,acetylcholine,1.0,2
SLPad1_anterior,SLP120,acetylcholine,acetylcholine,1.0,2
SLPad1_anterior,SLP122,acetylcholine,acetylcholine,1.0,6
SLPad1_anterior,SLP153,acetylcholine,acetylcholine,1.0,2
SLPad1_anterior,SLP155,acetylcholine,acetylcholine,1.0,2
SLPad1_anterior,SLP157,acetylcholine,acetylcholine,1.0,4
SLPad1_anterior,SLP158,acetylcholine,acetylcholine,1.0,6
SLPad1_anterior,SLP160,acetylcholine,acetylcholine,1.0,9
SLPad1_anterior,SLP162,acetylcholine,acetylcholine,1.0,9
SLPad1_anterior,SLP164,acetylcholine,acetylcholine,1.0,11
SLPad1_anterior,SLP168,acetylcholine,acetylcholine,1.0,2
SLPad1_anterior,SLP307,acetylcholine,acetylcholine,1.0,1
SLPad1_anterior,SLP310,acetylcholine,acetylcholine,1.0,2
SLPad1_anterior,SLP466,acetylcholine,acetylcholine,1.0,2
SLPad1_anterior,SLP467,acetylcholine,acetylcholine,1.0,6
SLPad1_posterior,#128848,glutamate,glutamate,1.0,1
SLPad1_posterior,#163850,glutamate,glutamate,1.0,1
SLPad1_posterior,#17600,glutamate,glutamate,1.0,1
SLPad1_posterior,#34412,glutamate,glutamate,1.0,1
SLPad1_posterior,#43407,glutamate,glutamate,1.0,1
SLPad1_posterior,#60468,glutamate,glutamate,1.0,1
SLPad1_posterior,#74499,glutamate,glutamate,1.0,1
SLPad1_posterior,CB1148,glutamate,glutamate,1.0,14
SLPad1_posterior,CB1149,glutamate,glutamate,1.0,7
SLPad1_posterior,CB1151,glutamate,glutamate,1.0,2
SLPad1_posterior,CB1168,glutamate,glutamate,1.0,9
SLPad1_posterior,CB1171,glutamate,glutamate,1.0,7
SLPad1_posterior,CB1220,glutamate,glutamate,1.0,9
SLPad1_posterior,CB1316,glutamate,glutamate,1.0,5
SLPad1_posterior,CB1457,glutamate,glutamate,1.0,9
SLPad1_posterior,CB1699,glutamate,glutamate,1.0,6
SLPad1_posterior,CB2116,glutamate,glutamate,1.0,7
SLPad1_posterior,CB2194,glutamate,glutamate,1.0,3
SLPad1_posterior,CB2244,glutamate,glutamate,1.0,1
SLPad1_posterior,CB2584,glutamate,glutamate,1.0,4
SLPad1_posterior,CB2736,glutamate,glutamate,1.0,3
SLPad1_posterior,CB2937,glutamate,glutamate,1.0,5
SLPad1_posterior,CB3056,glutamate,glutamate,1.0,6
SLPad1_posterior,CB3185,glutamate,glutamate,1.0,3
SLPad1_posterior,CB3391,glutamate,glutamate,1.0,5
SLPad1_posterior,CB3396,glutamate,glutamate,1.0,2
SLPad1_posterior,CB3399,glutamate,glutamate,1.0,4
SLPad1_posterior,LHPD2a5_b,glutamate,glutamate,1.0,2
SLPad1_posterior,LHPD2a6,glutamate,glutamate,1.0,8
SLPad1_posterior,LHPD2c6,glutamate,glutamate,1.0,4
SLPad1_posterior,SIP033,glutamate,glutamate,1.0,4
SLPad1_posterior,SIP034,glutamate,glutamate,1.0,4
SLPad1_posterior,SIP037,glutamate,glutamate,1.0,6
SLPad1_posterior,SIP041,glutamate,glutamate,1.0,4
SLPad1_posterior,SIP042_a,glutamate,glutamate,1.0,6
SLPad1_posterior,SIP042_b,glutamate,glutamate,1.0,4
SLPad1_posterior,SIP045,glutamate,glutamate,1.0,4
SLPad1_posterior,SMP207,glutamate,glutamate,1.0,6
SLPad1_posterior,SMP208,glutamate,glutamate,1.0,5
SLPad1_posterior,SMP209,glutamate,glutamate,1.0,5
SLPad1_posterior,SMP210,glutamate,glutamate,1.0,7
SLPad1_posterior,SMP213,glutamate,glutamate,1.0,4
SLPad1_posterior,SMP214,glutamate,glutamate,1.0,6
SLPal1,#29027,glutamate,glutamate,1.0,1
SLPal1,#30655,glutamate,glutamate,1.0,1
SLPal1,#34080,glutamate,glutamate,1.0,1
SLPal1,#40779,glutamate,glutamate,1.0,1
SLPal1,#42650,glutamate,glutamate,1.0,1
SLPal1,#46431,glutamate,glutamate,1.0,1
SLPal1,#46683,glutamate,glutamate,1.0,1
SLPal1,#47959,glutamate,glutamate,1.0,1
SLPal1,#53850,glutamate,glutamate,1.0,1
SLPal1,#540276,glutamate,glutamate,1.0,1
SLPal1,#556378,glutamate,glutamate,1.0,1
SLPal1,#59509,glutamate,glutamate,1.0,1
SLPal1,#84876,glutamate,glutamate,1.0,1
SLPal1,#95405,glutamate,glutamate,1.0,1
SLPal1,CB1150,glutamate,glutamate,1.0,3
SLPal1,CB1392,glutamate,glutamate,1.0,5
SLPal1,CB1593,glutamate,glutamate,1.0,6
SLPal1,CB3506,glutamate,glutamate,1.0,4
SLPal1,CB3553,glutamate,glutamate,1.0,2
SLPal1,CB3782,glutamate,glutamate,1.0,2
SLPal1,CB3788,glutamate,glutamate,1.0,4
SLPal1,CB3789,glutamate,glutamate,1.0,1
SLPal1,CB4137,glutamate,glutamate,1.0,6
SLPal1,CL004,glutamate,glutamate,1.0,4
SLPal1,LHAD1f1,glutamate,glutamate,1.0,7
SLPal1,LHAD1f3_a,glutamate,glutamate,1.0,4
SLPal1,LHAD1f3_b,glutamate,glutamate,1.0,5
SLPal1,LHAD1f4,glutamate,glutamate,1.0,9
SLPal1,PLP006,glutamate,glutamate,1.0,2
SLPal1,PLP007,glutamate,glutamate,1.0,2
SLPal1,SLP006,glutamate,glutamate,1.0,2
SLPal1,SLP007,glutamate,glutamate,1.0,4
SLPal1,SLP008,glutamate,glutamate,1.0,4
SLPal1,SLP011,glutamate,glutamate,1.0,2
SLPal1,SLP012,glutamate,glutamate,1.0,8
SLPal1,SLP015_b,glutamate,glutamate,1.0,4
SLPal1,SLP015_c,glutamate,glutamate,1.0,7
SLPal1,SLP016,glutamate,glutamate,1.0,2
SLPal1,SLP017,glutamate,glutamate,1.0,3
SLPal1,SLP018,glutamate,glutamate,1.0,10
SLPal1,SLP019,glutamate,glutamate,1.0,6
SLPal1,SLP021,glutamate,glutamate,1.0,6
SLPal1,SLP022,glutamate,glutamate,1.0,2
SLPal1,SLP024,glutamate,glutamate,1.0,21
SLPal1,SLP025,glutamate,glutamate,1.0,4
SLPal1,SLP026,glutamate,glutamate,1.0,5
SLPal1,SLP027,glutamate,glutamate,1.0,4
SLPal1,SLP028,glutamate,glutamate,1.0,9
SLPal1,SLP030,glutamate,glutamate,1.0,2
SLPal2,AVLP026,acetylcholine,acetylcholine,1.0,14
SLPal2,AVLP027,acetylcholine,acetylcholine,1.0,4
SLPal2,AVLP028,acetylcholine,acetylcholine,1.0,8
SLPal2,AVLP700m,acetylcholine,acetylcholine,1.0,5
SLPal2,AVLP703m,acetylcholine,acetylcholine,1.0,2
SLPal2,AVLP704m,acetylcholine,acetylcholine,1.0,3
SLPal2,AVLP727m,acetylcholine,acetylcholine,1.0,5
SLPal2,AVLP742m,acetylcholine,acetylcholine,1.0,6
SLPal2,AVLP750m,acetylcholine,acetylcholine,1.0,3
SLPal2,CB1419,acetylcholine,acetylcholine,1.0,4
SLPal2,CB1604,acetylcholine,acetylcholine,1.0,9
SLPal2,CB1759b,acetylcholine,acetylcholine,1.0,8
SLPal2,CB1923,acetylcholine,acetylcholine,1.0,11
SLPal2,CB2797,acetylcholine,acetylcholine,1.0,4
SLPal2,LHAD1a1,acetylcholine,acetylcholine,1.0,6
SLPal2,LHAD1a2,acetylcholine,acetylcholine,1.0,14
SLPal2,LHAD1a3,acetylcholine,acetylcholine,1.0,2
SLPal2,LHAD1a4_a,acetylcholine,acetylcholine,1.0,4
SLPal2,LHAD1a4_b,acetylcholine,acetylcholine,1.0,5
SLPal2,LHAD1c3,acetylcholine,acetylcholine,1.0,5
SLPal2,LHAD1f5,acetylcholine,acetylcholine,1.0,4
SLPal2,LHAD1i1,acetylcholine,acetylcholine,1.0,6
SLPal2,LHAD1i2_b,acetylcholine,acetylcholine,1.0,7
SLPal2,SLP035,acetylcholine,acetylcholine,1.0,3
SLPal2,SLP036,acetylcholine,acetylcholine,1.0,10
SLPal2,SLP038,acetylcholine,acetylcholine,1.0,6
SLPal2,SLP040,acetylcholine,acetylcholine,1.0,6
SLPal2,SLP041,acetylcholine,acetylcholine,1.0,6
SLPal2,SLP042,acetylcholine,acetylcholine,1.0,5
SLPal2,SLP043,acetylcholine,acetylcholine,1.0,6
SLPal2,SLP044_a,acetylcholine,acetylcholine,1.0,3
SLPal2,SLP044_d,acetylcholine,acetylcholine,1.0,6
SLPal2,SLP046,acetylcholine,acetylcholine,1.0,2
SLPal2,aSP-g3Am,acetylcholine,acetylcholine,1.0,2
SLPal3_and_SLPal4_dorsal,#18409,glutamate,glutamate,1.0,1
SLPal3_and_SLPal4_dorsal,#31189,glutamate,glutamate,1.0,1
SLPal3_and_SLPal4_dorsal,#37303,glutamate,glutamate,1.0,1
SLPal3_and_SLPal4_dorsal,#40080,glutamate,glutamate,1.0,1
SLPal3_and_SLPal4_dorsal,#40816,glutamate,glutamate,1.0,1
SLPal3_and_SLPal4_dorsal,#42285,glutamate,glutamate,1.0,1
SLPal3_and_SLPal4_dorsal,#45270,glutamate,glutamate,1.0,1
SLPal3_and_SLPal4_dorsal,#519003,glutamate,glutamate,1.0,1
SLPal3_and_SLPal4_dorsal,#520408,glutamate,glutamate,1.0,1
SLPal3_and_SLPal4_dorsal,#59729,glutamate,glutamate,1.0,1
SLPal3_and_SLPal4_dorsal,CB1174,glutamate,glutamate,1.0,2
SLPal3_and_SLPal4_dorsal,CB1179,glutamate,glutamate,1.0,4
SLPal3_and_SLPal4_dorsal,CB1309,glutamate,glutamate,1.0,2
SLPal3_and_SLPal4_dorsal,CB1608,glutamate,glutamate,1.0,4
SLPal3_and_SLPal4_dorsal,CB1653,glutamate,glutamate,1.0,4
SLPal3_and_SLPal4_dorsal,CB1670,glutamate,glutamate,1.0,2
SLPal3_and_SLPal4_dorsal,CB1698,glutamate,glutamate,1.0,1
SLPal3_and_SLPal4_dorsal,CB1931,glutamate,glutamate,1.0,2
SLPal3_and_SLPal4_dorsal,CB2154,glutamate,glutamate,1.0,3
SLPal3_and_SLPal4_dorsal,CB2232,glutamate,glutamate,1.0,2
SLPal3_and_SLPal4_dorsal,CB2302,glutamate,glutamate,1.0,5
SLPal3_and_SLPal4_dorsal,CB2437,glutamate,glutamate,1.0,2
SLPal3_and_SLPal4_dorsal,CB2948,glutamate,glutamate,1.0,2
SLPal3_and_SLPal4_dorsal,CB2952,glutamate,glutamate,1.0,4
SLPal3_and_SLPal4_dorsal,CB2955,glutamate,glutamate,1.0,6
SLPal3_and_SLPal4_dorsal,CB2992,glutamate,glutamate,1.0,3
SLPal3_and_SLPal4_dorsal,CB3005,glutamate,glutamate,1.0,7
SLPal3_and_SLPal4_dorsal,CB3168,glutamate,glutamate,1.0,3
SLPal3_and_SLPal4_dorsal,CB3175,glutamate,glutamate,1.0,2
SLPal3_and_SLPal4_dorsal,CB3236,glutamate,glutamate,1.0,4
SLPal3_and_SLPal4_dorsal,CB4120,glutamate,glutamate,1.0,13
SLPal3_and_SLPal4_dorsal,CB4121,glutamate,glutamate,1.0,9
SLPal3_and_SLPal4_dorsal,CB4122,glutamate,glutamate,1.0,10
SLPal3_and_SLPal4_dorsal,CB4123,glutamate,glutamate,1.0,7
SLPal3_and_SLPal4_dorsal,LHAV6g1,glutamate,glutamate,1.0,2
SLPal3_and_SLPal4_dorsal,SLP171,glutamate,glutamate,1.0,6
SLPal3_and_SLPal4_dorsal,SLP176,glutamate,glutamate,1.0,13
SLPal3_and_SLPal4_dorsal,SLP178,glutamate,glutamate,1.0,4
SLPal3_and_SLPal4_dorsal,SLP179_a,glutamate,glutamate,1.0,6
SLPal3_and_SLPal4_dorsal,SLP179_b,glutamate,glutamate,1.0,12
SLPal3_and_SLPal4_dorsal,SLP183,glutamate,glutamate,1.0,5
SLPal3_and_SLPal4_dorsal,SLP198,glutamate,glutamate,1.0,6
SLPal3_and_SLPal4_dorsal,SLP199,glutamate,glutamate,1.0,8
SLPal3_and_SLPal4_dorsal,SLP204,glutamate,glutamate,1.0,7
SLPal5,#119324,glutamate,glutamate,0.9797979797979798,1
SLPal5,#127098,glutamate,glutamate,0.9797979797979798,1
SLPal5,#137019,glutamate,glutamate,0.9797979797979798,1
SLPal5,#143478,glutamate,glutamate,0.9797979797979798,1
SLPal5,#29314,glutamate,glutamate,0.9797979797979798,1
SLPal5,#37278,glutamate,glutamate,0.9797979797979798,1
SLPal5,#40995,glutamate,glutamate,0.9797979797979798,1
SLPal5,#53825,glutamate,glutamate,0.9797979797979798,1
SLPal5,#55762,glutamate,glutamate,0.9797979797979798,1
SLPal5,#59115,glutamate,glutamate,0.9797979797979798,1
SLPal5,#69274,glutamate,glutamate,0.9797979797979798,1
SLPal5,#77441,glutamate,glutamate,0.9797979797979798,1
SLPal5,CB0993,glutamate,glutamate,0.9782608695652174,8
SLPal5,CB1359,glutamate,glutamate,0.9777777777777777,10
SLPal5,CB1365,glutamate,glutamate,0.9791666666666666,4
SLPal5,CB1590,glutamate,glutamate,0.9789473684210527,5
SLPal5,CB2280,glutamate,glutamate,0.9795918367346939,2
SLPal5,CB2315,glutamate,glutamate,0.9791666666666666,4
SLPal5,CB2507,glutamate,glutamate,0.978494623655914,7
SLPal5,CB2530,glutamate,glutamate,0.9795918367346939,2
SLPal5,CB3566,glutamate,glutamate,0.9795918367346939,2
SLPal5,CB4151,glutamate,glutamate,0.978494623655914,7
SLPal5,SIP005,glutamate,glutamate,0.9791666666666666,4
SLPal5,SLP073,acetylcholine,glutamate,1.0,2
SLPal5,SLP099,glutamate,glutamate,0.9795918367346939,2
SLPal5,SLP109,glutamate,glutamate,0.9791666666666666,4
SLPal5,SLP137,glutamate,glutamate,0.9791666666666666,4
SLPal5,SLP138,glutamate,glutamate,0.979381443298969,3
SLPal5,SLP141,glutamate,glutamate,0.9787234042553191,6
SLPal5,SLP142,glutamate,glutamate,0.9782608695652174,8
SLPal5,SMP033,glutamate,glutamate,0.9795918367346939,2
SLPal5,SMP035,glutamate,glutamate,0.9795918367346939,2
SLPav1_medial,AVLP312,acetylcholine,acetylcholine,1.0,8
SLPav1_medial,CB1467,acetylcholine,acetylcholine,1.0,4
SLPav1_medial,CB1950,acetylcholine,acetylcholine,1.0,2
SLPav1_medial,CB2048,acetylcholine,acetylcholine,1.0,4
SLPav1_medial,CB2311,acetylcholine,acetylcholine,1.0,2
SLPav1_medial,CB3001,acetylcholine,acetylcholine,1.0,6
SLPav1_medial,CB3671,acetylcholine,acetylcholine,1.0,2
SLPav1_medial,CB4152,acetylcholine,acetylcholine,1.0,5
SLPav1_medial,CL098,acetylcholine,acetylcholine,1.0,2
SLPav1_medial,CL099,acetylcholine,acetylcholine,1.0,10
SLPav1_medial,CL100,acetylcholine,acetylcholine,1.0,4
SLPav1_medial,CL101,acetylcholine,acetylcholine,1.0,4
SLPav1_medial,CL102,acetylcholine,acetylcholine,1.0,2
SLPav1_medial,CL104,acetylcholine,acetylcholine,1.0,4
SLPav1_medial,LHAV3e1,acetylcholine,acetylcholine,1.0,4
SLPav1_medial,LHAV3e2,acetylcholine,acetylcholine,1.0,4
SLPav1_medial,LHAV3e3_a,acetylcholine,acetylcholine,1.0,2
SLPav1_medial,LHAV3e3_b,acetylcholine,acetylcholine,1.0,2
SLPav1_medial,LHAV3e4_a,acetylcholine,acetylcholine,1.0,4
SLPav1_medial,LHAV3e4_b,acetylcholine,acetylcholine,1.0,2
SLPav1_medial,LHAV3e5,acetylcholine,acetylcholine,1.0,3
SLPav1_medial,LHAV3e6,acetylcholine,acetylcholine,1.0,3
SLPav1_medial,LoVP105,acetylcholine,acetylcholine,1.0,2
SLPav1_medial,LoVP14,acetylcholine,acetylcholine,1.0,19
SLPav1_medial,LoVP52,acetylcholine,acetylcholine,1.0,2
SLPav1_medial,PLP064_a,acetylcholine,acetylcholine,1.0,7
SLPav1_medial,PLP064_b,acetylcholine,acetylcholine,1.0,6
SLPav1_medial,PLP065,acetylcholine,acetylcholine,1.0,6
SLPav1_medial,PLP066,acetylcholine,acetylcholine,1.0,2
SLPav1_medial,PLP067,acetylcholine,acetylcholine,1.0,6
SLPav1_medial,SLP221,acetylcholine,acetylcholine,1.0,2
SLPav1_medial,SLP222,acetylcholine,acetylcholine,1.0,4
SLPav1_medial,SLP223,acetylcholine,acetylcholine,1.0,8
SLPav1_medial,SLP224,acetylcholine,acetylcholine,1.0,7
SLPav1_medial,SLP227,acetylcholine,acetylcholine,1.0,8
SLPav1_medial,SLP228,acetylcholine,acetylcholine,1.0,4
SLPav1_medial,SLP229,acetylcholine,acetylcholine,1.0,8
SLPav2,CB1212,glutamate,glutamate,0.9639175257731959,7
SLPav2,CB1242,glutamate,glutamate,0.9639175257731959,7
SLPav2,CB1352,glutamate,glutamate,0.9637305699481865,8
SLPav2,CB1685,glutamate,glutamate,0.9635416666666666,9
SLPav2,CB1935,glutamate,glutamate,0.9646464646464646,3
SLPav2,CB2136,glutamate,glutamate,0.9642857142857143,5
SLPav2,CB4033,glutamate,glutamate,0.964824120603015,2
SLPav2,CB4138,glutamate,glutamate,0.9623655913978495,15
SLPav2,CB4139,acetylcholine,glutamate,0.9897959183673469,5
SLPav2,CL008,glutamate,glutamate,0.9644670050761421,4
SLPav2,CL010,glutamate,glutamate,0.964824120603015,2
SLPav2,CL011,glutamate,glutamate,0.964824120603015,2
SLPav2,CL012,acetylcholine,glutamate,0.9748743718592965,2
SLPav2,CL013,glutamate,glutamate,0.9644670050761421,4
SLPav2,CL014,glutamate,glutamate,0.9637305699481865,8
SLPav2,CL015_a,glutamate,glutamate,0.964824120603015,2
SLPav2,CL015_b,glutamate,glutamate,0.964824120603015,2
SLPav2,CL016,glutamate,glutamate,0.9637305699481865,8
SLPav2,CL026,glutamate,glutamate,0.964824120603015,2
SLPav2,LHAV5e1,glutamate,glutamate,0.964824120603015,2
SLPav2,SLP001,glutamate,glutamate,0.964824120603015,2
SLPav2,SLP064,glutamate,glutamate,0.964824120603015,2
SLPav2,SLP075,glutamate,glutamate,0.964824120603015,2
SLPav2,SLP076,glutamate,glutamate,0.9644670050761421,4
SLPav2,SLP077,glutamate,glutamate,0.964824120603015,2
SLPav2,SLP078,glutamate,glutamate,0.9644670050761421,4
SLPav2,SLP079,glutamate,glutamate,0.964824120603015,2
SLPav2,SLP081,glutamate,glutamate,0.9639175257731959,7
SLPav2,SLP082,glutamate,glutamate,0.9617486338797814,18
SLPav2,SLP083,glutamate,glutamate,0.964824120603015,2
SLPav2,SLP085,glutamate,glutamate,0.9644670050761421,4
SLPav2,SLP086,glutamate,glutamate,0.9639175257731959,7
SLPav2,SLP087,glutamate,glutamate,0.9637305699481865,8
SLPav2,SLP088_a,glutamate,glutamate,0.9637305699481865,8
SLPav2,SLP088_b,glutamate,glutamate,0.9644670050761421,4
SLPav2,SLP089,glutamate,glutamate,0.9642857142857143,5
SLPav2,SLP173,glutamate,glutamate,0.965,1
SLPav2,SLP214,glutamate,glutamate,0.964824120603015,2
SLPav2,SMP010,glutamate,glutamate,0.964824120603015,2
SLPav2,SMP011_a,glutamate,glutamate,0.964824120603015,2
SLPav2,SMP011_b,glutamate,glutamate,0.964824120603015,2
SLPav2,SMP012,glutamate,glutamate,0.9644670050761421,4
SLPav2,SMP044,glutamate,glutamate,0.964824120603015,2
SLPav2,SMP045,glutamate,glutamate,0.964824120603015,2
SLPav2,SMP046,glutamate,glutamate,0.964824120603015,2
SLPav2,SMP047,glutamate,glutamate,0.964824120603015,2
SLPav3,#34524,gaba,gaba,0.631578947368421,1
SLPav3,#36061,gaba,gaba,0.631578947368421,1
SLPav3,#43996,gaba,gaba,0.631578947368421,1
SLPav3,#44275,gaba,gaba,0.631578947368421,1
SLPav3,#48299,gaba,gaba,0.631578947368421,1
SLPav3,CB1821,gaba,gaba,0.6216216216216216,3
SLPav3,CB1838,gaba,gaba,0.5942028985507246,8
SLPav3,CB2053,gaba,gaba,0.6216216216216216,3
SLPav3,CB2448,gaba,gaba,0.5882352941176471,9
SLPav3,CB3950b,glutamate,gaba,0.6447368421052632,1
SLPav3,LHAV2f2_a,gaba,gaba,0.631578947368421,1
SLPav3,LHAV2f2_b,gaba,gaba,0.6056338028169014,6
SLPav3,SLP187,gaba,gaba,0.5692307692307692,12
SLPav3,SLP188,glutamate,gaba,0.7777777777777778,14
SLPav3,SLP189,glutamate,gaba,0.6621621621621622,3
SLPav3,SLP189_a,glutamate,gaba,0.6533333333333333,2
SLPav3,SLP189_b,glutamate,gaba,0.7101449275362319,8
SLPav3,SLP208,gaba,gaba,0.6266666666666667,2
SLPp&v1_posterior,CB1874,glutamate,glutamate,1.0,2
SLPp&v1_posterior,CB1899,glutamate,glutamate,1.0,6
SLPp&v1_posterior,CB1976,glutamate,glutamate,1.0,2
SLPp&v1_posterior,CB1976b,glutamate,glutamate,1.0,2
SLPp&v1_posterior,CB2189,glutamate,glutamate,1.0,2
SLPp&v1_posterior,CB3045,glutamate,glutamate,1.0,3
SLPp&v1_posterior,CB3221,glutamate,glutamate,1.0,2
SLPp&v1_posterior,CB3268,glutamate,glutamate,1.0,4
SLPp&v1_posterior,CL133,glutamate,glutamate,1.0,2
SLPp&v1_posterior,CL134,glutamate,glutamate,1.0,6
SLPp&v1_posterior,LHPV4b1,glutamate,glutamate,1.0,6
SLPp&v1_posterior,LHPV4b2,glutamate,glutamate,1.0,8
SLPp&v1_posterior,LHPV4b3,glutamate,glutamate,1.0,7
SLPp&v1_posterior,LHPV4b4,glutamate,glutamate,1.0,10
SLPp&v1_posterior,LHPV4b5,glutamate,glutamate,1.0,2
SLPp&v1_posterior,LHPV4b7,glutamate,glutamate,1.0,2
SLPp&v1_posterior,LHPV4b9,glutamate,glutamate,1.0,2
SLPp&v1_posterior,LHPV4c1_a,glutamate,glutamate,1.0,2
SLPp&v1_posterior,LHPV4c1_b,glutamate,glutamate,1.0,8
SLPp&v1_posterior,LHPV4c1_c,glutamate,glutamate,1.0,8
SLPp&v1_posterior,LHPV4c2,glutamate,glutamate,1.0,4
SLPp&v1_posterior,LHPV4c3,glutamate,glutamate,1.0,4
SLPp&v1_posterior,LHPV4c4,glutamate,glutamate,1.0,4
SLPp&v1_posterior,LHPV4g1,glutamate,glutamate,1.0,12
SLPp&v1_posterior,LHPV4g2,glutamate,glutamate,1.0,8
SLPp&v1_posterior,SLP334,glutamate,glutamate,1.0,6
SLPp&v1_posterior,SLP337,glutamate,glutamate,1.0,6
SLPp&v1_ventral,ATL021,glutamate,glutamate,0.875,2
SLPp&v1_ventral,CB0656,acetylcholine,glutamate,1.0,2
SLPp&v1_ventral,CL142,glutamate,glutamate,0.875,2
SLPp&v1_ventral,PLP081,glutamate,glutamate,0.8571428571428571,4
SLPp&v1_ventral,PLP116,glutamate,glutamate,0.875,2
SLPp&v1_ventral,WEDPN12,glutamate,glutamate,0.875,2
SLPp&v1_ventral,vCal1,glutamate,glutamate,0.875,2
SLPp&v1_ventral,vCal2,glutamate,glutamate,0.875,2
SLPpl1,#101559,glutamate,glutamate,1.0,1
SLPpl1,#116649,glutamate,glutamate,1.0,1
SLPpl1,#133290,glutamate,glutamate,1.0,1
SLPpl1,#137605,glutamate,glutamate,1.0,1
SLPpl1,#140586,glutamate,glutamate,1.0,1
SLPpl1,#143687,glutamate,glutamate,1.0,1
SLPpl1,#160055,glutamate,glutamate,1.0,1
SLPpl1,#28606,glutamate,glutamate,1.0,1
SLPpl1,#28879,glutamate,glutamate,1.0,1
SLPpl1,#30570,glutamate,glutamate,1.0,1
SLPpl1,#34060,glutamate,glutamate,1.0,1
SLPpl1,#345530,glutamate,glutamate,1.0,1
SLPpl1,#40111,glutamate,glutamate,1.0,1
SLPpl1,#40192,glutamate,glutamate,1.0,1
SLPpl1,#535658,glutamate,glutamate,1.0,1
SLPpl1,#71961,glutamate,glutamate,1.0,1
SLPpl1,#73988,glutamate,glutamate,1.0,1
SLPpl1,#78447,glutamate,glutamate,1.0,1
SLPpl1,CB1011,glutamate,glutamate,1.0,9
SLPpl1,CB1610,glutamate,glutamate,1.0,4
SLPpl1,CB2003,glutamate,glutamate,1.0,4
SLPpl1,CB2196,glutamate,glutamate,1.0,6
SLPpl1,CB2298,glutamate,glutamate,1.0,5
SLPpl1,CB3118,glutamate,glutamate,1.0,6
SLPpl1,CB3252,glutamate,glutamate,1.0,7
SLPpl1,CB3464,glutamate,glutamate,1.0,8
SLPpl1,CB3508,glutamate,glutamate,1.0,2
SLPpl1,CB3539,glutamate,glutamate,1.0,3
SLPpl1,CB4091,glutamate,glutamate,1.0,20
SLPpl1,CL125,glutamate,glutamate,1.0,4
SLPpl1,PLP080,glutamate,glutamate,1.0,2
SLPpl1,SIP046,glutamate,glutamate,1.0,2
SLPpl1,SLP249,glutamate,glutamate,1.0,4
SLPpl1,SLP250,glutamate,glutamate,1.0,2
SLPpl1,SLP251,glutamate,glutamate,1.0,2
SLPpl1,SLP252_a,glutamate,glutamate,1.0,2
SLPpl1,SLP252_b,glutamate,glutamate,1.0,2
SLPpl1,SLP252_c,glutamate,glutamate,1.0,2
SLPpl1,SLP257,glutamate,glutamate,1.0,2
SLPpl1,SLP258,glutamate,glutamate,1.0,2
SLPpl1,SLP259,glutamate,glutamate,1.0,4
SLPpl1,SLP260,glutamate,glutamate,1.0,2
SLPpl1,SLP265,glutamate,glutamate,1.0,2
SLPpl1,SLP266,glutamate,glutamate,1.0,14
SLPpl1,SLP267,glutamate,glutamate,1.0,10
SLPpl1,SLP268,glutamate,glutamate,1.0,11
SLPpl1,SLP376,glutamate,glutamate,1.0,2
SLPpl1,SMP215,glutamate,glutamate,1.0,8
SLPpl1,SMP216,glutamate,glutamate,1.0,4
SLPpl1,SMP217,glutamate,glutamate,1.0,6
SLPpl1,SMP218,glutamate,glutamate,1.0,6
SLPpl1,SMP219,glutamate,glutamate,1.0,10
SLPpl1,SMP220,glutamate,glutamate,1.0,12
SLPpl1,SMP221,glutamate,glutamate,1.0,4
SLPpl1,SMP222,glutamate,glutamate,1.0,4
SLPpl1,SMP223,glutamate,glutamate,1.0,6
SLPpl1,SMP226,glutamate,glutamate,1.0,4
SLPpl1,SMP227,glutamate,glutamate,1.0,6
SLPpl1,SMP228,glutamate,glutamate,1.0,12
SLPpl1,SMP229,glutamate,glutamate,1.0,9
SLPpl1,SMP232,glutamate,glutamate,1.0,8
SLPpl2,#24340,acetylcholine,acetylcholine,0.573170731707317,1
SLPpl2,#25147,acetylcholine,acetylcholine,0.573170731707317,1
SLPpl2,#25459,acetylcholine,acetylcholine,0.573170731707317,1
SLPpl2,#27751,acetylcholine,acetylcholine,0.573170731707317,1
SLPpl2,#39436,acetylcholine,acetylcholine,0.573170731707317,1
SLPpl2,#523030,acetylcholine,acetylcholine,0.573170731707317,1
SLPpl2,#556472,acetylcholine,acetylcholine,0.573170731707317,1
SLPpl2,CB1551,acetylcholine,acetylcholine,0.5679012345679012,2
SLPpl2,CB2269,glutamate,acetylcholine,0.6153846153846154,5
SLPpl2,CB3479,acetylcholine,acetylcholine,0.5569620253164557,4
SLPpl2,CB3724,acetylcholine,acetylcholine,0.5679012345679012,2
SLPpl2,CL141,glutamate,acetylcholine,0.5925925925925926,2
SLPpl2,LHPV6k1,glutamate,acetylcholine,0.6233766233766234,6
SLPpl2,LHPV6k2,glutamate,acetylcholine,0.6075949367088608,4
SLPpl2,LHPV6l1,glutamate,acetylcholine,0.5925925925925926,2
SLPpl2,LHPV6o1,acetylcholine,acetylcholine,0.5679012345679012,2
SLPpl2,LoVP36,glutamate,acetylcholine,0.5925925925925926,2
SLPpl2,LoVP39,acetylcholine,acetylcholine,0.5569620253164557,4
SLPpl2,LoVP43,acetylcholine,acetylcholine,0.5679012345679012,2
SLPpl2,LoVP51,acetylcholine,acetylcholine,0.5679012345679012,2
SLPpl2,LoVP58,acetylcholine,acetylcholine,0.5679012345679012,2
SLPpl2,LoVP70,acetylcholine,acetylcholine,0.5679012345679012,2
SLPpl2,PLP119,glutamate,acetylcholine,0.5925925925925926,2
SLPpl2,SLP358,glutamate,acetylcholine,0.5925925925925926,2
SLPpl2,SLP359,acetylcholine,acetylcholine,0.5569620253164557,4
SLPpl2,SLP360_a,acetylcholine,acetylcholine,0.5679012345679012,2
SLPpl2,SLP360_b,acetylcholine,acetylcholine,0.5679012345679012,2
SLPpl2,SLP360_c,acetylcholine,acetylcholine,0.5679012345679012,2
SLPpl2,SLP360_d,acetylcholine,acetylcholine,0.5512820512820513,5
SLPpl2,SLP365,glutamate,acetylcholine,0.5925925925925926,2
SLPpl2,SLP372,acetylcholine,acetylcholine,0.5569620253164557,4
SLPpl2,SLP447,glutamate,acetylcholine,0.5925925925925926,2
SLPpl2,SMP271,gaba,acetylcholine,0.6075949367088608,4
SLPpl2,SMP583,glutamate,acetylcholine,0.5925925925925926,2
SLPpl3,#121196,glutamate,glutamate,1.0,1
SLPpl3,#129220,glutamate,glutamate,1.0,1
SLPpl3,#132660,glutamate,glutamate,1.0,1
SLPpl3,#142292,glutamate,glutamate,1.0,1
SLPpl3,#168191,glutamate,glutamate,1.0,1
SLPpl3,#45413,glutamate,glutamate,1.0,1
SLPpl3,#48495,glutamate,glutamate,1.0,1
SLPpl3,#50026,glutamate,glutamate,1.0,1
SLPpl3,#56380,glutamate,glutamate,1.0,1
SLPpl3,#59824,glutamate,glutamate,1.0,1
SLPpl3,#67208,glutamate,glutamate,1.0,1
SLPpl3,#70967,glutamate,glutamate,1.0,1
SLPpl3,#71323,glutamate,glutamate,1.0,1
SLPpl3,#77070,glutamate,glutamate,1.0,1
SLPpl3,#88788,glutamate,glutamate,1.0,1
SLPpl3,CB0367,glutamate,glutamate,1.0,2
SLPpl3,CB1178,glutamate,glutamate,1.0,21
SLPpl3,CB1249,glutamate,glutamate,1.0,3
SLPpl3,CB1687,glutamate,glutamate,1.0,5
SLPpl3,CB1733,glutamate,glutamate,1.0,4
SLPpl3,CB1735,glutamate,glutamate,1.0,6
SLPpl3,CB1987,glutamate,glutamate,1.0,4
SLPpl3,CB2346,glutamate,glutamate,1.0,7
SLPpl3,CB2766,glutamate,glutamate,1.0,2
SLPpl3,CB3071,glutamate,glutamate,1.0,1
SLPpl3,CB3084,glutamate,glutamate,1.0,1
SLPpl3,CB3141,glutamate,glutamate,1.0,4
SLPpl3,CB3281,glutamate,glutamate,1.0,2
SLPpl3,CB4119,glutamate,glutamate,1.0,12
SLPpl3,LHAV3f1,glutamate,glutamate,1.0,2
SLPpl3,LHAV3p1,glutamate,glutamate,1.0,2
SLPpl3,SLP340,glutamate,glutamate,1.0,2
SLPpl3,SLP344,glutamate,glutamate,1.0,4
SLPpl3,SLP345,glutamate,glutamate,1.0,5
SLPpl3,SLP347,glutamate,glutamate,1.0,4
SLPpl3,SLP354,glutamate,glutamate,1.0,2
SLPpl3,SMP250,glutamate,glutamate,1.0,2
SLPpm1,#109221,glutamate,glutamate,1.0,1
SLPpm1,#111503,glutamate,glutamate,1.0,1
SLPpm1,#127231,glutamate,glutamate,1.0,1
SLPpm1,#138987,glutamate,glutamate,1.0,1
SLPpm1,#144076,glutamate,glutamate,1.0,1
SLPpm1,#146332,glutamate,glutamate,1.0,1
SLPpm1,#26914,glutamate,glutamate,1.0,1
SLPpm1,#543191,glutamate,glutamate,1.0,1
SLPpm1,#58223,glutamate,glutamate,1.0,1
SLPpm1,#65756,glutamate,glutamate,1.0,1
SLPpm1,#75664,glutamate,glutamate,1.0,1
SLPpm1,#81472,glutamate,glutamate,1.0,1
SLPpm1,CB0973,glutamate,glutamate,1.0,8
SLPpm1,CB1035,glutamate,glutamate,1.0,2
SLPpm1,CB1281,glutamate,glutamate,1.0,3
SLPpm1,CB1945,glutamate,glutamate,1.0,4
SLPpm1,CB3477,glutamate,glutamate,1.0,2
SLPpm1,CB4129,glutamate,glutamate,1.0,10
SLPpm1,CB4130,glutamate,glutamate,1.0,11
SLPpm1,CB4131,glutamate,glutamate,1.0,2
SLPpm1,LHCENT12_a,glutamate,glutamate,1.0,2
SLPpm1,LHCENT12_b,glutamate,glutamate,1.0,4
SLPpm1,LHPD4a1,glutamate,glutamate,1.0,8
SLPpm1,LHPD4a2,glutamate,glutamate,1.0,4
SLPpm1,LHPD4b1,glutamate,glutamate,1.0,8
SLPpm1,LHPD4d1,glutamate,glutamate,1.0,2
SLPpm1,LHPD4d2_b,glutamate,glutamate,1.0,2
SLPpm1,LHPD4e1_b,glutamate,glutamate,1.0,3
SLPpm1,"SLP283,SLP284",glutamate,glutamate,1.0,10
SLPpm1,SLP285,glutamate,glutamate,1.0,12
SLPpm1,SLP286,glutamate,glutamate,1.0,9
SLPpm1,SLP287,glutamate,glutamate,1.0,4
SLPpm1,SLP288,glutamate,glutamate,1.0,10
SLPpm1,SLP289,glutamate,glutamate,1.0,11
SLPpm1,SLP290,glutamate,glutamate,1.0,6
SLPpm1,SLP291,glutamate,glutamate,1.0,5
SLPpm1,SLP295,glutamate,glutamate,1.0,10
SLPpm1,SLP298,glutamate,glutamate,1.0,2
SLPpm1,SLP300,glutamate,glutamate,1.0,10
SLPpm1,SLP302,glutamate,glutamate,1.0,4
SLPpm2,#144064,glutamate,glutamate,1.0,1
SLPpm2,#160344,glutamate,glutamate,1.0,1
SLPpm2,#166644,glutamate,glutamate,1.0,1
SLPpm2,#170885,glutamate,glutamate,1.0,1
SLPpm2,#172460,glutamate,glutamate,1.0,1
SLPpm2,#174403,glutamate,glutamate,1.0,1
SLPpm2,#85113,glutamate,glutamate,1.0,1
SLPpm2,CB1406,glutamate,glutamate,1.0,6
SLPpm2,CB1617,glutamate,glutamate,1.0,22
SLPpm2,CB1884,glutamate,glutamate,1.0,7
SLPpm2,CB2517,glutamate,glutamate,1.0,3
SLPpm2,CB2814,glutamate,glutamate,1.0,10
SLPpm2,CB4133,glutamate,glutamate,1.0,7
SLPpm2,CB4134,glutamate,glutamate,1.0,9
SLPpm2,CB4157,glutamate,glutamate,1.0,6
SLPpm2,SLP414,glutamate,glutamate,1.0,11
SLPpm2,SMP497,glutamate,glutamate,1.0,4
SLPpm3,#122997,acetylcholine,acetylcholine,1.0,1
SLPpm3,#132017,acetylcholine,acetylcholine,1.0,1
SLPpm3,#145980,acetylcholine,acetylcholine,1.0,1
SLPpm3,#525010,acetylcholine,acetylcholine,1.0,1
SLPpm3,CB1050,acetylcholine,acetylcholine,1.0,4
SLPpm3,CB1073,acetylcholine,acetylcholine,1.0,6
SLPpm3,CB1089,acetylcholine,acetylcholine,1.0,5
SLPpm3,CB1628,acetylcholine,acetylcholine,1.0,6
SLPpm3,CB2040,acetylcholine,acetylcholine,1.0,4
SLPpm3,CB2105,acetylcholine,acetylcholine,1.0,4
SLPpm3,CB2479,acetylcholine,acetylcholine,1.0,8
SLPpm3,CB2592,acetylcholine,acetylcholine,1.0,7
SLPpm3,CB2876,acetylcholine,acetylcholine,1.0,6
SLPpm3,CB3043,acetylcholine,acetylcholine,1.0,7
SLPpm3,CB3120,acetylcholine,acetylcholine,1.0,2
SLPpm3,CB3121,acetylcholine,acetylcholine,1.0,4
SLPpm3,CB3498,acetylcholine,acetylcholine,1.0,2
SLPpm3,CB3519,acetylcholine,acetylcholine,1.0,3
SLPpm3,CB4110,acetylcholine,acetylcholine,1.0,14
SLPpm3,LHPD5b1,acetylcholine,acetylcholine,1.0,2
SLPpm3,SLP421,acetylcholine,acetylcholine,1.0,10
SLPpm3,SLP424,acetylcholine,acetylcholine,1.0,2
SLPpm3,SLP429,acetylcholine,acetylcholine,1.0,2
SLPpm3,SLP433,acetylcholine,acetylcholine,1.0,2
SLPpm3,SLP439,acetylcholine,acetylcholine,1.0,2
SLPpm3,SLP440,acetylcholine,acetylcholine,1.0,2
SLPpm3,SLP441,acetylcholine,acetylcholine,1.0,2
SLPpm3,SLP442,acetylcholine,acetylcholine,1.0,2
SLPpm3,SMP548,acetylcholine,acetylcholine,1.0,2
SLPpm3,SMP551,acetylcholine,acetylcholine,1.0,2
SMPad1,CB1456,glutamate,glutamate,1.0,5
SMPad1,SIP100m,glutamate,glutamate,1.0,10
SMPad1,SIP101m,glutamate,glutamate,1.0,6
SMPad1,SIP103m,glutamate,glutamate,1.0,9
SMPad1,SIP104m,glutamate,glutamate,1.0,8
SMPad1,SIP112m,glutamate,glutamate,1.0,8
SMPad1,SIP113m,glutamate,glutamate,1.0,5
SMPad1,SIP115m,glutamate,glutamate,1.0,4
SMPad1,SIP116m,glutamate,glutamate,1.0,6
SMPad1,SIP118m,glutamate,glutamate,1.0,7
SMPad1,SIP119m,glutamate,glutamate,1.0,9
SMPad1,SIP121m,glutamate,glutamate,1.0,6
SMPad1,SIP122m,glutamate,glutamate,1.0,8
SMPad1,SIP123m,glutamate,glutamate,1.0,4
SMPad1,SIP124m,glutamate,glutamate,1.0,7
SMPad1,SIP140m,glutamate,glutamate,1.0,2
SMPad1,SIP141m,glutamate,glutamate,1.0,6
SMPad1,SIP142m,glutamate,glutamate,1.0,4
SMPad1,SIP143m,glutamate,glutamate,1.0,4
SMPad1,SIP145m,glutamate,glutamate,1.0,6
SMPad1,SIP146m,glutamate,glutamate,1.0,9
SMPad1,SIP147m,glutamate,glutamate,1.0,5
SMPad1,SLP217,glutamate,glutamate,1.0,8
SMPad1,SMP081,glutamate,glutamate,1.0,4
SMPad1,SMP082,glutamate,glutamate,1.0,4
SMPad1,SMP083,glutamate,glutamate,1.0,4
SMPad1,SMP084,glutamate,glutamate,1.0,4
SMPad1,SMP085,glutamate,glutamate,1.0,4
SMPad1,SMP086,glutamate,glutamate,1.0,4
SMPad1,SMP087,glutamate,glutamate,1.0,4
SMPad1,SMP088,glutamate,glutamate,1.0,4
SMPad1,SMP090,glutamate,glutamate,1.0,4
SMPad1,SMP092,glutamate,glutamate,1.0,4
SMPad1,SMP093,glutamate,glutamate,1.0,4
SMPad1,SMP095,glutamate,glutamate,1.0,4
SMPad1,SMP096,glutamate,glutamate,1.0,4
SMPad1,SMP102,glutamate,glutamate,1.0,5
SMPad1,SMP105_a,glutamate,glutamate,1.0,11
SMPad1,SMP105_b,glutamate,glutamate,1.0,6
SMPad1,SMP106,glutamate,glutamate,1.0,14
SMPad1,SMP107,glutamate,glutamate,1.0,4
SMPad1,SMP703m,glutamate,glutamate,1.0,14
SMPad1,SMP705m,glutamate,glutamate,1.0,8
SMPad1,SMP719m,glutamate,glutamate,1.0,8
SMPad1,SMP723m,glutamate,glutamate,1.0,11
SMPad2,#103630,glutamate,glutamate,0.9113924050632911,1
SMPad2,#166380,glutamate,glutamate,0.9113924050632911,1
SMPad2,#558098,glutamate,glutamate,0.9113924050632911,1
SMPad2,#581115,glutamate,glutamate,0.9113924050632911,1
SMPad2,#71098,glutamate,glutamate,0.9113924050632911,1
SMPad2,#76654,glutamate,glutamate,0.9113924050632911,1
SMPad2,#81103,glutamate,glutamate,0.9113924050632911,1
SMPad2,CB1353,glutamate,glutamate,0.9102564102564102,5
SMPad2,CB1368,glutamate,glutamate,0.9105431309904153,4
SMPad2,CB1648,glutamate,glutamate,0.9113924050632911,1
SMPad2,CB1833,glutamate,glutamate,0.9090909090909091,9
SMPad2,CB1975,glutamate,glutamate,0.9093851132686084,8
SMPad2,CB2074,glutamate,glutamate,0.9087947882736156,10
SMPad2,CB2259,glutamate,glutamate,0.9113924050632911,1
SMPad2,CB2411,glutamate,glutamate,0.9113924050632911,1
SMPad2,CB2884,glutamate,glutamate,0.9105431309904153,4
SMPad2,CB3080,glutamate,glutamate,0.9105431309904153,4
SMPad2,CB3143,glutamate,glutamate,0.9105431309904153,4
SMPad2,CB3998,glutamate,glutamate,0.9102564102564102,5
SMPad2,CB3999,glutamate,glutamate,0.9113924050632911,1
SMPad2,CB4000,glutamate,glutamate,0.9111111111111111,2
SMPad2,CL038,glutamate,glutamate,0.9105431309904153,4
SMPad2,CL040,glutamate,glutamate,0.9105431309904153,4
SMPad2,CL042,glutamate,glutamate,0.9105431309904153,4
SMPad2,CL046,glutamate,glutamate,0.9105431309904153,4
SMPad2,CL048,glutamate,glutamate,0.9096774193548387,7
SMPad2,CL049,glutamate,glutamate,0.9090909090909091,9
SMPad2,IB002,glutamate,glutamate,0.9087947882736156,10
SMPad2,IB004_a,glutamate,glutamate,0.9075907590759076,14
SMPad2,IB004_b,glutamate,glutamate,0.909967845659164,6
SMPad2,ICL003m,glutamate,glutamate,0.9105431309904153,4
SMPad2,ICL004m_a,glutamate,glutamate,0.9111111111111111,2
SMPad2,ICL004m_b,glutamate,glutamate,0.9111111111111111,2
SMPad2,ICL005m,glutamate,glutamate,0.9111111111111111,2
SMPad2,ICL006m,glutamate,glutamate,0.9102564102564102,5
SMPad2,ICL013m_a,glutamate,glutamate,0.9111111111111111,2
SMPad2,ICL013m_b,glutamate,glutamate,0.9111111111111111,2
SMPad2,PS002,gaba,glutamate,0.9292604501607717,6
SMPad2,PS003,glutamate,glutamate,0.9105431309904153,4
SMPad2,PS004,glutamate,glutamate,0.909967845659164,6
SMPad2,PS005_a,glutamate,glutamate,0.9093851132686084,8
SMPad2,PS005_b,glutamate,glutamate,0.9102564102564102,5
SMPad2,PS005_c,glutamate,glutamate,0.9102564102564102,5
SMPad2,PS005_d,glutamate,glutamate,0.9102564102564102,5
SMPad2,PS005_e,glutamate,glutamate,0.9102564102564102,5
SMPad2,PS005_f,glutamate,glutamate,0.9105431309904153,4
SMPad2,PS007,glutamate,glutamate,0.9105431309904153,4
SMPad2,PS008_a1,glutamate,glutamate,0.9111111111111111,2
SMPad2,PS008_a2,glutamate,glutamate,0.9105431309904153,4
SMPad2,PS008_a3,glutamate,glutamate,0.9111111111111111,2
SMPad2,PS008_a4,glutamate,glutamate,0.910828025477707,3
SMPad2,PS008_b,glutamate,glutamate,0.9087947882736156,10
SMPad2,SIP020_a,glutamate,glutamate,0.9105431309904153,4
SMPad2,SIP020_b,glutamate,glutamate,0.9111111111111111,2
SMPad2,SIP020_c,glutamate,glutamate,0.9111111111111111,2
SMPad2,SIP020b,glutamate,glutamate,0.9113924050632911,1
SMPad2,SIP021_a,glutamate,glutamate,0.9105431309904153,4
SMPad2,SIP021_b,glutamate,glutamate,0.910828025477707,3
SMPad2,SMP051,acetylcholine,glutamate,0.9174603174603174,2
SMPad2,SMP052,acetylcholine,glutamate,0.9233226837060703,4
SMPad2,SMP055,glutamate,glutamate,0.9105431309904153,4
SMPad2,SMP056,glutamate,glutamate,0.9111111111111111,2
SMPad2,SMP057,glutamate,glutamate,0.9105431309904153,4
SMPad2,SMP061,glutamate,glutamate,0.9105431309904153,4
SMPad2,SMP063,glutamate,glutamate,0.9111111111111111,2
SMPad2,SMP064,glutamate,glutamate,0.9111111111111111,2
SMPad2,SMP065,glutamate,glutamate,0.9105431309904153,4
SMPad2,SMP066,glutamate,glutamate,0.9105431309904153,4
SMPad2,SMP067,glutamate,glutamate,0.9105431309904153,4
SMPad2,SMP068,glutamate,glutamate,0.9105431309904153,4
SMPad2,SMP069,glutamate,glutamate,0.9105431309904153,4
SMPad2,SMP072,glutamate,glutamate,0.9111111111111111,2
SMPad2,SMP079,gaba,glutamate,0.9233226837060703,4
SMPad2,SMP080,acetylcholine,glutamate,0.9174603174603174,2
SMPad2,SMP091,gaba,glutamate,0.9292604501607717,6
SMPad2,SMP157,acetylcholine,glutamate,0.9174603174603174,2
SMPad2,SMP158,acetylcholine,glutamate,0.9174603174603174,2
SMPad2,VES200m,glutamate,glutamate,0.9081967213114754,12
SMPad2,VES202m,glutamate,glutamate,0.9096774193548387,7
SMPad3,#129391,glutamate,glutamate,1.0,1
SMPad3,#511985,glutamate,glutamate,1.0,1
SMPad3,CB0951,glutamate,glutamate,1.0,6
SMPad3,CB1062,glutamate,glutamate,1.0,8
SMPad3,CB1287,glutamate,glutamate,1.0,2
SMPad3,CB1478,glutamate,glutamate,1.0,2
SMPad3,CB1871,glutamate,glutamate,1.0,2
SMPad3,CB3052,glutamate,glutamate,1.0,2
SMPad3,CB3135,glutamate,glutamate,1.0,3
SMPad3,CB3362,glutamate,glutamate,1.0,2
SMPad3,CB3574,glutamate,glutamate,1.0,4
SMPad3,CB4159,glutamate,glutamate,1.0,2
SMPad3,CRE026,glutamate,glutamate,1.0,2
SMPad3,CRE027,glutamate,glutamate,1.0,4
SMPad3,CRE028,glutamate,glutamate,1.0,6
SMPad3,CRE030_b,glutamate,glutamate,1.0,2
SMPad3,CRE034,glutamate,glutamate,1.0,4
SMPad3,CRE035,glutamate,glutamate,1.0,2
SMPad3,CRE037,glutamate,glutamate,1.0,6
SMPad3,CRE038,glutamate,glutamate,1.0,2
SMPad3,CRE039,glutamate,glutamate,1.0,8
SMPad3,MBON25,glutamate,glutamate,1.0,2
SMPad3,MBON25-like,glutamate,glutamate,1.0,4
SMPad3,MBON34,glutamate,glutamate,1.0,2
SMPad3,SMP114,glutamate,glutamate,1.0,2
SMPad3,SMP115,glutamate,glutamate,1.0,2
SMPad3,SMP116,glutamate,glutamate,1.0,2
SMPad3,SMP117_a,glutamate,glutamate,1.0,2
SMPad3,SMP117_b,glutamate,glutamate,1.0,2
SMPad3,SMP118,glutamate,glutamate,1.0,2
SMPad3,SMP119,glutamate,glutamate,1.0,2
SMPad3,SMP120,glutamate,glutamate,1.0,5
SMPad3,SMP122,glutamate,glutamate,1.0,3
SMPad3,SMP123,glutamate,glutamate,1.0,4
SMPad3,SMP124,glutamate,glutamate,1.0,4
SMPad3,SMP125,glutamate,glutamate,1.0,2
SMPad3,SMP126,glutamate,glutamate,1.0,2
SMPad3,SMP128,glutamate,glutamate,1.0,2
SMPad3,SMP130,glutamate,glutamate,1.0,2
SMPad3,SMP131,glutamate,glutamate,1.0,2
SMPad3,SMP132,glutamate,glutamate,1.0,4
SMPad3,SMP133,glutamate,glutamate,1.0,10
SMPad3,SMP134,glutamate,glutamate,1.0,2
SMPad3,SMP135,glutamate,glutamate,1.0,2
SMPad3,SMP136,glutamate,glutamate,1.0,2
SMPad3,SMP138,glutamate,glutamate,1.0,2
SMPad3,SMP139,glutamate,glutamate,1.0,2
SMPp&v1_posterior,CB0084,glutamate,glutamate,0.9894736842105263,2
SMPp&v1_posterior,CB0386,glutamate,glutamate,0.9894736842105263,2
SMPp&v1_posterior,CB0976,glutamate,glutamate,0.9893617021276596,4
SMPp&v1_posterior,CB1396,glutamate,glutamate,0.9894736842105263,2
SMPp&v1_posterior,CB1603,glutamate,glutamate,0.9894736842105263,2
SMPp&v1_posterior,CB1636,glutamate,glutamate,0.9894736842105263,2
SMPp&v1_posterior,CB1808,glutamate,glutamate,0.9894736842105263,2
SMPp&v1_posterior,CB1815,glutamate,glutamate,0.9893048128342246,5
SMPp&v1_posterior,CB1823,glutamate,glutamate,0.9893048128342246,5
SMPp&v1_posterior,CB1926,glutamate,glutamate,0.9895287958115183,1
SMPp&v1_posterior,CB2401,glutamate,glutamate,0.9893617021276596,4
SMPp&v1_posterior,CB2500,glutamate,glutamate,0.9894736842105263,2
SMPp&v1_posterior,CB2671,glutamate,glutamate,0.9893617021276596,4
SMPp&v1_posterior,CB2816,glutamate,glutamate,0.9893617021276596,4
SMPp&v1_posterior,CB2954,glutamate,glutamate,0.9894736842105263,2
SMPp&v1_posterior,CB2967,glutamate,glutamate,0.9893048128342246,5
SMPp&v1_posterior,CB2988,glutamate,glutamate,0.9893617021276596,4
SMPp&v1_posterior,CB3187,glutamate,glutamate,0.9894736842105263,2
SMPp&v1_posterior,CL175,glutamate,glutamate,0.9894736842105263,2
SMPp&v1_posterior,CL176,glutamate,glutamate,0.9894736842105263,2
SMPp&v1_posterior,CL177,glutamate,glutamate,0.9894736842105263,2
SMPp&v1_posterior,CL178,glutamate,glutamate,0.9894736842105263,2
SMPp&v1_posterior,CL179,glutamate,glutamate,0.9894736842105263,2
SMPp&v1_posterior,CL180,glutamate,glutamate,0.9894736842105263,2
SMPp&v1_posterior,CL182,glutamate,glutamate,0.989010989010989,10
SMPp&v1_posterior,CL183,glutamate,glutamate,0.9894736842105263,2
SMPp&v1_posterior,CL184,glutamate,glutamate,0.9893617021276596,4
SMPp&v1_posterior,CL185,glutamate,glutamate,0.989247311827957,6
SMPp&v1_posterior,CL186,glutamate,glutamate,0.9894179894179894,3
SMPp&v1_posterior,CL187,glutamate,glutamate,0.9894736842105263,2
SMPp&v1_posterior,CL189,glutamate,glutamate,0.9891891891891892,7
SMPp&v1_posterior,CL190,glutamate,glutamate,0.9893048128342246,5
SMPp&v1_posterior,CL191_a,glutamate,glutamate,0.9893617021276596,4
SMPp&v1_posterior,CL191_b,glutamate,glutamate,0.9893617021276596,4
SMPp&v1_posterior,CL195,glutamate,glutamate,0.9895287958115183,1
SMPp&v1_posterior,CL196,glutamate,glutamate,0.989247311827957,6
SMPp&v1_posterior,CRE079,glutamate,glutamate,0.9894736842105263,2
SMPp&v1_posterior,LHPD5f1,glutamate,glutamate,0.9894736842105263,2
SMPp&v1_posterior,PS111,glutamate,glutamate,0.9894736842105263,2
SMPp&v1_posterior,PS112,glutamate,glutamate,0.9894736842105263,2
SMPp&v1_posterior,PVLP107,glutamate,glutamate,0.9894736842105263,2
SMPp&v1_posterior,SMP336,glutamate,glutamate,0.9894736842105263,2
SMPp&v1_posterior,SMP344,glutamate,glutamate,0.9893617021276596,4
SMPp&v1_posterior,SMP441,glutamate,glutamate,0.9894736842105263,2
SMPp&v1_posterior,SMP443,glutamate,glutamate,0.9894736842105263,2
SMPp&v1_posterior,SMP444,glutamate,glutamate,0.9894736842105263,2
SMPp&v1_posterior,SMP445,glutamate,glutamate,0.9894736842105263,2
SMPp&v1_posterior,SMP446,glutamate,glutamate,0.9893617021276596,4
SMPp&v1_posterior,SMP447,glutamate,glutamate,0.9893617021276596,4
SMPp&v1_posterior,SMP448,glutamate,glutamate,0.989247311827957,6
SMPp&v1_posterior,SMP449,glutamate,glutamate,0.9894736842105263,2
SMPp&v1_posterior,SMP450,glutamate,glutamate,0.9891304347826086,8
SMPp&v1_posterior,SMP451,glutamate,glutamate,0.9893617021276596,4
SMPp&v1_posterior,SMP452,glutamate,glutamate,0.989010989010989,10
SMPp&v1_posterior,SMP453,glutamate,glutamate,0.9891304347826086,8
SMPp&v1_posterior,SMP549,acetylcholine,glutamate,1.0,2
SMPpd1,#61276,acetylcholine,acetylcholine,0.9649122807017544,1
SMPpd1,CB1529,acetylcholine,acetylcholine,0.963855421686747,6
SMPpd1,CB1627,acetylcholine,acetylcholine,0.9644970414201184,3
SMPpd1,CB1895,acetylcholine,acetylcholine,0.9642857142857143,4
SMPpd1,CB2572,acetylcholine,acetylcholine,0.9631901840490797,9
SMPpd1,CB2720,acetylcholine,acetylcholine,0.9634146341463414,8
SMPpd1,CB2754,acetylcholine,acetylcholine,0.9642857142857143,4
SMPpd1,CB3093,acetylcholine,acetylcholine,0.9647058823529412,2
SMPpd1,CB3261,acetylcholine,acetylcholine,0.9634146341463414,8
SMPpd1,CB3768,acetylcholine,acetylcholine,0.9636363636363636,7
SMPpd1,SLP390,acetylcholine,acetylcholine,0.9647058823529412,2
SMPpd1,SLP391,acetylcholine,acetylcholine,0.9647058823529412,2
SMPpd1,SLP392,acetylcholine,acetylcholine,0.9647058823529412,2
SMPpd1,SLP394,acetylcholine,acetylcholine,0.9647058823529412,2
SMPpd1,SLP396,acetylcholine,acetylcholine,0.9642857142857143,4
SMPpd1,SLP397,acetylcholine,acetylcholine,0.9647058823529412,2
SMPpd1,SLP398,acetylcholine,acetylcholine,0.9642857142857143,4
SMPpd1,SLP400,acetylcholine,acetylcholine,0.9640718562874252,5
SMPpd1,SMP333,acetylcholine,acetylcholine,0.9647058823529412,2
SMPpd1,SMP334,acetylcholine,acetylcholine,0.9647058823529412,2
SMPpd1,SMP339,acetylcholine,acetylcholine,0.9647058823529412,2
SMPpd1,SMP340,acetylcholine,acetylcholine,0.9647058823529412,2
SMPpd1,SMP341,acetylcholine,acetylcholine,0.9647058823529412,2
SMPpd1,SMP346,glutamate,acetylcholine,0.9880952380952381,4
SMPpd1,SMP347,acetylcholine,acetylcholine,0.9625,12
SMPpd1,SMP348,acetylcholine,acetylcholine,0.9642857142857143,4
SMPpd1,SMP350,acetylcholine,acetylcholine,0.9636363636363636,7
SMPpd1,SMP352,acetylcholine,acetylcholine,0.9625,12
SMPpd1,SMP353,acetylcholine,acetylcholine,0.9647058823529412,2
SMPpd1,SMP354,acetylcholine,acetylcholine,0.963855421686747,6
SMPpd1,SMP355,acetylcholine,acetylcholine,0.9642857142857143,4
SMPpd1,SMP356,acetylcholine,acetylcholine,0.9647058823529412,2
SMPpd1,SMP357,acetylcholine,acetylcholine,0.9634146341463414,8
SMPpd1,SMP358,acetylcholine,acetylcholine,0.963855421686747,6
SMPpd1,SMP359,acetylcholine,acetylcholine,0.9642857142857143,4
SMPpd1,SMP360,acetylcholine,acetylcholine,0.9647058823529412,2
SMPpd1,SMP361,acetylcholine,acetylcholine,0.9634146341463414,8
SMPpd1,SMP362,acetylcholine,acetylcholine,0.9642857142857143,4
SMPpd1,SMP496,glutamate,acetylcholine,0.9764705882352941,2
SMPpd2,SMP338,glutamate,glutamate,1.0,4
SMPpd2,SMP532_a,glutamate,glutamate,1.0,2
SMPpd2,SMP532_b,glutamate,glutamate,1.0,2
SMPpd2,SMP535,glutamate,glutamate,1.0,4
SMPpd2,SMP537,glutamate,glutamate,1.0,4
SMPpd2,SMP538,glutamate,glutamate,1.0,2
SMPpd2,SMP539,glutamate,glutamate,1.0,4
SMPpd2,SMP540,glutamate,glutamate,1.0,4
SMPpd2,SMP599,glutamate,glutamate,1.0,2
TBD,#802962,acetylcholine,acetylcholine,0.5259686727122836,1
TBD,#811546,acetylcholine,acetylcholine,0.5259686727122836,1
TBD,#813057,acetylcholine,acetylcholine,0.5259686727122836,1
TBD,#813917,acetylcholine,acetylcholine,0.5259686727122836,1
TBD,#814753,acetylcholine,acetylcholine,0.5259686727122836,1
TBD,#819020,acetylcholine,acetylcholine,0.5259686727122836,1
TBD,#904652,gaba,acetylcholine,0.52679307502061,1
TBD,#905136,acetylcholine,acetylcholine,0.5259686727122836,1
TBD,#906712,acetylcholine,acetylcholine,0.5259686727122836,1
TBD,#907193,acetylcholine,acetylcholine,0.5259686727122836,1
TBD,#908119,acetylcholine,acetylcholine,0.5259686727122836,1
TBD,#910338,acetylcholine,acetylcholine,0.5259686727122836,1
TBD,#944625,acetylcholine,acetylcholine,0.5259686727122836,1
TBD,AN13B002,gaba,acetylcholine,0.5272277227722773,2
TBD,ANXXX006,acetylcholine,acetylcholine,0.5255775577557755,2
TBD,ANXXX007,gaba,acetylcholine,0.5294117647058824,7
TBD,ANXXX013,gaba,acetylcholine,0.5272277227722773,2
TBD,ANXXX023,acetylcholine,acetylcholine,0.5255775577557755,2
TBD,ANXXX024,acetylcholine,acetylcholine,0.5255775577557755,2
TBD,ANXXX026,gaba,acetylcholine,0.5272277227722773,2
TBD,ANXXX027,acetylcholine,acetylcholine,0.5208333333333334,14
TBD,ANXXX030,acetylcholine,acetylcholine,0.5255775577557755,2
TBD,ANXXX033,acetylcholine,acetylcholine,0.5255775577557755,2
TBD,ANXXX037,acetylcholine,acetylcholine,0.5255775577557755,2
TBD,ANXXX041,gaba,acetylcholine,0.528099173553719,4
TBD,ANXXX049,acetylcholine,acetylcholine,0.5247933884297521,4
TBD,ANXXX050,acetylcholine,acetylcholine,0.5255775577557755,2
TBD,ANXXX055,acetylcholine,acetylcholine,0.5255775577557755,2
TBD,ANXXX057,acetylcholine,acetylcholine,0.5255775577557755,2
TBD,ANXXX068,acetylcholine,acetylcholine,0.5255775577557755,2
TBD,ANXXX071,acetylcholine,acetylcholine,0.5255775577557755,2
TBD,ANXXX072,acetylcholine,acetylcholine,0.5255775577557755,2
TBD,ANXXX074,acetylcholine,acetylcholine,0.5255775577557755,2
TBD,ANXXX075,acetylcholine,acetylcholine,0.5255775577557755,2
TBD,ANXXX082,acetylcholine,acetylcholine,0.5255775577557755,2
TBD,ANXXX084,acetylcholine,acetylcholine,0.5232172470978441,8
TBD,ANXXX086,acetylcholine,acetylcholine,0.5255775577557755,2
TBD,ANXXX092,acetylcholine,acetylcholine,0.5255775577557755,2
TBD,ANXXX093,acetylcholine,acetylcholine,0.5255775577557755,2
TBD,ANXXX094,acetylcholine,acetylcholine,0.5255775577557755,2
TBD,ANXXX098,acetylcholine,acetylcholine,0.5240066225165563,6
TBD,ANXXX099,acetylcholine,acetylcholine,0.5255775577557755,2
TBD,ANXXX102,acetylcholine,acetylcholine,0.5255775577557755,2
TBD,ANXXX106,gaba,acetylcholine,0.5272277227722773,2
TBD,ANXXX108,gaba,acetylcholine,0.5272277227722773,2
TBD,ANXXX109,gaba,acetylcholine,0.5272277227722773,2
TBD,ANXXX116,acetylcholine,acetylcholine,0.5247933884297521,4
TBD,ANXXX120,acetylcholine,acetylcholine,0.5247933884297521,4
TBD,ANXXX127,acetylcholine,acetylcholine,0.5255775577557755,2
TBD,ANXXX130,gaba,acetylcholine,0.5272277227722773,2
TBD,ANXXX131,acetylcholine,acetylcholine,0.5255775577557755,2
TBD,ANXXX132,acetylcholine,acetylcholine,0.5255775577557755,2
TBD,ANXXX136,acetylcholine,acetylcholine,0.5255775577557755,2
TBD,ANXXX139,gaba,acetylcholine,0.5272277227722773,2
TBD,ANXXX144,gaba,acetylcholine,0.5272277227722773,2
TBD,ANXXX145,acetylcholine,acetylcholine,0.5244003308519437,5
TBD,ANXXX150,acetylcholine,acetylcholine,0.5247933884297521,4
TBD,ANXXX151,acetylcholine,acetylcholine,0.5255775577557755,2
TBD,ANXXX152,acetylcholine,acetylcholine,0.5255775577557755,2
TBD,ANXXX154,acetylcholine,acetylcholine,0.5255775577557755,2
TBD,ANXXX157,gaba,acetylcholine,0.5272277227722773,2
TBD,ANXXX165,acetylcholine,acetylcholine,0.5255775577557755,2
TBD,ANXXX169,glutamate,acetylcholine,0.5307308970099668,10
TBD,ANXXX170,acetylcholine,acetylcholine,0.5247933884297521,4
TBD,ANXXX171,acetylcholine,acetylcholine,0.5255775577557755,2
TBD,ANXXX174,acetylcholine,acetylcholine,0.5255775577557755,2
TBD,ANXXX178,gaba,acetylcholine,0.5272277227722773,2
TBD,ANXXX191,acetylcholine,acetylcholine,0.5255775577557755,2
TBD,ANXXX196,acetylcholine,acetylcholine,0.5255775577557755,2
TBD,ANXXX200,gaba,acetylcholine,0.528099173553719,4
TBD,ANXXX202,glutamate,acetylcholine,0.5302904564315353,9
TBD,ANXXX214,acetylcholine,acetylcholine,0.5247933884297521,4
TBD,ANXXX218,acetylcholine,acetylcholine,0.5255775577557755,2
TBD,ANXXX250,gaba,acetylcholine,0.5272277227722773,2
TBD,ANXXX254,acetylcholine,acetylcholine,0.5255775577557755,2
TBD,ANXXX255,acetylcholine,acetylcholine,0.5255775577557755,2
TBD,ANXXX264,gaba,acetylcholine,0.5272277227722773,2
TBD,ANXXX296,acetylcholine,acetylcholine,0.5255775577557755,2
TBD,ANXXX308,acetylcholine,acetylcholine,0.5255775577557755,2
TBD,ANXXX318,acetylcholine,acetylcholine,0.5255775577557755,2
TBD,ANXXX338,glutamate,acetylcholine,0.5276630883567299,3
TBD,ANXXX380,acetylcholine,acetylcholine,0.5247933884297521,4
TBD,ANXXX404,gaba,acetylcholine,0.5272277227722773,2
TBD,ANXXX410,acetylcholine,acetylcholine,0.5255775577557755,2
TBD,ANXXX434,acetylcholine,acetylcholine,0.5255775577557755,2
TBD,ANXXX462a,acetylcholine,acetylcholine,0.5255775577557755,2
TBD,ANXXX462b,acetylcholine,acetylcholine,0.5255775577557755,2
TBD,ANXXX470,acetylcholine,acetylcholine,0.5255775577557755,2
TBD,AVLP598,acetylcholine,acetylcholine,0.5255775577557755,2
TBD,AVLP608,acetylcholine,acetylcholine,0.5255775577557755,2
TBD,CB0214,gaba,acetylcholine,0.5272277227722773,2
TBD,DNge038,acetylcholine,acetylcholine,0.5255775577557755,2
TBD,DNge061,acetylcholine,acetylcholine,0.5247933884297521,4
TBD,DNge124,acetylcholine,acetylcholine,0.5255775577557755,2
TBD,Fe reductor MN,glutamate,acetylcholine,0.5298507462686567,8
TBD,GNG162,gaba,acetylcholine,0.5272277227722773,2
TBD,GNG285,acetylcholine,acetylcholine,0.5255775577557755,2
TBD,GNG304,glutamate,acetylcholine,0.5272277227722773,2
TBD,GNG307,acetylcholine,acetylcholine,0.5255775577557755,2
TBD,GNG316,acetylcholine,acetylcholine,0.5255775577557755,2
TBD,GNG509,acetylcholine,acetylcholine,0.5255775577557755,2
TBD,GNG546,gaba,acetylcholine,0.52679307502061,1
TBD,GNG583,acetylcholine,acetylcholine,0.5255775577557755,2
TBD,IN16B049,glutamate,acetylcholine,0.528099173553719,4
TBD,INXXX003,gaba,acetylcholine,0.5272277227722773,2
TBD,INXXX004,gaba,acetylcholine,0.5272277227722773,2
TBD,INXXX007,gaba,acetylcholine,0.5272277227722773,2
TBD,INXXX011,acetylcholine,acetylcholine,0.5255775577557755,2
TBD,INXXX022,acetylcholine,acetylcholine,0.5255775577557755,2
TBD,INXXX023,acetylcholine,acetylcholine,0.5255775577557755,2
TBD,INXXX025,acetylcholine,acetylcholine,0.5255775577557755,2
TBD,INXXX027,acetylcholine,acetylcholine,0.5247933884297521,4
TBD,INXXX029,acetylcholine,acetylcholine,0.5255775577557755,2
TBD,INXXX031,gaba,acetylcholine,0.5272277227722773,2
TBD,INXXX032,acetylcholine,acetylcholine,0.5240066225165563,6
TBD,INXXX035,gaba,acetylcholine,0.5272277227722773,2
TBD,INXXX036,acetylcholine,acetylcholine,0.5255775577557755,2
TBD,INXXX038,acetylcholine,acetylcholine,0.5255775577557755,2
TBD,INXXX039,acetylcholine,acetylcholine,0.5255775577557755,2
TBD,INXXX042,acetylcholine,acetylcholine,0.5255775577557755,2
TBD,INXXX044,gaba,acetylcholine,0.5298507462686567,8
TBD,INXXX048,acetylcholine,acetylcholine,0.5255775577557755,2
TBD,INXXX052,acetylcholine,acetylcholine,0.5255775577557755,2
TBD,INXXX053,gaba,acetylcholine,0.5272277227722773,2
TBD,INXXX054,acetylcholine,acetylcholine,0.5255775577557755,2
TBD,INXXX058,gaba,acetylcholine,0.5289735099337748,6
TBD,INXXX062,acetylcholine,acetylcholine,0.5247933884297521,4
TBD,INXXX063,gaba,acetylcholine,0.5272277227722773,2
TBD,INXXX065,gaba,acetylcholine,0.5272277227722773,2
TBD,INXXX066,acetylcholine,acetylcholine,0.5255775577557755,2
TBD,INXXX073,acetylcholine,acetylcholine,0.5255775577557755,2
TBD,INXXX076,acetylcholine,acetylcholine,0.5255775577557755,2
TBD,INXXX077,acetylcholine,acetylcholine,0.5255775577557755,2
TBD,INXXX083,acetylcholine,acetylcholine,0.5255775577557755,2
TBD,INXXX084,acetylcholine,acetylcholine,0.5255775577557755,2
TBD,INXXX087,acetylcholine,acetylcholine,0.5255775577557755,2
TBD,INXXX089,acetylcholine,acetylcholine,0.5255775577557755,2
TBD,INXXX091,acetylcholine,acetylcholine,0.5255775577557755,2
TBD,INXXX095,acetylcholine,acetylcholine,0.5247933884297521,4
TBD,INXXX096,acetylcholine,acetylcholine,0.5247933884297521,4
TBD,INXXX100,acetylcholine,acetylcholine,0.5240066225165563,6
TBD,INXXX101,acetylcholine,acetylcholine,0.5255775577557755,2
TBD,INXXX104,acetylcholine,acetylcholine,0.5255775577557755,2
TBD,INXXX107,acetylcholine,acetylcholine,0.5255775577557755,2
TBD,INXXX110,gaba,acetylcholine,0.528099173553719,4
TBD,INXXX111,acetylcholine,acetylcholine,0.5255775577557755,2
TBD,INXXX114,acetylcholine,acetylcholine,0.5255775577557755,2
TBD,INXXX115,acetylcholine,acetylcholine,0.5255775577557755,2
TBD,INXXX119,gaba,acetylcholine,0.5272277227722773,2
TBD,INXXX121,acetylcholine,acetylcholine,0.5255775577557755,2
TBD,INXXX122,acetylcholine,acetylcholine,0.5247933884297521,4
TBD,INXXX124,gaba,acetylcholine,0.5272277227722773,2
TBD,INXXX126,acetylcholine,acetylcholine,0.5232172470978441,8
TBD,INXXX129,acetylcholine,acetylcholine,0.5255775577557755,2
TBD,INXXX133,acetylcholine,acetylcholine,0.5255775577557755,2
TBD,INXXX134,acetylcholine,acetylcholine,0.5255775577557755,2
TBD,INXXX135,gaba,acetylcholine,0.5272277227722773,2
TBD,INXXX137,acetylcholine,acetylcholine,0.5255775577557755,2
TBD,INXXX138,acetylcholine,acetylcholine,0.5255775577557755,2
TBD,INXXX140,gaba,acetylcholine,0.5272277227722773,2
TBD,INXXX142,acetylcholine,acetylcholine,0.5255775577557755,2
TBD,INXXX143,acetylcholine,acetylcholine,0.5255775577557755,2
TBD,INXXX146,gaba,acetylcholine,0.5272277227722773,2
TBD,INXXX147,acetylcholine,acetylcholine,0.5255775577557755,2
TBD,INXXX149,acetylcholine,acetylcholine,0.5240066225165563,6
TBD,INXXX153,acetylcholine,acetylcholine,0.5255775577557755,2
TBD,INXXX158,gaba,acetylcholine,0.5272277227722773,2
TBD,INXXX159,acetylcholine,acetylcholine,0.5255775577557755,2
TBD,INXXX161,gaba,acetylcholine,0.528099173553719,4
TBD,INXXX167,acetylcholine,acetylcholine,0.5255775577557755,2
TBD,INXXX173,acetylcholine,acetylcholine,0.5255775577557755,2
TBD,INXXX179,acetylcholine,acetylcholine,0.5255775577557755,2
TBD,INXXX180,acetylcholine,acetylcholine,0.5255775577557755,2
TBD,INXXX181,acetylcholine,acetylcholine,0.5255775577557755,2
TBD,INXXX183,gaba,acetylcholine,0.5272277227722773,2
TBD,INXXX184,acetylcholine,acetylcholine,0.5255775577557755,2
TBD,INXXX188,gaba,acetylcholine,0.5272277227722773,2
TBD,INXXX192,acetylcholine,acetylcholine,0.5255775577557755,2
TBD,INXXX194,glutamate,acetylcholine,0.5272277227722773,2
TBD,INXXX197,gaba,acetylcholine,0.528099173553719,4
TBD,INXXX198,gaba,acetylcholine,0.5272277227722773,2
TBD,INXXX199,gaba,acetylcholine,0.5272277227722773,2
TBD,INXXX201,acetylcholine,acetylcholine,0.5255775577557755,2
TBD,INXXX204,gaba,acetylcholine,0.5272277227722773,2
TBD,INXXX206,acetylcholine,acetylcholine,0.5255775577557755,2
TBD,INXXX212,acetylcholine,acetylcholine,0.5247933884297521,4
TBD,INXXX213,gaba,acetylcholine,0.528099173553719,4
TBD,INXXX215,acetylcholine,acetylcholine,0.5247933884297521,4
TBD,INXXX216,acetylcholine,acetylcholine,0.5255775577557755,2
TBD,INXXX217,gaba,acetylcholine,0.5307308970099668,10
TBD,INXXX220,acetylcholine,acetylcholine,0.5255775577557755,2
TBD,INXXX223,acetylcholine,acetylcholine,0.5255775577557755,2
TBD,INXXX224,acetylcholine,acetylcholine,0.5255775577557755,2
TBD,INXXX225,gaba,acetylcholine,0.5272277227722773,2
TBD,INXXX227,acetylcholine,acetylcholine,0.5255775577557755,2
TBD,INXXX228,acetylcholine,acetylcholine,0.5236122618061309,7
TBD,INXXX230,gaba,acetylcholine,0.5302904564315353,9
TBD,INXXX231,acetylcholine,acetylcholine,0.5232172470978441,8
TBD,INXXX232,acetylcholine,acetylcholine,0.5255775577557755,2
TBD,INXXX235,gaba,acetylcholine,0.5272277227722773,2
TBD,INXXX237,acetylcholine,acetylcholine,0.5255775577557755,2
TBD,INXXX238,acetylcholine,acetylcholine,0.5255775577557755,2
TBD,INXXX239,acetylcholine,acetylcholine,0.5247933884297521,4
TBD,INXXX240,acetylcholine,acetylcholine,0.5255775577557755,2
TBD,INXXX241,acetylcholine,acetylcholine,0.5255775577557755,2
TBD,INXXX242,acetylcholine,acetylcholine,0.5255775577557755,2
TBD,INXXX243,gaba,acetylcholine,0.528099173553719,4
TBD,INXXX245,acetylcholine,acetylcholine,0.5255775577557755,2
TBD,INXXX246,acetylcholine,acetylcholine,0.5247933884297521,4
TBD,INXXX247,acetylcholine,acetylcholine,0.5247933884297521,4
TBD,INXXX249,acetylcholine,acetylcholine,0.5255775577557755,2
TBD,INXXX251,acetylcholine,acetylcholine,0.5255775577557755,2
TBD,INXXX252,acetylcholine,acetylcholine,0.5255775577557755,2
TBD,INXXX253,gaba,acetylcholine,0.5289735099337748,6
TBD,INXXX256,gaba,acetylcholine,0.5272277227722773,2
TBD,INXXX257,gaba,acetylcholine,0.52679307502061,1
TBD,INXXX258,gaba,acetylcholine,0.5316139767054908,12
TBD,INXXX260,acetylcholine,acetylcholine,0.5247933884297521,4
TBD,INXXX261,glutamate,acetylcholine,0.528099173553719,4
TBD,INXXX262,acetylcholine,acetylcholine,0.5247933884297521,4
TBD,INXXX263,gaba,acetylcholine,0.528099173553719,4
TBD,INXXX265,acetylcholine,acetylcholine,0.5247933884297521,4
TBD,INXXX267,gaba,acetylcholine,0.528099173553719,4
TBD,INXXX268,gaba,acetylcholine,0.5276630883567299,3
TBD,INXXX269,acetylcholine,acetylcholine,0.5224252491694352,10
TBD,INXXX270,gaba,acetylcholine,0.5272277227722773,2
TBD,INXXX271,glutamate,acetylcholine,0.528099173553719,4
TBD,INXXX273,acetylcholine,acetylcholine,0.5247933884297521,4
TBD,INXXX275,acetylcholine,acetylcholine,0.5255775577557755,2
TBD,INXXX276,gaba,acetylcholine,0.5272277227722773,2
TBD,INXXX279,glutamate,acetylcholine,0.528099173553719,4
TBD,INXXX280,gaba,acetylcholine,0.5289735099337748,6
TBD,INXXX281,acetylcholine,acetylcholine,0.5240066225165563,6
TBD,INXXX282,gaba,acetylcholine,0.5272277227722773,2
TBD,INXXX284,gaba,acetylcholine,0.5272277227722773,2
TBD,INXXX285,acetylcholine,acetylcholine,0.5255775577557755,2
TBD,INXXX287,gaba,acetylcholine,0.5316139767054908,12
TBD,INXXX288,acetylcholine,acetylcholine,0.5255775577557755,2
TBD,INXXX292,gaba,acetylcholine,0.5272277227722773,2
TBD,INXXX294,acetylcholine,acetylcholine,0.5255775577557755,2
TBD,INXXX297,acetylcholine,acetylcholine,0.5232172470978441,8
TBD,INXXX299,acetylcholine,acetylcholine,0.5259686727122836,1
TBD,INXXX300,gaba,acetylcholine,0.5272277227722773,2
TBD,INXXX301,acetylcholine,acetylcholine,0.5247933884297521,4
TBD,INXXX302,acetylcholine,acetylcholine,0.5251857968620974,3
TBD,INXXX303,gaba,acetylcholine,0.5276630883567299,3
TBD,INXXX304,acetylcholine,acetylcholine,0.5255775577557755,2
TBD,INXXX306,gaba,acetylcholine,0.528099173553719,4
TBD,INXXX307,acetylcholine,acetylcholine,0.5247933884297521,4
TBD,INXXX309,gaba,acetylcholine,0.5276630883567299,3
TBD,INXXX315,acetylcholine,acetylcholine,0.5232172470978441,8
TBD,INXXX316,gaba,acetylcholine,0.5289735099337748,6
TBD,INXXX317,glutamate,acetylcholine,0.5272277227722773,2
TBD,INXXX319,gaba,acetylcholine,0.5272277227722773,2
TBD,INXXX320,gaba,acetylcholine,0.5272277227722773,2
TBD,INXXX321,acetylcholine,acetylcholine,0.5232172470978441,8
TBD,INXXX322,acetylcholine,acetylcholine,0.5247933884297521,4
TBD,INXXX324,glutamate,acetylcholine,0.5272277227722773,2
TBD,INXXX328,gaba,acetylcholine,0.528099173553719,4
TBD,INXXX329,glutamate,acetylcholine,0.528099173553719,4
TBD,INXXX331,acetylcholine,acetylcholine,0.5240066225165563,6
TBD,INXXX332,gaba,acetylcholine,0.5298507462686567,8
TBD,INXXX333,gaba,acetylcholine,0.5272277227722773,2
TBD,INXXX334,gaba,acetylcholine,0.528099173553719,4
TBD,INXXX335,gaba,acetylcholine,0.5272277227722773,2
TBD,INXXX336,gaba,acetylcholine,0.5272277227722773,2
TBD,INXXX337,gaba,acetylcholine,0.5272277227722773,2
TBD,INXXX339,acetylcholine,acetylcholine,0.5255775577557755,2
TBD,INXXX340,gaba,acetylcholine,0.5272277227722773,2
TBD,INXXX341,gaba,acetylcholine,0.5298507462686567,8
TBD,INXXX343,gaba,acetylcholine,0.5272277227722773,2
TBD,INXXX345,gaba,acetylcholine,0.5272277227722773,2
TBD,INXXX346,gaba,acetylcholine,0.528099173553719,4
TBD,INXXX347,gaba,acetylcholine,0.5272277227722773,2
TBD,INXXX348,gaba,acetylcholine,0.528099173553719,4
TBD,INXXX349,acetylcholine,acetylcholine,0.5255775577557755,2
TBD,INXXX350,acetylcholine,acetylcholine,0.5247933884297521,4
TBD,INXXX351,gaba,acetylcholine,0.5272277227722773,2
TBD,INXXX352,acetylcholine,acetylcholine,0.5247933884297521,4
TBD,INXXX353,acetylcholine,acetylcholine,0.5247933884297521,4
TBD,INXXX355,gaba,acetylcholine,0.5272277227722773,2
TBD,INXXX357,acetylcholine,acetylcholine,0.5255775577557755,2
TBD,INXXX359,gaba,acetylcholine,0.5272277227722773,2
TBD,INXXX360,gaba,acetylcholine,0.5276630883567299,3
TBD,INXXX363,gaba,acetylcholine,0.5307308970099668,10
TBD,INXXX365,acetylcholine,acetylcholine,0.5247933884297521,4
TBD,INXXX369,gaba,acetylcholine,0.5294117647058824,7
TBD,INXXX370,acetylcholine,acetylcholine,0.5244003308519437,5
TBD,INXXX372,gaba,acetylcholine,0.528099173553719,4
TBD,INXXX373,acetylcholine,acetylcholine,0.5247933884297521,4
TBD,INXXX374,gaba,acetylcholine,0.5272277227722773,2
TBD,INXXX376,acetylcholine,acetylcholine,0.5259686727122836,1
TBD,INXXX377,glutamate,acetylcholine,0.5289735099337748,6
TBD,INXXX378,glutamate,acetylcholine,0.528099173553719,4
TBD,INXXX379,acetylcholine,acetylcholine,0.5255775577557755,2
TBD,INXXX381,acetylcholine,acetylcholine,0.5255775577557755,2
TBD,INXXX382_b,gaba,acetylcholine,0.528099173553719,4
TBD,INXXX383,gaba,acetylcholine,0.52679307502061,1
TBD,INXXX385,gaba,acetylcholine,0.5276630883567299,3
TBD,INXXX386,glutamate,acetylcholine,0.5289735099337748,6
TBD,INXXX387,acetylcholine,acetylcholine,0.5247933884297521,4
TBD,INXXX388,gaba,acetylcholine,0.5272277227722773,2
TBD,INXXX390,gaba,acetylcholine,0.5272277227722773,2
TBD,INXXX391,gaba,acetylcholine,0.5272277227722773,2
TBD,INXXX393,acetylcholine,acetylcholine,0.5255775577557755,2
TBD,INXXX394,gaba,acetylcholine,0.528099173553719,4
TBD,INXXX395,gaba,acetylcholine,0.528099173553719,4
TBD,INXXX396,gaba,acetylcholine,0.5307308970099668,10
TBD,INXXX397,gaba,acetylcholine,0.528099173553719,4
TBD,INXXX399,gaba,acetylcholine,0.528099173553719,4
TBD,INXXX400,acetylcholine,acetylcholine,0.5247933884297521,4
TBD,INXXX401,gaba,acetylcholine,0.5272277227722773,2
TBD,INXXX402,acetylcholine,acetylcholine,0.5240066225165563,6
TBD,INXXX403,gaba,acetylcholine,0.5272277227722773,2
TBD,INXXX405,acetylcholine,acetylcholine,0.5240066225165563,6
TBD,INXXX406,gaba,acetylcholine,0.528099173553719,4
TBD,INXXX407,acetylcholine,acetylcholine,0.5247933884297521,4
TBD,INXXX409,gaba,acetylcholine,0.528099173553719,4
TBD,INXXX411,gaba,acetylcholine,0.528099173553719,4
TBD,INXXX412,gaba,acetylcholine,0.5272277227722773,2
TBD,INXXX414,acetylcholine,acetylcholine,0.5247933884297521,4
TBD,INXXX415,gaba,acetylcholine,0.5289735099337748,6
TBD,INXXX417,gaba,acetylcholine,0.5289735099337748,6
TBD,INXXX418,gaba,acetylcholine,0.528099173553719,4
TBD,INXXX419,gaba,acetylcholine,0.5272277227722773,2
TBD,INXXX421,acetylcholine,acetylcholine,0.5251857968620974,3
TBD,INXXX423,acetylcholine,acetylcholine,0.5255775577557755,2
TBD,INXXX424,gaba,acetylcholine,0.528099173553719,4
TBD,INXXX425,acetylcholine,acetylcholine,0.5255775577557755,2
TBD,INXXX426,gaba,acetylcholine,0.528099173553719,4
TBD,INXXX427,acetylcholine,acetylcholine,0.5247933884297521,4
TBD,INXXX428,gaba,acetylcholine,0.528099173553719,4
TBD,INXXX429,gaba,acetylcholine,0.5316139767054908,12
TBD,INXXX431,acetylcholine,acetylcholine,0.521630615640599,12
TBD,INXXX436,gaba,acetylcholine,0.5307308970099668,10
TBD,INXXX437,gaba,acetylcholine,0.528099173553719,4
TBD,INXXX438,gaba,acetylcholine,0.528099173553719,4
TBD,INXXX440,gaba,acetylcholine,0.5298507462686567,8
TBD,INXXX442,acetylcholine,acetylcholine,0.5247933884297521,4
TBD,INXXX443,gaba,acetylcholine,0.5289735099337748,6
TBD,INXXX444,glutamate,acetylcholine,0.5272277227722773,2
TBD,INXXX446,acetylcholine,acetylcholine,0.5172124265323258,23
TBD,"INXXX447,INXXX449",gaba,acetylcholine,0.528099173553719,4
TBD,INXXX448,gaba,acetylcholine,0.5347280334728034,19
TBD,INXXX450,gaba,acetylcholine,0.528099173553719,4
TBD,INXXX452,gaba,acetylcholine,0.5294117647058824,7
TBD,INXXX454,acetylcholine,acetylcholine,0.5236122618061309,7
TBD,INXXX456,acetylcholine,acetylcholine,0.5255775577557755,2
TBD,INXXX460,gaba,acetylcholine,0.528099173553719,4
TBD,INXXX464,acetylcholine,acetylcholine,0.5240066225165563,6
TBD,INXXX466,acetylcholine,acetylcholine,0.5240066225165563,6
TBD,INXXX468,acetylcholine,acetylcholine,0.521630615640599,12
TBD,INXXX471,gaba,acetylcholine,0.528099173553719,4
TBD,INXXX472,gaba,acetylcholine,0.5272277227722773,2
TBD,INXXX473,gaba,acetylcholine,0.528099173553719,4
TBD,INXXX474,gaba,acetylcholine,0.528099173553719,4
TBD,MNad17,acetylcholine,acetylcholine,0.5232172470978441,8
TBD,MNad64,gaba,acetylcholine,0.5272277227722773,2
TBD,Sternal adductor MN,acetylcholine,acetylcholine,0.5240066225165563,6
TBD,Ta levator MN,glutamate,acetylcholine,0.5276630883567299,3
TBD,Tergopleural/Pleural promotor MN,glutamate,acetylcholine,0.528099173553719,4
TRdl_a,GNG257,acetylcholine,gaba,1.0,2
TRdl_a,PRW011,gaba,gaba,0.8571428571428571,2
TRdl_a,PRW014,gaba,gaba,0.8571428571428571,2
TRdl_a,PRW022,gaba,gaba,0.8333333333333334,4
TRdl_a,PRW030,gaba,gaba,0.8571428571428571,2
TRdl_a,PRW036,gaba,gaba,0.8571428571428571,2
TRdl_a,PRW040,gaba,gaba,0.8571428571428571,2
TRdl_b,#112927,acetylcholine,acetylcholine,0.9888268156424581,1
TRdl_b,#125884,acetylcholine,acetylcholine,0.9888268156424581,1
TRdl_b,#132127,acetylcholine,acetylcholine,0.9888268156424581,1
TRdl_b,#133176,acetylcholine,acetylcholine,0.9888268156424581,1
TRdl_b,#146917,acetylcholine,acetylcholine,0.9888268156424581,1
TRdl_b,#148036,acetylcholine,acetylcholine,0.9888268156424581,1
TRdl_b,#150147,acetylcholine,acetylcholine,0.9888268156424581,1
TRdl_b,#15277,acetylcholine,acetylcholine,0.9888268156424581,1
TRdl_b,#165437,acetylcholine,acetylcholine,0.9888268156424581,1
TRdl_b,#167928,acetylcholine,acetylcholine,0.9888268156424581,1
TRdl_b,#20522,acetylcholine,acetylcholine,0.9888268156424581,1
TRdl_b,#37258,acetylcholine,acetylcholine,0.9888268156424581,1
TRdl_b,#37943,acetylcholine,acetylcholine,0.9888268156424581,1
TRdl_b,#41883,acetylcholine,acetylcholine,0.9888268156424581,1
TRdl_b,#43300,acetylcholine,acetylcholine,0.9888268156424581,1
TRdl_b,#44225,acetylcholine,acetylcholine,0.9888268156424581,1
TRdl_b,#48990,acetylcholine,acetylcholine,0.9888268156424581,1
TRdl_b,#516966,acetylcholine,acetylcholine,0.9888268156424581,1
TRdl_b,#518040,acetylcholine,acetylcholine,0.9888268156424581,1
TRdl_b,#518632,acetylcholine,acetylcholine,0.9888268156424581,1
TRdl_b,#52166,acetylcholine,acetylcholine,0.9888268156424581,1
TRdl_b,#525630,acetylcholine,acetylcholine,0.9888268156424581,1
TRdl_b,#53759,acetylcholine,acetylcholine,0.9888268156424581,1
TRdl_b,#54502,acetylcholine,acetylcholine,0.9888268156424581,1
TRdl_b,#55851,acetylcholine,acetylcholine,0.9888268156424581,1
TRdl_b,#56016,acetylcholine,acetylcholine,0.9888268156424581,1
TRdl_b,#56873,acetylcholine,acetylcholine,0.9888268156424581,1
TRdl_b,#57692,acetylcholine,acetylcholine,0.9888268156424581,1
TRdl_b,#57810,acetylcholine,acetylcholine,0.9888268156424581,1
TRdl_b,#580950,acetylcholine,acetylcholine,0.9888268156424581,1
TRdl_b,#59789,acetylcholine,acetylcholine,0.9888268156424581,1
TRdl_b,#64208,acetylcholine,acetylcholine,0.9888268156424581,1
TRdl_b,#64483,acetylcholine,acetylcholine,0.9888268156424581,1
TRdl_b,#65956,acetylcholine,acetylcholine,0.9888268156424581,1
TRdl_b,#67048,acetylcholine,acetylcholine,0.9888268156424581,1
TRdl_b,#72812,acetylcholine,acetylcholine,0.9888268156424581,1
TRdl_b,#73326,acetylcholine,acetylcholine,0.9888268156424581,1
TRdl_b,#82266,acetylcholine,acetylcholine,0.9888268156424581,1
TRdl_b,#90692,acetylcholine,acetylcholine,0.9888268156424581,1
TRdl_b,#91620,acetylcholine,acetylcholine,0.9888268156424581,1
TRdl_b,CB1985,acetylcholine,acetylcholine,0.9886363636363636,4
TRdl_b,CB2551b,acetylcholine,acetylcholine,0.9886363636363636,4
TRdl_b,CB2702,acetylcholine,acetylcholine,0.9886363636363636,4
TRdl_b,GNG033,acetylcholine,acetylcholine,0.9887640449438202,2
TRdl_b,GNG165,acetylcholine,acetylcholine,0.9886363636363636,4
TRdl_b,GNG172,acetylcholine,acetylcholine,0.9887640449438202,2
TRdl_b,GNG176,acetylcholine,acetylcholine,0.9887640449438202,2
TRdl_b,GNG210,acetylcholine,acetylcholine,0.9887640449438202,2
TRdl_b,GNG211,acetylcholine,acetylcholine,0.9887640449438202,2
TRdl_b,GNG217,acetylcholine,acetylcholine,0.9887640449438202,2
TRdl_b,GNG237,acetylcholine,acetylcholine,0.9887640449438202,2
TRdl_b,GNG240,glutamate,acetylcholine,1.0,2
TRdl_b,GNG266,acetylcholine,acetylcholine,0.9886363636363636,4
TRdl_b,GNG270,acetylcholine,acetylcholine,0.9887640449438202,2
TRdl_b,GNG273,acetylcholine,acetylcholine,0.9886363636363636,4
TRdl_b,GNG279_a,acetylcholine,acetylcholine,0.9887640449438202,2
TRdl_b,GNG279_b,acetylcholine,acetylcholine,0.9887640449438202,2
TRdl_b,GNG318,acetylcholine,acetylcholine,0.9886363636363636,4
TRdl_b,GNG322,acetylcholine,acetylcholine,0.9887640449438202,2
TRdl_b,GNG353,acetylcholine,acetylcholine,0.9887640449438202,2
TRdl_b,GNG359,acetylcholine,acetylcholine,0.9887640449438202,2
TRdl_b,GNG360,acetylcholine,acetylcholine,0.9887640449438202,2
TRdl_b,GNG367_a,acetylcholine,acetylcholine,0.9887640449438202,2
TRdl_b,GNG367_b,acetylcholine,acetylcholine,0.9887640449438202,2
TRdl_b,GNG368,acetylcholine,acetylcholine,0.9887640449438202,2
TRdl_b,GNG369,acetylcholine,acetylcholine,0.9887005649717514,3
TRdl_b,GNG370,acetylcholine,acetylcholine,0.9887640449438202,2
TRdl_b,GNG375,acetylcholine,acetylcholine,0.9886363636363636,4
TRdl_b,GNG381,acetylcholine,acetylcholine,0.9886363636363636,4
TRdl_b,GNG383,acetylcholine,acetylcholine,0.9887640449438202,2
TRdl_b,GNG387,acetylcholine,acetylcholine,0.9886363636363636,4
TRdl_b,GNG390,acetylcholine,acetylcholine,0.9887640449438202,2
TRdl_b,GNG396,acetylcholine,acetylcholine,0.9887640449438202,2
TRdl_b,GNG412,acetylcholine,acetylcholine,0.9885057471264368,6
TRdl_b,GNG415,acetylcholine,acetylcholine,0.9887005649717514,3
TRdl_b,GNG421,acetylcholine,acetylcholine,0.9887005649717514,3
TRdl_b,GNG424,acetylcholine,acetylcholine,0.9887005649717514,3
TRdl_b,GNG439,acetylcholine,acetylcholine,0.9886363636363636,4
TRdl_b,GNG443,acetylcholine,acetylcholine,0.9885057471264368,6
TRdl_b,GNG445,acetylcholine,acetylcholine,0.9887640449438202,2
TRdl_b,GNG533,acetylcholine,acetylcholine,0.9887640449438202,2
TRdl_b,GNG542,acetylcholine,acetylcholine,0.9887640449438202,2
TRdl_b,GNG558,acetylcholine,acetylcholine,0.9887640449438202,2
TRdl_b,GNG573,acetylcholine,acetylcholine,0.9887640449438202,2
TRdl_b,PRW045,acetylcholine,acetylcholine,0.9887640449438202,2
TRdl_b,PRW046,acetylcholine,acetylcholine,0.9887640449438202,2
TRdl_b,PRW047,acetylcholine,acetylcholine,0.9887640449438202,2
TRdl_b,PRW053,acetylcholine,acetylcholine,0.9887640449438202,2
TRdl_b,PRW064,acetylcholine,acetylcholine,0.9887640449438202,2
TRdl_b,VES093_a,acetylcholine,acetylcholine,0.9887640449438202,2
TRdl_b,VES093_b,acetylcholine,acetylcholine,0.9886363636363636,4
TRdl_b,VES093_c,acetylcholine,acetylcholine,0.9887640449438202,2
TRdm,#531334,gaba,gaba,1.0,1
TRdm,#532342,gaba,gaba,1.0,1
TRdm,#97295,gaba,gaba,1.0,1
TRdm,GNG039,gaba,gaba,1.0,2
TRdm,GNG051,gaba,gaba,1.0,2
TRdm,GNG055,gaba,gaba,1.0,2
TRdm,GNG066,gaba,gaba,1.0,2
TRdm,GNG075,gaba,gaba,1.0,2
TRdm,GNG088,gaba,gaba,1.0,2
TRdm,GNG202,gaba,gaba,1.0,2
TRdm,GNG238,gaba,gaba,1.0,2
TRdm,GNG239,gaba,gaba,1.0,6
TRdm,GNG255,gaba,gaba,1.0,6
TRdm,GNG256,gaba,gaba,1.0,2
TRdm,GNG258,gaba,gaba,1.0,2
TRdm,GNG261,gaba,gaba,1.0,2
TRdm,GNG275,gaba,gaba,1.0,4
TRdm,GNG319,gaba,gaba,1.0,9
TRdm,GNG320,gaba,gaba,1.0,8
TRdm,GNG352,gaba,gaba,1.0,2
TRdm,GNG354,gaba,gaba,1.0,3
TRdm,GNG357,gaba,gaba,1.0,4
TRdm,GNG362,gaba,gaba,1.0,2
TRdm,GNG364,gaba,gaba,1.0,3
TRdm,GNG366,gaba,gaba,1.0,3
TRdm,GNG371,gaba,gaba,1.0,3
TRdm,GNG373,gaba,gaba,1.0,3
TRdm,GNG379,gaba,gaba,1.0,7
TRdm,GNG384,gaba,gaba,1.0,1
TRdm,GNG388,gaba,gaba,1.0,7
TRdm,GNG391,gaba,gaba,1.0,4
TRdm,GNG395,gaba,gaba,1.0,6
TRdm,GNG402,gaba,gaba,1.0,4
TRdm,GNG408,gaba,gaba,1.0,4
TRdm,GNG414,gaba,gaba,1.0,3
TRdm,GNG441,gaba,gaba,1.0,2
TRdm,GNG508,gaba,gaba,1.0,2
TRdm,GNG604,gaba,gaba,1.0,2
TRdm,GNG605,gaba,gaba,1.0,2
TRdm,GNG606,gaba,gaba,1.0,2
TRdm,GNG607,gaba,gaba,1.0,2
TRdm,GNG608,gaba,gaba,1.0,2
TRdm,PRW020,gaba,gaba,1.0,4
TRdm,PRW023,gaba,gaba,1.0,3
VESa1,AVLP597,gaba,gaba,0.9705882352941176,2
VESa1,CB1418,gaba,gaba,0.9696969696969697,4
VESa1,CB2420,gaba,gaba,0.9705882352941176,2
VESa1,CB2630,gaba,gaba,0.9705882352941176,2
VESa1,CB3323,gaba,gaba,0.9705882352941176,2
VESa1,CB3419,gaba,gaba,0.9696969696969697,4
VESa1,CL367,gaba,gaba,0.9705882352941176,2
VESa1,GNG638,gaba,gaba,0.9705882352941176,2
VESa1,GNG639,gaba,gaba,0.9705882352941176,2
VESa1,GNG640,acetylcholine,gaba,1.0,2
VESa1,PS101,gaba,gaba,0.9705882352941176,2
VESa1,PS355,gaba,gaba,0.9705882352941176,2
VESa1,PS356,gaba,gaba,0.9696969696969697,4
VESa1,SAD073,gaba,gaba,0.9696969696969697,4
VESa1,SAD074,gaba,gaba,0.9705882352941176,2
VESa1,SAD075,gaba,gaba,0.9696969696969697,4
VESa1,SLP469,gaba,gaba,0.9705882352941176,2
VESa1,VES095,gaba,gaba,0.9705882352941176,2
VESa1,VES096,gaba,gaba,0.9705882352941176,2
VESa1,VES097,gaba,gaba,0.9696969696969697,4
VESa1,VES098,gaba,gaba,0.9705882352941176,2
VESa1,VES099,gaba,gaba,0.9705882352941176,2
VESa1,VES100,gaba,gaba,0.9705882352941176,2
VESa1,VES101,gaba,gaba,0.96875,6
VESa1,VES102,gaba,gaba,0.9705882352941176,2
VESa1,VES103,gaba,gaba,0.9696969696969697,4
VESa2,#114530,gaba,gaba,1.0,1
VESa2,#17574,gaba,gaba,1.0,1
VESa2,#220229,gaba,gaba,1.0,1
VESa2,#31718,gaba,gaba,1.0,1
VESa2,#34673,gaba,gaba,1.0,1
VESa2,#37467,gaba,gaba,1.0,1
VESa2,#38816,gaba,gaba,1.0,1
VESa2,#516501,gaba,gaba,1.0,1
VESa2,#52926,gaba,gaba,1.0,1
VESa2,#532635,gaba,gaba,1.0,1
VESa2,AVLP463,gaba,gaba,1.0,8
VESa2,CB1077,gaba,gaba,1.0,2
VESa2,CB1087,gaba,gaba,1.0,6
VESa2,CB1891b,gaba,gaba,1.0,2
VESa2,CB4190,gaba,gaba,1.0,4
VESa2,IB014,gaba,gaba,1.0,2
VESa2,LoVC4,gaba,gaba,1.0,2
VESa2,PLP074,gaba,gaba,1.0,2
VESa2,PLP076,gaba,gaba,1.0,2
VESa2,SAD071,gaba,gaba,1.0,2
VESa2,SLP243,gaba,gaba,1.0,2
VESa2,VES031,gaba,gaba,1.0,7
VESa2,VES032,gaba,gaba,1.0,2
VESa2,VES033,gaba,gaba,1.0,7
VESa2,VES034_b,gaba,gaba,1.0,8
VESa2,VES037,gaba,gaba,1.0,8
VLPa1_lateral,AVLP282,acetylcholine,acetylcholine,1.0,4
VLPa1_lateral,AVLP283,acetylcholine,acetylcholine,1.0,5
VLPa1_lateral,AVLP284,acetylcholine,acetylcholine,1.0,3
VLPa1_lateral,AVLP285,acetylcholine,acetylcholine,1.0,4
VLPa1_lateral,AVLP287,acetylcholine,acetylcholine,1.0,3
VLPa1_lateral,AVLP288,acetylcholine,acetylcholine,1.0,4
VLPa1_lateral,AVLP290_a,acetylcholine,acetylcholine,1.0,2
VLPa1_lateral,AVLP290_b,acetylcholine,acetylcholine,1.0,4
VLPa1_lateral,AVLP292,acetylcholine,acetylcholine,1.0,5
VLPa1_lateral,AVLP293,acetylcholine,acetylcholine,1.0,4
VLPa1_lateral,AVLP294,acetylcholine,acetylcholine,1.0,4
VLPa1_lateral,AVLP295,acetylcholine,acetylcholine,1.0,6
VLPa1_lateral,AVLP296_a,acetylcholine,acetylcholine,1.0,2
VLPa1_lateral,AVLP296_b,acetylcholine,acetylcholine,1.0,2
VLPa1_lateral,AVLP297,acetylcholine,acetylcholine,1.0,8
VLPa1_lateral,AVLP298,acetylcholine,acetylcholine,1.0,3
VLPa1_lateral,AVLP299_a,acetylcholine,acetylcholine,1.0,2
VLPa1_lateral,AVLP299_b,acetylcholine,acetylcholine,1.0,6
VLPa1_lateral,AVLP299_c,acetylcholine,acetylcholine,1.0,3
VLPa1_lateral,AVLP299_d,acetylcholine,acetylcholine,1.0,5
VLPa1_lateral,AVLP300_a,acetylcholine,acetylcholine,1.0,4
VLPa1_lateral,AVLP300_b,acetylcholine,acetylcholine,1.0,4
VLPa1_lateral,AVLP302,acetylcholine,acetylcholine,1.0,4
VLPa1_lateral,AVLP303,acetylcholine,acetylcholine,1.0,5
VLPa1_lateral,AVLP304,acetylcholine,acetylcholine,1.0,2
VLPa1_lateral,AVLP305,acetylcholine,acetylcholine,1.0,4
VLPa1_lateral,AVLP306,acetylcholine,acetylcholine,1.0,5
VLPa1_lateral,AVLP308,acetylcholine,acetylcholine,1.0,4
VLPa1_lateral,AVLP309,acetylcholine,acetylcholine,1.0,6
VLPa1_lateral,AVLP310,acetylcholine,acetylcholine,1.0,7
VLPa1_lateral,AVLP311_a1,acetylcholine,acetylcholine,1.0,4
VLPa1_lateral,AVLP311_a2,acetylcholine,acetylcholine,1.0,6
VLPa1_lateral,AVLP311_b1,acetylcholine,acetylcholine,1.0,4
VLPa1_lateral,AVLP311_b2,acetylcholine,acetylcholine,1.0,2
VLPa1_lateral,AVLP411,acetylcholine,acetylcholine,1.0,3
VLPa1_lateral,AVLP415,acetylcholine,acetylcholine,1.0,2
VLPa1_lateral,AVLP730m,acetylcholine,acetylcholine,1.0,3
VLPa1_lateral,CB1193,acetylcholine,acetylcholine,1.0,1
VLPa1_lateral,CB2171,acetylcholine,acetylcholine,1.0,2
VLPa1_lateral,CB3607,acetylcholine,acetylcholine,1.0,3
VLPa1_lateral,CB3638,acetylcholine,acetylcholine,1.0,1
VLPa1_lateral,CB3657,acetylcholine,acetylcholine,1.0,3
VLPa1_lateral,CB3684,acetylcholine,acetylcholine,1.0,4
VLPa1_lateral,CB4166,acetylcholine,acetylcholine,1.0,2
VLPa1_lateral,PVLP206m,acetylcholine,acetylcholine,1.0,4
VLPa1_lateral,PVLP208m,acetylcholine,acetylcholine,1.0,3
VLPa1_medial,AVLP412,acetylcholine,acetylcholine,0.8181818181818182,4
VLPa1_medial,AVLP413,acetylcholine,acetylcholine,0.8222222222222222,2
VLPa1_medial,AVLP728m,acetylcholine,acetylcholine,0.813953488372093,6
VLPa1_medial,AVLP729m,acetylcholine,acetylcholine,0.813953488372093,6
VLPa1_medial,AVLP748m,acetylcholine,acetylcholine,0.8160919540229885,5
VLPa1_medial,CB1085,acetylcholine,acetylcholine,0.8160919540229885,5
VLPa1_medial,CB1301,acetylcholine,acetylcholine,0.8222222222222222,2
VLPa1_medial,CB3269,acetylcholine,acetylcholine,0.8181818181818182,4
VLPa1_medial,SMP160,glutamate,acetylcholine,0.8636363636363636,4
VLPa1_medial,SMP161,glutamate,acetylcholine,0.8444444444444444,2
VLPa1_medial,SMP162,glutamate,acetylcholine,0.9047619047619048,8
VLPa1_medial,SMP729m,glutamate,acetylcholine,0.8444444444444444,2
VLPa1_medial,aSP10A_a,acetylcholine,acetylcholine,0.813953488372093,6
VLPa1_medial,aSP10A_b,acetylcholine,acetylcholine,0.8048780487804879,10
VLPa1_medial,aSP10B,acetylcholine,acetylcholine,0.8024691358024691,11
VLPa1_medial,aSP10C_a,acetylcholine,acetylcholine,0.8072289156626506,9
VLPa1_medial,aSP10C_b,acetylcholine,acetylcholine,0.813953488372093,6
VLPa2,#100641,gaba,gaba,1.0,1
VLPa2,#116527,gaba,gaba,1.0,1
VLPa2,#131564,gaba,gaba,1.0,1
VLPa2,#132879,gaba,gaba,1.0,1
VLPa2,#28427,gaba,gaba,1.0,1
VLPa2,#41662,gaba,gaba,1.0,1
VLPa2,#57013,gaba,gaba,1.0,1
VLPa2,#57966,gaba,gaba,1.0,1
VLPa2,#81280,gaba,gaba,1.0,1
VLPa2,AVLP200,gaba,gaba,1.0,2
VLPa2,AVLP201,gaba,gaba,1.0,2
VLPa2,AVLP202,gaba,gaba,1.0,2
VLPa2,AVLP203_a,gaba,gaba,1.0,2
VLPa2,AVLP203_b,gaba,gaba,1.0,2
VLPa2,AVLP203_c,gaba,gaba,1.0,2
VLPa2,AVLP204,gaba,gaba,1.0,4
VLPa2,AVLP205,gaba,gaba,1.0,3
VLPa2,CB0115,gaba,gaba,1.0,6
VLPa2,CB0140,gaba,gaba,1.0,2
VLPa2,CB0346,gaba,gaba,1.0,2
VLPa2,CB0414,gaba,gaba,1.0,1
VLPa2,CB0743,gaba,gaba,1.0,10
VLPa2,CB0744,gaba,gaba,1.0,5
VLPa2,CB1088,gaba,gaba,1.0,4
VLPa2,CB1428,gaba,gaba,1.0,3
VLPa2,CB1502,gaba,gaba,1.0,4
VLPa2,CB1562,gaba,gaba,1.0,2
VLPa2,CB2175,gaba,gaba,1.0,4
VLPa2,CB2254,gaba,gaba,1.0,1
VLPa2,CB2676,gaba,gaba,1.0,2
VLPa2,CB3297,gaba,gaba,1.0,2
VLPa2,CB3411,gaba,gaba,1.0,2
VLPa2,CB3513,gaba,gaba,1.0,4
VLPa2,CB3544,gaba,gaba,1.0,2
VLPa2,CB4162,gaba,gaba,1.0,4
VLPa2,CB4163,gaba,gaba,1.0,6
VLPa2,CB4168,gaba,gaba,1.0,8
VLPa2,CB4169,gaba,gaba,1.0,6
VLPa2,CB4170,gaba,gaba,1.0,9
VLPa2,CB4176,gaba,gaba,1.0,7
VLPa2,CB4179,gaba,gaba,1.0,5
VLPa2,CB4180,gaba,gaba,1.0,1
VLPa2,CB4248,gaba,gaba,1.0,5
VLPa2,PVLP017,gaba,gaba,1.0,2
VLPa2,PVLP018,gaba,gaba,1.0,2
VLPa2,PVLP020,gaba,gaba,1.0,2
VLPa2,PVLP021,gaba,gaba,1.0,4
VLPa2,PVLP022,gaba,gaba,1.0,3
VLPa2,PVLP024,gaba,gaba,1.0,3
VLPa2,PVLP025,gaba,gaba,1.0,4
VLPa2,PVLP026,gaba,gaba,1.0,2
VLPa2,PVLP027,gaba,gaba,1.0,2
VLPa2,PVLP028,gaba,gaba,1.0,4
VLPa2,PVLP031,gaba,gaba,1.0,4
VLPa2,PVLP033,gaba,gaba,1.0,9
VLPa2,PVLP034,gaba,gaba,1.0,10
VLPa2,PVLP036,gaba,gaba,1.0,6
VLPa2,PVLP037,gaba,gaba,1.0,7
VLPa2,PVLP037_unclear,gaba,gaba,1.0,2
VLPa2,PVLP046,gaba,gaba,1.0,14
VLPa2,PVLP046_unclear,gaba,gaba,1.0,1
VLPa2,PVLP047,gaba,gaba,1.0,8
VLPa2,PVLP048,gaba,gaba,1.0,8
VLPa2,SAD013,gaba,gaba,1.0,2
VLPa2,SAD014,gaba,gaba,1.0,4
VLPd&p1_dorsal,#126469,acetylcholine,glutamate,0.9586776859504132,1
VLPd&p1_dorsal,#32058,glutamate,glutamate,0.9504132231404959,1
VLPd&p1_dorsal,#32509,acetylcholine,glutamate,0.9586776859504132,1
VLPd&p1_dorsal,#42862,glutamate,glutamate,0.9504132231404959,1
VLPd&p1_dorsal,#46237,glutamate,glutamate,0.9504132231404959,1
VLPd&p1_dorsal,#544505,acetylcholine,glutamate,0.9586776859504132,1
VLPd&p1_dorsal,AVLP055,glutamate,glutamate,0.9469026548672567,9
VLPd&p1_dorsal,CB0829,glutamate,glutamate,0.9491525423728814,4
VLPd&p1_dorsal,CB3414,acetylcholine,glutamate,0.9747899159663865,3
VLPd&p1_dorsal,CB3959,glutamate,glutamate,0.9491525423728814,4
VLPd&p1_dorsal,CB4196,glutamate,glutamate,0.9491525423728814,4
VLPd&p1_dorsal,CB4197,glutamate,glutamate,0.9482758620689655,6
VLPd&p1_dorsal,CB4198,glutamate,glutamate,0.9491525423728814,4
VLPd&p1_dorsal,LHAD3g1,glutamate,glutamate,0.9491525423728814,4
VLPd&p1_dorsal,PVLP004,glutamate,glutamate,0.9433962264150944,16
VLPd&p1_dorsal,PVLP005,glutamate,glutamate,0.9439252336448598,15
VLPd&p1_dorsal,PVLP007,glutamate,glutamate,0.9459459459459459,11
VLPd&p1_dorsal,PVLP008_a1,glutamate,glutamate,0.9491525423728814,4
VLPd&p1_dorsal,PVLP008_a2,glutamate,glutamate,0.9491525423728814,4
VLPd&p1_dorsal,PVLP008_a3,glutamate,glutamate,0.95,2
VLPd&p1_dorsal,PVLP008_a4,glutamate,glutamate,0.95,2
VLPd&p1_dorsal,PVLP008_b,glutamate,glutamate,0.9491525423728814,4
VLPd&p1_dorsal,PVLP008_c,glutamate,glutamate,0.9454545454545454,12
VLPd&p1_dorsal,SIP015,glutamate,glutamate,0.9473684210526315,8
VLPd&p1_posterior,#129574,acetylcholine,acetylcholine,0.9904306220095693,1
VLPd&p1_posterior,#147162,acetylcholine,acetylcholine,0.9904306220095693,1
VLPd&p1_posterior,#157893,acetylcholine,acetylcholine,0.9904306220095693,1
VLPd&p1_posterior,#25492,acetylcholine,acetylcholine,0.9904306220095693,1
VLPd&p1_posterior,#28946,acetylcholine,acetylcholine,0.9904306220095693,1
VLPd&p1_posterior,#515092,acetylcholine,acetylcholine,0.9904306220095693,1
VLPd&p1_posterior,#535646,acetylcholine,acetylcholine,0.9904306220095693,1
VLPd&p1_posterior,#541880,acetylcholine,acetylcholine,0.9904306220095693,1
VLPd&p1_posterior,#59600,acetylcholine,acetylcholine,0.9904306220095693,1
VLPd&p1_posterior,#81583,acetylcholine,acetylcholine,0.9904306220095693,1
VLPd&p1_posterior,#95318,acetylcholine,acetylcholine,0.9904306220095693,1
VLPd&p1_posterior,AOTU043,acetylcholine,acetylcholine,0.9903381642512077,3
VLPd&p1_posterior,CB1060,acetylcholine,acetylcholine,0.9902912621359223,4
VLPd&p1_posterior,CB1200,acetylcholine,acetylcholine,0.9903381642512077,3
VLPd&p1_posterior,CB2113,acetylcholine,acetylcholine,0.9903846153846154,2
VLPd&p1_posterior,CB2398,acetylcholine,acetylcholine,0.9902439024390244,5
VLPd&p1_posterior,CB2549,acetylcholine,acetylcholine,0.9904306220095693,1
VLPd&p1_posterior,CB2787,acetylcholine,acetylcholine,0.9902439024390244,5
VLPd&p1_posterior,CB3060,acetylcholine,acetylcholine,0.9903846153846154,2
VLPd&p1_posterior,CB3147,acetylcholine,acetylcholine,0.9903846153846154,2
VLPd&p1_posterior,CB3476,acetylcholine,acetylcholine,0.9902439024390244,5
VLPd&p1_posterior,LHPD2a1,acetylcholine,acetylcholine,0.9900497512437811,9
VLPd&p1_posterior,LHPD2a2,acetylcholine,acetylcholine,0.99,10
VLPd&p1_posterior,LHPD2a4_a,acetylcholine,acetylcholine,0.9900990099009901,8
VLPd&p1_posterior,LHPD2a4_b,acetylcholine,acetylcholine,0.9902912621359223,4
VLPd&p1_posterior,LHPD2b1,acetylcholine,acetylcholine,0.9902912621359223,4
VLPd&p1_posterior,LHPD2c1,acetylcholine,acetylcholine,0.9903846153846154,2
VLPd&p1_posterior,LHPD2c2,acetylcholine,acetylcholine,0.99,10
VLPd&p1_posterior,LHPD2d1,glutamate,acetylcholine,1.0,2
VLPd&p1_posterior,LoVP77,acetylcholine,acetylcholine,0.9903846153846154,2
VLPd&p1_posterior,LoVP78,acetylcholine,acetylcholine,0.9903381642512077,3
VLPd&p1_posterior,LoVP80,acetylcholine,acetylcholine,0.9902912621359223,4
VLPd&p1_posterior,LoVP81,acetylcholine,acetylcholine,0.9902912621359223,4
VLPd&p1_posterior,LoVP82,acetylcholine,acetylcholine,0.9902912621359223,4
VLPd&p1_posterior,LoVP83,acetylcholine,acetylcholine,0.9901477832512315,7
VLPd&p1_posterior,LoVP84,acetylcholine,acetylcholine,0.9901477832512315,7
VLPd&p1_posterior,PLP121,acetylcholine,acetylcholine,0.9903846153846154,2
VLPd&p1_posterior,PLP122_a,acetylcholine,acetylcholine,0.9903846153846154,2
VLPd&p1_posterior,PLP122_b,acetylcholine,acetylcholine,0.9903846153846154,2
VLPd&p1_posterior,SIP032,acetylcholine,acetylcholine,0.9901960784313726,6
VLPd&p1_posterior,SIP047,acetylcholine,acetylcholine,0.99,10
VLPd&p1_posterior,SIP048,acetylcholine,acetylcholine,0.9903846153846154,2
VLPd&p1_posterior,SIP049,acetylcholine,acetylcholine,0.9903846153846154,2
VLPd&p1_posterior,SIP051,acetylcholine,acetylcholine,0.9903846153846154,2
VLPd&p1_posterior,SLP122_b,acetylcholine,acetylcholine,0.9903846153846154,2
VLPd&p1_posterior,SLP327,acetylcholine,acetylcholine,0.9902912621359223,4
VLPd&p1_posterior,SLP328,acetylcholine,acetylcholine,0.9903381642512077,3
VLPd&p1_posterior,SLP330,acetylcholine,acetylcholine,0.9902439024390244,5
VLPd&p1_posterior,SMP206,acetylcholine,acetylcholine,0.9903381642512077,3
VLPd&p1_posterior,SMP245,acetylcholine,acetylcholine,0.99,10
VLPd&p1_posterior,SMP246,acetylcholine,acetylcholine,0.9903846153846154,2
VLPd&p1_posterior,SMP247,acetylcholine,acetylcholine,0.9900497512437811,9
VLPd&p1_posterior,SMP248_a,acetylcholine,acetylcholine,0.9903846153846154,2
VLPd&p1_posterior,SMP248_b,acetylcholine,acetylcholine,0.9903846153846154,2
VLPd&p1_posterior,SMP248_c,acetylcholine,acetylcholine,0.9902912621359223,4
VLPd&p1_posterior,SMP248_d,acetylcholine,acetylcholine,0.9903846153846154,2
VLPd&p1_posterior,SMP283,acetylcholine,acetylcholine,0.9902912621359223,4
VLPd&p1_posterior,SMP597,acetylcholine,acetylcholine,0.9903846153846154,2
VLPd&p1_posterior,SMP728m,acetylcholine,acetylcholine,0.9902439024390244,5
VLPd1,AVLP033,acetylcholine,acetylcholine,0.9847328244274809,2
VLPd1,AVLP034,acetylcholine,acetylcholine,0.9847328244274809,2
VLPd1,AVLP035,acetylcholine,acetylcholine,0.9847328244274809,2
VLPd1,AVLP036,acetylcholine,acetylcholine,0.9844961240310077,4
VLPd1,AVLP037,acetylcholine,acetylcholine,0.984375,5
VLPd1,AVLP038,acetylcholine,acetylcholine,0.984,8
VLPd1,AVLP039,acetylcholine,acetylcholine,0.984251968503937,6
VLPd1,AVLP040,acetylcholine,acetylcholine,0.9838709677419355,9
VLPd1,AVLP041,acetylcholine,acetylcholine,0.9847328244274809,2
VLPd1,AVLP042,acetylcholine,acetylcholine,0.9844961240310077,4
VLPd1,AVLP043,acetylcholine,acetylcholine,0.9844961240310077,4
VLPd1,AVLP044_a,acetylcholine,acetylcholine,0.984375,5
VLPd1,AVLP044_b,acetylcholine,acetylcholine,0.9846153846153847,3
VLPd1,AVLP045,acetylcholine,acetylcholine,0.983739837398374,10
VLPd1,AVLP046,acetylcholine,acetylcholine,0.9844961240310077,4
VLPd1,AVLP047,acetylcholine,acetylcholine,0.984251968503937,6
VLPd1,AVLP048,acetylcholine,acetylcholine,0.9847328244274809,2
VLPd1,AVLP049,acetylcholine,acetylcholine,0.9841269841269841,7
VLPd1,AVLP050,acetylcholine,acetylcholine,0.9841269841269841,7
VLPd1,AVLP051,acetylcholine,acetylcholine,0.984251968503937,6
VLPd1,CB0396,glutamate,acetylcholine,1.0,2
VLPd1,CB3578,acetylcholine,acetylcholine,0.9844961240310077,4
VLPd1,CB3869,acetylcholine,acetylcholine,0.9847328244274809,2
VLPd1,CL022_a,acetylcholine,acetylcholine,0.9847328244274809,2
VLPd1,CL022_b,acetylcholine,acetylcholine,0.9847328244274809,2
VLPd1,CL022_c,acetylcholine,acetylcholine,0.9847328244274809,2
VLPd1,CL023,acetylcholine,acetylcholine,0.984251968503937,6
VLPd1,LHAD2c1,acetylcholine,acetylcholine,0.9846153846153847,3
VLPd1,LHAD2c2,acetylcholine,acetylcholine,0.9844961240310077,4
VLPd1,LHAD2c3,acetylcholine,acetylcholine,0.984251968503937,6
VLPd1,LHAD2e1,acetylcholine,acetylcholine,0.9847328244274809,2
VLPl&d1_dorsal,#102282,acetylcholine,acetylcholine,1.0,1
VLPl&d1_dorsal,#107426,acetylcholine,acetylcholine,1.0,1
VLPl&d1_dorsal,#107968,acetylcholine,acetylcholine,1.0,1
VLPl&d1_dorsal,#110819,acetylcholine,acetylcholine,1.0,1
VLPl&d1_dorsal,#135491,acetylcholine,acetylcholine,1.0,1
VLPl&d1_dorsal,#140086,acetylcholine,acetylcholine,1.0,1
VLPl&d1_dorsal,#163592,acetylcholine,acetylcholine,1.0,1
VLPl&d1_dorsal,#21387,acetylcholine,acetylcholine,1.0,1
VLPl&d1_dorsal,#21587,acetylcholine,acetylcholine,1.0,1
VLPl&d1_dorsal,#23215,acetylcholine,acetylcholine,1.0,1
VLPl&d1_dorsal,#26436,acetylcholine,acetylcholine,1.0,1
VLPl&d1_dorsal,#33801,acetylcholine,acetylcholine,1.0,1
VLPl&d1_dorsal,#37924,acetylcholine,acetylcholine,1.0,1
VLPl&d1_dorsal,#50821,acetylcholine,acetylcholine,1.0,1
VLPl&d1_dorsal,#521324,acetylcholine,acetylcholine,1.0,1
VLPl&d1_dorsal,#52313,acetylcholine,acetylcholine,1.0,1
VLPl&d1_dorsal,#529292,acetylcholine,acetylcholine,1.0,1
VLPl&d1_dorsal,#531839,acetylcholine,acetylcholine,1.0,1
VLPl&d1_dorsal,#533150,acetylcholine,acetylcholine,1.0,1
VLPl&d1_dorsal,#539591,acetylcholine,acetylcholine,1.0,1
VLPl&d1_dorsal,#58613,acetylcholine,acetylcholine,1.0,1
VLPl&d1_dorsal,#72118,acetylcholine,acetylcholine,1.0,1
VLPl&d1_dorsal,AVLP220,acetylcholine,acetylcholine,1.0,4
VLPl&d1_dorsal,AVLP222,acetylcholine,acetylcholine,1.0,2
VLPl&d1_dorsal,AVLP224_a,acetylcholine,acetylcholine,1.0,6
VLPl&d1_dorsal,AVLP224_b,acetylcholine,acetylcholine,1.0,2
VLPl&d1_dorsal,AVLP225_a,acetylcholine,acetylcholine,1.0,2
VLPl&d1_dorsal,AVLP225_b1,acetylcholine,acetylcholine,1.0,4
VLPl&d1_dorsal,AVLP225_b2,acetylcholine,acetylcholine,1.0,4
VLPl&d1_dorsal,AVLP225_b3,acetylcholine,acetylcholine,1.0,3
VLPl&d1_dorsal,AVLP227,acetylcholine,acetylcholine,1.0,4
VLPl&d1_dorsal,AVLP229,acetylcholine,acetylcholine,1.0,6
VLPl&d1_dorsal,AVLP230,acetylcholine,acetylcholine,1.0,6
VLPl&d1_dorsal,AVLP231,acetylcholine,acetylcholine,1.0,5
VLPl&d1_dorsal,AVLP232,acetylcholine,acetylcholine,1.0,12
VLPl&d1_dorsal,AVLP234,acetylcholine,acetylcholine,1.0,4
VLPl&d1_dorsal,AVLP235,acetylcholine,acetylcholine,1.0,6
VLPl&d1_dorsal,AVLP243,acetylcholine,acetylcholine,1.0,4
VLPl&d1_dorsal,AVLP244,acetylcholine,acetylcholine,1.0,6
VLPl&d1_dorsal,AVLP250,acetylcholine,acetylcholine,1.0,4
VLPl&d1_dorsal,AVLP723m,acetylcholine,acetylcholine,1.0,2
VLPl&d1_dorsal,AVLP725m,acetylcholine,acetylcholine,1.0,4
VLPl&d1_dorsal,AVLP731m,acetylcholine,acetylcholine,1.0,4
VLPl&d1_dorsal,AVLP732m,acetylcholine,acetylcholine,1.0,6
VLPl&d1_dorsal,AVLP733m,acetylcholine,acetylcholine,1.0,6
VLPl&d1_dorsal,AVLP739m,acetylcholine,acetylcholine,1.0,5
VLPl&d1_dorsal,CB0930,acetylcholine,acetylcholine,1.0,4
VLPl&d1_dorsal,CB1165,acetylcholine,acetylcholine,1.0,6
VLPl&d1_dorsal,CB1187,acetylcholine,acetylcholine,1.0,3
VLPl&d1_dorsal,CB1573,acetylcholine,acetylcholine,1.0,1
VLPl&d1_dorsal,CB1652,acetylcholine,acetylcholine,1.0,1
VLPl&d1_dorsal,CB2006,acetylcholine,acetylcholine,1.0,4
VLPl&d1_dorsal,CB2041,acetylcholine,acetylcholine,1.0,2
VLPl&d1_dorsal,CB2321,acetylcholine,acetylcholine,1.0,4
VLPl&d1_dorsal,CB2323,acetylcholine,acetylcholine,1.0,2
VLPl&d1_dorsal,CB2433,acetylcholine,acetylcholine,1.0,8
VLPl&d1_dorsal,CB2623,acetylcholine,acetylcholine,1.0,2
VLPl&d1_dorsal,CB2625,acetylcholine,acetylcholine,1.0,8
VLPl&d1_dorsal,CB3287b,acetylcholine,acetylcholine,1.0,4
VLPl&d1_dorsal,CB3576,acetylcholine,acetylcholine,1.0,2
VLPl&d1_dorsal,CB4215,acetylcholine,acetylcholine,1.0,4
VLPl&d1_dorsal,CB4216,acetylcholine,acetylcholine,1.0,6
VLPl&d1_dorsal,CB4217,acetylcholine,acetylcholine,1.0,3
VLPl&d1_dorsal,LHAV7b1,acetylcholine,acetylcholine,1.0,11
VLPl&d1_lateral,#18023,acetylcholine,acetylcholine,1.0,1
VLPl&d1_lateral,#23310,acetylcholine,acetylcholine,1.0,1
VLPl&d1_lateral,#23387,acetylcholine,acetylcholine,1.0,1
VLPl&d1_lateral,#23717,acetylcholine,acetylcholine,1.0,1
VLPl&d1_lateral,#26325,acetylcholine,acetylcholine,1.0,1
VLPl&d1_lateral,#46614,acetylcholine,acetylcholine,1.0,1
VLPl&d1_lateral,#526001,acetylcholine,acetylcholine,1.0,1
VLPl&d1_lateral,#52716,acetylcholine,acetylcholine,1.0,1
VLPl&d1_lateral,#532313,acetylcholine,acetylcholine,1.0,1
VLPl&d1_lateral,#54512,acetylcholine,acetylcholine,1.0,1
VLPl&d1_lateral,#55304,acetylcholine,acetylcholine,1.0,1
VLPl&d1_lateral,#69616,acetylcholine,acetylcholine,1.0,1
VLPl&d1_lateral,#76066,acetylcholine,acetylcholine,1.0,1
VLPl&d1_lateral,#77453,acetylcholine,acetylcholine,1.0,1
VLPl&d1_lateral,#83703,acetylcholine,acetylcholine,1.0,1
VLPl&d1_lateral,AVLP257,acetylcholine,acetylcholine,1.0,2
VLPl&d1_lateral,AVLP258,acetylcholine,acetylcholine,1.0,2
VLPl&d1_lateral,AVLP259,acetylcholine,acetylcholine,1.0,4
VLPl&d1_lateral,AVLP260,acetylcholine,acetylcholine,1.0,2
VLPl&d1_lateral,AVLP261_a,acetylcholine,acetylcholine,1.0,6
VLPl&d1_lateral,AVLP261_b,acetylcholine,acetylcholine,1.0,2
VLPl&d1_lateral,AVLP262,acetylcholine,acetylcholine,1.0,4
VLPl&d1_lateral,AVLP263,acetylcholine,acetylcholine,1.0,2
VLPl&d1_lateral,AVLP264,acetylcholine,acetylcholine,1.0,4
VLPl&d1_lateral,AVLP265,acetylcholine,acetylcholine,1.0,8
VLPl&d1_lateral,AVLP268,acetylcholine,acetylcholine,1.0,2
VLPl&d1_lateral,AVLP269_a,acetylcholine,acetylcholine,1.0,6
VLPl&d1_lateral,AVLP269_b,acetylcholine,acetylcholine,1.0,4
VLPl&d1_lateral,AVLP271,acetylcholine,acetylcholine,1.0,4
VLPl&d1_lateral,AVLP274_a,acetylcholine,acetylcholine,1.0,4
VLPl&d1_lateral,AVLP274_b,acetylcholine,acetylcholine,1.0,2
VLPl&d1_lateral,AVLP277,acetylcholine,acetylcholine,1.0,2
VLPl&d1_lateral,AVLP279,acetylcholine,acetylcholine,1.0,13
VLPl&d1_lateral,AVLP430,acetylcholine,acetylcholine,1.0,2
VLPl&d1_lateral,AVLP431,acetylcholine,acetylcholine,1.0,2
VLPl&d1_lateral,AVLP719m,acetylcholine,acetylcholine,1.0,2
VLPl&d1_lateral,AVLP720m,acetylcholine,acetylcholine,1.0,2
VLPl&d1_lateral,AVLP721m,acetylcholine,acetylcholine,1.0,2
VLPl&d1_lateral,AVLP722m,acetylcholine,acetylcholine,1.0,5
VLPl&d1_lateral,CB0061,acetylcholine,acetylcholine,1.0,2
VLPl&d1_lateral,CB0738,acetylcholine,acetylcholine,1.0,1
VLPl&d1_lateral,CB0925,acetylcholine,acetylcholine,1.0,4
VLPl&d1_lateral,CB1000,acetylcholine,acetylcholine,1.0,4
VLPl&d1_lateral,CB1109,acetylcholine,acetylcholine,1.0,10
VLPl&d1_lateral,CB1194,acetylcholine,acetylcholine,1.0,2
VLPl&d1_lateral,CB1695,acetylcholine,acetylcholine,1.0,4
VLPl&d1_lateral,CB2144,acetylcholine,acetylcholine,1.0,4
VLPl&d1_lateral,CB2545,acetylcholine,acetylcholine,1.0,1
VLPl&d1_lateral,CB2633,acetylcholine,acetylcholine,1.0,4
VLPl&d1_lateral,CB3162,acetylcholine,acetylcholine,1.0,1
VLPl&d1_lateral,CB3184,acetylcholine,acetylcholine,1.0,4
VLPl&d1_lateral,CB3364,acetylcholine,acetylcholine,1.0,5
VLPl&d1_lateral,CB4165,acetylcholine,acetylcholine,1.0,4
VLPl&d1_lateral,CB4173,acetylcholine,acetylcholine,1.0,6
VLPl&d1_lateral,CB4174,acetylcholine,acetylcholine,1.0,3
VLPl&d1_lateral,CB4214,acetylcholine,acetylcholine,1.0,5
VLPl&d1_lateral,LHAV1d1,acetylcholine,acetylcholine,1.0,4
VLPl&d1_lateral,LHAV1d2,acetylcholine,acetylcholine,1.0,10
VLPl&d1_lateral,PVLP063,acetylcholine,acetylcholine,1.0,2
VLPl&d1_lateral,PVLP064,acetylcholine,acetylcholine,1.0,6
VLPl&d1_lateral,PVLP065,acetylcholine,acetylcholine,1.0,2
VLPl&d1_lateral,PVLP066,acetylcholine,acetylcholine,1.0,4
VLPl&d1_lateral,PVLP068,acetylcholine,acetylcholine,1.0,6
VLPl&d1_lateral,WED045,acetylcholine,acetylcholine,1.0,2
VLPl&d1_lateral,WED046,acetylcholine,acetylcholine,1.0,2
VLPl&d1_lateral,WED047,acetylcholine,acetylcholine,1.0,4
VLPl&d1_lateral,WED051,acetylcholine,acetylcholine,1.0,2
VLPl&p1_lateral,#18981,acetylcholine,acetylcholine,1.0,1
VLPl&p1_lateral,#21466,acetylcholine,acetylcholine,1.0,1
VLPl&p1_lateral,#24349,acetylcholine,acetylcholine,1.0,1
VLPl&p1_lateral,#25834,acetylcholine,acetylcholine,1.0,1
VLPl&p1_lateral,AVLP117,acetylcholine,acetylcholine,1.0,5
VLPl&p1_lateral,AVLP132,acetylcholine,acetylcholine,1.0,2
VLPl&p1_lateral,AVLP140,acetylcholine,acetylcholine,1.0,3
VLPl&p1_lateral,AVLP320_a,acetylcholine,acetylcholine,1.0,2
VLPl&p1_lateral,AVLP320_b,acetylcholine,acetylcholine,1.0,2
VLPl&p1_lateral,AVLP321,acetylcholine,acetylcholine,1.0,2
VLPl&p1_lateral,AVLP322,acetylcholine,acetylcholine,1.0,2
VLPl&p1_lateral,AVLP325_a,acetylcholine,acetylcholine,1.0,4
VLPl&p1_lateral,AVLP325_b,acetylcholine,acetylcholine,1.0,5
VLPl&p1_lateral,AVLP329,acetylcholine,acetylcholine,1.0,4
VLPl&p1_lateral,AVLP330,acetylcholine,acetylcholine,1.0,2
VLPl&p1_lateral,AVLP331a,acetylcholine,acetylcholine,1.0,2
VLPl&p1_lateral,AVLP332,acetylcholine,acetylcholine,1.0,2
VLPl&p1_lateral,AVLP333,acetylcholine,acetylcholine,1.0,4
VLPl&p1_lateral,AVLP334,acetylcholine,acetylcholine,1.0,5
VLPl&p1_lateral,AVLP337,acetylcholine,acetylcholine,1.0,5
VLPl&p1_lateral,AVLP338,acetylcholine,acetylcholine,1.0,4
VLPl&p1_lateral,CB0218,acetylcholine,acetylcholine,1.0,2
VLPl&p1_lateral,CB0282,acetylcholine,acetylcholine,1.0,2
VLPl&p1_lateral,CB0747,acetylcholine,acetylcholine,1.0,2
VLPl&p1_lateral,CB0929,acetylcholine,acetylcholine,1.0,6
VLPl&p1_lateral,CB1920,acetylcholine,acetylcholine,1.0,1
VLPl&p1_lateral,CB1973,acetylcholine,acetylcholine,1.0,2
VLPl&p1_lateral,CB2049,acetylcholine,acetylcholine,1.0,5
VLPl&p1_lateral,CB2090,acetylcholine,acetylcholine,1.0,3
VLPl&p1_lateral,CB2390,acetylcholine,acetylcholine,1.0,2
VLPl&p1_lateral,CB2478,acetylcholine,acetylcholine,1.0,2
VLPl&p1_lateral,CB2512,acetylcholine,acetylcholine,1.0,2
VLPl&p1_lateral,CB2627,acetylcholine,acetylcholine,1.0,2
VLPl&p1_lateral,CB2655,acetylcholine,acetylcholine,1.0,4
VLPl&p1_lateral,CB2682,acetylcholine,acetylcholine,1.0,2
VLPl&p1_lateral,CB3488,acetylcholine,acetylcholine,1.0,2
VLPl&p1_lateral,PVLP069,acetylcholine,acetylcholine,1.0,2
VLPl&p1_lateral,PVLP071,acetylcholine,acetylcholine,1.0,4
VLPl&p1_lateral,PVLP072,acetylcholine,acetylcholine,1.0,10
VLPl&p1_lateral,PVLP073,acetylcholine,acetylcholine,1.0,5
VLPl&p1_lateral,PVLP074,acetylcholine,acetylcholine,1.0,9
VLPl&p1_lateral,PVLP075,acetylcholine,acetylcholine,1.0,2
VLPl&p1_lateral,vpoEN,acetylcholine,acetylcholine,1.0,4
VLPl&p1_posterior,#45702,acetylcholine,acetylcholine,1.0,1
VLPl&p1_posterior,ALIN3,acetylcholine,acetylcholine,1.0,4
VLPl&p1_posterior,AVLP489,acetylcholine,acetylcholine,1.0,4
VLPl&p1_posterior,AVLP492,acetylcholine,acetylcholine,1.0,4
VLPl&p1_posterior,AVLP494,acetylcholine,acetylcholine,1.0,6
VLPl&p1_posterior,AVLP496,acetylcholine,acetylcholine,1.0,7
VLPl&p1_posterior,AVLP497,acetylcholine,acetylcholine,1.0,2
VLPl&p1_posterior,CB1346,acetylcholine,acetylcholine,1.0,2
VLPl&p1_posterior,CB1795,acetylcholine,acetylcholine,1.0,4
VLPl&p1_posterior,CB1897,acetylcholine,acetylcholine,1.0,8
VLPl&p1_posterior,CB1910,acetylcholine,acetylcholine,1.0,2
VLPl&p1_posterior,CB2689,acetylcholine,acetylcholine,1.0,2
VLPl&p1_posterior,CB3469,acetylcholine,acetylcholine,1.0,3
VLPl&p1_posterior,CB3614,acetylcholine,acetylcholine,1.0,4
VLPl&p1_posterior,CB3909,acetylcholine,acetylcholine,1.0,2
VLPl&p1_posterior,CB3910,acetylcholine,acetylcholine,1.0,3
VLPl&p1_posterior,CL259,acetylcholine,acetylcholine,1.0,2
VLPl&p1_posterior,CL260,acetylcholine,acetylcholine,1.0,2
VLPl&p1_posterior,CL261,acetylcholine,acetylcholine,1.0,4
VLPl&p1_posterior,CRE103,acetylcholine,acetylcholine,1.0,10
VLPl&p1_posterior,CRE104,acetylcholine,acetylcholine,1.0,3
VLPl&p1_posterior,LAL136_a,acetylcholine,acetylcholine,1.0,5
VLPl&p1_posterior,LAL136_b,acetylcholine,acetylcholine,1.0,7
VLPl&p1_posterior,LHPV7a1,acetylcholine,acetylcholine,1.0,4
VLPl&p1_posterior,PLP161,acetylcholine,acetylcholine,1.0,4
VLPl&p1_posterior,PLP162,acetylcholine,acetylcholine,1.0,4
VLPl&p1_posterior,SLP450,acetylcholine,acetylcholine,1.0,6
VLPl&p1_posterior,SLP451,acetylcholine,acetylcholine,1.0,4
VLPl&p1_posterior,SMP555,acetylcholine,acetylcholine,1.0,2
VLPl&p1_posterior,SMP556,acetylcholine,acetylcholine,1.0,2
VLPl&p1_posterior,SMP560,acetylcholine,acetylcholine,1.0,2
VLPl&p1_posterior,SMP561,acetylcholine,acetylcholine,1.0,2
VLPl&p1_posterior,SMP562,acetylcholine,acetylcholine,1.0,2
VLPl&p1_posterior,SMP565,acetylcholine,acetylcholine,1.0,3
VLPl&p1_posterior,SMP566,acetylcholine,acetylcholine,1.0,6
VLPl&p1_posterior,SMP567,acetylcholine,acetylcholine,1.0,4
VLPl&p1_posterior,SMP568_a,acetylcholine,acetylcholine,1.0,8
VLPl&p1_posterior,SMP568_b,acetylcholine,acetylcholine,1.0,6
VLPl&p1_posterior,SMP568_c,acetylcholine,acetylcholine,1.0,4
VLPl&p1_posterior,SMP568_d,acetylcholine,acetylcholine,1.0,3
VLPl&p1_posterior,SMP569,acetylcholine,acetylcholine,1.0,4
VLPl&p1_posterior,SMP570,acetylcholine,acetylcholine,1.0,5
VLPl&p1_posterior,SMP571,acetylcholine,acetylcholine,1.0,2
VLPl&p1_posterior,SMP572,acetylcholine,acetylcholine,1.0,4
VLPl&p1_posterior,SMP573,acetylcholine,acetylcholine,1.0,2
VLPl&p1_posterior,aIPg1,acetylcholine,acetylcholine,1.0,8
VLPl&p1_posterior,aIPg10,acetylcholine,acetylcholine,1.0,4
VLPl&p1_posterior,aIPg2,acetylcholine,acetylcholine,1.0,6
VLPl&p1_posterior,aIPg4,acetylcholine,acetylcholine,1.0,2
VLPl&p1_posterior,aIPg5,acetylcholine,acetylcholine,1.0,6
VLPl&p1_posterior,aIPg6,acetylcholine,acetylcholine,1.0,5
VLPl&p1_posterior,aIPg7,acetylcholine,acetylcholine,1.0,7
VLPl&p1_posterior,aIPg8,acetylcholine,acetylcholine,1.0,3
VLPl&p1_posterior,aIPg9,acetylcholine,acetylcholine,1.0,3
VLPl&p1_posterior,aIPg_m1,acetylcholine,acetylcholine,1.0,4
VLPl&p1_posterior,aIPg_m2,acetylcholine,acetylcholine,1.0,4
VLPl&p1_posterior,aIPg_m3,acetylcholine,acetylcholine,1.0,2
VLPl&p1_posterior,aIPg_m4,acetylcholine,acetylcholine,1.0,2
VLPl&p2_posterior,#20911,acetylcholine,acetylcholine,1.0,1
VLPl&p2_posterior,#21093,acetylcholine,acetylcholine,1.0,1
VLPl&p2_posterior,#28648,acetylcholine,acetylcholine,1.0,1
VLPl&p2_posterior,#34114,acetylcholine,acetylcholine,1.0,1
VLPl&p2_posterior,#39118,acetylcholine,acetylcholine,1.0,1
VLPl&p2_posterior,#44915,acetylcholine,acetylcholine,1.0,1
VLPl&p2_posterior,#521706,acetylcholine,acetylcholine,1.0,1
VLPl&p2_posterior,#84290,acetylcholine,acetylcholine,1.0,1
VLPl&p2_posterior,#99700,acetylcholine,acetylcholine,1.0,1
VLPl&p2_posterior,AVLP503,acetylcholine,acetylcholine,1.0,2
VLPl&p2_posterior,AVLP504,acetylcholine,acetylcholine,1.0,2
VLPl&p2_posterior,AVLP505,acetylcholine,acetylcholine,1.0,2
VLPl&p2_posterior,AVLP507,acetylcholine,acetylcholine,1.0,2
VLPl&p2_posterior,AVLP508,acetylcholine,acetylcholine,1.0,2
VLPl&p2_posterior,AVLP511,acetylcholine,acetylcholine,1.0,2
VLPl&p2_posterior,AVLP517,acetylcholine,acetylcholine,1.0,4
VLPl&p2_posterior,AVLP519,acetylcholine,acetylcholine,1.0,7
VLPl&p2_posterior,CB0440,acetylcholine,acetylcholine,1.0,2
VLPl&p2_posterior,CB1044,acetylcholine,acetylcholine,1.0,4
VLPl&p2_posterior,CB1074,acetylcholine,acetylcholine,1.0,4
VLPl&p2_posterior,CB1139,acetylcholine,acetylcholine,1.0,2
VLPl&p2_posterior,CB1140,acetylcholine,acetylcholine,1.0,2
VLPl&p2_posterior,CB1142,acetylcholine,acetylcholine,1.0,2
VLPl&p2_posterior,CB1717,acetylcholine,acetylcholine,1.0,3
VLPl&p2_posterior,CB1908,acetylcholine,acetylcholine,1.0,3
VLPl&p2_posterior,CB1932,acetylcholine,acetylcholine,1.0,10
VLPl&p2_posterior,CB2472,acetylcholine,acetylcholine,1.0,5
VLPl&p2_posterior,CB2491,acetylcholine,acetylcholine,1.0,3
VLPl&p2_posterior,CB3089,acetylcholine,acetylcholine,1.0,2
VLPl&p2_posterior,CB3305,acetylcholine,acetylcholine,1.0,3
VLPl&p2_posterior,CB4245,acetylcholine,acetylcholine,1.0,3
VLPl&p2_posterior,DNp66,acetylcholine,acetylcholine,1.0,2
VLPl&p2_posterior,LoVP55,acetylcholine,acetylcholine,1.0,4
VLPl&p2_posterior,PLP164,acetylcholine,acetylcholine,1.0,4
VLPl&p2_posterior,PLP165,acetylcholine,acetylcholine,1.0,5
VLPl&p2_posterior,PVLP121,acetylcholine,acetylcholine,1.0,2
VLPl&p2_posterior,PVLP122,acetylcholine,acetylcholine,1.0,6
VLPl&p2_posterior,PVLP123,acetylcholine,acetylcholine,1.0,10
VLPl&p2_posterior,PVLP124,acetylcholine,acetylcholine,1.0,2
VLPl&p2_posterior,PVLP125,acetylcholine,acetylcholine,1.0,2
VLPl&p2_posterior,PVLP126_a,acetylcholine,acetylcholine,1.0,2
VLPl&p2_posterior,PVLP126_b,acetylcholine,acetylcholine,1.0,2
VLPl&p2_posterior,PVLP127,acetylcholine,acetylcholine,1.0,3
VLPl&p2_posterior,PVLP128,acetylcholine,acetylcholine,1.0,7
VLPl&p2_posterior,SAD082,acetylcholine,acetylcholine,1.0,2
VLPl&p2_posterior,WED107,acetylcholine,acetylcholine,1.0,2
VLPl&p2_posterior,WED108,acetylcholine,acetylcholine,1.0,2
VLPl&p2_posterior,WED109,acetylcholine,acetylcholine,1.0,2
VLPl&p2_posterior,WED111,acetylcholine,acetylcholine,1.0,4
VLPl&p2_posterior,WED114,acetylcholine,acetylcholine,1.0,5
VLPl&p2_posterior,WED116,acetylcholine,acetylcholine,1.0,2
VLPl&p2_posterior,WED117,acetylcholine,acetylcholine,1.0,8
VLPl&p2_posterior,WED118,acetylcholine,acetylcholine,1.0,12
VLPl1_or_VLPl5,#125137,acetylcholine,acetylcholine,0.9960159362549801,1
VLPl1_or_VLPl5,#14660,acetylcholine,acetylcholine,0.9960159362549801,1
VLPl1_or_VLPl5,#16109,acetylcholine,acetylcholine,0.9960159362549801,1
VLPl1_or_VLPl5,#18651,acetylcholine,acetylcholine,0.9960159362549801,1
VLPl1_or_VLPl5,#19041,acetylcholine,acetylcholine,0.9960159362549801,1
VLPl1_or_VLPl5,#19826,acetylcholine,acetylcholine,0.9960159362549801,1
VLPl1_or_VLPl5,#19856,acetylcholine,acetylcholine,0.9960159362549801,1
VLPl1_or_VLPl5,#21630,acetylcholine,acetylcholine,0.9960159362549801,1
VLPl1_or_VLPl5,#22365,acetylcholine,acetylcholine,0.9960159362549801,1
VLPl1_or_VLPl5,#22492,acetylcholine,acetylcholine,0.9960159362549801,1
VLPl1_or_VLPl5,#24139,acetylcholine,acetylcholine,0.9960159362549801,1
VLPl1_or_VLPl5,#25571,acetylcholine,acetylcholine,0.9960159362549801,1
VLPl1_or_VLPl5,#35490,acetylcholine,acetylcholine,0.9960159362549801,1
VLPl1_or_VLPl5,#40088,acetylcholine,acetylcholine,0.9960159362549801,1
VLPl1_or_VLPl5,#513516,acetylcholine,acetylcholine,0.9960159362549801,1
VLPl1_or_VLPl5,#514622,acetylcholine,acetylcholine,0.9960159362549801,1
VLPl1_or_VLPl5,#516449,acetylcholine,acetylcholine,0.9960159362549801,1
VLPl1_or_VLPl5,#522848,acetylcholine,acetylcholine,0.9960159362549801,1
VLPl1_or_VLPl5,#523848,acetylcholine,acetylcholine,0.9960159362549801,1
VLPl1_or_VLPl5,#527647,acetylcholine,acetylcholine,0.9960159362549801,1
VLPl1_or_VLPl5,#559256,acetylcholine,acetylcholine,0.9960159362549801,1
VLPl1_or_VLPl5,#559505,acetylcholine,acetylcholine,0.9960159362549801,1
VLPl1_or_VLPl5,#581331,acetylcholine,acetylcholine,0.9960159362549801,1
VLPl1_or_VLPl5,AVLP097,acetylcholine,acetylcholine,0.9960079840319361,2
VLPl1_or_VLPl5,AVLP340,acetylcholine,acetylcholine,0.9960079840319361,2
VLPl1_or_VLPl5,AVLP341,acetylcholine,acetylcholine,0.9960079840319361,2
VLPl1_or_VLPl5,AVLP343,glutamate,acetylcholine,1.0,2
VLPl1_or_VLPl5,AVLP344,acetylcholine,acetylcholine,0.9959919839679359,4
VLPl1_or_VLPl5,AVLP345_a,acetylcholine,acetylcholine,0.9959919839679359,4
VLPl1_or_VLPl5,AVLP345_b,acetylcholine,acetylcholine,0.9960159362549801,1
VLPl1_or_VLPl5,AVLP346,acetylcholine,acetylcholine,0.9959758551307847,6
VLPl1_or_VLPl5,AVLP347,acetylcholine,acetylcholine,0.9959919839679359,4
VLPl1_or_VLPl5,AVLP348,acetylcholine,acetylcholine,0.9959919839679359,4
VLPl1_or_VLPl5,AVLP349,acetylcholine,acetylcholine,0.9959595959595959,8
VLPl1_or_VLPl5,AVLP352,acetylcholine,acetylcholine,0.9959919839679359,4
VLPl1_or_VLPl5,AVLP353,acetylcholine,acetylcholine,0.9959839357429718,5
VLPl1_or_VLPl5,AVLP354,acetylcholine,acetylcholine,0.9959919839679359,4
VLPl1_or_VLPl5,AVLP357,acetylcholine,acetylcholine,0.996,3
VLPl1_or_VLPl5,AVLP363,acetylcholine,acetylcholine,0.996,3
VLPl1_or_VLPl5,AVLP365,acetylcholine,acetylcholine,0.9959919839679359,4
VLPl1_or_VLPl5,AVLP372,acetylcholine,acetylcholine,0.9959919839679359,4
VLPl1_or_VLPl5,AVLP373,acetylcholine,acetylcholine,0.9960079840319361,2
VLPl1_or_VLPl5,AVLP374,acetylcholine,acetylcholine,0.9959919839679359,4
VLPl1_or_VLPl5,AVLP377,acetylcholine,acetylcholine,0.9958762886597938,18
VLPl1_or_VLPl5,AVLP378,acetylcholine,acetylcholine,0.9959919839679359,4
VLPl1_or_VLPl5,AVLP379,acetylcholine,acetylcholine,0.9959919839679359,4
VLPl1_or_VLPl5,AVLP380,acetylcholine,acetylcholine,0.9959919839679359,4
VLPl1_or_VLPl5,AVLP381,acetylcholine,acetylcholine,0.9960079840319361,2
VLPl1_or_VLPl5,AVLP385,acetylcholine,acetylcholine,0.9959432048681541,10
VLPl1_or_VLPl5,AVLP387,acetylcholine,acetylcholine,0.9959432048681541,10
VLPl1_or_VLPl5,AVLP399,acetylcholine,acetylcholine,0.9960079840319361,2
VLPl1_or_VLPl5,AVLP400,acetylcholine,acetylcholine,0.9959919839679359,4
VLPl1_or_VLPl5,AVLP401,acetylcholine,acetylcholine,0.9959595959595959,8
VLPl1_or_VLPl5,AVLP402,acetylcholine,acetylcholine,0.9960079840319361,2
VLPl1_or_VLPl5,AVLP403,acetylcholine,acetylcholine,0.996,3
VLPl1_or_VLPl5,AVLP404,acetylcholine,acetylcholine,0.9960079840319361,2
VLPl1_or_VLPl5,AVLP405,acetylcholine,acetylcholine,0.9959919839679359,4
VLPl1_or_VLPl5,AVLP407,acetylcholine,acetylcholine,0.9959919839679359,4
VLPl1_or_VLPl5,AVLP409,acetylcholine,acetylcholine,0.9959919839679359,4
VLPl1_or_VLPl5,AVLP410,acetylcholine,acetylcholine,0.9959758551307847,6
VLPl1_or_VLPl5,AVLP599,acetylcholine,acetylcholine,0.9960079840319361,2
VLPl1_or_VLPl5,AVLP601,acetylcholine,acetylcholine,0.9960079840319361,2
VLPl1_or_VLPl5,AVLP611,acetylcholine,acetylcholine,0.9959758551307847,6
VLPl1_or_VLPl5,CB0785,acetylcholine,acetylcholine,0.996,3
VLPl1_or_VLPl5,CB0800,acetylcholine,acetylcholine,0.996,3
VLPl1_or_VLPl5,CB0813,acetylcholine,acetylcholine,0.9960159362549801,1
VLPl1_or_VLPl5,CB0926,acetylcholine,acetylcholine,0.9959919839679359,4
VLPl1_or_VLPl5,CB0927,acetylcholine,acetylcholine,0.9960159362549801,1
VLPl1_or_VLPl5,CB0956,acetylcholine,acetylcholine,0.9959514170040485,9
VLPl1_or_VLPl5,CB1099,acetylcholine,acetylcholine,0.9959839357429718,5
VLPl1_or_VLPl5,CB1205,acetylcholine,acetylcholine,0.9959758551307847,6
VLPl1_or_VLPl5,CB1206,acetylcholine,acetylcholine,0.996,3
VLPl1_or_VLPl5,CB1207_a,acetylcholine,acetylcholine,0.9959677419354839,7
VLPl1_or_VLPl5,CB1207_b,acetylcholine,acetylcholine,0.9959677419354839,7
VLPl1_or_VLPl5,CB1208,acetylcholine,acetylcholine,0.996,3
VLPl1_or_VLPl5,CB1274,acetylcholine,acetylcholine,0.9960159362549801,1
VLPl1_or_VLPl5,CB1287_b,acetylcholine,acetylcholine,0.9959919839679359,4
VLPl1_or_VLPl5,CB1287_c,acetylcholine,acetylcholine,0.9960079840319361,2
VLPl1_or_VLPl5,CB1312,acetylcholine,acetylcholine,0.9960079840319361,2
VLPl1_or_VLPl5,CB1340,acetylcholine,acetylcholine,0.996,3
VLPl1_or_VLPl5,CB1384,acetylcholine,acetylcholine,0.9959919839679359,4
VLPl1_or_VLPl5,CB1460,acetylcholine,acetylcholine,0.9959839357429718,5
VLPl1_or_VLPl5,CB1463,acetylcholine,acetylcholine,0.9959919839679359,4
VLPl1_or_VLPl5,CB1557,acetylcholine,acetylcholine,0.996,3
VLPl1_or_VLPl5,CB1565,acetylcholine,acetylcholine,0.9959919839679359,4
VLPl1_or_VLPl5,CB1575,acetylcholine,acetylcholine,0.9959677419354839,7
VLPl1_or_VLPl5,CB1625,acetylcholine,acetylcholine,0.9960079840319361,2
VLPl1_or_VLPl5,CB1638,acetylcholine,acetylcholine,0.9959349593495935,11
VLPl1_or_VLPl5,CB1678,acetylcholine,acetylcholine,0.9960079840319361,2
VLPl1_or_VLPl5,CB1809,acetylcholine,acetylcholine,0.9959758551307847,6
VLPl1_or_VLPl5,CB1885,acetylcholine,acetylcholine,0.9959677419354839,7
VLPl1_or_VLPl5,CB1903,acetylcholine,acetylcholine,0.996,3
VLPl1_or_VLPl5,CB1955,acetylcholine,acetylcholine,0.9959758551307847,6
VLPl1_or_VLPl5,CB1964,acetylcholine,acetylcholine,0.9958762886597938,18
VLPl1_or_VLPl5,CB2108,acetylcholine,acetylcholine,0.996,3
VLPl1_or_VLPl5,CB2178,acetylcholine,acetylcholine,0.9959919839679359,4
VLPl1_or_VLPl5,CB2202,acetylcholine,acetylcholine,0.9960159362549801,1
VLPl1_or_VLPl5,CB2365,acetylcholine,acetylcholine,0.9959919839679359,4
VLPl1_or_VLPl5,CB2371,acetylcholine,acetylcholine,0.9960079840319361,2
VLPl1_or_VLPl5,CB2373,acetylcholine,acetylcholine,0.9960079840319361,2
VLPl1_or_VLPl5,CB2404,acetylcholine,acetylcholine,0.9959677419354839,7
VLPl1_or_VLPl5,CB2412,acetylcholine,acetylcholine,0.9959919839679359,4
VLPl1_or_VLPl5,CB2489,acetylcholine,acetylcholine,0.9960079840319361,2
VLPl1_or_VLPl5,CB2498,acetylcholine,acetylcholine,0.9959839357429718,5
VLPl1_or_VLPl5,CB2518,acetylcholine,acetylcholine,0.996,3
VLPl1_or_VLPl5,CB2595,acetylcholine,acetylcholine,0.9960079840319361,2
VLPl1_or_VLPl5,CB2599,acetylcholine,acetylcholine,0.9960079840319361,2
VLPl1_or_VLPl5,CB2642,acetylcholine,acetylcholine,0.9959677419354839,7
VLPl1_or_VLPl5,CB2684,acetylcholine,acetylcholine,0.9960159362549801,1
VLPl1_or_VLPl5,CB2769,acetylcholine,acetylcholine,0.9959839357429718,5
VLPl1_or_VLPl5,CB2863,acetylcholine,acetylcholine,0.9959839357429718,5
VLPl1_or_VLPl5,CB3042,acetylcholine,acetylcholine,0.9959919839679359,4
VLPl1_or_VLPl5,CB3067,acetylcholine,acetylcholine,0.9960079840319361,2
VLPl1_or_VLPl5,CB3104,acetylcholine,acetylcholine,0.9959758551307847,6
VLPl1_or_VLPl5,CB3201,acetylcholine,acetylcholine,0.9959919839679359,4
VLPl1_or_VLPl5,CB3233,acetylcholine,acetylcholine,0.9959919839679359,4
VLPl1_or_VLPl5,CB3264,acetylcholine,acetylcholine,0.996,3
VLPl1_or_VLPl5,CB3329,acetylcholine,acetylcholine,0.9959677419354839,7
VLPl1_or_VLPl5,CB3373,acetylcholine,acetylcholine,0.9960079840319361,2
VLPl1_or_VLPl5,CB3400,acetylcholine,acetylcholine,0.9960079840319361,2
VLPl1_or_VLPl5,CB3407,acetylcholine,acetylcholine,0.9960159362549801,1
VLPl1_or_VLPl5,CB3409,acetylcholine,acetylcholine,0.996,3
VLPl1_or_VLPl5,CB3435,acetylcholine,acetylcholine,0.9959919839679359,4
VLPl1_or_VLPl5,CB3459,acetylcholine,acetylcholine,0.9960079840319361,2
VLPl1_or_VLPl5,CB3499,acetylcholine,acetylcholine,0.996,3
VLPl1_or_VLPl5,CB3594,acetylcholine,acetylcholine,0.9960079840319361,2
VLPl1_or_VLPl5,CB3649,acetylcholine,acetylcholine,0.996,3
VLPl1_or_VLPl5,CB3661,acetylcholine,acetylcholine,0.9960079840319361,2
VLPl1_or_VLPl5,CB3933,acetylcholine,acetylcholine,0.9960159362549801,1
VLPl1_or_VLPl5,CB4052,acetylcholine,acetylcholine,0.9960079840319361,2
VLPl1_or_VLPl5,CB4172,acetylcholine,acetylcholine,0.996,3
VLPl1_or_VLPl5,CB4241,acetylcholine,acetylcholine,0.9960079840319361,2
VLPl1_or_VLPl5,PVLP078,acetylcholine,acetylcholine,0.9960079840319361,2
VLPl1_or_VLPl5,PVLP079,acetylcholine,acetylcholine,0.9960079840319361,2
VLPl1_or_VLPl5,PVLP085,acetylcholine,acetylcholine,0.9959595959595959,8
VLPl1_or_VLPl5,PVLP086,acetylcholine,acetylcholine,0.9959919839679359,4
VLPl1_or_VLPl5,WED060,acetylcholine,acetylcholine,0.9959919839679359,4
VLPl1_or_VLPl5,WED061,acetylcholine,acetylcholine,0.9959919839679359,4
VLPl1_or_VLPl5,WED063_a,acetylcholine,acetylcholine,0.9959919839679359,4
VLPl1_or_VLPl5,WED063_b,acetylcholine,acetylcholine,0.9959677419354839,7
VLPl1_or_VLPl5,WED065,acetylcholine,acetylcholine,0.9959919839679359,4
VLPl1_or_VLPl5,WED066,acetylcholine,acetylcholine,0.9960159362549801,1
VLPl2_lateral,LT1a,acetylcholine,acetylcholine,1.0,2
VLPl2_lateral,LT1b,acetylcholine,acetylcholine,1.0,2
VLPl2_lateral,LT1c,acetylcholine,acetylcholine,1.0,2
VLPl2_lateral,LT1d,acetylcholine,acetylcholine,1.0,2
VLPl2_lateral,LT61a,acetylcholine,acetylcholine,1.0,2
VLPl2_lateral,LT61b,acetylcholine,acetylcholine,1.0,2
VLPl2_lateral,LT62,acetylcholine,acetylcholine,1.0,2
VLPl2_medial,#14699,acetylcholine,acetylcholine,0.9546925566343042,1
VLPl2_medial,#18425,acetylcholine,acetylcholine,0.9546925566343042,1
VLPl2_medial,#21339,acetylcholine,acetylcholine,0.9546925566343042,1
VLPl2_medial,#22124,acetylcholine,acetylcholine,0.9546925566343042,1
VLPl2_medial,#23192,acetylcholine,acetylcholine,0.9546925566343042,1
VLPl2_medial,#24221,acetylcholine,acetylcholine,0.9546925566343042,1
VLPl2_medial,#24321,acetylcholine,acetylcholine,0.9546925566343042,1
VLPl2_medial,#25978,acetylcholine,acetylcholine,0.9546925566343042,1
VLPl2_medial,#38032,acetylcholine,acetylcholine,0.9546925566343042,1
VLPl2_medial,#515998,acetylcholine,acetylcholine,0.9546925566343042,1
VLPl2_medial,#516258,acetylcholine,acetylcholine,0.9546925566343042,1
VLPl2_medial,#522349,acetylcholine,acetylcholine,0.9546925566343042,1
VLPl2_medial,#532421,acetylcholine,acetylcholine,0.9546925566343042,1
VLPl2_medial,#90741,acetylcholine,acetylcholine,0.9546925566343042,1
VLPl2_medial,#95135,acetylcholine,acetylcholine,0.9546925566343042,1
VLPl2_medial,#96610,acetylcholine,acetylcholine,0.9546925566343042,1
VLPl2_medial,AVLP152,acetylcholine,acetylcholine,0.9545454545454546,2
VLPl2_medial,AVLP153,acetylcholine,acetylcholine,0.9545454545454546,2
VLPl2_medial,AVLP154,acetylcholine,acetylcholine,0.9545454545454546,2
VLPl2_medial,AVLP155_a,acetylcholine,acetylcholine,0.9545454545454546,2
VLPl2_medial,AVLP155_b,acetylcholine,acetylcholine,0.9545454545454546,2
VLPl2_medial,AVLP156,acetylcholine,acetylcholine,0.9545454545454546,2
VLPl2_medial,AVLP157,acetylcholine,acetylcholine,0.9545454545454546,2
VLPl2_medial,AVLP158,acetylcholine,acetylcholine,0.9545454545454546,2
VLPl2_medial,AVLP160,acetylcholine,acetylcholine,0.9545454545454546,2
VLPl2_medial,AVLP161,acetylcholine,acetylcholine,0.9545454545454546,2
VLPl2_medial,AVLP162,acetylcholine,acetylcholine,0.9545454545454546,2
VLPl2_medial,AVLP163,acetylcholine,acetylcholine,0.954248366013072,4
VLPl2_medial,AVLP164,acetylcholine,acetylcholine,0.954248366013072,4
VLPl2_medial,AVLP165,acetylcholine,acetylcholine,0.954248366013072,4
VLPl2_medial,AVLP166,acetylcholine,acetylcholine,0.954248366013072,4
VLPl2_medial,AVLP168,acetylcholine,acetylcholine,0.9539473684210527,6
VLPl2_medial,AVLP169,acetylcholine,acetylcholine,0.9545454545454546,2
VLPl2_medial,AVLP170,acetylcholine,acetylcholine,0.9545454545454546,2
VLPl2_medial,AVLP173,acetylcholine,acetylcholine,0.9545454545454546,2
VLPl2_medial,AVLP175,acetylcholine,acetylcholine,0.9545454545454546,2
VLPl2_medial,AVLP176_b,acetylcholine,acetylcholine,0.9540983606557377,5
VLPl2_medial,AVLP176_c,acetylcholine,acetylcholine,0.9540983606557377,5
VLPl2_medial,AVLP176_d,acetylcholine,acetylcholine,0.9540983606557377,5
VLPl2_medial,AVLP177_a,acetylcholine,acetylcholine,0.954248366013072,4
VLPl2_medial,AVLP178,acetylcholine,acetylcholine,0.9543973941368078,3
VLPl2_medial,AVLP179,acetylcholine,acetylcholine,0.954248366013072,4
VLPl2_medial,AVLP180,acetylcholine,acetylcholine,0.9545454545454546,2
VLPl2_medial,AVLP182,acetylcholine,acetylcholine,0.9543973941368078,3
VLPl2_medial,AVLP183,acetylcholine,acetylcholine,0.9540983606557377,5
VLPl2_medial,AVLP184,acetylcholine,acetylcholine,0.9545454545454546,2
VLPl2_medial,AVLP186,acetylcholine,acetylcholine,0.954248366013072,4
VLPl2_medial,AVLP187,acetylcholine,acetylcholine,0.9534883720930233,9
VLPl2_medial,AVLP188,acetylcholine,acetylcholine,0.9545454545454546,2
VLPl2_medial,AVLP189_a,acetylcholine,acetylcholine,0.954248366013072,4
VLPl2_medial,AVLP189_b,acetylcholine,acetylcholine,0.9540983606557377,5
VLPl2_medial,AVLP190,acetylcholine,acetylcholine,0.954248366013072,4
VLPl2_medial,AVLP191,acetylcholine,acetylcholine,0.9531772575250836,11
VLPl2_medial,AVLP192_a,acetylcholine,acetylcholine,0.9545454545454546,2
VLPl2_medial,AVLP192_b,acetylcholine,acetylcholine,0.9545454545454546,2
VLPl2_medial,AVLP193,acetylcholine,acetylcholine,0.9545454545454546,2
VLPl2_medial,AVLP194_a,acetylcholine,acetylcholine,0.954248366013072,4
VLPl2_medial,AVLP194_b1,acetylcholine,acetylcholine,0.9545454545454546,2
VLPl2_medial,AVLP194_b2,acetylcholine,acetylcholine,0.9545454545454546,2
VLPl2_medial,AVLP194_c1,acetylcholine,acetylcholine,0.9545454545454546,2
VLPl2_medial,AVLP194_c2,acetylcholine,acetylcholine,0.9545454545454546,2
VLPl2_medial,AVLP194_c3,acetylcholine,acetylcholine,0.9545454545454546,2
VLPl2_medial,AVLP195,acetylcholine,acetylcholine,0.954248366013072,4
VLPl2_medial,AVLP197,acetylcholine,acetylcholine,0.9545454545454546,2
VLPl2_medial,AVLP198,acetylcholine,acetylcholine,0.9540983606557377,5
VLPl2_medial,AVLP199,acetylcholine,acetylcholine,0.9536423841059603,8
VLPl2_medial,AVLP221,acetylcholine,acetylcholine,0.9545454545454546,2
VLPl2_medial,AVLP390,acetylcholine,acetylcholine,0.954248366013072,4
VLPl2_medial,AVLP417,acetylcholine,acetylcholine,0.954248366013072,4
VLPl2_medial,AVLP433_a,acetylcholine,acetylcholine,0.9545454545454546,2
VLPl2_medial,AVLP433_b,acetylcholine,acetylcholine,0.9545454545454546,2
VLPl2_medial,AVLP434_a,acetylcholine,acetylcholine,0.9545454545454546,2
VLPl2_medial,AVLP434_b,acetylcholine,acetylcholine,0.9545454545454546,2
VLPl2_medial,AVLP437,acetylcholine,acetylcholine,0.9545454545454546,2
VLPl2_medial,AVLP439,acetylcholine,acetylcholine,0.9545454545454546,2
VLPl2_medial,CB0992,acetylcholine,acetylcholine,0.9545454545454546,2
VLPl2_medial,CB1108,acetylcholine,acetylcholine,0.9545454545454546,2
VLPl2_medial,CB1672,acetylcholine,acetylcholine,0.9545454545454546,2
VLPl2_medial,CB1691,acetylcholine,acetylcholine,0.9545454545454546,2
VLPl2_medial,CB1748,acetylcholine,acetylcholine,0.9545454545454546,2
VLPl2_medial,CB2281,acetylcholine,acetylcholine,0.9545454545454546,2
VLPl2_medial,CB2286,acetylcholine,acetylcholine,0.9543973941368078,3
VLPl2_medial,CB2316,acetylcholine,acetylcholine,0.9545454545454546,2
VLPl2_medial,CB2330,acetylcholine,acetylcholine,0.9545454545454546,2
VLPl2_medial,CB2453,acetylcholine,acetylcholine,0.954248366013072,4
VLPl2_medial,CB2458,acetylcholine,acetylcholine,0.9543973941368078,3
VLPl2_medial,CB2481,acetylcholine,acetylcholine,0.954248366013072,4
VLPl2_medial,CB2659,acetylcholine,acetylcholine,0.9540983606557377,5
VLPl2_medial,CB2660,acetylcholine,acetylcholine,0.9546925566343042,1
VLPl2_medial,CB2672,acetylcholine,acetylcholine,0.9546925566343042,1
VLPl2_medial,CB3019,acetylcholine,acetylcholine,0.9540983606557377,5
VLPl2_medial,CB3277,acetylcholine,acetylcholine,0.9545454545454546,2
VLPl2_medial,CB3402,acetylcholine,acetylcholine,0.9545454545454546,2
VLPl2_medial,CB3433,acetylcholine,acetylcholine,0.9545454545454546,2
VLPl2_medial,CB3450,acetylcholine,acetylcholine,0.954248366013072,4
VLPl2_medial,CB3466,acetylcholine,acetylcholine,0.954248366013072,4
VLPl2_medial,CB3561,acetylcholine,acetylcholine,0.9545454545454546,2
VLPl2_medial,CB3683,acetylcholine,acetylcholine,0.9545454545454546,2
VLPl2_medial,CB3690,acetylcholine,acetylcholine,0.9545454545454546,2
VLPl2_medial,CB3977,acetylcholine,acetylcholine,0.954248366013072,4
VLPl2_medial,CL058,acetylcholine,acetylcholine,0.9545454545454546,2
VLPl2_medial,CL062_a1,acetylcholine,acetylcholine,0.9545454545454546,2
VLPl2_medial,CL062_a2,acetylcholine,acetylcholine,0.9545454545454546,2
VLPl2_medial,CL062_b1,acetylcholine,acetylcholine,0.9545454545454546,2
VLPl2_medial,CL062_b2,acetylcholine,acetylcholine,0.9545454545454546,2
VLPl2_medial,CL062_b3,acetylcholine,acetylcholine,0.9545454545454546,2
VLPl2_medial,ICL012m,acetylcholine,acetylcholine,0.954248366013072,4
VLPl2_medial,LAL051,glutamate,acetylcholine,0.961038961038961,2
VLPl2_medial,LAL053,glutamate,acetylcholine,0.961038961038961,2
VLPl2_medial,LAL054,glutamate,acetylcholine,0.961038961038961,2
VLPl2_medial,PLP029,glutamate,acetylcholine,0.961038961038961,2
VLPl2_medial,PS057,glutamate,acetylcholine,0.961038961038961,2
VLPl2_medial,PVLP013,acetylcholine,acetylcholine,0.9545454545454546,2
VLPl2_medial,PVLP014,acetylcholine,acetylcholine,0.9545454545454546,2
VLPl2_medial,PVLP015,glutamate,acetylcholine,0.961038961038961,2
VLPl2_medial,PVLP016,glutamate,acetylcholine,0.961038961038961,2
VLPl2_medial,SAD012,acetylcholine,acetylcholine,0.954248366013072,4
VLPl2_posterior,#202892,acetylcholine,acetylcholine,1.0,1
VLPl2_posterior,#25236,acetylcholine,acetylcholine,1.0,1
VLPl2_posterior,#25254,acetylcholine,acetylcholine,1.0,1
VLPl2_posterior,#29356,acetylcholine,acetylcholine,1.0,1
VLPl2_posterior,#55403,acetylcholine,acetylcholine,1.0,1
VLPl2_posterior,CB1185,acetylcholine,acetylcholine,1.0,4
VLPl2_posterior,CB1255,acetylcholine,acetylcholine,1.0,3
VLPl2_posterior,CB1487,acetylcholine,acetylcholine,1.0,5
VLPl2_posterior,CB1688,acetylcholine,acetylcholine,1.0,2
VLPl2_posterior,CB1804,acetylcholine,acetylcholine,1.0,4
VLPl2_posterior,CB1852,acetylcholine,acetylcholine,1.0,9
VLPl2_posterior,CB1883,acetylcholine,acetylcholine,1.0,3
VLPl2_posterior,CB2127,acetylcholine,acetylcholine,1.0,2
VLPl2_posterior,CB2143,acetylcholine,acetylcholine,1.0,8
VLPl2_posterior,CB2379,acetylcholine,acetylcholine,1.0,3
VLPl2_posterior,CB2514,acetylcholine,acetylcholine,1.0,5
VLPl2_posterior,CB2596,acetylcholine,acetylcholine,1.0,4
VLPl2_posterior,CB2802,acetylcholine,acetylcholine,1.0,1
VLPl2_posterior,CB2877,acetylcholine,acetylcholine,1.0,2
VLPl2_posterior,CB3014,acetylcholine,acetylcholine,1.0,3
VLPl2_posterior,LHAV2b1,acetylcholine,acetylcholine,1.0,8
VLPl2_posterior,LHAV2b10,acetylcholine,acetylcholine,1.0,7
VLPl2_posterior,LHAV2b11,acetylcholine,acetylcholine,1.0,4
VLPl2_posterior,LHAV2b2_a,acetylcholine,acetylcholine,1.0,9
VLPl2_posterior,LHAV2b2_b,acetylcholine,acetylcholine,1.0,4
VLPl2_posterior,LHAV2b2_c,acetylcholine,acetylcholine,1.0,2
VLPl2_posterior,LHAV2b2_d,acetylcholine,acetylcholine,1.0,2
VLPl2_posterior,LHAV2b3,acetylcholine,acetylcholine,1.0,5
VLPl2_posterior,LHAV2b4,acetylcholine,acetylcholine,1.0,10
VLPl2_posterior,LHAV2b5,acetylcholine,acetylcholine,1.0,4
VLPl2_posterior,LHAV2b6,acetylcholine,acetylcholine,1.0,6
VLPl2_posterior,LHAV2b7_a,acetylcholine,acetylcholine,1.0,4
VLPl2_posterior,LHAV2b7_b,acetylcholine,acetylcholine,1.0,4
VLPl2_posterior,LHAV2b8,acetylcholine,acetylcholine,1.0,2
VLPl2_posterior,LHAV2b9,acetylcholine,acetylcholine,1.0,2
VLPl2_posterior,LHAV2c1,acetylcholine,acetylcholine,1.0,17
VLPl2_posterior,LHAV2g1,acetylcholine,acetylcholine,1.0,4
VLPl2_posterior,LHAV2g2_a,acetylcholine,acetylcholine,1.0,7
VLPl2_posterior,LHAV2g2_b,acetylcholine,acetylcholine,1.0,3
VLPl2_posterior,LHAV2g3,acetylcholine,acetylcholine,1.0,6
VLPl2_posterior,LHAV2g5,acetylcholine,acetylcholine,1.0,4
VLPl2_posterior,LHAV2g6,acetylcholine,acetylcholine,1.0,3
VLPl2_posterior,PLP059,acetylcholine,acetylcholine,1.0,6
VLPl2_posterior,PLVP059,acetylcholine,acetylcholine,1.0,9
VLPl2_posterior,PVLP049,acetylcholine,acetylcholine,1.0,4
VLPl4_anterior,AVLP393,gaba,gaba,0.8762886597938144,2
VLPl4_anterior,AVLP394,gaba,gaba,0.8709677419354839,6
VLPl4_anterior,AVLP395,gaba,gaba,0.8762886597938144,2
VLPl4_anterior,AVLP418,acetylcholine,gaba,0.8969072164948454,2
VLPl4_anterior,AVLP419,gaba,gaba,0.8775510204081632,1
VLPl4_anterior,AVLP419_a,gaba,gaba,0.8762886597938144,2
VLPl4_anterior,AVLP419_b,gaba,gaba,0.8762886597938144,2
VLPl4_anterior,AVLP420_a,gaba,gaba,0.8736842105263158,4
VLPl4_anterior,AVLP420_b,gaba,gaba,0.8736842105263158,4
VLPl4_anterior,AVLP421,gaba,gaba,0.8723404255319149,5
VLPl4_anterior,AVLP422,gaba,gaba,0.8736842105263158,4
VLPl4_anterior,AVLP423,gaba,gaba,0.8695652173913043,7
VLPl4_anterior,AVLP424,gaba,gaba,0.8762886597938144,2
VLPl4_anterior,AVLP427,gaba,gaba,0.8775510204081632,1
VLPl4_anterior,AVLP436,acetylcholine,gaba,0.9157894736842105,4
VLPl4_anterior,CB1417,gaba,gaba,0.8709677419354839,6
VLPl4_anterior,CB1613,gaba,gaba,0.8736842105263158,4
VLPl4_anterior,CB1682,gaba,gaba,0.8762886597938144,2
VLPl4_anterior,CB2681,gaba,gaba,0.8762886597938144,2
VLPl4_anterior,CB4167,acetylcholine,gaba,0.9354838709677419,6
VLPl4_anterior,PVLP080_a,gaba,gaba,0.8736842105263158,4
VLPl4_anterior,PVLP080_b,gaba,gaba,0.8709677419354839,6
VLPl4_anterior,PVLP081,gaba,gaba,0.8736842105263158,4
VLPl4_anterior,PVLP082,gaba,gaba,0.8651685393258427,10
VLPl4_anterior,PVLP088,gaba,gaba,0.8695652173913043,7
VLPl4_dorsal,#50852,glutamate,gaba,0.8494623655913979,1
VLPl4_dorsal,#61260,glutamate,gaba,0.8494623655913979,1
VLPl4_dorsal,#65895,gaba,gaba,0.8387096774193549,1
VLPl4_dorsal,#66897,glutamate,gaba,0.8494623655913979,1
VLPl4_dorsal,#67663,glutamate,gaba,0.8494623655913979,1
VLPl4_dorsal,#69131,gaba,gaba,0.8387096774193549,1
VLPl4_dorsal,#75068,glutamate,gaba,0.8494623655913979,1
VLPl4_dorsal,#96257,glutamate,gaba,0.8494623655913979,1
VLPl4_dorsal,AVLP014,gaba,gaba,0.8387096774193549,1
VLPl4_dorsal,AVLP764m,gaba,gaba,0.8369565217391305,2
VLPl4_dorsal,CB1412,gaba,gaba,0.8369565217391305,2
VLPl4_dorsal,CB1701,gaba,gaba,0.8275862068965517,7
VLPl4_dorsal,CB2862,gaba,gaba,0.8369565217391305,2
VLPl4_dorsal,CB2983,gaba,gaba,0.8369565217391305,2
VLPl4_dorsal,LH004m,gaba,gaba,0.8295454545454546,6
VLPl4_dorsal,LH007m,gaba,gaba,0.8255813953488372,8
VLPl4_dorsal,LHAV4a4,gaba,gaba,0.8051948051948052,17
VLPl4_dorsal,LHAV4c1,gaba,gaba,0.8295454545454546,6
VLPl4_dorsal,LHAV4e2_b1,gaba,gaba,0.8275862068965517,7
VLPl4_dorsal,LHAV4e2_b2,glutamate,gaba,0.8977272727272727,6
VLPl4_dorsal,LHAV4e7_b,glutamate,gaba,0.8681318681318682,3
VLPl4_dorsal,LHAV4i1,gaba,gaba,0.8333333333333334,4
VLPl4_dorsal,PLP002,gaba,gaba,0.8369565217391305,2
VLPl4_dorsal,PLP003,gaba,gaba,0.8351648351648352,3
VLPl4_dorsal,SLP002,gaba,gaba,0.8255813953488372,8
VLPp&l1__prim,AVLP571,acetylcholine,acetylcholine,1.0,2
VLPp&l1__prim,AVLP572,acetylcholine,acetylcholine,1.0,2
VLPp&l1__prim,AVLP573,acetylcholine,acetylcholine,1.0,2
VLPp&l1__prim,AVLP574,acetylcholine,acetylcholine,1.0,4
VLPp&l1__prim,AVLP575,acetylcholine,acetylcholine,1.0,2
VLPp&l1__prim,AVLP576,acetylcholine,acetylcholine,1.0,2
VLPp&l1__prim,AVLP577,acetylcholine,acetylcholine,1.0,4
VLPp&l1__prim,AVLP578,acetylcholine,acetylcholine,1.0,2
VLPp&l1_anterior,#41810,gaba,gaba,1.0,1
VLPp&l1_anterior,#43433,gaba,gaba,1.0,1
VLPp&l1_anterior,#44522,gaba,gaba,1.0,1
VLPp&l1_anterior,#44801,gaba,gaba,1.0,1
VLPp&l1_anterior,#50078,gaba,gaba,1.0,1
VLPp&l1_anterior,#51363,gaba,gaba,1.0,1
VLPp&l1_anterior,#51773,gaba,gaba,1.0,1
VLPp&l1_anterior,#52338,gaba,gaba,1.0,1
VLPp&l1_anterior,#53431,gaba,gaba,1.0,1
VLPp&l1_anterior,AVLP465,gaba,gaba,1.0,16
VLPp&l1_anterior,AVLP469,gaba,gaba,1.0,9
VLPp&l1_anterior,CB0154,gaba,gaba,1.0,1
VLPp&l1_anterior,CB1527,gaba,gaba,1.0,5
VLPp&l1_anterior,CB1632,gaba,gaba,1.0,2
VLPp&l1_anterior,CB2251,gaba,gaba,1.0,5
VLPp&l1_anterior,CB2396,gaba,gaba,1.0,5
VLPp&l1_anterior,CB3528,gaba,gaba,1.0,3
VLPp&l1_anterior,CB4117,gaba,gaba,1.0,5
VLPp&l1_anterior,CL127,gaba,gaba,1.0,4
VLPp&l1_anterior,CL128_a,gaba,gaba,1.0,2
VLPp&l1_anterior,CL128_b,gaba,gaba,1.0,2
VLPp&l1_anterior,CL128_c,gaba,gaba,1.0,2
VLPp&l1_anterior,CL128_d,gaba,gaba,1.0,2
VLPp&l1_anterior,CL128_e,gaba,gaba,1.0,2
VLPp&l1_anterior,CL128_f,gaba,gaba,1.0,2
VLPp&l1_anterior,CL128a,gaba,gaba,1.0,4
VLPp&l1_anterior,LHPV2c1_a,gaba,gaba,1.0,4
VLPp&l1_anterior,LHPV2c4,gaba,gaba,1.0,4
VLPp&l1_anterior,LHPV2e1_a,gaba,gaba,1.0,10
VLPp&l1_anterior,LoVP33,gaba,gaba,1.0,6
VLPp&l1_anterior,PLP084,gaba,gaba,1.0,2
VLPp&l1_anterior,PLP085,gaba,gaba,1.0,4
VLPp&l1_anterior,PLP086,gaba,gaba,1.0,9
VLPp&l1_anterior,PLP087,gaba,gaba,1.0,4
VLPp&l1_anterior,PLP089,gaba,gaba,1.0,7
VLPp&l1_anterior,PVLP094,gaba,gaba,1.0,2
VLPp&l1_anterior,PVLP096,gaba,gaba,1.0,4
VLPp&l1_anterior,PVLP097,gaba,gaba,1.0,14
VLPp&l1_anterior,PVLP098,gaba,gaba,1.0,8
VLPp&l1_anterior,PVLP099,gaba,gaba,1.0,8
VLPp&l1_anterior,PVLP100,gaba,gaba,1.0,3
VLPp&l1_anterior,PVLP101,gaba,gaba,1.0,8
VLPp&l1_anterior,PVLP102,gaba,gaba,1.0,2
VLPp&l1_anterior,PVLP103,gaba,gaba,1.0,7
VLPp&l1_anterior,PVLP104,gaba,gaba,1.0,4
VLPp&l1_anterior,PVLP105,gaba,gaba,1.0,5
VLPp&l1_lateral,LC40,acetylcholine,acetylcholine,1.0,34
VLPp&l1_lateral,LC41,acetylcholine,acetylcholine,1.0,13
VLPp&l1_lateral,LC43,acetylcholine,acetylcholine,1.0,14
VLPp&l1_lateral,LC44,acetylcholine,acetylcholine,1.0,5
VLPp&l1_lateral,LPT101,acetylcholine,acetylcholine,1.0,11
VLPp&l1_lateral,LoVP10,acetylcholine,acetylcholine,1.0,15
VLPp&l1_lateral,LoVP11,acetylcholine,acetylcholine,1.0,8
VLPp&l1_posterior,LAL140,gaba,gaba,0.9302325581395349,2
VLPp&l1_posterior,LAL142,gaba,gaba,0.9302325581395349,2
VLPp&l1_posterior,LPT114,gaba,gaba,0.9090909090909091,22
VLPp&l1_posterior,LPT115,gaba,gaba,0.926829268292683,6
VLPp&l1_posterior,LPT116,gaba,gaba,0.922077922077922,11
VLPp&l1_posterior,LPT53,gaba,gaba,0.9302325581395349,2
VLPp&l1_posterior,LT40,gaba,gaba,0.9302325581395349,2
VLPp&l1_posterior,LT41,gaba,gaba,0.9302325581395349,2
VLPp&l1_posterior,LT43,gaba,gaba,0.9285714285714286,4
VLPp&l1_posterior,LoVC15,gaba,gaba,0.926829268292683,6
VLPp&l1_posterior,LoVC17,gaba,gaba,0.927710843373494,5
VLPp&l1_posterior,PLP169,acetylcholine,gaba,0.9534883720930233,2
VLPp&l1_posterior,PLP172,gaba,gaba,0.9240506329113924,9
VLPp&l1_posterior,PLP173,gaba,gaba,0.9294117647058824,3
VLPp&l1_posterior,PS178,gaba,gaba,0.9302325581395349,2
VLPp&l1_posterior,VES063,acetylcholine,gaba,0.9761904761904762,4
VLPp&l1_posterior,WED121,gaba,gaba,0.9302325581395349,2
VLPp&l1_posterior,WED122,gaba,gaba,0.9302325581395349,2
VLPp1,#106563,glutamate,glutamate,0.9795918367346939,1
VLPp1,AVLP541,glutamate,glutamate,0.9775280898876404,10
VLPp1,AVLP542,gaba,glutamate,1.0,2
VLPp1,AVLP545,glutamate,glutamate,0.979381443298969,2
VLPp1,AVLP546,glutamate,glutamate,0.979381443298969,2
VLPp1,AVLP547,glutamate,glutamate,0.979381443298969,2
VLPp1,AVLP548_d,glutamate,glutamate,0.9789473684210527,4
VLPp1,AVLP548_e,glutamate,glutamate,0.9789473684210527,4
VLPp1,AVLP548_f1,glutamate,glutamate,0.979381443298969,2
VLPp1,AVLP548_f2,glutamate,glutamate,0.979381443298969,2
VLPp1,AVLP549,glutamate,glutamate,0.9787234042553191,5
VLPp1,AVLP550_a,glutamate,glutamate,0.9789473684210527,4
VLPp1,AVLP550_b,glutamate,glutamate,0.9787234042553191,5
VLPp1,AVLP550b,glutamate,glutamate,0.978494623655914,6
VLPp1,AVLP551,glutamate,glutamate,0.978494623655914,6
VLPp1,AVLP552,glutamate,glutamate,0.979381443298969,2
VLPp1,AVLP555,glutamate,glutamate,0.9791666666666666,3
VLPp1,AVLP557,glutamate,glutamate,0.9789473684210527,4
VLPp1,AVLP558,glutamate,glutamate,0.978494623655914,6
VLPp1,AVLP559,glutamate,glutamate,0.978021978021978,8
VLPp1,CB1549,glutamate,glutamate,0.9789473684210527,4
VLPp1,CB1714,glutamate,glutamate,0.979381443298969,2
VLPp1,CB1959,glutamate,glutamate,0.979381443298969,2
VLPp1,CB2086,glutamate,glutamate,0.9795918367346939,1
VLPp1,CB2374,glutamate,glutamate,0.979381443298969,2
VLPp1,CB3384,glutamate,glutamate,0.979381443298969,2
VLPp1,CB3619,glutamate,glutamate,0.979381443298969,2
VLPp1,CB3863,glutamate,glutamate,0.979381443298969,2
VLPp1,PLP170,glutamate,glutamate,0.979381443298969,2
VPNd1,LC22,acetylcholine,acetylcholine,1.0,73
VPNd1,LC29,acetylcholine,acetylcholine,1.0,40
VPNd1,LPLC1,acetylcholine,acetylcholine,1.0,134
VPNd1,LPLC2,acetylcholine,acetylcholine,1.0,185
VPNd1,LPLC4,acetylcholine,acetylcholine,1.0,97
VPNd2,LC10a,acetylcholine,acetylcholine,0.9941002949852508,275
VPNd2,LC10b,acetylcholine,acetylcholine,0.9953379953379954,95
VPNd2,LC10c-1,acetylcholine,acetylcholine,0.9951397326852977,130
VPNd2,LC10c-2,acetylcholine,acetylcholine,0.9951690821256038,125
VPNd2,LC10d,acetylcholine,acetylcholine,0.9945872801082544,214
VPNd2,LC10e,acetylcholine,acetylcholine,0.9952550415183867,110
VPNd2,LoVP76,glutamate,acetylcholine,1.0,4
VPNl&d1_dorsal,CB1389,acetylcholine,acetylcholine,1.0,6
VPNl&d1_dorsal,CB1629,acetylcholine,acetylcholine,1.0,6
VPNl&d1_dorsal,CB1909,acetylcholine,acetylcholine,1.0,8
VPNl&d1_dorsal,CB2047,acetylcholine,acetylcholine,1.0,7
VPNl&d1_dorsal,CB2051,acetylcholine,acetylcholine,1.0,6
VPNl&d1_dorsal,CB2089,acetylcholine,acetylcholine,1.0,6
VPNl&d1_dorsal,CB2744,acetylcholine,acetylcholine,1.0,5
VPNl&d1_dorsal,CB2823,acetylcholine,acetylcholine,1.0,8
VPNl&d1_dorsal,CB4100,acetylcholine,acetylcholine,1.0,10
VPNl&d1_dorsal,LHAV5a1,acetylcholine,acetylcholine,1.0,4
VPNl&d1_dorsal,LHAV5a10_b,acetylcholine,acetylcholine,1.0,2
VPNl&d1_dorsal,LHAV5a2_a1,acetylcholine,acetylcholine,1.0,9
VPNl&d1_dorsal,LHAV5a2_a2,acetylcholine,acetylcholine,1.0,8
VPNl&d1_dorsal,LHAV5a2_a3,acetylcholine,acetylcholine,1.0,11
VPNl&d1_dorsal,LHAV5a2_a4,acetylcholine,acetylcholine,1.0,10
VPNl&d1_dorsal,LHAV5a2_b,acetylcholine,acetylcholine,1.0,6
VPNl&d1_dorsal,LHAV5a2_d,acetylcholine,acetylcholine,1.0,2
VPNl&d1_dorsal,LHAV5a4_a,acetylcholine,acetylcholine,1.0,3
VPNl&d1_dorsal,LHAV5a4_c,acetylcholine,acetylcholine,1.0,4
VPNl&d1_dorsal,LHAV5a6_a,acetylcholine,acetylcholine,1.0,4
VPNl&d1_dorsal,LHAV5a6_b,acetylcholine,acetylcholine,1.0,6
VPNl&d1_dorsal,LHAV5a8,acetylcholine,acetylcholine,1.0,6
VPNl&d1_dorsal,LHAV5a9_a,acetylcholine,acetylcholine,1.0,4
VPNl&d1_dorsal,LHAV5b1,acetylcholine,acetylcholine,1.0,4
VPNl&d1_dorsal,LHAV5b2,acetylcholine,acetylcholine,1.0,4
VPNl&d1_dorsal,LHAV5c1,acetylcholine,acetylcholine,1.0,4
VPNp&v1_posterior,#45513,glutamate,gaba,0.6211699164345403,1
VPNp&v1_posterior,#45678,glutamate,gaba,0.6211699164345403,1
VPNp&v1_posterior,#46393,glutamate,gaba,0.6211699164345403,1
VPNp&v1_posterior,#46960,glutamate,gaba,0.6211699164345403,1
VPNp&v1_posterior,#48218,glutamate,gaba,0.6211699164345403,1
VPNp&v1_posterior,#51999,glutamate,gaba,0.6211699164345403,1
VPNp&v1_posterior,#54445,glutamate,gaba,0.6211699164345403,1
VPNp&v1_posterior,#68887,glutamate,gaba,0.6211699164345403,1
VPNp&v1_posterior,#73249,glutamate,gaba,0.6211699164345403,1
VPNp&v1_posterior,#914363,glutamate,gaba,0.6211699164345403,1
VPNp&v1_posterior,AVLP480,gaba,gaba,0.6107954545454546,8
VPNp&v1_posterior,AVLP481,gaba,gaba,0.6107954545454546,8
VPNp&v1_posterior,AVLP486,gaba,gaba,0.6096866096866097,9
VPNp&v1_posterior,AVLP487,gaba,gaba,0.61731843575419,2
VPNp&v1_posterior,AVLP560,acetylcholine,gaba,0.6281690140845071,5
VPNp&v1_posterior,CB0280,acetylcholine,gaba,0.6229050279329609,2
VPNp&v1_posterior,CB1447,gaba,gaba,0.6129943502824858,6
VPNp&v1_posterior,CB1774,gaba,gaba,0.6162464985994398,3
VPNp&v1_posterior,CB2151,gaba,gaba,0.6151685393258427,4
VPNp&v1_posterior,CB2922,gaba,gaba,0.61731843575419,2
VPNp&v1_posterior,CL252,gaba,gaba,0.6129943502824858,6
VPNp&v1_posterior,CL253,gaba,gaba,0.6129943502824858,6
VPNp&v1_posterior,CL254,acetylcholine,gaba,0.6299435028248588,6
VPNp&v1_posterior,CL255,acetylcholine,gaba,0.6281690140845071,5
VPNp&v1_posterior,LC36,acetylcholine,gaba,0.6798780487804879,32
VPNp&v1_posterior,LHPV2a1_a,gaba,gaba,0.6129943502824858,6
VPNp&v1_posterior,LHPV2a1_c,gaba,gaba,0.6107954545454546,8
VPNp&v1_posterior,LHPV2a1_d,gaba,gaba,0.6140845070422535,5
VPNp&v1_posterior,LHPV2a1_e,gaba,gaba,0.6162464985994398,3
VPNp&v1_posterior,LHPV2a2,gaba,gaba,0.61731843575419,2
VPNp&v1_posterior,LHPV2a3,gaba,gaba,0.6140845070422535,5
VPNp&v1_posterior,LHPV2a4,gaba,gaba,0.6129943502824858,6
VPNp&v1_posterior,LHPV2a5,gaba,gaba,0.6140845070422535,5
VPNp&v1_posterior,LHPV2b1,gaba,gaba,0.6140845070422535,5
VPNp&v1_posterior,LHPV2b2_a,gaba,gaba,0.6085714285714285,10
VPNp&v1_posterior,LHPV2b3,gaba,gaba,0.6040462427745664,14
VPNp&v1_posterior,LHPV2b4,gaba,gaba,0.6129943502824858,6
VPNp&v1_posterior,LHPV2b5,gaba,gaba,0.6140845070422535,5
VPNp&v1_posterior,LHPV2d1,gaba,gaba,0.6151685393258427,4
VPNp&v1_posterior,LT67,acetylcholine,gaba,0.6229050279329609,2
VPNp&v1_posterior,LoVP16,acetylcholine,gaba,0.6389684813753582,11
VPNp&v1_posterior,LoVP17,acetylcholine,gaba,0.6335227272727273,8
VPNp&v1_posterior,LoVP41,acetylcholine,gaba,0.6229050279329609,2
VPNp&v1_posterior,LoVP57,acetylcholine,gaba,0.6229050279329609,2
VPNp&v1_posterior,LoVP59,acetylcholine,gaba,0.6229050279329609,2
VPNp&v1_posterior,LoVP66,acetylcholine,gaba,0.6229050279329609,2
VPNp&v1_posterior,LoVP68,acetylcholine,gaba,0.6229050279329609,2
VPNp&v1_posterior,LoVP69,acetylcholine,gaba,0.6229050279329609,2
VPNp&v1_posterior,LoVP71,acetylcholine,gaba,0.6264044943820225,4
VPNp&v1_posterior,LoVP72,acetylcholine,gaba,0.6229050279329609,2
VPNp&v1_posterior,LoVP75,acetylcholine,gaba,0.6281690140845071,5
VPNp&v1_posterior,MB-C1,gaba,gaba,0.6140845070422535,5
VPNp&v1_posterior,PLP149,gaba,gaba,0.6151685393258427,4
VPNp&v1_posterior,PLP150,acetylcholine,gaba,0.6389684813753582,11
VPNp&v1_posterior,PLP154,acetylcholine,gaba,0.6229050279329609,2
VPNp&v1_posterior,PLP155,acetylcholine,gaba,0.6299435028248588,6
VPNp&v1_posterior,PLP156,acetylcholine,gaba,0.6264044943820225,4
VPNp&v1_posterior,PLP158,gaba,gaba,0.6085714285714285,10
VPNp&v1_posterior,PLP159,gaba,gaba,0.6151685393258427,4
VPNp&v1_posterior,PLP160,gaba,gaba,0.6118980169971672,7
VPNp&v1_posterior,PLP171,gaba,gaba,0.61731843575419,2
VPNp&v1_posterior,PVLP108,acetylcholine,gaba,0.6264044943820225,4
VPNp&v1_posterior,PVLP109,acetylcholine,gaba,0.6264044943820225,4
VPNp&v1_posterior,PVLP110,gaba,gaba,0.6151685393258427,4
VPNp&v1_posterior,PVLP111,gaba,gaba,0.6096866096866097,9
VPNp&v1_posterior,PVLP112,gaba,gaba,0.6107954545454546,8
VPNp&v1_posterior,PVLP113,gaba,gaba,0.6118980169971672,7
VPNp&v1_posterior,VLP_TBD1,acetylcholine,gaba,0.6229050279329609,2
VPNp&v1_posterior,WED106,gaba,gaba,0.6151685393258427,4
VPNp&v1_posterior,WEDPN6A,gaba,gaba,0.6107954545454546,8
VPNp&v1_posterior,WEDPN6B,gaba,gaba,0.6107954545454546,8
VPNp&v1_posterior,WEDPN6C,gaba,gaba,0.6140845070422535,5
VPNp&v1_ventral,CL282,glutamate,glutamate,1.0,4
VPNp&v1_ventral,CL283_a,glutamate,glutamate,1.0,6
VPNp&v1_ventral,CL283_b,glutamate,glutamate,1.0,3
VPNp&v1_ventral,CL283_c,glutamate,glutamate,1.0,4
VPNp&v1_ventral,CL315,glutamate,glutamate,1.0,2
VPNp&v1_ventral,IB059_a,glutamate,glutamate,1.0,2
VPNp&v1_ventral,IB059_b,glutamate,glutamate,1.0,2
VPNp&v1_ventral,LC37,glutamate,glutamate,1.0,15
VPNp&v1_ventral,LC39a,glutamate,glutamate,1.0,6
VPNp&v1_ventral,LC39b,glutamate,glutamate,1.0,2
VPNp&v1_ventral,LT73,glutamate,glutamate,1.0,3
VPNp&v1_ventral,LT74,glutamate,glutamate,1.0,6
VPNp&v1_ventral,LT77,glutamate,glutamate,1.0,6
VPNp&v1_ventral,LT78,glutamate,glutamate,1.0,8
VPNp&v1_ventral,LoVP40,glutamate,glutamate,1.0,2
VPNp&v1_ventral,LoVP61,glutamate,glutamate,1.0,4
VPNp&v1_ventral,LoVP94,glutamate,glutamate,1.0,2
VPNp&v1_ventral,LoVP95,glutamate,glutamate,1.0,2
VPNp&v1_ventral,LoVP99,glutamate,glutamate,1.0,2
VPNp&v1_ventral,PLP157,glutamate,glutamate,1.0,6
VPNp&v1_ventral,PLP180,glutamate,glutamate,1.0,6
VPNp&v1_ventral,PLP181,glutamate,glutamate,1.0,6
VPNp&v1_ventral,PLP182,glutamate,glutamate,1.0,12
VPNp&v1_ventral,PLP184,glutamate,glutamate,1.0,2
VPNp&v1_ventral,PLP185,glutamate,glutamate,1.0,4
VPNp&v1_ventral,PLP186,glutamate,glutamate,1.0,4
VPNp1_lateral,LC14a-1,acetylcholine,acetylcholine,1.0,30
VPNp1_lateral,LC14a-2,acetylcholine,acetylcholine,1.0,15
VPNp1_lateral,LC14b,acetylcholine,acetylcholine,1.0,43
VPNp1_lateral,LC19,acetylcholine,acetylcholine,1.0,14
VPNp1_lateral,LC23,acetylcholine,acetylcholine,1.0,11
VPNp1_lateral,LT81,acetylcholine,acetylcholine,1.0,11
VPNp1_lateral,LoVP92,acetylcholine,acetylcholine,1.0,13
VPNp1_lateral,LoVP93,acetylcholine,acetylcholine,1.0,12
VPNp1_medial,LHPV3a1,acetylcholine,acetylcholine,1.0,4
VPNp1_medial,LHPV3a2,acetylcholine,acetylcholine,1.0,5
VPNp1_medial,LHPV3a3_b,acetylcholine,acetylcholine,1.0,9
VPNp1_medial,LHPV3b1_a,acetylcholine,acetylcholine,1.0,5
VPNp1_medial,LHPV3b1_b,acetylcholine,acetylcholine,1.0,6
VPNp1_medial,PLP187,acetylcholine,acetylcholine,1.0,6
VPNp1_medial,PLP188,acetylcholine,acetylcholine,1.0,10
VPNp1_medial,PLP189,acetylcholine,acetylcholine,1.0,6
VPNp1_medial,PLP190,acetylcholine,acetylcholine,1.0,6
VPNp1_medial,PLP191,acetylcholine,acetylcholine,1.0,6
VPNp1_medial,PLP192,acetylcholine,acetylcholine,1.0,8
VPNp1_medial,PVLP133,acetylcholine,acetylcholine,1.0,24
VPNp1_medial,PVLP134,acetylcholine,acetylcholine,1.0,4
WEDa2,CB0086,gaba,gaba,0.9381443298969072,1
WEDa2,CB0259,acetylcholine,gaba,0.9481865284974094,2
WEDa2,CB0316,acetylcholine,gaba,0.9481865284974094,2
WEDa2,CB3453,gaba,gaba,0.9378238341968912,2
WEDa2,LAL048,gaba,gaba,0.9351351351351351,10
WEDa2,PLP015,gaba,gaba,0.93717277486911,4
WEDa2,PLP017,gaba,gaba,0.93717277486911,4
WEDa2,PLP020,gaba,gaba,0.9378238341968912,2
WEDa2,PLP021,acetylcholine,gaba,0.9581151832460733,4
WEDa2,PLP022,gaba,gaba,0.9378238341968912,2
WEDa2,PLP023,gaba,gaba,0.93717277486911,4
WEDa2,PLP025,gaba,gaba,0.9344262295081968,12
WEDa2,PLP026,gaba,gaba,0.9358288770053476,8
WEDa2,PS048_a,acetylcholine,gaba,0.9481865284974094,2
WEDa2,PS048_b,acetylcholine,gaba,0.9481865284974094,2
WEDa2,PS054,gaba,gaba,0.93717277486911,4
WEDa2,PS055,gaba,gaba,0.9354838709677419,9
WEDa2,VES010,gaba,gaba,0.9378238341968912,2
WEDa2,WED023,gaba,gaba,0.9365079365079365,6
WEDa2,WED024,gaba,gaba,0.93717277486911,4
WEDa2,WED025,gaba,gaba,0.9365079365079365,6
WEDa2,WED026,gaba,gaba,0.9365079365079365,6
WEDa2,WED028,gaba,gaba,0.9365079365079365,6
WEDa2,WED030_a,gaba,gaba,0.9344262295081968,12
WEDa2,WED030_b,gaba,gaba,0.9344262295081968,12
WEDa2,WED031,gaba,gaba,0.9354838709677419,9
WEDa2,WED032,gaba,gaba,0.9358288770053476,8
WEDa2,WED033,gaba,gaba,0.9337016574585635,14
WEDa2,WED26,gaba,gaba,0.93717277486911,4
WEDa2,WEDPN1A,gaba,gaba,0.9351351351351351,10
WEDa2,WEDPN1B,gaba,gaba,0.9378238341968912,2
WEDa2,WEDPN2A,gaba,gaba,0.9365079365079365,6
WEDa2,WEDPN2B_a,gaba,gaba,0.9378238341968912,2
WEDa2,WEDPN2B_b,gaba,gaba,0.9378238341968912,2
WEDa2,WEDPN3,gaba,gaba,0.9365079365079365,6
WEDa2,WEDPN4,gaba,gaba,0.9378238341968912,2
WEDa2,WEDPN5,gaba,gaba,0.9378238341968912,2
WEDd1,CB1131,acetylcholine,acetylcholine,0.9896907216494846,5
WEDd1,CB1268,acetylcholine,acetylcholine,0.9893617021276596,11
WEDd1,CB1407,acetylcholine,acetylcholine,0.9898477157360406,2
WEDd1,CB1849,acetylcholine,acetylcholine,0.9897435897435898,4
WEDd1,CB1977,acetylcholine,acetylcholine,0.9898477157360406,2
WEDd1,CB2309,acetylcholine,acetylcholine,0.9897435897435898,4
WEDd1,CB2497,acetylcholine,acetylcholine,0.9897435897435898,4
WEDd1,CB2710,acetylcholine,acetylcholine,0.98989898989899,1
WEDd1,CB3316,acetylcholine,acetylcholine,0.9898477157360406,2
WEDd1,CB4182,acetylcholine,acetylcholine,0.98989898989899,1
WEDd1,DNa01,acetylcholine,acetylcholine,0.9898477157360406,2
WEDd1,DNa02,acetylcholine,acetylcholine,0.9898477157360406,2
WEDd1,DNa03,acetylcholine,acetylcholine,0.9898477157360406,2
WEDd1,DNa04,acetylcholine,acetylcholine,0.9898477157360406,2
WEDd1,DNa05,acetylcholine,acetylcholine,0.9898477157360406,2
WEDd1,DNa06,acetylcholine,acetylcholine,0.9898477157360406,2
WEDd1,DNa07,acetylcholine,acetylcholine,0.9898477157360406,2
WEDd1,DNa08,acetylcholine,acetylcholine,0.9898477157360406,2
WEDd1,DNa09,acetylcholine,acetylcholine,0.9898477157360406,2
WEDd1,DNa10,acetylcholine,acetylcholine,0.9898477157360406,2
WEDd1,DNa11,acetylcholine,acetylcholine,0.9898477157360406,2
WEDd1,DNa13,acetylcholine,acetylcholine,0.9897435897435898,4
WEDd1,DNa14,acetylcholine,acetylcholine,0.9898477157360406,2
WEDd1,DNa15,acetylcholine,acetylcholine,0.9898477157360406,2
WEDd1,DNa16,acetylcholine,acetylcholine,0.9898477157360406,2
WEDd1,DNae001,acetylcholine,acetylcholine,0.9898477157360406,2
WEDd1,DNae002,acetylcholine,acetylcholine,0.9898477157360406,2
WEDd1,DNae003,acetylcholine,acetylcholine,0.9898477157360406,2
WEDd1,DNae004,acetylcholine,acetylcholine,0.9898477157360406,2
WEDd1,DNae005,acetylcholine,acetylcholine,0.9898477157360406,2
WEDd1,DNae006,acetylcholine,acetylcholine,0.9898477157360406,2
WEDd1,DNae007,acetylcholine,acetylcholine,0.9898477157360406,2
WEDd1,DNae008,acetylcholine,acetylcholine,0.9898477157360406,2
WEDd1,DNae009,acetylcholine,acetylcholine,0.9898477157360406,2
WEDd1,DNae010,acetylcholine,acetylcholine,0.9898477157360406,2
WEDd1,IB005,gaba,acetylcholine,1.0,2
WEDd1,PS041,acetylcholine,acetylcholine,0.9898477157360406,2
WEDd1,PS042,acetylcholine,acetylcholine,0.9896373056994818,6
WEDd1,SAD001,acetylcholine,acetylcholine,0.9894179894179894,10
WEDd1,SAD003,acetylcholine,acetylcholine,0.9896373056994818,6
WEDd1,SAD004,acetylcholine,acetylcholine,0.9894179894179894,10
WEDd1,SAD005,acetylcholine,acetylcholine,0.9896907216494846,5
WEDd1,SAD006,acetylcholine,acetylcholine,0.9896373056994818,6
WEDd1,SAD007,acetylcholine,acetylcholine,0.9895287958115183,8
WEDd1,SAD008,acetylcholine,acetylcholine,0.9896373056994818,6
WEDd1,SAD009,acetylcholine,acetylcholine,0.9897959183673469,3
WEDd1,WED004,acetylcholine,acetylcholine,0.9894179894179894,10
WEDd1,WEDPN14,acetylcholine,acetylcholine,0.9896373056994818,6
WEDd1,WEDPN8B,acetylcholine,acetylcholine,0.9893617021276596,11
WEDd1,WEDPN8C,acetylcholine,acetylcholine,0.989247311827957,13
WEDd1,WEDPN8D,acetylcholine,acetylcholine,0.9896907216494846,5
WEDd1,aSP22,acetylcholine,acetylcholine,0.9898477157360406,2
WEDd2,AMMC002,gaba,gaba,0.8947368421052632,8
WEDd2,CB0142,gaba,gaba,0.9047619047619048,2
WEDd2,CB0390,gaba,gaba,0.9047619047619048,2
WEDd2,CB1055,gaba,gaba,0.8928571428571429,9
WEDd2,CB1056,glutamate,gaba,1.0,6
WEDd2,WED074,gaba,gaba,0.9016393442622951,4
WEDd2,WED077,gaba,gaba,0.9016393442622951,4
WEDd2,WED078,gaba,gaba,0.9047619047619048,2
WEDd2,WED079,gaba,gaba,0.9047619047619048,2
WEDd2,WED080,gaba,gaba,0.9047619047619048,2
WEDd2,WED081,gaba,gaba,0.9047619047619048,2
WEDd2,WED082,gaba,gaba,0.9016393442622951,4
WEDd2,WED083,gaba,gaba,0.9047619047619048,2
WEDd2,WED084,gaba,gaba,0.9047619047619048,2
WEDd2,WED085,gaba,gaba,0.9047619047619048,2
WEDd2,WED197,gaba,gaba,0.9047619047619048,2
WEDd2,WED198,gaba,gaba,0.9047619047619048,2
WEDd2,WED199,gaba,gaba,0.9047619047619048,2
WEDd2,WED200,gaba,gaba,0.9047619047619048,2
WEDd2,WEDPN10A,gaba,gaba,0.9047619047619048,2
WEDd2,WEDPN10B,gaba,gaba,0.9047619047619048,2
no_lineage,CRE008,glutamate,gaba,0.8526315789473684,2
no_lineage,CRE009,acetylcholine,gaba,0.8526315789473684,2
no_lineage,CRE010,glutamate,gaba,0.8526315789473684,2
no_lineage,LHAV6b1,acetylcholine,gaba,0.8526315789473684,2
no_lineage,LPT111,gaba,gaba,0.6703296703296703,101
no_lineage,LPT112,gaba,gaba,0.803921568627451,39
no_lineage,LPT113,gaba,gaba,0.8235294117647058,22
no_lineage,LoVP65,acetylcholine,gaba,0.8526315789473684,2
no_lineage,SLP341_b,acetylcholine,gaba,0.8526315789473684,2
no_lineage,VS,acetylcholine,gaba,0.9310344827586207,18
primary,DNp44,acetylcholine,gaba,0.6,2
primary,LHAV2d1,acetylcholine,gaba,0.6,2
primary,LHCENT1,gaba,gaba,0.5333333333333333,2
primary,LHCENT11,acetylcholine,gaba,0.6,2
primary,LHCENT2,gaba,gaba,0.5333333333333333,2
primary,LHCENT3,gaba,gaba,0.5333333333333333,2
primary,LHCENT4,glutamate,gaba,0.6,2
primary,LHCENT5,gaba,gaba,0.5333333333333333,2
primary,LHCENT6,gaba,gaba,0.5333333333333333,2
primary,LHCENT8,gaba,gaba,0.5,4
primary,LHCENT9,gaba,gaba,0.5333333333333333,2
primary,LHPV12a1,gaba,gaba,0.5333333333333333,2
primary,MDN,acetylcholine,gaba,0.6428571428571429,4
primary,aMe23,glutamate,gaba,0.6,2
putative_primary,#106227,acetylcholine,acetylcholine,0.4957836580401279,1
putative_primary,#10793,acetylcholine,acetylcholine,0.4957836580401279,1
putative_primary,#14160,gaba,acetylcholine,0.49607444024425706,1
putative_primary,#14550,acetylcholine,acetylcholine,0.4957836580401279,1
putative_primary,#14773,acetylcholine,acetylcholine,0.4957836580401279,1
putative_primary,#15247,acetylcholine,acetylcholine,0.4957836580401279,1
putative_primary,#16382,gaba,acetylcholine,0.49607444024425706,1
putative_primary,#16656,acetylcholine,acetylcholine,0.4957836580401279,1
putative_primary,#16762,acetylcholine,acetylcholine,0.4957836580401279,1
putative_primary,#17539,gaba,acetylcholine,0.49607444024425706,1
putative_primary,#17565,glutamate,acetylcholine,0.49607444024425706,1
putative_primary,#17809,acetylcholine,acetylcholine,0.4957836580401279,1
putative_primary,#18697,acetylcholine,acetylcholine,0.4957836580401279,1
putative_primary,#18841,acetylcholine,acetylcholine,0.4957836580401279,1
putative_primary,#19866,acetylcholine,acetylcholine,0.4957836580401279,1
putative_primary,#20140,glutamate,acetylcholine,0.49607444024425706,1
putative_primary,#22183,acetylcholine,acetylcholine,0.4957836580401279,1
putative_primary,#26568,acetylcholine,acetylcholine,0.4957836580401279,1
putative_primary,#27961,gaba,acetylcholine,0.49607444024425706,1
putative_primary,#28469,acetylcholine,acetylcholine,0.4957836580401279,1
putative_primary,#43331,glutamate,acetylcholine,0.49607444024425706,1
putative_primary,#49147,acetylcholine,acetylcholine,0.4957836580401279,1
putative_primary,#505721,acetylcholine,acetylcholine,0.4957836580401279,1
putative_primary,#517410,gaba,acetylcholine,0.49607444024425706,1
putative_primary,#523047,acetylcholine,acetylcholine,0.4957836580401279,1
putative_primary,#523474,acetylcholine,acetylcholine,0.4957836580401279,1
putative_primary,#524046,gaba,acetylcholine,0.49607444024425706,1
putative_primary,#559014,glutamate,acetylcholine,0.49607444024425706,1
putative_primary,#66819,acetylcholine,acetylcholine,0.4957836580401279,1
putative_primary,#87629,acetylcholine,acetylcholine,0.4957836580401279,1
putative_primary,5-HTPLP01,glutamate,acetylcholine,0.49621873182082604,2
putative_primary,AL-AST1,acetylcholine,acetylcholine,0.49549025312772765,3
putative_primary,AL-MBDL1,acetylcholine,acetylcholine,0.4956369982547993,2
putative_primary,ALIN2,acetylcholine,acetylcholine,0.4956369982547993,2
putative_primary,ALIN4,gaba,acetylcholine,0.49621873182082604,2
putative_primary,ALIN5,gaba,acetylcholine,0.49621873182082604,2
putative_primary,ALIN6,gaba,acetylcholine,0.49621873182082604,2
putative_primary,ALIN7,gaba,acetylcholine,0.49621873182082604,2
putative_primary,ALIN8,acetylcholine,acetylcholine,0.4956369982547993,2
putative_primary,ALON1,acetylcholine,acetylcholine,0.4956369982547993,2
putative_primary,ALON2,acetylcholine,acetylcholine,0.4956369982547993,2
putative_primary,ALON3,glutamate,acetylcholine,0.49650756693830034,4
putative_primary,AMMC-A1,acetylcholine,acetylcholine,0.49504950495049505,6
putative_primary,AMMC013,acetylcholine,acetylcholine,0.4956369982547993,2
putative_primary,AOTU011,glutamate,acetylcholine,0.49650756693830034,4
putative_primary,AOTU012,acetylcholine,acetylcholine,0.4956369982547993,2
putative_primary,AOTU013,acetylcholine,acetylcholine,0.4956369982547993,2
putative_primary,AOTU014,acetylcholine,acetylcholine,0.4956369982547993,2
putative_primary,AOTU019,gaba,acetylcholine,0.49621873182082604,2
putative_primary,AOTU023,acetylcholine,acetylcholine,0.4956369982547993,2
putative_primary,AOTU028,acetylcholine,acetylcholine,0.4956369982547993,2
putative_primary,AOTU033,acetylcholine,acetylcholine,0.4956369982547993,2
putative_primary,AOTU035,glutamate,acetylcholine,0.49621873182082604,2
putative_primary,AOTU041,gaba,acetylcholine,0.49650756693830034,4
putative_primary,AOTU042,gaba,acetylcholine,0.49650756693830034,4
putative_primary,AOTU046,glutamate,acetylcholine,0.49650756693830034,4
putative_primary,AOTU047,glutamate,acetylcholine,0.49621873182082604,2
putative_primary,AOTU063_a,glutamate,acetylcholine,0.49621873182082604,2
putative_primary,AOTU063_b,glutamate,acetylcholine,0.49621873182082604,2
putative_primary,AOTU064,gaba,acetylcholine,0.49621873182082604,2
putative_primary,AOTU065,acetylcholine,acetylcholine,0.4956369982547993,2
putative_primary,APL,gaba,acetylcholine,0.49621873182082604,2
putative_primary,ATL006,acetylcholine,acetylcholine,0.4956369982547993,2
putative_primary,ATL008,glutamate,acetylcholine,0.49621873182082604,2
putative_primary,ATL011,glutamate,acetylcholine,0.49621873182082604,2
putative_primary,ATL012,acetylcholine,acetylcholine,0.49534342258440045,4
putative_primary,ATL014,glutamate,acetylcholine,0.49621873182082604,2
putative_primary,ATL015,acetylcholine,acetylcholine,0.4956369982547993,2
putative_primary,ATL016,glutamate,acetylcholine,0.49621873182082604,2
putative_primary,ATL017,glutamate,acetylcholine,0.49621873182082604,2
putative_primary,ATL018,acetylcholine,acetylcholine,0.49534342258440045,4
putative_primary,ATL022,acetylcholine,acetylcholine,0.4956369982547993,2
putative_primary,ATL023,glutamate,acetylcholine,0.49621873182082604,2
putative_primary,ATL033,glutamate,acetylcholine,0.49621873182082604,2
putative_primary,ATL034,glutamate,acetylcholine,0.49621873182082604,2
putative_primary,ATL035,glutamate,acetylcholine,0.49621873182082604,2
putative_primary,ATL036,glutamate,acetylcholine,0.49621873182082604,2
putative_primary,ATL037,acetylcholine,acetylcholine,0.4956369982547993,2
putative_primary,ATL038,acetylcholine,acetylcholine,0.4956369982547993,2
putative_primary,ATL039,acetylcholine,acetylcholine,0.4956369982547993,2
putative_primary,ATL040,glutamate,acetylcholine,0.49621873182082604,2
putative_primary,ATL041,acetylcholine,acetylcholine,0.4956369982547993,2
putative_primary,ATL044,acetylcholine,acetylcholine,0.4956369982547993,2
putative_primary,AVLP001,gaba,acetylcholine,0.49621873182082604,2
putative_primary,AVLP015,glutamate,acetylcholine,0.49621873182082604,2
putative_primary,AVLP016,glutamate,acetylcholine,0.49621873182082604,2
putative_primary,AVLP017,glutamate,acetylcholine,0.49621873182082604,2
putative_primary,AVLP018,acetylcholine,acetylcholine,0.4956369982547993,2
putative_primary,AVLP019,acetylcholine,acetylcholine,0.4956369982547993,2
putative_primary,AVLP020,glutamate,acetylcholine,0.49621873182082604,2
putative_primary,AVLP021,acetylcholine,acetylcholine,0.4956369982547993,2
putative_primary,AVLP023,acetylcholine,acetylcholine,0.4956369982547993,2
putative_primary,AVLP024_a,acetylcholine,acetylcholine,0.4956369982547993,2
putative_primary,AVLP024_b,acetylcholine,acetylcholine,0.4956369982547993,2
putative_primary,AVLP024_c,acetylcholine,acetylcholine,0.4956369982547993,2
putative_primary,AVLP025,acetylcholine,acetylcholine,0.4956369982547993,2
putative_primary,AVLP029,gaba,acetylcholine,0.49621873182082604,2
putative_primary,AVLP030,gaba,acetylcholine,0.49607444024425706,1
putative_primary,AVLP031,gaba,acetylcholine,0.49621873182082604,2
putative_primary,AVLP032,acetylcholine,acetylcholine,0.4956369982547993,2
putative_primary,AVLP053,acetylcholine,acetylcholine,0.4956369982547993,2
putative_primary,AVLP075,glutamate,acetylcholine,0.49621873182082604,2
putative_primary,AVLP076,gaba,acetylcholine,0.49621873182082604,2
putative_primary,AVLP077,gaba,acetylcholine,0.49621873182082604,2
putative_primary,AVLP078,glutamate,acetylcholine,0.49621873182082604,2
putative_primary,AVLP079,gaba,acetylcholine,0.49621873182082604,2
putative_primary,AVLP080,gaba,acetylcholine,0.49621873182082604,2
putative_primary,AVLP081,gaba,acetylcholine,0.49621873182082604,2
putative_primary,AVLP082,gaba,acetylcholine,0.49621873182082604,2
putative_primary,AVLP083,gaba,acetylcholine,0.49607444024425706,1
putative_primary,AVLP084,gaba,acetylcholine,0.49621873182082604,2
putative_primary,AVLP085,gaba,acetylcholine,0.49621873182082604,2
putative_primary,AVLP086,gaba,acetylcholine,0.49621873182082604,2
putative_primary,AVLP087,glutamate,acetylcholine,0.49621873182082604,2
putative_primary,AVLP088,glutamate,acetylcholine,0.49621873182082604,2
putative_primary,AVLP089,glutamate,acetylcholine,0.49650756693830034,4
putative_primary,AVLP091,gaba,acetylcholine,0.49621873182082604,2
putative_primary,AVLP159,acetylcholine,acetylcholine,0.4956369982547993,2
putative_primary,AVLP209,gaba,acetylcholine,0.49621873182082604,2
putative_primary,AVLP213,gaba,acetylcholine,0.49621873182082604,2
putative_primary,AVLP215,gaba,acetylcholine,0.49621873182082604,2
putative_primary,AVLP216,gaba,acetylcholine,0.49621873182082604,2
putative_primary,AVLP217,acetylcholine,acetylcholine,0.4956369982547993,2
putative_primary,AVLP218_a,acetylcholine,acetylcholine,0.4956369982547993,2
putative_primary,AVLP218_b,acetylcholine,acetylcholine,0.49534342258440045,4
putative_primary,AVLP219_a,acetylcholine,acetylcholine,0.49534342258440045,4
putative_primary,AVLP219_b,acetylcholine,acetylcholine,0.49534342258440045,4
putative_primary,AVLP219_c,acetylcholine,acetylcholine,0.49504950495049505,6
putative_primary,AVLP251,gaba,acetylcholine,0.49621873182082604,2
putative_primary,AVLP266,acetylcholine,acetylcholine,0.4956369982547993,2
putative_primary,AVLP267,acetylcholine,acetylcholine,0.4956369982547993,2
putative_primary,AVLP280,acetylcholine,acetylcholine,0.4956369982547993,2
putative_primary,AVLP281,acetylcholine,acetylcholine,0.4956369982547993,2
putative_primary,AVLP289,acetylcholine,acetylcholine,0.4956369982547993,2
putative_primary,AVLP314,acetylcholine,acetylcholine,0.4956369982547993,2
putative_primary,AVLP315,acetylcholine,acetylcholine,0.4956369982547993,2
putative_primary,AVLP316,acetylcholine,acetylcholine,0.49504950495049505,6
putative_primary,AVLP342,acetylcholine,acetylcholine,0.4956369982547993,2
putative_primary,AVLP369,acetylcholine,acetylcholine,0.4956369982547993,2
putative_primary,AVLP370_a,acetylcholine,acetylcholine,0.4956369982547993,2
putative_primary,AVLP370_b,acetylcholine,acetylcholine,0.4956369982547993,2
putative_primary,AVLP371,acetylcholine,acetylcholine,0.4956369982547993,2
putative_primary,AVLP396,acetylcholine,acetylcholine,0.4956369982547993,2
putative_primary,AVLP397,acetylcholine,acetylcholine,0.4956369982547993,2
putative_primary,AVLP398,acetylcholine,acetylcholine,0.4956369982547993,2
putative_primary,AVLP428,glutamate,acetylcholine,0.49621873182082604,2
putative_primary,AVLP429,acetylcholine,acetylcholine,0.4956369982547993,2
putative_primary,AVLP432,acetylcholine,acetylcholine,0.4956369982547993,2
putative_primary,AVLP435_a,acetylcholine,acetylcholine,0.4956369982547993,2
putative_primary,AVLP435_b,acetylcholine,acetylcholine,0.4956369982547993,2
putative_primary,AVLP442,acetylcholine,acetylcholine,0.4956369982547993,2
putative_primary,AVLP443,acetylcholine,acetylcholine,0.4956369982547993,2
putative_primary,AVLP444,acetylcholine,acetylcholine,0.49534342258440045,4
putative_primary,AVLP448,acetylcholine,acetylcholine,0.4956369982547993,2
putative_primary,AVLP449,gaba,acetylcholine,0.49621873182082604,2
putative_primary,AVLP464,gaba,acetylcholine,0.49621873182082604,2
putative_primary,AVLP471,glutamate,acetylcholine,0.49650756693830034,4
putative_primary,AVLP474,gaba,acetylcholine,0.49621873182082604,2
putative_primary,AVLP475_a,glutamate,acetylcholine,0.49621873182082604,2
putative_primary,AVLP475_b,glutamate,acetylcholine,0.49621873182082604,2
putative_primary,AVLP477,acetylcholine,acetylcholine,0.4956369982547993,2
putative_primary,AVLP478,gaba,acetylcholine,0.49621873182082604,2
putative_primary,AVLP479,gaba,acetylcholine,0.49650756693830034,4
putative_primary,AVLP488,acetylcholine,acetylcholine,0.49534342258440045,4
putative_primary,AVLP490,gaba,acetylcholine,0.49650756693830034,4
putative_primary,AVLP491,acetylcholine,acetylcholine,0.4956369982547993,2
putative_primary,AVLP498,acetylcholine,acetylcholine,0.4956369982547993,2
putative_primary,AVLP500,acetylcholine,acetylcholine,0.4956369982547993,2
putative_primary,AVLP501,acetylcholine,acetylcholine,0.4956369982547993,2
putative_primary,AVLP502,acetylcholine,acetylcholine,0.4956369982547993,2
putative_primary,AVLP506,acetylcholine,acetylcholine,0.4956369982547993,2
putative_primary,AVLP509,acetylcholine,acetylcholine,0.4956369982547993,2
putative_primary,AVLP520,acetylcholine,acetylcholine,0.4956369982547993,2
putative_primary,AVLP531,gaba,acetylcholine,0.49621873182082604,2
putative_primary,AVLP533,gaba,acetylcholine,0.49621873182082604,2
putative_primary,AVLP534,acetylcholine,acetylcholine,0.4956369982547993,2
putative_primary,AVLP535,gaba,acetylcholine,0.49621873182082604,2
putative_primary,AVLP536,glutamate,acetylcholine,0.49621873182082604,2
putative_primary,AVLP537,glutamate,acetylcholine,0.49621873182082604,2
putative_primary,AVLP539,glutamate,acetylcholine,0.49621873182082604,2
putative_primary,AVLP543,acetylcholine,acetylcholine,0.4956369982547993,2
putative_primary,AVLP544,gaba,acetylcholine,0.49621873182082604,2
putative_primary,AVLP565,acetylcholine,acetylcholine,0.4956369982547993,2
putative_primary,AVLP566,acetylcholine,acetylcholine,0.49534342258440045,4
putative_primary,AVLP590,glutamate,acetylcholine,0.49621873182082604,2
putative_primary,AVLP591,acetylcholine,acetylcholine,0.4956369982547993,2
putative_primary,AVLP592,acetylcholine,acetylcholine,0.4956369982547993,2
putative_primary,AVLP595,acetylcholine,acetylcholine,0.4956369982547993,2
putative_primary,AVLP596,acetylcholine,acetylcholine,0.4956369982547993,2
putative_primary,AVLP600,acetylcholine,acetylcholine,0.49534342258440045,4
putative_primary,AVLP612,acetylcholine,acetylcholine,0.4956369982547993,2
putative_primary,AVLP613,glutamate,acetylcholine,0.49621873182082604,2
putative_primary,AVLP614,gaba,acetylcholine,0.49621873182082604,2
putative_primary,AVLP709m,acetylcholine,acetylcholine,0.49475524475524474,8
putative_primary,AVLP710m,gaba,acetylcholine,0.49621873182082604,2
putative_primary,AVLP712m,glutamate,acetylcholine,0.49621873182082604,2
putative_primary,AVLP751m,acetylcholine,acetylcholine,0.4956369982547993,2
putative_primary,AVLP758m,acetylcholine,acetylcholine,0.4956369982547993,2
putative_primary,AstA1,gaba,acetylcholine,0.49621873182082604,2
putative_primary,CB0024,glutamate,acetylcholine,0.49621873182082604,2
putative_primary,CB0029,acetylcholine,acetylcholine,0.4956369982547993,2
putative_primary,CB0046,gaba,acetylcholine,0.49621873182082604,2
putative_primary,CB0090,gaba,acetylcholine,0.49621873182082604,2
putative_primary,CB0121,gaba,acetylcholine,0.49621873182082604,2
putative_primary,CB0197,gaba,acetylcholine,0.49621873182082604,2
putative_primary,CB0204,gaba,acetylcholine,0.49621873182082604,2
putative_primary,CB0224,gaba,acetylcholine,0.49621873182082604,2
putative_primary,CB0244,acetylcholine,acetylcholine,0.4956369982547993,2
putative_primary,CB0431,acetylcholine,acetylcholine,0.4956369982547993,2
putative_primary,CB0466,gaba,acetylcholine,0.49621873182082604,2
putative_primary,CB0492,gaba,acetylcholine,0.49621873182082604,2
putative_primary,CB0510,glutamate,acetylcholine,0.49621873182082604,2
putative_primary,CB0540,gaba,acetylcholine,0.49621873182082604,2
putative_primary,CB0582,gaba,acetylcholine,0.49621873182082604,2
putative_primary,CB0629,gaba,acetylcholine,0.49621873182082604,2
putative_primary,CB0630,acetylcholine,acetylcholine,0.4956369982547993,2
putative_primary,CB0633,glutamate,acetylcholine,0.49621873182082604,2
putative_primary,CB0645,acetylcholine,acetylcholine,0.4956369982547993,2
putative_primary,CB0657,acetylcholine,acetylcholine,0.4956369982547993,2
putative_primary,CB0670,acetylcholine,acetylcholine,0.4956369982547993,2
putative_primary,CB0677,gaba,acetylcholine,0.49621873182082604,2
putative_primary,CB0682,gaba,acetylcholine,0.49621873182082604,2
putative_primary,CB0683,acetylcholine,acetylcholine,0.4957836580401279,1
putative_primary,CB0734,acetylcholine,acetylcholine,0.49534342258440045,4
putative_primary,CB0751,glutamate,acetylcholine,0.49650756693830034,4
putative_primary,CB0758,gaba,acetylcholine,0.49650756693830034,4
putative_primary,CB1017,acetylcholine,acetylcholine,0.49534342258440045,4
putative_primary,CB2685,acetylcholine,acetylcholine,0.4940180916253283,13
putative_primary,CB3676,glutamate,acetylcholine,0.49621873182082604,2
putative_primary,CB4183,acetylcholine,acetylcholine,0.49534342258440045,4
putative_primary,CL001,glutamate,acetylcholine,0.49621873182082604,2
putative_primary,CL002,glutamate,acetylcholine,0.49621873182082604,2
putative_primary,CL003,glutamate,acetylcholine,0.49621873182082604,2
putative_primary,CL007,acetylcholine,acetylcholine,0.4956369982547993,2
putative_primary,CL021,acetylcholine,acetylcholine,0.4956369982547993,2
putative_primary,CL029_a,glutamate,acetylcholine,0.49621873182082604,2
putative_primary,CL029_b,glutamate,acetylcholine,0.49621873182082604,2
putative_primary,CL030,glutamate,acetylcholine,0.49650756693830034,4
putative_primary,CL031,glutamate,acetylcholine,0.49621873182082604,2
putative_primary,CL032,glutamate,acetylcholine,0.49621873182082604,2
putative_primary,CL036,glutamate,acetylcholine,0.49621873182082604,2
putative_primary,CL053,acetylcholine,acetylcholine,0.4956369982547993,2
putative_primary,CL057,acetylcholine,acetylcholine,0.4956369982547993,2
putative_primary,CL063,gaba,acetylcholine,0.49621873182082604,2
putative_primary,CL064,gaba,acetylcholine,0.49621873182082604,2
putative_primary,CL065,acetylcholine,acetylcholine,0.4956369982547993,2
putative_primary,CL066,gaba,acetylcholine,0.49621873182082604,2
putative_primary,CL068,gaba,acetylcholine,0.49621873182082604,2
putative_primary,CL092,acetylcholine,acetylcholine,0.4956369982547993,2
putative_primary,CL093,acetylcholine,acetylcholine,0.4956369982547993,2
putative_primary,CL094,acetylcholine,acetylcholine,0.4956369982547993,2
putative_primary,CL095,acetylcholine,acetylcholine,0.4956369982547993,2
putative_primary,CL096,acetylcholine,acetylcholine,0.4956369982547993,2
putative_primary,CL107,acetylcholine,acetylcholine,0.4956369982547993,2
putative_primary,CL108,acetylcholine,acetylcholine,0.4956369982547993,2
putative_primary,CL109,acetylcholine,acetylcholine,0.4956369982547993,2
putative_primary,CL110,acetylcholine,acetylcholine,0.4956369982547993,2
putative_primary,CL111,acetylcholine,acetylcholine,0.4956369982547993,2
putative_primary,CL115,gaba,acetylcholine,0.49621873182082604,2
putative_primary,CL126,glutamate,acetylcholine,0.49621873182082604,2
putative_primary,CL129,acetylcholine,acetylcholine,0.4956369982547993,2
putative_primary,CL130,acetylcholine,acetylcholine,0.4956369982547993,2
putative_primary,CL131,acetylcholine,acetylcholine,0.49534342258440045,4
putative_primary,CL135,acetylcholine,acetylcholine,0.4956369982547993,2
putative_primary,CL136,acetylcholine,acetylcholine,0.4956369982547993,2
putative_primary,CL140,gaba,acetylcholine,0.49621873182082604,2
putative_primary,CL149,acetylcholine,acetylcholine,0.4956369982547993,2
putative_primary,CL151,acetylcholine,acetylcholine,0.4956369982547993,2
putative_primary,CL199,acetylcholine,acetylcholine,0.4956369982547993,2
putative_primary,CL200,acetylcholine,acetylcholine,0.4956369982547993,2
putative_primary,CL201,acetylcholine,acetylcholine,0.4956369982547993,2
putative_primary,CL211,acetylcholine,acetylcholine,0.4956369982547993,2
putative_primary,CL212,acetylcholine,acetylcholine,0.4956369982547993,2
putative_primary,CL213,acetylcholine,acetylcholine,0.4956369982547993,2
putative_primary,CL214,glutamate,acetylcholine,0.49621873182082604,2
putative_primary,CL215,acetylcholine,acetylcholine,0.49534342258440045,4
putative_primary,CL234,glutamate,acetylcholine,0.49650756693830034,4
putative_primary,CL235,glutamate,acetylcholine,0.49679673849737915,6
putative_primary,CL244,acetylcholine,acetylcholine,0.4956369982547993,2
putative_primary,CL246,gaba,acetylcholine,0.49621873182082604,2
putative_primary,CL248,gaba,acetylcholine,0.49621873182082604,2
putative_primary,CL249,acetylcholine,acetylcholine,0.4956369982547993,2
putative_primary,CL251,acetylcholine,acetylcholine,0.4956369982547993,2
putative_primary,CL256,acetylcholine,acetylcholine,0.4956369982547993,2
putative_primary,CL257,acetylcholine,acetylcholine,0.4956369982547993,2
putative_primary,CL258,acetylcholine,acetylcholine,0.49534342258440045,4
putative_primary,CL263,acetylcholine,acetylcholine,0.4956369982547993,2
putative_primary,CL264,acetylcholine,acetylcholine,0.4956369982547993,2
putative_primary,CL286,acetylcholine,acetylcholine,0.4956369982547993,2
putative_primary,CL287,gaba,acetylcholine,0.49621873182082604,2
putative_primary,CL288,gaba,acetylcholine,0.49621873182082604,2
putative_primary,CL314,gaba,acetylcholine,0.49621873182082604,2
putative_primary,CL316,gaba,acetylcholine,0.49621873182082604,2
putative_primary,CL317,glutamate,acetylcholine,0.49621873182082604,2
putative_primary,CL318,gaba,acetylcholine,0.49621873182082604,2
putative_primary,CL326,acetylcholine,acetylcholine,0.4956369982547993,2
putative_primary,CL327,acetylcholine,acetylcholine,0.4956369982547993,2
putative_primary,CL340,acetylcholine,acetylcholine,0.49534342258440045,4
putative_primary,CL356,acetylcholine,acetylcholine,0.49534342258440045,4
putative_primary,CL359,acetylcholine,acetylcholine,0.49534342258440045,4
putative_primary,CL361,acetylcholine,acetylcholine,0.4956369982547993,2
putative_primary,CL362,acetylcholine,acetylcholine,0.4956369982547993,2
putative_primary,CL364,glutamate,acetylcholine,0.49621873182082604,2
putative_primary,CL366,gaba,acetylcholine,0.49621873182082604,2
putative_primary,CL368,glutamate,acetylcholine,0.49621873182082604,2
putative_primary,CRE004,acetylcholine,acetylcholine,0.4956369982547993,2
putative_primary,CRE005,acetylcholine,acetylcholine,0.49534342258440045,4
putative_primary,CRE006,glutamate,acetylcholine,0.49621873182082604,2
putative_primary,CRE007,glutamate,acetylcholine,0.49621873182082604,2
putative_primary,CRE011,acetylcholine,acetylcholine,0.4956369982547993,2
putative_primary,CRE012,gaba,acetylcholine,0.49621873182082604,2
putative_primary,CRE013,gaba,acetylcholine,0.49621873182082604,2
putative_primary,CRE021,gaba,acetylcholine,0.49621873182082604,2
putative_primary,CRE022,glutamate,acetylcholine,0.49621873182082604,2
putative_primary,CRE023,glutamate,acetylcholine,0.49621873182082604,2
putative_primary,CRE024,acetylcholine,acetylcholine,0.4956369982547993,2
putative_primary,CRE025,glutamate,acetylcholine,0.49621873182082604,2
putative_primary,CRE040,gaba,acetylcholine,0.49621873182082604,2
putative_primary,CRE041,gaba,acetylcholine,0.49621873182082604,2
putative_primary,CRE042,gaba,acetylcholine,0.49621873182082604,2
putative_primary,CRE048,glutamate,acetylcholine,0.49621873182082604,2
putative_primary,CRE050,glutamate,acetylcholine,0.49621873182082604,2
putative_primary,CRE069,acetylcholine,acetylcholine,0.4956369982547993,2
putative_primary,CRE071,acetylcholine,acetylcholine,0.4956369982547993,2
putative_primary,CRE074,glutamate,acetylcholine,0.49621873182082604,2
putative_primary,CRE075,glutamate,acetylcholine,0.49621873182082604,2
putative_primary,CRE076,acetylcholine,acetylcholine,0.4956369982547993,2
putative_primary,CRE100,gaba,acetylcholine,0.49621873182082604,2
putative_primary,CRE102,glutamate,acetylcholine,0.49621873182082604,2
putative_primary,CRE106,acetylcholine,acetylcholine,0.49534342258440045,4
putative_primary,CRE107,glutamate,acetylcholine,0.49621873182082604,2
putative_primary,CRE108,acetylcholine,acetylcholine,0.4956369982547993,2
putative_primary,DCH,gaba,acetylcholine,0.49621873182082604,2
putative_primary,DGI,glutamate,acetylcholine,0.49621873182082604,2
putative_primary,DN1a,glutamate,acetylcholine,0.49650756693830034,4
putative_primary,DN1pA,glutamate,acetylcholine,0.4970862470862471,8
putative_primary,DN1pB,glutamate,acetylcholine,0.49650756693830034,4
putative_primary,DNb01,glutamate,acetylcholine,0.49621873182082604,2
putative_primary,DNb02,glutamate,acetylcholine,0.49650756693830034,4
putative_primary,DNb03,acetylcholine,acetylcholine,0.49534342258440045,4
putative_primary,DNb04,glutamate,acetylcholine,0.49621873182082604,2
putative_primary,DNb05,acetylcholine,acetylcholine,0.4956369982547993,2
putative_primary,DNb06,acetylcholine,acetylcholine,0.4956369982547993,2
putative_primary,DNb07,glutamate,acetylcholine,0.49621873182082604,2
putative_primary,DNb08,acetylcholine,acetylcholine,0.49534342258440045,4
putative_primary,DNb09,glutamate,acetylcholine,0.49621873182082604,2
putative_primary,DNbe001,acetylcholine,acetylcholine,0.4956369982547993,2
putative_primary,DNbe002,acetylcholine,acetylcholine,0.49534342258440045,4
putative_primary,DNbe003,acetylcholine,acetylcholine,0.4956369982547993,2
putative_primary,DNbe004,glutamate,acetylcholine,0.49621873182082604,2
putative_primary,DNbe005,glutamate,acetylcholine,0.49621873182082604,2
putative_primary,DNbe006,acetylcholine,acetylcholine,0.4956369982547993,2
putative_primary,DNbe007,acetylcholine,acetylcholine,0.4956369982547993,2
putative_primary,DNd01,glutamate,acetylcholine,0.49650756693830034,4
putative_primary,DNd03,glutamate,acetylcholine,0.49621873182082604,2
putative_primary,DNd05,acetylcholine,acetylcholine,0.4956369982547993,2
putative_primary,DNde001,glutamate,acetylcholine,0.49621873182082604,2
putative_primary,DNde002,acetylcholine,acetylcholine,0.4956369982547993,2
putative_primary,DNde003,acetylcholine,acetylcholine,0.49534342258440045,4
putative_primary,DNde005,acetylcholine,acetylcholine,0.4956369982547993,2
putative_primary,DNde006,glutamate,acetylcholine,0.49621873182082604,2
putative_primary,DNde007,glutamate,acetylcholine,0.49621873182082604,2
putative_primary,DNg100,acetylcholine,acetylcholine,0.4956369982547993,2
putative_primary,DNg101,acetylcholine,acetylcholine,0.4956369982547993,2
putative_primary,DNg102,gaba,acetylcholine,0.49650756693830034,4
putative_primary,DNg103,gaba,acetylcholine,0.49621873182082604,2
putative_primary,DNg107,acetylcholine,acetylcholine,0.4956369982547993,2
putative_primary,DNg108,gaba,acetylcholine,0.49621873182082604,2
putative_primary,DNg14,acetylcholine,acetylcholine,0.4956369982547993,2
putative_primary,DNg15,acetylcholine,acetylcholine,0.4956369982547993,2
putative_primary,DNg17,acetylcholine,acetylcholine,0.4956369982547993,2
putative_primary,DNg22,acetylcholine,acetylcholine,0.4956369982547993,2
putative_primary,DNg27,glutamate,acetylcholine,0.49621873182082604,2
putative_primary,DNg35,acetylcholine,acetylcholine,0.4956369982547993,2
putative_primary,DNg37,acetylcholine,acetylcholine,0.4956369982547993,2
putative_primary,DNg38,gaba,acetylcholine,0.49621873182082604,2
putative_primary,DNg41,glutamate,acetylcholine,0.49621873182082604,2
putative_primary,DNg47,acetylcholine,acetylcholine,0.4956369982547993,2
putative_primary,DNg48,acetylcholine,acetylcholine,0.4956369982547993,2
putative_primary,DNg49,gaba,acetylcholine,0.49621873182082604,2
putative_primary,DNg58,acetylcholine,acetylcholine,0.4956369982547993,2
putative_primary,DNg61,acetylcholine,acetylcholine,0.4956369982547993,2
putative_primary,DNg63,acetylcholine,acetylcholine,0.4956369982547993,2
putative_primary,DNg67,acetylcholine,acetylcholine,0.4956369982547993,2
putative_primary,DNg73,acetylcholine,acetylcholine,0.4956369982547993,2
putative_primary,DNg75,acetylcholine,acetylcholine,0.4956369982547993,2
putative_primary,DNg77,acetylcholine,acetylcholine,0.4956369982547993,2
putative_primary,DNg78,acetylcholine,acetylcholine,0.4956369982547993,2
putative_primary,DNg81,gaba,acetylcholine,0.49621873182082604,2
putative_primary,DNg93,gaba,acetylcholine,0.49621873182082604,2
putative_primary,DNge002,acetylcholine,acetylcholine,0.4956369982547993,2
putative_primary,DNge003,acetylcholine,acetylcholine,0.4956369982547993,2
putative_primary,DNge004,glutamate,acetylcholine,0.49621873182082604,2
putative_primary,DNge011,acetylcholine,acetylcholine,0.4956369982547993,2
putative_primary,DNge022,acetylcholine,acetylcholine,0.4956369982547993,2
putative_primary,DNge026,glutamate,acetylcholine,0.49621873182082604,2
putative_primary,DNge027,acetylcholine,acetylcholine,0.4956369982547993,2
putative_primary,DNge031,gaba,acetylcholine,0.49621873182082604,2
putative_primary,DNge035,acetylcholine,acetylcholine,0.4956369982547993,2
putative_primary,DNge036,acetylcholine,acetylcholine,0.4956369982547993,2
putative_primary,DNge039,acetylcholine,acetylcholine,0.4956369982547993,2
putative_primary,DNge042,acetylcholine,acetylcholine,0.4956369982547993,2
putative_primary,DNge044,acetylcholine,acetylcholine,0.4956369982547993,2
putative_primary,DNge048,acetylcholine,acetylcholine,0.4956369982547993,2
putative_primary,DNge049,acetylcholine,acetylcholine,0.4956369982547993,2
putative_primary,DNge050,acetylcholine,acetylcholine,0.4956369982547993,2
putative_primary,DNge051,gaba,acetylcholine,0.49621873182082604,2
putative_primary,DNge053,acetylcholine,acetylcholine,0.4956369982547993,2
putative_primary,DNge054,gaba,acetylcholine,0.49621873182082604,2
putative_primary,DNge055,glutamate,acetylcholine,0.49621873182082604,2
putative_primary,DNge056,acetylcholine,acetylcholine,0.4956369982547993,2
putative_primary,DNge058,acetylcholine,acetylcholine,0.4956369982547993,2
putative_primary,DNge059,acetylcholine,acetylcholine,0.4956369982547993,2
putative_primary,DNge060,glutamate,acetylcholine,0.49621873182082604,2
putative_primary,DNge062,acetylcholine,acetylcholine,0.4956369982547993,2
putative_primary,DNge063,gaba,acetylcholine,0.49621873182082604,2
putative_primary,DNge064,glutamate,acetylcholine,0.49621873182082604,2
putative_primary,DNge065,gaba,acetylcholine,0.49621873182082604,2
putative_primary,DNge067,gaba,acetylcholine,0.49621873182082604,2
putative_primary,DNge068,glutamate,acetylcholine,0.49621873182082604,2
putative_primary,DNge074,acetylcholine,acetylcholine,0.4956369982547993,2
putative_primary,DNge075,acetylcholine,acetylcholine,0.4956369982547993,2
putative_primary,DNge076,gaba,acetylcholine,0.49621873182082604,2
putative_primary,DNge077,acetylcholine,acetylcholine,0.4956369982547993,2
putative_primary,DNge079,gaba,acetylcholine,0.49621873182082604,2
putative_primary,DNge080,acetylcholine,acetylcholine,0.4956369982547993,2
putative_primary,DNge081,acetylcholine,acetylcholine,0.4956369982547993,2
putative_primary,DNge083,glutamate,acetylcholine,0.49621873182082604,2
putative_primary,DNge119,glutamate,acetylcholine,0.49621873182082604,2
putative_primary,DNge128,gaba,acetylcholine,0.49621873182082604,2
putative_primary,DNge134,glutamate,acetylcholine,0.49621873182082604,2
putative_primary,DNge137,acetylcholine,acetylcholine,0.49549025312772765,3
putative_primary,DNge143,gaba,acetylcholine,0.49621873182082604,2
putative_primary,DNge146,gaba,acetylcholine,0.49621873182082604,2
putative_primary,DNge148,acetylcholine,acetylcholine,0.4956369982547993,2
putative_primary,DNp01,acetylcholine,acetylcholine,0.4956369982547993,2
putative_primary,DNp03,acetylcholine,acetylcholine,0.4956369982547993,2
putative_primary,DNp103,acetylcholine,acetylcholine,0.4956369982547993,2
putative_primary,DNp11,acetylcholine,acetylcholine,0.4956369982547993,2
putative_primary,DNp12,acetylcholine,acetylcholine,0.4956369982547993,2
putative_primary,DNp14,acetylcholine,acetylcholine,0.4956369982547993,2
putative_primary,DNp15,acetylcholine,acetylcholine,0.4956369982547993,2
putative_primary,DNp18,acetylcholine,acetylcholine,0.4956369982547993,2
putative_primary,DNp19,acetylcholine,acetylcholine,0.4956369982547993,2
putative_primary,DNp20,acetylcholine,acetylcholine,0.4956369982547993,2
putative_primary,DNp21,acetylcholine,acetylcholine,0.4956369982547993,2
putative_primary,DNp22,acetylcholine,acetylcholine,0.4956369982547993,2
putative_primary,DNp24,gaba,acetylcholine,0.49621873182082604,2
putative_primary,DNp28,acetylcholine,acetylcholine,0.4956369982547993,2
putative_primary,DNp30,glutamate,acetylcholine,0.49621873182082604,2
putative_primary,DNp33,acetylcholine,acetylcholine,0.4956369982547993,2
putative_primary,DNp34,acetylcholine,acetylcholine,0.4956369982547993,2
putative_primary,DNp39,acetylcholine,acetylcholine,0.4956369982547993,2
putative_primary,DNp41,acetylcholine,acetylcholine,0.49534342258440045,4
putative_primary,DNp45,acetylcholine,acetylcholine,0.4956369982547993,2
putative_primary,DNp47,acetylcholine,acetylcholine,0.4956369982547993,2
putative_primary,"DNp51,DNpe019",acetylcholine,acetylcholine,0.49534342258440045,4
putative_primary,DNp52,acetylcholine,acetylcholine,0.4956369982547993,2
putative_primary,DNp53,acetylcholine,acetylcholine,0.4956369982547993,2
putative_primary,DNp54,gaba,acetylcholine,0.49621873182082604,2
putative_primary,DNp55,acetylcholine,acetylcholine,0.4956369982547993,2
putative_primary,DNp56,acetylcholine,acetylcholine,0.4956369982547993,2
putative_primary,DNp57,acetylcholine,acetylcholine,0.4956369982547993,2
putative_primary,DNp59,gaba,acetylcholine,0.49621873182082604,2
putative_primary,DNp65,gaba,acetylcholine,0.49621873182082604,2
putative_primary,DNpe001,acetylcholine,acetylcholine,0.4956369982547993,2
putative_primary,DNpe002,acetylcholine,acetylcholine,0.4956369982547993,2
putative_primary,DNpe003,acetylcholine,acetylcholine,0.49534342258440045,4
putative_primary,DNpe004,acetylcholine,acetylcholine,0.49534342258440045,4
putative_primary,DNpe005,acetylcholine,acetylcholine,0.4956369982547993,2
putative_primary,DNpe013,acetylcholine,acetylcholine,0.4956369982547993,2
putative_primary,DNpe014,acetylcholine,acetylcholine,0.49534342258440045,4
putative_primary,DNpe017,acetylcholine,acetylcholine,0.4956369982547993,2
putative_primary,DNpe020,acetylcholine,acetylcholine,0.4956369982547993,2
putative_primary,DNpe023,acetylcholine,acetylcholine,0.4956369982547993,2
putative_primary,DNpe025,acetylcholine,acetylcholine,0.4956369982547993,2
putative_primary,DNpe026,acetylcholine,acetylcholine,0.4956369982547993,2
putative_primary,DNpe027,acetylcholine,acetylcholine,0.4956369982547993,2
putative_primary,DNpe028,acetylcholine,acetylcholine,0.4956369982547993,2
putative_primary,DNpe031,glutamate,acetylcholine,0.49650756693830034,4
putative_primary,DNpe032,acetylcholine,acetylcholine,0.4956369982547993,2
putative_primary,DNpe040,acetylcholine,acetylcholine,0.4956369982547993,2
putative_primary,DNpe042,acetylcholine,acetylcholine,0.4956369982547993,2
putative_primary,DNpe053,acetylcholine,acetylcholine,0.4956369982547993,2
putative_primary,DNpe055,acetylcholine,acetylcholine,0.4956369982547993,2
putative_primary,DNpe056,acetylcholine,acetylcholine,0.4956369982547993,2
putative_primary,ExR5,glutamate,acetylcholine,0.49650756693830034,4
putative_primary,FB4K,glutamate,acetylcholine,0.49650756693830034,4
putative_primary,FB4N,glutamate,acetylcholine,0.49621873182082604,2
putative_primary,FB4X,glutamate,acetylcholine,0.49621873182082604,2
putative_primary,FB5A,gaba,acetylcholine,0.49650756693830034,4
putative_primary,FB6M,glutamate,acetylcholine,0.49650756693830034,4
putative_primary,FLA016,acetylcholine,acetylcholine,0.4956369982547993,2
putative_primary,FLA017,gaba,acetylcholine,0.49621873182082604,2
putative_primary,FLA019,glutamate,acetylcholine,0.49621873182082604,2
putative_primary,FLA020,glutamate,acetylcholine,0.49621873182082604,2
putative_primary,GNG001,gaba,acetylcholine,0.49607444024425706,1
putative_primary,GNG006,gaba,acetylcholine,0.49607444024425706,1
putative_primary,GNG011,gaba,acetylcholine,0.49621873182082604,2
putative_primary,GNG014,acetylcholine,acetylcholine,0.4956369982547993,2
putative_primary,GNG015,gaba,acetylcholine,0.49621873182082604,2
putative_primary,GNG017,gaba,acetylcholine,0.49621873182082604,2
putative_primary,GNG018,acetylcholine,acetylcholine,0.4956369982547993,2
putative_primary,GNG019,acetylcholine,acetylcholine,0.4956369982547993,2
putative_primary,GNG021,acetylcholine,acetylcholine,0.4956369982547993,2
putative_primary,GNG022,glutamate,acetylcholine,0.49621873182082604,2
putative_primary,GNG023,gaba,acetylcholine,0.49621873182082604,2
putative_primary,GNG024,gaba,acetylcholine,0.49621873182082604,2
putative_primary,GNG025,gaba,acetylcholine,0.49621873182082604,2
putative_primary,GNG026,gaba,acetylcholine,0.49621873182082604,2
putative_primary,GNG027,gaba,acetylcholine,0.49621873182082604,2
putative_primary,GNG028,gaba,acetylcholine,0.49621873182082604,2
putative_primary,GNG029,acetylcholine,acetylcholine,0.4956369982547993,2
putative_primary,GNG030,acetylcholine,acetylcholine,0.4956369982547993,2
putative_primary,GNG031,gaba,acetylcholine,0.49621873182082604,2
putative_primary,GNG032,glutamate,acetylcholine,0.49621873182082604,2
putative_primary,GNG035,gaba,acetylcholine,0.49621873182082604,2
putative_primary,GNG036,glutamate,acetylcholine,0.49621873182082604,2
putative_primary,GNG037,acetylcholine,acetylcholine,0.4956369982547993,2
putative_primary,GNG040,acetylcholine,acetylcholine,0.4956369982547993,2
putative_primary,GNG041,gaba,acetylcholine,0.49621873182082604,2
putative_primary,GNG042,gaba,acetylcholine,0.49621873182082604,2
putative_primary,GNG044,acetylcholine,acetylcholine,0.4956369982547993,2
putative_primary,GNG045,glutamate,acetylcholine,0.49621873182082604,2
putative_primary,GNG047,gaba,acetylcholine,0.49621873182082604,2
putative_primary,GNG048,gaba,acetylcholine,0.49621873182082604,2
putative_primary,GNG049,acetylcholine,acetylcholine,0.4956369982547993,2
putative_primary,GNG050,acetylcholine,acetylcholine,0.4956369982547993,2
putative_primary,GNG052,glutamate,acetylcholine,0.49621873182082604,2
putative_primary,GNG053,gaba,acetylcholine,0.49621873182082604,2
putative_primary,GNG054,gaba,acetylcholine,0.49621873182082604,2
putative_primary,GNG058,acetylcholine,acetylcholine,0.4956369982547993,2
putative_primary,GNG061,acetylcholine,acetylcholine,0.4956369982547993,2
putative_primary,GNG062,gaba,acetylcholine,0.49621873182082604,2
putative_primary,GNG063,gaba,acetylcholine,0.49621873182082604,2
putative_primary,GNG064,acetylcholine,acetylcholine,0.4956369982547993,2
putative_primary,GNG065,acetylcholine,acetylcholine,0.4956369982547993,2
putative_primary,GNG068,glutamate,acetylcholine,0.49621873182082604,2
putative_primary,GNG069,glutamate,acetylcholine,0.49621873182082604,2
putative_primary,GNG070,glutamate,acetylcholine,0.49621873182082604,2
putative_primary,GNG071,gaba,acetylcholine,0.49621873182082604,2
putative_primary,GNG072,gaba,acetylcholine,0.49621873182082604,2
putative_primary,GNG073,gaba,acetylcholine,0.49621873182082604,2
putative_primary,GNG074,gaba,acetylcholine,0.49621873182082604,2
putative_primary,GNG076,acetylcholine,acetylcholine,0.4956369982547993,2
putative_primary,GNG077,acetylcholine,acetylcholine,0.4956369982547993,2
putative_primary,GNG078,gaba,acetylcholine,0.49621873182082604,2
putative_primary,GNG079,acetylcholine,acetylcholine,0.4956369982547993,2
putative_primary,GNG080,glutamate,acetylcholine,0.49621873182082604,2
putative_primary,GNG081,acetylcholine,acetylcholine,0.4956369982547993,2
putative_primary,GNG083,gaba,acetylcholine,0.49621873182082604,2
putative_primary,GNG084,acetylcholine,acetylcholine,0.4956369982547993,2
putative_primary,GNG085,gaba,acetylcholine,0.49621873182082604,2
putative_primary,GNG086,acetylcholine,acetylcholine,0.4956369982547993,2
putative_primary,GNG087,glutamate,acetylcholine,0.4963631073610707,3
putative_primary,GNG089,acetylcholine,acetylcholine,0.4956369982547993,2
putative_primary,GNG090,gaba,acetylcholine,0.49621873182082604,2
putative_primary,GNG091,gaba,acetylcholine,0.49621873182082604,2
putative_primary,GNG092,gaba,acetylcholine,0.49621873182082604,2
putative_primary,GNG093,gaba,acetylcholine,0.49621873182082604,2
putative_primary,GNG094,glutamate,acetylcholine,0.49621873182082604,2
putative_primary,GNG095,gaba,acetylcholine,0.49621873182082604,2
putative_primary,GNG097,glutamate,acetylcholine,0.49621873182082604,2
putative_primary,GNG099,gaba,acetylcholine,0.49621873182082604,2
putative_primary,GNG102,gaba,acetylcholine,0.49621873182082604,2
putative_primary,GNG103,gaba,acetylcholine,0.49621873182082604,2
putative_primary,GNG104,acetylcholine,acetylcholine,0.4956369982547993,2
putative_primary,GNG106,acetylcholine,acetylcholine,0.4956369982547993,2
putative_primary,GNG107,gaba,acetylcholine,0.49621873182082604,2
putative_primary,GNG108,acetylcholine,acetylcholine,0.4956369982547993,2
putative_primary,GNG109,gaba,acetylcholine,0.49621873182082604,2
putative_primary,GNG111,glutamate,acetylcholine,0.49621873182082604,2
putative_primary,GNG113,gaba,acetylcholine,0.49621873182082604,2
putative_primary,GNG115,gaba,acetylcholine,0.49621873182082604,2
putative_primary,GNG116,gaba,acetylcholine,0.49621873182082604,2
putative_primary,GNG117,acetylcholine,acetylcholine,0.4956369982547993,2
putative_primary,GNG118,glutamate,acetylcholine,0.49621873182082604,2
putative_primary,GNG120,acetylcholine,acetylcholine,0.4956369982547993,2
putative_primary,GNG123,acetylcholine,acetylcholine,0.4956369982547993,2
putative_primary,GNG124,gaba,acetylcholine,0.49621873182082604,2
putative_primary,GNG125,gaba,acetylcholine,0.49621873182082604,2
putative_primary,GNG127,gaba,acetylcholine,0.49621873182082604,2
putative_primary,GNG128,acetylcholine,acetylcholine,0.4956369982547993,2
putative_primary,GNG129,gaba,acetylcholine,0.49621873182082604,2
putative_primary,GNG130,gaba,acetylcholine,0.49621873182082604,2
putative_primary,GNG131,gaba,acetylcholine,0.49621873182082604,2
putative_primary,GNG132,acetylcholine,acetylcholine,0.4956369982547993,2
putative_primary,GNG135,acetylcholine,acetylcholine,0.4956369982547993,2
putative_primary,GNG136,acetylcholine,acetylcholine,0.4956369982547993,2
putative_primary,GNG139,gaba,acetylcholine,0.49621873182082604,2
putative_primary,GNG140,glutamate,acetylcholine,0.49621873182082604,2
putative_primary,GNG142,acetylcholine,acetylcholine,0.4956369982547993,2
putative_primary,GNG143,acetylcholine,acetylcholine,0.4956369982547993,2
putative_primary,GNG145,gaba,acetylcholine,0.49621873182082604,2
putative_primary,GNG147,glutamate,acetylcholine,0.4963631073610707,3
putative_primary,GNG148,acetylcholine,acetylcholine,0.4956369982547993,2
putative_primary,GNG152,acetylcholine,acetylcholine,0.4956369982547993,2
putative_primary,GNG153,glutamate,acetylcholine,0.49621873182082604,2
putative_primary,GNG154,gaba,acetylcholine,0.49621873182082604,2
putative_primary,GNG155,glutamate,acetylcholine,0.49621873182082604,2
putative_primary,GNG156,acetylcholine,acetylcholine,0.4956369982547993,2
putative_primary,GNG158,acetylcholine,acetylcholine,0.4956369982547993,2
putative_primary,GNG159,acetylcholine,acetylcholine,0.4956369982547993,2
putative_primary,GNG160,glutamate,acetylcholine,0.49621873182082604,2
putative_primary,GNG164,glutamate,acetylcholine,0.49621873182082604,2
putative_primary,GNG166,glutamate,acetylcholine,0.49621873182082604,2
putative_primary,GNG167,acetylcholine,acetylcholine,0.4956369982547993,2
putative_primary,GNG168,glutamate,acetylcholine,0.49621873182082604,2
putative_primary,GNG169,acetylcholine,acetylcholine,0.4956369982547993,2
putative_primary,GNG170,acetylcholine,acetylcholine,0.4956369982547993,2
putative_primary,GNG171,acetylcholine,acetylcholine,0.4956369982547993,2
putative_primary,GNG173,gaba,acetylcholine,0.49621873182082604,2
putative_primary,GNG174,acetylcholine,acetylcholine,0.4956369982547993,2
putative_primary,GNG175,gaba,acetylcholine,0.49621873182082604,2
putative_primary,GNG177,gaba,acetylcholine,0.49621873182082604,2
putative_primary,GNG178,gaba,acetylcholine,0.49621873182082604,2
putative_primary,GNG179,gaba,acetylcholine,0.49621873182082604,2
putative_primary,GNG180,gaba,acetylcholine,0.49621873182082604,2
putative_primary,GNG182,gaba,acetylcholine,0.49621873182082604,2
putative_primary,GNG183,acetylcholine,acetylcholine,0.4956369982547993,2
putative_primary,GNG184,gaba,acetylcholine,0.49621873182082604,2
putative_primary,GNG185,acetylcholine,acetylcholine,0.4956369982547993,2
putative_primary,GNG186,gaba,acetylcholine,0.49621873182082604,2
putative_primary,GNG187,acetylcholine,acetylcholine,0.4956369982547993,2
putative_primary,GNG188,acetylcholine,acetylcholine,0.4956369982547993,2
putative_primary,GNG189,gaba,acetylcholine,0.49621873182082604,2
putative_primary,GNG191,acetylcholine,acetylcholine,0.4956369982547993,2
putative_primary,GNG192,acetylcholine,acetylcholine,0.4956369982547993,2
putative_primary,GNG194,gaba,acetylcholine,0.49621873182082604,2
putative_primary,GNG195,gaba,acetylcholine,0.49621873182082604,2
putative_primary,GNG196,acetylcholine,acetylcholine,0.4956369982547993,2
putative_primary,GNG197,acetylcholine,acetylcholine,0.4956369982547993,2
putative_primary,GNG198,glutamate,acetylcholine,0.4963631073610707,3
putative_primary,GNG199,acetylcholine,acetylcholine,0.4956369982547993,2
putative_primary,GNG200,acetylcholine,acetylcholine,0.4956369982547993,2
putative_primary,GNG204,acetylcholine,acetylcholine,0.4956369982547993,2
putative_primary,GNG205,gaba,acetylcholine,0.49621873182082604,2
putative_primary,GNG206,glutamate,acetylcholine,0.49621873182082604,2
putative_primary,GNG207,acetylcholine,acetylcholine,0.4956369982547993,2
putative_primary,GNG208,acetylcholine,acetylcholine,0.4956369982547993,2
putative_primary,GNG209,acetylcholine,acetylcholine,0.4956369982547993,2
putative_primary,GNG212,acetylcholine,acetylcholine,0.4956369982547993,2
putative_primary,GNG213,glutamate,acetylcholine,0.49621873182082604,2
putative_primary,GNG215,acetylcholine,acetylcholine,0.4956369982547993,2
putative_primary,GNG218,acetylcholine,acetylcholine,0.4956369982547993,2
putative_primary,GNG219,gaba,acetylcholine,0.49621873182082604,2
putative_primary,GNG220,gaba,acetylcholine,0.49621873182082604,2
putative_primary,GNG221,gaba,acetylcholine,0.49621873182082604,2
putative_primary,GNG224,acetylcholine,acetylcholine,0.4956369982547993,2
putative_primary,GNG225,glutamate,acetylcholine,0.49621873182082604,2
putative_primary,GNG226,acetylcholine,acetylcholine,0.4956369982547993,2
putative_primary,GNG227,acetylcholine,acetylcholine,0.4956369982547993,2
putative_primary,GNG228,acetylcholine,acetylcholine,0.4956369982547993,2
putative_primary,GNG229,gaba,acetylcholine,0.49621873182082604,2
putative_primary,GNG230,acetylcholine,acetylcholine,0.4956369982547993,2
putative_primary,GNG232,acetylcholine,acetylcholine,0.4956369982547993,2
putative_primary,GNG234,acetylcholine,acetylcholine,0.4956369982547993,2
putative_primary,GNG235,gaba,acetylcholine,0.49621873182082604,2
putative_primary,GNG236,acetylcholine,acetylcholine,0.4956369982547993,2
putative_primary,GNG241,glutamate,acetylcholine,0.49621873182082604,2
putative_primary,GNG243,acetylcholine,acetylcholine,0.4956369982547993,2
putative_primary,GNG245,glutamate,acetylcholine,0.49621873182082604,2
putative_primary,GNG246,gaba,acetylcholine,0.49621873182082604,2
putative_primary,GNG247,acetylcholine,acetylcholine,0.4956369982547993,2
putative_primary,GNG248,acetylcholine,acetylcholine,0.4956369982547993,2
putative_primary,GNG249,gaba,acetylcholine,0.49621873182082604,2
putative_primary,GNG250,gaba,acetylcholine,0.49621873182082604,2
putative_primary,GNG252,acetylcholine,acetylcholine,0.4956369982547993,2
putative_primary,GNG253,gaba,acetylcholine,0.49621873182082604,2
putative_primary,GNG254,gaba,acetylcholine,0.49621873182082604,2
putative_primary,GNG259,acetylcholine,acetylcholine,0.4956369982547993,2
putative_primary,GNG260,gaba,acetylcholine,0.49621873182082604,2
putative_primary,GNG274,glutamate,acetylcholine,0.49621873182082604,2
putative_primary,GNG280,acetylcholine,acetylcholine,0.4956369982547993,2
putative_primary,GNG281,gaba,acetylcholine,0.49621873182082604,2
putative_primary,GNG282,acetylcholine,acetylcholine,0.4956369982547993,2
putative_primary,GNG289,acetylcholine,acetylcholine,0.4956369982547993,2
putative_primary,GNG290,gaba,acetylcholine,0.49621873182082604,2
putative_primary,GNG291,acetylcholine,acetylcholine,0.4956369982547993,2
putative_primary,GNG292,gaba,acetylcholine,0.49621873182082604,2
putative_primary,GNG293,acetylcholine,acetylcholine,0.4956369982547993,2
putative_primary,GNG294,gaba,acetylcholine,0.49621873182082604,2
putative_primary,GNG297,gaba,acetylcholine,0.49607444024425706,1
putative_primary,GNG298,gaba,acetylcholine,0.49607444024425706,1
putative_primary,GNG300,gaba,acetylcholine,0.49621873182082604,2
putative_primary,GNG301,gaba,acetylcholine,0.49621873182082604,2
putative_primary,GNG303,gaba,acetylcholine,0.49621873182082604,2
putative_primary,GNG305,gaba,acetylcholine,0.49621873182082604,2
putative_primary,GNG306,gaba,acetylcholine,0.49621873182082604,2
putative_primary,GNG311,acetylcholine,acetylcholine,0.4956369982547993,2
putative_primary,GNG317,acetylcholine,acetylcholine,0.4956369982547993,2
putative_primary,GNG324,acetylcholine,acetylcholine,0.4956369982547993,2
putative_primary,GNG328,glutamate,acetylcholine,0.49621873182082604,2
putative_primary,GNG334,acetylcholine,acetylcholine,0.49549025312772765,3
putative_primary,GNG351,glutamate,acetylcholine,0.4963631073610707,3
putative_primary,GNG361,glutamate,acetylcholine,0.49650756693830034,4
putative_primary,GNG365,gaba,acetylcholine,0.49621873182082604,2
putative_primary,GNG385,gaba,acetylcholine,0.49650756693830034,4
putative_primary,GNG393,gaba,acetylcholine,0.4963631073610707,3
putative_primary,GNG394,gaba,acetylcholine,0.49621873182082604,2
putative_primary,GNG452,gaba,acetylcholine,0.49650756693830034,4
putative_primary,GNG455,acetylcholine,acetylcholine,0.4956369982547993,2
putative_primary,GNG456,acetylcholine,acetylcholine,0.49549025312772765,3
putative_primary,GNG457,acetylcholine,acetylcholine,0.4956369982547993,2
putative_primary,GNG458,gaba,acetylcholine,0.49621873182082604,2
putative_primary,GNG459,acetylcholine,acetylcholine,0.4956369982547993,2
putative_primary,GNG461,gaba,acetylcholine,0.49650756693830034,4
putative_primary,GNG462,gaba,acetylcholine,0.49621873182082604,2
putative_primary,GNG463,acetylcholine,acetylcholine,0.4956369982547993,2
putative_primary,GNG464,gaba,acetylcholine,0.49650756693830034,4
putative_primary,GNG466,gaba,acetylcholine,0.4963631073610707,3
putative_primary,GNG468,acetylcholine,acetylcholine,0.4956369982547993,2
putative_primary,GNG469,gaba,acetylcholine,0.49621873182082604,2
putative_primary,GNG470,gaba,acetylcholine,0.49607444024425706,1
putative_primary,GNG471,gaba,acetylcholine,0.49650756693830034,4
putative_primary,GNG472,acetylcholine,acetylcholine,0.4956369982547993,2
putative_primary,GNG473,glutamate,acetylcholine,0.49621873182082604,2
putative_primary,GNG474,acetylcholine,acetylcholine,0.49534342258440045,4
putative_primary,GNG479,gaba,acetylcholine,0.49621873182082604,2
putative_primary,GNG481,gaba,acetylcholine,0.49650756693830034,4
putative_primary,GNG483,gaba,acetylcholine,0.49621873182082604,2
putative_primary,GNG484,acetylcholine,acetylcholine,0.4956369982547993,2
putative_primary,GNG485,glutamate,acetylcholine,0.49621873182082604,2
putative_primary,GNG486,glutamate,acetylcholine,0.49621873182082604,2
putative_primary,GNG487,acetylcholine,acetylcholine,0.4956369982547993,2
putative_primary,GNG489,acetylcholine,acetylcholine,0.4956369982547993,2
putative_primary,GNG491,acetylcholine,acetylcholine,0.4956369982547993,2
putative_primary,GNG492,gaba,acetylcholine,0.49621873182082604,2
putative_primary,GNG495,acetylcholine,acetylcholine,0.4956369982547993,2
putative_primary,GNG500,glutamate,acetylcholine,0.49621873182082604,2
putative_primary,GNG502,gaba,acetylcholine,0.49621873182082604,2
putative_primary,GNG503,acetylcholine,acetylcholine,0.4956369982547993,2
putative_primary,GNG504,gaba,acetylcholine,0.49621873182082604,2
putative_primary,GNG505,glutamate,acetylcholine,0.49621873182082604,2
putative_primary,GNG506,gaba,acetylcholine,0.49621873182082604,2
putative_primary,GNG507,acetylcholine,acetylcholine,0.4956369982547993,2
putative_primary,GNG510,acetylcholine,acetylcholine,0.4956369982547993,2
putative_primary,GNG511,gaba,acetylcholine,0.49621873182082604,2
putative_primary,GNG513,acetylcholine,acetylcholine,0.4956369982547993,2
putative_primary,GNG515,gaba,acetylcholine,0.49621873182082604,2
putative_primary,GNG516,gaba,acetylcholine,0.49621873182082604,2
putative_primary,GNG518,acetylcholine,acetylcholine,0.4956369982547993,2
putative_primary,GNG519,acetylcholine,acetylcholine,0.4956369982547993,2
putative_primary,GNG520,glutamate,acetylcholine,0.49621873182082604,2
putative_primary,GNG521,acetylcholine,acetylcholine,0.4956369982547993,2
putative_primary,GNG522,gaba,acetylcholine,0.49607444024425706,1
putative_primary,GNG523,glutamate,acetylcholine,0.4963631073610707,3
putative_primary,GNG524,gaba,acetylcholine,0.49621873182082604,2
putative_primary,GNG525,acetylcholine,acetylcholine,0.4956369982547993,2
putative_primary,GNG527,gaba,acetylcholine,0.49621873182082604,2
putative_primary,GNG528,acetylcholine,acetylcholine,0.4957836580401279,1
putative_primary,GNG530,gaba,acetylcholine,0.49621873182082604,2
putative_primary,GNG531,gaba,acetylcholine,0.49621873182082604,2
putative_primary,GNG534,gaba,acetylcholine,0.49621873182082604,2
putative_primary,GNG537,acetylcholine,acetylcholine,0.4956369982547993,2
putative_primary,GNG538,acetylcholine,acetylcholine,0.4956369982547993,2
putative_primary,GNG539,gaba,acetylcholine,0.49607444024425706,1
putative_primary,GNG541,glutamate,acetylcholine,0.49621873182082604,2
putative_primary,GNG546,gaba,acetylcholine,0.49607444024425706,1
putative_primary,GNG548,acetylcholine,acetylcholine,0.4956369982547993,2
putative_primary,GNG549,glutamate,acetylcholine,0.49621873182082604,2
putative_primary,GNG551,gaba,acetylcholine,0.49621873182082604,2
putative_primary,GNG552,glutamate,acetylcholine,0.49621873182082604,2
putative_primary,GNG553,acetylcholine,acetylcholine,0.4956369982547993,2
putative_primary,GNG554,glutamate,acetylcholine,0.4963631073610707,3
putative_primary,GNG555,gaba,acetylcholine,0.49621873182082604,2
putative_primary,GNG556,gaba,acetylcholine,0.4963631073610707,3
putative_primary,GNG559,gaba,acetylcholine,0.49621873182082604,2
putative_primary,GNG560,glutamate,acetylcholine,0.49621873182082604,2
putative_primary,GNG561,glutamate,acetylcholine,0.49621873182082604,2
putative_primary,GNG562,gaba,acetylcholine,0.49621873182082604,2
putative_primary,GNG563,acetylcholine,acetylcholine,0.4956369982547993,2
putative_primary,GNG565,gaba,acetylcholine,0.49621873182082604,2
putative_primary,GNG566,glutamate,acetylcholine,0.49621873182082604,2
putative_primary,GNG567,gaba,acetylcholine,0.49621873182082604,2
putative_primary,GNG568,acetylcholine,acetylcholine,0.4956369982547993,2
putative_primary,GNG569,acetylcholine,acetylcholine,0.4956369982547993,2
putative_primary,GNG575,glutamate,acetylcholine,0.4963631073610707,3
putative_primary,GNG576,glutamate,acetylcholine,0.49621873182082604,2
putative_primary,GNG579,gaba,acetylcholine,0.49621873182082604,2
putative_primary,GNG582,gaba,acetylcholine,0.49621873182082604,2
putative_primary,GNG584,gaba,acetylcholine,0.49621873182082604,2
putative_primary,GNG585,acetylcholine,acetylcholine,0.49549025312772765,3
putative_primary,GNG586,gaba,acetylcholine,0.49621873182082604,2
putative_primary,GNG587,acetylcholine,acetylcholine,0.4956369982547993,2
putative_primary,GNG592,glutamate,acetylcholine,0.4963631073610707,3
putative_primary,GNG593,acetylcholine,acetylcholine,0.4956369982547993,2
putative_primary,GNG594,gaba,acetylcholine,0.49621873182082604,2
putative_primary,GNG658,acetylcholine,acetylcholine,0.4956369982547993,2
putative_primary,GNG660,gaba,acetylcholine,0.49621873182082604,2
putative_primary,GNG661,acetylcholine,acetylcholine,0.4956369982547993,2
putative_primary,GNG663,gaba,acetylcholine,0.49650756693830034,4
putative_primary,GNG664,acetylcholine,acetylcholine,0.4956369982547993,2
putative_primary,GNG666,acetylcholine,acetylcholine,0.4956369982547993,2
putative_primary,GNG670,glutamate,acetylcholine,0.49621873182082604,2
putative_primary,GNG700m,glutamate,acetylcholine,0.49621873182082604,2
putative_primary,HSE,acetylcholine,acetylcholine,0.4956369982547993,2
putative_primary,HSN,acetylcholine,acetylcholine,0.4956369982547993,2
putative_primary,IB007,gaba,acetylcholine,0.49621873182082604,2
putative_primary,IB008,gaba,acetylcholine,0.49621873182082604,2
putative_primary,IB009,gaba,acetylcholine,0.49621873182082604,2
putative_primary,IB010,gaba,acetylcholine,0.49621873182082604,2
putative_primary,IB012,gaba,acetylcholine,0.49621873182082604,2
putative_primary,IB016,glutamate,acetylcholine,0.49621873182082604,2
putative_primary,IB017,acetylcholine,acetylcholine,0.4956369982547993,2
putative_primary,IB018,acetylcholine,acetylcholine,0.4956369982547993,2
putative_primary,IB022,acetylcholine,acetylcholine,0.49534342258440045,4
putative_primary,IB023,acetylcholine,acetylcholine,0.4956369982547993,2
putative_primary,IB025,acetylcholine,acetylcholine,0.4956369982547993,2
putative_primary,IB026,glutamate,acetylcholine,0.49621873182082604,2
putative_primary,IB038,glutamate,acetylcholine,0.49650756693830034,4
putative_primary,IB044,acetylcholine,acetylcholine,0.4956369982547993,2
putative_primary,IB047,acetylcholine,acetylcholine,0.4956369982547993,2
putative_primary,IB048,acetylcholine,acetylcholine,0.4956369982547993,2
putative_primary,IB049,acetylcholine,acetylcholine,0.49534342258440045,4
putative_primary,IB050,glutamate,acetylcholine,0.49621873182082604,2
putative_primary,IB058,glutamate,acetylcholine,0.49621873182082604,2
putative_primary,IB060,gaba,acetylcholine,0.49621873182082604,2
putative_primary,IB062,acetylcholine,acetylcholine,0.4956369982547993,2
putative_primary,IB064,acetylcholine,acetylcholine,0.4956369982547993,2
putative_primary,IB065,glutamate,acetylcholine,0.49621873182082604,2
putative_primary,IB066,acetylcholine,acetylcholine,0.49534342258440045,4
putative_primary,IB092,glutamate,acetylcholine,0.49621873182082604,2
putative_primary,IB096,glutamate,acetylcholine,0.49621873182082604,2
putative_primary,IB097,glutamate,acetylcholine,0.49621873182082604,2
putative_primary,IB101,glutamate,acetylcholine,0.49621873182082604,2
putative_primary,IB114,gaba,acetylcholine,0.49621873182082604,2
putative_primary,IB115,acetylcholine,acetylcholine,0.49534342258440045,4
putative_primary,IB116,gaba,acetylcholine,0.49621873182082604,2
putative_primary,IB120,glutamate,acetylcholine,0.49621873182082604,2
putative_primary,IB121,acetylcholine,acetylcholine,0.4956369982547993,2
putative_primary,ICL002m,acetylcholine,acetylcholine,0.4956369982547993,2
putative_primary,ISN,acetylcholine,acetylcholine,0.49534342258440045,4
putative_primary,LAL001,glutamate,acetylcholine,0.49621873182082604,2
putative_primary,LAL002,glutamate,acetylcholine,0.49621873182082604,2
putative_primary,LAL007,acetylcholine,acetylcholine,0.4956369982547993,2
putative_primary,LAL008,glutamate,acetylcholine,0.49621873182082604,2
putative_primary,LAL009,acetylcholine,acetylcholine,0.4956369982547993,2
putative_primary,LAL011,acetylcholine,acetylcholine,0.4956369982547993,2
putative_primary,LAL012,acetylcholine,acetylcholine,0.4956369982547993,2
putative_primary,LAL013,acetylcholine,acetylcholine,0.4956369982547993,2
putative_primary,LAL014,acetylcholine,acetylcholine,0.4956369982547993,2
putative_primary,LAL015,acetylcholine,acetylcholine,0.4956369982547993,2
putative_primary,LAL016,acetylcholine,acetylcholine,0.4956369982547993,2
putative_primary,LAL017,acetylcholine,acetylcholine,0.4956369982547993,2
putative_primary,LAL018,acetylcholine,acetylcholine,0.4956369982547993,2
putative_primary,LAL019,acetylcholine,acetylcholine,0.49534342258440045,4
putative_primary,LAL040,gaba,acetylcholine,0.49621873182082604,2
putative_primary,LAL042,glutamate,acetylcholine,0.49621873182082604,2
putative_primary,LAL045,gaba,acetylcholine,0.49621873182082604,2
putative_primary,LAL047,gaba,acetylcholine,0.49621873182082604,2
putative_primary,LAL052,glutamate,acetylcholine,0.49621873182082604,2
putative_primary,LAL072,glutamate,acetylcholine,0.49621873182082604,2
putative_primary,LAL073,glutamate,acetylcholine,0.49621873182082604,2
putative_primary,LAL074,glutamate,acetylcholine,0.49621873182082604,2
putative_primary,LAL075,glutamate,acetylcholine,0.49621873182082604,2
putative_primary,LAL076,glutamate,acetylcholine,0.49621873182082604,2
putative_primary,LAL083,glutamate,acetylcholine,0.49650756693830034,4
putative_primary,LAL084,glutamate,acetylcholine,0.49621873182082604,2
putative_primary,LAL098,gaba,acetylcholine,0.49621873182082604,2
putative_primary,LAL099,gaba,acetylcholine,0.49621873182082604,2
putative_primary,LAL100,gaba,acetylcholine,0.49621873182082604,2
putative_primary,LAL101,gaba,acetylcholine,0.49621873182082604,2
putative_primary,LAL102,gaba,acetylcholine,0.49621873182082604,2
putative_primary,LAL104,gaba,acetylcholine,0.49650756693830034,4
putative_primary,LAL108,glutamate,acetylcholine,0.49621873182082604,2
putative_primary,LAL109,gaba,acetylcholine,0.49650756693830034,4
putative_primary,LAL111,gaba,acetylcholine,0.49621873182082604,2
putative_primary,LAL112,gaba,acetylcholine,0.49650756693830034,4
putative_primary,LAL113,gaba,acetylcholine,0.49650756693830034,4
putative_primary,LAL115,acetylcholine,acetylcholine,0.4956369982547993,2
putative_primary,LAL116,acetylcholine,acetylcholine,0.4956369982547993,2
putative_primary,LAL117,acetylcholine,acetylcholine,0.49534342258440045,4
putative_primary,LAL119,acetylcholine,acetylcholine,0.4956369982547993,2
putative_primary,LAL120_a,glutamate,acetylcholine,0.49621873182082604,2
putative_primary,LAL120_b,glutamate,acetylcholine,0.49621873182082604,2
putative_primary,LAL121,glutamate,acetylcholine,0.49621873182082604,2
putative_primary,LAL122,glutamate,acetylcholine,0.49621873182082604,2
putative_primary,LAL124,glutamate,acetylcholine,0.49621873182082604,2
putative_primary,LAL125,glutamate,acetylcholine,0.49621873182082604,2
putative_primary,LAL126,glutamate,acetylcholine,0.49650756693830034,4
putative_primary,LAL129,acetylcholine,acetylcholine,0.4956369982547993,2
putative_primary,LAL134,gaba,acetylcholine,0.49621873182082604,2
putative_primary,LAL135,acetylcholine,acetylcholine,0.4956369982547993,2
putative_primary,LAL137,acetylcholine,acetylcholine,0.4956369982547993,2
putative_primary,LAL138,gaba,acetylcholine,0.49621873182082604,2
putative_primary,LAL141,acetylcholine,acetylcholine,0.4956369982547993,2
putative_primary,LAL145,acetylcholine,acetylcholine,0.49534342258440045,4
putative_primary,LAL146,glutamate,acetylcholine,0.49621873182082604,2
putative_primary,LAL154,acetylcholine,acetylcholine,0.4956369982547993,2
putative_primary,LAL155,acetylcholine,acetylcholine,0.49534342258440045,4
putative_primary,LAL156_a,acetylcholine,acetylcholine,0.4956369982547993,2
putative_primary,LAL156_b,acetylcholine,acetylcholine,0.4956369982547993,2
putative_primary,LAL157,acetylcholine,acetylcholine,0.4956369982547993,2
putative_primary,LAL158,acetylcholine,acetylcholine,0.4956369982547993,2
putative_primary,LAL159,acetylcholine,acetylcholine,0.4956369982547993,2
putative_primary,LAL162,acetylcholine,acetylcholine,0.4956369982547993,2
putative_primary,LAL165,acetylcholine,acetylcholine,0.4956369982547993,2
putative_primary,LAL169,acetylcholine,acetylcholine,0.4956369982547993,2
putative_primary,LAL170,acetylcholine,acetylcholine,0.4956369982547993,2
putative_primary,LAL171,acetylcholine,acetylcholine,0.4956369982547993,2
putative_primary,LAL172,acetylcholine,acetylcholine,0.4956369982547993,2
putative_primary,LAL173,acetylcholine,acetylcholine,0.49534342258440045,4
putative_primary,LAL175,acetylcholine,acetylcholine,0.49534342258440045,4
putative_primary,LAL181,acetylcholine,acetylcholine,0.4956369982547993,2
putative_primary,LAL183,acetylcholine,acetylcholine,0.4956369982547993,2
putative_primary,LAL184,acetylcholine,acetylcholine,0.4956369982547993,2
putative_primary,LAL191,acetylcholine,acetylcholine,0.4956369982547993,2
putative_primary,LAL192,acetylcholine,acetylcholine,0.4956369982547993,2
putative_primary,LAL194,acetylcholine,acetylcholine,0.49534342258440045,4
putative_primary,LAL196,acetylcholine,acetylcholine,0.49504950495049505,6
putative_primary,LAL198,acetylcholine,acetylcholine,0.4956369982547993,2
putative_primary,LAL199,acetylcholine,acetylcholine,0.4956369982547993,2
putative_primary,LAL203,acetylcholine,acetylcholine,0.49534342258440045,4
putative_primary,LAL205,gaba,acetylcholine,0.49621873182082604,2
putative_primary,LAL206,glutamate,acetylcholine,0.49650756693830034,4
putative_primary,LAL207,gaba,acetylcholine,0.49621873182082604,2
putative_primary,LAL208,glutamate,acetylcholine,0.49621873182082604,2
putative_primary,LH005m,gaba,acetylcholine,0.49621873182082604,2
putative_primary,LHAD1f2,glutamate,acetylcholine,0.49621873182082604,2
putative_primary,LHAD1g1,gaba,acetylcholine,0.49621873182082604,2
putative_primary,LHAD1h1,gaba,acetylcholine,0.49621873182082604,2
putative_primary,LHAD1j1,acetylcholine,acetylcholine,0.4956369982547993,2
putative_primary,LHAD1k1,acetylcholine,acetylcholine,0.4956369982547993,2
putative_primary,LHAD2b1,acetylcholine,acetylcholine,0.4956369982547993,2
putative_primary,LHAD2d1,glutamate,acetylcholine,0.49621873182082604,2
putative_primary,LHAD2e3,acetylcholine,acetylcholine,0.4956369982547993,2
putative_primary,LHAD4a1,glutamate,acetylcholine,0.49621873182082604,2
putative_primary,LHAV1e1,gaba,acetylcholine,0.49621873182082604,2
putative_primary,LHAV2k6,acetylcholine,acetylcholine,0.4956369982547993,2
putative_primary,LHAV2k8,acetylcholine,acetylcholine,0.4956369982547993,2
putative_primary,LHAV2n1,gaba,acetylcholine,0.49621873182082604,2
putative_primary,LHAV2o1,acetylcholine,acetylcholine,0.4956369982547993,2
putative_primary,LHAV2p1,acetylcholine,acetylcholine,0.4956369982547993,2
putative_primary,LHAV3a1_c,acetylcholine,acetylcholine,0.4956369982547993,2
putative_primary,LHAV3i1,acetylcholine,acetylcholine,0.4956369982547993,2
putative_primary,LHAV3j1,acetylcholine,acetylcholine,0.49549025312772765,3
putative_primary,LHAV3k1,acetylcholine,acetylcholine,0.4956369982547993,2
putative_primary,LHAV3k5,glutamate,acetylcholine,0.49621873182082604,2
putative_primary,LHAV3q1,acetylcholine,acetylcholine,0.4956369982547993,2
putative_primary,LHAV4a2,gaba,acetylcholine,0.49621873182082604,2
putative_primary,LHAV4l1,gaba,acetylcholine,0.49621873182082604,2
putative_primary,LHAV5d1,acetylcholine,acetylcholine,0.4956369982547993,2
putative_primary,LHAV6b4,acetylcholine,acetylcholine,0.4956369982547993,2
putative_primary,LHAV6e1,acetylcholine,acetylcholine,0.4956369982547993,2
putative_primary,LHAV6h1,glutamate,acetylcholine,0.49621873182082604,2
putative_primary,LHAV8a1,glutamate,acetylcholine,0.49621873182082604,2
putative_primary,LHCENT10,gaba,acetylcholine,0.49650756693830034,4
putative_primary,LHCENT14,glutamate,acetylcholine,0.49621873182082604,2
putative_primary,LHMB1,glutamate,acetylcholine,0.49621873182082604,2
putative_primary,LHPD1b1,glutamate,acetylcholine,0.49621873182082604,2
putative_primary,LHPD2c7,glutamate,acetylcholine,0.49650756693830034,4
putative_primary,LHPD2d2,glutamate,acetylcholine,0.49621873182082604,2
putative_primary,LHPD4c1,acetylcholine,acetylcholine,0.4956369982547993,2
putative_primary,LHPD5a1,glutamate,acetylcholine,0.49621873182082604,2
putative_primary,LHPD5c1,glutamate,acetylcholine,0.49621873182082604,2
putative_primary,LHPD5d1,acetylcholine,acetylcholine,0.49534342258440045,4
putative_primary,LHPV10c1,gaba,acetylcholine,0.49621873182082604,2
putative_primary,LHPV10d1,acetylcholine,acetylcholine,0.4956369982547993,2
putative_primary,LHPV1c1,acetylcholine,acetylcholine,0.49549025312772765,3
putative_primary,LHPV1c2,acetylcholine,acetylcholine,0.4956369982547993,2
putative_primary,LHPV1d1,gaba,acetylcholine,0.49621873182082604,2
putative_primary,LHPV2g1,acetylcholine,acetylcholine,0.49534342258440045,4
putative_primary,LHPV3c1,acetylcholine,acetylcholine,0.4956369982547993,2
putative_primary,LHPV4e1,glutamate,acetylcholine,0.49621873182082604,2
putative_primary,LHPV4l1,glutamate,acetylcholine,0.49621873182082604,2
putative_primary,LHPV4m1,acetylcholine,acetylcholine,0.4956369982547993,2
putative_primary,LHPV5e3,acetylcholine,acetylcholine,0.4956369982547993,2
putative_primary,LHPV5i1,acetylcholine,acetylcholine,0.4956369982547993,2
putative_primary,LHPV5l1,acetylcholine,acetylcholine,0.4956369982547993,2
putative_primary,LHPV6g1,glutamate,acetylcholine,0.49621873182082604,2
putative_primary,LHPV6j1,acetylcholine,acetylcholine,0.4956369982547993,2
putative_primary,LHPV6l2,glutamate,acetylcholine,0.49621873182082604,2
putative_primary,LHPV6m1,glutamate,acetylcholine,0.49621873182082604,2
putative_primary,LHPV6p1,glutamate,acetylcholine,0.49621873182082604,2
putative_primary,LHPV7a2,acetylcholine,acetylcholine,0.49534342258440045,4
putative_primary,LHPV7b1,acetylcholine,acetylcholine,0.4956369982547993,2
putative_primary,LHPV7c1,acetylcholine,acetylcholine,0.4956369982547993,2
putative_primary,LHPV9b1,glutamate,acetylcholine,0.49621873182082604,2
putative_primary,LNO1,gaba,acetylcholine,0.49650756693830034,4
putative_primary,LPT110,acetylcholine,acetylcholine,0.4956369982547993,2
putative_primary,LPT22,gaba,acetylcholine,0.49621873182082604,2
putative_primary,LPT57,acetylcholine,acetylcholine,0.4956369982547993,2
putative_primary,LPT59,glutamate,acetylcholine,0.49621873182082604,2
putative_primary,LPT60,acetylcholine,acetylcholine,0.4956369982547993,2
putative_primary,LPsP,acetylcholine,acetylcholine,0.4956369982547993,2
putative_primary,LT11,gaba,acetylcholine,0.49621873182082604,2
putative_primary,LT34,gaba,acetylcholine,0.49621873182082604,2
putative_primary,LT35,gaba,acetylcholine,0.49621873182082604,2
putative_primary,LT36,gaba,acetylcholine,0.49621873182082604,2
putative_primary,LT37,gaba,acetylcholine,0.49621873182082604,2
putative_primary,LT39,gaba,acetylcholine,0.49621873182082604,2
putative_primary,LT42,gaba,acetylcholine,0.49621873182082604,2
putative_primary,LT46,gaba,acetylcholine,0.49621873182082604,2
putative_primary,LT47,acetylcholine,acetylcholine,0.4956369982547993,2
putative_primary,LT56,glutamate,acetylcholine,0.49621873182082604,2
putative_primary,LT76,acetylcholine,acetylcholine,0.4956369982547993,2
putative_primary,LT88,glutamate,acetylcholine,0.49621873182082604,2
putative_primary,LoVC1,glutamate,acetylcholine,0.49621873182082604,2
putative_primary,LoVC11,gaba,acetylcholine,0.49621873182082604,2
putative_primary,LoVC12,gaba,acetylcholine,0.49621873182082604,2
putative_primary,LoVC14,gaba,acetylcholine,0.49621873182082604,2
putative_primary,LoVC16,glutamate,acetylcholine,0.49650756693830034,4
putative_primary,LoVC19,acetylcholine,acetylcholine,0.49534342258440045,4
putative_primary,LoVC2,gaba,acetylcholine,0.49621873182082604,2
putative_primary,LoVC21,gaba,acetylcholine,0.49621873182082604,2
putative_primary,LoVC23,gaba,acetylcholine,0.49650756693830034,4
putative_primary,LoVC3,gaba,acetylcholine,0.49621873182082604,2
putative_primary,LoVC5,gaba,acetylcholine,0.49621873182082604,2
putative_primary,LoVC6,gaba,acetylcholine,0.49621873182082604,2
putative_primary,LoVC7,gaba,acetylcholine,0.49621873182082604,2
putative_primary,LoVC9,gaba,acetylcholine,0.49621873182082604,2
putative_primary,LoVCLo1,acetylcholine,acetylcholine,0.4956369982547993,2
putative_primary,LoVP108,gaba,acetylcholine,0.4963631073610707,3
putative_primary,LoVP28,acetylcholine,acetylcholine,0.4956369982547993,2
putative_primary,LoVP29,gaba,acetylcholine,0.49621873182082604,2
putative_primary,LoVP37,glutamate,acetylcholine,0.49621873182082604,2
putative_primary,LoVP38,glutamate,acetylcholine,0.49650756693830034,4
putative_primary,LoVP45,glutamate,acetylcholine,0.49621873182082604,2
putative_primary,LoVP88,acetylcholine,acetylcholine,0.4956369982547993,2
putative_primary,LoVP91,gaba,acetylcholine,0.49621873182082604,2
putative_primary,LoVP97,acetylcholine,acetylcholine,0.4956369982547993,2
putative_primary,MBON01,glutamate,acetylcholine,0.49621873182082604,2
putative_primary,MBON02,glutamate,acetylcholine,0.49621873182082604,2
putative_primary,MBON03,glutamate,acetylcholine,0.49621873182082604,2
putative_primary,MBON04,glutamate,acetylcholine,0.49621873182082604,2
putative_primary,MBON05,glutamate,acetylcholine,0.49621873182082604,2
putative_primary,MBON06,glutamate,acetylcholine,0.49621873182082604,2
putative_primary,MBON07,glutamate,acetylcholine,0.49650756693830034,4
putative_primary,MBON09,gaba,acetylcholine,0.49650756693830034,4
putative_primary,MBON11,gaba,acetylcholine,0.49621873182082604,2
putative_primary,MBON20,gaba,acetylcholine,0.49621873182082604,2
putative_primary,MBON21,acetylcholine,acetylcholine,0.4956369982547993,2
putative_primary,MBON22,acetylcholine,acetylcholine,0.4956369982547993,2
putative_primary,MBON24,acetylcholine,acetylcholine,0.4956369982547993,2
putative_primary,MBON26,acetylcholine,acetylcholine,0.4956369982547993,2
putative_primary,MBON27,acetylcholine,acetylcholine,0.4956369982547993,2
putative_primary,MBON30,glutamate,acetylcholine,0.49621873182082604,2
putative_primary,MBON31,gaba,acetylcholine,0.49621873182082604,2
putative_primary,MBON32,gaba,acetylcholine,0.49621873182082604,2
putative_primary,MBON33,acetylcholine,acetylcholine,0.4956369982547993,2
putative_primary,MBON35,acetylcholine,acetylcholine,0.4956369982547993,2
putative_primary,MN1,acetylcholine,acetylcholine,0.49534342258440045,4
putative_primary,MN11D,acetylcholine,acetylcholine,0.49549025312772765,3
putative_primary,MN11V,acetylcholine,acetylcholine,0.4956369982547993,2
putative_primary,MN3L,acetylcholine,acetylcholine,0.49534342258440045,4
putative_primary,MN4a,acetylcholine,acetylcholine,0.49534342258440045,4
putative_primary,MN6,acetylcholine,acetylcholine,0.4956369982547993,2
putative_primary,MN8,acetylcholine,acetylcholine,0.4956369982547993,2
putative_primary,MN9,acetylcholine,acetylcholine,0.4956369982547993,2
putative_primary,MNx01,glutamate,acetylcholine,0.49650756693830034,4
putative_primary,MZ_lv2PN,gaba,acetylcholine,0.49621873182082604,2
putative_primary,M_ilPNm90,acetylcholine,acetylcholine,0.4956369982547993,2
putative_primary,M_imPNl92,acetylcholine,acetylcholine,0.4956369982547993,2
putative_primary,M_lv2PN9t49_a,gaba,acetylcholine,0.49621873182082604,2
putative_primary,M_lv2PN9t49_b,gaba,acetylcholine,0.49621873182082604,2
putative_primary,M_smPN6t2,gaba,acetylcholine,0.49621873182082604,2
putative_primary,M_smPNm1,gaba,acetylcholine,0.49621873182082604,2
putative_primary,M_spPN5t10,acetylcholine,acetylcholine,0.4956369982547993,2
putative_primary,MeVC1,acetylcholine,acetylcholine,0.4956369982547993,2
putative_primary,MeVC22,glutamate,acetylcholine,0.49650756693830034,4
putative_primary,MeVC25,glutamate,acetylcholine,0.49621873182082604,2
putative_primary,MeVCMe1,acetylcholine,acetylcholine,0.49534342258440045,4
putative_primary,MeVPLp1,acetylcholine,acetylcholine,0.4956369982547993,2
putative_primary,Nod2,gaba,acetylcholine,0.49621873182082604,2
putative_primary,Nod5,acetylcholine,acetylcholine,0.4956369982547993,2
putative_primary,OLVC1,acetylcholine,acetylcholine,0.4956369982547993,2
putative_primary,OLVC2,gaba,acetylcholine,0.49621873182082604,2
putative_primary,PLP001,gaba,acetylcholine,0.4963631073610707,3
putative_primary,PLP004,glutamate,acetylcholine,0.49621873182082604,2
putative_primary,PLP005,glutamate,acetylcholine,0.49621873182082604,2
putative_primary,PLP010,glutamate,acetylcholine,0.49621873182082604,2
putative_primary,PLP012,acetylcholine,acetylcholine,0.4956369982547993,2
putative_primary,PLP013,acetylcholine,acetylcholine,0.49534342258440045,4
putative_primary,PLP016,gaba,acetylcholine,0.49621873182082604,2
putative_primary,PLP032,acetylcholine,acetylcholine,0.4956369982547993,2
putative_primary,PLP034,glutamate,acetylcholine,0.49621873182082604,2
putative_primary,PLP035,glutamate,acetylcholine,0.49621873182082604,2
putative_primary,PLP058,acetylcholine,acetylcholine,0.4956369982547993,2
putative_primary,PLP069,glutamate,acetylcholine,0.49650756693830034,4
putative_primary,PLP075,gaba,acetylcholine,0.49621873182082604,2
putative_primary,PLP078,glutamate,acetylcholine,0.49621873182082604,2
putative_primary,PLP079,glutamate,acetylcholine,0.49621873182082604,2
putative_primary,PLP092,acetylcholine,acetylcholine,0.4956369982547993,2
putative_primary,PLP093,acetylcholine,acetylcholine,0.4956369982547993,2
putative_primary,PLP094,acetylcholine,acetylcholine,0.4956369982547993,2
putative_primary,PLP097,acetylcholine,acetylcholine,0.4956369982547993,2
putative_primary,PLP120,acetylcholine,acetylcholine,0.4956369982547993,2
putative_primary,PLP124,acetylcholine,acetylcholine,0.4956369982547993,2
putative_primary,PLP128,acetylcholine,acetylcholine,0.4956369982547993,2
putative_primary,PLP129,gaba,acetylcholine,0.49621873182082604,2
putative_primary,PLP130,acetylcholine,acetylcholine,0.4956369982547993,2
putative_primary,PLP131,gaba,acetylcholine,0.49621873182082604,2
putative_primary,PLP132,acetylcholine,acetylcholine,0.4956369982547993,2
putative_primary,PLP141,gaba,acetylcholine,0.49621873182082604,2
putative_primary,PLP142,gaba,acetylcholine,0.49650756693830034,4
putative_primary,PLP143,gaba,acetylcholine,0.49621873182082604,2
putative_primary,PLP144,gaba,acetylcholine,0.49621873182082604,2
putative_primary,PLP145,acetylcholine,acetylcholine,0.4956369982547993,2
putative_primary,PLP148,acetylcholine,acetylcholine,0.4956369982547993,2
putative_primary,PLP163,acetylcholine,acetylcholine,0.4956369982547993,2
putative_primary,PLP177,acetylcholine,acetylcholine,0.4956369982547993,2
putative_primary,PLP178,glutamate,acetylcholine,0.49621873182082604,2
putative_primary,PLP213,gaba,acetylcholine,0.49621873182082604,2
putative_primary,PLP214,glutamate,acetylcholine,0.49621873182082604,2
putative_primary,PLP216,gaba,acetylcholine,0.49621873182082604,2
putative_primary,PLP217,acetylcholine,acetylcholine,0.4956369982547993,2
putative_primary,PLP218,glutamate,acetylcholine,0.49650756693830034,4
putative_primary,PLP221,acetylcholine,acetylcholine,0.4956369982547993,2
putative_primary,PLP228,acetylcholine,acetylcholine,0.4956369982547993,2
putative_primary,PLP229,acetylcholine,acetylcholine,0.4956369982547993,2
putative_primary,PLP230,acetylcholine,acetylcholine,0.4956369982547993,2
putative_primary,PLP231,acetylcholine,acetylcholine,0.49534342258440045,4
putative_primary,PLP232,acetylcholine,acetylcholine,0.4956369982547993,2
putative_primary,PLP243,acetylcholine,acetylcholine,0.4956369982547993,2
putative_primary,PLP245,acetylcholine,acetylcholine,0.4956369982547993,2
putative_primary,PLP246,acetylcholine,acetylcholine,0.4956369982547993,2
putative_primary,PLP247,glutamate,acetylcholine,0.49621873182082604,2
putative_primary,PLP248,glutamate,acetylcholine,0.49621873182082604,2
putative_primary,PLP249,gaba,acetylcholine,0.49621873182082604,2
putative_primary,PLP252,glutamate,acetylcholine,0.49621873182082604,2
putative_primary,PLP254,acetylcholine,acetylcholine,0.49534342258440045,4
putative_primary,PLP256,glutamate,acetylcholine,0.49621873182082604,2
putative_primary,PLP257,gaba,acetylcholine,0.49621873182082604,2
putative_primary,PLP258,glutamate,acetylcholine,0.49621873182082604,2
putative_primary,PLP261,glutamate,acetylcholine,0.49621873182082604,2
putative_primary,PLP262,acetylcholine,acetylcholine,0.4956369982547993,2
putative_primary,PRW002,glutamate,acetylcholine,0.49621873182082604,2
putative_primary,PRW003,glutamate,acetylcholine,0.49621873182082604,2
putative_primary,PRW048,acetylcholine,acetylcholine,0.4956369982547993,2
putative_primary,PRW049,acetylcholine,acetylcholine,0.4956369982547993,2
putative_primary,PRW052,glutamate,acetylcholine,0.49621873182082604,2
putative_primary,PRW054,acetylcholine,acetylcholine,0.4956369982547993,2
putative_primary,PRW055,acetylcholine,acetylcholine,0.4956369982547993,2
putative_primary,PRW058,gaba,acetylcholine,0.49621873182082604,2
putative_primary,PRW062,acetylcholine,acetylcholine,0.4956369982547993,2
putative_primary,PRW063,glutamate,acetylcholine,0.49621873182082604,2
putative_primary,PRW065,glutamate,acetylcholine,0.49621873182082604,2
putative_primary,PRW067,acetylcholine,acetylcholine,0.4956369982547993,2
putative_primary,PRW069,acetylcholine,acetylcholine,0.4956369982547993,2
putative_primary,PRW070,gaba,acetylcholine,0.49621873182082604,2
putative_primary,PRW071,glutamate,acetylcholine,0.49621873182082604,2
putative_primary,PRW072,acetylcholine,acetylcholine,0.4956369982547993,2
putative_primary,PRW073,glutamate,acetylcholine,0.49621873182082604,2
putative_primary,PRW075,acetylcholine,acetylcholine,0.49534342258440045,4
putative_primary,PS001,gaba,acetylcholine,0.49621873182082604,2
putative_primary,PS027,acetylcholine,acetylcholine,0.4956369982547993,2
putative_primary,PS046,gaba,acetylcholine,0.49621873182082604,2
putative_primary,PS047_a,acetylcholine,acetylcholine,0.4956369982547993,2
putative_primary,PS047_b,acetylcholine,acetylcholine,0.4956369982547993,2
putative_primary,PS049,gaba,acetylcholine,0.49621873182082604,2
putative_primary,PS051,gaba,acetylcholine,0.49621873182082604,2
putative_primary,PS052,glutamate,acetylcholine,0.49650756693830034,4
putative_primary,PS053,acetylcholine,acetylcholine,0.4956369982547993,2
putative_primary,PS058,acetylcholine,acetylcholine,0.4956369982547993,2
putative_primary,PS059,gaba,acetylcholine,0.49650756693830034,4
putative_primary,PS060,gaba,acetylcholine,0.49621873182082604,2
putative_primary,PS061,acetylcholine,acetylcholine,0.4956369982547993,2
putative_primary,PS062,acetylcholine,acetylcholine,0.4956369982547993,2
putative_primary,PS063,gaba,acetylcholine,0.49621873182082604,2
putative_primary,PS065,gaba,acetylcholine,0.49621873182082604,2
putative_primary,PS088,gaba,acetylcholine,0.49621873182082604,2
putative_primary,PS089,gaba,acetylcholine,0.49621873182082604,2
putative_primary,PS098,gaba,acetylcholine,0.49621873182082604,2
putative_primary,PS099_a,glutamate,acetylcholine,0.49621873182082604,2
putative_primary,PS099_b,glutamate,acetylcholine,0.49621873182082604,2
putative_primary,PS106,gaba,acetylcholine,0.49650756693830034,4
putative_primary,PS114,acetylcholine,acetylcholine,0.4956369982547993,2
putative_primary,PS124,acetylcholine,acetylcholine,0.4956369982547993,2
putative_primary,PS126,acetylcholine,acetylcholine,0.4956369982547993,2
putative_primary,PS127,acetylcholine,acetylcholine,0.4956369982547993,2
putative_primary,PS138,gaba,acetylcholine,0.49621873182082604,2
putative_primary,PS146,glutamate,acetylcholine,0.49650756693830034,4
putative_primary,PS156,gaba,acetylcholine,0.49621873182082604,2
putative_primary,PS157,gaba,acetylcholine,0.49621873182082604,2
putative_primary,PS158,acetylcholine,acetylcholine,0.4956369982547993,2
putative_primary,PS159,acetylcholine,acetylcholine,0.4956369982547993,2
putative_primary,PS160,gaba,acetylcholine,0.49621873182082604,2
putative_primary,PS164,gaba,acetylcholine,0.49650756693830034,4
putative_primary,PS170,acetylcholine,acetylcholine,0.4956369982547993,2
putative_primary,PS171,acetylcholine,acetylcholine,0.4956369982547993,2
putative_primary,PS172,glutamate,acetylcholine,0.49621873182082604,2
putative_primary,PS173,glutamate,acetylcholine,0.49621873182082604,2
putative_primary,PS174,glutamate,acetylcholine,0.49621873182082604,2
putative_primary,PS175,glutamate,acetylcholine,0.49621873182082604,2
putative_primary,PS176,glutamate,acetylcholine,0.49621873182082604,2
putative_primary,PS177,glutamate,acetylcholine,0.49621873182082604,2
putative_primary,PS185,acetylcholine,acetylcholine,0.4956369982547993,2
putative_primary,PS186,glutamate,acetylcholine,0.49621873182082604,2
putative_primary,PS201,acetylcholine,acetylcholine,0.4956369982547993,2
putative_primary,PS203,acetylcholine,acetylcholine,0.49534342258440045,4
putative_primary,PS213,glutamate,acetylcholine,0.49621873182082604,2
putative_primary,PS214,glutamate,acetylcholine,0.49621873182082604,2
putative_primary,PS215,acetylcholine,acetylcholine,0.4956369982547993,2
putative_primary,PS217,acetylcholine,acetylcholine,0.4956369982547993,2
putative_primary,PS230,acetylcholine,acetylcholine,0.49534342258440045,4
putative_primary,PS231,acetylcholine,acetylcholine,0.4956369982547993,2
putative_primary,PS232,acetylcholine,acetylcholine,0.4956369982547993,2
putative_primary,PS234,acetylcholine,acetylcholine,0.4956369982547993,2
putative_primary,PS237,acetylcholine,acetylcholine,0.49534342258440045,4
putative_primary,PS239,acetylcholine,acetylcholine,0.49534342258440045,4
putative_primary,PS240,acetylcholine,acetylcholine,0.49504950495049505,6
putative_primary,PS261,acetylcholine,acetylcholine,0.49534342258440045,4
putative_primary,PS262,acetylcholine,acetylcholine,0.4956369982547993,2
putative_primary,PS263,acetylcholine,acetylcholine,0.49534342258440045,4
putative_primary,PS265,acetylcholine,acetylcholine,0.4956369982547993,2
putative_primary,PS272,acetylcholine,acetylcholine,0.49534342258440045,4
putative_primary,PS276,glutamate,acetylcholine,0.49621873182082604,2
putative_primary,PS278,glutamate,acetylcholine,0.49621873182082604,2
putative_primary,PS279,glutamate,acetylcholine,0.49650756693830034,4
putative_primary,PS280,glutamate,acetylcholine,0.49621873182082604,2
putative_primary,PS291,acetylcholine,acetylcholine,0.49534342258440045,4
putative_primary,PS292,acetylcholine,acetylcholine,0.49534342258440045,4
putative_primary,PS300,glutamate,acetylcholine,0.49621873182082604,2
putative_primary,PS303,acetylcholine,acetylcholine,0.4956369982547993,2
putative_primary,PS304,gaba,acetylcholine,0.49621873182082604,2
putative_primary,PS305,glutamate,acetylcholine,0.49621873182082604,2
putative_primary,PS306,gaba,acetylcholine,0.49621873182082604,2
putative_primary,PS307,glutamate,acetylcholine,0.49621873182082604,2
putative_primary,PS308,gaba,acetylcholine,0.49621873182082604,2
putative_primary,PS309,acetylcholine,acetylcholine,0.4956369982547993,2
putative_primary,PS310,acetylcholine,acetylcholine,0.4956369982547993,2
putative_primary,PS312,glutamate,acetylcholine,0.49621873182082604,2
putative_primary,PS314,acetylcholine,acetylcholine,0.4956369982547993,2
putative_primary,PS315,acetylcholine,acetylcholine,0.49534342258440045,4
putative_primary,PS317,glutamate,acetylcholine,0.49621873182082604,2
putative_primary,PS318,acetylcholine,acetylcholine,0.49534342258440045,4
putative_primary,PS320,glutamate,acetylcholine,0.49621873182082604,2
putative_primary,PS321,gaba,acetylcholine,0.49621873182082604,2
putative_primary,PS322,glutamate,acetylcholine,0.49621873182082604,2
putative_primary,PS327,acetylcholine,acetylcholine,0.4956369982547993,2
putative_primary,PS334,acetylcholine,acetylcholine,0.4956369982547993,2
putative_primary,PS352,acetylcholine,acetylcholine,0.4956369982547993,2
putative_primary,PS358,acetylcholine,acetylcholine,0.4956369982547993,2
putative_primary,PVLP001,gaba,acetylcholine,0.49621873182082604,2
putative_primary,PVLP002,acetylcholine,acetylcholine,0.4956369982547993,2
putative_primary,PVLP003,glutamate,acetylcholine,0.49621873182082604,2
putative_primary,PVLP010,glutamate,acetylcholine,0.49621873182082604,2
putative_primary,PVLP011,gaba,acetylcholine,0.49621873182082604,2
putative_primary,PVLP012,acetylcholine,acetylcholine,0.49534342258440045,4
putative_primary,PVLP019,gaba,acetylcholine,0.49621873182082604,2
putative_primary,PVLP030,gaba,acetylcholine,0.49621873182082604,2
putative_primary,PVLP061,acetylcholine,acetylcholine,0.4956369982547993,2
putative_primary,PVLP062,acetylcholine,acetylcholine,0.4956369982547993,2
putative_primary,PVLP070,acetylcholine,acetylcholine,0.49534342258440045,4
putative_primary,PVLP076,acetylcholine,acetylcholine,0.4956369982547993,2
putative_primary,PVLP084,gaba,acetylcholine,0.49621873182082604,2
putative_primary,PVLP093,gaba,acetylcholine,0.49621873182082604,2
putative_primary,PVLP114,acetylcholine,acetylcholine,0.4956369982547993,2
putative_primary,PVLP115,acetylcholine,acetylcholine,0.4956369982547993,2
putative_primary,PVLP118,acetylcholine,acetylcholine,0.49534342258440045,4
putative_primary,PVLP120,acetylcholine,acetylcholine,0.4956369982547993,2
putative_primary,PVLP130,gaba,acetylcholine,0.49621873182082604,2
putative_primary,PVLP135,acetylcholine,acetylcholine,0.49534342258440045,4
putative_primary,PVLP139,acetylcholine,acetylcholine,0.49534342258440045,4
putative_primary,PVLP140,gaba,acetylcholine,0.49621873182082604,2
putative_primary,PVLP143,acetylcholine,acetylcholine,0.4956369982547993,2
putative_primary,PVLP148,acetylcholine,acetylcholine,0.49534342258440045,4
putative_primary,PVLP149,acetylcholine,acetylcholine,0.49534342258440045,4
putative_primary,PVLP150,acetylcholine,acetylcholine,0.4956369982547993,2
putative_primary,PVLP151,acetylcholine,acetylcholine,0.49534342258440045,4
putative_primary,PVLP203m,acetylcholine,acetylcholine,0.49475524475524474,8
putative_primary,SAD010,acetylcholine,acetylcholine,0.4956369982547993,2
putative_primary,SAD034,acetylcholine,acetylcholine,0.4956369982547993,2
putative_primary,SAD043,gaba,acetylcholine,0.49621873182082604,2
putative_primary,SAD070,gaba,acetylcholine,0.49621873182082604,2
putative_primary,SAD072,gaba,acetylcholine,0.49621873182082604,2
putative_primary,SAD094,acetylcholine,acetylcholine,0.4956369982547993,2
putative_primary,SAD107,gaba,acetylcholine,0.49621873182082604,2
putative_primary,SAD116,glutamate,acetylcholine,0.49650756693830034,4
putative_primary,SCL001m,acetylcholine,acetylcholine,0.49431321084864394,11
putative_primary,SIP017,glutamate,acetylcholine,0.49621873182082604,2
putative_primary,SIP018,glutamate,acetylcholine,0.49621873182082604,2
putative_primary,SIP019,acetylcholine,acetylcholine,0.4956369982547993,2
putative_primary,SIP025,acetylcholine,acetylcholine,0.4956369982547993,2
putative_primary,SIP031,acetylcholine,acetylcholine,0.4956369982547993,2
putative_primary,SIP064,acetylcholine,acetylcholine,0.4956369982547993,2
putative_primary,SIP081,acetylcholine,acetylcholine,0.49534342258440045,4
putative_primary,SIP086,glutamate,acetylcholine,0.49621873182082604,2
putative_primary,SIP090,acetylcholine,acetylcholine,0.4957836580401279,1
putative_primary,SIP107m,glutamate,acetylcholine,0.49621873182082604,2
putative_primary,SIP117m,glutamate,acetylcholine,0.49621873182082604,2
putative_primary,SIP132m,acetylcholine,acetylcholine,0.4956369982547993,2
putative_primary,SIP133m,glutamate,acetylcholine,0.49621873182082604,2
putative_primary,SIP136m,acetylcholine,acetylcholine,0.4956369982547993,2
putative_primary,SLP003,gaba,acetylcholine,0.49621873182082604,2
putative_primary,SLP004,gaba,acetylcholine,0.49621873182082604,2
putative_primary,SLP031,acetylcholine,acetylcholine,0.4956369982547993,2
putative_primary,SLP032,acetylcholine,acetylcholine,0.4956369982547993,2
putative_primary,SLP033,acetylcholine,acetylcholine,0.4956369982547993,2
putative_primary,SLP034,acetylcholine,acetylcholine,0.4956369982547993,2
putative_primary,SLP056,gaba,acetylcholine,0.49621873182082604,2
putative_primary,SLP057,gaba,acetylcholine,0.49621873182082604,2
putative_primary,SLP059,gaba,acetylcholine,0.49621873182082604,2
putative_primary,SLP060,gaba,acetylcholine,0.49621873182082604,2
putative_primary,SLP061,gaba,acetylcholine,0.49621873182082604,2
putative_primary,SLP062,gaba,acetylcholine,0.49650756693830034,4
putative_primary,SLP066,glutamate,acetylcholine,0.49621873182082604,2
putative_primary,SLP067,glutamate,acetylcholine,0.49621873182082604,2
putative_primary,SLP068,glutamate,acetylcholine,0.49621873182082604,2
putative_primary,SLP069,glutamate,acetylcholine,0.49621873182082604,2
putative_primary,SLP070,glutamate,acetylcholine,0.49621873182082604,2
putative_primary,SLP071,glutamate,acetylcholine,0.49621873182082604,2
putative_primary,SLP072,glutamate,acetylcholine,0.49621873182082604,2
putative_primary,SLP080,acetylcholine,acetylcholine,0.4956369982547993,2
putative_primary,SLP126,acetylcholine,acetylcholine,0.4956369982547993,2
putative_primary,SLP130,acetylcholine,acetylcholine,0.4956369982547993,2
putative_primary,SLP131,acetylcholine,acetylcholine,0.4956369982547993,2
putative_primary,SLP132,glutamate,acetylcholine,0.49621873182082604,2
putative_primary,SLP150,acetylcholine,acetylcholine,0.4956369982547993,2
putative_primary,SLP170,glutamate,acetylcholine,0.49621873182082604,2
putative_primary,SLP184,acetylcholine,acetylcholine,0.4956369982547993,2
putative_primary,SLP211,acetylcholine,acetylcholine,0.4956369982547993,2
putative_primary,SLP212_a,acetylcholine,acetylcholine,0.4956369982547993,2
putative_primary,SLP212_b,acetylcholine,acetylcholine,0.4956369982547993,2
putative_primary,SLP215,acetylcholine,acetylcholine,0.4956369982547993,2
putative_primary,SLP216,gaba,acetylcholine,0.49621873182082604,2
putative_primary,SLP230,acetylcholine,acetylcholine,0.4956369982547993,2
putative_primary,SLP231,acetylcholine,acetylcholine,0.4956369982547993,2
putative_primary,SLP244,acetylcholine,acetylcholine,0.49534342258440045,4
putative_primary,SLP247,acetylcholine,acetylcholine,0.4956369982547993,2
putative_primary,SLP248,glutamate,acetylcholine,0.49621873182082604,2
putative_primary,SLP255,glutamate,acetylcholine,0.49621873182082604,2
putative_primary,SLP256,glutamate,acetylcholine,0.49621873182082604,2
putative_primary,SLP270,acetylcholine,acetylcholine,0.4956369982547993,2
putative_primary,SLP278,acetylcholine,acetylcholine,0.4956369982547993,2
putative_primary,SLP279,glutamate,acetylcholine,0.49621873182082604,2
putative_primary,SLP281,glutamate,acetylcholine,0.49621873182082604,2
putative_primary,SLP321,acetylcholine,acetylcholine,0.49534342258440045,4
putative_primary,SLP363,glutamate,acetylcholine,0.49621873182082604,2
putative_primary,SLP364,glutamate,acetylcholine,0.49650756693830034,4
putative_primary,SLP366,acetylcholine,acetylcholine,0.4956369982547993,2
putative_primary,SLP375,acetylcholine,acetylcholine,0.49534342258440045,4
putative_primary,SLP377,glutamate,acetylcholine,0.49621873182082604,2
putative_primary,SLP378,glutamate,acetylcholine,0.49621873182082604,2
putative_primary,SLP379,glutamate,acetylcholine,0.49621873182082604,2
putative_primary,SLP380,glutamate,acetylcholine,0.49621873182082604,2
putative_primary,SLP381,glutamate,acetylcholine,0.49621873182082604,2
putative_primary,SLP382,glutamate,acetylcholine,0.49621873182082604,2
putative_primary,SLP383,glutamate,acetylcholine,0.49621873182082604,2
putative_primary,SLP384,glutamate,acetylcholine,0.49621873182082604,2
putative_primary,SLP385,acetylcholine,acetylcholine,0.4956369982547993,2
putative_primary,SLP386,glutamate,acetylcholine,0.49621873182082604,2
putative_primary,SLP387,glutamate,acetylcholine,0.49621873182082604,2
putative_primary,SLP388,acetylcholine,acetylcholine,0.4956369982547993,2
putative_primary,SLP389,acetylcholine,acetylcholine,0.4956369982547993,2
putative_primary,SLP393,acetylcholine,acetylcholine,0.4956369982547993,2
putative_primary,SLP404,acetylcholine,acetylcholine,0.4956369982547993,2
putative_primary,SLP411,glutamate,acetylcholine,0.49621873182082604,2
putative_primary,SLP435,glutamate,acetylcholine,0.49621873182082604,2
putative_primary,SLP437,gaba,acetylcholine,0.49621873182082604,2
putative_primary,SLP443,glutamate,acetylcholine,0.49621873182082604,2
putative_primary,SLP455,acetylcholine,acetylcholine,0.4956369982547993,2
putative_primary,SLP456,acetylcholine,acetylcholine,0.4956369982547993,2
putative_primary,SLP458,glutamate,acetylcholine,0.49621873182082604,2
putative_primary,SLP459,glutamate,acetylcholine,0.49607444024425706,1
putative_primary,SLP460,glutamate,acetylcholine,0.49621873182082604,2
putative_primary,SLP461,acetylcholine,acetylcholine,0.4956369982547993,2
putative_primary,SLP462,glutamate,acetylcholine,0.49621873182082604,2
putative_primary,SLP464,acetylcholine,acetylcholine,0.49534342258440045,4
putative_primary,SLP465,acetylcholine,acetylcholine,0.49534342258440045,4
putative_primary,SLP470,acetylcholine,acetylcholine,0.4956369982547993,2
putative_primary,SLP471,acetylcholine,acetylcholine,0.4956369982547993,2
putative_primary,SLP472,acetylcholine,acetylcholine,0.4956369982547993,2
putative_primary,SLP473,acetylcholine,acetylcholine,0.4956369982547993,2
putative_primary,SMP026,acetylcholine,acetylcholine,0.4956369982547993,2
putative_primary,SMP027,glutamate,acetylcholine,0.49621873182082604,2
putative_primary,SMP028,glutamate,acetylcholine,0.49621873182082604,2
putative_primary,SMP040,glutamate,acetylcholine,0.49621873182082604,2
putative_primary,SMP041,glutamate,acetylcholine,0.49621873182082604,2
putative_primary,SMP042,glutamate,acetylcholine,0.49621873182082604,2
putative_primary,SMP043,glutamate,acetylcholine,0.49650756693830034,4
putative_primary,SMP048,acetylcholine,acetylcholine,0.4956369982547993,2
putative_primary,SMP049,gaba,acetylcholine,0.49621873182082604,2
putative_primary,SMP050,gaba,acetylcholine,0.49621873182082604,2
putative_primary,SMP053,glutamate,acetylcholine,0.49621873182082604,2
putative_primary,SMP054,gaba,acetylcholine,0.49621873182082604,2
putative_primary,SMP058,glutamate,acetylcholine,0.49621873182082604,2
putative_primary,SMP059,glutamate,acetylcholine,0.49621873182082604,2
putative_primary,SMP075,glutamate,acetylcholine,0.49650756693830034,4
putative_primary,SMP076,gaba,acetylcholine,0.49621873182082604,2
putative_primary,SMP077,gaba,acetylcholine,0.49621873182082604,2
putative_primary,SMP089,glutamate,acetylcholine,0.49650756693830034,4
putative_primary,SMP108,acetylcholine,acetylcholine,0.4956369982547993,2
putative_primary,SMP109,acetylcholine,acetylcholine,0.4956369982547993,2
putative_primary,SMP144,glutamate,acetylcholine,0.49621873182082604,2
putative_primary,SMP146,gaba,acetylcholine,0.49621873182082604,2
putative_primary,SMP147,gaba,acetylcholine,0.49621873182082604,2
putative_primary,SMP150,glutamate,acetylcholine,0.49621873182082604,2
putative_primary,SMP152,acetylcholine,acetylcholine,0.4956369982547993,2
putative_primary,SMP154,acetylcholine,acetylcholine,0.4956369982547993,2
putative_primary,SMP155,gaba,acetylcholine,0.49650756693830034,4
putative_primary,SMP156,acetylcholine,acetylcholine,0.4956369982547993,2
putative_primary,SMP159,glutamate,acetylcholine,0.49621873182082604,2
putative_primary,SMP163,gaba,acetylcholine,0.49621873182082604,2
putative_primary,SMP164,gaba,acetylcholine,0.49621873182082604,2
putative_primary,SMP165,glutamate,acetylcholine,0.49621873182082604,2
putative_primary,SMP175,acetylcholine,acetylcholine,0.4956369982547993,2
putative_primary,SMP183,acetylcholine,acetylcholine,0.4956369982547993,2
putative_primary,SMP184,acetylcholine,acetylcholine,0.4956369982547993,2
putative_primary,SMP190,acetylcholine,acetylcholine,0.4956369982547993,2
putative_primary,SMP192,acetylcholine,acetylcholine,0.4956369982547993,2
putative_primary,SMP198,glutamate,acetylcholine,0.49621873182082604,2
putative_primary,SMP199,acetylcholine,acetylcholine,0.4956369982547993,2
putative_primary,SMP200,glutamate,acetylcholine,0.49621873182082604,2
putative_primary,SMP201,glutamate,acetylcholine,0.49621873182082604,2
putative_primary,SMP202,acetylcholine,acetylcholine,0.4956369982547993,2
putative_primary,SMP203,acetylcholine,acetylcholine,0.4956369982547993,2
putative_primary,SMP204,glutamate,acetylcholine,0.49621873182082604,2
putative_primary,SMP234,glutamate,acetylcholine,0.49621873182082604,2
putative_primary,SMP235,glutamate,acetylcholine,0.49621873182082604,2
putative_primary,SMP237,acetylcholine,acetylcholine,0.4956369982547993,2
putative_primary,SMP238,acetylcholine,acetylcholine,0.4956369982547993,2
putative_primary,SMP239,acetylcholine,acetylcholine,0.4956369982547993,2
putative_primary,SMP240,acetylcholine,acetylcholine,0.4956369982547993,2
putative_primary,SMP249,glutamate,acetylcholine,0.49621873182082604,2
putative_primary,SMP256,acetylcholine,acetylcholine,0.4956369982547993,2
putative_primary,SMP284_a,glutamate,acetylcholine,0.49621873182082604,2
putative_primary,SMP284_b,glutamate,acetylcholine,0.49621873182082604,2
putative_primary,SMP291,acetylcholine,acetylcholine,0.4956369982547993,2
putative_primary,SMP293,acetylcholine,acetylcholine,0.4956369982547993,2
putative_primary,SMP335,glutamate,acetylcholine,0.49621873182082604,2
putative_primary,SMP337,glutamate,acetylcholine,0.49621873182082604,2
putative_primary,SMP370,glutamate,acetylcholine,0.49621873182082604,2
putative_primary,SMP371_a,glutamate,acetylcholine,0.49621873182082604,2
putative_primary,SMP371_b,glutamate,acetylcholine,0.49621873182082604,2
putative_primary,SMP374,glutamate,acetylcholine,0.49650756693830034,4
putative_primary,SMP376,glutamate,acetylcholine,0.49621873182082604,2
putative_primary,SMP383,acetylcholine,acetylcholine,0.4956369982547993,2
putative_primary,SMP418,glutamate,acetylcholine,0.49621873182082604,2
putative_primary,SMP442,glutamate,acetylcholine,0.49621873182082604,2
putative_primary,SMP458,acetylcholine,acetylcholine,0.4956369982547993,2
putative_primary,SMP470,acetylcholine,acetylcholine,0.4956369982547993,2
putative_primary,SMP472,acetylcholine,acetylcholine,0.49534342258440045,4
putative_primary,SMP492,acetylcholine,acetylcholine,0.4956369982547993,2
putative_primary,SMP493,acetylcholine,acetylcholine,0.4956369982547993,2
putative_primary,SMP494,glutamate,acetylcholine,0.49621873182082604,2
putative_primary,SMP501,glutamate,acetylcholine,0.49650756693830034,4
putative_primary,SMP527,acetylcholine,acetylcholine,0.4956369982547993,2
putative_primary,SMP528,glutamate,acetylcholine,0.49621873182082604,2
putative_primary,SMP529,acetylcholine,acetylcholine,0.4956369982547993,2
putative_primary,SMP530_a,glutamate,acetylcholine,0.49621873182082604,2
putative_primary,SMP530_b,glutamate,acetylcholine,0.49621873182082604,2
putative_primary,SMP542,glutamate,acetylcholine,0.49621873182082604,2
putative_primary,SMP543,gaba,acetylcholine,0.49621873182082604,2
putative_primary,SMP544,gaba,acetylcholine,0.49621873182082604,2
putative_primary,SMP545,gaba,acetylcholine,0.49621873182082604,2
putative_primary,SMP546,acetylcholine,acetylcholine,0.4956369982547993,2
putative_primary,SMP547,acetylcholine,acetylcholine,0.4956369982547993,2
putative_primary,SMP550,acetylcholine,acetylcholine,0.4956369982547993,2
putative_primary,SMP553,glutamate,acetylcholine,0.49621873182082604,2
putative_primary,SMP554,gaba,acetylcholine,0.49621873182082604,2
putative_primary,SMP577,acetylcholine,acetylcholine,0.4956369982547993,2
putative_primary,SMP580,acetylcholine,acetylcholine,0.4956369982547993,2
putative_primary,SMP586,acetylcholine,acetylcholine,0.4956369982547993,2
putative_primary,SMP593,gaba,acetylcholine,0.49621873182082604,2
putative_primary,SMP594,gaba,acetylcholine,0.49621873182082604,2
putative_primary,SMP595,glutamate,acetylcholine,0.49621873182082604,2
putative_primary,SMP596,acetylcholine,acetylcholine,0.4956369982547993,2
putative_primary,SMP598,glutamate,acetylcholine,0.49621873182082604,2
putative_primary,SMP600,acetylcholine,acetylcholine,0.4956369982547993,2
putative_primary,SMP603,acetylcholine,acetylcholine,0.4956369982547993,2
putative_primary,SMP604,glutamate,acetylcholine,0.49621873182082604,2
putative_primary,SMP702m,glutamate,acetylcholine,0.49650756693830034,4
putative_primary,SMP744,acetylcholine,acetylcholine,0.4956369982547993,2
putative_primary,TuTuA_1,glutamate,acetylcholine,0.49621873182082604,2
putative_primary,TuTuA_2,glutamate,acetylcholine,0.49621873182082604,2
putative_primary,TuTuB_b,glutamate,acetylcholine,0.49621873182082604,2
putative_primary,VCH,gaba,acetylcholine,0.49621873182082604,2
putative_primary,VES001,glutamate,acetylcholine,0.49621873182082604,2
putative_primary,VES002,acetylcholine,acetylcholine,0.4956369982547993,2
putative_primary,VES004,acetylcholine,acetylcholine,0.4956369982547993,2
putative_primary,VES005,acetylcholine,acetylcholine,0.4956369982547993,2
putative_primary,VES011,acetylcholine,acetylcholine,0.4956369982547993,2
putative_primary,VES016,gaba,acetylcholine,0.49621873182082604,2
putative_primary,VES017,acetylcholine,acetylcholine,0.4956369982547993,2
putative_primary,VES018,gaba,acetylcholine,0.49621873182082604,2
putative_primary,VES027,gaba,acetylcholine,0.49621873182082604,2
putative_primary,VES030,gaba,acetylcholine,0.49621873182082604,2
putative_primary,VES039,gaba,acetylcholine,0.49621873182082604,2
putative_primary,VES040,acetylcholine,acetylcholine,0.4956369982547993,2
putative_primary,VES041,gaba,acetylcholine,0.49621873182082604,2
putative_primary,VES043,glutamate,acetylcholine,0.49621873182082604,2
putative_primary,VES045,gaba,acetylcholine,0.49621873182082604,2
putative_primary,VES046,glutamate,acetylcholine,0.49621873182082604,2
putative_primary,VES047,glutamate,acetylcholine,0.49621873182082604,2
putative_primary,VES053,acetylcholine,acetylcholine,0.4956369982547993,2
putative_primary,VES054,acetylcholine,acetylcholine,0.4956369982547993,2
putative_primary,VES056,acetylcholine,acetylcholine,0.4956369982547993,2
putative_primary,VES057,acetylcholine,acetylcholine,0.4956369982547993,2
putative_primary,VES058,glutamate,acetylcholine,0.49621873182082604,2
putative_primary,VES059,acetylcholine,acetylcholine,0.4956369982547993,2
putative_primary,VES064,glutamate,acetylcholine,0.49621873182082604,2
putative_primary,VES075,acetylcholine,acetylcholine,0.4956369982547993,2
putative_primary,VES078,acetylcholine,acetylcholine,0.4956369982547993,2
putative_primary,VES079,acetylcholine,acetylcholine,0.4956369982547993,2
putative_primary,VES085_a,gaba,acetylcholine,0.49621873182082604,2
putative_primary,VES085_b,gaba,acetylcholine,0.49621873182082604,2
putative_primary,VES087,gaba,acetylcholine,0.49650756693830034,4
putative_primary,VES088,acetylcholine,acetylcholine,0.4956369982547993,2
putative_primary,VES089,acetylcholine,acetylcholine,0.4956369982547993,2
putative_primary,VES091,gaba,acetylcholine,0.49621873182082604,2
putative_primary,VES092,gaba,acetylcholine,0.49621873182082604,2
putative_primary,VES094,gaba,acetylcholine,0.49621873182082604,2
putative_primary,VES104,gaba,acetylcholine,0.49621873182082604,2
putative_primary,VES105,gaba,acetylcholine,0.49621873182082604,2
putative_primary,VES106,gaba,acetylcholine,0.49621873182082604,2
putative_primary,VES107,glutamate,acetylcholine,0.49650756693830034,4
putative_primary,VES108,acetylcholine,acetylcholine,0.4957836580401279,1
putative_primary,VL1_ilPN,acetylcholine,acetylcholine,0.4956369982547993,2
putative_primary,VP1d_il2PN,acetylcholine,acetylcholine,0.4956369982547993,2
putative_primary,VP1l+VP3_ilPN,acetylcholine,acetylcholine,0.4956369982547993,2
putative_primary,VP1m+VP5_ilPN,acetylcholine,acetylcholine,0.4956369982547993,2
putative_primary,VP3+VP1l_ivPN,acetylcholine,acetylcholine,0.4956369982547993,2
putative_primary,VST1,acetylcholine,acetylcholine,0.49519650655021835,5
putative_primary,VST2,acetylcholine,acetylcholine,0.49490241771045734,7
putative_primary,VSm,acetylcholine,acetylcholine,0.49534342258440045,4
putative_primary,V_ilPN,acetylcholine,acetylcholine,0.4956369982547993,2
putative_primary,WED006,gaba,acetylcholine,0.49621873182082604,2
putative_primary,WED007,acetylcholine,acetylcholine,0.4956369982547993,2
putative_primary,WED008,acetylcholine,acetylcholine,0.4956369982547993,2
putative_primary,WED069,acetylcholine,acetylcholine,0.4956369982547993,2
putative_primary,WED075,gaba,acetylcholine,0.49621873182082604,2
putative_primary,WED076,gaba,acetylcholine,0.49621873182082604,2
putative_primary,WED104,gaba,acetylcholine,0.49621873182082604,2
putative_primary,WED119,glutamate,acetylcholine,0.49621873182082604,2
putative_primary,WED165,acetylcholine,acetylcholine,0.4956369982547993,2
putative_primary,WED181,acetylcholine,acetylcholine,0.4956369982547993,2
putative_primary,WED182,acetylcholine,acetylcholine,0.4956369982547993,2
putative_primary,WED184,gaba,acetylcholine,0.49621873182082604,2
putative_primary,WED194,gaba,acetylcholine,0.49621873182082604,2
putative_primary,WED208,gaba,acetylcholine,0.49621873182082604,2
putative_primary,WED209,gaba,acetylcholine,0.49621873182082604,2
putative_primary,WEDPN11,glutamate,acetylcholine,0.49621873182082604,2
putative_primary,WEDPN9,acetylcholine,acetylcholine,0.4956369982547993,2
putative_primary,aMe13,acetylcholine,acetylcholine,0.4956369982547993,2
putative_primary,aMe15,acetylcholine,acetylcholine,0.4956369982547993,2
putative_primary,aMe17c,glutamate,acetylcholine,0.49650756693830034,4
putative_primary,aMe17e,glutamate,acetylcholine,0.49621873182082604,2
putative_primary,aMe22,glutamate,acetylcholine,0.49621873182082604,2
putative_primary,aMe24,glutamate,acetylcholine,0.49621873182082604,2
putative_primary,aMe_TBD1,gaba,acetylcholine,0.49621873182082604,2
putative_primary,dCal1,gaba,acetylcholine,0.49621873182082604,2
putative_primary,oviIN,gaba,acetylcholine,0.49621873182082604,2
