orn_type,door_unit,odour_inchikey,response,basis
ORN_VA1d,Or88a,VHUUQVKOLVNVRT-UHFFFAOYSA-N,0.0562504759054745,"measured (DoOR consensus, normalised 0-1)"
ORN_VA1d,Or88a,KIDHWZJUCRJVML-UHFFFAOYSA-N,0.0438206328575108,"measured (DoOR consensus, normalised 0-1)"
ORN_VA1d,Or88a,VHRGRCVQAFMJIZ-UHFFFAOYSA-N,0.0562504759054745,"measured (DoOR consensus, normalised 0-1)"
ORN_VA1d,Or88a,YEJRWHAVMIAJKC-UHFFFAOYSA-N,0.0603937569214624,"measured (DoOR consensus, normalised 0-1)"
ORN_VA1d,Or88a,JBFHTYHTHYHCDJ-UHFFFAOYSA-N,0.0624653974294564,"measured (DoOR consensus, normalised 0-1)"
ORN_VA1d,Or88a,IPBFYZQJXZJBFQ-UHFFFAOYSA-N,0.0231042277775713,"measured (DoOR consensus, normalised 0-1)"
ORN_VA1d,Or88a,IFYYFLINQYPWGJ-UHFFFAOYSA-N,0.0707519594614322,"measured (DoOR consensus, normalised 0-1)"
ORN_VA1d,Or88a,GHBSPIPJMLAMEP-UHFFFAOYSA-N,0.0541788353974806,"measured (DoOR consensus, normalised 0-1)"
ORN_VA1d,Or88a,BDAGIHXWWSANSR-UHFFFAOYSA-N,0.0562504759054745,"measured (DoOR consensus, normalised 0-1)"
ORN_VA1d,Or88a,QTBSBXVTEAMEQO-UHFFFAOYSA-N,0.0458922733655048,"measured (DoOR consensus, normalised 0-1)"
ORN_VA1d,Or88a,XBDQKXXYIPTUBI-UHFFFAOYSA-N,0.0417489923495169,"measured (DoOR consensus, normalised 0-1)"
ORN_VA1d,Or88a,FERIUCNNQQJTOY-UHFFFAOYSA-N,0.0521071948894866,"measured (DoOR consensus, normalised 0-1)"
ORN_VA1d,Or88a,NQPDZGIKBAWPEJ-UHFFFAOYSA-N,0.0417489923495169,"measured (DoOR consensus, normalised 0-1)"
ORN_VA1d,Or88a,FUZZWVXGSFPDMH-UHFFFAOYSA-N,0.0458922733655048,"measured (DoOR consensus, normalised 0-1)"
ORN_VA1d,Or88a,MNWFXJYAOYHMED-UHFFFAOYSA-N,0.0500355543814927,"measured (DoOR consensus, normalised 0-1)"
ORN_VA1d,Or88a,WWZKQHOCKIZLMA-UHFFFAOYSA-N,0.0583221164134684,"measured (DoOR consensus, normalised 0-1)"
ORN_VA1d,Or88a,FBUKVWPVBMHYJY-UHFFFAOYSA-N,0.0500355543814927,"measured (DoOR consensus, normalised 0-1)"
ORN_VA1d,Or88a,OYHQOLUKZRVURQ-HZJYTTRNSA-N,0.037605711333529,"measured (DoOR consensus, normalised 0-1)"
ORN_VA1d,Or88a,KQNPFQTWMSNSAP-UHFFFAOYSA-N,0.0479639138734987,"measured (DoOR consensus, normalised 0-1)"
ORN_VA1d,Or88a,GWYFCOCPABKNJV-UHFFFAOYSA-N,0.0500355543814927,"measured (DoOR consensus, normalised 0-1)"
ORN_VA1d,Or88a,LCTONWCANYUPML-UHFFFAOYSA-N,0.0624653974294564,"measured (DoOR consensus, normalised 0-1)"
ORN_VA1d,Or88a,OBETXYAYXDNJHR-UHFFFAOYSA-N,0.0313907898095472,"measured (DoOR consensus, normalised 0-1)"
ORN_VA1d,Or88a,JVTAAEKCZFNVCJ-UHFFFAOYSA-N,0.0500355543814927,"measured (DoOR consensus, normalised 0-1)"
ORN_VA1d,Or88a,CZUGFKJYCPYHHV-UHFFFAOYSA-N,0.0603937569214624,"measured (DoOR consensus, normalised 0-1)"
ORN_VA1d,Or88a,QMMFVYPAHWMCMS-UHFFFAOYSA-N,0.0438206328575108,"measured (DoOR consensus, normalised 0-1)"
ORN_VA1d,Or88a,MOYAFQVGZZPNRA-UHFFFAOYSA-N,0.0686803189534382,"measured (DoOR consensus, normalised 0-1)"
ORN_VA1d,Or88a,GRWFGVWFFZKLTI-UHFFFAOYSA-N,0.0603937569214624,"measured (DoOR consensus, normalised 0-1)"
ORN_VA1d,Or88a,WTARULDDTDQWMU-UHFFFAOYSA-N,0.0603937569214624,"measured (DoOR consensus, normalised 0-1)"
ORN_VA1d,Or88a,BQOFWKZOCNGFEC-UHFFFAOYSA-N,0.0645370379374503,"measured (DoOR consensus, normalised 0-1)"
ORN_VA1d,Or88a,XMGQYMWWDOXHJM-UHFFFAOYSA-N,0.0603937569214624,"measured (DoOR consensus, normalised 0-1)"
ORN_VA1d,Or88a,FAMPSKZZVDUYOS-HRGUGZIWSA-N,0.0686803189534382,"measured (DoOR consensus, normalised 0-1)"
ORN_VA1d,Or88a,UAHWPYUMFXYFJY-UHFFFAOYSA-N,0.0707519594614322,"measured (DoOR consensus, normalised 0-1)"
ORN_VA1d,Or88a,NPNUFJAVOOONJE-GFUGXAQUSA-N,0.0562504759054745,"measured (DoOR consensus, normalised 0-1)"
ORN_VA1d,Or88a,HFPZCAJZSCWRBC-UHFFFAOYSA-N,0.0666086784454442,"measured (DoOR consensus, normalised 0-1)"
ORN_VA1d,Or88a,HIGQPQRQIQDZMP-DHZHZOJOSA-N,0.0583988137423543,"measured (DoOR consensus, normalised 0-1)"
ORN_VA1d,Or88a,WUOACPNHFRMFPN-SECBINFHSA-N,0.0707519594614322,"measured (DoOR consensus, normalised 0-1)"
ORN_VA1d,Or88a,GLZPCOQZEFWAFX-JXMROGBWSA-N,0.0707519594614322,"measured (DoOR consensus, normalised 0-1)"
ORN_VA1d,Or88a,GLZPCOQZEFWAFX-YFHOEESVSA-N,0.0707519594614322,"measured (DoOR consensus, normalised 0-1)"
ORN_VA1d,Or88a,CDOSHBSSFJOMGT-UHFFFAOYSA-N,0.0521071948894866,"measured (DoOR consensus, normalised 0-1)"
ORN_VA1d,Or88a,QMVPMAAFGQKVCJ-SNVBAGLBSA-N,0.0707519594614322,"measured (DoOR consensus, normalised 0-1)"
ORN_VA1d,Or88a,BRHDDEIRQPDPMG-UHFFFAOYSA-N,0.0645370379374503,"measured (DoOR consensus, normalised 0-1)"
ORN_VA1d,Or88a,IKHGUXGNUITLKF-UHFFFAOYSA-N,0.0666086784454442,"measured (DoOR consensus, normalised 0-1)"
ORN_VA1d,Or88a,NBBJYMSMWIIQGU-UHFFFAOYSA-N,0.037605711333529,"measured (DoOR consensus, normalised 0-1)"
ORN_VA1d,Or88a,ZTQSAGDEMFDKMZ-UHFFFAOYSA-N,0.0500355543814927,"measured (DoOR consensus, normalised 0-1)"
ORN_VA1d,Or88a,HGBOYTHUEUWSSQ-UHFFFAOYSA-N,0.0521071948894866,"measured (DoOR consensus, normalised 0-1)"
ORN_VA1d,Or88a,JARKCYVAAOWBJS-UHFFFAOYSA-N,0.037605711333529,"measured (DoOR consensus, normalised 0-1)"
ORN_VA1d,Or88a,MBDOYVRWFFCFHM-SNAWJCMRSA-N,0.0393815080599373,"measured (DoOR consensus, normalised 0-1)"
ORN_VA1d,Or88a,HYBBIBNJHNGZAN-UHFFFAOYSA-N,0.0313907898095472,"measured (DoOR consensus, normalised 0-1)"
ORN_VA1d,Or88a,HGINCPLSRVDWNT-UHFFFAOYSA-N,0.0645370379374503,"measured (DoOR consensus, normalised 0-1)"
ORN_VA1d,Or88a,CSCPPACGZOOCGX-UHFFFAOYSA-N,0.037605711333529,"measured (DoOR consensus, normalised 0-1)"
ORN_VA1d,Or88a,ZWEHNKRNPOVVGH-UHFFFAOYSA-N,0.0272475087935592,"measured (DoOR consensus, normalised 0-1)"
ORN_VA1d,Or88a,XNLICIUVMPYHGG-UHFFFAOYSA-N,0.0168030747473246,"measured (DoOR consensus, normalised 0-1)"
ORN_VA1d,Or88a,CATSNJVOTSVZJV-UHFFFAOYSA-N,0.0956298997300669,"measured (DoOR consensus, normalised 0-1)"
ORN_VA1d,Or88a,UHEPJGULSIKKTP-UHFFFAOYSA-N,0.0251758682855653,"measured (DoOR consensus, normalised 0-1)"
ORN_VA1d,Or88a,QSJXEFYPDANLFS-UHFFFAOYSA-N,0.0793410048126327,"measured (DoOR consensus, normalised 0-1)"
ORN_VA1d,Or88a,WRMNZCZEMHIOCP-UHFFFAOYSA-N,0.0645370379374503,"measured (DoOR consensus, normalised 0-1)"
ORN_VA1d,Or88a,WVDDGKGOMKODPV-UHFFFAOYSA-N,0.0583221164134684,"measured (DoOR consensus, normalised 0-1)"
ORN_VA1d,Or88a,OSWPMRLSEDHDFF-UHFFFAOYSA-N,0.0417283105453891,"measured (DoOR consensus, normalised 0-1)"
ORN_VA1d,Or88a,QPJVMBTYPHYUOC-UHFFFAOYSA-N,0.037605711333529,"measured (DoOR consensus, normalised 0-1)"
ORN_VA1d,Or88a,MTZQAGJQAFMTAQ-UHFFFAOYSA-N,0.0458922733655048,"measured (DoOR consensus, normalised 0-1)"
ORN_VA1d,Or88a,MDHYEMXUFSJLGV-UHFFFAOYSA-N,0.0479639138734987,"measured (DoOR consensus, normalised 0-1)"
ORN_VA1d,Or88a,HUMNYLRZRPPJDN-UHFFFAOYSA-N,0.0500355543814927,"measured (DoOR consensus, normalised 0-1)"
ORN_VA1d,Or88a,DTUQWGWMVIHBKE-UHFFFAOYSA-N,0.0562504759054745,"measured (DoOR consensus, normalised 0-1)"
ORN_VA1d,Or88a,KWOLFJPFCHCOCG-UHFFFAOYSA-N,0.0313907898095472,"measured (DoOR consensus, normalised 0-1)"
ORN_VA1d,Or88a,KBEBGUQPQBELIU-CMDGGOBGSA-N,0.0645370379374503,"measured (DoOR consensus, normalised 0-1)"
ORN_VA1d,Or88a,QWVGKYWNOKOFNN-UHFFFAOYSA-N,0.0272475087935592,"measured (DoOR consensus, normalised 0-1)"
ORN_VA1d,Or88a,CHWNEIVBYREQRF-UHFFFAOYSA-N,0.0541788353974806,"measured (DoOR consensus, normalised 0-1)"
ORN_VA1d,Or88a,RRAFCDWBNXTKKO-UHFFFAOYSA-N,0.0500355543814927,"measured (DoOR consensus, normalised 0-1)"
ORN_VA1d,Or88a,OKKJLVBELUTLKV-UHFFFAOYSA-N,0.0396773518415229,"measured (DoOR consensus, normalised 0-1)"
ORN_VA1d,Or88a,LFQSCWFLJHTTHZ-UHFFFAOYSA-N,0.0313907898095472,"measured (DoOR consensus, normalised 0-1)"
ORN_VA1d,Or88a,BDERNNFJNOPAEC-UHFFFAOYSA-N,0.0438206328575108,"measured (DoOR consensus, normalised 0-1)"
ORN_VA1d,Or88a,LRHPLDYGYMQRHN-UHFFFAOYSA-N,0.0562504759054745,"measured (DoOR consensus, normalised 0-1)"
ORN_VA1d,Or88a,AMQJEAYHLZJPGS-UHFFFAOYSA-N,0.0728235999694261,"measured (DoOR consensus, normalised 0-1)"
ORN_VA1d,Or88a,ZSIAUFGUXNUGDI-UHFFFAOYSA-N,0.088812237799066,"measured (DoOR consensus, normalised 0-1)"
ORN_VA1d,Or88a,KBPLFHHGFOOTCA-UHFFFAOYSA-N,0.014702690403909,"measured (DoOR consensus, normalised 0-1)"
ORN_VA1d,Or88a,JYVLIDXNZAXMDK-UHFFFAOYSA-N,0.0666086784454442,"measured (DoOR consensus, normalised 0-1)"
ORN_VA1d,Or88a,PHTQWCKDNZKARW-UHFFFAOYSA-N,0.0645370379374503,"measured (DoOR consensus, normalised 0-1)"
ORN_VA1d,Or88a,ASUAYTHWZCLXAN-UHFFFAOYSA-N,0.0707519594614322,"measured (DoOR consensus, normalised 0-1)"
ORN_VA1d,Or88a,VHVMXWZXFBOANQ-UHFFFAOYSA-N,0.0438206328575108,"measured (DoOR consensus, normalised 0-1)"
ORN_VA1d,Or88a,VSMOENVRRABVKN-UHFFFAOYSA-N,0.0197413070088934,"measured (DoOR consensus, normalised 0-1)"
ORN_VA1d,Or88a,ZCHHRLHTBGRGOT-SNAWJCMRSA-N,0.0396773518415229,"measured (DoOR consensus, normalised 0-1)"
ORN_VA1d,Or88a,ZCHHRLHTBGRGOT-PLNGDYQASA-N,0.0313907898095472,"measured (DoOR consensus, normalised 0-1)"
ORN_VA1d,Or88a,UFLHIIWVXFIJGU-ONEGZZNKSA-N,0.0210038434341558,"measured (DoOR consensus, normalised 0-1)"
ORN_VA1d,Or88a,UFLHIIWVXFIJGU-ARJAWSKDSA-N,0.0231042277775713,"measured (DoOR consensus, normalised 0-1)"
ORN_VA1d,Or88a,PEDCQBHIVMGVHV-UHFFFAOYSA-N,0.0728235999694261,"measured (DoOR consensus, normalised 0-1)"
ORN_VA1d,Or88a,OWBTYPJTUOEWEK-UHFFFAOYSA-N,0.0562504759054745,"measured (DoOR consensus, normalised 0-1)"
ORN_VA1d,Or88a,KXKVLQRXCPHEJC-UHFFFAOYSA-N,0.0852534430173897,"measured (DoOR consensus, normalised 0-1)"
ORN_VA1d,Or88a,XEKOWRVHYACXOJ-UHFFFAOYSA-N,0.0671185936904978,"measured (DoOR consensus, normalised 0-1)"
ORN_VA1d,Or88a,YKYONYBAUNKHLG-UHFFFAOYSA-N,0.079038521493408,"measured (DoOR consensus, normalised 0-1)"
ORN_VA1d,Or88a,DKPFZGUDAPQIHT-UHFFFAOYSA-N,0.0562504759054745,"measured (DoOR consensus, normalised 0-1)"
ORN_VA1d,Or88a,PGMYKACGEOXYJE-UHFFFAOYSA-N,0.0747932151839433,"measured (DoOR consensus, normalised 0-1)"
ORN_VA1d,Or88a,AOGQPLXWSUTHQB-UHFFFAOYSA-N,0.0624653974294564,"measured (DoOR consensus, normalised 0-1)"
ORN_VA1d,Or88a,GJRQTCIYDGXPES-UHFFFAOYSA-N,0.0707519594614322,"measured (DoOR consensus, normalised 0-1)"
ORN_VA1d,Or88a,MLFHJEHSLIIPHL-UHFFFAOYSA-N,0.0541788353974806,"measured (DoOR consensus, normalised 0-1)"
ORN_VA1d,Or88a,HRHOWZHRCRZVCU-WAYWQWQTSA-N,0.0521071948894866,"measured (DoOR consensus, normalised 0-1)"
ORN_VA1d,Or88a,UUIQMZJEGPQKFD-UHFFFAOYSA-N,0.0728235999694261,"measured (DoOR consensus, normalised 0-1)"
ORN_VA1d,Or88a,OBNCKNCVKJNDBV-UHFFFAOYSA-N,0.0378714117143973,"measured (DoOR consensus, normalised 0-1)"
ORN_VA1d,Or88a,XAPCMTMQBXLDBB-UHFFFAOYSA-N,0.0417489923495169,"measured (DoOR consensus, normalised 0-1)"
ORN_VA1d,Or88a,OMSUIQOIVADKIM-UHFFFAOYSA-N,0.0105019217170779,"measured (DoOR consensus, normalised 0-1)"
ORN_VA1d,Or88a,FKRCODPIKNYEAC-UHFFFAOYSA-N,0.0458922733655048,"measured (DoOR consensus, normalised 0-1)"
ORN_VA1d,Or88a,WBJINCZRORDGAQ-UHFFFAOYSA-N,0.0458922733655048,"measured (DoOR consensus, normalised 0-1)"
ORN_VA1d,Or88a,NUKZAGXMHTUAFE-UHFFFAOYSA-N,0.0,"measured (DoOR consensus, normalised 0-1)"
ORN_VA1d,Or88a,SHZIWNPUGXLXDT-UHFFFAOYSA-N,0.0334624303175411,"measured (DoOR consensus, normalised 0-1)"
ORN_VA1d,Or88a,NCDCLPBOMHPFCV-UHFFFAOYSA-N,0.0624653974294564,"measured (DoOR consensus, normalised 0-1)"
ORN_VA1d,Or88a,JGHZJRVDZXSNKQ-UHFFFAOYSA-N,0.0396773518415229,"measured (DoOR consensus, normalised 0-1)"
ORN_VA1d,Or88a,YYZUSRORWSJGET-UHFFFAOYSA-N,0.0458922733655048,"measured (DoOR consensus, normalised 0-1)"
ORN_VA1d,Or88a,RGXWDWUGBIJHDO-UHFFFAOYSA-N,0.0458922733655048,"measured (DoOR consensus, normalised 0-1)"
ORN_VA1d,Or88a,ZFDIRQKJPRINOQ-HWKANZROSA-N,0.037605711333529,"measured (DoOR consensus, normalised 0-1)"
ORN_VA1d,Or88a,LZCLXQDLBQLTDK-UHFFFAOYSA-N,0.0417489923495169,"measured (DoOR consensus, normalised 0-1)"
ORN_VA1d,Or88a,DKMROQRQHGEIOW-UHFFFAOYSA-N,0.0666086784454442,"measured (DoOR consensus, normalised 0-1)"
ORN_VA1d,Or88a,SIKJAQJRHWYJAI-UHFFFAOYSA-N,0.0363076186632555,"measured (DoOR consensus, normalised 0-1)"
ORN_VA1d,Or88a,solvent,0.10330324022884,"measured (DoOR consensus, normalised 0-1)"
ORN_VA1d,Or88a,CURLTUGMZLYLDI-UHFFFAOYSA-N,0.100643796600482,"measured (DoOR consensus, normalised 0-1)"
ORN_VA1d,Or88a,RWRDLPDLKQPQOW-UHFFFAOYSA-N,0.214401948674207,"measured (DoOR consensus, normalised 0-1)"
ORN_VA1v,Or47b,VHUUQVKOLVNVRT-UHFFFAOYSA-N,0.177528054829076,"measured (DoOR consensus, normalised 0-1)"
ORN_VA1v,Or47b,KIDHWZJUCRJVML-UHFFFAOYSA-N,0.133133080608284,"measured (DoOR consensus, normalised 0-1)"
ORN_VA1v,Or47b,VHRGRCVQAFMJIZ-UHFFFAOYSA-N,0.157656093854446,"measured (DoOR consensus, normalised 0-1)"
ORN_VA1v,Or47b,YEJRWHAVMIAJKC-UHFFFAOYSA-N,0.267348218700223,"measured (DoOR consensus, normalised 0-1)"
ORN_VA1v,Or47b,JBFHTYHTHYHCDJ-UHFFFAOYSA-N,0.129463467793873,"measured (DoOR consensus, normalised 0-1)"
ORN_VA1v,Or47b,IPBFYZQJXZJBFQ-UHFFFAOYSA-N,0.150001964228441,"measured (DoOR consensus, normalised 0-1)"
ORN_VA1v,Or47b,IFYYFLINQYPWGJ-UHFFFAOYSA-N,0.190696749046354,"measured (DoOR consensus, normalised 0-1)"
ORN_VA1v,Or47b,GHBSPIPJMLAMEP-UHFFFAOYSA-N,0.187945732034052,"measured (DoOR consensus, normalised 0-1)"
ORN_VA1v,Or47b,BDAGIHXWWSANSR-UHFFFAOYSA-N,0.14737197775671,"measured (DoOR consensus, normalised 0-1)"
ORN_VA1v,Or47b,QTBSBXVTEAMEQO-UHFFFAOYSA-N,0.124782317540054,"measured (DoOR consensus, normalised 0-1)"
ORN_VA1v,Or47b,XBDQKXXYIPTUBI-UHFFFAOYSA-N,0.163708276114591,"measured (DoOR consensus, normalised 0-1)"
ORN_VA1v,Or47b,FERIUCNNQQJTOY-UHFFFAOYSA-N,0.126568461715599,"measured (DoOR consensus, normalised 0-1)"
ORN_VA1v,Or47b,NQPDZGIKBAWPEJ-UHFFFAOYSA-N,0.151806804630736,"measured (DoOR consensus, normalised 0-1)"
ORN_VA1v,Or47b,FUZZWVXGSFPDMH-UHFFFAOYSA-N,0.141068811893738,"measured (DoOR consensus, normalised 0-1)"
ORN_VA1v,Or47b,MNWFXJYAOYHMED-UHFFFAOYSA-N,0.1805892412155,"measured (DoOR consensus, normalised 0-1)"
ORN_VA1v,Or47b,WWZKQHOCKIZLMA-UHFFFAOYSA-N,0.17557830068188,"measured (DoOR consensus, normalised 0-1)"
ORN_VA1v,Or47b,FBUKVWPVBMHYJY-UHFFFAOYSA-N,0.196864975354294,"measured (DoOR consensus, normalised 0-1)"
ORN_VA1v,Or47b,OYHQOLUKZRVURQ-HZJYTTRNSA-N,0.14737197775671,"measured (DoOR consensus, normalised 0-1)"
ORN_VA1v,Or47b,KQNPFQTWMSNSAP-UHFFFAOYSA-N,0.161001119211799,"measured (DoOR consensus, normalised 0-1)"
ORN_VA1v,Or47b,GWYFCOCPABKNJV-UHFFFAOYSA-N,0.160154090634907,"measured (DoOR consensus, normalised 0-1)"
ORN_VA1v,Or47b,LCTONWCANYUPML-UHFFFAOYSA-N,0.14737197775671,"measured (DoOR consensus, normalised 0-1)"
ORN_VA1v,Or47b,OBETXYAYXDNJHR-UHFFFAOYSA-N,0.157656093854446,"measured (DoOR consensus, normalised 0-1)"
ORN_VA1v,Or47b,JVTAAEKCZFNVCJ-UHFFFAOYSA-N,0.144687431236423,"measured (DoOR consensus, normalised 0-1)"
ORN_VA1v,Or47b,CZUGFKJYCPYHHV-UHFFFAOYSA-N,0.129941691495006,"measured (DoOR consensus, normalised 0-1)"
ORN_VA1v,Or47b,QMMFVYPAHWMCMS-UHFFFAOYSA-N,0.177528054829076,"measured (DoOR consensus, normalised 0-1)"
ORN_VA1v,Or47b,MOYAFQVGZZPNRA-UHFFFAOYSA-N,0.182644041293076,"measured (DoOR consensus, normalised 0-1)"
ORN_VA1v,Or47b,GRWFGVWFFZKLTI-UHFFFAOYSA-N,0.177528054829076,"measured (DoOR consensus, normalised 0-1)"
ORN_VA1v,Or47b,WTARULDDTDQWMU-UHFFFAOYSA-N,0.206347291327061,"measured (DoOR consensus, normalised 0-1)"
ORN_VA1v,Or47b,BQOFWKZOCNGFEC-UHFFFAOYSA-N,0.193536521731972,"measured (DoOR consensus, normalised 0-1)"
ORN_VA1v,Or47b,XMGQYMWWDOXHJM-UHFFFAOYSA-N,0.185266147084393,"measured (DoOR consensus, normalised 0-1)"
ORN_VA1v,Or47b,FAMPSKZZVDUYOS-HRGUGZIWSA-N,0.199577287343901,"measured (DoOR consensus, normalised 0-1)"
ORN_VA1v,Or47b,UAHWPYUMFXYFJY-UHFFFAOYSA-N,0.196487095088294,"measured (DoOR consensus, normalised 0-1)"
ORN_VA1v,Or47b,NPNUFJAVOOONJE-GFUGXAQUSA-N,0.184706953375319,"measured (DoOR consensus, normalised 0-1)"
ORN_VA1v,Or47b,HFPZCAJZSCWRBC-UHFFFAOYSA-N,0.193536521731972,"measured (DoOR consensus, normalised 0-1)"
ORN_VA1v,Or47b,HIGQPQRQIQDZMP-DHZHZOJOSA-N,0.206133843109762,"measured (DoOR consensus, normalised 0-1)"
ORN_VA1v,Or47b,WUOACPNHFRMFPN-SECBINFHSA-N,0.182041108524647,"measured (DoOR consensus, normalised 0-1)"
ORN_VA1v,Or47b,GLZPCOQZEFWAFX-JXMROGBWSA-N,0.180868566199084,"measured (DoOR consensus, normalised 0-1)"
ORN_VA1v,Or47b,GLZPCOQZEFWAFX-YFHOEESVSA-N,0.18006791133422,"measured (DoOR consensus, normalised 0-1)"
ORN_VA1v,Or47b,CDOSHBSSFJOMGT-UHFFFAOYSA-N,0.163918648016149,"measured (DoOR consensus, normalised 0-1)"
ORN_VA1v,Or47b,QMVPMAAFGQKVCJ-SNVBAGLBSA-N,0.182644041293076,"measured (DoOR consensus, normalised 0-1)"
ORN_VA1v,Or47b,BRHDDEIRQPDPMG-UHFFFAOYSA-N,0.175016099443242,"measured (DoOR consensus, normalised 0-1)"
ORN_VA1v,Or47b,ULDHMXUKGWMISQ-SECBINFHSA-N,0.252529578613297,"measured (DoOR consensus, normalised 0-1)"
ORN_VA1v,Or47b,ULDHMXUKGWMISQ-VIFPVBQESA-N,0.308877878485357,"measured (DoOR consensus, normalised 0-1)"
ORN_VA1v,Or47b,WEEGYLXZBRQIMU-WAAGHKOSSA-N,0.218599027858451,"measured (DoOR consensus, normalised 0-1)"
ORN_VA1v,Or47b,WTEVQBCEXWBHNA-JXMROGBWSA-N,0.240963235864974,"measured (DoOR consensus, normalised 0-1)"
ORN_VA1v,Or47b,NEHNMFOYXAPHSD-JTQLQIEISA-N,0.209513568355802,"measured (DoOR consensus, normalised 0-1)"
ORN_VA1v,Or47b,LHXDLQBQYFFVNW-OIBJUYFYSA-N,0.201476431103458,"measured (DoOR consensus, normalised 0-1)"
ORN_VA1v,Or47b,XMGQYMWWDOXHJM-JTQLQIEISA-N,0.191692090100604,"measured (DoOR consensus, normalised 0-1)"
ORN_VA1v,Or47b,KMRMUZKLFIEVAO-UHFFFAOYSA-N,0.251369750828623,"measured (DoOR consensus, normalised 0-1)"
ORN_VA1v,Or47b,GRWFGVWFFZKLTI-RKDXNWHRSA-N,0.199729227352948,"measured (DoOR consensus, normalised 0-1)"
ORN_VA1v,Or47b,NZGWDASTMWDZIW-MRVPVSSYSA-N,0.257942108275107,"measured (DoOR consensus, normalised 0-1)"
ORN_VA1v,Or47b,USMNOWBWPHYOEA-MRTMQBJTSA-N,0.187848241849483,"measured (DoOR consensus, normalised 0-1)"
ORN_VA1v,Or47b,RGZSQWQPBWRIAQ-CABCVRRESA-N,0.132287162583278,"measured (DoOR consensus, normalised 0-1)"
ORN_VA1v,Or47b,CRDAMVZIKSXKFV-YFVJMOTDSA-N,0.23467330236314,"measured (DoOR consensus, normalised 0-1)"
ORN_VA1v,Or47b,UZFLPKAIBPNNCA-BQYQJAHWSA-N,0.246053873482202,"measured (DoOR consensus, normalised 0-1)"
ORN_VA1v,Or47b,PSQYTAPXSHCGMF-BQYQJAHWSA-N,0.238517150614261,"measured (DoOR consensus, normalised 0-1)"
ORN_VA1v,Or47b,IKHGUXGNUITLKF-UHFFFAOYSA-N,0.0355300997067185,"measured (DoOR consensus, normalised 0-1)"
ORN_VA1v,Or47b,NBBJYMSMWIIQGU-UHFFFAOYSA-N,0.0160303236251597,"measured (DoOR consensus, normalised 0-1)"
ORN_VA1v,Or47b,ZTQSAGDEMFDKMZ-UHFFFAOYSA-N,0.127328090756738,"measured (DoOR consensus, normalised 0-1)"
ORN_VA1v,Or47b,HGBOYTHUEUWSSQ-UHFFFAOYSA-N,0.140692207294575,"measured (DoOR consensus, normalised 0-1)"
ORN_VA1v,Or47b,JARKCYVAAOWBJS-UHFFFAOYSA-N,0.125749033805524,"measured (DoOR consensus, normalised 0-1)"
ORN_VA1v,Or47b,MBDOYVRWFFCFHM-SNAWJCMRSA-N,0.254508672069396,"measured (DoOR consensus, normalised 0-1)"
ORN_VA1v,Or47b,HYBBIBNJHNGZAN-UHFFFAOYSA-N,0.128935997693315,"measured (DoOR consensus, normalised 0-1)"
ORN_VA1v,Or47b,HGINCPLSRVDWNT-UHFFFAOYSA-N,0.157656093854446,"measured (DoOR consensus, normalised 0-1)"
ORN_VA1v,Or47b,NUJGJRNETVAIRJ-UHFFFAOYSA-N,0.0403842453064745,"measured (DoOR consensus, normalised 0-1)"
ORN_VA1v,Or47b,KSMVZQYAVGTKIV-UHFFFAOYSA-N,0.130190518082667,"measured (DoOR consensus, normalised 0-1)"
ORN_VA1v,Or47b,FXHGMKSSBGDXIY-UHFFFAOYSA-N,0.129491636582463,"measured (DoOR consensus, normalised 0-1)"
ORN_VA1v,Or47b,GYHFUZHODSMOHU-UHFFFAOYSA-N,0.0318811951365366,"measured (DoOR consensus, normalised 0-1)"
ORN_VA1v,Or47b,CSCPPACGZOOCGX-UHFFFAOYSA-N,0.1789283463532,"measured (DoOR consensus, normalised 0-1)"
ORN_VA1v,Or47b,ZWEHNKRNPOVVGH-UHFFFAOYSA-N,0.15816853128531,"measured (DoOR consensus, normalised 0-1)"
ORN_VA1v,Or47b,XNLICIUVMPYHGG-UHFFFAOYSA-N,0.10987992901905,"measured (DoOR consensus, normalised 0-1)"
ORN_VA1v,Or47b,CATSNJVOTSVZJV-UHFFFAOYSA-N,0.185326415766172,"measured (DoOR consensus, normalised 0-1)"
ORN_VA1v,Or47b,UHEPJGULSIKKTP-UHFFFAOYSA-N,0.253785467835209,"measured (DoOR consensus, normalised 0-1)"
ORN_VA1v,Or47b,QSJXEFYPDANLFS-UHFFFAOYSA-N,0.189881962315336,"measured (DoOR consensus, normalised 0-1)"
ORN_VA1v,Or47b,LABTWGUMFABVFG-ARJAWSKDSA-N,0.189944886350094,"measured (DoOR consensus, normalised 0-1)"
ORN_VA1v,Or47b,QQZOPKMRPOGIEB-UHFFFAOYSA-N,0.126942229258013,"measured (DoOR consensus, normalised 0-1)"
ORN_VA1v,Or47b,PFCHFHIRKBAQGU-UHFFFAOYSA-N,0.0665923015641182,"measured (DoOR consensus, normalised 0-1)"
ORN_VA1v,Or47b,JHIVVAPYMSGYDF-UHFFFAOYSA-N,0.193909793010573,"measured (DoOR consensus, normalised 0-1)"
ORN_VA1v,Or47b,ZPVFWPFBNIEHGJ-UHFFFAOYSA-N,0.146614233337457,"measured (DoOR consensus, normalised 0-1)"
ORN_VA1v,Or47b,VKCYHJWLYTUGCC-UHFFFAOYSA-N,0.122153380830323,"measured (DoOR consensus, normalised 0-1)"
ORN_VA1v,Or47b,WRMNZCZEMHIOCP-UHFFFAOYSA-N,0.149826817339967,"measured (DoOR consensus, normalised 0-1)"
ORN_VA1v,Or47b,WVDDGKGOMKODPV-UHFFFAOYSA-N,0.139683746711987,"measured (DoOR consensus, normalised 0-1)"
ORN_VA1v,Or47b,OSWPMRLSEDHDFF-UHFFFAOYSA-N,0.246712226291758,"measured (DoOR consensus, normalised 0-1)"
ORN_VA1v,Or47b,QPJVMBTYPHYUOC-UHFFFAOYSA-N,0.187945732034052,"measured (DoOR consensus, normalised 0-1)"
ORN_VA1v,Or47b,MTZQAGJQAFMTAQ-UHFFFAOYSA-N,0.168939050060721,"measured (DoOR consensus, normalised 0-1)"
ORN_VA1v,Or47b,MDHYEMXUFSJLGV-UHFFFAOYSA-N,0.160154090634907,"measured (DoOR consensus, normalised 0-1)"
ORN_VA1v,Or47b,HUMNYLRZRPPJDN-UHFFFAOYSA-N,0.128947632586571,"measured (DoOR consensus, normalised 0-1)"
ORN_VA1v,Or47b,DTUQWGWMVIHBKE-UHFFFAOYSA-N,0.155136043309504,"measured (DoOR consensus, normalised 0-1)"
ORN_VA1v,Or47b,KWOLFJPFCHCOCG-UHFFFAOYSA-N,0.182644041293076,"measured (DoOR consensus, normalised 0-1)"
ORN_VA1v,Or47b,KBEBGUQPQBELIU-CMDGGOBGSA-N,0.196487095088294,"measured (DoOR consensus, normalised 0-1)"
ORN_VA1v,Or47b,QWVGKYWNOKOFNN-UHFFFAOYSA-N,0.126568461715599,"measured (DoOR consensus, normalised 0-1)"
ORN_VA1v,Or47b,CHWNEIVBYREQRF-UHFFFAOYSA-N,0.185266147084393,"measured (DoOR consensus, normalised 0-1)"
ORN_VA1v,Or47b,RRAFCDWBNXTKKO-UHFFFAOYSA-N,0.181053722949091,"measured (DoOR consensus, normalised 0-1)"
ORN_VA1v,Or47b,RUVINXPYWBROJD-ONEGZZNKSA-N,0.241662117365178,"measured (DoOR consensus, normalised 0-1)"
ORN_VA1v,Or47b,ZRSNZINYAWTAHE-UHFFFAOYSA-N,0.291190504769084,"measured (DoOR consensus, normalised 0-1)"
ORN_VA1v,Or47b,RDOXTESZEPMUJZ-UHFFFAOYSA-N,0.177015578596323,"measured (DoOR consensus, normalised 0-1)"
ORN_VA1v,Or47b,ZYEMGPIYFIJGTP-UHFFFAOYSA-N,0.213706857357025,"measured (DoOR consensus, normalised 0-1)"
ORN_VA1v,Or47b,BJIOGJUNALELMI-ONEGZZNKSA-N,0.137878214584909,"measured (DoOR consensus, normalised 0-1)"
ORN_VA1v,Or47b,IWDCLRJOBJJRNH-UHFFFAOYSA-N,0.231528335612222,"measured (DoOR consensus, normalised 0-1)"
ORN_VA1v,Or47b,LCHYEKKJCUJAKN-UHFFFAOYSA-N,0.100138613573902,"measured (DoOR consensus, normalised 0-1)"
ORN_VA1v,Or47b,JFDZBHWFFUWGJE-UHFFFAOYSA-N,0.196584260602031,"measured (DoOR consensus, normalised 0-1)"
ORN_VA1v,Or47b,GEWDNTWNSAZUDX-SNAWJCMRSA-N,0.195885379101827,"measured (DoOR consensus, normalised 0-1)"
ORN_VA1v,Or47b,IXQGCWUGDFDQMF-UHFFFAOYSA-N,0.0299642878340234,"measured (DoOR consensus, normalised 0-1)"
ORN_VA1v,Or47b,OKKJLVBELUTLKV-UHFFFAOYSA-N,0.144687431236423,"measured (DoOR consensus, normalised 0-1)"
ORN_VA1v,Or47b,LFQSCWFLJHTTHZ-UHFFFAOYSA-N,0.141936809684191,"measured (DoOR consensus, normalised 0-1)"
ORN_VA1v,Or47b,BDERNNFJNOPAEC-UHFFFAOYSA-N,0.152587163828852,"measured (DoOR consensus, normalised 0-1)"
ORN_VA1v,Or47b,LRHPLDYGYMQRHN-UHFFFAOYSA-N,0.133133080608284,"measured (DoOR consensus, normalised 0-1)"
ORN_VA1v,Or47b,AMQJEAYHLZJPGS-UHFFFAOYSA-N,0.10987992901905,"measured (DoOR consensus, normalised 0-1)"
ORN_VA1v,Or47b,ZSIAUFGUXNUGDI-UHFFFAOYSA-N,0.0742765128862642,"measured (DoOR consensus, normalised 0-1)"
ORN_VA1v,Or47b,KBPLFHHGFOOTCA-UHFFFAOYSA-N,0.104173035834625,"measured (DoOR consensus, normalised 0-1)"
ORN_VA1v,Or47b,JYVLIDXNZAXMDK-UHFFFAOYSA-N,0.0971163470029459,"measured (DoOR consensus, normalised 0-1)"
ORN_VA1v,Or47b,PHTQWCKDNZKARW-UHFFFAOYSA-N,0.0991732573443123,"measured (DoOR consensus, normalised 0-1)"
ORN_VA1v,Or47b,ASUAYTHWZCLXAN-UHFFFAOYSA-N,0.133133080608284,"measured (DoOR consensus, normalised 0-1)"
ORN_VA1v,Or47b,VHVMXWZXFBOANQ-UHFFFAOYSA-N,0.0718284908774701,"measured (DoOR consensus, normalised 0-1)"
ORN_VA1v,Or47b,VSMOENVRRABVKN-UHFFFAOYSA-N,0.127077122192522,"measured (DoOR consensus, normalised 0-1)"
ORN_VA1v,Or47b,ZCHHRLHTBGRGOT-SNAWJCMRSA-N,0.0420162435730156,"measured (DoOR consensus, normalised 0-1)"
ORN_VA1v,Or47b,ZCHHRLHTBGRGOT-PLNGDYQASA-N,0.0875483059775813,"measured (DoOR consensus, normalised 0-1)"
ORN_VA1v,Or47b,UFLHIIWVXFIJGU-ONEGZZNKSA-N,0.0875483059775813,"measured (DoOR consensus, normalised 0-1)"
ORN_VA1v,Or47b,UFLHIIWVXFIJGU-ARJAWSKDSA-N,0.104916246422099,"measured (DoOR consensus, normalised 0-1)"
ORN_VA1v,Or47b,PEDCQBHIVMGVHV-UHFFFAOYSA-N,0.196487095088294,"measured (DoOR consensus, normalised 0-1)"
ORN_VA1v,Or47b,OWBTYPJTUOEWEK-UHFFFAOYSA-N,0.172578342993801,"measured (DoOR consensus, normalised 0-1)"
ORN_VA1v,Or47b,HPXRVTGHNJAIIH-UHFFFAOYSA-N,0.150639839226134,"measured (DoOR consensus, normalised 0-1)"
ORN_VA1v,Or47b,MWKFXSUHUHTGQN-UHFFFAOYSA-N,0.259005283744391,"measured (DoOR consensus, normalised 0-1)"
ORN_VA1v,Or47b,MQWCXKGKQLNYQG-UHFFFAOYSA-N,0.209280936234345,"measured (DoOR consensus, normalised 0-1)"
ORN_VA1v,Or47b,NMRPBPVERJPACX-UHFFFAOYSA-N,0.138227655335011,"measured (DoOR consensus, normalised 0-1)"
ORN_VA1v,Or47b,WOFPPJOZXUTRAU-UHFFFAOYSA-N,0.139275977585317,"measured (DoOR consensus, normalised 0-1)"
ORN_VA1v,Or47b,CETWDUZRCINIHU-UHFFFAOYSA-N,0.112019599077367,"measured (DoOR consensus, normalised 0-1)"
ORN_VA1v,Or47b,QNVRIHYSUZMSGM-UHFFFAOYSA-N,0.0290562791117802,"measured (DoOR consensus, normalised 0-1)"
ORN_VA1v,Or47b,BVOSSZSHBZQJOI-UHFFFAOYSA-N,0.153952489089597,"measured (DoOR consensus, normalised 0-1)"
ORN_VA1v,Or47b,KXKVLQRXCPHEJC-UHFFFAOYSA-N,0.144687431236423,"measured (DoOR consensus, normalised 0-1)"
ORN_VA1v,Or47b,XEKOWRVHYACXOJ-UHFFFAOYSA-N,0.192071520286958,"measured (DoOR consensus, normalised 0-1)"
ORN_VA1v,Or47b,YKYONYBAUNKHLG-UHFFFAOYSA-N,0.0875483059775813,"measured (DoOR consensus, normalised 0-1)"
ORN_VA1v,Or47b,DKPFZGUDAPQIHT-UHFFFAOYSA-N,0.0466174314491772,"measured (DoOR consensus, normalised 0-1)"
ORN_VA1v,Or47b,PGMYKACGEOXYJE-UHFFFAOYSA-N,0.134316472715238,"measured (DoOR consensus, normalised 0-1)"
ORN_VA1v,Or47b,AOGQPLXWSUTHQB-UHFFFAOYSA-N,0.11255165829545,"measured (DoOR consensus, normalised 0-1)"
ORN_VA1v,Or47b,GJRQTCIYDGXPES-UHFFFAOYSA-N,0.122964174761942,"measured (DoOR consensus, normalised 0-1)"
ORN_VA1v,Or47b,MLFHJEHSLIIPHL-UHFFFAOYSA-N,0.0355300997067185,"measured (DoOR consensus, normalised 0-1)"
ORN_VA1v,Or47b,HRHOWZHRCRZVCU-WAYWQWQTSA-N,0.118155973957981,"measured (DoOR consensus, normalised 0-1)"
ORN_VA1v,Or47b,UUIQMZJEGPQKFD-UHFFFAOYSA-N,0.133133080608284,"measured (DoOR consensus, normalised 0-1)"
ORN_VA1v,Or47b,OBNCKNCVKJNDBV-UHFFFAOYSA-N,0.158192039318948,"measured (DoOR consensus, normalised 0-1)"
ORN_VA1v,Or47b,XAPCMTMQBXLDBB-UHFFFAOYSA-N,0.164150990044272,"measured (DoOR consensus, normalised 0-1)"
ORN_VA1v,Or47b,OMSUIQOIVADKIM-UHFFFAOYSA-N,0.0718284908774701,"measured (DoOR consensus, normalised 0-1)"
ORN_VA1v,Or47b,FKRCODPIKNYEAC-UHFFFAOYSA-N,0.139106266463575,"measured (DoOR consensus, normalised 0-1)"
ORN_VA1v,Or47b,WBJINCZRORDGAQ-UHFFFAOYSA-N,0.17004701704737,"measured (DoOR consensus, normalised 0-1)"
ORN_VA1v,Or47b,NUKZAGXMHTUAFE-UHFFFAOYSA-N,0.0971163470029459,"measured (DoOR consensus, normalised 0-1)"
ORN_VA1v,Or47b,SHZIWNPUGXLXDT-UHFFFAOYSA-N,0.10987992901905,"measured (DoOR consensus, normalised 0-1)"
ORN_VA1v,Or47b,NCDCLPBOMHPFCV-UHFFFAOYSA-N,0.214407743151467,"measured (DoOR consensus, normalised 0-1)"
ORN_VA1v,Or47b,JGHZJRVDZXSNKQ-UHFFFAOYSA-N,0.129941691495006,"measured (DoOR consensus, normalised 0-1)"
ORN_VA1v,Or47b,YYZUSRORWSJGET-UHFFFAOYSA-N,0.18006791133422,"measured (DoOR consensus, normalised 0-1)"
ORN_VA1v,Or47b,RGXWDWUGBIJHDO-UHFFFAOYSA-N,0.190696749046354,"measured (DoOR consensus, normalised 0-1)"
ORN_VA1v,Or47b,ZFDIRQKJPRINOQ-HWKANZROSA-N,0.0971163470029459,"measured (DoOR consensus, normalised 0-1)"
ORN_VA1v,Or47b,LZCLXQDLBQLTDK-UHFFFAOYSA-N,0.122964174761942,"measured (DoOR consensus, normalised 0-1)"
ORN_VA1v,Or47b,DKMROQRQHGEIOW-UHFFFAOYSA-N,0.157656093854446,"measured (DoOR consensus, normalised 0-1)"
ORN_VA1v,Or47b,XHIUFYZDQBSEMF-UHFFFAOYSA-N,0.113417362077775,"measured (DoOR consensus, normalised 0-1)"
ORN_VA1v,Or47b,OMSUIQOIVADKIM-RXMQYKEDSA-N,0.267124078237106,"measured (DoOR consensus, normalised 0-1)"
ORN_VA1v,Or47b,OMSUIQOIVADKIM-YFKPBYRVSA-N,0.161989626341941,"measured (DoOR consensus, normalised 0-1)"
ORN_VA1v,Or47b,HCRBXQFHJMCTLF-UHFFFAOYSA-N,0.177365019346425,"measured (DoOR consensus, normalised 0-1)"
ORN_VA1v,Or47b,ACCRBMDJCPPJDX-UHFFFAOYSA-N,0.203223634853967,"measured (DoOR consensus, normalised 0-1)"
ORN_VA1v,Or47b,LYRIITRHDCNUHV-UHFFFAOYSA-N,0.217900146358248,"measured (DoOR consensus, normalised 0-1)"
ORN_VA1v,Or47b,ZARFDQHJMNVNLE-WEVVVXLNSA-N,0.256299018913486,"measured (DoOR consensus, normalised 0-1)"
ORN_VA1v,Or47b,FFOPEPMHKILNIT-UHFFFAOYSA-N,0.186101038098973,"measured (DoOR consensus, normalised 0-1)"
ORN_VA1v,Or47b,YYJWBYNQJLBIGS-PLNGDYQASA-N,0.27186004169119,"measured (DoOR consensus, normalised 0-1)"
ORN_VA1v,Or47b,OAPHLAAOJMTMLY-GQCTYLIASA-N,0.198680905102642,"measured (DoOR consensus, normalised 0-1)"
ORN_VA1v,Or47b,VUPBIVVRPJDWNW-FNORWQNLSA-N,0.148710877838068,"measured (DoOR consensus, normalised 0-1)"
ORN_VA1v,Or47b,PPXUHEORWJQRHJ-UHFFFAOYSA-N,0.248663485997718,"measured (DoOR consensus, normalised 0-1)"
ORN_VA1v,Or47b,ZCZSIDMEHXZRLG-UHFFFAOYSA-N,0.172472848844999,"measured (DoOR consensus, normalised 0-1)"
ORN_VA1v,Or47b,NPFVOOAXDOBMCE-PLNGDYQASA-N,0.108175750826246,"measured (DoOR consensus, normalised 0-1)"
ORN_VA1v,Or47b,OUGPMNMLWKSBRI-UHFFFAOYSA-N,0.140324299835622,"measured (DoOR consensus, normalised 0-1)"
ORN_VA1v,Or47b,IEMMBWWQXVXBEU-UHFFFAOYSA-N,0.0,"measured (DoOR consensus, normalised 0-1)"
ORN_VA1v,Or47b,GSCLMSFRWBPUSK-UHFFFAOYSA-N,0.213357416606923,"measured (DoOR consensus, normalised 0-1)"
ORN_VA1v,Or47b,GAEKPEKOJKCEMS-UHFFFAOYSA-N,0.140324299835622,"measured (DoOR consensus, normalised 0-1)"
ORN_VA1v,Or47b,VLSVVMPLPMNWBH-UHFFFAOYSA-N,0.0788227278176853,"measured (DoOR consensus, normalised 0-1)"
ORN_VA1v,Or47b,solvent,0.206159723335033,"measured (DoOR consensus, normalised 0-1)"
ORN_VA1v,Or47b,IMNFDUFMRHMDMM-UHFFFAOYSA-N,0.184703275098566,"measured (DoOR consensus, normalised 0-1)"
ORN_VA1v,Or47b,TVMXDCGIABBOFY-UHFFFAOYSA-N,0.196584260602031,"measured (DoOR consensus, normalised 0-1)"
ORN_VA1v,Or47b,BKIMMITUMNQMOS-UHFFFAOYSA-N,0.207766364605292,"measured (DoOR consensus, normalised 0-1)"
ORN_VA1v,Or47b,CURLTUGMZLYLDI-UHFFFAOYSA-N,0.225712971984226,"measured (DoOR consensus, normalised 0-1)"
ORN_DL3,Or65a,VHUUQVKOLVNVRT-UHFFFAOYSA-N,0.0692881563970985,"measured (DoOR consensus, normalised 0-1)"
ORN_DL3,Or65a,KIDHWZJUCRJVML-UHFFFAOYSA-N,0.0527466368479647,"measured (DoOR consensus, normalised 0-1)"
ORN_DL3,Or65a,VHRGRCVQAFMJIZ-UHFFFAOYSA-N,0.0561359132303256,"measured (DoOR consensus, normalised 0-1)"
ORN_DL3,Or65a,YEJRWHAVMIAJKC-UHFFFAOYSA-N,0.0787705068840572,"measured (DoOR consensus, normalised 0-1)"
ORN_DL3,Or65a,JBFHTYHTHYHCDJ-UHFFFAOYSA-N,0.114174747404041,"measured (DoOR consensus, normalised 0-1)"
ORN_DL3,Or65a,IPBFYZQJXZJBFQ-UHFFFAOYSA-N,0.119768980988405,"measured (DoOR consensus, normalised 0-1)"
ORN_DL3,Or65a,IFYYFLINQYPWGJ-UHFFFAOYSA-N,0.0527466368479647,"measured (DoOR consensus, normalised 0-1)"
ORN_DL3,Or65a,GHBSPIPJMLAMEP-UHFFFAOYSA-N,0.0423089190901143,"measured (DoOR consensus, normalised 0-1)"
ORN_DL3,Or65a,BDAGIHXWWSANSR-UHFFFAOYSA-N,0.0660576345477512,"measured (DoOR consensus, normalised 0-1)"
ORN_DL3,Or65a,QTBSBXVTEAMEQO-UHFFFAOYSA-N,0.0724828524154027,"measured (DoOR consensus, normalised 0-1)"
ORN_DL3,Or65a,XBDQKXXYIPTUBI-UHFFFAOYSA-N,0.0849316081354131,"measured (DoOR consensus, normalised 0-1)"
ORN_DL3,Or65a,FERIUCNNQQJTOY-UHFFFAOYSA-N,0.0879679414129008,"measured (DoOR consensus, normalised 0-1)"
ORN_DL3,Or65a,NQPDZGIKBAWPEJ-UHFFFAOYSA-N,0.0660576345477512,"measured (DoOR consensus, normalised 0-1)"
ORN_DL3,Or65a,FUZZWVXGSFPDMH-UHFFFAOYSA-N,0.0818662174138386,"measured (DoOR consensus, normalised 0-1)"
ORN_DL3,Or65a,MNWFXJYAOYHMED-UHFFFAOYSA-N,0.0561359132303256,"measured (DoOR consensus, normalised 0-1)"
ORN_DL3,Or65a,WWZKQHOCKIZLMA-UHFFFAOYSA-N,0.0561359132303256,"measured (DoOR consensus, normalised 0-1)"
ORN_DL3,Or65a,FBUKVWPVBMHYJY-UHFFFAOYSA-N,0.0387336993445788,"measured (DoOR consensus, normalised 0-1)"
ORN_DL3,Or65a,OYHQOLUKZRVURQ-HZJYTTRNSA-N,0.0849316081354131,"measured (DoOR consensus, normalised 0-1)"
ORN_DL3,Or65a,KQNPFQTWMSNSAP-UHFFFAOYSA-N,0.0660576345477512,"measured (DoOR consensus, normalised 0-1)"
ORN_DL3,Or65a,GWYFCOCPABKNJV-UHFFFAOYSA-N,0.0692881563970985,"measured (DoOR consensus, normalised 0-1)"
ORN_DL3,Or65a,LCTONWCANYUPML-UHFFFAOYSA-N,0.0849316081354131,"measured (DoOR consensus, normalised 0-1)"
ORN_DL3,Or65a,OBETXYAYXDNJHR-UHFFFAOYSA-N,0.0692881563970985,"measured (DoOR consensus, normalised 0-1)"
ORN_DL3,Or65a,JVTAAEKCZFNVCJ-UHFFFAOYSA-N,0.0660576345477512,"measured (DoOR consensus, normalised 0-1)"
ORN_DL3,Or65a,CZUGFKJYCPYHHV-UHFFFAOYSA-N,0.0527466368479647,"measured (DoOR consensus, normalised 0-1)"
ORN_DL3,Or65a,QMMFVYPAHWMCMS-UHFFFAOYSA-N,0.0387336993445788,"measured (DoOR consensus, normalised 0-1)"
ORN_DL3,Or65a,MOYAFQVGZZPNRA-UHFFFAOYSA-N,0.0458349178600955,"measured (DoOR consensus, normalised 0-1)"
ORN_DL3,Or65a,GRWFGVWFFZKLTI-UHFFFAOYSA-N,0.0627897915596035,"measured (DoOR consensus, normalised 0-1)"
ORN_DL3,Or65a,WTARULDDTDQWMU-UHFFFAOYSA-N,0.0387336993445788,"measured (DoOR consensus, normalised 0-1)"
ORN_DL3,Or65a,BQOFWKZOCNGFEC-UHFFFAOYSA-N,0.0493135554405226,"measured (DoOR consensus, normalised 0-1)"
ORN_DL3,Or65a,XMGQYMWWDOXHJM-UHFFFAOYSA-N,0.0493135554405226,"measured (DoOR consensus, normalised 0-1)"
ORN_DL3,Or65a,FAMPSKZZVDUYOS-HRGUGZIWSA-N,0.0527466368479647,"measured (DoOR consensus, normalised 0-1)"
ORN_DL3,Or65a,UAHWPYUMFXYFJY-UHFFFAOYSA-N,0.0561359132303256,"measured (DoOR consensus, normalised 0-1)"
ORN_DL3,Or65a,NPNUFJAVOOONJE-GFUGXAQUSA-N,0.0561359132303256,"measured (DoOR consensus, normalised 0-1)"
ORN_DL3,Or65a,HFPZCAJZSCWRBC-UHFFFAOYSA-N,0.0314278784975958,"measured (DoOR consensus, normalised 0-1)"
ORN_DL3,Or65a,HIGQPQRQIQDZMP-DHZHZOJOSA-N,0.0473884724956982,"measured (DoOR consensus, normalised 0-1)"
ORN_DL3,Or65a,WUOACPNHFRMFPN-SECBINFHSA-N,0.0724828524154027,"measured (DoOR consensus, normalised 0-1)"
ORN_DL3,Or65a,GLZPCOQZEFWAFX-JXMROGBWSA-N,0.0527466368479647,"measured (DoOR consensus, normalised 0-1)"
ORN_DL3,Or65a,GLZPCOQZEFWAFX-YFHOEESVSA-N,0.075643169465087,"measured (DoOR consensus, normalised 0-1)"
ORN_DL3,Or65a,CDOSHBSSFJOMGT-UHFFFAOYSA-N,0.0660576345477512,"measured (DoOR consensus, normalised 0-1)"
ORN_DL3,Or65a,QMVPMAAFGQKVCJ-SNVBAGLBSA-N,0.0561359132303256,"measured (DoOR consensus, normalised 0-1)"
ORN_DL3,Or65a,BRHDDEIRQPDPMG-UHFFFAOYSA-N,0.0692881563970985,"measured (DoOR consensus, normalised 0-1)"
ORN_DL3,Or65a,IKHGUXGNUITLKF-UHFFFAOYSA-N,0.0998464357598768,"measured (DoOR consensus, normalised 0-1)"
ORN_DL3,Or65a,NBBJYMSMWIIQGU-UHFFFAOYSA-N,0.0351073431628581,"measured (DoOR consensus, normalised 0-1)"
ORN_DL3,Or65a,ZTQSAGDEMFDKMZ-UHFFFAOYSA-N,0.0458349178600955,"measured (DoOR consensus, normalised 0-1)"
ORN_DL3,Or65a,HGBOYTHUEUWSSQ-UHFFFAOYSA-N,0.0627897915596035,"measured (DoOR consensus, normalised 0-1)"
ORN_DL3,Or65a,JARKCYVAAOWBJS-UHFFFAOYSA-N,0.0998464357598768,"measured (DoOR consensus, normalised 0-1)"
ORN_DL3,Or65a,MBDOYVRWFFCFHM-SNAWJCMRSA-N,0.0445010073092604,"measured (DoOR consensus, normalised 0-1)"
ORN_DL3,Or65a,HYBBIBNJHNGZAN-UHFFFAOYSA-N,0.0561359132303256,"measured (DoOR consensus, normalised 0-1)"
ORN_DL3,Or65a,HGINCPLSRVDWNT-UHFFFAOYSA-N,0.0660576345477512,"measured (DoOR consensus, normalised 0-1)"
ORN_DL3,Or65a,CSCPPACGZOOCGX-UHFFFAOYSA-N,0.0351073431628581,"measured (DoOR consensus, normalised 0-1)"
ORN_DL3,Or65a,ZWEHNKRNPOVVGH-UHFFFAOYSA-N,0.0527466368479647,"measured (DoOR consensus, normalised 0-1)"
ORN_DL3,Or65a,XNLICIUVMPYHGG-UHFFFAOYSA-N,0.0969145695011672,"measured (DoOR consensus, normalised 0-1)"
ORN_DL3,Or65a,CATSNJVOTSVZJV-UHFFFAOYSA-N,0.163864796864709,"measured (DoOR consensus, normalised 0-1)"
ORN_DL3,Or65a,UHEPJGULSIKKTP-UHFFFAOYSA-N,0.194686375384658,"measured (DoOR consensus, normalised 0-1)"
ORN_DL3,Or65a,QSJXEFYPDANLFS-UHFFFAOYSA-N,0.101265798893391,"measured (DoOR consensus, normalised 0-1)"
ORN_DL3,Or65a,WRMNZCZEMHIOCP-UHFFFAOYSA-N,0.0387336993445788,"measured (DoOR consensus, normalised 0-1)"
ORN_DL3,Or65a,WVDDGKGOMKODPV-UHFFFAOYSA-N,0.046520790637623,"measured (DoOR consensus, normalised 0-1)"
ORN_DL3,Or65a,OSWPMRLSEDHDFF-UHFFFAOYSA-N,0.0082217817871958,"measured (DoOR consensus, normalised 0-1)"
ORN_DL3,Or65a,QPJVMBTYPHYUOC-UHFFFAOYSA-N,0.0527466368479647,"measured (DoOR consensus, normalised 0-1)"
ORN_DL3,Or65a,MTZQAGJQAFMTAQ-UHFFFAOYSA-N,0.0387336993445788,"measured (DoOR consensus, normalised 0-1)"
ORN_DL3,Or65a,MDHYEMXUFSJLGV-UHFFFAOYSA-N,0.11135002673713,"measured (DoOR consensus, normalised 0-1)"
ORN_DL3,Or65a,HUMNYLRZRPPJDN-UHFFFAOYSA-N,0.0201432565752158,"measured (DoOR consensus, normalised 0-1)"
ORN_DL3,Or65a,DTUQWGWMVIHBKE-UHFFFAOYSA-N,0.0692881563970985,"measured (DoOR consensus, normalised 0-1)"
ORN_DL3,Or65a,KWOLFJPFCHCOCG-UHFFFAOYSA-N,0.0969145695011672,"measured (DoOR consensus, normalised 0-1)"
ORN_DL3,Or65a,KBEBGUQPQBELIU-CMDGGOBGSA-N,0.0660576345477512,"measured (DoOR consensus, normalised 0-1)"
ORN_DL3,Or65a,QWVGKYWNOKOFNN-UHFFFAOYSA-N,0.0,"measured (DoOR consensus, normalised 0-1)"
ORN_DL3,Or65a,CHWNEIVBYREQRF-UHFFFAOYSA-N,0.0314278784975958,"measured (DoOR consensus, normalised 0-1)"
ORN_DL3,Or65a,RRAFCDWBNXTKKO-UHFFFAOYSA-N,0.0351073431628581,"measured (DoOR consensus, normalised 0-1)"
ORN_DL3,Or65a,QUKGYYKBILRGFE-UHFFFAOYSA-N,0.0868739500883698,"measured (DoOR consensus, normalised 0-1)"
ORN_DL3,Or65a,OKKJLVBELUTLKV-UHFFFAOYSA-N,0.0692881563970985,"measured (DoOR consensus, normalised 0-1)"
ORN_DL3,Or65a,LFQSCWFLJHTTHZ-UHFFFAOYSA-N,0.0660576345477512,"measured (DoOR consensus, normalised 0-1)"
ORN_DL3,Or65a,BDERNNFJNOPAEC-UHFFFAOYSA-N,0.0423089190901143,"measured (DoOR consensus, normalised 0-1)"
ORN_DL3,Or65a,LRHPLDYGYMQRHN-UHFFFAOYSA-N,0.0527466368479647,"measured (DoOR consensus, normalised 0-1)"
ORN_DL3,Or65a,AMQJEAYHLZJPGS-UHFFFAOYSA-N,0.0627897915596035,"measured (DoOR consensus, normalised 0-1)"
ORN_DL3,Or65a,ZSIAUFGUXNUGDI-UHFFFAOYSA-N,0.0809036379503007,"measured (DoOR consensus, normalised 0-1)"
ORN_DL3,Or65a,KBPLFHHGFOOTCA-UHFFFAOYSA-N,0.0458349178600955,"measured (DoOR consensus, normalised 0-1)"
ORN_DL3,Or65a,JYVLIDXNZAXMDK-UHFFFAOYSA-N,0.0849316081354131,"measured (DoOR consensus, normalised 0-1)"
ORN_DL3,Or65a,PHTQWCKDNZKARW-UHFFFAOYSA-N,0.0561359132303256,"measured (DoOR consensus, normalised 0-1)"
ORN_DL3,Or65a,ASUAYTHWZCLXAN-UHFFFAOYSA-N,0.0724828524154027,"measured (DoOR consensus, normalised 0-1)"
ORN_DL3,Or65a,VHVMXWZXFBOANQ-UHFFFAOYSA-N,0.0561359132303256,"measured (DoOR consensus, normalised 0-1)"
ORN_DL3,Or65a,VSMOENVRRABVKN-UHFFFAOYSA-N,0.0933040656600708,"measured (DoOR consensus, normalised 0-1)"
ORN_DL3,Or65a,ZCHHRLHTBGRGOT-SNAWJCMRSA-N,0.0724828524154027,"measured (DoOR consensus, normalised 0-1)"
ORN_DL3,Or65a,ZCHHRLHTBGRGOT-PLNGDYQASA-N,0.0387336993445788,"measured (DoOR consensus, normalised 0-1)"
ORN_DL3,Or65a,UFLHIIWVXFIJGU-ONEGZZNKSA-N,0.0818662174138386,"measured (DoOR consensus, normalised 0-1)"
ORN_DL3,Or65a,UFLHIIWVXFIJGU-ARJAWSKDSA-N,0.0387336993445788,"measured (DoOR consensus, normalised 0-1)"
ORN_DL3,Or65a,PEDCQBHIVMGVHV-UHFFFAOYSA-N,0.0493135554405226,"measured (DoOR consensus, normalised 0-1)"
ORN_DL3,Or65a,OWBTYPJTUOEWEK-UHFFFAOYSA-N,0.0387336993445788,"measured (DoOR consensus, normalised 0-1)"
ORN_DL3,Or65a,KXKVLQRXCPHEJC-UHFFFAOYSA-N,0.0493135554405226,"measured (DoOR consensus, normalised 0-1)"
ORN_DL3,Or65a,XEKOWRVHYACXOJ-UHFFFAOYSA-N,0.0550550206732261,"measured (DoOR consensus, normalised 0-1)"
ORN_DL3,Or65a,YKYONYBAUNKHLG-UHFFFAOYSA-N,0.0660576345477512,"measured (DoOR consensus, normalised 0-1)"
ORN_DL3,Or65a,DKPFZGUDAPQIHT-UHFFFAOYSA-N,0.128034341131456,"measured (DoOR consensus, normalised 0-1)"
ORN_DL3,Or65a,PGMYKACGEOXYJE-UHFFFAOYSA-N,0.156762739511457,"measured (DoOR consensus, normalised 0-1)"
ORN_DL3,Or65a,AOGQPLXWSUTHQB-UHFFFAOYSA-N,0.177305733320572,"measured (DoOR consensus, normalised 0-1)"
ORN_DL3,Or65a,GJRQTCIYDGXPES-UHFFFAOYSA-N,0.0724828524154027,"measured (DoOR consensus, normalised 0-1)"
ORN_DL3,Or65a,MLFHJEHSLIIPHL-UHFFFAOYSA-N,0.090976435845002,"measured (DoOR consensus, normalised 0-1)"
ORN_DL3,Or65a,HRHOWZHRCRZVCU-WAYWQWQTSA-N,0.162408040122785,"measured (DoOR consensus, normalised 0-1)"
ORN_DL3,Or65a,UUIQMZJEGPQKFD-UHFFFAOYSA-N,0.0692881563970985,"measured (DoOR consensus, normalised 0-1)"
ORN_DL3,Or65a,OBNCKNCVKJNDBV-UHFFFAOYSA-N,0.0382400919468626,"measured (DoOR consensus, normalised 0-1)"
ORN_DL3,Or65a,XAPCMTMQBXLDBB-UHFFFAOYSA-N,0.0849316081354131,"measured (DoOR consensus, normalised 0-1)"
ORN_DL3,Or65a,OMSUIQOIVADKIM-UHFFFAOYSA-N,0.169856886721679,"measured (DoOR consensus, normalised 0-1)"
ORN_DL3,Or65a,FKRCODPIKNYEAC-UHFFFAOYSA-N,0.0724828524154027,"measured (DoOR consensus, normalised 0-1)"
ORN_DL3,Or65a,WBJINCZRORDGAQ-UHFFFAOYSA-N,0.0692881563970985,"measured (DoOR consensus, normalised 0-1)"
ORN_DL3,Or65a,NUKZAGXMHTUAFE-UHFFFAOYSA-N,0.116980787306653,"measured (DoOR consensus, normalised 0-1)"
ORN_DL3,Or65a,SHZIWNPUGXLXDT-UHFFFAOYSA-N,0.0818662174138386,"measured (DoOR consensus, normalised 0-1)"
ORN_DL3,Or65a,NCDCLPBOMHPFCV-UHFFFAOYSA-N,0.0527466368479647,"measured (DoOR consensus, normalised 0-1)"
ORN_DL3,Or65a,JGHZJRVDZXSNKQ-UHFFFAOYSA-N,0.125295003883811,"measured (DoOR consensus, normalised 0-1)"
ORN_DL3,Or65a,YYZUSRORWSJGET-UHFFFAOYSA-N,0.0818662174138386,"measured (DoOR consensus, normalised 0-1)"
ORN_DL3,Or65a,RGXWDWUGBIJHDO-UHFFFAOYSA-N,0.0458349178600955,"measured (DoOR consensus, normalised 0-1)"
ORN_DL3,Or65a,ZFDIRQKJPRINOQ-HWKANZROSA-N,0.0660576345477512,"measured (DoOR consensus, normalised 0-1)"
ORN_DL3,Or65a,LZCLXQDLBQLTDK-UHFFFAOYSA-N,0.149468849374812,"measured (DoOR consensus, normalised 0-1)"
ORN_DL3,Or65a,DKMROQRQHGEIOW-UHFFFAOYSA-N,0.075643169465087,"measured (DoOR consensus, normalised 0-1)"
ORN_DL3,Or65a,SIKJAQJRHWYJAI-UHFFFAOYSA-N,0.0083585989952969,"measured (DoOR consensus, normalised 0-1)"
ORN_DL3,Or65a,solvent,0.0308738217601803,"measured (DoOR consensus, normalised 0-1)"
ORN_DL3,Or65a,CURLTUGMZLYLDI-UHFFFAOYSA-N,0.0481772011895025,"measured (DoOR consensus, normalised 0-1)"
ORN_DL3,Or65a,RWRDLPDLKQPQOW-UHFFFAOYSA-N,0.229149130827886,"measured (DoOR consensus, normalised 0-1)"
ORN_VL2a,Ir84a,XLYOFNOQVPJJNP-UHFFFAOYSA-N,0.201460116201023,"measured (DoOR consensus, normalised 0-1)"
ORN_VL2a,Ir84a,VHUUQVKOLVNVRT-UHFFFAOYSA-N,0.0043266538686343,"measured (DoOR consensus, normalised 0-1)"
ORN_VL2a,Ir84a,KIDHWZJUCRJVML-UHFFFAOYSA-N,0.1624112826655,"measured (DoOR consensus, normalised 0-1)"
ORN_VL2a,Ir84a,VHRGRCVQAFMJIZ-UHFFFAOYSA-N,0.166272039395971,"measured (DoOR consensus, normalised 0-1)"
ORN_VL2a,Ir84a,ROSDSFDQCJNGOL-UHFFFAOYSA-N,0.0218952392131474,"measured (DoOR consensus, normalised 0-1)"
ORN_VL2a,Ir84a,QTBSBXVTEAMEQO-UHFFFAOYSA-N,0.169906351691273,"measured (DoOR consensus, normalised 0-1)"
ORN_VL2a,Ir84a,XBDQKXXYIPTUBI-UHFFFAOYSA-N,0.178098506051477,"measured (DoOR consensus, normalised 0-1)"
ORN_VL2a,Ir84a,FERIUCNNQQJTOY-UHFFFAOYSA-N,0.261440324796133,"measured (DoOR consensus, normalised 0-1)"
ORN_VL2a,Ir84a,ZTQSAGDEMFDKMZ-UHFFFAOYSA-N,0.229514491436815,"measured (DoOR consensus, normalised 0-1)"
ORN_VL2a,Ir84a,QSJXEFYPDANLFS-UHFFFAOYSA-N,0.129177280824047,"measured (DoOR consensus, normalised 0-1)"
ORN_VL2a,Ir84a,WRMNZCZEMHIOCP-UHFFFAOYSA-N,0.127552036015957,"measured (DoOR consensus, normalised 0-1)"
ORN_VL2a,Ir84a,DTUQWGWMVIHBKE-UHFFFAOYSA-N,0.455198314806941,"measured (DoOR consensus, normalised 0-1)"
ORN_VL2a,Ir84a,OWBTYPJTUOEWEK-UHFFFAOYSA-N,0.160227697582484,"measured (DoOR consensus, normalised 0-1)"
ORN_VL2a,Ir84a,XEKOWRVHYACXOJ-UHFFFAOYSA-N,0.149136649788334,"measured (DoOR consensus, normalised 0-1)"
ORN_VL2a,Ir84a,PGMYKACGEOXYJE-UHFFFAOYSA-N,0.12318518115026,"measured (DoOR consensus, normalised 0-1)"
ORN_VL2a,Ir84a,solvent,0.163315313808611,"measured (DoOR consensus, normalised 0-1)"
ORN_VL2a,Ir84a,RWRDLPDLKQPQOW-UHFFFAOYSA-N,0.105118342830645,"measured (DoOR consensus, normalised 0-1)"
ORN_VL2a,Ir84a,BHHGXPLMPWCGHP-UHFFFAOYSA-N,0.0056965702158928,"measured (DoOR consensus, normalised 0-1)"
ORN_VL2a,Ir84a,JUJWROOIHBZHMG-UHFFFAOYSA-N,0.103492135973388,"measured (DoOR consensus, normalised 0-1)"
ORN_VL2a,Ir84a,KDVFRMMRZOCFLS-UHFFFAOYSA-N,0.23532689522325,"measured (DoOR consensus, normalised 0-1)"
ORN_VL2a,Ir84a,QUSNBJAOOMFDIB-UHFFFAOYSA-N,0.0,"measured (DoOR consensus, normalised 0-1)"
ORN_VL2a,Ir84a,WLJVXDMOQOGPHL-UHFFFAOYSA-N,0.348954488682056,"measured (DoOR consensus, normalised 0-1)"
ORN_VL2a,Ir84a,ATHGHQPFGPMSJY-UHFFFAOYSA-N,0.167982874119914,"measured (DoOR consensus, normalised 0-1)"
ORN_VM5d,Or85b,XLYOFNOQVPJJNP-UHFFFAOYSA-N,0.219674453017382,"measured (DoOR consensus, normalised 0-1)"
ORN_VM5d,Or85b,VHUUQVKOLVNVRT-UHFFFAOYSA-N,0.0540395167072734,"measured (DoOR consensus, normalised 0-1)"
ORN_VM5d,Or85b,KIDHWZJUCRJVML-UHFFFAOYSA-N,0.167341314815104,"measured (DoOR consensus, normalised 0-1)"
ORN_VM5d,Or85b,VHRGRCVQAFMJIZ-UHFFFAOYSA-N,0.1012712299526,"measured (DoOR consensus, normalised 0-1)"
ORN_VM5d,Or85b,QGZKDVFQNNGYKY-UHFFFAOYSA-N,0.298913237931172,"measured (DoOR consensus, normalised 0-1)"
ORN_VM5d,Or85b,HZAXFHJVJLSVMW-UHFFFAOYSA-N,0.191017058606509,"measured (DoOR consensus, normalised 0-1)"
ORN_VM5d,Or85b,YEJRWHAVMIAJKC-UHFFFAOYSA-N,0.161897007082224,"measured (DoOR consensus, normalised 0-1)"
ORN_VM5d,Or85b,JBFHTYHTHYHCDJ-UHFFFAOYSA-N,0.182107819258478,"measured (DoOR consensus, normalised 0-1)"
ORN_VM5d,Or85b,IPBFYZQJXZJBFQ-UHFFFAOYSA-N,0.589971848675731,"measured (DoOR consensus, normalised 0-1)"
ORN_VM5d,Or85b,IFYYFLINQYPWGJ-UHFFFAOYSA-N,0.0472845771188642,"measured (DoOR consensus, normalised 0-1)"
ORN_VM5d,Or85b,GHBSPIPJMLAMEP-UHFFFAOYSA-N,0.0844324554767383,"measured (DoOR consensus, normalised 0-1)"
ORN_VM5d,Or85b,BDAGIHXWWSANSR-UHFFFAOYSA-N,0.0506620469130688,"measured (DoOR consensus, normalised 0-1)"
ORN_VM5d,Or85b,QTBSBXVTEAMEQO-UHFFFAOYSA-N,0.0945356323420958,"measured (DoOR consensus, normalised 0-1)"
ORN_VM5d,Or85b,XBDQKXXYIPTUBI-UHFFFAOYSA-N,0.141687318938485,"measured (DoOR consensus, normalised 0-1)"
ORN_VM5d,Or85b,FERIUCNNQQJTOY-UHFFFAOYSA-N,0.133920036912677,"measured (DoOR consensus, normalised 0-1)"
ORN_VM5d,Or85b,NQPDZGIKBAWPEJ-UHFFFAOYSA-N,0.104639072944278,"measured (DoOR consensus, normalised 0-1)"
ORN_VM5d,Or85b,FUZZWVXGSFPDMH-UHFFFAOYSA-N,0.138319145356281,"measured (DoOR consensus, normalised 0-1)"
ORN_VM5d,Or85b,MNWFXJYAOYHMED-UHFFFAOYSA-N,0.128214807414768,"measured (DoOR consensus, normalised 0-1)"
ORN_VM5d,Or85b,WWZKQHOCKIZLMA-UHFFFAOYSA-N,0.232639912382243,"measured (DoOR consensus, normalised 0-1)"
ORN_VM5d,Or85b,FBUKVWPVBMHYJY-UHFFFAOYSA-N,0.148423758088609,"measured (DoOR consensus, normalised 0-1)"
ORN_VM5d,Or85b,OYHQOLUKZRVURQ-HZJYTTRNSA-N,0.198951037147584,"measured (DoOR consensus, normalised 0-1)"
ORN_VM5d,Or85b,KQNPFQTWMSNSAP-UHFFFAOYSA-N,0.121478733494253,"measured (DoOR consensus, normalised 0-1)"
ORN_VM5d,Or85b,GWYFCOCPABKNJV-UHFFFAOYSA-N,0.0709268656782963,"measured (DoOR consensus, normalised 0-1)"
ORN_VM5d,Or85b,LCTONWCANYUPML-UHFFFAOYSA-N,0.0810592750609101,"measured (DoOR consensus, normalised 0-1)"
ORN_VM5d,Or85b,OBETXYAYXDNJHR-UHFFFAOYSA-N,0.337097170943843,"measured (DoOR consensus, normalised 0-1)"
ORN_VM5d,Or85b,JVTAAEKCZFNVCJ-UHFFFAOYSA-N,0.0540395167072734,"measured (DoOR consensus, normalised 0-1)"
ORN_VM5d,Or85b,CZUGFKJYCPYHHV-UHFFFAOYSA-N,0.187263614077116,"measured (DoOR consensus, normalised 0-1)"
ORN_VM5d,Or85b,QMMFVYPAHWMCMS-UHFFFAOYSA-N,0.111374847764934,"measured (DoOR consensus, normalised 0-1)"
ORN_VM5d,Or85b,ALVPFGSHPUPROW-UHFFFAOYSA-N,0.175522160770792,"measured (DoOR consensus, normalised 0-1)"
ORN_VM5d,Or85b,SUVIGLJNEAMWEG-UHFFFAOYSA-N,0.225254513038949,"measured (DoOR consensus, normalised 0-1)"
ORN_VM5d,Or85b,MOYAFQVGZZPNRA-UHFFFAOYSA-N,0.124846755381039,"measured (DoOR consensus, normalised 0-1)"
ORN_VM5d,Or85b,GRWFGVWFFZKLTI-UHFFFAOYSA-N,0.215818387489633,"measured (DoOR consensus, normalised 0-1)"
ORN_VM5d,Or85b,WTARULDDTDQWMU-UHFFFAOYSA-N,0.118110741659148,"measured (DoOR consensus, normalised 0-1)"
ORN_VM5d,Or85b,BQOFWKZOCNGFEC-UHFFFAOYSA-N,0.057416986501478,"measured (DoOR consensus, normalised 0-1)"
ORN_VM5d,Or85b,XMGQYMWWDOXHJM-UHFFFAOYSA-N,0.161897007082224,"measured (DoOR consensus, normalised 0-1)"
ORN_VM5d,Or85b,FAMPSKZZVDUYOS-HRGUGZIWSA-N,0.0675493958840917,"measured (DoOR consensus, normalised 0-1)"
ORN_VM5d,Or85b,UAHWPYUMFXYFJY-UHFFFAOYSA-N,0.0743043354725009,"measured (DoOR consensus, normalised 0-1)"
ORN_VM5d,Or85b,NPNUFJAVOOONJE-GFUGXAQUSA-N,0.118110741659148,"measured (DoOR consensus, normalised 0-1)"
ORN_VM5d,Or85b,HFPZCAJZSCWRBC-UHFFFAOYSA-N,0.0607944562956826,"measured (DoOR consensus, normalised 0-1)"
ORN_VM5d,Or85b,HIGQPQRQIQDZMP-DHZHZOJOSA-N,0.126829989887447,"measured (DoOR consensus, normalised 0-1)"
ORN_VM5d,Or85b,WUOACPNHFRMFPN-SECBINFHSA-N,0.175370755634459,"measured (DoOR consensus, normalised 0-1)"
ORN_VM5d,Or85b,GLZPCOQZEFWAFX-JXMROGBWSA-N,0.141687318938485,"measured (DoOR consensus, normalised 0-1)"
ORN_VM5d,Or85b,GLZPCOQZEFWAFX-YFHOEESVSA-N,0.145055523150024,"measured (DoOR consensus, normalised 0-1)"
ORN_VM5d,Or85b,CDOSHBSSFJOMGT-UHFFFAOYSA-N,0.227982957171011,"measured (DoOR consensus, normalised 0-1)"
ORN_VM5d,Or85b,QMVPMAAFGQKVCJ-SNVBAGLBSA-N,0.198025777147386,"measured (DoOR consensus, normalised 0-1)"
ORN_VM5d,Or85b,BRHDDEIRQPDPMG-UHFFFAOYSA-N,0.114742779780862,"measured (DoOR consensus, normalised 0-1)"
ORN_VM5d,Or85b,RFFOTVCVTJUTAD-UHFFFAOYSA-N,0.138918693091337,"measured (DoOR consensus, normalised 0-1)"
ORN_VM5d,Or85b,XMGQYMWWDOXHJM-JTQLQIEISA-N,0.0992908181997114,"measured (DoOR consensus, normalised 0-1)"
ORN_VM5d,Or85b,IKHGUXGNUITLKF-UHFFFAOYSA-N,0.128214807414768,"measured (DoOR consensus, normalised 0-1)"
ORN_VM5d,Or85b,NBBJYMSMWIIQGU-UHFFFAOYSA-N,0.165163448623174,"measured (DoOR consensus, normalised 0-1)"
ORN_VM5d,Or85b,ZTQSAGDEMFDKMZ-UHFFFAOYSA-N,0.182107819258478,"measured (DoOR consensus, normalised 0-1)"
ORN_VM5d,Or85b,HGBOYTHUEUWSSQ-UHFFFAOYSA-N,0.185476398763978,"measured (DoOR consensus, normalised 0-1)"
ORN_VM5d,Or85b,JARKCYVAAOWBJS-UHFFFAOYSA-N,0.758712637222656,"measured (DoOR consensus, normalised 0-1)"
ORN_VM5d,Or85b,MBDOYVRWFFCFHM-SNAWJCMRSA-N,0.431556597281558,"measured (DoOR consensus, normalised 0-1)"
ORN_VM5d,Or85b,HYBBIBNJHNGZAN-UHFFFAOYSA-N,0.209057355232236,"measured (DoOR consensus, normalised 0-1)"
ORN_VM5d,Or85b,HGINCPLSRVDWNT-UHFFFAOYSA-N,0.124846755381039,"measured (DoOR consensus, normalised 0-1)"
ORN_VM5d,Or85b,LVBXEMGDVWVTGY-VOTSOKGWSA-N,0.175522160770792,"measured (DoOR consensus, normalised 0-1)"
ORN_VM5d,Or85b,GYHFUZHODSMOHU-UHFFFAOYSA-N,0.156072853986172,"measured (DoOR consensus, normalised 0-1)"
ORN_VM5d,Or85b,CSCPPACGZOOCGX-UHFFFAOYSA-N,0.109526245933188,"measured (DoOR consensus, normalised 0-1)"
ORN_VM5d,Or85b,ZWEHNKRNPOVVGH-UHFFFAOYSA-N,0.122579506922774,"measured (DoOR consensus, normalised 0-1)"
ORN_VM5d,Or85b,XNLICIUVMPYHGG-UHFFFAOYSA-N,0.391024304915711,"measured (DoOR consensus, normalised 0-1)"
ORN_VM5d,Or85b,CATSNJVOTSVZJV-UHFFFAOYSA-N,0.713303861401097,"measured (DoOR consensus, normalised 0-1)"
ORN_VM5d,Or85b,UHEPJGULSIKKTP-UHFFFAOYSA-N,0.811677097796875,"measured (DoOR consensus, normalised 0-1)"
ORN_VM5d,Or85b,QSJXEFYPDANLFS-UHFFFAOYSA-N,0.369841328069749,"measured (DoOR consensus, normalised 0-1)"
ORN_VM5d,Or85b,JHIVVAPYMSGYDF-UHFFFAOYSA-N,0.114186247805294,"measured (DoOR consensus, normalised 0-1)"
ORN_VM5d,Or85b,WRMNZCZEMHIOCP-UHFFFAOYSA-N,0.0709268656782963,"measured (DoOR consensus, normalised 0-1)"
ORN_VM5d,Or85b,WVDDGKGOMKODPV-UHFFFAOYSA-N,0.0675493958840917,"measured (DoOR consensus, normalised 0-1)"
ORN_VM5d,Or85b,OSWPMRLSEDHDFF-UHFFFAOYSA-N,0.0744027680848924,"measured (DoOR consensus, normalised 0-1)"
ORN_VM5d,Or85b,QPJVMBTYPHYUOC-UHFFFAOYSA-N,0.1012712299526,"measured (DoOR consensus, normalised 0-1)"
ORN_VM5d,Or85b,MTZQAGJQAFMTAQ-UHFFFAOYSA-N,0.0506620469130688,"measured (DoOR consensus, normalised 0-1)"
ORN_VM5d,Or85b,MDHYEMXUFSJLGV-UHFFFAOYSA-N,0.0979034164493728,"measured (DoOR consensus, normalised 0-1)"
ORN_VM5d,Or85b,HUMNYLRZRPPJDN-UHFFFAOYSA-N,0.134621238664176,"measured (DoOR consensus, normalised 0-1)"
ORN_VM5d,Or85b,DTUQWGWMVIHBKE-UHFFFAOYSA-N,0.195329853599576,"measured (DoOR consensus, normalised 0-1)"
ORN_VM5d,Or85b,KWOLFJPFCHCOCG-UHFFFAOYSA-N,0.106871898235139,"measured (DoOR consensus, normalised 0-1)"
ORN_VM5d,Or85b,KBEBGUQPQBELIU-CMDGGOBGSA-N,0.121478733494253,"measured (DoOR consensus, normalised 0-1)"
ORN_VM5d,Or85b,QWVGKYWNOKOFNN-UHFFFAOYSA-N,0.131111757908575,"measured (DoOR consensus, normalised 0-1)"
ORN_VM5d,Or85b,CHWNEIVBYREQRF-UHFFFAOYSA-N,0.134951002306116,"measured (DoOR consensus, normalised 0-1)"
ORN_VM5d,Or85b,RRAFCDWBNXTKKO-UHFFFAOYSA-N,0.118110741659148,"measured (DoOR consensus, normalised 0-1)"
ORN_VM5d,Or85b,WTWBUQJHJGUZCY-UHFFFAOYSA-N,0.286831452436492,"measured (DoOR consensus, normalised 0-1)"
ORN_VM5d,Or85b,ZYEMGPIYFIJGTP-UHFFFAOYSA-N,0.220561668921776,"measured (DoOR consensus, normalised 0-1)"
ORN_VM5d,Or85b,IWDCLRJOBJJRNH-UHFFFAOYSA-N,0.435912863039301,"measured (DoOR consensus, normalised 0-1)"
ORN_VM5d,Or85b,OKKJLVBELUTLKV-UHFFFAOYSA-N,0.0607944562956826,"measured (DoOR consensus, normalised 0-1)"
ORN_VM5d,Or85b,LFQSCWFLJHTTHZ-UHFFFAOYSA-N,0.0945356323420958,"measured (DoOR consensus, normalised 0-1)"
ORN_VM5d,Or85b,BDERNNFJNOPAEC-UHFFFAOYSA-N,0.161897007082224,"measured (DoOR consensus, normalised 0-1)"
ORN_VM5d,Or85b,LRHPLDYGYMQRHN-UHFFFAOYSA-N,0.193429879043267,"measured (DoOR consensus, normalised 0-1)"
ORN_VM5d,Or85b,AMQJEAYHLZJPGS-UHFFFAOYSA-N,0.573105842010243,"measured (DoOR consensus, normalised 0-1)"
ORN_VM5d,Or85b,ZSIAUFGUXNUGDI-UHFFFAOYSA-N,0.656577025121018,"measured (DoOR consensus, normalised 0-1)"
ORN_VM5d,Or85b,KBPLFHHGFOOTCA-UHFFFAOYSA-N,0.192213653676207,"measured (DoOR consensus, normalised 0-1)"
ORN_VM5d,Or85b,JYVLIDXNZAXMDK-UHFFFAOYSA-N,0.488793181175554,"measured (DoOR consensus, normalised 0-1)"
ORN_VM5d,Or85b,PHTQWCKDNZKARW-UHFFFAOYSA-N,0.126983421536749,"measured (DoOR consensus, normalised 0-1)"
ORN_VM5d,Or85b,ASUAYTHWZCLXAN-UHFFFAOYSA-N,0.0878001519473179,"measured (DoOR consensus, normalised 0-1)"
ORN_VM5d,Or85b,VHVMXWZXFBOANQ-UHFFFAOYSA-N,0.0743043354725009,"measured (DoOR consensus, normalised 0-1)"
ORN_VM5d,Or85b,VSMOENVRRABVKN-UHFFFAOYSA-N,0.591603467478706,"measured (DoOR consensus, normalised 0-1)"
ORN_VM5d,Or85b,ZCHHRLHTBGRGOT-SNAWJCMRSA-N,0.49208939431358,"measured (DoOR consensus, normalised 0-1)"
ORN_VM5d,Or85b,ZCHHRLHTBGRGOT-PLNGDYQASA-N,0.505653466378907,"measured (DoOR consensus, normalised 0-1)"
ORN_VM5d,Or85b,UFLHIIWVXFIJGU-ONEGZZNKSA-N,0.81621133302872,"measured (DoOR consensus, normalised 0-1)"
ORN_VM5d,Or85b,UFLHIIWVXFIJGU-ARJAWSKDSA-N,0.660822541516768,"measured (DoOR consensus, normalised 0-1)"
ORN_VM5d,Or85b,PEDCQBHIVMGVHV-UHFFFAOYSA-N,0.0,"measured (DoOR consensus, normalised 0-1)"
ORN_VM5d,Or85b,OWBTYPJTUOEWEK-UHFFFAOYSA-N,0.057416986501478,"measured (DoOR consensus, normalised 0-1)"
ORN_VM5d,Or85b,MQWCXKGKQLNYQG-UHFFFAOYSA-N,0.144672163784542,"measured (DoOR consensus, normalised 0-1)"
ORN_VM5d,Or85b,NMRPBPVERJPACX-UHFFFAOYSA-N,0.741226617328438,"measured (DoOR consensus, normalised 0-1)"
ORN_VM5d,Or85b,KXKVLQRXCPHEJC-UHFFFAOYSA-N,0.1012712299526,"measured (DoOR consensus, normalised 0-1)"
ORN_VM5d,Or85b,XEKOWRVHYACXOJ-UHFFFAOYSA-N,0.127666513892621,"measured (DoOR consensus, normalised 0-1)"
ORN_VM5d,Or85b,YKYONYBAUNKHLG-UHFFFAOYSA-N,0.552868198179346,"measured (DoOR consensus, normalised 0-1)"
ORN_VM5d,Or85b,DKPFZGUDAPQIHT-UHFFFAOYSA-N,0.843269542819808,"measured (DoOR consensus, normalised 0-1)"
ORN_VM5d,Or85b,PGMYKACGEOXYJE-UHFFFAOYSA-N,0.621668747177044,"measured (DoOR consensus, normalised 0-1)"
ORN_VM5d,Or85b,AOGQPLXWSUTHQB-UHFFFAOYSA-N,0.118110741659148,"measured (DoOR consensus, normalised 0-1)"
ORN_VM5d,Or85b,GJRQTCIYDGXPES-UHFFFAOYSA-N,0.45170434104082,"measured (DoOR consensus, normalised 0-1)"
ORN_VM5d,Or85b,MLFHJEHSLIIPHL-UHFFFAOYSA-N,0.402050964384191,"measured (DoOR consensus, normalised 0-1)"
ORN_VM5d,Or85b,HRHOWZHRCRZVCU-WAYWQWQTSA-N,0.11537933591627,"measured (DoOR consensus, normalised 0-1)"
ORN_VM5d,Or85b,UUIQMZJEGPQKFD-UHFFFAOYSA-N,0.266332130029336,"measured (DoOR consensus, normalised 0-1)"
ORN_VM5d,Or85b,OBNCKNCVKJNDBV-UHFFFAOYSA-N,0.273747013464486,"measured (DoOR consensus, normalised 0-1)"
ORN_VM5d,Or85b,XAPCMTMQBXLDBB-UHFFFAOYSA-N,0.330356957005703,"measured (DoOR consensus, normalised 0-1)"
ORN_VM5d,Or85b,OMSUIQOIVADKIM-UHFFFAOYSA-N,0.795917675685403,"measured (DoOR consensus, normalised 0-1)"
ORN_VM5d,Or85b,FKRCODPIKNYEAC-UHFFFAOYSA-N,0.130962697065979,"measured (DoOR consensus, normalised 0-1)"
ORN_VM5d,Or85b,WBJINCZRORDGAQ-UHFFFAOYSA-N,0.0776818052667055,"measured (DoOR consensus, normalised 0-1)"
ORN_VM5d,Or85b,NUKZAGXMHTUAFE-UHFFFAOYSA-N,0.7722417421182,"measured (DoOR consensus, normalised 0-1)"
ORN_VM5d,Or85b,SHZIWNPUGXLXDT-UHFFFAOYSA-N,0.303397563716958,"measured (DoOR consensus, normalised 0-1)"
ORN_VM5d,Or85b,NCDCLPBOMHPFCV-UHFFFAOYSA-N,0.0607944562956826,"measured (DoOR consensus, normalised 0-1)"
ORN_VM5d,Or85b,JGHZJRVDZXSNKQ-UHFFFAOYSA-N,0.212426193116202,"measured (DoOR consensus, normalised 0-1)"
ORN_VM5d,Or85b,YYZUSRORWSJGET-UHFFFAOYSA-N,0.134951002306116,"measured (DoOR consensus, normalised 0-1)"
ORN_VM5d,Or85b,RGXWDWUGBIJHDO-UHFFFAOYSA-N,0.0979034164493728,"measured (DoOR consensus, normalised 0-1)"
ORN_VM5d,Or85b,ZFDIRQKJPRINOQ-HWKANZROSA-N,0.273070984414719,"measured (DoOR consensus, normalised 0-1)"
ORN_VM5d,Or85b,LZCLXQDLBQLTDK-UHFFFAOYSA-N,0.262962754703522,"measured (DoOR consensus, normalised 0-1)"
ORN_VM5d,Or85b,DKMROQRQHGEIOW-UHFFFAOYSA-N,0.121478733494253,"measured (DoOR consensus, normalised 0-1)"
ORN_VM5d,Or85b,SIKJAQJRHWYJAI-UHFFFAOYSA-N,0.206023804120499,"measured (DoOR consensus, normalised 0-1)"
ORN_VM5d,Or85b,HCRBXQFHJMCTLF-UHFFFAOYSA-N,0.0960307498863038,"measured (DoOR consensus, normalised 0-1)"
ORN_VM5d,Or85b,ICMAFTSLXCXHRK-UHFFFAOYSA-N,0.591796150370806,"measured (DoOR consensus, normalised 0-1)"
ORN_VM5d,Or85b,GAEKPEKOJKCEMS-UHFFFAOYSA-N,0.112298295936738,"measured (DoOR consensus, normalised 0-1)"
ORN_VM5d,Or85b,solvent,0.182583413450069,"measured (DoOR consensus, normalised 0-1)"
ORN_VM5d,Or85b,CURLTUGMZLYLDI-UHFFFAOYSA-N,0.16390199505871,"measured (DoOR consensus, normalised 0-1)"
ORN_VM5d,Or85b,UXFSPRAGHGMRSQ-UHFFFAOYSA-N,0.13312931473512,"measured (DoOR consensus, normalised 0-1)"
ORN_VM5d,Or85b,RWRDLPDLKQPQOW-UHFFFAOYSA-N,0.374198631620096,"measured (DoOR consensus, normalised 0-1)"
ORN_VM5d,Or85b,QCCDLTOVEPVEJK-UHFFFAOYSA-N,0.115150012490163,"measured (DoOR consensus, normalised 0-1)"
ORN_VM5d,Or85b,ZKQDCIXGCQPQNV-UHFFFAOYSA-N,0.121992012931832,"measured (DoOR consensus, normalised 0-1)"
ORN_VM5d,Or85b,CRVGTESFCCXCTH-UHFFFAOYSA-N,0.1164577993075,"measured (DoOR consensus, normalised 0-1)"
ORN_VM5d,Or85b,AKNUHUCEWALCOI-UHFFFAOYSA-O,0.109346698037869,"measured (DoOR consensus, normalised 0-1)"
ORN_VM5d,Or85b,OSPSWZSRKYCQPF-UHFFFAOYSA-N,0.104696513146014,"measured (DoOR consensus, normalised 0-1)"
ORN_VM5d,Or85b,BDZBKCUKTQZUTL-UHFFFAOYSA-N,0.105859687760031,"measured (DoOR consensus, normalised 0-1)"
ORN_VM5d,Or85b,DWCLXOREGBLXTD-UHFFFAOYSA-N,0.112829941191115,"measured (DoOR consensus, normalised 0-1)"
ORN_VM5d,Or85b,YIWUKEYIRIRTPP-UHFFFAOYSA-N,0.150501980376091,"measured (DoOR consensus, normalised 0-1)"
ORN_VM5d,Or85b,VKYKSIONXSXAKP-UHFFFAOYSA-N,0.121992012931832,"measured (DoOR consensus, normalised 0-1)"
ORN_VM5d,Or85b,MHAJPDPJQMAIIY-UHFFFAOYSA-N,0.107022443344355,"measured (DoOR consensus, normalised 0-1)"
ORN_VM5d,Or85b,GRYLNZFGIOXLOG-UHFFFAOYSA-N,0.112829941191115,"measured (DoOR consensus, normalised 0-1)"
ORN_VM5d,Or85b,LYGJENNIWJXYER-UHFFFAOYSA-N,0.117841308297802,"measured (DoOR consensus, normalised 0-1)"
ORN_VM5d,Or85b,WFDIJRYMOXRFFG-UHFFFAOYSA-N,0.1164577993075,"measured (DoOR consensus, normalised 0-1)"
ORN_VM5d,Or85b,ZHNUHDYFZUAESO-UHFFFAOYSA-N,0.111669278453878,"measured (DoOR consensus, normalised 0-1)"
ORN_VM5d,Or85b,WGSVFWFSJDAYBM-BQYQJAHWSA-N,0.123375647013454,"measured (DoOR consensus, normalised 0-1)"
ORN_VM5d,Or85b,ZMQAAUBTXCXRIC-UHFFFAOYSA-N,0.113990185818821,"measured (DoOR consensus, normalised 0-1)"
ORN_VM5d,Or85b,FHIVAFMUCKRCQO-UHFFFAOYSA-N,0.127843957791909,"measured (DoOR consensus, normalised 0-1)"
ORN_VM5d,Or85b,RDYMFSUJUZBWLH-UHFFFAOYSA-N,0.108184780052487,"measured (DoOR consensus, normalised 0-1)"
ORN_VM5d,Or85b,YLMGFJXSLBMXHK-UHFFFAOYSA-M,0.113990185818821,"measured (DoOR consensus, normalised 0-1)"
ORN_VM5d,Or85b,BAZAXWOYCMUHIX-UHFFFAOYSA-M,0.117841308297802,"measured (DoOR consensus, normalised 0-1)"
ORN_VM5d,Or85b,RWSOTUBLDIXVET-UHFFFAOYSA-N,0.109346698037869,"measured (DoOR consensus, normalised 0-1)"
ORN_VM5d,Or85b,XTFIVUDBNACUBN-UHFFFAOYSA-N,0.121992012931832,"measured (DoOR consensus, normalised 0-1)"
ORN_VM5d,Or85b,HMWPNDNFTFSCEB-UHFFFAOYSA-N,0.108184780052487,"measured (DoOR consensus, normalised 0-1)"
ORN_VM5d,Or85b,SNIOPGDIGTZGOP-UHFFFAOYSA-N,0.115150012490163,"measured (DoOR consensus, normalised 0-1)"
ORN_VM5d,Or85b,TZRXHJWUDPFEEY-UHFFFAOYSA-N,0.121992012931832,"measured (DoOR consensus, normalised 0-1)"
ORN_VM5d,Or85b,ZTLXICJMNFREPA-UHFFFAOYSA-N,0.117841308297802,"measured (DoOR consensus, normalised 0-1)"
ORN_VM5d,Or85b,SPSSULHKWOKEEL-UHFFFAOYSA-N,0.111669278453878,"measured (DoOR consensus, normalised 0-1)"
ORN_DL1,Or10a,XLYOFNOQVPJJNP-UHFFFAOYSA-N,0.0567331284745431,"measured (DoOR consensus, normalised 0-1)"
ORN_DL1,Or10a,VHUUQVKOLVNVRT-UHFFFAOYSA-N,0.0539194598193647,"measured (DoOR consensus, normalised 0-1)"
ORN_DL1,Or10a,KIDHWZJUCRJVML-UHFFFAOYSA-N,0.0567451541476919,"measured (DoOR consensus, normalised 0-1)"
ORN_DL1,Or10a,VHRGRCVQAFMJIZ-UHFFFAOYSA-N,0.0463831479519359,"measured (DoOR consensus, normalised 0-1)"
ORN_DL1,Or10a,QGZKDVFQNNGYKY-UHFFFAOYSA-N,0.0982056081492378,"measured (DoOR consensus, normalised 0-1)"
ORN_DL1,Or10a,HZAXFHJVJLSVMW-UHFFFAOYSA-N,0.0761855582584193,"measured (DoOR consensus, normalised 0-1)"
ORN_DL1,Or10a,YEJRWHAVMIAJKC-UHFFFAOYSA-N,0.0501368225733456,"measured (DoOR consensus, normalised 0-1)"
ORN_DL1,Or10a,JBFHTYHTHYHCDJ-UHFFFAOYSA-N,0.103401518629283,"measured (DoOR consensus, normalised 0-1)"
ORN_DL1,Or10a,IPBFYZQJXZJBFQ-UHFFFAOYSA-N,0.103401518629283,"measured (DoOR consensus, normalised 0-1)"
ORN_DL1,Or10a,IFYYFLINQYPWGJ-UHFFFAOYSA-N,0.0543168897498642,"measured (DoOR consensus, normalised 0-1)"
ORN_DL1,Or10a,GHBSPIPJMLAMEP-UHFFFAOYSA-N,0.0474038897255005,"measured (DoOR consensus, normalised 0-1)"
ORN_DL1,Or10a,BDAGIHXWWSANSR-UHFFFAOYSA-N,0.136451221358142,"measured (DoOR consensus, normalised 0-1)"
ORN_DL1,Or10a,QTBSBXVTEAMEQO-UHFFFAOYSA-N,0.0175375451244834,"measured (DoOR consensus, normalised 0-1)"
ORN_DL1,Or10a,XBDQKXXYIPTUBI-UHFFFAOYSA-N,0.210205942479609,"measured (DoOR consensus, normalised 0-1)"
ORN_DL1,Or10a,FERIUCNNQQJTOY-UHFFFAOYSA-N,0.1689523965769,"measured (DoOR consensus, normalised 0-1)"
ORN_DL1,Or10a,NQPDZGIKBAWPEJ-UHFFFAOYSA-N,0.111972672169101,"measured (DoOR consensus, normalised 0-1)"
ORN_DL1,Or10a,FUZZWVXGSFPDMH-UHFFFAOYSA-N,0.0804583872025272,"measured (DoOR consensus, normalised 0-1)"
ORN_DL1,Or10a,MNWFXJYAOYHMED-UHFFFAOYSA-N,0.0548219614397622,"measured (DoOR consensus, normalised 0-1)"
ORN_DL1,Or10a,WWZKQHOCKIZLMA-UHFFFAOYSA-N,0.0495482429106718,"measured (DoOR consensus, normalised 0-1)"
ORN_DL1,Or10a,FBUKVWPVBMHYJY-UHFFFAOYSA-N,0.0551499096279156,"measured (DoOR consensus, normalised 0-1)"
ORN_DL1,Or10a,OYHQOLUKZRVURQ-HZJYTTRNSA-N,0.0662519699880707,"measured (DoOR consensus, normalised 0-1)"
ORN_DL1,Or10a,KQNPFQTWMSNSAP-UHFFFAOYSA-N,0.148688080504223,"measured (DoOR consensus, normalised 0-1)"
ORN_DL1,Or10a,GWYFCOCPABKNJV-UHFFFAOYSA-N,0.115003408649898,"measured (DoOR consensus, normalised 0-1)"
ORN_DL1,Or10a,LCTONWCANYUPML-UHFFFAOYSA-N,0.116175705931432,"measured (DoOR consensus, normalised 0-1)"
ORN_DL1,Or10a,OBETXYAYXDNJHR-UHFFFAOYSA-N,0.0690365531589286,"measured (DoOR consensus, normalised 0-1)"
ORN_DL1,Or10a,JVTAAEKCZFNVCJ-UHFFFAOYSA-N,0.144035695258736,"measured (DoOR consensus, normalised 0-1)"
ORN_DL1,Or10a,CZUGFKJYCPYHHV-UHFFFAOYSA-N,0.0910345642081341,"measured (DoOR consensus, normalised 0-1)"
ORN_DL1,Or10a,QMMFVYPAHWMCMS-UHFFFAOYSA-N,0.0465285394717324,"measured (DoOR consensus, normalised 0-1)"
ORN_DL1,Or10a,ALVPFGSHPUPROW-UHFFFAOYSA-N,0.102609618127402,"measured (DoOR consensus, normalised 0-1)"
ORN_DL1,Or10a,SUVIGLJNEAMWEG-UHFFFAOYSA-N,0.0893975881929104,"measured (DoOR consensus, normalised 0-1)"
ORN_DL1,Or10a,MOYAFQVGZZPNRA-UHFFFAOYSA-N,0.0493768851809048,"measured (DoOR consensus, normalised 0-1)"
ORN_DL1,Or10a,GRWFGVWFFZKLTI-UHFFFAOYSA-N,0.0560698748934756,"measured (DoOR consensus, normalised 0-1)"
ORN_DL1,Or10a,WTARULDDTDQWMU-UHFFFAOYSA-N,0.0471101055509184,"measured (DoOR consensus, normalised 0-1)"
ORN_DL1,Or10a,BQOFWKZOCNGFEC-UHFFFAOYSA-N,0.0471101055509184,"measured (DoOR consensus, normalised 0-1)"
ORN_DL1,Or10a,XMGQYMWWDOXHJM-UHFFFAOYSA-N,0.0509927035082774,"measured (DoOR consensus, normalised 0-1)"
ORN_DL1,Or10a,FAMPSKZZVDUYOS-HRGUGZIWSA-N,0.0481561226041323,"measured (DoOR consensus, normalised 0-1)"
ORN_DL1,Or10a,UAHWPYUMFXYFJY-UHFFFAOYSA-N,0.0481561226041323,"measured (DoOR consensus, normalised 0-1)"
ORN_DL1,Or10a,NPNUFJAVOOONJE-GFUGXAQUSA-N,0.0496000236060061,"measured (DoOR consensus, normalised 0-1)"
ORN_DL1,Or10a,HFPZCAJZSCWRBC-UHFFFAOYSA-N,0.0486169477884642,"measured (DoOR consensus, normalised 0-1)"
ORN_DL1,Or10a,HIGQPQRQIQDZMP-DHZHZOJOSA-N,0.0704538987151764,"measured (DoOR consensus, normalised 0-1)"
ORN_DL1,Or10a,WUOACPNHFRMFPN-SECBINFHSA-N,0.0467750549427954,"measured (DoOR consensus, normalised 0-1)"
ORN_DL1,Or10a,GLZPCOQZEFWAFX-JXMROGBWSA-N,0.0398201473135299,"measured (DoOR consensus, normalised 0-1)"
ORN_DL1,Or10a,GLZPCOQZEFWAFX-YFHOEESVSA-N,0.0471101055509184,"measured (DoOR consensus, normalised 0-1)"
ORN_DL1,Or10a,CDOSHBSSFJOMGT-UHFFFAOYSA-N,0.05270524554606,"measured (DoOR consensus, normalised 0-1)"
ORN_DL1,Or10a,QMVPMAAFGQKVCJ-SNVBAGLBSA-N,0.0457666864125639,"measured (DoOR consensus, normalised 0-1)"
ORN_DL1,Or10a,BRHDDEIRQPDPMG-UHFFFAOYSA-N,0.0594559089774452,"measured (DoOR consensus, normalised 0-1)"
ORN_DL1,Or10a,ULDHMXUKGWMISQ-SECBINFHSA-N,0.0498352254829483,"measured (DoOR consensus, normalised 0-1)"
ORN_DL1,Or10a,ULDHMXUKGWMISQ-VIFPVBQESA-N,0.110027510856714,"measured (DoOR consensus, normalised 0-1)"
ORN_DL1,Or10a,WEEGYLXZBRQIMU-WAAGHKOSSA-N,0.176835746236614,"measured (DoOR consensus, normalised 0-1)"
ORN_DL1,Or10a,RFFOTVCVTJUTAD-UHFFFAOYSA-N,0.0585695183457644,"measured (DoOR consensus, normalised 0-1)"
ORN_DL1,Or10a,WTEVQBCEXWBHNA-JXMROGBWSA-N,0.117296800716703,"measured (DoOR consensus, normalised 0-1)"
ORN_DL1,Or10a,NEHNMFOYXAPHSD-JTQLQIEISA-N,0.0359343912989492,"measured (DoOR consensus, normalised 0-1)"
ORN_DL1,Or10a,LHXDLQBQYFFVNW-OIBJUYFYSA-N,0.228759245236537,"measured (DoOR consensus, normalised 0-1)"
ORN_DL1,Or10a,XMGQYMWWDOXHJM-JTQLQIEISA-N,0.122068159941721,"measured (DoOR consensus, normalised 0-1)"
ORN_DL1,Or10a,KMRMUZKLFIEVAO-UHFFFAOYSA-N,0.0415512983446743,"measured (DoOR consensus, normalised 0-1)"
ORN_DL1,Or10a,GRWFGVWFFZKLTI-RKDXNWHRSA-N,0.258874874656492,"measured (DoOR consensus, normalised 0-1)"
ORN_DL1,Or10a,NZGWDASTMWDZIW-MRVPVSSYSA-N,0.278605804276462,"measured (DoOR consensus, normalised 0-1)"
ORN_DL1,Or10a,USMNOWBWPHYOEA-MRTMQBJTSA-N,0.108642884216716,"measured (DoOR consensus, normalised 0-1)"
ORN_DL1,Or10a,RGZSQWQPBWRIAQ-CABCVRRESA-N,0.0477447043729961,"measured (DoOR consensus, normalised 0-1)"
ORN_DL1,Or10a,CRDAMVZIKSXKFV-YFVJMOTDSA-N,0.0653733017167803,"measured (DoOR consensus, normalised 0-1)"
ORN_DL1,Or10a,UZFLPKAIBPNNCA-BQYQJAHWSA-N,0.0391683680828515,"measured (DoOR consensus, normalised 0-1)"
ORN_DL1,Or10a,PSQYTAPXSHCGMF-BQYQJAHWSA-N,0.0719502782567704,"measured (DoOR consensus, normalised 0-1)"
ORN_DL1,Or10a,IKHGUXGNUITLKF-UHFFFAOYSA-N,0.0570333830624054,"measured (DoOR consensus, normalised 0-1)"
ORN_DL1,Or10a,NBBJYMSMWIIQGU-UHFFFAOYSA-N,0.0108763585921555,"measured (DoOR consensus, normalised 0-1)"
ORN_DL1,Or10a,ZTQSAGDEMFDKMZ-UHFFFAOYSA-N,0.0446875047818148,"measured (DoOR consensus, normalised 0-1)"
ORN_DL1,Or10a,HGBOYTHUEUWSSQ-UHFFFAOYSA-N,0.0660878477082771,"measured (DoOR consensus, normalised 0-1)"
ORN_DL1,Or10a,JARKCYVAAOWBJS-UHFFFAOYSA-N,0.116512371591027,"measured (DoOR consensus, normalised 0-1)"
ORN_DL1,Or10a,MBDOYVRWFFCFHM-SNAWJCMRSA-N,0.0710519787171108,"measured (DoOR consensus, normalised 0-1)"
ORN_DL1,Or10a,HYBBIBNJHNGZAN-UHFFFAOYSA-N,0.509548412864136,"measured (DoOR consensus, normalised 0-1)"
ORN_DL1,Or10a,HGINCPLSRVDWNT-UHFFFAOYSA-N,0.0493768851809048,"measured (DoOR consensus, normalised 0-1)"
ORN_DL1,Or10a,NUJGJRNETVAIRJ-UHFFFAOYSA-N,0.124566090576692,"measured (DoOR consensus, normalised 0-1)"
ORN_DL1,Or10a,KSMVZQYAVGTKIV-UHFFFAOYSA-N,0.134258477056677,"measured (DoOR consensus, normalised 0-1)"
ORN_DL1,Or10a,FXHGMKSSBGDXIY-UHFFFAOYSA-N,0.110719824176713,"measured (DoOR consensus, normalised 0-1)"
ORN_DL1,Or10a,LVBXEMGDVWVTGY-VOTSOKGWSA-N,0.080589568236583,"measured (DoOR consensus, normalised 0-1)"
ORN_DL1,Or10a,GYHFUZHODSMOHU-UHFFFAOYSA-N,0.0993037419431515,"measured (DoOR consensus, normalised 0-1)"
ORN_DL1,Or10a,CSCPPACGZOOCGX-UHFFFAOYSA-N,0.0539701820411925,"measured (DoOR consensus, normalised 0-1)"
ORN_DL1,Or10a,ZWEHNKRNPOVVGH-UHFFFAOYSA-N,0.043859014281005,"measured (DoOR consensus, normalised 0-1)"
ORN_DL1,Or10a,XNLICIUVMPYHGG-UHFFFAOYSA-N,0.105966671056071,"measured (DoOR consensus, normalised 0-1)"
ORN_DL1,Or10a,CATSNJVOTSVZJV-UHFFFAOYSA-N,0.0679405123565197,"measured (DoOR consensus, normalised 0-1)"
ORN_DL1,Or10a,UHEPJGULSIKKTP-UHFFFAOYSA-N,0.074523692283094,"measured (DoOR consensus, normalised 0-1)"
ORN_DL1,Or10a,QSJXEFYPDANLFS-UHFFFAOYSA-N,0.0548240842194064,"measured (DoOR consensus, normalised 0-1)"
ORN_DL1,Or10a,ROWKJAVDOGWPAT-UHFFFAOYSA-N,0.0332361918129281,"measured (DoOR consensus, normalised 0-1)"
ORN_DL1,Or10a,LABTWGUMFABVFG-ARJAWSKDSA-N,0.0495876289364095,"measured (DoOR consensus, normalised 0-1)"
ORN_DL1,Or10a,QQZOPKMRPOGIEB-UHFFFAOYSA-N,0.153297093356649,"measured (DoOR consensus, normalised 0-1)"
ORN_DL1,Or10a,PFCHFHIRKBAQGU-UHFFFAOYSA-N,0.0367854378210288,"measured (DoOR consensus, normalised 0-1)"
ORN_DL1,Or10a,JHIVVAPYMSGYDF-UHFFFAOYSA-N,0.0461188199408481,"measured (DoOR consensus, normalised 0-1)"
ORN_DL1,Or10a,ZPVFWPFBNIEHGJ-UHFFFAOYSA-N,0.277221177636464,"measured (DoOR consensus, normalised 0-1)"
ORN_DL1,Or10a,VKCYHJWLYTUGCC-UHFFFAOYSA-N,0.129066127156685,"measured (DoOR consensus, normalised 0-1)"
ORN_DL1,Or10a,WRMNZCZEMHIOCP-UHFFFAOYSA-N,0.0657855317542911,"measured (DoOR consensus, normalised 0-1)"
ORN_DL1,Or10a,WVDDGKGOMKODPV-UHFFFAOYSA-N,0.099818163564388,"measured (DoOR consensus, normalised 0-1)"
ORN_DL1,Or10a,OSWPMRLSEDHDFF-UHFFFAOYSA-N,0.805081074228845,"measured (DoOR consensus, normalised 0-1)"
ORN_DL1,Or10a,QPJVMBTYPHYUOC-UHFFFAOYSA-N,0.683429641186313,"measured (DoOR consensus, normalised 0-1)"
ORN_DL1,Or10a,MTZQAGJQAFMTAQ-UHFFFAOYSA-N,0.732027472524089,"measured (DoOR consensus, normalised 0-1)"
ORN_DL1,Or10a,MDHYEMXUFSJLGV-UHFFFAOYSA-N,0.0471101055509184,"measured (DoOR consensus, normalised 0-1)"
ORN_DL1,Or10a,HUMNYLRZRPPJDN-UHFFFAOYSA-N,0.273735022238986,"measured (DoOR consensus, normalised 0-1)"
ORN_DL1,Or10a,DTUQWGWMVIHBKE-UHFFFAOYSA-N,0.300809717280198,"measured (DoOR consensus, normalised 0-1)"
ORN_DL1,Or10a,KWOLFJPFCHCOCG-UHFFFAOYSA-N,0.689084719331821,"measured (DoOR consensus, normalised 0-1)"
ORN_DL1,Or10a,KBEBGUQPQBELIU-CMDGGOBGSA-N,0.0493768851809048,"measured (DoOR consensus, normalised 0-1)"
ORN_DL1,Or10a,QWVGKYWNOKOFNN-UHFFFAOYSA-N,0.121395522246479,"measured (DoOR consensus, normalised 0-1)"
ORN_DL1,Or10a,CHWNEIVBYREQRF-UHFFFAOYSA-N,0.0616320868613521,"measured (DoOR consensus, normalised 0-1)"
ORN_DL1,Or10a,RRAFCDWBNXTKKO-UHFFFAOYSA-N,0.205804691726992,"measured (DoOR consensus, normalised 0-1)"
ORN_DL1,Or10a,RUVINXPYWBROJD-ONEGZZNKSA-N,0.157104816616643,"measured (DoOR consensus, normalised 0-1)"
ORN_DL1,Or10a,ZRSNZINYAWTAHE-UHFFFAOYSA-N,0.275836550996466,"measured (DoOR consensus, normalised 0-1)"
ORN_DL1,Or10a,WTWBUQJHJGUZCY-UHFFFAOYSA-N,0.136806889098518,"measured (DoOR consensus, normalised 0-1)"
ORN_DL1,Or10a,RDOXTESZEPMUJZ-UHFFFAOYSA-N,0.358914149396342,"measured (DoOR consensus, normalised 0-1)"
ORN_DL1,Or10a,ZYEMGPIYFIJGTP-UHFFFAOYSA-N,0.191352244099166,"measured (DoOR consensus, normalised 0-1)"
ORN_DL1,Or10a,SUSQOBVLVYHIEX-UHFFFAOYSA-N,0.0332361918129281,"measured (DoOR consensus, normalised 0-1)"
ORN_DL1,Or10a,BJIOGJUNALELMI-ONEGZZNKSA-N,0.0374662750386924,"measured (DoOR consensus, normalised 0-1)"
ORN_DL1,Or10a,IWDCLRJOBJJRNH-UHFFFAOYSA-N,0.2877641850808,"measured (DoOR consensus, normalised 0-1)"
ORN_DL1,Or10a,LCHYEKKJCUJAKN-UHFFFAOYSA-N,0.0,"measured (DoOR consensus, normalised 0-1)"
ORN_DL1,Or10a,JFDZBHWFFUWGJE-UHFFFAOYSA-N,0.445453314396213,"measured (DoOR consensus, normalised 0-1)"
ORN_DL1,Or10a,GEWDNTWNSAZUDX-SNAWJCMRSA-N,0.113489077456708,"measured (DoOR consensus, normalised 0-1)"
ORN_DL1,Or10a,IXQGCWUGDFDQMF-UHFFFAOYSA-N,0.17268186631662,"measured (DoOR consensus, normalised 0-1)"
ORN_DL1,Or10a,OKKJLVBELUTLKV-UHFFFAOYSA-N,0.0690365531589286,"measured (DoOR consensus, normalised 0-1)"
ORN_DL1,Or10a,LFQSCWFLJHTTHZ-UHFFFAOYSA-N,0.0878416060344927,"measured (DoOR consensus, normalised 0-1)"
ORN_DL1,Or10a,BDERNNFJNOPAEC-UHFFFAOYSA-N,0.0521435676245944,"measured (DoOR consensus, normalised 0-1)"
ORN_DL1,Or10a,LRHPLDYGYMQRHN-UHFFFAOYSA-N,0.0612842330435179,"measured (DoOR consensus, normalised 0-1)"
ORN_DL1,Or10a,AMQJEAYHLZJPGS-UHFFFAOYSA-N,0.0852099848342119,"measured (DoOR consensus, normalised 0-1)"
ORN_DL1,Or10a,ZSIAUFGUXNUGDI-UHFFFAOYSA-N,0.0710999566091383,"measured (DoOR consensus, normalised 0-1)"
ORN_DL1,Or10a,KBPLFHHGFOOTCA-UHFFFAOYSA-N,0.0462377564321394,"measured (DoOR consensus, normalised 0-1)"
ORN_DL1,Or10a,JYVLIDXNZAXMDK-UHFFFAOYSA-N,0.100829839384497,"measured (DoOR consensus, normalised 0-1)"
ORN_DL1,Or10a,PHTQWCKDNZKARW-UHFFFAOYSA-N,0.0772563854019236,"measured (DoOR consensus, normalised 0-1)"
ORN_DL1,Or10a,ASUAYTHWZCLXAN-UHFFFAOYSA-N,0.0509927035082774,"measured (DoOR consensus, normalised 0-1)"
ORN_DL1,Or10a,VHVMXWZXFBOANQ-UHFFFAOYSA-N,0.0493768851809048,"measured (DoOR consensus, normalised 0-1)"
ORN_DL1,Or10a,VSMOENVRRABVKN-UHFFFAOYSA-N,0.0711260488944018,"measured (DoOR consensus, normalised 0-1)"
ORN_DL1,Or10a,ZCHHRLHTBGRGOT-SNAWJCMRSA-N,0.054439520147947,"measured (DoOR consensus, normalised 0-1)"
ORN_DL1,Or10a,ZCHHRLHTBGRGOT-PLNGDYQASA-N,0.0501953592202673,"measured (DoOR consensus, normalised 0-1)"
ORN_DL1,Or10a,UFLHIIWVXFIJGU-ONEGZZNKSA-N,0.0904601484781186,"measured (DoOR consensus, normalised 0-1)"
ORN_DL1,Or10a,UFLHIIWVXFIJGU-ARJAWSKDSA-N,0.0590353583375318,"measured (DoOR consensus, normalised 0-1)"
ORN_DL1,Or10a,PEDCQBHIVMGVHV-UHFFFAOYSA-N,0.0486169477884642,"measured (DoOR consensus, normalised 0-1)"
ORN_DL1,Or10a,OWBTYPJTUOEWEK-UHFFFAOYSA-N,0.0532615684493143,"measured (DoOR consensus, normalised 0-1)"
ORN_DL1,Or10a,HPXRVTGHNJAIIH-UHFFFAOYSA-N,0.0332361918129281,"measured (DoOR consensus, normalised 0-1)"
ORN_DL1,Or10a,MWKFXSUHUHTGQN-UHFFFAOYSA-N,0.0326707617367712,"measured (DoOR consensus, normalised 0-1)"
ORN_DL1,Or10a,MQWCXKGKQLNYQG-UHFFFAOYSA-N,0.182335725095656,"measured (DoOR consensus, normalised 0-1)"
ORN_DL1,Or10a,NMRPBPVERJPACX-UHFFFAOYSA-N,0.169727859499921,"measured (DoOR consensus, normalised 0-1)"
ORN_DL1,Or10a,WOFPPJOZXUTRAU-UHFFFAOYSA-N,0.190335855976594,"measured (DoOR consensus, normalised 0-1)"
ORN_DL1,Or10a,CETWDUZRCINIHU-UHFFFAOYSA-N,0.0607604156884393,"measured (DoOR consensus, normalised 0-1)"
ORN_DL1,Or10a,QNVRIHYSUZMSGM-UHFFFAOYSA-N,0.187566602696598,"measured (DoOR consensus, normalised 0-1)"
ORN_DL1,Or10a,BVOSSZSHBZQJOI-UHFFFAOYSA-N,0.130104597136684,"measured (DoOR consensus, normalised 0-1)"
ORN_DL1,Or10a,KXKVLQRXCPHEJC-UHFFFAOYSA-N,0.0799007971997657,"measured (DoOR consensus, normalised 0-1)"
ORN_DL1,Or10a,XEKOWRVHYACXOJ-UHFFFAOYSA-N,0.0776698066096916,"measured (DoOR consensus, normalised 0-1)"
ORN_DL1,Or10a,YKYONYBAUNKHLG-UHFFFAOYSA-N,0.228456773450568,"measured (DoOR consensus, normalised 0-1)"
ORN_DL1,Or10a,DKPFZGUDAPQIHT-UHFFFAOYSA-N,0.320956308235177,"measured (DoOR consensus, normalised 0-1)"
ORN_DL1,Or10a,PGMYKACGEOXYJE-UHFFFAOYSA-N,0.0818125108705515,"measured (DoOR consensus, normalised 0-1)"
ORN_DL1,Or10a,AOGQPLXWSUTHQB-UHFFFAOYSA-N,0.0380109841042308,"measured (DoOR consensus, normalised 0-1)"
ORN_DL1,Or10a,GJRQTCIYDGXPES-UHFFFAOYSA-N,0.401688673410716,"measured (DoOR consensus, normalised 0-1)"
ORN_DL1,Or10a,MLFHJEHSLIIPHL-UHFFFAOYSA-N,0.471134641804191,"measured (DoOR consensus, normalised 0-1)"
ORN_DL1,Or10a,HRHOWZHRCRZVCU-WAYWQWQTSA-N,0.0502431453983773,"measured (DoOR consensus, normalised 0-1)"
ORN_DL1,Or10a,UUIQMZJEGPQKFD-UHFFFAOYSA-N,0.166814653822641,"measured (DoOR consensus, normalised 0-1)"
ORN_DL1,Or10a,OBNCKNCVKJNDBV-UHFFFAOYSA-N,0.0764488640012218,"measured (DoOR consensus, normalised 0-1)"
ORN_DL1,Or10a,XAPCMTMQBXLDBB-UHFFFAOYSA-N,0.0455158976324234,"measured (DoOR consensus, normalised 0-1)"
ORN_DL1,Or10a,OMSUIQOIVADKIM-UHFFFAOYSA-N,0.229837009870292,"measured (DoOR consensus, normalised 0-1)"
ORN_DL1,Or10a,FKRCODPIKNYEAC-UHFFFAOYSA-N,0.115421203367924,"measured (DoOR consensus, normalised 0-1)"
ORN_DL1,Or10a,WBJINCZRORDGAQ-UHFFFAOYSA-N,0.0637703398196266,"measured (DoOR consensus, normalised 0-1)"
ORN_DL1,Or10a,NUKZAGXMHTUAFE-UHFFFAOYSA-N,0.09796199083349,"measured (DoOR consensus, normalised 0-1)"
ORN_DL1,Or10a,SHZIWNPUGXLXDT-UHFFFAOYSA-N,0.039948468298858,"measured (DoOR consensus, normalised 0-1)"
ORN_DL1,Or10a,NCDCLPBOMHPFCV-UHFFFAOYSA-N,0.05562641314848,"measured (DoOR consensus, normalised 0-1)"
ORN_DL1,Or10a,JGHZJRVDZXSNKQ-UHFFFAOYSA-N,0.0469647140311219,"measured (DoOR consensus, normalised 0-1)"
ORN_DL1,Or10a,YYZUSRORWSJGET-UHFFFAOYSA-N,0.0468193225113253,"measured (DoOR consensus, normalised 0-1)"
ORN_DL1,Or10a,RGXWDWUGBIJHDO-UHFFFAOYSA-N,0.166814653822641,"measured (DoOR consensus, normalised 0-1)"
ORN_DL1,Or10a,ZFDIRQKJPRINOQ-HWKANZROSA-N,0.345823196516569,"measured (DoOR consensus, normalised 0-1)"
ORN_DL1,Or10a,LZCLXQDLBQLTDK-UHFFFAOYSA-N,0.136451221358142,"measured (DoOR consensus, normalised 0-1)"
ORN_DL1,Or10a,DKMROQRQHGEIOW-UHFFFAOYSA-N,0.0469647140311219,"measured (DoOR consensus, normalised 0-1)"
ORN_DL1,Or10a,YLYBTZIQSIBWLI-UHFFFAOYSA-N,0.0809503514167571,"measured (DoOR consensus, normalised 0-1)"
ORN_DL1,Or10a,RJUFJBKOKNCXHH-UHFFFAOYSA-N,0.0562389865473858,"measured (DoOR consensus, normalised 0-1)"
ORN_DL1,Or10a,SIKJAQJRHWYJAI-UHFFFAOYSA-N,0.0938015981710742,"measured (DoOR consensus, normalised 0-1)"
ORN_DL1,Or10a,XHIUFYZDQBSEMF-UHFFFAOYSA-N,0.236720848416525,"measured (DoOR consensus, normalised 0-1)"
ORN_DL1,Or10a,GQKZRWSUJHVIPE-UHFFFAOYSA-N,0.0332361918129281,"measured (DoOR consensus, normalised 0-1)"
ORN_DL1,Or10a,OMSUIQOIVADKIM-RXMQYKEDSA-N,0.184105036096603,"measured (DoOR consensus, normalised 0-1)"
ORN_DL1,Or10a,OMSUIQOIVADKIM-YFKPBYRVSA-N,0.231874655176532,"measured (DoOR consensus, normalised 0-1)"
ORN_DL1,Or10a,HCRBXQFHJMCTLF-UHFFFAOYSA-N,0.123595529299001,"measured (DoOR consensus, normalised 0-1)"
ORN_DL1,Or10a,XUPYJHCZDLZNFP-UHFFFAOYSA-N,0.0332361918129281,"measured (DoOR consensus, normalised 0-1)"
ORN_DL1,Or10a,ICMAFTSLXCXHRK-UHFFFAOYSA-N,0.0703796279650762,"measured (DoOR consensus, normalised 0-1)"
ORN_DL1,Or10a,ACCRBMDJCPPJDX-UHFFFAOYSA-N,0.169220299716625,"measured (DoOR consensus, normalised 0-1)"
ORN_DL1,Or10a,LYRIITRHDCNUHV-UHFFFAOYSA-N,0.0340764037472994,"measured (DoOR consensus, normalised 0-1)"
ORN_DL1,Or10a,ZARFDQHJMNVNLE-WEVVVXLNSA-N,0.0349131354724537,"measured (DoOR consensus, normalised 0-1)"
ORN_DL1,Or10a,FFOPEPMHKILNIT-UHFFFAOYSA-N,0.110373667516713,"measured (DoOR consensus, normalised 0-1)"
ORN_DL1,Or10a,YYJWBYNQJLBIGS-PLNGDYQASA-N,0.48110745037616,"measured (DoOR consensus, normalised 0-1)"
ORN_DL1,Or10a,OAPHLAAOJMTMLY-GQCTYLIASA-N,0.477645883776165,"measured (DoOR consensus, normalised 0-1)"
ORN_DL1,Or10a,VUPBIVVRPJDWNW-FNORWQNLSA-N,0.0442746472153288,"measured (DoOR consensus, normalised 0-1)"
ORN_DL1,Or10a,PPXUHEORWJQRHJ-UHFFFAOYSA-N,0.309413747016416,"measured (DoOR consensus, normalised 0-1)"
ORN_DL1,Or10a,ZCZSIDMEHXZRLG-UHFFFAOYSA-N,0.0357641819945333,"measured (DoOR consensus, normalised 0-1)"
ORN_DL1,Or10a,NPFVOOAXDOBMCE-PLNGDYQASA-N,0.0554099484428208,"measured (DoOR consensus, normalised 0-1)"
ORN_DL1,Or10a,OUGPMNMLWKSBRI-UHFFFAOYSA-N,0.216643762136555,"measured (DoOR consensus, normalised 0-1)"
ORN_DL1,Or10a,BTMVHUNTONAYDX-UHFFFAOYSA-N,0.0625922303759206,"measured (DoOR consensus, normalised 0-1)"
ORN_DL1,Or10a,IEMMBWWQXVXBEU-UHFFFAOYSA-N,0.0765528072977245,"measured (DoOR consensus, normalised 0-1)"
ORN_DL1,Or10a,GSCLMSFRWBPUSK-UHFFFAOYSA-N,0.227720775256538,"measured (DoOR consensus, normalised 0-1)"
ORN_DL1,Or10a,GAEKPEKOJKCEMS-UHFFFAOYSA-N,0.218515373851246,"measured (DoOR consensus, normalised 0-1)"
ORN_DL1,Or10a,VLSVVMPLPMNWBH-UHFFFAOYSA-N,0.274798081016468,"measured (DoOR consensus, normalised 0-1)"
ORN_DL1,Or10a,solvent,0.0666077638660496,"measured (DoOR consensus, normalised 0-1)"
ORN_DL1,Or10a,IMNFDUFMRHMDMM-UHFFFAOYSA-N,0.202105182416576,"measured (DoOR consensus, normalised 0-1)"
ORN_DL1,Or10a,TVMXDCGIABBOFY-UHFFFAOYSA-N,0.250220958156505,"measured (DoOR consensus, normalised 0-1)"
ORN_DL1,Or10a,BKIMMITUMNQMOS-UHFFFAOYSA-N,0.173720336296619,"measured (DoOR consensus, normalised 0-1)"
ORN_DL1,Or10a,CURLTUGMZLYLDI-UHFFFAOYSA-N,0.0688837373696196,"measured (DoOR consensus, normalised 0-1)"
ORN_DL1,Or10a,UXFSPRAGHGMRSQ-UHFFFAOYSA-N,0.102609618127402,"measured (DoOR consensus, normalised 0-1)"
ORN_DL1,Or10a,RWRDLPDLKQPQOW-UHFFFAOYSA-N,0.0849935782147467,"measured (DoOR consensus, normalised 0-1)"
ORN_DL1,Or10a,QSZKEDWVAOAFQY-HJWRWDBZSA-N,0.0982056081492378,"measured (DoOR consensus, normalised 0-1)"
ORN_DL1,Or10a,HQABUPZFAYXKJW-UHFFFAOYSA-N,0.0592866762083624,"measured (DoOR consensus, normalised 0-1)"
ORN_DL1,Or10a,QCCDLTOVEPVEJK-UHFFFAOYSA-N,0.0482308195625174,"measured (DoOR consensus, normalised 0-1)"
ORN_DL1,Or10a,FWZUNOYOVVKUNF-UHFFFAOYSA-N,0.0661705427760517,"measured (DoOR consensus, normalised 0-1)"
ORN_DL1,Or10a,QNVRIHYSUZMSGM-ZCFIWIBFSA-N,0.102596120268206,"measured (DoOR consensus, normalised 0-1)"
ORN_DL1,Or10a,MEIRRNXMZYDVDW-MQQKCMAXSA-N,0.0541853628131293,"measured (DoOR consensus, normalised 0-1)"
ORN_DL1,Or10a,YSNWHRKJEKWJNY-UHFFFAOYSA-N,0.0449023602151466,"measured (DoOR consensus, normalised 0-1)"
ORN_DL1,Or10a,CETWDUZRCINIHU-ZETCQYMHSA-N,0.0704029267667409,"measured (DoOR consensus, normalised 0-1)"
ORN_DL1,Or10a,GMEONFUTDYJSNV-UHFFFAOYSA-N,0.0525364901306591,"measured (DoOR consensus, normalised 0-1)"
ORN_DL1,Or10a,JIGUQPWFLRLWPJ-UHFFFAOYSA-N,0.0507885378724019,"measured (DoOR consensus, normalised 0-1)"
ORN_DL1,Or10a,BHIWKHZACMWKOJ-UHFFFAOYSA-N,0.0484492306738034,"measured (DoOR consensus, normalised 0-1)"
ORN_DL1,Or10a,WYACBZDAHNBPPB-UHFFFAOYSA-N,0.145173377999499,"measured (DoOR consensus, normalised 0-1)"
ORN_DL1,Or10a,ZKQDCIXGCQPQNV-UHFFFAOYSA-N,0.0447376332559674,"measured (DoOR consensus, normalised 0-1)"
ORN_DL1,Or10a,CRVGTESFCCXCTH-UHFFFAOYSA-N,0.0482308195625174,"measured (DoOR consensus, normalised 0-1)"
ORN_DL1,Or10a,AKNUHUCEWALCOI-UHFFFAOYSA-O,0.0454624364855521,"measured (DoOR consensus, normalised 0-1)"
ORN_DL1,Or10a,OSPSWZSRKYCQPF-UHFFFAOYSA-N,0.0440128300263827,"measured (DoOR consensus, normalised 0-1)"
ORN_DL1,Or10a,BDZBKCUKTQZUTL-UHFFFAOYSA-N,0.0461871918819867,"measured (DoOR consensus, normalised 0-1)"
ORN_DL1,Or10a,DWCLXOREGBLXTD-UHFFFAOYSA-N,0.0471619873031056,"measured (DoOR consensus, normalised 0-1)"
ORN_DL1,Or10a,YIWUKEYIRIRTPP-UHFFFAOYSA-N,0.0454624364855521,"measured (DoOR consensus, normalised 0-1)"
ORN_DL1,Or10a,VKYKSIONXSXAKP-UHFFFAOYSA-N,0.0461871918819867,"measured (DoOR consensus, normalised 0-1)"
ORN_DL1,Or10a,MHAJPDPJQMAIIY-UHFFFAOYSA-N,0.0471619873031056,"measured (DoOR consensus, normalised 0-1)"
ORN_DL1,Or10a,GRYLNZFGIOXLOG-UHFFFAOYSA-N,0.0471619873031056,"measured (DoOR consensus, normalised 0-1)"
ORN_DL1,Or10a,LYGJENNIWJXYER-UHFFFAOYSA-N,0.0531207868670626,"measured (DoOR consensus, normalised 0-1)"
ORN_DL1,Or10a,WFDIJRYMOXRFFG-UHFFFAOYSA-N,0.0531207868670626,"measured (DoOR consensus, normalised 0-1)"
ORN_DL1,Or10a,ZHNUHDYFZUAESO-UHFFFAOYSA-N,0.0471619873031056,"measured (DoOR consensus, normalised 0-1)"
ORN_DL1,Or10a,WGSVFWFSJDAYBM-BQYQJAHWSA-N,0.0471619873031056,"measured (DoOR consensus, normalised 0-1)"
ORN_DL1,Or10a,ZMQAAUBTXCXRIC-UHFFFAOYSA-N,0.0482308195625174,"measured (DoOR consensus, normalised 0-1)"
ORN_DL1,Or10a,FHIVAFMUCKRCQO-UHFFFAOYSA-N,0.0461871918819867,"measured (DoOR consensus, normalised 0-1)"
ORN_DL1,Or10a,RDYMFSUJUZBWLH-UHFFFAOYSA-N,0.0471619873031056,"measured (DoOR consensus, normalised 0-1)"
ORN_DL1,Or10a,YLMGFJXSLBMXHK-UHFFFAOYSA-M,0.0461871918819867,"measured (DoOR consensus, normalised 0-1)"
ORN_DL1,Or10a,BAZAXWOYCMUHIX-UHFFFAOYSA-M,0.043288026796798,"measured (DoOR consensus, normalised 0-1)"
ORN_DL1,Or10a,RWSOTUBLDIXVET-UHFFFAOYSA-N,0.0461871918819867,"measured (DoOR consensus, normalised 0-1)"
ORN_DL1,Or10a,XTFIVUDBNACUBN-UHFFFAOYSA-N,0.043288026796798,"measured (DoOR consensus, normalised 0-1)"
ORN_DL1,Or10a,HMWPNDNFTFSCEB-UHFFFAOYSA-N,0.0567331284745431,"measured (DoOR consensus, normalised 0-1)"
ORN_DL1,Or10a,SNIOPGDIGTZGOP-UHFFFAOYSA-N,0.143593265959366,"measured (DoOR consensus, normalised 0-1)"
ORN_DL1,Or10a,TZRXHJWUDPFEEY-UHFFFAOYSA-N,0.0471619873031056,"measured (DoOR consensus, normalised 0-1)"
ORN_DL1,Or10a,ZTLXICJMNFREPA-UHFFFAOYSA-N,0.0471619873031056,"measured (DoOR consensus, normalised 0-1)"
ORN_DL1,Or10a,SPSSULHKWOKEEL-UHFFFAOYSA-N,0.043288026796798,"measured (DoOR consensus, normalised 0-1)"
ORN_VA2,Or92a,XLYOFNOQVPJJNP-UHFFFAOYSA-N,0.0243569207501803,"measured (DoOR consensus, normalised 0-1)"
ORN_VA2,Or92a,VHUUQVKOLVNVRT-UHFFFAOYSA-N,0.0108988241967155,"measured (DoOR consensus, normalised 0-1)"
ORN_VA2,Or92a,KIDHWZJUCRJVML-UHFFFAOYSA-N,0.0172167075608837,"measured (DoOR consensus, normalised 0-1)"
ORN_VA2,Or92a,QGZKDVFQNNGYKY-UHFFFAOYSA-N,0.0198720355047079,"measured (DoOR consensus, normalised 0-1)"
ORN_VA2,Or92a,HZAXFHJVJLSVMW-UHFFFAOYSA-N,0.0198720355047079,"measured (DoOR consensus, normalised 0-1)"
ORN_VA2,Or92a,QTBSBXVTEAMEQO-UHFFFAOYSA-N,0.0082288157840851,"measured (DoOR consensus, normalised 0-1)"
ORN_VA2,Or92a,XBDQKXXYIPTUBI-UHFFFAOYSA-N,0.0092479601362798,"measured (DoOR consensus, normalised 0-1)"
ORN_VA2,Or92a,FERIUCNNQQJTOY-UHFFFAOYSA-N,0.0170351579099392,"measured (DoOR consensus, normalised 0-1)"
ORN_VA2,Or92a,NQPDZGIKBAWPEJ-UHFFFAOYSA-N,0.0136705450494682,"measured (DoOR consensus, normalised 0-1)"
ORN_VA2,Or92a,FUZZWVXGSFPDMH-UHFFFAOYSA-N,0.0147335705901496,"measured (DoOR consensus, normalised 0-1)"
ORN_VA2,Or92a,MNWFXJYAOYHMED-UHFFFAOYSA-N,0.0173375852157299,"measured (DoOR consensus, normalised 0-1)"
ORN_VA2,Or92a,WWZKQHOCKIZLMA-UHFFFAOYSA-N,0.0179230433498606,"measured (DoOR consensus, normalised 0-1)"
ORN_VA2,Or92a,FBUKVWPVBMHYJY-UHFFFAOYSA-N,0.018281880790926,"measured (DoOR consensus, normalised 0-1)"
ORN_VA2,Or92a,KQNPFQTWMSNSAP-UHFFFAOYSA-N,0.0099213632831957,"measured (DoOR consensus, normalised 0-1)"
ORN_VA2,Or92a,CZUGFKJYCPYHHV-UHFFFAOYSA-N,0.0198720355047079,"measured (DoOR consensus, normalised 0-1)"
ORN_VA2,Or92a,ALVPFGSHPUPROW-UHFFFAOYSA-N,0.0198720355047079,"measured (DoOR consensus, normalised 0-1)"
ORN_VA2,Or92a,SUVIGLJNEAMWEG-UHFFFAOYSA-N,0.0198720355047079,"measured (DoOR consensus, normalised 0-1)"
ORN_VA2,Or92a,XMGQYMWWDOXHJM-UHFFFAOYSA-N,0.0198720355047079,"measured (DoOR consensus, normalised 0-1)"
ORN_VA2,Or92a,NPNUFJAVOOONJE-GFUGXAQUSA-N,0.0145732471412596,"measured (DoOR consensus, normalised 0-1)"
ORN_VA2,Or92a,HIGQPQRQIQDZMP-DHZHZOJOSA-N,0.0454354240268307,"measured (DoOR consensus, normalised 0-1)"
ORN_VA2,Or92a,WUOACPNHFRMFPN-SECBINFHSA-N,0.012578355519086,"measured (DoOR consensus, normalised 0-1)"
ORN_VA2,Or92a,GLZPCOQZEFWAFX-JXMROGBWSA-N,0.0180918137261631,"measured (DoOR consensus, normalised 0-1)"
ORN_VA2,Or92a,CDOSHBSSFJOMGT-UHFFFAOYSA-N,0.0236779217238575,"measured (DoOR consensus, normalised 0-1)"
ORN_VA2,Or92a,QMVPMAAFGQKVCJ-SNVBAGLBSA-N,0.0241006527115411,"measured (DoOR consensus, normalised 0-1)"
ORN_VA2,Or92a,ULDHMXUKGWMISQ-SECBINFHSA-N,0.018510066955999,"measured (DoOR consensus, normalised 0-1)"
ORN_VA2,Or92a,ULDHMXUKGWMISQ-VIFPVBQESA-N,0.0189028950771167,"measured (DoOR consensus, normalised 0-1)"
ORN_VA2,Or92a,WEEGYLXZBRQIMU-WAAGHKOSSA-N,0.0194217397488482,"measured (DoOR consensus, normalised 0-1)"
ORN_VA2,Or92a,WTEVQBCEXWBHNA-JXMROGBWSA-N,0.359205479280135,"measured (DoOR consensus, normalised 0-1)"
ORN_VA2,Or92a,NEHNMFOYXAPHSD-JTQLQIEISA-N,0.0208066887378747,"measured (DoOR consensus, normalised 0-1)"
ORN_VA2,Or92a,LHXDLQBQYFFVNW-OIBJUYFYSA-N,0.0135634995789831,"measured (DoOR consensus, normalised 0-1)"
ORN_VA2,Or92a,XMGQYMWWDOXHJM-JTQLQIEISA-N,0.0118286318135186,"measured (DoOR consensus, normalised 0-1)"
ORN_VA2,Or92a,KMRMUZKLFIEVAO-UHFFFAOYSA-N,0.0093207366351048,"measured (DoOR consensus, normalised 0-1)"
ORN_VA2,Or92a,GRWFGVWFFZKLTI-RKDXNWHRSA-N,0.0158006114115733,"measured (DoOR consensus, normalised 0-1)"
ORN_VA2,Or92a,NZGWDASTMWDZIW-MRVPVSSYSA-N,0.0127524736842322,"measured (DoOR consensus, normalised 0-1)"
ORN_VA2,Or92a,USMNOWBWPHYOEA-MRTMQBJTSA-N,0.0392742938138874,"measured (DoOR consensus, normalised 0-1)"
ORN_VA2,Or92a,RGZSQWQPBWRIAQ-CABCVRRESA-N,0.0169094326807735,"measured (DoOR consensus, normalised 0-1)"
ORN_VA2,Or92a,CRDAMVZIKSXKFV-YFVJMOTDSA-N,0.103154720924906,"measured (DoOR consensus, normalised 0-1)"
ORN_VA2,Or92a,UZFLPKAIBPNNCA-BQYQJAHWSA-N,0.0151630426116045,"measured (DoOR consensus, normalised 0-1)"
ORN_VA2,Or92a,PSQYTAPXSHCGMF-BQYQJAHWSA-N,0.014983730392868,"measured (DoOR consensus, normalised 0-1)"
ORN_VA2,Or92a,IKHGUXGNUITLKF-UHFFFAOYSA-N,0.0647966417953082,"measured (DoOR consensus, normalised 0-1)"
ORN_VA2,Or92a,NBBJYMSMWIIQGU-UHFFFAOYSA-N,0.0159356473891318,"measured (DoOR consensus, normalised 0-1)"
ORN_VA2,Or92a,ZTQSAGDEMFDKMZ-UHFFFAOYSA-N,0.0092451561591133,"measured (DoOR consensus, normalised 0-1)"
ORN_VA2,Or92a,HGBOYTHUEUWSSQ-UHFFFAOYSA-N,0.008958101095888,"measured (DoOR consensus, normalised 0-1)"
ORN_VA2,Or92a,JARKCYVAAOWBJS-UHFFFAOYSA-N,0.0068092061350957,"measured (DoOR consensus, normalised 0-1)"
ORN_VA2,Or92a,MBDOYVRWFFCFHM-SNAWJCMRSA-N,0.111629579853539,"measured (DoOR consensus, normalised 0-1)"
ORN_VA2,Or92a,HYBBIBNJHNGZAN-UHFFFAOYSA-N,0.288191093898407,"measured (DoOR consensus, normalised 0-1)"
ORN_VA2,Or92a,NUJGJRNETVAIRJ-UHFFFAOYSA-N,0.0089555583244865,"measured (DoOR consensus, normalised 0-1)"
ORN_VA2,Or92a,KSMVZQYAVGTKIV-UHFFFAOYSA-N,0.0126897255647382,"measured (DoOR consensus, normalised 0-1)"
ORN_VA2,Or92a,FXHGMKSSBGDXIY-UHFFFAOYSA-N,0.0174888250223115,"measured (DoOR consensus, normalised 0-1)"
ORN_VA2,Or92a,LVBXEMGDVWVTGY-VOTSOKGWSA-N,0.0198720355047079,"measured (DoOR consensus, normalised 0-1)"
ORN_VA2,Or92a,GYHFUZHODSMOHU-UHFFFAOYSA-N,0.0170304511064947,"measured (DoOR consensus, normalised 0-1)"
ORN_VA2,Or92a,CSCPPACGZOOCGX-UHFFFAOYSA-N,0.0163599362345316,"measured (DoOR consensus, normalised 0-1)"
ORN_VA2,Or92a,ZWEHNKRNPOVVGH-UHFFFAOYSA-N,0.349350059475145,"measured (DoOR consensus, normalised 0-1)"
ORN_VA2,Or92a,CATSNJVOTSVZJV-UHFFFAOYSA-N,0.0298022041914763,"measured (DoOR consensus, normalised 0-1)"
ORN_VA2,Or92a,UHEPJGULSIKKTP-UHFFFAOYSA-N,0.0112234676753538,"measured (DoOR consensus, normalised 0-1)"
ORN_VA2,Or92a,QSJXEFYPDANLFS-UHFFFAOYSA-N,0.722900182137577,"measured (DoOR consensus, normalised 0-1)"
ORN_VA2,Or92a,LABTWGUMFABVFG-ARJAWSKDSA-N,0.381632797510844,"measured (DoOR consensus, normalised 0-1)"
ORN_VA2,Or92a,QQZOPKMRPOGIEB-UHFFFAOYSA-N,0.0179362113466449,"measured (DoOR consensus, normalised 0-1)"
ORN_VA2,Or92a,PFCHFHIRKBAQGU-UHFFFAOYSA-N,0.37102091256262,"measured (DoOR consensus, normalised 0-1)"
ORN_VA2,Or92a,JHIVVAPYMSGYDF-UHFFFAOYSA-N,0.0128708010038682,"measured (DoOR consensus, normalised 0-1)"
ORN_VA2,Or92a,ZPVFWPFBNIEHGJ-UHFFFAOYSA-N,0.0131151784092913,"measured (DoOR consensus, normalised 0-1)"
ORN_VA2,Or92a,VKCYHJWLYTUGCC-UHFFFAOYSA-N,0.0124493254373426,"measured (DoOR consensus, normalised 0-1)"
ORN_VA2,Or92a,WRMNZCZEMHIOCP-UHFFFAOYSA-N,0.0191017047116646,"measured (DoOR consensus, normalised 0-1)"
ORN_VA2,Or92a,WVDDGKGOMKODPV-UHFFFAOYSA-N,0.0105694634181641,"measured (DoOR consensus, normalised 0-1)"
ORN_VA2,Or92a,OSWPMRLSEDHDFF-UHFFFAOYSA-N,0.0314361962315373,"measured (DoOR consensus, normalised 0-1)"
ORN_VA2,Or92a,MTZQAGJQAFMTAQ-UHFFFAOYSA-N,0.0619893119220792,"measured (DoOR consensus, normalised 0-1)"
ORN_VA2,Or92a,HUMNYLRZRPPJDN-UHFFFAOYSA-N,0.0420158695999001,"measured (DoOR consensus, normalised 0-1)"
ORN_VA2,Or92a,DTUQWGWMVIHBKE-UHFFFAOYSA-N,0.0876934086346778,"measured (DoOR consensus, normalised 0-1)"
ORN_VA2,Or92a,KWOLFJPFCHCOCG-UHFFFAOYSA-N,0.0198720355047079,"measured (DoOR consensus, normalised 0-1)"
ORN_VA2,Or92a,QWVGKYWNOKOFNN-UHFFFAOYSA-N,0.0180841905651079,"measured (DoOR consensus, normalised 0-1)"
ORN_VA2,Or92a,RRAFCDWBNXTKKO-UHFFFAOYSA-N,0.0216639062377045,"measured (DoOR consensus, normalised 0-1)"
ORN_VA2,Or92a,RUVINXPYWBROJD-ONEGZZNKSA-N,0.19704621654434,"measured (DoOR consensus, normalised 0-1)"
ORN_VA2,Or92a,ZRSNZINYAWTAHE-UHFFFAOYSA-N,0.0132306033216218,"measured (DoOR consensus, normalised 0-1)"
ORN_VA2,Or92a,WTWBUQJHJGUZCY-UHFFFAOYSA-N,0.0863638620902898,"measured (DoOR consensus, normalised 0-1)"
ORN_VA2,Or92a,RDOXTESZEPMUJZ-UHFFFAOYSA-N,0.013938856535406,"measured (DoOR consensus, normalised 0-1)"
ORN_VA2,Or92a,ZYEMGPIYFIJGTP-UHFFFAOYSA-N,0.0189396327017721,"measured (DoOR consensus, normalised 0-1)"
ORN_VA2,Or92a,BJIOGJUNALELMI-ONEGZZNKSA-N,0.0135132234471726,"measured (DoOR consensus, normalised 0-1)"
ORN_VA2,Or92a,IWDCLRJOBJJRNH-UHFFFAOYSA-N,0.0168944904421208,"measured (DoOR consensus, normalised 0-1)"
ORN_VA2,Or92a,LCHYEKKJCUJAKN-UHFFFAOYSA-N,0.0214690727399768,"measured (DoOR consensus, normalised 0-1)"
ORN_VA2,Or92a,JFDZBHWFFUWGJE-UHFFFAOYSA-N,0.013397153927661,"measured (DoOR consensus, normalised 0-1)"
ORN_VA2,Or92a,GEWDNTWNSAZUDX-SNAWJCMRSA-N,0.0201714211368032,"measured (DoOR consensus, normalised 0-1)"
ORN_VA2,Or92a,IXQGCWUGDFDQMF-UHFFFAOYSA-N,0.0105448280815875,"measured (DoOR consensus, normalised 0-1)"
ORN_VA2,Or92a,LRHPLDYGYMQRHN-UHFFFAOYSA-N,0.0198720355047079,"measured (DoOR consensus, normalised 0-1)"
ORN_VA2,Or92a,ZSIAUFGUXNUGDI-UHFFFAOYSA-N,0.0779990188123613,"measured (DoOR consensus, normalised 0-1)"
ORN_VA2,Or92a,PHTQWCKDNZKARW-UHFFFAOYSA-N,0.0167943726432851,"measured (DoOR consensus, normalised 0-1)"
ORN_VA2,Or92a,VSMOENVRRABVKN-UHFFFAOYSA-N,0.0314153671596335,"measured (DoOR consensus, normalised 0-1)"
ORN_VA2,Or92a,ZCHHRLHTBGRGOT-PLNGDYQASA-N,0.17811686944485,"measured (DoOR consensus, normalised 0-1)"
ORN_VA2,Or92a,UFLHIIWVXFIJGU-ARJAWSKDSA-N,0.0159659506041832,"measured (DoOR consensus, normalised 0-1)"
ORN_VA2,Or92a,OWBTYPJTUOEWEK-UHFFFAOYSA-N,0.490886450233648,"measured (DoOR consensus, normalised 0-1)"
ORN_VA2,Or92a,MWKFXSUHUHTGQN-UHFFFAOYSA-N,0.0100914195183868,"measured (DoOR consensus, normalised 0-1)"
ORN_VA2,Or92a,MQWCXKGKQLNYQG-UHFFFAOYSA-N,0.0152994931895248,"measured (DoOR consensus, normalised 0-1)"
ORN_VA2,Or92a,NMRPBPVERJPACX-UHFFFAOYSA-N,0.0149395024784077,"measured (DoOR consensus, normalised 0-1)"
ORN_VA2,Or92a,WOFPPJOZXUTRAU-UHFFFAOYSA-N,0.0983165495565462,"measured (DoOR consensus, normalised 0-1)"
ORN_VA2,Or92a,CETWDUZRCINIHU-UHFFFAOYSA-N,0.0146385992926431,"measured (DoOR consensus, normalised 0-1)"
ORN_VA2,Or92a,QNVRIHYSUZMSGM-UHFFFAOYSA-N,0.35472796490191,"measured (DoOR consensus, normalised 0-1)"
ORN_VA2,Or92a,BVOSSZSHBZQJOI-UHFFFAOYSA-N,0.0130213554288864,"measured (DoOR consensus, normalised 0-1)"
ORN_VA2,Or92a,XEKOWRVHYACXOJ-UHFFFAOYSA-N,0.159550066357334,"measured (DoOR consensus, normalised 0-1)"
ORN_VA2,Or92a,DKPFZGUDAPQIHT-UHFFFAOYSA-N,0.0160329843668348,"measured (DoOR consensus, normalised 0-1)"
ORN_VA2,Or92a,PGMYKACGEOXYJE-UHFFFAOYSA-N,0.0626929195370312,"measured (DoOR consensus, normalised 0-1)"
ORN_VA2,Or92a,AOGQPLXWSUTHQB-UHFFFAOYSA-N,0.0119997990939109,"measured (DoOR consensus, normalised 0-1)"
ORN_VA2,Or92a,MLFHJEHSLIIPHL-UHFFFAOYSA-N,0.0198720355047079,"measured (DoOR consensus, normalised 0-1)"
ORN_VA2,Or92a,HRHOWZHRCRZVCU-WAYWQWQTSA-N,0.0163914966579394,"measured (DoOR consensus, normalised 0-1)"
ORN_VA2,Or92a,OBNCKNCVKJNDBV-UHFFFAOYSA-N,0.16933377124539,"measured (DoOR consensus, normalised 0-1)"
ORN_VA2,Or92a,XAPCMTMQBXLDBB-UHFFFAOYSA-N,0.0125859380379614,"measured (DoOR consensus, normalised 0-1)"
ORN_VA2,Or92a,FKRCODPIKNYEAC-UHFFFAOYSA-N,0.181964297522343,"measured (DoOR consensus, normalised 0-1)"
ORN_VA2,Or92a,YLYBTZIQSIBWLI-UHFFFAOYSA-N,0.0104408626343434,"measured (DoOR consensus, normalised 0-1)"
ORN_VA2,Or92a,RJUFJBKOKNCXHH-UHFFFAOYSA-N,0.0614742893584619,"measured (DoOR consensus, normalised 0-1)"
ORN_VA2,Or92a,SIKJAQJRHWYJAI-UHFFFAOYSA-N,0.0198720355047079,"measured (DoOR consensus, normalised 0-1)"
ORN_VA2,Or92a,XHIUFYZDQBSEMF-UHFFFAOYSA-N,0.0170722220320618,"measured (DoOR consensus, normalised 0-1)"
ORN_VA2,Or92a,OMSUIQOIVADKIM-RXMQYKEDSA-N,0.353832844497541,"measured (DoOR consensus, normalised 0-1)"
ORN_VA2,Or92a,OMSUIQOIVADKIM-YFKPBYRVSA-N,0.42781843831956,"measured (DoOR consensus, normalised 0-1)"
ORN_VA2,Or92a,HCRBXQFHJMCTLF-UHFFFAOYSA-N,0.0188401387243167,"measured (DoOR consensus, normalised 0-1)"
ORN_VA2,Or92a,ICMAFTSLXCXHRK-UHFFFAOYSA-N,0.0804779139236744,"measured (DoOR consensus, normalised 0-1)"
ORN_VA2,Or92a,ACCRBMDJCPPJDX-UHFFFAOYSA-N,0.0136429589152744,"measured (DoOR consensus, normalised 0-1)"
ORN_VA2,Or92a,LYRIITRHDCNUHV-UHFFFAOYSA-N,0.0102202678946578,"measured (DoOR consensus, normalised 0-1)"
ORN_VA2,Or92a,ZARFDQHJMNVNLE-WEVVVXLNSA-N,0.116619431035304,"measured (DoOR consensus, normalised 0-1)"
ORN_VA2,Or92a,FFOPEPMHKILNIT-UHFFFAOYSA-N,0.0104302388444637,"measured (DoOR consensus, normalised 0-1)"
ORN_VA2,Or92a,YYJWBYNQJLBIGS-PLNGDYQASA-N,0.306705047250755,"measured (DoOR consensus, normalised 0-1)"
ORN_VA2,Or92a,OAPHLAAOJMTMLY-GQCTYLIASA-N,0.310974428415012,"measured (DoOR consensus, normalised 0-1)"
ORN_VA2,Or92a,VUPBIVVRPJDWNW-FNORWQNLSA-N,0.0310149217432348,"measured (DoOR consensus, normalised 0-1)"
ORN_VA2,Or92a,PPXUHEORWJQRHJ-UHFFFAOYSA-N,0.0111788679582224,"measured (DoOR consensus, normalised 0-1)"
ORN_VA2,Or92a,ZCZSIDMEHXZRLG-UHFFFAOYSA-N,0.0136486017155983,"measured (DoOR consensus, normalised 0-1)"
ORN_VA2,Or92a,NPFVOOAXDOBMCE-PLNGDYQASA-N,0.0149049594022341,"measured (DoOR consensus, normalised 0-1)"
ORN_VA2,Or92a,OUGPMNMLWKSBRI-UHFFFAOYSA-N,0.0127628029294105,"measured (DoOR consensus, normalised 0-1)"
ORN_VA2,Or92a,BTMVHUNTONAYDX-UHFFFAOYSA-N,0.0693555930382639,"measured (DoOR consensus, normalised 0-1)"
ORN_VA2,Or92a,GSCLMSFRWBPUSK-UHFFFAOYSA-N,0.236861779807662,"measured (DoOR consensus, normalised 0-1)"
ORN_VA2,Or92a,GAEKPEKOJKCEMS-UHFFFAOYSA-N,0.271071191342812,"measured (DoOR consensus, normalised 0-1)"
ORN_VA2,Or92a,VLSVVMPLPMNWBH-UHFFFAOYSA-N,0.0128238775604789,"measured (DoOR consensus, normalised 0-1)"
ORN_VA2,Or92a,solvent,0.0367292477933983,"measured (DoOR consensus, normalised 0-1)"
ORN_VA2,Or92a,IMNFDUFMRHMDMM-UHFFFAOYSA-N,0.0201662097017802,"measured (DoOR consensus, normalised 0-1)"
ORN_VA2,Or92a,TVMXDCGIABBOFY-UHFFFAOYSA-N,0.0125038994490916,"measured (DoOR consensus, normalised 0-1)"
ORN_VA2,Or92a,BKIMMITUMNQMOS-UHFFFAOYSA-N,0.0151720516954658,"measured (DoOR consensus, normalised 0-1)"
ORN_VA2,Or92a,CURLTUGMZLYLDI-UHFFFAOYSA-N,0.0543740425068374,"measured (DoOR consensus, normalised 0-1)"
ORN_VA2,Or92a,UXFSPRAGHGMRSQ-UHFFFAOYSA-N,0.0198720355047079,"measured (DoOR consensus, normalised 0-1)"
ORN_VA2,Or92a,RWRDLPDLKQPQOW-UHFFFAOYSA-N,0.0198720355047079,"measured (DoOR consensus, normalised 0-1)"
ORN_VA2,Or92a,QSZKEDWVAOAFQY-HJWRWDBZSA-N,0.0198720355047079,"measured (DoOR consensus, normalised 0-1)"
ORN_VA2,Or92a,HQABUPZFAYXKJW-UHFFFAOYSA-N,0.109700250448329,"measured (DoOR consensus, normalised 0-1)"
ORN_VA2,Or92a,QCCDLTOVEPVEJK-UHFFFAOYSA-N,0.004471393465171,"measured (DoOR consensus, normalised 0-1)"
ORN_VA2,Or92a,FWZUNOYOVVKUNF-UHFFFAOYSA-N,0.126319153200394,"measured (DoOR consensus, normalised 0-1)"
ORN_VA2,Or92a,QNVRIHYSUZMSGM-ZCFIWIBFSA-N,0.409748543168154,"measured (DoOR consensus, normalised 0-1)"
ORN_VA2,Or92a,MEIRRNXMZYDVDW-MQQKCMAXSA-N,0.109700250448329,"measured (DoOR consensus, normalised 0-1)"
ORN_VA2,Or92a,YSNWHRKJEKWJNY-UHFFFAOYSA-N,0.196122304265319,"measured (DoOR consensus, normalised 0-1)"
ORN_VA2,Or92a,CETWDUZRCINIHU-ZETCQYMHSA-N,0.214552983089188,"measured (DoOR consensus, normalised 0-1)"
ORN_VA2,Or92a,GMEONFUTDYJSNV-UHFFFAOYSA-N,0.243775942674579,"measured (DoOR consensus, normalised 0-1)"
ORN_VA2,Or92a,JIGUQPWFLRLWPJ-UHFFFAOYSA-N,0.134742112597517,"measured (DoOR consensus, normalised 0-1)"
ORN_VA2,Or92a,BHIWKHZACMWKOJ-UHFFFAOYSA-N,0.109700250448329,"measured (DoOR consensus, normalised 0-1)"
ORN_VA2,Or92a,WYACBZDAHNBPPB-UHFFFAOYSA-N,0.143244666256268,"measured (DoOR consensus, normalised 0-1)"
ORN_VA2,Or92a,ZKQDCIXGCQPQNV-UHFFFAOYSA-N,0.0148398045642968,"measured (DoOR consensus, normalised 0-1)"
ORN_VA2,Or92a,CRVGTESFCCXCTH-UHFFFAOYSA-N,0.0174354100341901,"measured (DoOR consensus, normalised 0-1)"
ORN_VA2,Or92a,AKNUHUCEWALCOI-UHFFFAOYSA-O,0.004471393465171,"measured (DoOR consensus, normalised 0-1)"
ORN_VA2,Or92a,OSPSWZSRKYCQPF-UHFFFAOYSA-N,0.0063986123482626,"measured (DoOR consensus, normalised 0-1)"
ORN_VA2,Or92a,BDZBKCUKTQZUTL-UHFFFAOYSA-N,0.105368180987476,"measured (DoOR consensus, normalised 0-1)"
ORN_VA2,Or92a,DWCLXOREGBLXTD-UHFFFAOYSA-N,0.0083473372243982,"measured (DoOR consensus, normalised 0-1)"
ORN_VA2,Or92a,YIWUKEYIRIRTPP-UHFFFAOYSA-N,0.004471393465171,"measured (DoOR consensus, normalised 0-1)"
ORN_VA2,Or92a,VKYKSIONXSXAKP-UHFFFAOYSA-N,0.0,"measured (DoOR consensus, normalised 0-1)"
ORN_VA2,Or92a,MHAJPDPJQMAIIY-UHFFFAOYSA-N,0.0102956032964574,"measured (DoOR consensus, normalised 0-1)"
ORN_VA2,Or92a,GRYLNZFGIOXLOG-UHFFFAOYSA-N,0.0089968099486579,"measured (DoOR consensus, normalised 0-1)"
ORN_VA2,Or92a,LYGJENNIWJXYER-UHFFFAOYSA-N,0.0051101639601955,"measured (DoOR consensus, normalised 0-1)"
ORN_VA2,Or92a,WFDIJRYMOXRFFG-UHFFFAOYSA-N,0.0063986123482626,"measured (DoOR consensus, normalised 0-1)"
ORN_VA2,Or92a,ZHNUHDYFZUAESO-UHFFFAOYSA-N,0.0070482386337424,"measured (DoOR consensus, normalised 0-1)"
ORN_VA2,Or92a,WGSVFWFSJDAYBM-BQYQJAHWSA-N,0.0063986123482626,"measured (DoOR consensus, normalised 0-1)"
ORN_VA2,Or92a,ZMQAAUBTXCXRIC-UHFFFAOYSA-N,0.0012775409900488,"measured (DoOR consensus, normalised 0-1)"
ORN_VA2,Or92a,FHIVAFMUCKRCQO-UHFFFAOYSA-N,0.0102956032964574,"measured (DoOR consensus, normalised 0-1)"
ORN_VA2,Or92a,RDYMFSUJUZBWLH-UHFFFAOYSA-N,0.0057489344552199,"measured (DoOR consensus, normalised 0-1)"
ORN_VA2,Or92a,YLMGFJXSLBMXHK-UHFFFAOYSA-M,0.0115941952221244,"measured (DoOR consensus, normalised 0-1)"
ORN_VA2,Or92a,BAZAXWOYCMUHIX-UHFFFAOYSA-M,0.0109449243340604,"measured (DoOR consensus, normalised 0-1)"
ORN_VA2,Or92a,RWSOTUBLDIXVET-UHFFFAOYSA-N,0.0089968099486579,"measured (DoOR consensus, normalised 0-1)"
ORN_VA2,Or92a,XTFIVUDBNACUBN-UHFFFAOYSA-N,0.0083473372243982,"measured (DoOR consensus, normalised 0-1)"
ORN_VA2,Or92a,HMWPNDNFTFSCEB-UHFFFAOYSA-N,0.0076978135224667,"measured (DoOR consensus, normalised 0-1)"
ORN_VA2,Or92a,SNIOPGDIGTZGOP-UHFFFAOYSA-N,0.0057489344552199,"measured (DoOR consensus, normalised 0-1)"
ORN_VA2,Or92a,TZRXHJWUDPFEEY-UHFFFAOYSA-N,0.0057489344552199,"measured (DoOR consensus, normalised 0-1)"
ORN_VA2,Or92a,ZTLXICJMNFREPA-UHFFFAOYSA-N,0.0135417090345887,"measured (DoOR consensus, normalised 0-1)"
ORN_VA2,Or92a,SPSSULHKWOKEEL-UHFFFAOYSA-N,0.0096462319035284,"measured (DoOR consensus, normalised 0-1)"
ORN_VL1,Ir75d,XLYOFNOQVPJJNP-UHFFFAOYSA-N,0.0143511241713934,"measured (DoOR consensus, normalised 0-1)"
ORN_VL1,Ir75d,VHUUQVKOLVNVRT-UHFFFAOYSA-N,0.0323583680721657,"measured (DoOR consensus, normalised 0-1)"
ORN_VL1,Ir75d,KIDHWZJUCRJVML-UHFFFAOYSA-N,0.0264812410305474,"measured (DoOR consensus, normalised 0-1)"
ORN_VL1,Ir75d,VHRGRCVQAFMJIZ-UHFFFAOYSA-N,0.0288389257158477,"measured (DoOR consensus, normalised 0-1)"
ORN_VL1,Ir75d,ROSDSFDQCJNGOL-UHFFFAOYSA-N,0.0226542745848425,"measured (DoOR consensus, normalised 0-1)"
ORN_VL1,Ir75d,QTBSBXVTEAMEQO-UHFFFAOYSA-N,0.0828606574181644,"measured (DoOR consensus, normalised 0-1)"
ORN_VL1,Ir75d,XBDQKXXYIPTUBI-UHFFFAOYSA-N,0.0236110161962687,"measured (DoOR consensus, normalised 0-1)"
ORN_VL1,Ir75d,FERIUCNNQQJTOY-UHFFFAOYSA-N,0.0470511856762113,"measured (DoOR consensus, normalised 0-1)"
ORN_VL1,Ir75d,ZTQSAGDEMFDKMZ-UHFFFAOYSA-N,0.0287022483427869,"measured (DoOR consensus, normalised 0-1)"
ORN_VL1,Ir75d,QSJXEFYPDANLFS-UHFFFAOYSA-N,0.0245335884644297,"measured (DoOR consensus, normalised 0-1)"
ORN_VL1,Ir75d,WRMNZCZEMHIOCP-UHFFFAOYSA-N,0.0255586687623864,"measured (DoOR consensus, normalised 0-1)"
ORN_VL1,Ir75d,DTUQWGWMVIHBKE-UHFFFAOYSA-N,0.0468120002733548,"measured (DoOR consensus, normalised 0-1)"
ORN_VL1,Ir75d,OWBTYPJTUOEWEK-UHFFFAOYSA-N,0.0126426570081323,"measured (DoOR consensus, normalised 0-1)"
ORN_VL1,Ir75d,XEKOWRVHYACXOJ-UHFFFAOYSA-N,0.0084739971297751,"measured (DoOR consensus, normalised 0-1)"
ORN_VL1,Ir75d,PGMYKACGEOXYJE-UHFFFAOYSA-N,0.0292489578350304,"measured (DoOR consensus, normalised 0-1)"
ORN_VL1,Ir75d,solvent,0.0,"measured (DoOR consensus, normalised 0-1)"
ORN_VL1,Ir75d,RWRDLPDLKQPQOW-UHFFFAOYSA-N,1.0,"measured (DoOR consensus, normalised 0-1)"
ORN_VL1,Ir75d,BHHGXPLMPWCGHP-UHFFFAOYSA-N,0.0431558805439759,"measured (DoOR consensus, normalised 0-1)"
ORN_VL1,Ir75d,JUJWROOIHBZHMG-UHFFFAOYSA-N,0.0128818424109889,"measured (DoOR consensus, normalised 0-1)"
ORN_VL1,Ir75d,KDVFRMMRZOCFLS-UHFFFAOYSA-N,0.030410715506048,"measured (DoOR consensus, normalised 0-1)"
ORN_VL1,Ir75d,QUSNBJAOOMFDIB-UHFFFAOYSA-N,0.0906170983393699,"measured (DoOR consensus, normalised 0-1)"
ORN_VL1,Ir75d,WLJVXDMOQOGPHL-UHFFFAOYSA-N,0.0387480352627622,"measured (DoOR consensus, normalised 0-1)"
ORN_VL1,Ir75d,ATHGHQPFGPMSJY-UHFFFAOYSA-N,0.0519715711064033,"measured (DoOR consensus, normalised 0-1)"
ORN_VM4,Ir76a,XLYOFNOQVPJJNP-UHFFFAOYSA-N,0.0338767704179274,"measured (DoOR consensus, normalised 0-1)"
ORN_VM4,Ir76a,VHUUQVKOLVNVRT-UHFFFAOYSA-N,0.0578672003932722,"measured (DoOR consensus, normalised 0-1)"
ORN_VM4,Ir76a,KIDHWZJUCRJVML-UHFFFAOYSA-N,0.0285807997558222,"measured (DoOR consensus, normalised 0-1)"
ORN_VM4,Ir76a,VHRGRCVQAFMJIZ-UHFFFAOYSA-N,0.0344872341020324,"measured (DoOR consensus, normalised 0-1)"
ORN_VM4,Ir76a,ROSDSFDQCJNGOL-UHFFFAOYSA-N,0.0558376068461181,"measured (DoOR consensus, normalised 0-1)"
ORN_VM4,Ir76a,QTBSBXVTEAMEQO-UHFFFAOYSA-N,0.0,"measured (DoOR consensus, normalised 0-1)"
ORN_VM4,Ir76a,XBDQKXXYIPTUBI-UHFFFAOYSA-N,0.0050264152691237,"measured (DoOR consensus, normalised 0-1)"
ORN_VM4,Ir76a,FERIUCNNQQJTOY-UHFFFAOYSA-N,0.0022357241417869,"measured (DoOR consensus, normalised 0-1)"
ORN_VM4,Ir76a,ZTQSAGDEMFDKMZ-UHFFFAOYSA-N,0.0182267014254189,"measured (DoOR consensus, normalised 0-1)"
ORN_VM4,Ir76a,QSJXEFYPDANLFS-UHFFFAOYSA-N,0.0384433558990241,"measured (DoOR consensus, normalised 0-1)"
ORN_VM4,Ir76a,WRMNZCZEMHIOCP-UHFFFAOYSA-N,0.0268524740008238,"measured (DoOR consensus, normalised 0-1)"
ORN_VM4,Ir76a,DTUQWGWMVIHBKE-UHFFFAOYSA-N,0.0185596816167489,"measured (DoOR consensus, normalised 0-1)"
ORN_VM4,Ir76a,OWBTYPJTUOEWEK-UHFFFAOYSA-N,0.0347805737943945,"measured (DoOR consensus, normalised 0-1)"
ORN_VM4,Ir76a,XEKOWRVHYACXOJ-UHFFFAOYSA-N,0.02961938082878,"measured (DoOR consensus, normalised 0-1)"
ORN_VM4,Ir76a,PGMYKACGEOXYJE-UHFFFAOYSA-N,0.0280734013690337,"measured (DoOR consensus, normalised 0-1)"
ORN_VM4,Ir76a,solvent,0.0377060426182221,"measured (DoOR consensus, normalised 0-1)"
ORN_VM4,Ir76a,RWRDLPDLKQPQOW-UHFFFAOYSA-N,0.0453090903202563,"measured (DoOR consensus, normalised 0-1)"
ORN_VM4,Ir76a,BHHGXPLMPWCGHP-UHFFFAOYSA-N,0.0452853060208756,"measured (DoOR consensus, normalised 0-1)"
ORN_VM4,Ir76a,JUJWROOIHBZHMG-UHFFFAOYSA-N,0.0370559384351493,"measured (DoOR consensus, normalised 0-1)"
ORN_VM4,Ir76a,KDVFRMMRZOCFLS-UHFFFAOYSA-N,0.0368498078405164,"measured (DoOR consensus, normalised 0-1)"
ORN_VM4,Ir76a,QUSNBJAOOMFDIB-UHFFFAOYSA-N,0.0534353926086662,"measured (DoOR consensus, normalised 0-1)"
ORN_VM4,Ir76a,WLJVXDMOQOGPHL-UHFFFAOYSA-N,0.0207399090599808,"measured (DoOR consensus, normalised 0-1)"
ORN_VM4,Ir76a,ATHGHQPFGPMSJY-UHFFFAOYSA-N,0.0326637711495111,"measured (DoOR consensus, normalised 0-1)"
ORN_DM1,Or42b,XLYOFNOQVPJJNP-UHFFFAOYSA-N,0.224557609386678,"measured (DoOR consensus, normalised 0-1)"
ORN_DM1,Or42b,VHUUQVKOLVNVRT-UHFFFAOYSA-N,0.112581156084796,"measured (DoOR consensus, normalised 0-1)"
ORN_DM1,Or42b,KIDHWZJUCRJVML-UHFFFAOYSA-N,0.258614875916227,"measured (DoOR consensus, normalised 0-1)"
ORN_DM1,Or42b,QGZKDVFQNNGYKY-UHFFFAOYSA-N,0.0312449951322644,"measured (DoOR consensus, normalised 0-1)"
ORN_DM1,Or42b,HZAXFHJVJLSVMW-UHFFFAOYSA-N,0.0312449951322644,"measured (DoOR consensus, normalised 0-1)"
ORN_DM1,Or42b,QTBSBXVTEAMEQO-UHFFFAOYSA-N,0.0330799471732554,"measured (DoOR consensus, normalised 0-1)"
ORN_DM1,Or42b,XBDQKXXYIPTUBI-UHFFFAOYSA-N,0.163897939279026,"measured (DoOR consensus, normalised 0-1)"
ORN_DM1,Or42b,FERIUCNNQQJTOY-UHFFFAOYSA-N,0.0382454572746621,"measured (DoOR consensus, normalised 0-1)"
ORN_DM1,Or42b,NQPDZGIKBAWPEJ-UHFFFAOYSA-N,0.11730706233303,"measured (DoOR consensus, normalised 0-1)"
ORN_DM1,Or42b,FUZZWVXGSFPDMH-UHFFFAOYSA-N,0.10964882102415,"measured (DoOR consensus, normalised 0-1)"
ORN_DM1,Or42b,MNWFXJYAOYHMED-UHFFFAOYSA-N,0.110163799325914,"measured (DoOR consensus, normalised 0-1)"
ORN_DM1,Or42b,WWZKQHOCKIZLMA-UHFFFAOYSA-N,0.115023940897213,"measured (DoOR consensus, normalised 0-1)"
ORN_DM1,Or42b,FBUKVWPVBMHYJY-UHFFFAOYSA-N,0.110935016327688,"measured (DoOR consensus, normalised 0-1)"
ORN_DM1,Or42b,KQNPFQTWMSNSAP-UHFFFAOYSA-N,0.0721216735740528,"measured (DoOR consensus, normalised 0-1)"
ORN_DM1,Or42b,CZUGFKJYCPYHHV-UHFFFAOYSA-N,0.0312449951322644,"measured (DoOR consensus, normalised 0-1)"
ORN_DM1,Or42b,ALVPFGSHPUPROW-UHFFFAOYSA-N,0.0312449951322644,"measured (DoOR consensus, normalised 0-1)"
ORN_DM1,Or42b,SUVIGLJNEAMWEG-UHFFFAOYSA-N,0.0312449951322644,"measured (DoOR consensus, normalised 0-1)"
ORN_DM1,Or42b,NPNUFJAVOOONJE-GFUGXAQUSA-N,0.0549928059443206,"measured (DoOR consensus, normalised 0-1)"
ORN_DM1,Or42b,HIGQPQRQIQDZMP-DHZHZOJOSA-N,0.0788656216918132,"measured (DoOR consensus, normalised 0-1)"
ORN_DM1,Or42b,WUOACPNHFRMFPN-SECBINFHSA-N,0.010836645434174,"measured (DoOR consensus, normalised 0-1)"
ORN_DM1,Or42b,GLZPCOQZEFWAFX-JXMROGBWSA-N,0.0237052272847107,"measured (DoOR consensus, normalised 0-1)"
ORN_DM1,Or42b,CDOSHBSSFJOMGT-UHFFFAOYSA-N,0.0094667672450368,"measured (DoOR consensus, normalised 0-1)"
ORN_DM1,Or42b,QMVPMAAFGQKVCJ-SNVBAGLBSA-N,0.0340529910355662,"measured (DoOR consensus, normalised 0-1)"
ORN_DM1,Or42b,ULDHMXUKGWMISQ-SECBINFHSA-N,0.0196865725387495,"measured (DoOR consensus, normalised 0-1)"
ORN_DM1,Or42b,ULDHMXUKGWMISQ-VIFPVBQESA-N,0.0248531521690223,"measured (DoOR consensus, normalised 0-1)"
ORN_DM1,Or42b,WEEGYLXZBRQIMU-WAAGHKOSSA-N,0.0374973511582478,"measured (DoOR consensus, normalised 0-1)"
ORN_DM1,Or42b,WTEVQBCEXWBHNA-JXMROGBWSA-N,0.0102948131624653,"measured (DoOR consensus, normalised 0-1)"
ORN_DM1,Or42b,NEHNMFOYXAPHSD-JTQLQIEISA-N,0.0252357937971261,"measured (DoOR consensus, normalised 0-1)"
ORN_DM1,Or42b,LHXDLQBQYFFVNW-OIBJUYFYSA-N,0.0393920417206413,"measured (DoOR consensus, normalised 0-1)"
ORN_DM1,Or42b,XMGQYMWWDOXHJM-JTQLQIEISA-N,0.0428723638205482,"measured (DoOR consensus, normalised 0-1)"
ORN_DM1,Or42b,KMRMUZKLFIEVAO-UHFFFAOYSA-N,0.0400323240041629,"measured (DoOR consensus, normalised 0-1)"
ORN_DM1,Or42b,GRWFGVWFFZKLTI-RKDXNWHRSA-N,0.0373304166234298,"measured (DoOR consensus, normalised 0-1)"
ORN_DM1,Or42b,NZGWDASTMWDZIW-MRVPVSSYSA-N,0.0233225856566068,"measured (DoOR consensus, normalised 0-1)"
ORN_DM1,Or42b,USMNOWBWPHYOEA-MRTMQBJTSA-N,0.0604826183328445,"measured (DoOR consensus, normalised 0-1)"
ORN_DM1,Or42b,RGZSQWQPBWRIAQ-CABCVRRESA-N,0.0585677962276876,"measured (DoOR consensus, normalised 0-1)"
ORN_DM1,Or42b,CRDAMVZIKSXKFV-YFVJMOTDSA-N,0.0061407657460319,"measured (DoOR consensus, normalised 0-1)"
ORN_DM1,Or42b,UZFLPKAIBPNNCA-BQYQJAHWSA-N,0.0825281337106976,"measured (DoOR consensus, normalised 0-1)"
ORN_DM1,Or42b,PSQYTAPXSHCGMF-BQYQJAHWSA-N,0.076230288511405,"measured (DoOR consensus, normalised 0-1)"
ORN_DM1,Or42b,IKHGUXGNUITLKF-UHFFFAOYSA-N,0.130897993062339,"measured (DoOR consensus, normalised 0-1)"
ORN_DM1,Or42b,NBBJYMSMWIIQGU-UHFFFAOYSA-N,0.175082989888405,"measured (DoOR consensus, normalised 0-1)"
ORN_DM1,Or42b,ZTQSAGDEMFDKMZ-UHFFFAOYSA-N,0.020047794053222,"measured (DoOR consensus, normalised 0-1)"
ORN_DM1,Or42b,HGBOYTHUEUWSSQ-UHFFFAOYSA-N,0.0400323240041629,"measured (DoOR consensus, normalised 0-1)"
ORN_DM1,Or42b,JARKCYVAAOWBJS-UHFFFAOYSA-N,0.0147197767147531,"measured (DoOR consensus, normalised 0-1)"
ORN_DM1,Or42b,MBDOYVRWFFCFHM-SNAWJCMRSA-N,0.0919271979116354,"measured (DoOR consensus, normalised 0-1)"
ORN_DM1,Or42b,HYBBIBNJHNGZAN-UHFFFAOYSA-N,0.0029800774943978,"measured (DoOR consensus, normalised 0-1)"
ORN_DM1,Or42b,NUJGJRNETVAIRJ-UHFFFAOYSA-N,0.0970639764544486,"measured (DoOR consensus, normalised 0-1)"
ORN_DM1,Or42b,KSMVZQYAVGTKIV-UHFFFAOYSA-N,0.103675594818323,"measured (DoOR consensus, normalised 0-1)"
ORN_DM1,Or42b,FXHGMKSSBGDXIY-UHFFFAOYSA-N,0.0124621422493002,"measured (DoOR consensus, normalised 0-1)"
ORN_DM1,Or42b,LVBXEMGDVWVTGY-VOTSOKGWSA-N,0.0312449951322644,"measured (DoOR consensus, normalised 0-1)"
ORN_DM1,Or42b,GYHFUZHODSMOHU-UHFFFAOYSA-N,0.0443749899545247,"measured (DoOR consensus, normalised 0-1)"
ORN_DM1,Or42b,CSCPPACGZOOCGX-UHFFFAOYSA-N,0.0493849693443529,"measured (DoOR consensus, normalised 0-1)"
ORN_DM1,Or42b,ZWEHNKRNPOVVGH-UHFFFAOYSA-N,0.0944725265369151,"measured (DoOR consensus, normalised 0-1)"
ORN_DM1,Or42b,CATSNJVOTSVZJV-UHFFFAOYSA-N,0.0952068555901739,"measured (DoOR consensus, normalised 0-1)"
ORN_DM1,Or42b,UHEPJGULSIKKTP-UHFFFAOYSA-N,0.151813402361431,"measured (DoOR consensus, normalised 0-1)"
ORN_DM1,Or42b,QSJXEFYPDANLFS-UHFFFAOYSA-N,0.342206487725783,"measured (DoOR consensus, normalised 0-1)"
ORN_DM1,Or42b,LABTWGUMFABVFG-ARJAWSKDSA-N,0.81756648880527,"measured (DoOR consensus, normalised 0-1)"
ORN_DM1,Or42b,QQZOPKMRPOGIEB-UHFFFAOYSA-N,0.204410841051649,"measured (DoOR consensus, normalised 0-1)"
ORN_DM1,Or42b,PFCHFHIRKBAQGU-UHFFFAOYSA-N,0.898889977233065,"measured (DoOR consensus, normalised 0-1)"
ORN_DM1,Or42b,JHIVVAPYMSGYDF-UHFFFAOYSA-N,0.0946729579840244,"measured (DoOR consensus, normalised 0-1)"
ORN_DM1,Or42b,ZPVFWPFBNIEHGJ-UHFFFAOYSA-N,0.0028897721157797,"measured (DoOR consensus, normalised 0-1)"
ORN_DM1,Or42b,VKCYHJWLYTUGCC-UHFFFAOYSA-N,0.0315493806608399,"measured (DoOR consensus, normalised 0-1)"
ORN_DM1,Or42b,WRMNZCZEMHIOCP-UHFFFAOYSA-N,0.0853340567739738,"measured (DoOR consensus, normalised 0-1)"
ORN_DM1,Or42b,WVDDGKGOMKODPV-UHFFFAOYSA-N,0.0973310821118656,"measured (DoOR consensus, normalised 0-1)"
ORN_DM1,Or42b,OSWPMRLSEDHDFF-UHFFFAOYSA-N,0.0672219567342068,"measured (DoOR consensus, normalised 0-1)"
ORN_DM1,Or42b,MTZQAGJQAFMTAQ-UHFFFAOYSA-N,0.0114687830845009,"measured (DoOR consensus, normalised 0-1)"
ORN_DM1,Or42b,HUMNYLRZRPPJDN-UHFFFAOYSA-N,0.100253378148429,"measured (DoOR consensus, normalised 0-1)"
ORN_DM1,Or42b,DTUQWGWMVIHBKE-UHFFFAOYSA-N,0.0320711035667772,"measured (DoOR consensus, normalised 0-1)"
ORN_DM1,Or42b,KWOLFJPFCHCOCG-UHFFFAOYSA-N,0.0648179483248597,"measured (DoOR consensus, normalised 0-1)"
ORN_DM1,Or42b,QWVGKYWNOKOFNN-UHFFFAOYSA-N,0.111939006236739,"measured (DoOR consensus, normalised 0-1)"
ORN_DM1,Or42b,RRAFCDWBNXTKKO-UHFFFAOYSA-N,0.0983972029365194,"measured (DoOR consensus, normalised 0-1)"
ORN_DM1,Or42b,RUVINXPYWBROJD-ONEGZZNKSA-N,0.132758700656874,"measured (DoOR consensus, normalised 0-1)"
ORN_DM1,Or42b,ZRSNZINYAWTAHE-UHFFFAOYSA-N,0.0794018474938756,"measured (DoOR consensus, normalised 0-1)"
ORN_DM1,Or42b,WTWBUQJHJGUZCY-UHFFFAOYSA-N,0.0422339873921568,"measured (DoOR consensus, normalised 0-1)"
ORN_DM1,Or42b,RDOXTESZEPMUJZ-UHFFFAOYSA-N,0.0488027362306609,"measured (DoOR consensus, normalised 0-1)"
ORN_DM1,Or42b,ZYEMGPIYFIJGTP-UHFFFAOYSA-N,0.0616365500119044,"measured (DoOR consensus, normalised 0-1)"
ORN_DM1,Or42b,BJIOGJUNALELMI-ONEGZZNKSA-N,0.0830919818421991,"measured (DoOR consensus, normalised 0-1)"
ORN_DM1,Or42b,IWDCLRJOBJJRNH-UHFFFAOYSA-N,0.0650225486834854,"measured (DoOR consensus, normalised 0-1)"
ORN_DM1,Or42b,LCHYEKKJCUJAKN-UHFFFAOYSA-N,0.0162549681512611,"measured (DoOR consensus, normalised 0-1)"
ORN_DM1,Or42b,JFDZBHWFFUWGJE-UHFFFAOYSA-N,0.0078565679397761,"measured (DoOR consensus, normalised 0-1)"
ORN_DM1,Or42b,GEWDNTWNSAZUDX-SNAWJCMRSA-N,0.0281056060079052,"measured (DoOR consensus, normalised 0-1)"
ORN_DM1,Or42b,IXQGCWUGDFDQMF-UHFFFAOYSA-N,0.0019867183295985,"measured (DoOR consensus, normalised 0-1)"
ORN_DM1,Or42b,LRHPLDYGYMQRHN-UHFFFAOYSA-N,0.0699209390978776,"measured (DoOR consensus, normalised 0-1)"
ORN_DM1,Or42b,ZSIAUFGUXNUGDI-UHFFFAOYSA-N,0.226799530468089,"measured (DoOR consensus, normalised 0-1)"
ORN_DM1,Or42b,PHTQWCKDNZKARW-UHFFFAOYSA-N,0.0340529910355662,"measured (DoOR consensus, normalised 0-1)"
ORN_DM1,Or42b,VSMOENVRRABVKN-UHFFFAOYSA-N,0.0877607535355994,"measured (DoOR consensus, normalised 0-1)"
ORN_DM1,Or42b,ZCHHRLHTBGRGOT-SNAWJCMRSA-N,0.0312449951322644,"measured (DoOR consensus, normalised 0-1)"
ORN_DM1,Or42b,ZCHHRLHTBGRGOT-PLNGDYQASA-N,0.201377130161284,"measured (DoOR consensus, normalised 0-1)"
ORN_DM1,Or42b,UFLHIIWVXFIJGU-ARJAWSKDSA-N,0.190306542762894,"measured (DoOR consensus, normalised 0-1)"
ORN_DM1,Or42b,OWBTYPJTUOEWEK-UHFFFAOYSA-N,0.0201380994318401,"measured (DoOR consensus, normalised 0-1)"
ORN_DM1,Or42b,MWKFXSUHUHTGQN-UHFFFAOYSA-N,0.107063594383237,"measured (DoOR consensus, normalised 0-1)"
ORN_DM1,Or42b,MQWCXKGKQLNYQG-UHFFFAOYSA-N,0.0400534157598057,"measured (DoOR consensus, normalised 0-1)"
ORN_DM1,Or42b,BBMCTIGTTCKYKF-UHFFFAOYSA-N,0.0650533111724834,"measured (DoOR consensus, normalised 0-1)"
ORN_DM1,Or42b,NMRPBPVERJPACX-UHFFFAOYSA-N,0.114245591783558,"measured (DoOR consensus, normalised 0-1)"
ORN_DM1,Or42b,ZWRUINPWMLAQRD-UHFFFAOYSA-N,0.0570903660428256,"measured (DoOR consensus, normalised 0-1)"
ORN_DM1,Or42b,WOFPPJOZXUTRAU-UHFFFAOYSA-N,0.0214926801111119,"measured (DoOR consensus, normalised 0-1)"
ORN_DM1,Or42b,CETWDUZRCINIHU-UHFFFAOYSA-N,0.0189641295098046,"measured (DoOR consensus, normalised 0-1)"
ORN_DM1,Or42b,QNVRIHYSUZMSGM-UHFFFAOYSA-N,0.746662951204516,"measured (DoOR consensus, normalised 0-1)"
ORN_DM1,Or42b,BVOSSZSHBZQJOI-UHFFFAOYSA-N,0.133004516227892,"measured (DoOR consensus, normalised 0-1)"
ORN_DM1,Or42b,KXKVLQRXCPHEJC-UHFFFAOYSA-N,0.573678467048172,"measured (DoOR consensus, normalised 0-1)"
ORN_DM1,Or42b,XEKOWRVHYACXOJ-UHFFFAOYSA-N,0.661571864063255,"measured (DoOR consensus, normalised 0-1)"
ORN_DM1,Or42b,YKYONYBAUNKHLG-UHFFFAOYSA-N,0.707446973721695,"measured (DoOR consensus, normalised 0-1)"
ORN_DM1,Or42b,DKPFZGUDAPQIHT-UHFFFAOYSA-N,0.0,"measured (DoOR consensus, normalised 0-1)"
ORN_DM1,Or42b,PGMYKACGEOXYJE-UHFFFAOYSA-N,0.306825134505029,"measured (DoOR consensus, normalised 0-1)"
ORN_DM1,Or42b,AOGQPLXWSUTHQB-UHFFFAOYSA-N,0.106024509535877,"measured (DoOR consensus, normalised 0-1)"
ORN_DM1,Or42b,MLFHJEHSLIIPHL-UHFFFAOYSA-N,0.234910953147823,"measured (DoOR consensus, normalised 0-1)"
ORN_DM1,Or42b,HRHOWZHRCRZVCU-WAYWQWQTSA-N,0.228845123337618,"measured (DoOR consensus, normalised 0-1)"
ORN_DM1,Or42b,OBNCKNCVKJNDBV-UHFFFAOYSA-N,0.526693353319527,"measured (DoOR consensus, normalised 0-1)"
ORN_DM1,Or42b,XAPCMTMQBXLDBB-UHFFFAOYSA-N,0.0946493255671037,"measured (DoOR consensus, normalised 0-1)"
ORN_DM1,Or42b,FKRCODPIKNYEAC-UHFFFAOYSA-N,0.811988956001228,"measured (DoOR consensus, normalised 0-1)"
ORN_DM1,Or42b,YLYBTZIQSIBWLI-UHFFFAOYSA-N,0.127562165188631,"measured (DoOR consensus, normalised 0-1)"
ORN_DM1,Or42b,RJUFJBKOKNCXHH-UHFFFAOYSA-N,0.26443119412972,"measured (DoOR consensus, normalised 0-1)"
ORN_DM1,Or42b,SIKJAQJRHWYJAI-UHFFFAOYSA-N,0.0312449951322644,"measured (DoOR consensus, normalised 0-1)"
ORN_DM1,Or42b,XHIUFYZDQBSEMF-UHFFFAOYSA-N,0.0206799317035488,"measured (DoOR consensus, normalised 0-1)"
ORN_DM1,Or42b,OMSUIQOIVADKIM-RXMQYKEDSA-N,0.0526708460031561,"measured (DoOR consensus, normalised 0-1)"
ORN_DM1,Or42b,OMSUIQOIVADKIM-YFKPBYRVSA-N,0.85750397803317,"measured (DoOR consensus, normalised 0-1)"
ORN_DM1,Or42b,HCRBXQFHJMCTLF-UHFFFAOYSA-N,0.302699450648243,"measured (DoOR consensus, normalised 0-1)"
ORN_DM1,Or42b,ICMAFTSLXCXHRK-UHFFFAOYSA-N,0.173763018980676,"measured (DoOR consensus, normalised 0-1)"
ORN_DM1,Or42b,ACCRBMDJCPPJDX-UHFFFAOYSA-N,0.031358059846788,"measured (DoOR consensus, normalised 0-1)"
ORN_DM1,Or42b,LYRIITRHDCNUHV-UHFFFAOYSA-N,0.0657866946798861,"measured (DoOR consensus, normalised 0-1)"
ORN_DM1,Or42b,ZARFDQHJMNVNLE-WEVVVXLNSA-N,0.205116395975333,"measured (DoOR consensus, normalised 0-1)"
ORN_DM1,Or42b,FFOPEPMHKILNIT-UHFFFAOYSA-N,0.271466332267899,"measured (DoOR consensus, normalised 0-1)"
ORN_DM1,Or42b,YYJWBYNQJLBIGS-PLNGDYQASA-N,0.0204090155676945,"measured (DoOR consensus, normalised 0-1)"
ORN_DM1,Or42b,OAPHLAAOJMTMLY-GQCTYLIASA-N,0.02561843542523,"measured (DoOR consensus, normalised 0-1)"
ORN_DM1,Or42b,VUPBIVVRPJDWNW-FNORWQNLSA-N,0.02158298548973,"measured (DoOR consensus, normalised 0-1)"
ORN_DM1,Or42b,PPXUHEORWJQRHJ-UHFFFAOYSA-N,0.0957249147730095,"measured (DoOR consensus, normalised 0-1)"
ORN_DM1,Or42b,ZCZSIDMEHXZRLG-UHFFFAOYSA-N,0.168374186485577,"measured (DoOR consensus, normalised 0-1)"
ORN_DM1,Or42b,NPFVOOAXDOBMCE-PLNGDYQASA-N,0.0195059617815133,"measured (DoOR consensus, normalised 0-1)"
ORN_DM1,Or42b,OUGPMNMLWKSBRI-UHFFFAOYSA-N,0.0415027906868879,"measured (DoOR consensus, normalised 0-1)"
ORN_DM1,Or42b,BTMVHUNTONAYDX-UHFFFAOYSA-N,0.194491650487772,"measured (DoOR consensus, normalised 0-1)"
ORN_DM1,Or42b,GSCLMSFRWBPUSK-UHFFFAOYSA-N,0.687230258471082,"measured (DoOR consensus, normalised 0-1)"
ORN_DM1,Or42b,GAEKPEKOJKCEMS-UHFFFAOYSA-N,0.0289260409428002,"measured (DoOR consensus, normalised 0-1)"
ORN_DM1,Or42b,VLSVVMPLPMNWBH-UHFFFAOYSA-N,0.0881081486097997,"measured (DoOR consensus, normalised 0-1)"
ORN_DM1,Or42b,solvent,0.098614751214843,"measured (DoOR consensus, normalised 0-1)"
ORN_DM1,Or42b,IMNFDUFMRHMDMM-UHFFFAOYSA-N,0.127325691921956,"measured (DoOR consensus, normalised 0-1)"
ORN_DM1,Or42b,TVMXDCGIABBOFY-UHFFFAOYSA-N,0.174760517541653,"measured (DoOR consensus, normalised 0-1)"
ORN_DM1,Or42b,BKIMMITUMNQMOS-UHFFFAOYSA-N,0.1248391590437,"measured (DoOR consensus, normalised 0-1)"
ORN_DM1,Or42b,CURLTUGMZLYLDI-UHFFFAOYSA-N,0.0281401106162873,"measured (DoOR consensus, normalised 0-1)"
ORN_DM1,Or42b,UXFSPRAGHGMRSQ-UHFFFAOYSA-N,0.0312449951322644,"measured (DoOR consensus, normalised 0-1)"
ORN_DM1,Or42b,RWRDLPDLKQPQOW-UHFFFAOYSA-N,0.0312449951322644,"measured (DoOR consensus, normalised 0-1)"
ORN_DM1,Or42b,HQABUPZFAYXKJW-UHFFFAOYSA-N,0.13874277866707,"measured (DoOR consensus, normalised 0-1)"
ORN_DM1,Or42b,QCCDLTOVEPVEJK-UHFFFAOYSA-N,0.0293985058959173,"measured (DoOR consensus, normalised 0-1)"
ORN_DM1,Or42b,FWZUNOYOVVKUNF-UHFFFAOYSA-N,0.357411402214364,"measured (DoOR consensus, normalised 0-1)"
ORN_DM1,Or42b,QNVRIHYSUZMSGM-ZCFIWIBFSA-N,0.271727212588422,"measured (DoOR consensus, normalised 0-1)"
ORN_DM1,Or42b,MEIRRNXMZYDVDW-MQQKCMAXSA-N,0.13874277866707,"measured (DoOR consensus, normalised 0-1)"
ORN_DM1,Or42b,YSNWHRKJEKWJNY-UHFFFAOYSA-N,0.229030417306604,"measured (DoOR consensus, normalised 0-1)"
ORN_DM1,Or42b,CETWDUZRCINIHU-ZETCQYMHSA-N,0.13156620454943,"measured (DoOR consensus, normalised 0-1)"
ORN_DM1,Or42b,GMEONFUTDYJSNV-UHFFFAOYSA-N,0.173796811339888,"measured (DoOR consensus, normalised 0-1)"
ORN_DM1,Or42b,JIGUQPWFLRLWPJ-UHFFFAOYSA-N,0.318769254360195,"measured (DoOR consensus, normalised 0-1)"
ORN_DM1,Or42b,BHIWKHZACMWKOJ-UHFFFAOYSA-N,0.34668559245603,"measured (DoOR consensus, normalised 0-1)"
ORN_DM1,Or42b,WYACBZDAHNBPPB-UHFFFAOYSA-N,0.318769254360195,"measured (DoOR consensus, normalised 0-1)"
ORN_DM1,Or42b,ZKQDCIXGCQPQNV-UHFFFAOYSA-N,0.0252846444594721,"measured (DoOR consensus, normalised 0-1)"
ORN_DM1,Or42b,CRVGTESFCCXCTH-UHFFFAOYSA-N,0.089298329875521,"measured (DoOR consensus, normalised 0-1)"
ORN_DM1,Or42b,AKNUHUCEWALCOI-UHFFFAOYSA-O,0.0276673687060635,"measured (DoOR consensus, normalised 0-1)"
ORN_DM1,Or42b,OSPSWZSRKYCQPF-UHFFFAOYSA-N,0.175851295751732,"measured (DoOR consensus, normalised 0-1)"
ORN_DM1,Or42b,BDZBKCUKTQZUTL-UHFFFAOYSA-N,0.0309565838599923,"measured (DoOR consensus, normalised 0-1)"
ORN_DM1,Or42b,DWCLXOREGBLXTD-UHFFFAOYSA-N,0.0276673687060635,"measured (DoOR consensus, normalised 0-1)"
ORN_DM1,Or42b,YIWUKEYIRIRTPP-UHFFFAOYSA-N,0.044453515511762,"measured (DoOR consensus, normalised 0-1)"
ORN_DM1,Or42b,VKYKSIONXSXAKP-UHFFFAOYSA-N,0.0248575164522206,"measured (DoOR consensus, normalised 0-1)"
ORN_DM1,Or42b,MHAJPDPJQMAIIY-UHFFFAOYSA-N,0.0246439524485949,"measured (DoOR consensus, normalised 0-1)"
ORN_DM1,Or42b,GRYLNZFGIOXLOG-UHFFFAOYSA-N,0.0237896964340919,"measured (DoOR consensus, normalised 0-1)"
ORN_DM1,Or42b,LYGJENNIWJXYER-UHFFFAOYSA-N,0.044453515511762,"measured (DoOR consensus, normalised 0-1)"
ORN_DM1,Or42b,WFDIJRYMOXRFFG-UHFFFAOYSA-N,0.0276673687060635,"measured (DoOR consensus, normalised 0-1)"
ORN_DM1,Or42b,ZHNUHDYFZUAESO-UHFFFAOYSA-N,0.0240032604377176,"measured (DoOR consensus, normalised 0-1)"
ORN_DM1,Or42b,WGSVFWFSJDAYBM-BQYQJAHWSA-N,0.0252846444594721,"measured (DoOR consensus, normalised 0-1)"
ORN_DM1,Or42b,ZMQAAUBTXCXRIC-UHFFFAOYSA-N,0.0257117724667236,"measured (DoOR consensus, normalised 0-1)"
ORN_DM1,Or42b,FHIVAFMUCKRCQO-UHFFFAOYSA-N,0.147879481028419,"measured (DoOR consensus, normalised 0-1)"
ORN_DM1,Or42b,RDYMFSUJUZBWLH-UHFFFAOYSA-N,0.128624982765391,"measured (DoOR consensus, normalised 0-1)"
ORN_DM1,Or42b,YLMGFJXSLBMXHK-UHFFFAOYSA-M,0.0229354404195889,"measured (DoOR consensus, normalised 0-1)"
ORN_DM1,Or42b,BAZAXWOYCMUHIX-UHFFFAOYSA-M,0.0229354404195889,"measured (DoOR consensus, normalised 0-1)"
ORN_DM1,Or42b,RWSOTUBLDIXVET-UHFFFAOYSA-N,0.0276673687060635,"measured (DoOR consensus, normalised 0-1)"
ORN_DM1,Or42b,XTFIVUDBNACUBN-UHFFFAOYSA-N,0.128624982765391,"measured (DoOR consensus, normalised 0-1)"
ORN_DM1,Or42b,HMWPNDNFTFSCEB-UHFFFAOYSA-N,0.0257117724667236,"measured (DoOR consensus, normalised 0-1)"
ORN_DM1,Or42b,SNIOPGDIGTZGOP-UHFFFAOYSA-N,0.101609909866038,"measured (DoOR consensus, normalised 0-1)"
ORN_DM1,Or42b,TZRXHJWUDPFEEY-UHFFFAOYSA-N,0.175851295751732,"measured (DoOR consensus, normalised 0-1)"
ORN_DM1,Or42b,ZTLXICJMNFREPA-UHFFFAOYSA-N,0.0257117724667236,"measured (DoOR consensus, normalised 0-1)"
ORN_DM1,Or42b,SPSSULHKWOKEEL-UHFFFAOYSA-N,0.089298329875521,"measured (DoOR consensus, normalised 0-1)"
ORN_VA6,Or82a,XLYOFNOQVPJJNP-UHFFFAOYSA-N,0.061800785599491,"measured (DoOR consensus, normalised 0-1)"
ORN_VA6,Or82a,VHUUQVKOLVNVRT-UHFFFAOYSA-N,0.0300762731207152,"measured (DoOR consensus, normalised 0-1)"
ORN_VA6,Or82a,KIDHWZJUCRJVML-UHFFFAOYSA-N,0.0471126604115213,"measured (DoOR consensus, normalised 0-1)"
ORN_VA6,Or82a,VHRGRCVQAFMJIZ-UHFFFAOYSA-N,0.0206347569765559,"measured (DoOR consensus, normalised 0-1)"
ORN_VA6,Or82a,QGZKDVFQNNGYKY-UHFFFAOYSA-N,0.0502461920250091,"measured (DoOR consensus, normalised 0-1)"
ORN_VA6,Or82a,HZAXFHJVJLSVMW-UHFFFAOYSA-N,0.0502461920250091,"measured (DoOR consensus, normalised 0-1)"
ORN_VA6,Or82a,YEJRWHAVMIAJKC-UHFFFAOYSA-N,0.0137959957286611,"measured (DoOR consensus, normalised 0-1)"
ORN_VA6,Or82a,JBFHTYHTHYHCDJ-UHFFFAOYSA-N,0.0306406218868117,"measured (DoOR consensus, normalised 0-1)"
ORN_VA6,Or82a,IPBFYZQJXZJBFQ-UHFFFAOYSA-N,0.0667111129074835,"measured (DoOR consensus, normalised 0-1)"
ORN_VA6,Or82a,IFYYFLINQYPWGJ-UHFFFAOYSA-N,0.0124282434790821,"measured (DoOR consensus, normalised 0-1)"
ORN_VA6,Or82a,GHBSPIPJMLAMEP-UHFFFAOYSA-N,0.016531500227819,"measured (DoOR consensus, normalised 0-1)"
ORN_VA6,Or82a,BDAGIHXWWSANSR-UHFFFAOYSA-N,0.0124282434790821,"measured (DoOR consensus, normalised 0-1)"
ORN_VA6,Or82a,QTBSBXVTEAMEQO-UHFFFAOYSA-N,0.0408633953741835,"measured (DoOR consensus, normalised 0-1)"
ORN_VA6,Or82a,XBDQKXXYIPTUBI-UHFFFAOYSA-N,0.0214284660686423,"measured (DoOR consensus, normalised 0-1)"
ORN_VA6,Or82a,FERIUCNNQQJTOY-UHFFFAOYSA-N,0.0424879616533848,"measured (DoOR consensus, normalised 0-1)"
ORN_VA6,Or82a,NQPDZGIKBAWPEJ-UHFFFAOYSA-N,0.0819258788328363,"measured (DoOR consensus, normalised 0-1)"
ORN_VA6,Or82a,FUZZWVXGSFPDMH-UHFFFAOYSA-N,0.063668159722413,"measured (DoOR consensus, normalised 0-1)"
ORN_VA6,Or82a,MNWFXJYAOYHMED-UHFFFAOYSA-N,0.016531500227819,"measured (DoOR consensus, normalised 0-1)"
ORN_VA6,Or82a,WWZKQHOCKIZLMA-UHFFFAOYSA-N,0.0137959957286611,"measured (DoOR consensus, normalised 0-1)"
ORN_VA6,Or82a,FBUKVWPVBMHYJY-UHFFFAOYSA-N,0.0137959957286611,"measured (DoOR consensus, normalised 0-1)"
ORN_VA6,Or82a,OYHQOLUKZRVURQ-HZJYTTRNSA-N,0.0137959957286611,"measured (DoOR consensus, normalised 0-1)"
ORN_VA6,Or82a,KQNPFQTWMSNSAP-UHFFFAOYSA-N,0.0429079500716579,"measured (DoOR consensus, normalised 0-1)"
ORN_VA6,Or82a,GWYFCOCPABKNJV-UHFFFAOYSA-N,0.0788829256477657,"measured (DoOR consensus, normalised 0-1)"
ORN_VA6,Or82a,LCTONWCANYUPML-UHFFFAOYSA-N,0.0124282434790821,"measured (DoOR consensus, normalised 0-1)"
ORN_VA6,Or82a,OBETXYAYXDNJHR-UHFFFAOYSA-N,0.0151637479782401,"measured (DoOR consensus, normalised 0-1)"
ORN_VA6,Or82a,JVTAAEKCZFNVCJ-UHFFFAOYSA-N,0.016531500227819,"measured (DoOR consensus, normalised 0-1)"
ORN_VA6,Or82a,CZUGFKJYCPYHHV-UHFFFAOYSA-N,0.0712020921367331,"measured (DoOR consensus, normalised 0-1)"
ORN_VA6,Or82a,QMMFVYPAHWMCMS-UHFFFAOYSA-N,0.0261057659748717,"measured (DoOR consensus, normalised 0-1)"
ORN_VA6,Or82a,ALVPFGSHPUPROW-UHFFFAOYSA-N,0.0502461920250091,"measured (DoOR consensus, normalised 0-1)"
ORN_VA6,Or82a,SUVIGLJNEAMWEG-UHFFFAOYSA-N,0.0502461920250091,"measured (DoOR consensus, normalised 0-1)"
ORN_VA6,Or82a,MOYAFQVGZZPNRA-UHFFFAOYSA-N,0.016531500227819,"measured (DoOR consensus, normalised 0-1)"
ORN_VA6,Or82a,GRWFGVWFFZKLTI-UHFFFAOYSA-N,0.0397541104883406,"measured (DoOR consensus, normalised 0-1)"
ORN_VA6,Or82a,WTARULDDTDQWMU-UHFFFAOYSA-N,0.0206347569765559,"measured (DoOR consensus, normalised 0-1)"
ORN_VA6,Or82a,BQOFWKZOCNGFEC-UHFFFAOYSA-N,0.016531500227819,"measured (DoOR consensus, normalised 0-1)"
ORN_VA6,Or82a,XMGQYMWWDOXHJM-UHFFFAOYSA-N,0.0261057659748717,"measured (DoOR consensus, normalised 0-1)"
ORN_VA6,Or82a,FAMPSKZZVDUYOS-HRGUGZIWSA-N,0.0124282434790821,"measured (DoOR consensus, normalised 0-1)"
ORN_VA6,Or82a,UAHWPYUMFXYFJY-UHFFFAOYSA-N,0.0137959957286611,"measured (DoOR consensus, normalised 0-1)"
ORN_VA6,Or82a,NPNUFJAVOOONJE-GFUGXAQUSA-N,0.0220025092261348,"measured (DoOR consensus, normalised 0-1)"
ORN_VA6,Or82a,HFPZCAJZSCWRBC-UHFFFAOYSA-N,0.0069572344807663,"measured (DoOR consensus, normalised 0-1)"
ORN_VA6,Or82a,HIGQPQRQIQDZMP-DHZHZOJOSA-N,0.733013100954086,"measured (DoOR consensus, normalised 0-1)"
ORN_VA6,Or82a,WUOACPNHFRMFPN-SECBINFHSA-N,0.0274735182244507,"measured (DoOR consensus, normalised 0-1)"
ORN_VA6,Or82a,GLZPCOQZEFWAFX-JXMROGBWSA-N,0.10131622121054,"measured (DoOR consensus, normalised 0-1)"
ORN_VA6,Or82a,GLZPCOQZEFWAFX-YFHOEESVSA-N,0.0247380137252928,"measured (DoOR consensus, normalised 0-1)"
ORN_VA6,Or82a,CDOSHBSSFJOMGT-UHFFFAOYSA-N,0.0522442152453188,"measured (DoOR consensus, normalised 0-1)"
ORN_VA6,Or82a,QMVPMAAFGQKVCJ-SNVBAGLBSA-N,0.0404434069559104,"measured (DoOR consensus, normalised 0-1)"
ORN_VA6,Or82a,BRHDDEIRQPDPMG-UHFFFAOYSA-N,0.0880117852029774,"measured (DoOR consensus, normalised 0-1)"
ORN_VA6,Or82a,WEEGYLXZBRQIMU-WAAGHKOSSA-N,0.0502461920250091,"measured (DoOR consensus, normalised 0-1)"
ORN_VA6,Or82a,WTEVQBCEXWBHNA-JXMROGBWSA-N,0.21525926617292,"measured (DoOR consensus, normalised 0-1)"
ORN_VA6,Or82a,LHXDLQBQYFFVNW-OIBJUYFYSA-N,0.0500586462633147,"measured (DoOR consensus, normalised 0-1)"
ORN_VA6,Or82a,XMGQYMWWDOXHJM-JTQLQIEISA-N,0.0502461920250091,"measured (DoOR consensus, normalised 0-1)"
ORN_VA6,Or82a,IKHGUXGNUITLKF-UHFFFAOYSA-N,0.0183965531841692,"measured (DoOR consensus, normalised 0-1)"
ORN_VA6,Or82a,NBBJYMSMWIIQGU-UHFFFAOYSA-N,0.0181155397673811,"measured (DoOR consensus, normalised 0-1)"
ORN_VA6,Or82a,ZTQSAGDEMFDKMZ-UHFFFAOYSA-N,0.0347297312817605,"measured (DoOR consensus, normalised 0-1)"
ORN_VA6,Or82a,HGBOYTHUEUWSSQ-UHFFFAOYSA-N,0.0408633953741835,"measured (DoOR consensus, normalised 0-1)"
ORN_VA6,Or82a,JARKCYVAAOWBJS-UHFFFAOYSA-N,0.0367742859792348,"measured (DoOR consensus, normalised 0-1)"
ORN_VA6,Or82a,MBDOYVRWFFCFHM-SNAWJCMRSA-N,0.0392053492084768,"measured (DoOR consensus, normalised 0-1)"
ORN_VA6,Or82a,HYBBIBNJHNGZAN-UHFFFAOYSA-N,0.124527223423824,"measured (DoOR consensus, normalised 0-1)"
ORN_VA6,Or82a,HGINCPLSRVDWNT-UHFFFAOYSA-N,0.016531500227819,"measured (DoOR consensus, normalised 0-1)"
ORN_VA6,Or82a,LVBXEMGDVWVTGY-VOTSOKGWSA-N,0.0502461920250091,"measured (DoOR consensus, normalised 0-1)"
ORN_VA6,Or82a,GYHFUZHODSMOHU-UHFFFAOYSA-N,0.0502461920250091,"measured (DoOR consensus, normalised 0-1)"
ORN_VA6,Or82a,CSCPPACGZOOCGX-UHFFFAOYSA-N,0.0354373644403507,"measured (DoOR consensus, normalised 0-1)"
ORN_VA6,Or82a,ZWEHNKRNPOVVGH-UHFFFAOYSA-N,0.0362809234404943,"measured (DoOR consensus, normalised 0-1)"
ORN_VA6,Or82a,XNLICIUVMPYHGG-UHFFFAOYSA-N,0.10322655112833,"measured (DoOR consensus, normalised 0-1)"
ORN_VA6,Or82a,CATSNJVOTSVZJV-UHFFFAOYSA-N,0.063049664919347,"measured (DoOR consensus, normalised 0-1)"
ORN_VA6,Or82a,UHEPJGULSIKKTP-UHFFFAOYSA-N,0.142477341897931,"measured (DoOR consensus, normalised 0-1)"
ORN_VA6,Or82a,QSJXEFYPDANLFS-UHFFFAOYSA-N,0.0444314122822909,"measured (DoOR consensus, normalised 0-1)"
ORN_VA6,Or82a,JHIVVAPYMSGYDF-UHFFFAOYSA-N,0.028350638033724,"measured (DoOR consensus, normalised 0-1)"
ORN_VA6,Or82a,WRMNZCZEMHIOCP-UHFFFAOYSA-N,0.0819258788328363,"measured (DoOR consensus, normalised 0-1)"
ORN_VA6,Or82a,WVDDGKGOMKODPV-UHFFFAOYSA-N,0.0758399724626952,"measured (DoOR consensus, normalised 0-1)"
ORN_VA6,Or82a,OSWPMRLSEDHDFF-UHFFFAOYSA-N,0.0415268505063607,"measured (DoOR consensus, normalised 0-1)"
ORN_VA6,Or82a,QPJVMBTYPHYUOC-UHFFFAOYSA-N,0.10018359794326,"measured (DoOR consensus, normalised 0-1)"
ORN_VA6,Or82a,MTZQAGJQAFMTAQ-UHFFFAOYSA-N,0.017899252477398,"measured (DoOR consensus, normalised 0-1)"
ORN_VA6,Or82a,MDHYEMXUFSJLGV-UHFFFAOYSA-N,0.063668159722413,"measured (DoOR consensus, normalised 0-1)"
ORN_VA6,Or82a,HUMNYLRZRPPJDN-UHFFFAOYSA-N,0.0362210847176618,"measured (DoOR consensus, normalised 0-1)"
ORN_VA6,Or82a,DTUQWGWMVIHBKE-UHFFFAOYSA-N,0.0445325163508591,"measured (DoOR consensus, normalised 0-1)"
ORN_VA6,Or82a,KWOLFJPFCHCOCG-UHFFFAOYSA-N,0.0251928723396392,"measured (DoOR consensus, normalised 0-1)"
ORN_VA6,Or82a,KBEBGUQPQBELIU-CMDGGOBGSA-N,0.0220025092261348,"measured (DoOR consensus, normalised 0-1)"
ORN_VA6,Or82a,QWVGKYWNOKOFNN-UHFFFAOYSA-N,0.0158483371801083,"measured (DoOR consensus, normalised 0-1)"
ORN_VA6,Or82a,CHWNEIVBYREQRF-UHFFFAOYSA-N,0.0137959957286611,"measured (DoOR consensus, normalised 0-1)"
ORN_VA6,Or82a,RRAFCDWBNXTKKO-UHFFFAOYSA-N,0.0220025092261348,"measured (DoOR consensus, normalised 0-1)"
ORN_VA6,Or82a,WTWBUQJHJGUZCY-UHFFFAOYSA-N,0.0502461920250091,"measured (DoOR consensus, normalised 0-1)"
ORN_VA6,Or82a,RDOXTESZEPMUJZ-UHFFFAOYSA-N,0.0004621013615345,"measured (DoOR consensus, normalised 0-1)"
ORN_VA6,Or82a,ZYEMGPIYFIJGTP-UHFFFAOYSA-N,0.0244299439702027,"measured (DoOR consensus, normalised 0-1)"
ORN_VA6,Or82a,IWDCLRJOBJJRNH-UHFFFAOYSA-N,0.0248920453317372,"measured (DoOR consensus, normalised 0-1)"
ORN_VA6,Or82a,OKKJLVBELUTLKV-UHFFFAOYSA-N,0.0274735182244507,"measured (DoOR consensus, normalised 0-1)"
ORN_VA6,Or82a,LFQSCWFLJHTTHZ-UHFFFAOYSA-N,0.0545393001672013,"measured (DoOR consensus, normalised 0-1)"
ORN_VA6,Or82a,BDERNNFJNOPAEC-UHFFFAOYSA-N,0.0575822533522719,"measured (DoOR consensus, normalised 0-1)"
ORN_VA6,Or82a,LRHPLDYGYMQRHN-UHFFFAOYSA-N,0.0979659584277103,"measured (DoOR consensus, normalised 0-1)"
ORN_VA6,Or82a,AMQJEAYHLZJPGS-UHFFFAOYSA-N,0.173214474384953,"measured (DoOR consensus, normalised 0-1)"
ORN_VA6,Or82a,ZSIAUFGUXNUGDI-UHFFFAOYSA-N,0.068782089059358,"measured (DoOR consensus, normalised 0-1)"
ORN_VA6,Or82a,KBPLFHHGFOOTCA-UHFFFAOYSA-N,0.112355410683542,"measured (DoOR consensus, normalised 0-1)"
ORN_VA6,Or82a,JYVLIDXNZAXMDK-UHFFFAOYSA-N,0.188429240310305,"measured (DoOR consensus, normalised 0-1)"
ORN_VA6,Or82a,PHTQWCKDNZKARW-UHFFFAOYSA-N,0.10927693766072,"measured (DoOR consensus, normalised 0-1)"
ORN_VA6,Or82a,ASUAYTHWZCLXAN-UHFFFAOYSA-N,0.133656082979036,"measured (DoOR consensus, normalised 0-1)"
ORN_VA6,Or82a,VHVMXWZXFBOANQ-UHFFFAOYSA-N,0.142784942534247,"measured (DoOR consensus, normalised 0-1)"
ORN_VA6,Or82a,VSMOENVRRABVKN-UHFFFAOYSA-N,0.0551718412454041,"measured (DoOR consensus, normalised 0-1)"
ORN_VA6,Or82a,ZCHHRLHTBGRGOT-SNAWJCMRSA-N,0.0521646693747395,"measured (DoOR consensus, normalised 0-1)"
ORN_VA6,Or82a,ZCHHRLHTBGRGOT-PLNGDYQASA-N,0.13065666798459,"measured (DoOR consensus, normalised 0-1)"
ORN_VA6,Or82a,UFLHIIWVXFIJGU-ONEGZZNKSA-N,0.109312457498471,"measured (DoOR consensus, normalised 0-1)"
ORN_VA6,Or82a,UFLHIIWVXFIJGU-ARJAWSKDSA-N,0.109312457498471,"measured (DoOR consensus, normalised 0-1)"
ORN_VA6,Or82a,PEDCQBHIVMGVHV-UHFFFAOYSA-N,0.017899252477398,"measured (DoOR consensus, normalised 0-1)"
ORN_VA6,Or82a,OWBTYPJTUOEWEK-UHFFFAOYSA-N,0.0788829256477657,"measured (DoOR consensus, normalised 0-1)"
ORN_VA6,Or82a,MQWCXKGKQLNYQG-UHFFFAOYSA-N,0.0502461920250091,"measured (DoOR consensus, normalised 0-1)"
ORN_VA6,Or82a,BBMCTIGTTCKYKF-UHFFFAOYSA-N,0.102485848989872,"measured (DoOR consensus, normalised 0-1)"
ORN_VA6,Or82a,NMRPBPVERJPACX-UHFFFAOYSA-N,0.0813243990333552,"measured (DoOR consensus, normalised 0-1)"
ORN_VA6,Or82a,ZWRUINPWMLAQRD-UHFFFAOYSA-N,0.0,"measured (DoOR consensus, normalised 0-1)"
ORN_VA6,Or82a,KXKVLQRXCPHEJC-UHFFFAOYSA-N,0.0514963469821308,"measured (DoOR consensus, normalised 0-1)"
ORN_VA6,Or82a,XEKOWRVHYACXOJ-UHFFFAOYSA-N,0.0485551241779946,"measured (DoOR consensus, normalised 0-1)"
ORN_VA6,Or82a,YKYONYBAUNKHLG-UHFFFAOYSA-N,0.0388465642289212,"measured (DoOR consensus, normalised 0-1)"
ORN_VA6,Or82a,DKPFZGUDAPQIHT-UHFFFAOYSA-N,0.115398363868612,"measured (DoOR consensus, normalised 0-1)"
ORN_VA6,Or82a,PGMYKACGEOXYJE-UHFFFAOYSA-N,0.0592487530884926,"measured (DoOR consensus, normalised 0-1)"
ORN_VA6,Or82a,AOGQPLXWSUTHQB-UHFFFAOYSA-N,0.0788829256477657,"measured (DoOR consensus, normalised 0-1)"
ORN_VA6,Or82a,GJRQTCIYDGXPES-UHFFFAOYSA-N,0.0940976915731185,"measured (DoOR consensus, normalised 0-1)"
ORN_VA6,Or82a,MLFHJEHSLIIPHL-UHFFFAOYSA-N,0.0824142830034166,"measured (DoOR consensus, normalised 0-1)"
ORN_VA6,Or82a,HRHOWZHRCRZVCU-WAYWQWQTSA-N,0.0684824603135911,"measured (DoOR consensus, normalised 0-1)"
ORN_VA6,Or82a,UUIQMZJEGPQKFD-UHFFFAOYSA-N,0.0819258788328363,"measured (DoOR consensus, normalised 0-1)"
ORN_VA6,Or82a,OBNCKNCVKJNDBV-UHFFFAOYSA-N,0.0468304315860532,"measured (DoOR consensus, normalised 0-1)"
ORN_VA6,Or82a,XAPCMTMQBXLDBB-UHFFFAOYSA-N,0.0408633953741835,"measured (DoOR consensus, normalised 0-1)"
ORN_VA6,Or82a,OMSUIQOIVADKIM-UHFFFAOYSA-N,0.0306406218868117,"measured (DoOR consensus, normalised 0-1)"
ORN_VA6,Or82a,FKRCODPIKNYEAC-UHFFFAOYSA-N,0.0548843011978814,"measured (DoOR consensus, normalised 0-1)"
ORN_VA6,Or82a,WBJINCZRORDGAQ-UHFFFAOYSA-N,0.0206347569765559,"measured (DoOR consensus, normalised 0-1)"
ORN_VA6,Or82a,NUKZAGXMHTUAFE-UHFFFAOYSA-N,0.0606252065373425,"measured (DoOR consensus, normalised 0-1)"
ORN_VA6,Or82a,SHZIWNPUGXLXDT-UHFFFAOYSA-N,0.0408633953741835,"measured (DoOR consensus, normalised 0-1)"
ORN_VA6,Or82a,NCDCLPBOMHPFCV-UHFFFAOYSA-N,0.0192670047269769,"measured (DoOR consensus, normalised 0-1)"
ORN_VA6,Or82a,JGHZJRVDZXSNKQ-UHFFFAOYSA-N,0.0545393001672013,"measured (DoOR consensus, normalised 0-1)"
ORN_VA6,Or82a,YYZUSRORWSJGET-UHFFFAOYSA-N,0.0306406218868117,"measured (DoOR consensus, normalised 0-1)"
ORN_VA6,Or82a,RGXWDWUGBIJHDO-UHFFFAOYSA-N,0.017899252477398,"measured (DoOR consensus, normalised 0-1)"
ORN_VA6,Or82a,ZFDIRQKJPRINOQ-HWKANZROSA-N,0.0545393001672013,"measured (DoOR consensus, normalised 0-1)"
ORN_VA6,Or82a,LZCLXQDLBQLTDK-UHFFFAOYSA-N,0.133656082979036,"measured (DoOR consensus, normalised 0-1)"
ORN_VA6,Or82a,DKMROQRQHGEIOW-UHFFFAOYSA-N,0.10322655112833,"measured (DoOR consensus, normalised 0-1)"
ORN_VA6,Or82a,YLYBTZIQSIBWLI-UHFFFAOYSA-N,0.119792024073021,"measured (DoOR consensus, normalised 0-1)"
ORN_VA6,Or82a,RJUFJBKOKNCXHH-UHFFFAOYSA-N,0.0002709747837846,"measured (DoOR consensus, normalised 0-1)"
ORN_VA6,Or82a,SIKJAQJRHWYJAI-UHFFFAOYSA-N,0.0502461920250091,"measured (DoOR consensus, normalised 0-1)"
ORN_VA6,Or82a,HCRBXQFHJMCTLF-UHFFFAOYSA-N,0.0502461920250091,"measured (DoOR consensus, normalised 0-1)"
ORN_VA6,Or82a,ICMAFTSLXCXHRK-UHFFFAOYSA-N,0.0404663514608762,"measured (DoOR consensus, normalised 0-1)"
ORN_VA6,Or82a,BTMVHUNTONAYDX-UHFFFAOYSA-N,0.0566287484711099,"measured (DoOR consensus, normalised 0-1)"
ORN_VA6,Or82a,GAEKPEKOJKCEMS-UHFFFAOYSA-N,0.0502461920250091,"measured (DoOR consensus, normalised 0-1)"
ORN_VA6,Or82a,solvent,0.0363753680334409,"measured (DoOR consensus, normalised 0-1)"
ORN_VA6,Or82a,CURLTUGMZLYLDI-UHFFFAOYSA-N,0.0470685556602242,"measured (DoOR consensus, normalised 0-1)"
ORN_VA6,Or82a,UXFSPRAGHGMRSQ-UHFFFAOYSA-N,0.0502461920250091,"measured (DoOR consensus, normalised 0-1)"
ORN_VA6,Or82a,RWRDLPDLKQPQOW-UHFFFAOYSA-N,0.0502461920250091,"measured (DoOR consensus, normalised 0-1)"
ORN_VA6,Or82a,HQABUPZFAYXKJW-UHFFFAOYSA-N,0.0173576012903727,"measured (DoOR consensus, normalised 0-1)"
ORN_VA6,Or82a,QCCDLTOVEPVEJK-UHFFFAOYSA-N,0.0441858166364378,"measured (DoOR consensus, normalised 0-1)"
ORN_VA6,Or82a,FWZUNOYOVVKUNF-UHFFFAOYSA-N,0.0110633828529173,"measured (DoOR consensus, normalised 0-1)"
ORN_VA6,Or82a,QNVRIHYSUZMSGM-ZCFIWIBFSA-N,0.23623069815993,"measured (DoOR consensus, normalised 0-1)"
ORN_VA6,Or82a,MEIRRNXMZYDVDW-MQQKCMAXSA-N,0.0173576012903727,"measured (DoOR consensus, normalised 0-1)"
ORN_VA6,Or82a,YSNWHRKJEKWJNY-UHFFFAOYSA-N,0.0260852275772556,"measured (DoOR consensus, normalised 0-1)"
ORN_VA6,Or82a,CETWDUZRCINIHU-ZETCQYMHSA-N,0.165211974593011,"measured (DoOR consensus, normalised 0-1)"
ORN_VA6,Or82a,GMEONFUTDYJSNV-UHFFFAOYSA-N,0.100380391497945,"measured (DoOR consensus, normalised 0-1)"
ORN_VA6,Or82a,JIGUQPWFLRLWPJ-UHFFFAOYSA-N,0.0260852275772556,"measured (DoOR consensus, normalised 0-1)"
ORN_VA6,Or82a,BHIWKHZACMWKOJ-UHFFFAOYSA-N,0.0047691644154618,"measured (DoOR consensus, normalised 0-1)"
ORN_VA6,Or82a,WYACBZDAHNBPPB-UHFFFAOYSA-N,0.0002709747837846,"measured (DoOR consensus, normalised 0-1)"
ORN_VA6,Or82a,ZKQDCIXGCQPQNV-UHFFFAOYSA-N,0.0180339328940752,"measured (DoOR consensus, normalised 0-1)"
ORN_VA6,Or82a,CRVGTESFCCXCTH-UHFFFAOYSA-N,0.0232643096425477,"measured (DoOR consensus, normalised 0-1)"
ORN_VA6,Or82a,AKNUHUCEWALCOI-UHFFFAOYSA-O,0.0180339328940752,"measured (DoOR consensus, normalised 0-1)"
ORN_VA6,Or82a,OSPSWZSRKYCQPF-UHFFFAOYSA-N,0.0180339328940752,"measured (DoOR consensus, normalised 0-1)"
ORN_VA6,Or82a,BDZBKCUKTQZUTL-UHFFFAOYSA-N,0.0075731793971301,"measured (DoOR consensus, normalised 0-1)"
ORN_VA6,Or82a,DWCLXOREGBLXTD-UHFFFAOYSA-N,0.0389554398879653,"measured (DoOR consensus, normalised 0-1)"
ORN_VA6,Or82a,YIWUKEYIRIRTPP-UHFFFAOYSA-N,0.0206491212683114,"measured (DoOR consensus, normalised 0-1)"
ORN_VA6,Or82a,VKYKSIONXSXAKP-UHFFFAOYSA-N,0.0232643096425477,"measured (DoOR consensus, normalised 0-1)"
ORN_VA6,Or82a,MHAJPDPJQMAIIY-UHFFFAOYSA-N,0.0075731793971301,"measured (DoOR consensus, normalised 0-1)"
ORN_VA6,Or82a,GRYLNZFGIOXLOG-UHFFFAOYSA-N,0.0389554398879653,"measured (DoOR consensus, normalised 0-1)"
ORN_VA6,Or82a,LYGJENNIWJXYER-UHFFFAOYSA-N,0.0389554398879653,"measured (DoOR consensus, normalised 0-1)"
ORN_VA6,Or82a,WFDIJRYMOXRFFG-UHFFFAOYSA-N,0.0337250631394928,"measured (DoOR consensus, normalised 0-1)"
ORN_VA6,Or82a,ZHNUHDYFZUAESO-UHFFFAOYSA-N,0.0075731793971301,"measured (DoOR consensus, normalised 0-1)"
ORN_VA6,Or82a,WGSVFWFSJDAYBM-BQYQJAHWSA-N,0.0311098747652565,"measured (DoOR consensus, normalised 0-1)"
ORN_VA6,Or82a,ZMQAAUBTXCXRIC-UHFFFAOYSA-N,0.0337250631394928,"measured (DoOR consensus, normalised 0-1)"
ORN_VA6,Or82a,FHIVAFMUCKRCQO-UHFFFAOYSA-N,0.036340251513729,"measured (DoOR consensus, normalised 0-1)"
ORN_VA6,Or82a,RDYMFSUJUZBWLH-UHFFFAOYSA-N,0.0023428026486575,"measured (DoOR consensus, normalised 0-1)"
ORN_VA6,Or82a,YLMGFJXSLBMXHK-UHFFFAOYSA-M,0.0567953660808227,"measured (DoOR consensus, normalised 0-1)"
ORN_VA6,Or82a,BAZAXWOYCMUHIX-UHFFFAOYSA-M,0.0284946863910202,"measured (DoOR consensus, normalised 0-1)"
ORN_VA6,Or82a,RWSOTUBLDIXVET-UHFFFAOYSA-N,0.0723643225930102,"measured (DoOR consensus, normalised 0-1)"
ORN_VA6,Or82a,XTFIVUDBNACUBN-UHFFFAOYSA-N,0.0441858166364378,"measured (DoOR consensus, normalised 0-1)"
ORN_VA6,Or82a,HMWPNDNFTFSCEB-UHFFFAOYSA-N,0.0337250631394928,"measured (DoOR consensus, normalised 0-1)"
ORN_VA6,Or82a,SNIOPGDIGTZGOP-UHFFFAOYSA-N,0.0389554398879653,"measured (DoOR consensus, normalised 0-1)"
ORN_VA6,Or82a,TZRXHJWUDPFEEY-UHFFFAOYSA-N,0.0645798443369165,"measured (DoOR consensus, normalised 0-1)"
ORN_VA6,Or82a,ZTLXICJMNFREPA-UHFFFAOYSA-N,0.0337250631394928,"measured (DoOR consensus, normalised 0-1)"
ORN_VA6,Or82a,SPSSULHKWOKEEL-UHFFFAOYSA-N,0.0075731793971301,"measured (DoOR consensus, normalised 0-1)"
ORN_VA6,Or82a,NEHNMFOYXAPHSD-SNVBAGLBSA-N,0.113192891530253,"measured (DoOR consensus, normalised 0-1)"
ORN_DM3,ab5B,XLYOFNOQVPJJNP-UHFFFAOYSA-N,0.0922886354617825,"measured (DoOR consensus, normalised 0-1)"
ORN_DM3,ab5B,VHUUQVKOLVNVRT-UHFFFAOYSA-N,0.0214053845925548,"measured (DoOR consensus, normalised 0-1)"
ORN_DM3,ab5B,KIDHWZJUCRJVML-UHFFFAOYSA-N,0.122184595201418,"measured (DoOR consensus, normalised 0-1)"
ORN_DM3,ab5B,QGZKDVFQNNGYKY-UHFFFAOYSA-N,0.100839444625274,"measured (DoOR consensus, normalised 0-1)"
ORN_DM3,ab5B,HZAXFHJVJLSVMW-UHFFFAOYSA-N,0.128126342985192,"measured (DoOR consensus, normalised 0-1)"
ORN_DM3,ab5B,FERIUCNNQQJTOY-UHFFFAOYSA-N,0.010214570470206,"measured (DoOR consensus, normalised 0-1)"
ORN_DM3,ab5B,CZUGFKJYCPYHHV-UHFFFAOYSA-N,0.709309211769763,"measured (DoOR consensus, normalised 0-1)"
ORN_DM3,ab5B,ALVPFGSHPUPROW-UHFFFAOYSA-N,0.100839444625274,"measured (DoOR consensus, normalised 0-1)"
ORN_DM3,ab5B,SUVIGLJNEAMWEG-UHFFFAOYSA-N,0.119717512028555,"measured (DoOR consensus, normalised 0-1)"
ORN_DM3,ab5B,GRWFGVWFFZKLTI-UHFFFAOYSA-N,0.0076609278526545,"measured (DoOR consensus, normalised 0-1)"
ORN_DM3,ab5B,HIGQPQRQIQDZMP-DHZHZOJOSA-N,0.0667618287216602,"measured (DoOR consensus, normalised 0-1)"
ORN_DM3,ab5B,CDOSHBSSFJOMGT-UHFFFAOYSA-N,0.0309991845951979,"measured (DoOR consensus, normalised 0-1)"
ORN_DM3,ab5B,QMVPMAAFGQKVCJ-SNVBAGLBSA-N,0.0900191729562365,"measured (DoOR consensus, normalised 0-1)"
ORN_DM3,ab5B,RFFOTVCVTJUTAD-UHFFFAOYSA-N,0.0378424324095912,"measured (DoOR consensus, normalised 0-1)"
ORN_DM3,ab5B,XMGQYMWWDOXHJM-JTQLQIEISA-N,0.0,"measured (DoOR consensus, normalised 0-1)"
ORN_DM3,ab5B,NBBJYMSMWIIQGU-UHFFFAOYSA-N,0.0338372626088873,"measured (DoOR consensus, normalised 0-1)"
ORN_DM3,ab5B,MBDOYVRWFFCFHM-SNAWJCMRSA-N,0.0464790935757313,"measured (DoOR consensus, normalised 0-1)"
ORN_DM3,ab5B,LVBXEMGDVWVTGY-VOTSOKGWSA-N,0.0779239526547371,"measured (DoOR consensus, normalised 0-1)"
ORN_DM3,ab5B,GYHFUZHODSMOHU-UHFFFAOYSA-N,0.010214570470206,"measured (DoOR consensus, normalised 0-1)"
ORN_DM3,ab5B,CSCPPACGZOOCGX-UHFFFAOYSA-N,0.0277169823638038,"measured (DoOR consensus, normalised 0-1)"
ORN_DM3,ab5B,ZWEHNKRNPOVVGH-UHFFFAOYSA-N,0.0121513744756994,"measured (DoOR consensus, normalised 0-1)"
ORN_DM3,ab5B,CATSNJVOTSVZJV-UHFFFAOYSA-N,0.473124820636068,"measured (DoOR consensus, normalised 0-1)"
ORN_DM3,ab5B,UHEPJGULSIKKTP-UHFFFAOYSA-N,0.0936527362918597,"measured (DoOR consensus, normalised 0-1)"
ORN_DM3,ab5B,QSJXEFYPDANLFS-UHFFFAOYSA-N,0.0564817538235016,"measured (DoOR consensus, normalised 0-1)"
ORN_DM3,ab5B,JHIVVAPYMSGYDF-UHFFFAOYSA-N,0.0132127146802674,"measured (DoOR consensus, normalised 0-1)"
ORN_DM3,ab5B,OSWPMRLSEDHDFF-UHFFFAOYSA-N,0.039148975905024,"measured (DoOR consensus, normalised 0-1)"
ORN_DM3,ab5B,HUMNYLRZRPPJDN-UHFFFAOYSA-N,0.040921908312936,"measured (DoOR consensus, normalised 0-1)"
ORN_DM3,ab5B,DTUQWGWMVIHBKE-UHFFFAOYSA-N,0.0076609278526545,"measured (DoOR consensus, normalised 0-1)"
ORN_DM3,ab5B,KWOLFJPFCHCOCG-UHFFFAOYSA-N,0.0479867730424158,"measured (DoOR consensus, normalised 0-1)"
ORN_DM3,ab5B,QWVGKYWNOKOFNN-UHFFFAOYSA-N,0.0405123871555695,"measured (DoOR consensus, normalised 0-1)"
ORN_DM3,ab5B,WTWBUQJHJGUZCY-UHFFFAOYSA-N,0.0309991845951979,"measured (DoOR consensus, normalised 0-1)"
ORN_DM3,ab5B,ZYEMGPIYFIJGTP-UHFFFAOYSA-N,0.0309991845951979,"measured (DoOR consensus, normalised 0-1)"
ORN_DM3,ab5B,IWDCLRJOBJJRNH-UHFFFAOYSA-N,0.0479867730424158,"measured (DoOR consensus, normalised 0-1)"
ORN_DM3,ab5B,LRHPLDYGYMQRHN-UHFFFAOYSA-N,0.0076609278526545,"measured (DoOR consensus, normalised 0-1)"
ORN_DM3,ab5B,ZSIAUFGUXNUGDI-UHFFFAOYSA-N,0.0635625168230029,"measured (DoOR consensus, normalised 0-1)"
ORN_DM3,ab5B,PHTQWCKDNZKARW-UHFFFAOYSA-N,0.0479867730424158,"measured (DoOR consensus, normalised 0-1)"
ORN_DM3,ab5B,VSMOENVRRABVKN-UHFFFAOYSA-N,0.0995379128550184,"measured (DoOR consensus, normalised 0-1)"
ORN_DM3,ab5B,ZCHHRLHTBGRGOT-SNAWJCMRSA-N,0.0378424324095912,"measured (DoOR consensus, normalised 0-1)"
ORN_DM3,ab5B,MQWCXKGKQLNYQG-UHFFFAOYSA-N,0.023328993301612,"measured (DoOR consensus, normalised 0-1)"
ORN_DM3,ab5B,NMRPBPVERJPACX-UHFFFAOYSA-N,0.238196202915044,"measured (DoOR consensus, normalised 0-1)"
ORN_DM3,ab5B,XEKOWRVHYACXOJ-UHFFFAOYSA-N,0.123551662548045,"measured (DoOR consensus, normalised 0-1)"
ORN_DM3,ab5B,PGMYKACGEOXYJE-UHFFFAOYSA-N,0.949839702577866,"measured (DoOR consensus, normalised 0-1)"
ORN_DM3,ab5B,MLFHJEHSLIIPHL-UHFFFAOYSA-N,0.317919650465607,"measured (DoOR consensus, normalised 0-1)"
ORN_DM3,ab5B,HRHOWZHRCRZVCU-WAYWQWQTSA-N,0.213966973159377,"measured (DoOR consensus, normalised 0-1)"
ORN_DM3,ab5B,OBNCKNCVKJNDBV-UHFFFAOYSA-N,0.0658134572775153,"measured (DoOR consensus, normalised 0-1)"
ORN_DM3,ab5B,FKRCODPIKNYEAC-UHFFFAOYSA-N,0.128126342985192,"measured (DoOR consensus, normalised 0-1)"
ORN_DM3,ab5B,SIKJAQJRHWYJAI-UHFFFAOYSA-N,0.0145083322290799,"measured (DoOR consensus, normalised 0-1)"
ORN_DM3,ab5B,HCRBXQFHJMCTLF-UHFFFAOYSA-N,0.0641316913373131,"measured (DoOR consensus, normalised 0-1)"
ORN_DM3,ab5B,ICMAFTSLXCXHRK-UHFFFAOYSA-N,0.820173686248005,"measured (DoOR consensus, normalised 0-1)"
ORN_DM3,ab5B,GAEKPEKOJKCEMS-UHFFFAOYSA-N,0.023328993301612,"measured (DoOR consensus, normalised 0-1)"
ORN_DM3,ab5B,solvent,0.0552650540733368,"measured (DoOR consensus, normalised 0-1)"
ORN_DM3,ab5B,CURLTUGMZLYLDI-UHFFFAOYSA-N,0.0517441489294172,"measured (DoOR consensus, normalised 0-1)"
ORN_DM3,ab5B,UXFSPRAGHGMRSQ-UHFFFAOYSA-N,0.010214570470206,"measured (DoOR consensus, normalised 0-1)"
ORN_DM3,ab5B,RWRDLPDLKQPQOW-UHFFFAOYSA-N,0.0309991845951979,"measured (DoOR consensus, normalised 0-1)"
ORN_DM3,ab5B,QCCDLTOVEPVEJK-UHFFFAOYSA-N,0.0344709878929075,"measured (DoOR consensus, normalised 0-1)"
ORN_DM3,ab5B,ZKQDCIXGCQPQNV-UHFFFAOYSA-N,0.0325713309217501,"measured (DoOR consensus, normalised 0-1)"
ORN_DM3,ab5B,CRVGTESFCCXCTH-UHFFFAOYSA-N,0.0269303101193857,"measured (DoOR consensus, normalised 0-1)"
ORN_DM3,ab5B,AKNUHUCEWALCOI-UHFFFAOYSA-O,0.0105961380772237,"measured (DoOR consensus, normalised 0-1)"
ORN_DM3,ab5B,OSPSWZSRKYCQPF-UHFFFAOYSA-N,0.0153759993038347,"measured (DoOR consensus, normalised 0-1)"
ORN_DM3,ab5B,BDZBKCUKTQZUTL-UHFFFAOYSA-N,0.0344709878929075,"measured (DoOR consensus, normalised 0-1)"
ORN_DM3,ab5B,DWCLXOREGBLXTD-UHFFFAOYSA-N,0.0105961380772237,"measured (DoOR consensus, normalised 0-1)"
ORN_DM3,ab5B,YIWUKEYIRIRTPP-UHFFFAOYSA-N,0.104386034186617,"measured (DoOR consensus, normalised 0-1)"
ORN_DM3,ab5B,VKYKSIONXSXAKP-UHFFFAOYSA-N,0.0235073062285051,"measured (DoOR consensus, normalised 0-1)"
ORN_DM3,ab5B,MHAJPDPJQMAIIY-UHFFFAOYSA-N,0.0363811351786458,"measured (DoOR consensus, normalised 0-1)"
ORN_DM3,ab5B,GRYLNZFGIOXLOG-UHFFFAOYSA-N,0.0269303101193857,"measured (DoOR consensus, normalised 0-1)"
ORN_DM3,ab5B,LYGJENNIWJXYER-UHFFFAOYSA-N,0.0251473842934447,"measured (DoOR consensus, normalised 0-1)"
ORN_DM3,ab5B,WFDIJRYMOXRFFG-UHFFFAOYSA-N,0.0383023003203894,"measured (DoOR consensus, normalised 0-1)"
ORN_DM3,ab5B,ZHNUHDYFZUAESO-UHFFFAOYSA-N,0.013761909570768,"measured (DoOR consensus, normalised 0-1)"
ORN_DM3,ab5B,WGSVFWFSJDAYBM-BQYQJAHWSA-N,0.0202417016814995,"measured (DoOR consensus, normalised 0-1)"
ORN_DM3,ab5B,ZMQAAUBTXCXRIC-UHFFFAOYSA-N,0.0363811351786458,"measured (DoOR consensus, normalised 0-1)"
ORN_DM3,ab5B,FHIVAFMUCKRCQO-UHFFFAOYSA-N,0.0269303101193857,"measured (DoOR consensus, normalised 0-1)"
ORN_DM3,ab5B,RDYMFSUJUZBWLH-UHFFFAOYSA-N,0.0153759993038347,"measured (DoOR consensus, normalised 0-1)"
ORN_DM3,ab5B,YLMGFJXSLBMXHK-UHFFFAOYSA-M,0.0251473842934447,"measured (DoOR consensus, normalised 0-1)"
ORN_DM3,ab5B,BAZAXWOYCMUHIX-UHFFFAOYSA-M,0.0288014720403375,"measured (DoOR consensus, normalised 0-1)"
ORN_DM3,ab5B,RWSOTUBLDIXVET-UHFFFAOYSA-N,0.0402350291988634,"measured (DoOR consensus, normalised 0-1)"
ORN_DM3,ab5B,XTFIVUDBNACUBN-UHFFFAOYSA-N,0.0269303101193857,"measured (DoOR consensus, normalised 0-1)"
ORN_DM3,ab5B,HMWPNDNFTFSCEB-UHFFFAOYSA-N,0.0090409016787478,"measured (DoOR consensus, normalised 0-1)"
ORN_DM3,ab5B,SNIOPGDIGTZGOP-UHFFFAOYSA-N,0.0288014720403375,"measured (DoOR consensus, normalised 0-1)"
ORN_DM3,ab5B,TZRXHJWUDPFEEY-UHFFFAOYSA-N,0.0288014720403375,"measured (DoOR consensus, normalised 0-1)"
ORN_DM3,ab5B,ZTLXICJMNFREPA-UHFFFAOYSA-N,0.0043751924833206,"measured (DoOR consensus, normalised 0-1)"
ORN_DM3,ab5B,SPSSULHKWOKEEL-UHFFFAOYSA-N,0.0251473842934447,"measured (DoOR consensus, normalised 0-1)"
ORN_DM3,Or47a,VHUUQVKOLVNVRT-UHFFFAOYSA-N,0.0814204319126974,"measured (DoOR consensus, normalised 0-1)"
ORN_DM3,Or47a,KIDHWZJUCRJVML-UHFFFAOYSA-N,0.0220764659848786,"measured (DoOR consensus, normalised 0-1)"
ORN_DM3,Or47a,VHRGRCVQAFMJIZ-UHFFFAOYSA-N,0.0237293685404051,"measured (DoOR consensus, normalised 0-1)"
ORN_DM3,Or47a,YEJRWHAVMIAJKC-UHFFFAOYSA-N,0.0523655361235191,"measured (DoOR consensus, normalised 0-1)"
ORN_DM3,Or47a,JBFHTYHTHYHCDJ-UHFFFAOYSA-N,0.104856640852969,"measured (DoOR consensus, normalised 0-1)"
ORN_DM3,Or47a,IPBFYZQJXZJBFQ-UHFFFAOYSA-N,0.0843403468292505,"measured (DoOR consensus, normalised 0-1)"
ORN_DM3,Or47a,IFYYFLINQYPWGJ-UHFFFAOYSA-N,0.0329475608099866,"measured (DoOR consensus, normalised 0-1)"
ORN_DM3,Or47a,GHBSPIPJMLAMEP-UHFFFAOYSA-N,0.0388743391466449,"measured (DoOR consensus, normalised 0-1)"
ORN_DM3,Or47a,BDAGIHXWWSANSR-UHFFFAOYSA-N,0.0368971276966657,"measured (DoOR consensus, normalised 0-1)"
ORN_DM3,Or47a,QTBSBXVTEAMEQO-UHFFFAOYSA-N,0.0428336781632899,"measured (DoOR consensus, normalised 0-1)"
ORN_DM3,Or47a,XBDQKXXYIPTUBI-UHFFFAOYSA-N,0.0107823131370828,"measured (DoOR consensus, normalised 0-1)"
ORN_DM3,Or47a,FERIUCNNQQJTOY-UHFFFAOYSA-N,0.0843403468292505,"measured (DoOR consensus, normalised 0-1)"
ORN_DM3,Or47a,NQPDZGIKBAWPEJ-UHFFFAOYSA-N,0.0755886306863667,"measured (DoOR consensus, normalised 0-1)"
ORN_DM3,Or47a,FUZZWVXGSFPDMH-UHFFFAOYSA-N,0.0610550194812067,"measured (DoOR consensus, normalised 0-1)"
ORN_DM3,Or47a,MNWFXJYAOYHMED-UHFFFAOYSA-N,0.0408531852563304,"measured (DoOR consensus, normalised 0-1)"
ORN_DM3,Or47a,WWZKQHOCKIZLMA-UHFFFAOYSA-N,0.0494740409411808,"measured (DoOR consensus, normalised 0-1)"
ORN_DM3,Or47a,FBUKVWPVBMHYJY-UHFFFAOYSA-N,0.0309751816784146,"measured (DoOR consensus, normalised 0-1)"
ORN_DM3,Or47a,OYHQOLUKZRVURQ-HZJYTTRNSA-N,0.098980898423606,"measured (DoOR consensus, normalised 0-1)"
ORN_DM3,Or47a,KQNPFQTWMSNSAP-UHFFFAOYSA-N,0.0755886306863667,"measured (DoOR consensus, normalised 0-1)"
ORN_DM3,Or47a,GWYFCOCPABKNJV-UHFFFAOYSA-N,0.0668606961756707,"measured (DoOR consensus, normalised 0-1)"
ORN_DM3,Or47a,LCTONWCANYUPML-UHFFFAOYSA-N,0.0814204319126974,"measured (DoOR consensus, normalised 0-1)"
ORN_DM3,Or47a,OBETXYAYXDNJHR-UHFFFAOYSA-N,0.0960472537649307,"measured (DoOR consensus, normalised 0-1)"
ORN_DM3,Or47a,JVTAAEKCZFNVCJ-UHFFFAOYSA-N,0.0755886306863667,"measured (DoOR consensus, normalised 0-1)"
ORN_DM3,Or47a,CZUGFKJYCPYHHV-UHFFFAOYSA-N,0.691663491763628,"measured (DoOR consensus, normalised 0-1)"
ORN_DM3,Or47a,QMMFVYPAHWMCMS-UHFFFAOYSA-N,0.0349215388859906,"measured (DoOR consensus, normalised 0-1)"
ORN_DM3,Or47a,MOYAFQVGZZPNRA-UHFFFAOYSA-N,0.0581560065726858,"measured (DoOR consensus, normalised 0-1)"
ORN_DM3,Or47a,GRWFGVWFFZKLTI-UHFFFAOYSA-N,0.0872629654659941,"measured (DoOR consensus, normalised 0-1)"
ORN_DM3,Or47a,WTARULDDTDQWMU-UHFFFAOYSA-N,0.0309751816784146,"measured (DoOR consensus, normalised 0-1)"
ORN_DM3,Or47a,BQOFWKZOCNGFEC-UHFFFAOYSA-N,0.0494740409411808,"measured (DoOR consensus, normalised 0-1)"
ORN_DM3,Or47a,XMGQYMWWDOXHJM-UHFFFAOYSA-N,0.107798782830595,"measured (DoOR consensus, normalised 0-1)"
ORN_DM3,Or47a,FAMPSKZZVDUYOS-HRGUGZIWSA-N,0.0523655361235191,"measured (DoOR consensus, normalised 0-1)"
ORN_DM3,Or47a,UAHWPYUMFXYFJY-UHFFFAOYSA-N,0.0349215388859906,"measured (DoOR consensus, normalised 0-1)"
ORN_DM3,Or47a,NPNUFJAVOOONJE-GFUGXAQUSA-N,0.0494740409411808,"measured (DoOR consensus, normalised 0-1)"
ORN_DM3,Or47a,HFPZCAJZSCWRBC-UHFFFAOYSA-N,0.0697673987372752,"measured (DoOR consensus, normalised 0-1)"
ORN_DM3,Or47a,HIGQPQRQIQDZMP-DHZHZOJOSA-N,0.0267684043925126,"measured (DoOR consensus, normalised 0-1)"
ORN_DM3,Or47a,WUOACPNHFRMFPN-SECBINFHSA-N,0.0697673987372752,"measured (DoOR consensus, normalised 0-1)"
ORN_DM3,Or47a,GLZPCOQZEFWAFX-JXMROGBWSA-N,0.0408531852563304,"measured (DoOR consensus, normalised 0-1)"
ORN_DM3,Or47a,GLZPCOQZEFWAFX-YFHOEESVSA-N,0.0388743391466449,"measured (DoOR consensus, normalised 0-1)"
ORN_DM3,Or47a,CDOSHBSSFJOMGT-UHFFFAOYSA-N,0.0931163977134376,"measured (DoOR consensus, normalised 0-1)"
ORN_DM3,Or47a,QMVPMAAFGQKVCJ-SNVBAGLBSA-N,0.0368971276966657,"measured (DoOR consensus, normalised 0-1)"
ORN_DM3,Or47a,BRHDDEIRQPDPMG-UHFFFAOYSA-N,0.107798782830595,"measured (DoOR consensus, normalised 0-1)"
ORN_DM3,Or47a,LHXDLQBQYFFVNW-OIBJUYFYSA-N,0.0090117752292067,"measured (DoOR consensus, normalised 0-1)"
ORN_DM3,Or47a,IKHGUXGNUITLKF-UHFFFAOYSA-N,0.179582274964548,"measured (DoOR consensus, normalised 0-1)"
ORN_DM3,Or47a,NBBJYMSMWIIQGU-UHFFFAOYSA-N,0.0697673987372752,"measured (DoOR consensus, normalised 0-1)"
ORN_DM3,Or47a,ZTQSAGDEMFDKMZ-UHFFFAOYSA-N,0.0931163977134376,"measured (DoOR consensus, normalised 0-1)"
ORN_DM3,Or47a,HGBOYTHUEUWSSQ-UHFFFAOYSA-N,0.116642561872167,"measured (DoOR consensus, normalised 0-1)"
ORN_DM3,Or47a,JARKCYVAAOWBJS-UHFFFAOYSA-N,0.170285085814703,"measured (DoOR consensus, normalised 0-1)"
ORN_DM3,Or47a,MBDOYVRWFFCFHM-SNAWJCMRSA-N,0.114102379954042,"measured (DoOR consensus, normalised 0-1)"
ORN_DM3,Or47a,HYBBIBNJHNGZAN-UHFFFAOYSA-N,0.0523655361235191,"measured (DoOR consensus, normalised 0-1)"
ORN_DM3,Or47a,HGINCPLSRVDWNT-UHFFFAOYSA-N,0.0581560065726858,"measured (DoOR consensus, normalised 0-1)"
ORN_DM3,Or47a,CSCPPACGZOOCGX-UHFFFAOYSA-N,0.0448158301236721,"measured (DoOR consensus, normalised 0-1)"
ORN_DM3,Or47a,ZWEHNKRNPOVVGH-UHFFFAOYSA-N,0.0814204319126974,"measured (DoOR consensus, normalised 0-1)"
ORN_DM3,Or47a,XNLICIUVMPYHGG-UHFFFAOYSA-N,0.255994010113273,"measured (DoOR consensus, normalised 0-1)"
ORN_DM3,Or47a,CATSNJVOTSVZJV-UHFFFAOYSA-N,0.632644767811505,"measured (DoOR consensus, normalised 0-1)"
ORN_DM3,Or47a,UHEPJGULSIKKTP-UHFFFAOYSA-N,0.152289297165411,"measured (DoOR consensus, normalised 0-1)"
ORN_DM3,Or47a,QSJXEFYPDANLFS-UHFFFAOYSA-N,0.137153630204866,"measured (DoOR consensus, normalised 0-1)"
ORN_DM3,Or47a,JHIVVAPYMSGYDF-UHFFFAOYSA-N,0.0221105357697825,"measured (DoOR consensus, normalised 0-1)"
ORN_DM3,Or47a,WRMNZCZEMHIOCP-UHFFFAOYSA-N,0.0610550194812067,"measured (DoOR consensus, normalised 0-1)"
ORN_DM3,Or47a,WVDDGKGOMKODPV-UHFFFAOYSA-N,0.0581560065726858,"measured (DoOR consensus, normalised 0-1)"
ORN_DM3,Or47a,OSWPMRLSEDHDFF-UHFFFAOYSA-N,0.0196980313689494,"measured (DoOR consensus, normalised 0-1)"
ORN_DM3,Or47a,QPJVMBTYPHYUOC-UHFFFAOYSA-N,0.146316934475734,"measured (DoOR consensus, normalised 0-1)"
ORN_DM3,Or47a,MTZQAGJQAFMTAQ-UHFFFAOYSA-N,0.113691720544422,"measured (DoOR consensus, normalised 0-1)"
ORN_DM3,Or47a,MDHYEMXUFSJLGV-UHFFFAOYSA-N,0.104856640852969,"measured (DoOR consensus, normalised 0-1)"
ORN_DM3,Or47a,HUMNYLRZRPPJDN-UHFFFAOYSA-N,0.113236357618768,"measured (DoOR consensus, normalised 0-1)"
ORN_DM3,Or47a,DTUQWGWMVIHBKE-UHFFFAOYSA-N,0.113691720544422,"measured (DoOR consensus, normalised 0-1)"
ORN_DM3,Or47a,KWOLFJPFCHCOCG-UHFFFAOYSA-N,0.1565405441834,"measured (DoOR consensus, normalised 0-1)"
ORN_DM3,Or47a,KBEBGUQPQBELIU-CMDGGOBGSA-N,0.0368971276966657,"measured (DoOR consensus, normalised 0-1)"
ORN_DM3,Or47a,QWVGKYWNOKOFNN-UHFFFAOYSA-N,0.0153931805897174,"measured (DoOR consensus, normalised 0-1)"
ORN_DM3,Or47a,CHWNEIVBYREQRF-UHFFFAOYSA-N,0.0349215388859906,"measured (DoOR consensus, normalised 0-1)"
ORN_DM3,Or47a,RRAFCDWBNXTKKO-UHFFFAOYSA-N,0.0388743391466449,"measured (DoOR consensus, normalised 0-1)"
ORN_DM3,Or47a,RDOXTESZEPMUJZ-UHFFFAOYSA-N,0.0932389921764589,"measured (DoOR consensus, normalised 0-1)"
ORN_DM3,Or47a,ZYEMGPIYFIJGTP-UHFFFAOYSA-N,0.0,"measured (DoOR consensus, normalised 0-1)"
ORN_DM3,Or47a,IWDCLRJOBJJRNH-UHFFFAOYSA-N,0.0150196253820112,"measured (DoOR consensus, normalised 0-1)"
ORN_DM3,Or47a,OKKJLVBELUTLKV-UHFFFAOYSA-N,0.0726767036154303,"measured (DoOR consensus, normalised 0-1)"
ORN_DM3,Or47a,LFQSCWFLJHTTHZ-UHFFFAOYSA-N,0.0610550194812067,"measured (DoOR consensus, normalised 0-1)"
ORN_DM3,Or47a,BDERNNFJNOPAEC-UHFFFAOYSA-N,0.0814204319126974,"measured (DoOR consensus, normalised 0-1)"
ORN_DM3,Or47a,LRHPLDYGYMQRHN-UHFFFAOYSA-N,0.121800444476647,"measured (DoOR consensus, normalised 0-1)"
ORN_DM3,Or47a,AMQJEAYHLZJPGS-UHFFFAOYSA-N,0.218890920826705,"measured (DoOR consensus, normalised 0-1)"
ORN_DM3,Or47a,ZSIAUFGUXNUGDI-UHFFFAOYSA-N,0.173094480537909,"measured (DoOR consensus, normalised 0-1)"
ORN_DM3,Or47a,KBPLFHHGFOOTCA-UHFFFAOYSA-N,0.0552595184246632,"measured (DoOR consensus, normalised 0-1)"
ORN_DM3,Or47a,JYVLIDXNZAXMDK-UHFFFAOYSA-N,0.26536475090959,"measured (DoOR consensus, normalised 0-1)"
ORN_DM3,Or47a,PHTQWCKDNZKARW-UHFFFAOYSA-N,0.104856640852969,"measured (DoOR consensus, normalised 0-1)"
ORN_DM3,Or47a,ASUAYTHWZCLXAN-UHFFFAOYSA-N,0.0901883087231325,"measured (DoOR consensus, normalised 0-1)"
ORN_DM3,Or47a,VHVMXWZXFBOANQ-UHFFFAOYSA-N,0.149301507282923,"measured (DoOR consensus, normalised 0-1)"
ORN_DM3,Or47a,VSMOENVRRABVKN-UHFFFAOYSA-N,0.303276830371026,"measured (DoOR consensus, normalised 0-1)"
ORN_DM3,Or47a,ZCHHRLHTBGRGOT-SNAWJCMRSA-N,0.125512854291163,"measured (DoOR consensus, normalised 0-1)"
ORN_DM3,Or47a,ZCHHRLHTBGRGOT-PLNGDYQASA-N,0.200465990980567,"measured (DoOR consensus, normalised 0-1)"
ORN_DM3,Or47a,UFLHIIWVXFIJGU-ONEGZZNKSA-N,0.116642561872167,"measured (DoOR consensus, normalised 0-1)"
ORN_DM3,Or47a,UFLHIIWVXFIJGU-ARJAWSKDSA-N,0.188403558062891,"measured (DoOR consensus, normalised 0-1)"
ORN_DM3,Or47a,PEDCQBHIVMGVHV-UHFFFAOYSA-N,0.0428336781632899,"measured (DoOR consensus, normalised 0-1)"
ORN_DM3,Or47a,OWBTYPJTUOEWEK-UHFFFAOYSA-N,0.0428336781632899,"measured (DoOR consensus, normalised 0-1)"
ORN_DM3,Or47a,BBMCTIGTTCKYKF-UHFFFAOYSA-N,0.146585334481466,"measured (DoOR consensus, normalised 0-1)"
ORN_DM3,Or47a,NMRPBPVERJPACX-UHFFFAOYSA-N,0.520009730616517,"measured (DoOR consensus, normalised 0-1)"
ORN_DM3,Or47a,ZWRUINPWMLAQRD-UHFFFAOYSA-N,0.0030039250764022,"measured (DoOR consensus, normalised 0-1)"
ORN_DM3,Or47a,KXKVLQRXCPHEJC-UHFFFAOYSA-N,0.107798782830595,"measured (DoOR consensus, normalised 0-1)"
ORN_DM3,Or47a,XEKOWRVHYACXOJ-UHFFFAOYSA-N,0.33135347155385,"measured (DoOR consensus, normalised 0-1)"
ORN_DM3,Or47a,YKYONYBAUNKHLG-UHFFFAOYSA-N,0.732316808529294,"measured (DoOR consensus, normalised 0-1)"
ORN_DM3,Or47a,DKPFZGUDAPQIHT-UHFFFAOYSA-N,0.822120599968389,"measured (DoOR consensus, normalised 0-1)"
ORN_DM3,Or47a,PGMYKACGEOXYJE-UHFFFAOYSA-N,0.868587684664574,"measured (DoOR consensus, normalised 0-1)"
ORN_DM3,Or47a,AOGQPLXWSUTHQB-UHFFFAOYSA-N,0.666080513568721,"measured (DoOR consensus, normalised 0-1)"
ORN_DM3,Or47a,GJRQTCIYDGXPES-UHFFFAOYSA-N,0.63372183065016,"measured (DoOR consensus, normalised 0-1)"
ORN_DM3,Or47a,MLFHJEHSLIIPHL-UHFFFAOYSA-N,0.466836480667641,"measured (DoOR consensus, normalised 0-1)"
ORN_DM3,Or47a,HRHOWZHRCRZVCU-WAYWQWQTSA-N,0.209705249791304,"measured (DoOR consensus, normalised 0-1)"
ORN_DM3,Or47a,UUIQMZJEGPQKFD-UHFFFAOYSA-N,0.501844377551276,"measured (DoOR consensus, normalised 0-1)"
ORN_DM3,Or47a,OBNCKNCVKJNDBV-UHFFFAOYSA-N,0.307642131460532,"measured (DoOR consensus, normalised 0-1)"
ORN_DM3,Or47a,XAPCMTMQBXLDBB-UHFFFAOYSA-N,0.0843403468292505,"measured (DoOR consensus, normalised 0-1)"
ORN_DM3,Or47a,OMSUIQOIVADKIM-UHFFFAOYSA-N,0.262236773148344,"measured (DoOR consensus, normalised 0-1)"
ORN_DM3,Or47a,FKRCODPIKNYEAC-UHFFFAOYSA-N,0.214476367399794,"measured (DoOR consensus, normalised 0-1)"
ORN_DM3,Or47a,WBJINCZRORDGAQ-UHFFFAOYSA-N,0.0329475608099866,"measured (DoOR consensus, normalised 0-1)"
ORN_DM3,Or47a,NUKZAGXMHTUAFE-UHFFFAOYSA-N,0.746864821124632,"measured (DoOR consensus, normalised 0-1)"
ORN_DM3,Or47a,SHZIWNPUGXLXDT-UHFFFAOYSA-N,0.469077437149251,"measured (DoOR consensus, normalised 0-1)"
ORN_DM3,Or47a,NCDCLPBOMHPFCV-UHFFFAOYSA-N,0.0368971276966657,"measured (DoOR consensus, normalised 0-1)"
ORN_DM3,Or47a,JGHZJRVDZXSNKQ-UHFFFAOYSA-N,0.206651004329837,"measured (DoOR consensus, normalised 0-1)"
ORN_DM3,Or47a,YYZUSRORWSJGET-UHFFFAOYSA-N,0.0872629654659941,"measured (DoOR consensus, normalised 0-1)"
ORN_DM3,Or47a,RGXWDWUGBIJHDO-UHFFFAOYSA-N,0.0329475608099866,"measured (DoOR consensus, normalised 0-1)"
ORN_DM3,Or47a,ZFDIRQKJPRINOQ-HWKANZROSA-N,0.164273156992314,"measured (DoOR consensus, normalised 0-1)"
ORN_DM3,Or47a,LZCLXQDLBQLTDK-UHFFFAOYSA-N,0.119596348969862,"measured (DoOR consensus, normalised 0-1)"
ORN_DM3,Or47a,DKMROQRQHGEIOW-UHFFFAOYSA-N,0.140357336418178,"measured (DoOR consensus, normalised 0-1)"
ORN_DM3,Or47a,YLYBTZIQSIBWLI-UHFFFAOYSA-N,0.0843479351256243,"measured (DoOR consensus, normalised 0-1)"
ORN_DM3,Or47a,RJUFJBKOKNCXHH-UHFFFAOYSA-N,0.163425889102099,"measured (DoOR consensus, normalised 0-1)"
ORN_DM3,Or47a,ICMAFTSLXCXHRK-UHFFFAOYSA-N,0.465405119844814,"measured (DoOR consensus, normalised 0-1)"
ORN_DM3,Or47a,BTMVHUNTONAYDX-UHFFFAOYSA-N,0.434453196619285,"measured (DoOR consensus, normalised 0-1)"
ORN_DM3,Or47a,solvent,0.0408295010792228,"measured (DoOR consensus, normalised 0-1)"
ORN_DM3,Or47a,CURLTUGMZLYLDI-UHFFFAOYSA-N,0.0469308789775551,"measured (DoOR consensus, normalised 0-1)"
ORN_DM3,Or47a,HQABUPZFAYXKJW-UHFFFAOYSA-N,0.231182715981396,"measured (DoOR consensus, normalised 0-1)"
ORN_DM3,Or47a,FWZUNOYOVVKUNF-UHFFFAOYSA-N,0.28925999616365,"measured (DoOR consensus, normalised 0-1)"
ORN_DM3,Or47a,QNVRIHYSUZMSGM-ZCFIWIBFSA-N,0.405414556528158,"measured (DoOR consensus, normalised 0-1)"
ORN_DM3,Or47a,MEIRRNXMZYDVDW-MQQKCMAXSA-N,0.12470770231393,"measured (DoOR consensus, normalised 0-1)"
ORN_DM3,Or47a,YSNWHRKJEKWJNY-UHFFFAOYSA-N,0.608685037166048,"measured (DoOR consensus, normalised 0-1)"
ORN_DM3,Or47a,CETWDUZRCINIHU-ZETCQYMHSA-N,0.211823622587311,"measured (DoOR consensus, normalised 0-1)"
ORN_DM3,Or47a,GMEONFUTDYJSNV-UHFFFAOYSA-N,0.308619089557735,"measured (DoOR consensus, normalised 0-1)"
ORN_DM3,Or47a,JIGUQPWFLRLWPJ-UHFFFAOYSA-N,0.231182715981396,"measured (DoOR consensus, normalised 0-1)"
ORN_DM3,Or47a,BHIWKHZACMWKOJ-UHFFFAOYSA-N,0.134387249010972,"measured (DoOR consensus, normalised 0-1)"
ORN_DM3,Or47a,WYACBZDAHNBPPB-UHFFFAOYSA-N,0.25054180937548,"measured (DoOR consensus, normalised 0-1)"
ORN_DL4,Or49a,XLYOFNOQVPJJNP-UHFFFAOYSA-N,0.0119607379042773,"measured (DoOR consensus, normalised 0-1)"
ORN_DL4,Or49a,XBDQKXXYIPTUBI-UHFFFAOYSA-N,0.0232448139296564,"measured (DoOR consensus, normalised 0-1)"
ORN_DL4,Or49a,HIGQPQRQIQDZMP-DHZHZOJOSA-N,0.0316952960786726,"measured (DoOR consensus, normalised 0-1)"
ORN_DL4,Or49a,LHXDLQBQYFFVNW-OIBJUYFYSA-N,0.0377707063588371,"measured (DoOR consensus, normalised 0-1)"
ORN_DL4,Or49a,MBDOYVRWFFCFHM-SNAWJCMRSA-N,0.0927030209891904,"measured (DoOR consensus, normalised 0-1)"
ORN_DL4,Or49a,CATSNJVOTSVZJV-UHFFFAOYSA-N,0.153218694885362,"measured (DoOR consensus, normalised 0-1)"
ORN_DL4,Or49a,QSJXEFYPDANLFS-UHFFFAOYSA-N,0.0804944831320474,"measured (DoOR consensus, normalised 0-1)"
ORN_DL4,Or49a,JHIVVAPYMSGYDF-UHFFFAOYSA-N,0.0316952960786726,"measured (DoOR consensus, normalised 0-1)"
ORN_DL4,Or49a,OSWPMRLSEDHDFF-UHFFFAOYSA-N,0.0045305837253195,"measured (DoOR consensus, normalised 0-1)"
ORN_DL4,Or49a,HUMNYLRZRPPJDN-UHFFFAOYSA-N,0.0070224084999736,"measured (DoOR consensus, normalised 0-1)"
ORN_DL4,Or49a,KWOLFJPFCHCOCG-UHFFFAOYSA-N,0.024902433324591,"measured (DoOR consensus, normalised 0-1)"
ORN_DL4,Or49a,QWVGKYWNOKOFNN-UHFFFAOYSA-N,0.020442269149023,"measured (DoOR consensus, normalised 0-1)"
ORN_DL4,Or49a,RDOXTESZEPMUJZ-UHFFFAOYSA-N,0.00049876150636,"measured (DoOR consensus, normalised 0-1)"
ORN_DL4,Or49a,ZYEMGPIYFIJGTP-UHFFFAOYSA-N,0.0065568946181103,"measured (DoOR consensus, normalised 0-1)"
ORN_DL4,Or49a,IWDCLRJOBJJRNH-UHFFFAOYSA-N,0.018028397298473,"measured (DoOR consensus, normalised 0-1)"
ORN_DL4,Or49a,LRHPLDYGYMQRHN-UHFFFAOYSA-N,0.0947331016039647,"measured (DoOR consensus, normalised 0-1)"
ORN_DL4,Or49a,ZSIAUFGUXNUGDI-UHFFFAOYSA-N,0.143377041145825,"measured (DoOR consensus, normalised 0-1)"
ORN_DL4,Or49a,VSMOENVRRABVKN-UHFFFAOYSA-N,0.124352490496586,"measured (DoOR consensus, normalised 0-1)"
ORN_DL4,Or49a,BBMCTIGTTCKYKF-UHFFFAOYSA-N,0.135151769570385,"measured (DoOR consensus, normalised 0-1)"
ORN_DL4,Or49a,NMRPBPVERJPACX-UHFFFAOYSA-N,0.115106532093369,"measured (DoOR consensus, normalised 0-1)"
ORN_DL4,Or49a,ZWRUINPWMLAQRD-UHFFFAOYSA-N,0.0159969920022472,"measured (DoOR consensus, normalised 0-1)"
ORN_DL4,Or49a,XEKOWRVHYACXOJ-UHFFFAOYSA-N,0.0421578400366004,"measured (DoOR consensus, normalised 0-1)"
ORN_DL4,Or49a,YKYONYBAUNKHLG-UHFFFAOYSA-N,0.0658773662343589,"measured (DoOR consensus, normalised 0-1)"
ORN_DL4,Or49a,PGMYKACGEOXYJE-UHFFFAOYSA-N,0.130186666160721,"measured (DoOR consensus, normalised 0-1)"
ORN_DL4,Or49a,MLFHJEHSLIIPHL-UHFFFAOYSA-N,0.104649211454063,"measured (DoOR consensus, normalised 0-1)"
ORN_DL4,Or49a,OBNCKNCVKJNDBV-UHFFFAOYSA-N,0.0700812486693496,"measured (DoOR consensus, normalised 0-1)"
ORN_DL4,Or49a,YLYBTZIQSIBWLI-UHFFFAOYSA-N,0.0045305837253195,"measured (DoOR consensus, normalised 0-1)"
ORN_DL4,Or49a,solvent,0.0031271868728142,"measured (DoOR consensus, normalised 0-1)"
ORN_DL4,Or49a,CURLTUGMZLYLDI-UHFFFAOYSA-N,0.0135455885090054,"measured (DoOR consensus, normalised 0-1)"
ORN_DL4,Or85f,VHUUQVKOLVNVRT-UHFFFAOYSA-N,0.0866248193088024,"measured (DoOR consensus, normalised 0-1)"
ORN_DL4,Or85f,KIDHWZJUCRJVML-UHFFFAOYSA-N,0.060990477118362,"measured (DoOR consensus, normalised 0-1)"
ORN_DL4,Or85f,VHRGRCVQAFMJIZ-UHFFFAOYSA-N,0.0838854221763205,"measured (DoOR consensus, normalised 0-1)"
ORN_DL4,Or85f,YEJRWHAVMIAJKC-UHFFFAOYSA-N,0.102806214244798,"measured (DoOR consensus, normalised 0-1)"
ORN_DL4,Or85f,JBFHTYHTHYHCDJ-UHFFFAOYSA-N,0.21568125963464,"measured (DoOR consensus, normalised 0-1)"
ORN_DL4,Or85f,IPBFYZQJXZJBFQ-UHFFFAOYSA-N,0.12427322352598,"measured (DoOR consensus, normalised 0-1)"
ORN_DL4,Or85f,IFYYFLINQYPWGJ-UHFFFAOYSA-N,0.0195107155712656,"measured (DoOR consensus, normalised 0-1)"
ORN_DL4,Or85f,GHBSPIPJMLAMEP-UHFFFAOYSA-N,0.0298460002697485,"measured (DoOR consensus, normalised 0-1)"
ORN_DL4,Or85f,BDAGIHXWWSANSR-UHFFFAOYSA-N,0.0579352420279559,"measured (DoOR consensus, normalised 0-1)"
ORN_DL4,Or85f,QTBSBXVTEAMEQO-UHFFFAOYSA-N,0.0698414112785959,"measured (DoOR consensus, normalised 0-1)"
ORN_DL4,Or85f,XBDQKXXYIPTUBI-UHFFFAOYSA-N,0.0811272499636701,"measured (DoOR consensus, normalised 0-1)"
ORN_DL4,Or85f,FERIUCNNQQJTOY-UHFFFAOYSA-N,0.0974461099418637,"measured (DoOR consensus, normalised 0-1)"
ORN_DL4,Or85f,NQPDZGIKBAWPEJ-UHFFFAOYSA-N,0.0698414112785959,"measured (DoOR consensus, normalised 0-1)"
ORN_DL4,Or85f,FUZZWVXGSFPDMH-UHFFFAOYSA-N,0.0974461099418637,"measured (DoOR consensus, normalised 0-1)"
ORN_DL4,Or85f,MNWFXJYAOYHMED-UHFFFAOYSA-N,0.0516158074299167,"measured (DoOR consensus, normalised 0-1)"
ORN_DL4,Or85f,WWZKQHOCKIZLMA-UHFFFAOYSA-N,0.0579352420279559,"measured (DoOR consensus, normalised 0-1)"
ORN_DL4,Or85f,FBUKVWPVBMHYJY-UHFFFAOYSA-N,0.0516158074299167,"measured (DoOR consensus, normalised 0-1)"
ORN_DL4,Or85f,OYHQOLUKZRVURQ-HZJYTTRNSA-N,0.0579352420279559,"measured (DoOR consensus, normalised 0-1)"
ORN_DL4,Or85f,KQNPFQTWMSNSAP-UHFFFAOYSA-N,0.0783473019005756,"measured (DoOR consensus, normalised 0-1)"
ORN_DL4,Or85f,GWYFCOCPABKNJV-UHFFFAOYSA-N,0.0783473019005756,"measured (DoOR consensus, normalised 0-1)"
ORN_DL4,Or85f,LCTONWCANYUPML-UHFFFAOYSA-N,0.0669366120121212,"measured (DoOR consensus, normalised 0-1)"
ORN_DL4,Or85f,OBETXYAYXDNJHR-UHFFFAOYSA-N,0.0838854221763205,"measured (DoOR consensus, normalised 0-1)"
ORN_DL4,Or85f,JVTAAEKCZFNVCJ-UHFFFAOYSA-N,0.0669366120121212,"measured (DoOR consensus, normalised 0-1)"
ORN_DL4,Or85f,CZUGFKJYCPYHHV-UHFFFAOYSA-N,0.155569197568615,"measured (DoOR consensus, normalised 0-1)"
ORN_DL4,Or85f,QMMFVYPAHWMCMS-UHFFFAOYSA-N,0.0974461099418637,"measured (DoOR consensus, normalised 0-1)"
ORN_DL4,Or85f,MOYAFQVGZZPNRA-UHFFFAOYSA-N,0.0516158074299167,"measured (DoOR consensus, normalised 0-1)"
ORN_DL4,Or85f,GRWFGVWFFZKLTI-UHFFFAOYSA-N,0.0893481697714467,"measured (DoOR consensus, normalised 0-1)"
ORN_DL4,Or85f,WTARULDDTDQWMU-UHFFFAOYSA-N,0.0377538495982584,"measured (DoOR consensus, normalised 0-1)"
ORN_DL4,Or85f,BQOFWKZOCNGFEC-UHFFFAOYSA-N,0.0483282921569857,"measured (DoOR consensus, normalised 0-1)"
ORN_DL4,Or85f,XMGQYMWWDOXHJM-UHFFFAOYSA-N,0.0377538495982584,"measured (DoOR consensus, normalised 0-1)"
ORN_DL4,Or85f,FAMPSKZZVDUYOS-HRGUGZIWSA-N,0.0215104839980154,"measured (DoOR consensus, normalised 0-1)"
ORN_DL4,Or85f,UAHWPYUMFXYFJY-UHFFFAOYSA-N,0.041419000984427,"measured (DoOR consensus, normalised 0-1)"
ORN_DL4,Or85f,NPNUFJAVOOONJE-GFUGXAQUSA-N,0.0516158074299167,"measured (DoOR consensus, normalised 0-1)"
ORN_DL4,Or85f,HFPZCAJZSCWRBC-UHFFFAOYSA-N,0.0483282921569857,"measured (DoOR consensus, normalised 0-1)"
ORN_DL4,Or85f,HIGQPQRQIQDZMP-DHZHZOJOSA-N,0.0190876104437983,"measured (DoOR consensus, normalised 0-1)"
ORN_DL4,Or85f,WUOACPNHFRMFPN-SECBINFHSA-N,0.0255100208515149,"measured (DoOR consensus, normalised 0-1)"
ORN_DL4,Or85f,GLZPCOQZEFWAFX-JXMROGBWSA-N,0.0377538495982584,"measured (DoOR consensus, normalised 0-1)"
ORN_DL4,Or85f,GLZPCOQZEFWAFX-YFHOEESVSA-N,0.0516158074299167,"measured (DoOR consensus, normalised 0-1)"
ORN_DL4,Or85f,CDOSHBSSFJOMGT-UHFFFAOYSA-N,0.0483282921569857,"measured (DoOR consensus, normalised 0-1)"
ORN_DL4,Or85f,QMVPMAAFGQKVCJ-SNVBAGLBSA-N,0.0195107155712656,"measured (DoOR consensus, normalised 0-1)"
ORN_DL4,Or85f,BRHDDEIRQPDPMG-UHFFFAOYSA-N,0.161840165965422,"measured (DoOR consensus, normalised 0-1)"
ORN_DL4,Or85f,IKHGUXGNUITLKF-UHFFFAOYSA-N,0.105480658076735,"measured (DoOR consensus, normalised 0-1)"
ORN_DL4,Or85f,NBBJYMSMWIIQGU-UHFFFAOYSA-N,0.060990477118362,"measured (DoOR consensus, normalised 0-1)"
ORN_DL4,Or85f,ZTQSAGDEMFDKMZ-UHFFFAOYSA-N,0.0893481697714467,"measured (DoOR consensus, normalised 0-1)"
ORN_DL4,Or85f,HGBOYTHUEUWSSQ-UHFFFAOYSA-N,0.110827716037466,"measured (DoOR consensus, normalised 0-1)"
ORN_DL4,Or85f,JARKCYVAAOWBJS-UHFFFAOYSA-N,0.15866814457424,"measured (DoOR consensus, normalised 0-1)"
ORN_DL4,Or85f,MBDOYVRWFFCFHM-SNAWJCMRSA-N,0.130765271807295,"measured (DoOR consensus, normalised 0-1)"
ORN_DL4,Or85f,HYBBIBNJHNGZAN-UHFFFAOYSA-N,0.210321861914518,"measured (DoOR consensus, normalised 0-1)"
ORN_DL4,Or85f,HGINCPLSRVDWNT-UHFFFAOYSA-N,0.041419000984427,"measured (DoOR consensus, normalised 0-1)"
ORN_DL4,Or85f,CSCPPACGZOOCGX-UHFFFAOYSA-N,0.0893481697714467,"measured (DoOR consensus, normalised 0-1)"
ORN_DL4,Or85f,ZWEHNKRNPOVVGH-UHFFFAOYSA-N,0.152533354890695,"measured (DoOR consensus, normalised 0-1)"
ORN_DL4,Or85f,XNLICIUVMPYHGG-UHFFFAOYSA-N,0.192114068851369,"measured (DoOR consensus, normalised 0-1)"
ORN_DL4,Or85f,CATSNJVOTSVZJV-UHFFFAOYSA-N,0.187780371289861,"measured (DoOR consensus, normalised 0-1)"
ORN_DL4,Or85f,UHEPJGULSIKKTP-UHFFFAOYSA-N,0.132477660773944,"measured (DoOR consensus, normalised 0-1)"
ORN_DL4,Or85f,QSJXEFYPDANLFS-UHFFFAOYSA-N,0.0916843671058305,"measured (DoOR consensus, normalised 0-1)"
ORN_DL4,Or85f,WRMNZCZEMHIOCP-UHFFFAOYSA-N,0.060990477118362,"measured (DoOR consensus, normalised 0-1)"
ORN_DL4,Or85f,WVDDGKGOMKODPV-UHFFFAOYSA-N,0.108153872708514,"measured (DoOR consensus, normalised 0-1)"
ORN_DL4,Or85f,OSWPMRLSEDHDFF-UHFFFAOYSA-N,0.0523915080653754,"measured (DoOR consensus, normalised 0-1)"
ORN_DL4,Or85f,QPJVMBTYPHYUOC-UHFFFAOYSA-N,0.168453953728815,"measured (DoOR consensus, normalised 0-1)"
ORN_DL4,Or85f,MTZQAGJQAFMTAQ-UHFFFAOYSA-N,0.0974461099418637,"measured (DoOR consensus, normalised 0-1)"
ORN_DL4,Or85f,MDHYEMXUFSJLGV-UHFFFAOYSA-N,0.0579352420279559,"measured (DoOR consensus, normalised 0-1)"
ORN_DL4,Or85f,HUMNYLRZRPPJDN-UHFFFAOYSA-N,0.163248028512017,"measured (DoOR consensus, normalised 0-1)"
ORN_DL4,Or85f,DTUQWGWMVIHBKE-UHFFFAOYSA-N,0.0947565664452864,"measured (DoOR consensus, normalised 0-1)"
ORN_DL4,Or85f,KWOLFJPFCHCOCG-UHFFFAOYSA-N,0.287436138034034,"measured (DoOR consensus, normalised 0-1)"
ORN_DL4,Or85f,KBEBGUQPQBELIU-CMDGGOBGSA-N,0.0075121050107671,"measured (DoOR consensus, normalised 0-1)"
ORN_DL4,Or85f,QWVGKYWNOKOFNN-UHFFFAOYSA-N,0.12427322352598,"measured (DoOR consensus, normalised 0-1)"
ORN_DL4,Or85f,CHWNEIVBYREQRF-UHFFFAOYSA-N,0.0783473019005756,"measured (DoOR consensus, normalised 0-1)"
ORN_DL4,Or85f,RRAFCDWBNXTKKO-UHFFFAOYSA-N,0.0727083551801791,"measured (DoOR consensus, normalised 0-1)"
ORN_DL4,Or85f,OKKJLVBELUTLKV-UHFFFAOYSA-N,0.0548138747371874,"measured (DoOR consensus, normalised 0-1)"
ORN_DL4,Or85f,LFQSCWFLJHTTHZ-UHFFFAOYSA-N,0.041419000984427,"measured (DoOR consensus, normalised 0-1)"
ORN_DL4,Or85f,BDERNNFJNOPAEC-UHFFFAOYSA-N,0.100128668409784,"measured (DoOR consensus, normalised 0-1)"
ORN_DL4,Or85f,LRHPLDYGYMQRHN-UHFFFAOYSA-N,0.116184781191774,"measured (DoOR consensus, normalised 0-1)"
ORN_DL4,Or85f,AMQJEAYHLZJPGS-UHFFFAOYSA-N,0.216203737280999,"measured (DoOR consensus, normalised 0-1)"
ORN_DL4,Or85f,ZSIAUFGUXNUGDI-UHFFFAOYSA-N,0.239408696051403,"measured (DoOR consensus, normalised 0-1)"
ORN_DL4,Or85f,KBPLFHHGFOOTCA-UHFFFAOYSA-N,0.0669366120121212,"measured (DoOR consensus, normalised 0-1)"
ORN_DL4,Or85f,JYVLIDXNZAXMDK-UHFFFAOYSA-N,0.23352498648139,"measured (DoOR consensus, normalised 0-1)"
ORN_DL4,Or85f,PHTQWCKDNZKARW-UHFFFAOYSA-N,0.152533354890695,"measured (DoOR consensus, normalised 0-1)"
ORN_DL4,Or85f,ASUAYTHWZCLXAN-UHFFFAOYSA-N,0.140870934289194,"measured (DoOR consensus, normalised 0-1)"
ORN_DL4,Or85f,VHVMXWZXFBOANQ-UHFFFAOYSA-N,0.149552234369464,"measured (DoOR consensus, normalised 0-1)"
ORN_DL4,Or85f,VSMOENVRRABVKN-UHFFFAOYSA-N,0.1192902300106,"measured (DoOR consensus, normalised 0-1)"
ORN_DL4,Or85f,ZCHHRLHTBGRGOT-SNAWJCMRSA-N,0.243892515626129,"measured (DoOR consensus, normalised 0-1)"
ORN_DL4,Or85f,ZCHHRLHTBGRGOT-PLNGDYQASA-N,0.183312712989602,"measured (DoOR consensus, normalised 0-1)"
ORN_DL4,Or85f,UFLHIIWVXFIJGU-ONEGZZNKSA-N,0.260480562257712,"measured (DoOR consensus, normalised 0-1)"
ORN_DL4,Or85f,UFLHIIWVXFIJGU-ARJAWSKDSA-N,0.208861538013707,"measured (DoOR consensus, normalised 0-1)"
ORN_DL4,Or85f,PEDCQBHIVMGVHV-UHFFFAOYSA-N,0.041419000984427,"measured (DoOR consensus, normalised 0-1)"
ORN_DL4,Or85f,OWBTYPJTUOEWEK-UHFFFAOYSA-N,0.0639884353834444,"measured (DoOR consensus, normalised 0-1)"
ORN_DL4,Or85f,HPXRVTGHNJAIIH-UHFFFAOYSA-N,0.226963459521046,"measured (DoOR consensus, normalised 0-1)"
ORN_DL4,Or85f,KXKVLQRXCPHEJC-UHFFFAOYSA-N,0.0727083551801791,"measured (DoOR consensus, normalised 0-1)"
ORN_DL4,Or85f,XEKOWRVHYACXOJ-UHFFFAOYSA-N,0.075694813971512,"measured (DoOR consensus, normalised 0-1)"
ORN_DL4,Or85f,YKYONYBAUNKHLG-UHFFFAOYSA-N,0.175542459613908,"measured (DoOR consensus, normalised 0-1)"
ORN_DL4,Or85f,DKPFZGUDAPQIHT-UHFFFAOYSA-N,0.216203737280999,"measured (DoOR consensus, normalised 0-1)"
ORN_DL4,Or85f,PGMYKACGEOXYJE-UHFFFAOYSA-N,0.13732329616309,"measured (DoOR consensus, normalised 0-1)"
ORN_DL4,Or85f,AOGQPLXWSUTHQB-UHFFFAOYSA-N,0.041419000984427,"measured (DoOR consensus, normalised 0-1)"
ORN_DL4,Or85f,GJRQTCIYDGXPES-UHFFFAOYSA-N,0.146618719236182,"measured (DoOR consensus, normalised 0-1)"
ORN_DL4,Or85f,MLFHJEHSLIIPHL-UHFFFAOYSA-N,0.113504053578724,"measured (DoOR consensus, normalised 0-1)"
ORN_DL4,Or85f,HRHOWZHRCRZVCU-WAYWQWQTSA-N,0.0698414112785959,"measured (DoOR consensus, normalised 0-1)"
ORN_DL4,Or85f,UUIQMZJEGPQKFD-UHFFFAOYSA-N,0.121567284497451,"measured (DoOR consensus, normalised 0-1)"
ORN_DL4,Or85f,OBNCKNCVKJNDBV-UHFFFAOYSA-N,0.106961664148937,"measured (DoOR consensus, normalised 0-1)"
ORN_DL4,Or85f,XAPCMTMQBXLDBB-UHFFFAOYSA-N,0.0377538495982584,"measured (DoOR consensus, normalised 0-1)"
ORN_DL4,Or85f,OMSUIQOIVADKIM-UHFFFAOYSA-N,0.26255406808666,"measured (DoOR consensus, normalised 0-1)"
ORN_DL4,Or85f,FKRCODPIKNYEAC-UHFFFAOYSA-N,0.110827716037466,"measured (DoOR consensus, normalised 0-1)"
ORN_DL4,Or85f,WBJINCZRORDGAQ-UHFFFAOYSA-N,0.060990477118362,"measured (DoOR consensus, normalised 0-1)"
ORN_DL4,Or85f,NUKZAGXMHTUAFE-UHFFFAOYSA-N,0.129725865355876,"measured (DoOR consensus, normalised 0-1)"
ORN_DL4,Or85f,SHZIWNPUGXLXDT-UHFFFAOYSA-N,0.0669366120121212,"measured (DoOR consensus, normalised 0-1)"
ORN_DL4,Or85f,NCDCLPBOMHPFCV-UHFFFAOYSA-N,0.0639884353834444,"measured (DoOR consensus, normalised 0-1)"
ORN_DL4,Or85f,JGHZJRVDZXSNKQ-UHFFFAOYSA-N,0.0377538495982584,"measured (DoOR consensus, normalised 0-1)"
ORN_DL4,Or85f,YYZUSRORWSJGET-UHFFFAOYSA-N,0.0377538495982584,"measured (DoOR consensus, normalised 0-1)"
ORN_DL4,Or85f,RGXWDWUGBIJHDO-UHFFFAOYSA-N,0.0255100208515149,"measured (DoOR consensus, normalised 0-1)"
ORN_DL4,Or85f,ZFDIRQKJPRINOQ-HWKANZROSA-N,0.105480658076735,"measured (DoOR consensus, normalised 0-1)"
ORN_DL4,Or85f,LZCLXQDLBQLTDK-UHFFFAOYSA-N,0.272921597231399,"measured (DoOR consensus, normalised 0-1)"
ORN_DL4,Or85f,DKMROQRQHGEIOW-UHFFFAOYSA-N,0.0727083551801791,"measured (DoOR consensus, normalised 0-1)"
ORN_DL4,Or85f,solvent,0.0,"measured (DoOR consensus, normalised 0-1)"
ORN_DL4,Or85f,CURLTUGMZLYLDI-UHFFFAOYSA-N,0.0021119221060166,"measured (DoOR consensus, normalised 0-1)"
ORN_DM6,Or67a,VHUUQVKOLVNVRT-UHFFFAOYSA-N,0.0415471248918793,"measured (DoOR consensus, normalised 0-1)"
ORN_DM6,Or67a,KIDHWZJUCRJVML-UHFFFAOYSA-N,0.0071637904793308,"measured (DoOR consensus, normalised 0-1)"
ORN_DM6,Or67a,VHRGRCVQAFMJIZ-UHFFFAOYSA-N,0.0023879301597769,"measured (DoOR consensus, normalised 0-1)"
ORN_DM6,Or67a,YEJRWHAVMIAJKC-UHFFFAOYSA-N,0.251991170410628,"measured (DoOR consensus, normalised 0-1)"
ORN_DM6,Or67a,JBFHTYHTHYHCDJ-UHFFFAOYSA-N,0.115533936882703,"measured (DoOR consensus, normalised 0-1)"
ORN_DM6,Or67a,IPBFYZQJXZJBFQ-UHFFFAOYSA-N,0.0662603430508704,"measured (DoOR consensus, normalised 0-1)"
ORN_DM6,Or67a,IFYYFLINQYPWGJ-UHFFFAOYSA-N,0.0251995542880459,"measured (DoOR consensus, normalised 0-1)"
ORN_DM6,Or67a,GHBSPIPJMLAMEP-UHFFFAOYSA-N,0.0158667353205007,"measured (DoOR consensus, normalised 0-1)"
ORN_DM6,Or67a,BDAGIHXWWSANSR-UHFFFAOYSA-N,0.0214886865895476,"measured (DoOR consensus, normalised 0-1)"
ORN_DM6,Or67a,QTBSBXVTEAMEQO-UHFFFAOYSA-N,0.0059698253994423,"measured (DoOR consensus, normalised 0-1)"
ORN_DM6,Or67a,XBDQKXXYIPTUBI-UHFFFAOYSA-N,0.119511899512536,"measured (DoOR consensus, normalised 0-1)"
ORN_DM6,Or67a,FERIUCNNQQJTOY-UHFFFAOYSA-N,0.264349159441581,"measured (DoOR consensus, normalised 0-1)"
ORN_DM6,Or67a,NQPDZGIKBAWPEJ-UHFFFAOYSA-N,0.482350960544711,"measured (DoOR consensus, normalised 0-1)"
ORN_DM6,Or67a,FUZZWVXGSFPDMH-UHFFFAOYSA-N,0.0527120797950202,"measured (DoOR consensus, normalised 0-1)"
ORN_DM6,Or67a,MNWFXJYAOYHMED-UHFFFAOYSA-N,0.0139776278250603,"measured (DoOR consensus, normalised 0-1)"
ORN_DM6,Or67a,WWZKQHOCKIZLMA-UHFFFAOYSA-N,0.0011939650798884,"measured (DoOR consensus, normalised 0-1)"
ORN_DM6,Or67a,FBUKVWPVBMHYJY-UHFFFAOYSA-N,0.0071637904793308,"measured (DoOR consensus, normalised 0-1)"
ORN_DM6,Or67a,OYHQOLUKZRVURQ-HZJYTTRNSA-N,0.0107456857189962,"measured (DoOR consensus, normalised 0-1)"
ORN_DM6,Or67a,KQNPFQTWMSNSAP-UHFFFAOYSA-N,0.0107456857189962,"measured (DoOR consensus, normalised 0-1)"
ORN_DM6,Or67a,GWYFCOCPABKNJV-UHFFFAOYSA-N,0.113522773179183,"measured (DoOR consensus, normalised 0-1)"
ORN_DM6,Or67a,LCTONWCANYUPML-UHFFFAOYSA-N,0.0214886865895476,"measured (DoOR consensus, normalised 0-1)"
ORN_DM6,Or67a,OBETXYAYXDNJHR-UHFFFAOYSA-N,0.0071637904793308,"measured (DoOR consensus, normalised 0-1)"
ORN_DM6,Or67a,JVTAAEKCZFNVCJ-UHFFFAOYSA-N,0.0177482333048899,"measured (DoOR consensus, normalised 0-1)"
ORN_DM6,Or67a,CZUGFKJYCPYHHV-UHFFFAOYSA-N,0.123434481354124,"measured (DoOR consensus, normalised 0-1)"
ORN_DM6,Or67a,QMMFVYPAHWMCMS-UHFFFAOYSA-N,0.0139776278250603,"measured (DoOR consensus, normalised 0-1)"
ORN_DM6,Or67a,MOYAFQVGZZPNRA-UHFFFAOYSA-N,0.087950443256391,"measured (DoOR consensus, normalised 0-1)"
ORN_DM6,Or67a,GRWFGVWFFZKLTI-UHFFFAOYSA-N,0.0251995542880459,"measured (DoOR consensus, normalised 0-1)"
ORN_DM6,Or67a,WTARULDDTDQWMU-UHFFFAOYSA-N,0.0047758603195538,"measured (DoOR consensus, normalised 0-1)"
ORN_DM6,Or67a,BQOFWKZOCNGFEC-UHFFFAOYSA-N,0.0158667353205007,"measured (DoOR consensus, normalised 0-1)"
ORN_DM6,Or67a,XMGQYMWWDOXHJM-UHFFFAOYSA-N,0.0158667353205007,"measured (DoOR consensus, normalised 0-1)"
ORN_DM6,Or67a,FAMPSKZZVDUYOS-HRGUGZIWSA-N,0.0139776278250603,"measured (DoOR consensus, normalised 0-1)"
ORN_DM6,Or67a,UAHWPYUMFXYFJY-UHFFFAOYSA-N,0.0946319423591442,"measured (DoOR consensus, normalised 0-1)"
ORN_DM6,Or67a,NPNUFJAVOOONJE-GFUGXAQUSA-N,0.0047758603195538,"measured (DoOR consensus, normalised 0-1)"
ORN_DM6,Or67a,HFPZCAJZSCWRBC-UHFFFAOYSA-N,0.0095517206391077,"measured (DoOR consensus, normalised 0-1)"
ORN_DM6,Or67a,HIGQPQRQIQDZMP-DHZHZOJOSA-N,0.0406428378485836,"measured (DoOR consensus, normalised 0-1)"
ORN_DM6,Or67a,WUOACPNHFRMFPN-SECBINFHSA-N,0.0498252732063299,"measured (DoOR consensus, normalised 0-1)"
ORN_DM6,Or67a,GLZPCOQZEFWAFX-JXMROGBWSA-N,0.119511899512536,"measured (DoOR consensus, normalised 0-1)"
ORN_DM6,Or67a,GLZPCOQZEFWAFX-YFHOEESVSA-N,0.0379625960265319,"measured (DoOR consensus, normalised 0-1)"
ORN_DM6,Or67a,CDOSHBSSFJOMGT-UHFFFAOYSA-N,0.182885524929147,"measured (DoOR consensus, normalised 0-1)"
ORN_DM6,Or67a,QMVPMAAFGQKVCJ-SNVBAGLBSA-N,0.0233477835410088,"measured (DoOR consensus, normalised 0-1)"
ORN_DM6,Or67a,BRHDDEIRQPDPMG-UHFFFAOYSA-N,0.0902028734523264,"measured (DoOR consensus, normalised 0-1)"
ORN_DM6,Or67a,IKHGUXGNUITLKF-UHFFFAOYSA-N,0.0456058814859857,"measured (DoOR consensus, normalised 0-1)"
ORN_DM6,Or67a,NBBJYMSMWIIQGU-UHFFFAOYSA-N,0.0214886865895476,"measured (DoOR consensus, normalised 0-1)"
ORN_DM6,Or67a,ZTQSAGDEMFDKMZ-UHFFFAOYSA-N,0.144185468509817,"measured (DoOR consensus, normalised 0-1)"
ORN_DM6,Or67a,HGBOYTHUEUWSSQ-UHFFFAOYSA-N,0.111496003162381,"measured (DoOR consensus, normalised 0-1)"
ORN_DM6,Or67a,JARKCYVAAOWBJS-UHFFFAOYSA-N,0.0762520450638745,"measured (DoOR consensus, normalised 0-1)"
ORN_DM6,Or67a,MBDOYVRWFFCFHM-SNAWJCMRSA-N,0.236772884024517,"measured (DoOR consensus, normalised 0-1)"
ORN_DM6,Or67a,HYBBIBNJHNGZAN-UHFFFAOYSA-N,0.45059835958596,"measured (DoOR consensus, normalised 0-1)"
ORN_DM6,Or67a,HGINCPLSRVDWNT-UHFFFAOYSA-N,0.055534019895424,"measured (DoOR consensus, normalised 0-1)"
ORN_DM6,Or67a,CSCPPACGZOOCGX-UHFFFAOYSA-N,0.0713365452903916,"measured (DoOR consensus, normalised 0-1)"
ORN_DM6,Or67a,ZWEHNKRNPOVVGH-UHFFFAOYSA-N,0.153246893224165,"measured (DoOR consensus, normalised 0-1)"
ORN_DM6,Or67a,XNLICIUVMPYHGG-UHFFFAOYSA-N,0.158595539871025,"measured (DoOR consensus, normalised 0-1)"
ORN_DM6,Or67a,CATSNJVOTSVZJV-UHFFFAOYSA-N,0.347164113057814,"measured (DoOR consensus, normalised 0-1)"
ORN_DM6,Or67a,UHEPJGULSIKKTP-UHFFFAOYSA-N,0.518647893619912,"measured (DoOR consensus, normalised 0-1)"
ORN_DM6,Or67a,QSJXEFYPDANLFS-UHFFFAOYSA-N,0.159443185446704,"measured (DoOR consensus, normalised 0-1)"
ORN_DM6,Or67a,WRMNZCZEMHIOCP-UHFFFAOYSA-N,0.521336555329186,"measured (DoOR consensus, normalised 0-1)"
ORN_DM6,Or67a,WVDDGKGOMKODPV-UHFFFAOYSA-N,0.236604021789689,"measured (DoOR consensus, normalised 0-1)"
ORN_DM6,Or67a,OSWPMRLSEDHDFF-UHFFFAOYSA-N,0.0633901310420611,"measured (DoOR consensus, normalised 0-1)"
ORN_DM6,Or67a,QPJVMBTYPHYUOC-UHFFFAOYSA-N,0.483695291399348,"measured (DoOR consensus, normalised 0-1)"
ORN_DM6,Or67a,MTZQAGJQAFMTAQ-UHFFFAOYSA-N,0.470460591791646,"measured (DoOR consensus, normalised 0-1)"
ORN_DM6,Or67a,MDHYEMXUFSJLGV-UHFFFAOYSA-N,0.454325690565655,"measured (DoOR consensus, normalised 0-1)"
ORN_DM6,Or67a,HUMNYLRZRPPJDN-UHFFFAOYSA-N,0.469880388831481,"measured (DoOR consensus, normalised 0-1)"
ORN_DM6,Or67a,DTUQWGWMVIHBKE-UHFFFAOYSA-N,0.306937438797378,"measured (DoOR consensus, normalised 0-1)"
ORN_DM6,Or67a,KWOLFJPFCHCOCG-UHFFFAOYSA-N,0.453083419641627,"measured (DoOR consensus, normalised 0-1)"
ORN_DM6,Or67a,KBEBGUQPQBELIU-CMDGGOBGSA-N,0.167384358679424,"measured (DoOR consensus, normalised 0-1)"
ORN_DM6,Or67a,QWVGKYWNOKOFNN-UHFFFAOYSA-N,0.134909360542179,"measured (DoOR consensus, normalised 0-1)"
ORN_DM6,Or67a,CHWNEIVBYREQRF-UHFFFAOYSA-N,0.0196221933680312,"measured (DoOR consensus, normalised 0-1)"
ORN_DM6,Or67a,RRAFCDWBNXTKKO-UHFFFAOYSA-N,0.0251995542880459,"measured (DoOR consensus, normalised 0-1)"
ORN_DM6,Or67a,OKKJLVBELUTLKV-UHFFFAOYSA-N,0.0177482333048899,"measured (DoOR consensus, normalised 0-1)"
ORN_DM6,Or67a,LFQSCWFLJHTTHZ-UHFFFAOYSA-N,0.0196221933680312,"measured (DoOR consensus, normalised 0-1)"
ORN_DM6,Or67a,BDERNNFJNOPAEC-UHFFFAOYSA-N,0.0415471248918793,"measured (DoOR consensus, normalised 0-1)"
ORN_DM6,Or67a,LRHPLDYGYMQRHN-UHFFFAOYSA-N,0.149645705389355,"measured (DoOR consensus, normalised 0-1)"
ORN_DM6,Or67a,AMQJEAYHLZJPGS-UHFFFAOYSA-N,0.295501248979606,"measured (DoOR consensus, normalised 0-1)"
ORN_DM6,Or67a,ZSIAUFGUXNUGDI-UHFFFAOYSA-N,0.304103955909737,"measured (DoOR consensus, normalised 0-1)"
ORN_DM6,Or67a,KBPLFHHGFOOTCA-UHFFFAOYSA-N,0.109452968928732,"measured (DoOR consensus, normalised 0-1)"
ORN_DM6,Or67a,JYVLIDXNZAXMDK-UHFFFAOYSA-N,0.0856709856853481,"measured (DoOR consensus, normalised 0-1)"
ORN_DM6,Or67a,PHTQWCKDNZKARW-UHFFFAOYSA-N,0.153246893224165,"measured (DoOR consensus, normalised 0-1)"
ORN_DM6,Or67a,ASUAYTHWZCLXAN-UHFFFAOYSA-N,0.493105607381808,"measured (DoOR consensus, normalised 0-1)"
ORN_DM6,Or67a,VHVMXWZXFBOANQ-UHFFFAOYSA-N,0.0270440683924555,"measured (DoOR consensus, normalised 0-1)"
ORN_DM6,Or67a,VSMOENVRRABVKN-UHFFFAOYSA-N,0.319913838110868,"measured (DoOR consensus, normalised 0-1)"
ORN_DM6,Or67a,ZCHHRLHTBGRGOT-SNAWJCMRSA-N,0.22484334620906,"measured (DoOR consensus, normalised 0-1)"
ORN_DM6,Or67a,ZCHHRLHTBGRGOT-PLNGDYQASA-N,0.230802778355851,"measured (DoOR consensus, normalised 0-1)"
ORN_DM6,Or67a,UFLHIIWVXFIJGU-ONEGZZNKSA-N,0.326073349601705,"measured (DoOR consensus, normalised 0-1)"
ORN_DM6,Or67a,UFLHIIWVXFIJGU-ARJAWSKDSA-N,0.236604021789689,"measured (DoOR consensus, normalised 0-1)"
ORN_DM6,Or67a,PEDCQBHIVMGVHV-UHFFFAOYSA-N,0.0095517206391077,"measured (DoOR consensus, normalised 0-1)"
ORN_DM6,Or67a,OWBTYPJTUOEWEK-UHFFFAOYSA-N,0.0361601889324275,"measured (DoOR consensus, normalised 0-1)"
ORN_DM6,Or67a,NMRPBPVERJPACX-UHFFFAOYSA-N,0.343850762838618,"measured (DoOR consensus, normalised 0-1)"
ORN_DM6,Or67a,KXKVLQRXCPHEJC-UHFFFAOYSA-N,0.0251995542880459,"measured (DoOR consensus, normalised 0-1)"
ORN_DM6,Or67a,XEKOWRVHYACXOJ-UHFFFAOYSA-N,0.0837959022306697,"measured (DoOR consensus, normalised 0-1)"
ORN_DM6,Or67a,YKYONYBAUNKHLG-UHFFFAOYSA-N,0.167384358679424,"measured (DoOR consensus, normalised 0-1)"
ORN_DM6,Or67a,DKPFZGUDAPQIHT-UHFFFAOYSA-N,0.340144962388746,"measured (DoOR consensus, normalised 0-1)"
ORN_DM6,Or67a,PGMYKACGEOXYJE-UHFFFAOYSA-N,0.398894023343326,"measured (DoOR consensus, normalised 0-1)"
ORN_DM6,Or67a,AOGQPLXWSUTHQB-UHFFFAOYSA-N,0.121479844814755,"measured (DoOR consensus, normalised 0-1)"
ORN_DM6,Or67a,GJRQTCIYDGXPES-UHFFFAOYSA-N,0.0810250680696327,"measured (DoOR consensus, normalised 0-1)"
ORN_DM6,Or67a,MLFHJEHSLIIPHL-UHFFFAOYSA-N,0.360131444510711,"measured (DoOR consensus, normalised 0-1)"
ORN_DM6,Or67a,HRHOWZHRCRZVCU-WAYWQWQTSA-N,0.151840752982995,"measured (DoOR consensus, normalised 0-1)"
ORN_DM6,Or67a,UUIQMZJEGPQKFD-UHFFFAOYSA-N,0.234916216753355,"measured (DoOR consensus, normalised 0-1)"
ORN_DM6,Or67a,OBNCKNCVKJNDBV-UHFFFAOYSA-N,0.330316408090994,"measured (DoOR consensus, normalised 0-1)"
ORN_DM6,Or67a,XAPCMTMQBXLDBB-UHFFFAOYSA-N,0.144185468509817,"measured (DoOR consensus, normalised 0-1)"
ORN_DM6,Or67a,OMSUIQOIVADKIM-UHFFFAOYSA-N,0.203125931935123,"measured (DoOR consensus, normalised 0-1)"
ORN_DM6,Or67a,FKRCODPIKNYEAC-UHFFFAOYSA-N,0.0970653513541155,"measured (DoOR consensus, normalised 0-1)"
ORN_DM6,Or67a,WBJINCZRORDGAQ-UHFFFAOYSA-N,0.0095517206391077,"measured (DoOR consensus, normalised 0-1)"
ORN_DM6,Or67a,NUKZAGXMHTUAFE-UHFFFAOYSA-N,0.187981547789869,"measured (DoOR consensus, normalised 0-1)"
ORN_DM6,Or67a,SHZIWNPUGXLXDT-UHFFFAOYSA-N,0.441130123442634,"measured (DoOR consensus, normalised 0-1)"
ORN_DM6,Or67a,NCDCLPBOMHPFCV-UHFFFAOYSA-N,0.0083577555592192,"measured (DoOR consensus, normalised 0-1)"
ORN_DM6,Or67a,JGHZJRVDZXSNKQ-UHFFFAOYSA-N,0.0035818952396654,"measured (DoOR consensus, normalised 0-1)"
ORN_DM6,Or67a,YYZUSRORWSJGET-UHFFFAOYSA-N,0.0,"measured (DoOR consensus, normalised 0-1)"
ORN_DM6,Or67a,RGXWDWUGBIJHDO-UHFFFAOYSA-N,0.0035818952396654,"measured (DoOR consensus, normalised 0-1)"
ORN_DM6,Or67a,ZFDIRQKJPRINOQ-HWKANZROSA-N,0.216490118592603,"measured (DoOR consensus, normalised 0-1)"
ORN_DM6,Or67a,LZCLXQDLBQLTDK-UHFFFAOYSA-N,0.0989678757693162,"measured (DoOR consensus, normalised 0-1)"
ORN_DM6,Or67a,DKMROQRQHGEIOW-UHFFFAOYSA-N,0.441894951397516,"measured (DoOR consensus, normalised 0-1)"
ORN_DM6,Or67a,RJUFJBKOKNCXHH-UHFFFAOYSA-N,0.0548442477489135,"measured (DoOR consensus, normalised 0-1)"
ORN_DM6,Or67a,ICMAFTSLXCXHRK-UHFFFAOYSA-N,0.319693802759879,"measured (DoOR consensus, normalised 0-1)"
ORN_DM6,Or67a,BTMVHUNTONAYDX-UHFFFAOYSA-N,0.742652891931438,"measured (DoOR consensus, normalised 0-1)"
ORN_DM6,Or67a,solvent,0.0042172996787457,"measured (DoOR consensus, normalised 0-1)"
ORN_DM6,Or67a,CURLTUGMZLYLDI-UHFFFAOYSA-N,0.0205945279808837,"measured (DoOR consensus, normalised 0-1)"
ORN_DM6,Or67a,HQABUPZFAYXKJW-UHFFFAOYSA-N,0.180604254646544,"measured (DoOR consensus, normalised 0-1)"
ORN_DM6,Or67a,FWZUNOYOVVKUNF-UHFFFAOYSA-N,0.125165275978966,"measured (DoOR consensus, normalised 0-1)"
ORN_DM6,Or67a,QNVRIHYSUZMSGM-ZCFIWIBFSA-N,0.270586125229084,"measured (DoOR consensus, normalised 0-1)"
ORN_DM6,Or67a,MEIRRNXMZYDVDW-MQQKCMAXSA-N,0.0548442477489135,"measured (DoOR consensus, normalised 0-1)"
ORN_DM6,Or67a,YSNWHRKJEKWJNY-UHFFFAOYSA-N,0.552411764630195,"measured (DoOR consensus, normalised 0-1)"
ORN_DM6,Or67a,CETWDUZRCINIHU-ZETCQYMHSA-N,0.42828397439843,"measured (DoOR consensus, normalised 0-1)"
ORN_DM6,Or67a,GMEONFUTDYJSNV-UHFFFAOYSA-N,0.552411764630195,"measured (DoOR consensus, normalised 0-1)"
ORN_DM6,Or67a,JIGUQPWFLRLWPJ-UHFFFAOYSA-N,0.0548442477489135,"measured (DoOR consensus, normalised 0-1)"
ORN_DM6,Or67a,BHIWKHZACMWKOJ-UHFFFAOYSA-N,0.0770952180564217,"measured (DoOR consensus, normalised 0-1)"
ORN_DM6,Or67a,WYACBZDAHNBPPB-UHFFFAOYSA-N,0.180604254646544,"measured (DoOR consensus, normalised 0-1)"
ORN_V,Gr21a.Gr63a,QGZKDVFQNNGYKY-UHFFFAOYSA-N,0.171432308761003,"measured (DoOR consensus, normalised 0-1)"
ORN_V,Gr21a.Gr63a,QTBSBXVTEAMEQO-UHFFFAOYSA-N,0.142120307979525,"measured (DoOR consensus, normalised 0-1)"
ORN_V,Gr21a.Gr63a,XBDQKXXYIPTUBI-UHFFFAOYSA-N,0.157660911513364,"measured (DoOR consensus, normalised 0-1)"
ORN_V,Gr21a.Gr63a,XMGQYMWWDOXHJM-UHFFFAOYSA-N,0.150156590497866,"measured (DoOR consensus, normalised 0-1)"
ORN_V,Gr21a.Gr63a,HIGQPQRQIQDZMP-DHZHZOJOSA-N,0.166378788198862,"measured (DoOR consensus, normalised 0-1)"
ORN_V,Gr21a.Gr63a,GLZPCOQZEFWAFX-JXMROGBWSA-N,0.238411673265279,"measured (DoOR consensus, normalised 0-1)"
ORN_V,Gr21a.Gr63a,ULDHMXUKGWMISQ-VIFPVBQESA-N,0.210255796641218,"measured (DoOR consensus, normalised 0-1)"
ORN_V,Gr21a.Gr63a,NEHNMFOYXAPHSD-JTQLQIEISA-N,0.238411673265279,"measured (DoOR consensus, normalised 0-1)"
ORN_V,Gr21a.Gr63a,LHXDLQBQYFFVNW-OIBJUYFYSA-N,0.150156590497866,"measured (DoOR consensus, normalised 0-1)"
ORN_V,Gr21a.Gr63a,MBDOYVRWFFCFHM-SNAWJCMRSA-N,0.158422136376343,"measured (DoOR consensus, normalised 0-1)"
ORN_V,Gr21a.Gr63a,NUJGJRNETVAIRJ-UHFFFAOYSA-N,0.142120307979525,"measured (DoOR consensus, normalised 0-1)"
ORN_V,Gr21a.Gr63a,CSCPPACGZOOCGX-UHFFFAOYSA-N,0.292508001030911,"measured (DoOR consensus, normalised 0-1)"
ORN_V,Gr21a.Gr63a,CATSNJVOTSVZJV-UHFFFAOYSA-N,0.158246367263085,"measured (DoOR consensus, normalised 0-1)"
ORN_V,Gr21a.Gr63a,QSJXEFYPDANLFS-UHFFFAOYSA-N,0.131479351924118,"measured (DoOR consensus, normalised 0-1)"
ORN_V,Gr21a.Gr63a,QQZOPKMRPOGIEB-UHFFFAOYSA-N,0.217384641363135,"measured (DoOR consensus, normalised 0-1)"
ORN_V,Gr21a.Gr63a,JHIVVAPYMSGYDF-UHFFFAOYSA-N,0.318798589658875,"measured (DoOR consensus, normalised 0-1)"
ORN_V,Gr21a.Gr63a,OSWPMRLSEDHDFF-UHFFFAOYSA-N,0.164207834960346,"measured (DoOR consensus, normalised 0-1)"
ORN_V,Gr21a.Gr63a,HUMNYLRZRPPJDN-UHFFFAOYSA-N,0.224450440562671,"measured (DoOR consensus, normalised 0-1)"
ORN_V,Gr21a.Gr63a,KWOLFJPFCHCOCG-UHFFFAOYSA-N,0.224450440562671,"measured (DoOR consensus, normalised 0-1)"
ORN_V,Gr21a.Gr63a,QWVGKYWNOKOFNN-UHFFFAOYSA-N,0.344742758760208,"measured (DoOR consensus, normalised 0-1)"
ORN_V,Gr21a.Gr63a,RRAFCDWBNXTKKO-UHFFFAOYSA-N,0.180993293563185,"measured (DoOR consensus, normalised 0-1)"
ORN_V,Gr21a.Gr63a,RDOXTESZEPMUJZ-UHFFFAOYSA-N,0.224450440562671,"measured (DoOR consensus, normalised 0-1)"
ORN_V,Gr21a.Gr63a,ZYEMGPIYFIJGTP-UHFFFAOYSA-N,0.142120307979525,"measured (DoOR consensus, normalised 0-1)"
ORN_V,Gr21a.Gr63a,IWDCLRJOBJJRNH-UHFFFAOYSA-N,0.203058563579061,"measured (DoOR consensus, normalised 0-1)"
ORN_V,Gr21a.Gr63a,OKKJLVBELUTLKV-UHFFFAOYSA-N,0.129622479401401,"measured (DoOR consensus, normalised 0-1)"
ORN_V,Gr21a.Gr63a,LFQSCWFLJHTTHZ-UHFFFAOYSA-N,0.129622479401401,"measured (DoOR consensus, normalised 0-1)"
ORN_V,Gr21a.Gr63a,LRHPLDYGYMQRHN-UHFFFAOYSA-N,0.210255796641218,"measured (DoOR consensus, normalised 0-1)"
ORN_V,Gr21a.Gr63a,ZSIAUFGUXNUGDI-UHFFFAOYSA-N,0.0742341047933169,"measured (DoOR consensus, normalised 0-1)"
ORN_V,Gr21a.Gr63a,KBPLFHHGFOOTCA-UHFFFAOYSA-N,0.142120307979525,"measured (DoOR consensus, normalised 0-1)"
ORN_V,Gr21a.Gr63a,VSMOENVRRABVKN-UHFFFAOYSA-N,0.148529540547771,"measured (DoOR consensus, normalised 0-1)"
ORN_V,Gr21a.Gr63a,OWBTYPJTUOEWEK-UHFFFAOYSA-N,0.0,"measured (DoOR consensus, normalised 0-1)"
ORN_V,Gr21a.Gr63a,BBMCTIGTTCKYKF-UHFFFAOYSA-N,0.097226538445527,"measured (DoOR consensus, normalised 0-1)"
ORN_V,Gr21a.Gr63a,NMRPBPVERJPACX-UHFFFAOYSA-N,0.129622479401401,"measured (DoOR consensus, normalised 0-1)"
ORN_V,Gr21a.Gr63a,ZWRUINPWMLAQRD-UHFFFAOYSA-N,0.142120307979525,"measured (DoOR consensus, normalised 0-1)"
ORN_V,Gr21a.Gr63a,XEKOWRVHYACXOJ-UHFFFAOYSA-N,0.178665178502898,"measured (DoOR consensus, normalised 0-1)"
ORN_V,Gr21a.Gr63a,YKYONYBAUNKHLG-UHFFFAOYSA-N,0.318798589658875,"measured (DoOR consensus, normalised 0-1)"
ORN_V,Gr21a.Gr63a,PGMYKACGEOXYJE-UHFFFAOYSA-N,0.275267290503391,"measured (DoOR consensus, normalised 0-1)"
ORN_V,Gr21a.Gr63a,MLFHJEHSLIIPHL-UHFFFAOYSA-N,0.158048578912654,"measured (DoOR consensus, normalised 0-1)"
ORN_V,Gr21a.Gr63a,OBNCKNCVKJNDBV-UHFFFAOYSA-N,0.176878585009475,"measured (DoOR consensus, normalised 0-1)"
ORN_V,Gr21a.Gr63a,YLYBTZIQSIBWLI-UHFFFAOYSA-N,0.180993293563185,"measured (DoOR consensus, normalised 0-1)"
ORN_V,Gr21a.Gr63a,SIKJAQJRHWYJAI-UHFFFAOYSA-N,0.325313395104191,"measured (DoOR consensus, normalised 0-1)"
ORN_V,Gr21a.Gr63a,ICMAFTSLXCXHRK-UHFFFAOYSA-N,0.133980978057892,"measured (DoOR consensus, normalised 0-1)"
ORN_V,Gr21a.Gr63a,GAEKPEKOJKCEMS-UHFFFAOYSA-N,0.150156590497866,"measured (DoOR consensus, normalised 0-1)"
ORN_V,Gr21a.Gr63a,solvent,0.143178815839841,"measured (DoOR consensus, normalised 0-1)"
ORN_V,Gr21a.Gr63a,CURLTUGMZLYLDI-UHFFFAOYSA-N,1.0,"measured (DoOR consensus, normalised 0-1)"
ORN_V,Gr21a.Gr63a,VLKZOEOYAKHREP-UHFFFAOYSA-N,0.285869007920637,"measured (DoOR consensus, normalised 0-1)"
ORN_V,Gr21a.Gr63a,MGSRCZKZVOBKFT-UHFFFAOYSA-N,0.285869007920637,"measured (DoOR consensus, normalised 0-1)"
ORN_V,Gr21a.Gr63a,RWCCWEUUXYIKHB-UHFFFAOYSA-N,0.238411673265279,"measured (DoOR consensus, normalised 0-1)"
ORN_V,Gr21a.Gr63a,KFZMGEQAYNKOFK-UHFFFAOYSA-N,0.203058563579061,"measured (DoOR consensus, normalised 0-1)"
ORN_V,Gr21a.Gr63a,CLUWOWRTHNNBBU-UHFFFAOYSA-N,0.180993293563185,"measured (DoOR consensus, normalised 0-1)"
ORN_V,Gr21a.Gr63a,NOOLISFMXDJSKH-KXUCPTDWSA-N,0.165810632435785,"measured (DoOR consensus, normalised 0-1)"
ORN_DM2,Or22a,XLYOFNOQVPJJNP-UHFFFAOYSA-N,0.367991237863872,"measured (DoOR consensus, normalised 0-1)"
ORN_DM2,Or22a,VHUUQVKOLVNVRT-UHFFFAOYSA-N,0.184984062077221,"measured (DoOR consensus, normalised 0-1)"
ORN_DM2,Or22a,KIDHWZJUCRJVML-UHFFFAOYSA-N,0.175114309972285,"measured (DoOR consensus, normalised 0-1)"
ORN_DM2,Or22a,VHRGRCVQAFMJIZ-UHFFFAOYSA-N,0.0898951702322031,"measured (DoOR consensus, normalised 0-1)"
ORN_DM2,Or22a,QGZKDVFQNNGYKY-UHFFFAOYSA-N,0.088052846705089,"measured (DoOR consensus, normalised 0-1)"
ORN_DM2,Or22a,HZAXFHJVJLSVMW-UHFFFAOYSA-N,0.281271814778947,"measured (DoOR consensus, normalised 0-1)"
ORN_DM2,Or22a,YEJRWHAVMIAJKC-UHFFFAOYSA-N,0.167099878336616,"measured (DoOR consensus, normalised 0-1)"
ORN_DM2,Or22a,JBFHTYHTHYHCDJ-UHFFFAOYSA-N,0.386093531856131,"measured (DoOR consensus, normalised 0-1)"
ORN_DM2,Or22a,IPBFYZQJXZJBFQ-UHFFFAOYSA-N,0.162426955324261,"measured (DoOR consensus, normalised 0-1)"
ORN_DM2,Or22a,IFYYFLINQYPWGJ-UHFFFAOYSA-N,0.0985536785120147,"measured (DoOR consensus, normalised 0-1)"
ORN_DM2,Or22a,GHBSPIPJMLAMEP-UHFFFAOYSA-N,0.083948880155508,"measured (DoOR consensus, normalised 0-1)"
ORN_DM2,Or22a,BDAGIHXWWSANSR-UHFFFAOYSA-N,0.143219222466663,"measured (DoOR consensus, normalised 0-1)"
ORN_DM2,Or22a,QTBSBXVTEAMEQO-UHFFFAOYSA-N,0.1407523632563,"measured (DoOR consensus, normalised 0-1)"
ORN_DM2,Or22a,XBDQKXXYIPTUBI-UHFFFAOYSA-N,0.150622889528958,"measured (DoOR consensus, normalised 0-1)"
ORN_DM2,Or22a,FERIUCNNQQJTOY-UHFFFAOYSA-N,0.266279638752468,"measured (DoOR consensus, normalised 0-1)"
ORN_DM2,Or22a,NQPDZGIKBAWPEJ-UHFFFAOYSA-N,0.154798552918882,"measured (DoOR consensus, normalised 0-1)"
ORN_DM2,Or22a,FUZZWVXGSFPDMH-UHFFFAOYSA-N,0.334929299062064,"measured (DoOR consensus, normalised 0-1)"
ORN_DM2,Or22a,MNWFXJYAOYHMED-UHFFFAOYSA-N,0.0896999825026172,"measured (DoOR consensus, normalised 0-1)"
ORN_DM2,Or22a,WWZKQHOCKIZLMA-UHFFFAOYSA-N,0.0538059092431131,"measured (DoOR consensus, normalised 0-1)"
ORN_DM2,Or22a,FBUKVWPVBMHYJY-UHFFFAOYSA-N,0.0791414293912384,"measured (DoOR consensus, normalised 0-1)"
ORN_DM2,Or22a,OYHQOLUKZRVURQ-HZJYTTRNSA-N,0.0584474360754266,"measured (DoOR consensus, normalised 0-1)"
ORN_DM2,Or22a,KQNPFQTWMSNSAP-UHFFFAOYSA-N,0.143346603831489,"measured (DoOR consensus, normalised 0-1)"
ORN_DM2,Or22a,GWYFCOCPABKNJV-UHFFFAOYSA-N,0.162134225269163,"measured (DoOR consensus, normalised 0-1)"
ORN_DM2,Or22a,LCTONWCANYUPML-UHFFFAOYSA-N,0.148105918274862,"measured (DoOR consensus, normalised 0-1)"
ORN_DM2,Or22a,OBETXYAYXDNJHR-UHFFFAOYSA-N,0.106933890605322,"measured (DoOR consensus, normalised 0-1)"
ORN_DM2,Or22a,JVTAAEKCZFNVCJ-UHFFFAOYSA-N,0.150526841156532,"measured (DoOR consensus, normalised 0-1)"
ORN_DM2,Or22a,CZUGFKJYCPYHHV-UHFFFAOYSA-N,0.175543877511141,"measured (DoOR consensus, normalised 0-1)"
ORN_DM2,Or22a,QMMFVYPAHWMCMS-UHFFFAOYSA-N,0.0898951702322031,"measured (DoOR consensus, normalised 0-1)"
ORN_DM2,Or22a,ALVPFGSHPUPROW-UHFFFAOYSA-N,0.21745910244158,"measured (DoOR consensus, normalised 0-1)"
ORN_DM2,Or22a,SUVIGLJNEAMWEG-UHFFFAOYSA-N,0.309558198685709,"measured (DoOR consensus, normalised 0-1)"
ORN_DM2,Or22a,MOYAFQVGZZPNRA-UHFFFAOYSA-N,0.106933890605322,"measured (DoOR consensus, normalised 0-1)"
ORN_DM2,Or22a,GRWFGVWFFZKLTI-UHFFFAOYSA-N,0.0843188358795269,"measured (DoOR consensus, normalised 0-1)"
ORN_DM2,Or22a,WTARULDDTDQWMU-UHFFFAOYSA-N,0.0809185693533999,"measured (DoOR consensus, normalised 0-1)"
ORN_DM2,Or22a,BQOFWKZOCNGFEC-UHFFFAOYSA-N,0.083948880155508,"measured (DoOR consensus, normalised 0-1)"
ORN_DM2,Or22a,XMGQYMWWDOXHJM-UHFFFAOYSA-N,0.145670222469069,"measured (DoOR consensus, normalised 0-1)"
ORN_DM2,Or22a,FAMPSKZZVDUYOS-HRGUGZIWSA-N,0.0778476800446731,"measured (DoOR consensus, normalised 0-1)"
ORN_DM2,Or22a,UAHWPYUMFXYFJY-UHFFFAOYSA-N,0.106933890605322,"measured (DoOR consensus, normalised 0-1)"
ORN_DM2,Or22a,NPNUFJAVOOONJE-GFUGXAQUSA-N,0.133924922583557,"measured (DoOR consensus, normalised 0-1)"
ORN_DM2,Or22a,HFPZCAJZSCWRBC-UHFFFAOYSA-N,0.104169229972127,"measured (DoOR consensus, normalised 0-1)"
ORN_DM2,Or22a,HIGQPQRQIQDZMP-DHZHZOJOSA-N,0.0770520662708586,"measured (DoOR consensus, normalised 0-1)"
ORN_DM2,Or22a,WUOACPNHFRMFPN-SECBINFHSA-N,0.172685975643726,"measured (DoOR consensus, normalised 0-1)"
ORN_DM2,Or22a,GLZPCOQZEFWAFX-JXMROGBWSA-N,0.12892462955431,"measured (DoOR consensus, normalised 0-1)"
ORN_DM2,Or22a,GLZPCOQZEFWAFX-YFHOEESVSA-N,0.152933499981619,"measured (DoOR consensus, normalised 0-1)"
ORN_DM2,Or22a,CDOSHBSSFJOMGT-UHFFFAOYSA-N,0.165357477895516,"measured (DoOR consensus, normalised 0-1)"
ORN_DM2,Or22a,QMVPMAAFGQKVCJ-SNVBAGLBSA-N,0.133300023795872,"measured (DoOR consensus, normalised 0-1)"
ORN_DM2,Or22a,BRHDDEIRQPDPMG-UHFFFAOYSA-N,0.122987971381663,"measured (DoOR consensus, normalised 0-1)"
ORN_DM2,Or22a,ULDHMXUKGWMISQ-SECBINFHSA-N,0.127795804896066,"measured (DoOR consensus, normalised 0-1)"
ORN_DM2,Or22a,ULDHMXUKGWMISQ-VIFPVBQESA-N,0.104058957131749,"measured (DoOR consensus, normalised 0-1)"
ORN_DM2,Or22a,WEEGYLXZBRQIMU-WAAGHKOSSA-N,0.0955977748551125,"measured (DoOR consensus, normalised 0-1)"
ORN_DM2,Or22a,RFFOTVCVTJUTAD-UHFFFAOYSA-N,0.088052846705089,"measured (DoOR consensus, normalised 0-1)"
ORN_DM2,Or22a,WTEVQBCEXWBHNA-JXMROGBWSA-N,0.22471821711987,"measured (DoOR consensus, normalised 0-1)"
ORN_DM2,Or22a,NEHNMFOYXAPHSD-JTQLQIEISA-N,0.172308015055783,"measured (DoOR consensus, normalised 0-1)"
ORN_DM2,Or22a,LHXDLQBQYFFVNW-OIBJUYFYSA-N,0.0471945892833369,"measured (DoOR consensus, normalised 0-1)"
ORN_DM2,Or22a,XMGQYMWWDOXHJM-JTQLQIEISA-N,0.0698283445555086,"measured (DoOR consensus, normalised 0-1)"
ORN_DM2,Or22a,NFLGAXVYCFJBMK-BDAKNGLRSA-N,0.0874643693641979,"measured (DoOR consensus, normalised 0-1)"
ORN_DM2,Or22a,KMRMUZKLFIEVAO-UHFFFAOYSA-N,0.149127213658971,"measured (DoOR consensus, normalised 0-1)"
ORN_DM2,Or22a,GRWFGVWFFZKLTI-RKDXNWHRSA-N,0.096509642701259,"measured (DoOR consensus, normalised 0-1)"
ORN_DM2,Or22a,NZGWDASTMWDZIW-MRVPVSSYSA-N,0.124986280247023,"measured (DoOR consensus, normalised 0-1)"
ORN_DM2,Or22a,USMNOWBWPHYOEA-MRTMQBJTSA-N,0.284139863306379,"measured (DoOR consensus, normalised 0-1)"
ORN_DM2,Or22a,RGZSQWQPBWRIAQ-CABCVRRESA-N,0.149837305486271,"measured (DoOR consensus, normalised 0-1)"
ORN_DM2,Or22a,CRDAMVZIKSXKFV-YFVJMOTDSA-N,0.168131275814705,"measured (DoOR consensus, normalised 0-1)"
ORN_DM2,Or22a,IKHGUXGNUITLKF-UHFFFAOYSA-N,0.210595543629072,"measured (DoOR consensus, normalised 0-1)"
ORN_DM2,Or22a,NBBJYMSMWIIQGU-UHFFFAOYSA-N,0.15919706197511,"measured (DoOR consensus, normalised 0-1)"
ORN_DM2,Or22a,ZTQSAGDEMFDKMZ-UHFFFAOYSA-N,0.190289788143935,"measured (DoOR consensus, normalised 0-1)"
ORN_DM2,Or22a,HGBOYTHUEUWSSQ-UHFFFAOYSA-N,0.270925837947348,"measured (DoOR consensus, normalised 0-1)"
ORN_DM2,Or22a,JARKCYVAAOWBJS-UHFFFAOYSA-N,0.364146491472499,"measured (DoOR consensus, normalised 0-1)"
ORN_DM2,Or22a,MBDOYVRWFFCFHM-SNAWJCMRSA-N,0.150182148418181,"measured (DoOR consensus, normalised 0-1)"
ORN_DM2,Or22a,HYBBIBNJHNGZAN-UHFFFAOYSA-N,0.157959015825969,"measured (DoOR consensus, normalised 0-1)"
ORN_DM2,Or22a,HGINCPLSRVDWNT-UHFFFAOYSA-N,0.1407523632563,"measured (DoOR consensus, normalised 0-1)"
ORN_DM2,Or22a,NUJGJRNETVAIRJ-UHFFFAOYSA-N,0.0748177497471584,"measured (DoOR consensus, normalised 0-1)"
ORN_DM2,Or22a,KSMVZQYAVGTKIV-UHFFFAOYSA-N,0.0746005785354622,"measured (DoOR consensus, normalised 0-1)"
ORN_DM2,Or22a,FXHGMKSSBGDXIY-UHFFFAOYSA-N,0.581314414977418,"measured (DoOR consensus, normalised 0-1)"
ORN_DM2,Or22a,LVBXEMGDVWVTGY-VOTSOKGWSA-N,0.367877269586035,"measured (DoOR consensus, normalised 0-1)"
ORN_DM2,Or22a,GYHFUZHODSMOHU-UHFFFAOYSA-N,0.0031004064092188,"measured (DoOR consensus, normalised 0-1)"
ORN_DM2,Or22a,CSCPPACGZOOCGX-UHFFFAOYSA-N,0.065033078290457,"measured (DoOR consensus, normalised 0-1)"
ORN_DM2,Or22a,ZWEHNKRNPOVVGH-UHFFFAOYSA-N,0.164463457345655,"measured (DoOR consensus, normalised 0-1)"
ORN_DM2,Or22a,XNLICIUVMPYHGG-UHFFFAOYSA-N,0.404239588291232,"measured (DoOR consensus, normalised 0-1)"
ORN_DM2,Or22a,CATSNJVOTSVZJV-UHFFFAOYSA-N,0.346153820501748,"measured (DoOR consensus, normalised 0-1)"
ORN_DM2,Or22a,UHEPJGULSIKKTP-UHFFFAOYSA-N,0.260353321661971,"measured (DoOR consensus, normalised 0-1)"
ORN_DM2,Or22a,QSJXEFYPDANLFS-UHFFFAOYSA-N,0.244956829343298,"measured (DoOR consensus, normalised 0-1)"
ORN_DM2,Or22a,ROWKJAVDOGWPAT-UHFFFAOYSA-N,0.196038382156735,"measured (DoOR consensus, normalised 0-1)"
ORN_DM2,Or22a,LABTWGUMFABVFG-ARJAWSKDSA-N,0.396514629835269,"measured (DoOR consensus, normalised 0-1)"
ORN_DM2,Or22a,QQZOPKMRPOGIEB-UHFFFAOYSA-N,0.404650892054601,"measured (DoOR consensus, normalised 0-1)"
ORN_DM2,Or22a,PFCHFHIRKBAQGU-UHFFFAOYSA-N,0.403914798966023,"measured (DoOR consensus, normalised 0-1)"
ORN_DM2,Or22a,JHIVVAPYMSGYDF-UHFFFAOYSA-N,0.0040322166249799,"measured (DoOR consensus, normalised 0-1)"
ORN_DM2,Or22a,VKCYHJWLYTUGCC-UHFFFAOYSA-N,0.193291531271639,"measured (DoOR consensus, normalised 0-1)"
ORN_DM2,Or22a,WRMNZCZEMHIOCP-UHFFFAOYSA-N,0.168598295363297,"measured (DoOR consensus, normalised 0-1)"
ORN_DM2,Or22a,WVDDGKGOMKODPV-UHFFFAOYSA-N,0.160072670280742,"measured (DoOR consensus, normalised 0-1)"
ORN_DM2,Or22a,OSWPMRLSEDHDFF-UHFFFAOYSA-N,0.110047899019217,"measured (DoOR consensus, normalised 0-1)"
ORN_DM2,Or22a,QPJVMBTYPHYUOC-UHFFFAOYSA-N,0.167099878336616,"measured (DoOR consensus, normalised 0-1)"
ORN_DM2,Or22a,MTZQAGJQAFMTAQ-UHFFFAOYSA-N,0.180860297105027,"measured (DoOR consensus, normalised 0-1)"
ORN_DM2,Or22a,MDHYEMXUFSJLGV-UHFFFAOYSA-N,0.160072670280742,"measured (DoOR consensus, normalised 0-1)"
ORN_DM2,Or22a,HUMNYLRZRPPJDN-UHFFFAOYSA-N,0.182588449662252,"measured (DoOR consensus, normalised 0-1)"
ORN_DM2,Or22a,DTUQWGWMVIHBKE-UHFFFAOYSA-N,0.174673843432112,"measured (DoOR consensus, normalised 0-1)"
ORN_DM2,Or22a,KWOLFJPFCHCOCG-UHFFFAOYSA-N,0.137223199974113,"measured (DoOR consensus, normalised 0-1)"
ORN_DM2,Or22a,KBEBGUQPQBELIU-CMDGGOBGSA-N,0.0869404925008434,"measured (DoOR consensus, normalised 0-1)"
ORN_DM2,Or22a,QWVGKYWNOKOFNN-UHFFFAOYSA-N,0.0706096002726982,"measured (DoOR consensus, normalised 0-1)"
ORN_DM2,Or22a,CHWNEIVBYREQRF-UHFFFAOYSA-N,0.0715760022067347,"measured (DoOR consensus, normalised 0-1)"
ORN_DM2,Or22a,RRAFCDWBNXTKKO-UHFFFAOYSA-N,0.120119122160894,"measured (DoOR consensus, normalised 0-1)"
ORN_DM2,Or22a,SMQUZDBALVYZAC-UHFFFAOYSA-N,0.158815574900379,"measured (DoOR consensus, normalised 0-1)"
ORN_DM2,Or22a,LHGVFZTZFXWLCP-UHFFFAOYSA-N,0.0554364905301304,"measured (DoOR consensus, normalised 0-1)"
ORN_DM2,Or22a,RUVINXPYWBROJD-ONEGZZNKSA-N,0.0899367509635078,"measured (DoOR consensus, normalised 0-1)"
ORN_DM2,Or22a,ZRSNZINYAWTAHE-UHFFFAOYSA-N,0.0625741595913498,"measured (DoOR consensus, normalised 0-1)"
ORN_DM2,Or22a,WTWBUQJHJGUZCY-UHFFFAOYSA-N,0.0734492920787749,"measured (DoOR consensus, normalised 0-1)"
ORN_DM2,Or22a,RDOXTESZEPMUJZ-UHFFFAOYSA-N,0.0027848890611973,"measured (DoOR consensus, normalised 0-1)"
ORN_DM2,Or22a,ZYEMGPIYFIJGTP-UHFFFAOYSA-N,0.228585679142012,"measured (DoOR consensus, normalised 0-1)"
ORN_DM2,Or22a,RKFAZBXYICVSKP-WAYWQWQTSA-N,0.222011439353439,"measured (DoOR consensus, normalised 0-1)"
ORN_DM2,Or22a,SUSQOBVLVYHIEX-UHFFFAOYSA-N,0.140768133875696,"measured (DoOR consensus, normalised 0-1)"
ORN_DM2,Or22a,BJIOGJUNALELMI-ONEGZZNKSA-N,0.187300835449843,"measured (DoOR consensus, normalised 0-1)"
ORN_DM2,Or22a,IWDCLRJOBJJRNH-UHFFFAOYSA-N,0.222775579166511,"measured (DoOR consensus, normalised 0-1)"
ORN_DM2,Or22a,HXDOZKJGKXYMEW-UHFFFAOYSA-N,0.219317935653308,"measured (DoOR consensus, normalised 0-1)"
ORN_DM2,Or22a,LCHYEKKJCUJAKN-UHFFFAOYSA-N,0.212730630007579,"measured (DoOR consensus, normalised 0-1)"
ORN_DM2,Or22a,KJPRLNWUNMBNBZ-QPJJXVBHSA-N,0.222388209271655,"measured (DoOR consensus, normalised 0-1)"
ORN_DM2,Or22a,OKKJLVBELUTLKV-UHFFFAOYSA-N,0.195089940773185,"measured (DoOR consensus, normalised 0-1)"
ORN_DM2,Or22a,LFQSCWFLJHTTHZ-UHFFFAOYSA-N,0.195089940773185,"measured (DoOR consensus, normalised 0-1)"
ORN_DM2,Or22a,BDERNNFJNOPAEC-UHFFFAOYSA-N,0.202229336481477,"measured (DoOR consensus, normalised 0-1)"
ORN_DM2,Or22a,LRHPLDYGYMQRHN-UHFFFAOYSA-N,0.354919741320664,"measured (DoOR consensus, normalised 0-1)"
ORN_DM2,Or22a,AMQJEAYHLZJPGS-UHFFFAOYSA-N,0.478342991385263,"measured (DoOR consensus, normalised 0-1)"
ORN_DM2,Or22a,ZSIAUFGUXNUGDI-UHFFFAOYSA-N,0.257865607047366,"measured (DoOR consensus, normalised 0-1)"
ORN_DM2,Or22a,KBPLFHHGFOOTCA-UHFFFAOYSA-N,0.157901910574765,"measured (DoOR consensus, normalised 0-1)"
ORN_DM2,Or22a,JYVLIDXNZAXMDK-UHFFFAOYSA-N,0.3261082086835,"measured (DoOR consensus, normalised 0-1)"
ORN_DM2,Or22a,PHTQWCKDNZKARW-UHFFFAOYSA-N,0.29961032285316,"measured (DoOR consensus, normalised 0-1)"
ORN_DM2,Or22a,ASUAYTHWZCLXAN-UHFFFAOYSA-N,0.29964848425757,"measured (DoOR consensus, normalised 0-1)"
ORN_DM2,Or22a,VHVMXWZXFBOANQ-UHFFFAOYSA-N,0.202229336481477,"measured (DoOR consensus, normalised 0-1)"
ORN_DM2,Or22a,VSMOENVRRABVKN-UHFFFAOYSA-N,0.370697439035169,"measured (DoOR consensus, normalised 0-1)"
ORN_DM2,Or22a,ZCHHRLHTBGRGOT-SNAWJCMRSA-N,0.242720441278405,"measured (DoOR consensus, normalised 0-1)"
ORN_DM2,Or22a,ZCHHRLHTBGRGOT-PLNGDYQASA-N,0.286655859402327,"measured (DoOR consensus, normalised 0-1)"
ORN_DM2,Or22a,UFLHIIWVXFIJGU-ONEGZZNKSA-N,0.257399849389423,"measured (DoOR consensus, normalised 0-1)"
ORN_DM2,Or22a,UFLHIIWVXFIJGU-ARJAWSKDSA-N,0.139427243334243,"measured (DoOR consensus, normalised 0-1)"
ORN_DM2,Or22a,PEDCQBHIVMGVHV-UHFFFAOYSA-N,0.0618092303544095,"measured (DoOR consensus, normalised 0-1)"
ORN_DM2,Or22a,OWBTYPJTUOEWEK-UHFFFAOYSA-N,0.170062100729319,"measured (DoOR consensus, normalised 0-1)"
ORN_DM2,Or22a,HPXRVTGHNJAIIH-UHFFFAOYSA-N,0.265338837087515,"measured (DoOR consensus, normalised 0-1)"
ORN_DM2,Or22a,MWKFXSUHUHTGQN-UHFFFAOYSA-N,0.0812959144179194,"measured (DoOR consensus, normalised 0-1)"
ORN_DM2,Or22a,MQWCXKGKQLNYQG-UHFFFAOYSA-N,0.33825534686507,"measured (DoOR consensus, normalised 0-1)"
ORN_DM2,Or22a,BBMCTIGTTCKYKF-UHFFFAOYSA-N,0.0,"measured (DoOR consensus, normalised 0-1)"
ORN_DM2,Or22a,NMRPBPVERJPACX-UHFFFAOYSA-N,0.421824458898445,"measured (DoOR consensus, normalised 0-1)"
ORN_DM2,Or22a,KXKVLQRXCPHEJC-UHFFFAOYSA-N,0.185617314052704,"measured (DoOR consensus, normalised 0-1)"
ORN_DM2,Or22a,XEKOWRVHYACXOJ-UHFFFAOYSA-N,0.265744759561735,"measured (DoOR consensus, normalised 0-1)"
ORN_DM2,Or22a,YKYONYBAUNKHLG-UHFFFAOYSA-N,0.529528479351122,"measured (DoOR consensus, normalised 0-1)"
ORN_DM2,Or22a,DKPFZGUDAPQIHT-UHFFFAOYSA-N,0.474238678603638,"measured (DoOR consensus, normalised 0-1)"
ORN_DM2,Or22a,PGMYKACGEOXYJE-UHFFFAOYSA-N,0.541447210012595,"measured (DoOR consensus, normalised 0-1)"
ORN_DM2,Or22a,AOGQPLXWSUTHQB-UHFFFAOYSA-N,0.38727443283682,"measured (DoOR consensus, normalised 0-1)"
ORN_DM2,Or22a,GJRQTCIYDGXPES-UHFFFAOYSA-N,0.631102856017083,"measured (DoOR consensus, normalised 0-1)"
ORN_DM2,Or22a,MLFHJEHSLIIPHL-UHFFFAOYSA-N,0.563130817663099,"measured (DoOR consensus, normalised 0-1)"
ORN_DM2,Or22a,HRHOWZHRCRZVCU-WAYWQWQTSA-N,0.511652358738101,"measured (DoOR consensus, normalised 0-1)"
ORN_DM2,Or22a,UUIQMZJEGPQKFD-UHFFFAOYSA-N,0.583079879951455,"measured (DoOR consensus, normalised 0-1)"
ORN_DM2,Or22a,OBNCKNCVKJNDBV-UHFFFAOYSA-N,0.486338364969632,"measured (DoOR consensus, normalised 0-1)"
ORN_DM2,Or22a,XAPCMTMQBXLDBB-UHFFFAOYSA-N,0.176722241319365,"measured (DoOR consensus, normalised 0-1)"
ORN_DM2,Or22a,OMSUIQOIVADKIM-UHFFFAOYSA-N,0.41158464661751,"measured (DoOR consensus, normalised 0-1)"
ORN_DM2,Or22a,FKRCODPIKNYEAC-UHFFFAOYSA-N,0.498307140659574,"measured (DoOR consensus, normalised 0-1)"
ORN_DM2,Or22a,WBJINCZRORDGAQ-UHFFFAOYSA-N,0.0898951702322031,"measured (DoOR consensus, normalised 0-1)"
ORN_DM2,Or22a,NUKZAGXMHTUAFE-UHFFFAOYSA-N,0.681884043300335,"measured (DoOR consensus, normalised 0-1)"
ORN_DM2,Or22a,SHZIWNPUGXLXDT-UHFFFAOYSA-N,0.866421897240016,"measured (DoOR consensus, normalised 0-1)"
ORN_DM2,Or22a,NCDCLPBOMHPFCV-UHFFFAOYSA-N,0.138269064656574,"measured (DoOR consensus, normalised 0-1)"
ORN_DM2,Or22a,JGHZJRVDZXSNKQ-UHFFFAOYSA-N,0.609415060374542,"measured (DoOR consensus, normalised 0-1)"
ORN_DM2,Or22a,YYZUSRORWSJGET-UHFFFAOYSA-N,0.28637935010306,"measured (DoOR consensus, normalised 0-1)"
ORN_DM2,Or22a,RGXWDWUGBIJHDO-UHFFFAOYSA-N,0.0683707747050452,"measured (DoOR consensus, normalised 0-1)"
ORN_DM2,Or22a,ZFDIRQKJPRINOQ-HWKANZROSA-N,0.56644705461354,"measured (DoOR consensus, normalised 0-1)"
ORN_DM2,Or22a,LZCLXQDLBQLTDK-UHFFFAOYSA-N,0.230177140634608,"measured (DoOR consensus, normalised 0-1)"
ORN_DM2,Or22a,DKMROQRQHGEIOW-UHFFFAOYSA-N,0.55046632362582,"measured (DoOR consensus, normalised 0-1)"
ORN_DM2,Or22a,YLYBTZIQSIBWLI-UHFFFAOYSA-N,0.165534418838757,"measured (DoOR consensus, normalised 0-1)"
ORN_DM2,Or22a,NUPSHWCALHZGOV-UHFFFAOYSA-N,0.14492837773907,"measured (DoOR consensus, normalised 0-1)"
ORN_DM2,Or22a,RJUFJBKOKNCXHH-UHFFFAOYSA-N,0.390087413763204,"measured (DoOR consensus, normalised 0-1)"
ORN_DM2,Or22a,SIKJAQJRHWYJAI-UHFFFAOYSA-N,0.144848952632504,"measured (DoOR consensus, normalised 0-1)"
ORN_DM2,Or22a,BTKXLQSCEOHKTF-SREVYHEPSA-N,0.118520898131438,"measured (DoOR consensus, normalised 0-1)"
ORN_DM2,Or22a,XHIUFYZDQBSEMF-UHFFFAOYSA-N,0.636050092994135,"measured (DoOR consensus, normalised 0-1)"
ORN_DM2,Or22a,GQKZRWSUJHVIPE-UHFFFAOYSA-N,0.520186656939427,"measured (DoOR consensus, normalised 0-1)"
ORN_DM2,Or22a,OMSUIQOIVADKIM-RXMQYKEDSA-N,0.420325389935611,"measured (DoOR consensus, normalised 0-1)"
ORN_DM2,Or22a,OMSUIQOIVADKIM-YFKPBYRVSA-N,0.378237976270269,"measured (DoOR consensus, normalised 0-1)"
ORN_DM2,Or22a,HCRBXQFHJMCTLF-UHFFFAOYSA-N,0.621321436694616,"measured (DoOR consensus, normalised 0-1)"
ORN_DM2,Or22a,XUPYJHCZDLZNFP-UHFFFAOYSA-N,0.461478447799329,"measured (DoOR consensus, normalised 0-1)"
ORN_DM2,Or22a,ICMAFTSLXCXHRK-UHFFFAOYSA-N,0.583065904342138,"measured (DoOR consensus, normalised 0-1)"
ORN_DM2,Or22a,ACCRBMDJCPPJDX-UHFFFAOYSA-N,0.479011155239702,"measured (DoOR consensus, normalised 0-1)"
ORN_DM2,Or22a,LYRIITRHDCNUHV-UHFFFAOYSA-N,0.424530697563839,"measured (DoOR consensus, normalised 0-1)"
ORN_DM2,Or22a,BTMVHUNTONAYDX-UHFFFAOYSA-N,0.622229626937214,"measured (DoOR consensus, normalised 0-1)"
ORN_DM2,Or22a,IEMMBWWQXVXBEU-UHFFFAOYSA-N,0.270587743277896,"measured (DoOR consensus, normalised 0-1)"
ORN_DM2,Or22a,GSCLMSFRWBPUSK-UHFFFAOYSA-N,0.37309675978278,"measured (DoOR consensus, normalised 0-1)"
ORN_DM2,Or22a,GAEKPEKOJKCEMS-UHFFFAOYSA-N,0.392415810000577,"measured (DoOR consensus, normalised 0-1)"
ORN_DM2,Or22a,OALYTRUKMRCXNH-QMMMGPOBSA-N,0.0853461541437676,"measured (DoOR consensus, normalised 0-1)"
ORN_DM2,Or22a,solvent,0.0579337176270748,"measured (DoOR consensus, normalised 0-1)"
ORN_DM2,Or22a,IMNFDUFMRHMDMM-UHFFFAOYSA-N,0.104041653357935,"measured (DoOR consensus, normalised 0-1)"
ORN_DM2,Or22a,TVMXDCGIABBOFY-UHFFFAOYSA-N,0.103335195757217,"measured (DoOR consensus, normalised 0-1)"
ORN_DM2,Or22a,BKIMMITUMNQMOS-UHFFFAOYSA-N,0.103634950155823,"measured (DoOR consensus, normalised 0-1)"
ORN_DM2,Or22a,CURLTUGMZLYLDI-UHFFFAOYSA-N,0.0334447166378308,"measured (DoOR consensus, normalised 0-1)"
ORN_DM2,Or22a,UXFSPRAGHGMRSQ-UHFFFAOYSA-N,0.0021056220636277,"measured (DoOR consensus, normalised 0-1)"
ORN_DM2,Or22a,RWRDLPDLKQPQOW-UHFFFAOYSA-N,0.0031004064092188,"measured (DoOR consensus, normalised 0-1)"
ORN_DM2,Or22a,QSZKEDWVAOAFQY-HJWRWDBZSA-N,0.129863402971166,"measured (DoOR consensus, normalised 0-1)"
ORN_DM2,Or22a,HQABUPZFAYXKJW-UHFFFAOYSA-N,0.073143257519883,"measured (DoOR consensus, normalised 0-1)"
ORN_DM2,Or22a,QCCDLTOVEPVEJK-UHFFFAOYSA-N,0.0010200903277216,"measured (DoOR consensus, normalised 0-1)"
ORN_DM2,Or22a,FWZUNOYOVVKUNF-UHFFFAOYSA-N,0.426250991764268,"measured (DoOR consensus, normalised 0-1)"
ORN_DM2,Or22a,QNVRIHYSUZMSGM-ZCFIWIBFSA-N,0.182288885249927,"measured (DoOR consensus, normalised 0-1)"
ORN_DM2,Or22a,MEIRRNXMZYDVDW-MQQKCMAXSA-N,0.140752985712793,"measured (DoOR consensus, normalised 0-1)"
ORN_DM2,Or22a,YSNWHRKJEKWJNY-UHFFFAOYSA-N,0.537852030366618,"measured (DoOR consensus, normalised 0-1)"
ORN_DM2,Or22a,CETWDUZRCINIHU-ZETCQYMHSA-N,0.377826842572604,"measured (DoOR consensus, normalised 0-1)"
ORN_DM2,Or22a,GMEONFUTDYJSNV-UHFFFAOYSA-N,0.537852030366618,"measured (DoOR consensus, normalised 0-1)"
ORN_DM2,Or22a,JIGUQPWFLRLWPJ-UHFFFAOYSA-N,0.278261307241438,"measured (DoOR consensus, normalised 0-1)"
ORN_DM2,Or22a,BHIWKHZACMWKOJ-UHFFFAOYSA-N,0.472653084281541,"measured (DoOR consensus, normalised 0-1)"
ORN_DM2,Or22a,WYACBZDAHNBPPB-UHFFFAOYSA-N,0.472653084281541,"measured (DoOR consensus, normalised 0-1)"
ORN_DM2,Or22a,ZKQDCIXGCQPQNV-UHFFFAOYSA-N,0.0010344377427849,"measured (DoOR consensus, normalised 0-1)"
ORN_DM2,Or22a,CRVGTESFCCXCTH-UHFFFAOYSA-N,0.0010487851578482,"measured (DoOR consensus, normalised 0-1)"
ORN_DM2,Or22a,AKNUHUCEWALCOI-UHFFFAOYSA-O,0.0010774799879749,"measured (DoOR consensus, normalised 0-1)"
ORN_DM2,Or22a,OSPSWZSRKYCQPF-UHFFFAOYSA-N,0.360046897838474,"measured (DoOR consensus, normalised 0-1)"
ORN_DM2,Or22a,BDZBKCUKTQZUTL-UHFFFAOYSA-N,0.0013805832123139,"measured (DoOR consensus, normalised 0-1)"
ORN_DM2,Or22a,DWCLXOREGBLXTD-UHFFFAOYSA-N,0.00112526020295,"measured (DoOR consensus, normalised 0-1)"
ORN_DM2,Or22a,YIWUKEYIRIRTPP-UHFFFAOYSA-N,0.001290351570694,"measured (DoOR consensus, normalised 0-1)"
ORN_DM2,Or22a,VKYKSIONXSXAKP-UHFFFAOYSA-N,0.00112526020295,"measured (DoOR consensus, normalised 0-1)"
ORN_DM2,Or22a,MHAJPDPJQMAIIY-UHFFFAOYSA-N,0.0015978490255133,"measured (DoOR consensus, normalised 0-1)"
ORN_DM2,Or22a,GRYLNZFGIOXLOG-UHFFFAOYSA-N,0.0015978490255133,"measured (DoOR consensus, normalised 0-1)"
ORN_DM2,Or22a,LYGJENNIWJXYER-UHFFFAOYSA-N,0.0008909635921517,"measured (DoOR consensus, normalised 0-1)"
ORN_DM2,Or22a,WFDIJRYMOXRFFG-UHFFFAOYSA-N,0.0012058053895641,"measured (DoOR consensus, normalised 0-1)"
ORN_DM2,Or22a,ZHNUHDYFZUAESO-UHFFFAOYSA-N,0.0011642291877734,"measured (DoOR consensus, normalised 0-1)"
ORN_DM2,Or22a,WGSVFWFSJDAYBM-BQYQJAHWSA-N,0.0010487851578482,"measured (DoOR consensus, normalised 0-1)"
ORN_DM2,Or22a,ZMQAAUBTXCXRIC-UHFFFAOYSA-N,0.0009627006674683,"measured (DoOR consensus, normalised 0-1)"
ORN_DM2,Or22a,FHIVAFMUCKRCQO-UHFFFAOYSA-N,0.0012691455399293,"measured (DoOR consensus, normalised 0-1)"
ORN_DM2,Or22a,RDYMFSUJUZBWLH-UHFFFAOYSA-N,0.0013331583132577,"measured (DoOR consensus, normalised 0-1)"
ORN_DM2,Or22a,YLMGFJXSLBMXHK-UHFFFAOYSA-M,0.0016468355177206,"measured (DoOR consensus, normalised 0-1)"
ORN_DM2,Or22a,BAZAXWOYCMUHIX-UHFFFAOYSA-M,0.0013331583132577,"measured (DoOR consensus, normalised 0-1)"
ORN_DM2,Or22a,RWSOTUBLDIXVET-UHFFFAOYSA-N,0.0013116735770825,"measured (DoOR consensus, normalised 0-1)"
ORN_DM2,Or22a,XTFIVUDBNACUBN-UHFFFAOYSA-N,0.0010631325729116,"measured (DoOR consensus, normalised 0-1)"
ORN_DM2,Or22a,HMWPNDNFTFSCEB-UHFFFAOYSA-N,0.0010918274030382,"measured (DoOR consensus, normalised 0-1)"
ORN_DM2,Or22a,SNIOPGDIGTZGOP-UHFFFAOYSA-N,0.0012058053895641,"measured (DoOR consensus, normalised 0-1)"
ORN_DM2,Or22a,TZRXHJWUDPFEEY-UHFFFAOYSA-N,0.00112526020295,"measured (DoOR consensus, normalised 0-1)"
ORN_DM2,Or22a,ZTLXICJMNFREPA-UHFFFAOYSA-N,0.0011061748181015,"measured (DoOR consensus, normalised 0-1)"
ORN_DM2,Or22a,SPSSULHKWOKEEL-UHFFFAOYSA-N,0.0011642291877734,"measured (DoOR consensus, normalised 0-1)"
ORN_DM2,Or22b,HIGQPQRQIQDZMP-DHZHZOJOSA-N,0.0,"measured (DoOR consensus, normalised 0-1)"
ORN_DM2,Or22b,MBDOYVRWFFCFHM-SNAWJCMRSA-N,0.0289855072463768,"measured (DoOR consensus, normalised 0-1)"
ORN_DM2,Or22b,CATSNJVOTSVZJV-UHFFFAOYSA-N,0.0833333333333333,"measured (DoOR consensus, normalised 0-1)"
ORN_DM2,Or22b,OSWPMRLSEDHDFF-UHFFFAOYSA-N,0.0289855072463768,"measured (DoOR consensus, normalised 0-1)"
ORN_DM2,Or22b,ZSIAUFGUXNUGDI-UHFFFAOYSA-N,0.0615942028985507,"measured (DoOR consensus, normalised 0-1)"
ORN_DM2,Or22b,VSMOENVRRABVKN-UHFFFAOYSA-N,0.0615942028985507,"measured (DoOR consensus, normalised 0-1)"
ORN_DM2,Or22b,XEKOWRVHYACXOJ-UHFFFAOYSA-N,0.0108695652173913,"measured (DoOR consensus, normalised 0-1)"
ORN_DM2,Or22b,PGMYKACGEOXYJE-UHFFFAOYSA-N,0.072463768115942,"measured (DoOR consensus, normalised 0-1)"
ORN_DM2,Or22b,OBNCKNCVKJNDBV-UHFFFAOYSA-N,0.0036231884057971,"measured (DoOR consensus, normalised 0-1)"
ORN_DM2,Or22b,solvent,0.0,"measured (DoOR consensus, normalised 0-1)"
ORN_DM2,Or22b,CURLTUGMZLYLDI-UHFFFAOYSA-N,0.0,"measured (DoOR consensus, normalised 0-1)"
ORN_DA2,ab4B,KIDHWZJUCRJVML-UHFFFAOYSA-N,0.306816144197326,"measured (DoOR consensus, normalised 0-1)"
ORN_DA2,ab4B,VHRGRCVQAFMJIZ-UHFFFAOYSA-N,0.0250908265549268,"measured (DoOR consensus, normalised 0-1)"
ORN_DA2,ab4B,QGZKDVFQNNGYKY-UHFFFAOYSA-N,0.305931663917148,"measured (DoOR consensus, normalised 0-1)"
ORN_DA2,ab4B,QTBSBXVTEAMEQO-UHFFFAOYSA-N,0.0067541060460419,"measured (DoOR consensus, normalised 0-1)"
ORN_DA2,ab4B,XBDQKXXYIPTUBI-UHFFFAOYSA-N,0.0219728215009835,"measured (DoOR consensus, normalised 0-1)"
ORN_DA2,ab4B,FERIUCNNQQJTOY-UHFFFAOYSA-N,0.0258792719232334,"measured (DoOR consensus, normalised 0-1)"
ORN_DA2,ab4B,NQPDZGIKBAWPEJ-UHFFFAOYSA-N,0.014911411046273,"measured (DoOR consensus, normalised 0-1)"
ORN_DA2,ab4B,FUZZWVXGSFPDMH-UHFFFAOYSA-N,0.0255531555843904,"measured (DoOR consensus, normalised 0-1)"
ORN_DA2,ab4B,MNWFXJYAOYHMED-UHFFFAOYSA-N,0.022503472425704,"measured (DoOR consensus, normalised 0-1)"
ORN_DA2,ab4B,WWZKQHOCKIZLMA-UHFFFAOYSA-N,0.0262546681072733,"measured (DoOR consensus, normalised 0-1)"
ORN_DA2,ab4B,FBUKVWPVBMHYJY-UHFFFAOYSA-N,0.0265386231588662,"measured (DoOR consensus, normalised 0-1)"
ORN_DA2,ab4B,KQNPFQTWMSNSAP-UHFFFAOYSA-N,0.0045694691672054,"measured (DoOR consensus, normalised 0-1)"
ORN_DA2,ab4B,XMGQYMWWDOXHJM-UHFFFAOYSA-N,0.306816144197326,"measured (DoOR consensus, normalised 0-1)"
ORN_DA2,ab4B,NPNUFJAVOOONJE-GFUGXAQUSA-N,0.333370524320441,"measured (DoOR consensus, normalised 0-1)"
ORN_DA2,ab4B,HIGQPQRQIQDZMP-DHZHZOJOSA-N,0.0378050238395662,"measured (DoOR consensus, normalised 0-1)"
ORN_DA2,ab4B,WUOACPNHFRMFPN-SECBINFHSA-N,0.32700432984797,"measured (DoOR consensus, normalised 0-1)"
ORN_DA2,ab4B,GLZPCOQZEFWAFX-JXMROGBWSA-N,0.0209641371460162,"measured (DoOR consensus, normalised 0-1)"
ORN_DA2,ab4B,CDOSHBSSFJOMGT-UHFFFAOYSA-N,0.303951149322092,"measured (DoOR consensus, normalised 0-1)"
ORN_DA2,ab4B,QMVPMAAFGQKVCJ-SNVBAGLBSA-N,0.0256419229959413,"measured (DoOR consensus, normalised 0-1)"
ORN_DA2,ab4B,ULDHMXUKGWMISQ-SECBINFHSA-N,0.0243566527624156,"measured (DoOR consensus, normalised 0-1)"
ORN_DA2,ab4B,ULDHMXUKGWMISQ-VIFPVBQESA-N,0.02649378815072,"measured (DoOR consensus, normalised 0-1)"
ORN_DA2,ab4B,WEEGYLXZBRQIMU-WAAGHKOSSA-N,0.356533062070911,"measured (DoOR consensus, normalised 0-1)"
ORN_DA2,ab4B,WTEVQBCEXWBHNA-JXMROGBWSA-N,0.304642571276427,"measured (DoOR consensus, normalised 0-1)"
ORN_DA2,ab4B,NEHNMFOYXAPHSD-JTQLQIEISA-N,0.33481192684251,"measured (DoOR consensus, normalised 0-1)"
ORN_DA2,ab4B,LHXDLQBQYFFVNW-OIBJUYFYSA-N,0.366482743369081,"measured (DoOR consensus, normalised 0-1)"
ORN_DA2,ab4B,XMGQYMWWDOXHJM-JTQLQIEISA-N,0.0260155480638267,"measured (DoOR consensus, normalised 0-1)"
ORN_DA2,ab4B,KMRMUZKLFIEVAO-UHFFFAOYSA-N,0.0252384079226251,"measured (DoOR consensus, normalised 0-1)"
ORN_DA2,ab4B,GRWFGVWFFZKLTI-RKDXNWHRSA-N,0.0212182021921783,"measured (DoOR consensus, normalised 0-1)"
ORN_DA2,ab4B,NZGWDASTMWDZIW-MRVPVSSYSA-N,0.317795369290307,"measured (DoOR consensus, normalised 0-1)"
ORN_DA2,ab4B,USMNOWBWPHYOEA-MRTMQBJTSA-N,0.0165852513503995,"measured (DoOR consensus, normalised 0-1)"
ORN_DA2,ab4B,RGZSQWQPBWRIAQ-CABCVRRESA-N,0.0266133481724433,"measured (DoOR consensus, normalised 0-1)"
ORN_DA2,ab4B,CRDAMVZIKSXKFV-YFVJMOTDSA-N,0.305103019304311,"measured (DoOR consensus, normalised 0-1)"
ORN_DA2,ab4B,UZFLPKAIBPNNCA-BQYQJAHWSA-N,0.365001301888066,"measured (DoOR consensus, normalised 0-1)"
ORN_DA2,ab4B,PSQYTAPXSHCGMF-BQYQJAHWSA-N,0.320197706827088,"measured (DoOR consensus, normalised 0-1)"
ORN_DA2,ab4B,IKHGUXGNUITLKF-UHFFFAOYSA-N,0.0257511114642669,"measured (DoOR consensus, normalised 0-1)"
ORN_DA2,ab4B,NBBJYMSMWIIQGU-UHFFFAOYSA-N,0.318516070551341,"measured (DoOR consensus, normalised 0-1)"
ORN_DA2,ab4B,ZTQSAGDEMFDKMZ-UHFFFAOYSA-N,0.309951637396986,"measured (DoOR consensus, normalised 0-1)"
ORN_DA2,ab4B,HGBOYTHUEUWSSQ-UHFFFAOYSA-N,0.308698402847169,"measured (DoOR consensus, normalised 0-1)"
ORN_DA2,ab4B,JARKCYVAAOWBJS-UHFFFAOYSA-N,0.305143058263257,"measured (DoOR consensus, normalised 0-1)"
ORN_DA2,ab4B,MBDOYVRWFFCFHM-SNAWJCMRSA-N,0.302999522725272,"measured (DoOR consensus, normalised 0-1)"
ORN_DA2,ab4B,HYBBIBNJHNGZAN-UHFFFAOYSA-N,0.324121524803832,"measured (DoOR consensus, normalised 0-1)"
ORN_DA2,ab4B,NUJGJRNETVAIRJ-UHFFFAOYSA-N,0.0223839124039807,"measured (DoOR consensus, normalised 0-1)"
ORN_DA2,ab4B,KSMVZQYAVGTKIV-UHFFFAOYSA-N,0.0267329081941666,"measured (DoOR consensus, normalised 0-1)"
ORN_DA2,ab4B,FXHGMKSSBGDXIY-UHFFFAOYSA-N,0.124322662337516,"measured (DoOR consensus, normalised 0-1)"
ORN_DA2,ab4B,GYHFUZHODSMOHU-UHFFFAOYSA-N,0.0239830276945302,"measured (DoOR consensus, normalised 0-1)"
ORN_DA2,ab4B,CSCPPACGZOOCGX-UHFFFAOYSA-N,0.318355914715556,"measured (DoOR consensus, normalised 0-1)"
ORN_DA2,ab4B,ZWEHNKRNPOVVGH-UHFFFAOYSA-N,0.0170964862882988,"measured (DoOR consensus, normalised 0-1)"
ORN_DA2,ab4B,CATSNJVOTSVZJV-UHFFFAOYSA-N,0.0377998517077627,"measured (DoOR consensus, normalised 0-1)"
ORN_DA2,ab4B,UHEPJGULSIKKTP-UHFFFAOYSA-N,0.0125454132774634,"measured (DoOR consensus, normalised 0-1)"
ORN_DA2,ab4B,QSJXEFYPDANLFS-UHFFFAOYSA-N,0.051277746148527,"measured (DoOR consensus, normalised 0-1)"
ORN_DA2,ab4B,ROWKJAVDOGWPAT-UHFFFAOYSA-N,0.305931663917148,"measured (DoOR consensus, normalised 0-1)"
ORN_DA2,ab4B,LABTWGUMFABVFG-ARJAWSKDSA-N,0.326884212971131,"measured (DoOR consensus, normalised 0-1)"
ORN_DA2,ab4B,QQZOPKMRPOGIEB-UHFFFAOYSA-N,0.307505356841092,"measured (DoOR consensus, normalised 0-1)"
ORN_DA2,ab4B,PFCHFHIRKBAQGU-UHFFFAOYSA-N,0.315773401863516,"measured (DoOR consensus, normalised 0-1)"
ORN_DA2,ab4B,JHIVVAPYMSGYDF-UHFFFAOYSA-N,0.0188718367658581,"measured (DoOR consensus, normalised 0-1)"
ORN_DA2,ab4B,ZPVFWPFBNIEHGJ-UHFFFAOYSA-N,0.305863759524291,"measured (DoOR consensus, normalised 0-1)"
ORN_DA2,ab4B,VKCYHJWLYTUGCC-UHFFFAOYSA-N,0.0113129656734162,"measured (DoOR consensus, normalised 0-1)"
ORN_DA2,ab4B,WRMNZCZEMHIOCP-UHFFFAOYSA-N,0.304028183376342,"measured (DoOR consensus, normalised 0-1)"
ORN_DA2,ab4B,WVDDGKGOMKODPV-UHFFFAOYSA-N,0.30435341379393,"measured (DoOR consensus, normalised 0-1)"
ORN_DA2,ab4B,OSWPMRLSEDHDFF-UHFFFAOYSA-N,0.0865125670563405,"measured (DoOR consensus, normalised 0-1)"
ORN_DA2,ab4B,QPJVMBTYPHYUOC-UHFFFAOYSA-N,0.306816144197326,"measured (DoOR consensus, normalised 0-1)"
ORN_DA2,ab4B,MTZQAGJQAFMTAQ-UHFFFAOYSA-N,0.305481611880747,"measured (DoOR consensus, normalised 0-1)"
ORN_DA2,ab4B,HUMNYLRZRPPJDN-UHFFFAOYSA-N,0.022954867015244,"measured (DoOR consensus, normalised 0-1)"
ORN_DA2,ab4B,DTUQWGWMVIHBKE-UHFFFAOYSA-N,0.304122064810125,"measured (DoOR consensus, normalised 0-1)"
ORN_DA2,ab4B,KWOLFJPFCHCOCG-UHFFFAOYSA-N,0.0211291170988857,"measured (DoOR consensus, normalised 0-1)"
ORN_DA2,ab4B,QWVGKYWNOKOFNN-UHFFFAOYSA-N,0.303278223076615,"measured (DoOR consensus, normalised 0-1)"
ORN_DA2,ab4B,CHWNEIVBYREQRF-UHFFFAOYSA-N,0.0264113963736071,"measured (DoOR consensus, normalised 0-1)"
ORN_DA2,ab4B,RRAFCDWBNXTKKO-UHFFFAOYSA-N,0.0150555780357889,"measured (DoOR consensus, normalised 0-1)"
ORN_DA2,ab4B,LHGVFZTZFXWLCP-UHFFFAOYSA-N,0.0072631340027419,"measured (DoOR consensus, normalised 0-1)"
ORN_DA2,ab4B,RUVINXPYWBROJD-ONEGZZNKSA-N,0.0260603830719729,"measured (DoOR consensus, normalised 0-1)"
ORN_DA2,ab4B,ZRSNZINYAWTAHE-UHFFFAOYSA-N,0.0267926882050283,"measured (DoOR consensus, normalised 0-1)"
ORN_DA2,ab4B,WTWBUQJHJGUZCY-UHFFFAOYSA-N,0.0199329319586526,"measured (DoOR consensus, normalised 0-1)"
ORN_DA2,ab4B,RDOXTESZEPMUJZ-UHFFFAOYSA-N,0.0211135871731704,"measured (DoOR consensus, normalised 0-1)"
ORN_DA2,ab4B,ZYEMGPIYFIJGTP-UHFFFAOYSA-N,0.0268225782104591,"measured (DoOR consensus, normalised 0-1)"
ORN_DA2,ab4B,BJIOGJUNALELMI-ONEGZZNKSA-N,0.0237439076510835,"measured (DoOR consensus, normalised 0-1)"
ORN_DA2,ab4B,IWDCLRJOBJJRNH-UHFFFAOYSA-N,0.0141824135469022,"measured (DoOR consensus, normalised 0-1)"
ORN_DA2,ab4B,HXDOZKJGKXYMEW-UHFFFAOYSA-N,0.303278223076615,"measured (DoOR consensus, normalised 0-1)"
ORN_DA2,ab4B,LCHYEKKJCUJAKN-UHFFFAOYSA-N,0.0153597611277354,"measured (DoOR consensus, normalised 0-1)"
ORN_DA2,ab4B,JFDZBHWFFUWGJE-UHFFFAOYSA-N,0.0214722672383404,"measured (DoOR consensus, normalised 0-1)"
ORN_DA2,ab4B,GEWDNTWNSAZUDX-SNAWJCMRSA-N,0.304502434920115,"measured (DoOR consensus, normalised 0-1)"
ORN_DA2,ab4B,IXQGCWUGDFDQMF-UHFFFAOYSA-N,0.0185131567006881,"measured (DoOR consensus, normalised 0-1)"
ORN_DA2,ab4B,ZSIAUFGUXNUGDI-UHFFFAOYSA-N,0.0432142402610165,"measured (DoOR consensus, normalised 0-1)"
ORN_DA2,ab4B,JYVLIDXNZAXMDK-UHFFFAOYSA-N,0.309469585037859,"measured (DoOR consensus, normalised 0-1)"
ORN_DA2,ab4B,PHTQWCKDNZKARW-UHFFFAOYSA-N,0.0218377107403461,"measured (DoOR consensus, normalised 0-1)"
ORN_DA2,ab4B,VHVMXWZXFBOANQ-UHFFFAOYSA-N,0.312123025878392,"measured (DoOR consensus, normalised 0-1)"
ORN_DA2,ab4B,VSMOENVRRABVKN-UHFFFAOYSA-N,0.026973180998853,"measured (DoOR consensus, normalised 0-1)"
ORN_DA2,ab4B,UFLHIIWVXFIJGU-ONEGZZNKSA-N,0.308585104757681,"measured (DoOR consensus, normalised 0-1)"
ORN_DA2,ab4B,UFLHIIWVXFIJGU-ARJAWSKDSA-N,0.315521507423466,"measured (DoOR consensus, normalised 0-1)"
ORN_DA2,ab4B,OWBTYPJTUOEWEK-UHFFFAOYSA-N,0.305151950268904,"measured (DoOR consensus, normalised 0-1)"
ORN_DA2,ab4B,MWKFXSUHUHTGQN-UHFFFAOYSA-N,0.024625662811293,"measured (DoOR consensus, normalised 0-1)"
ORN_DA2,ab4B,MQWCXKGKQLNYQG-UHFFFAOYSA-N,0.339176173367663,"measured (DoOR consensus, normalised 0-1)"
ORN_DA2,ab4B,NMRPBPVERJPACX-UHFFFAOYSA-N,0.305927684033243,"measured (DoOR consensus, normalised 0-1)"
ORN_DA2,ab4B,WOFPPJOZXUTRAU-UHFFFAOYSA-N,0.316514122604023,"measured (DoOR consensus, normalised 0-1)"
ORN_DA2,ab4B,CETWDUZRCINIHU-UHFFFAOYSA-N,0.337995024078746,"measured (DoOR consensus, normalised 0-1)"
ORN_DA2,ab4B,QNVRIHYSUZMSGM-UHFFFAOYSA-N,0.34746423786956,"measured (DoOR consensus, normalised 0-1)"
ORN_DA2,ab4B,BVOSSZSHBZQJOI-UHFFFAOYSA-N,0.33002727124842,"measured (DoOR consensus, normalised 0-1)"
ORN_DA2,ab4B,ZXEKIIBDNHEJCQ-UHFFFAOYSA-N,0.0138659830961437,"measured (DoOR consensus, normalised 0-1)"
ORN_DA2,ab4B,XEKOWRVHYACXOJ-UHFFFAOYSA-N,0.075692408732472,"measured (DoOR consensus, normalised 0-1)"
ORN_DA2,ab4B,YKYONYBAUNKHLG-UHFFFAOYSA-N,0.0217894020082259,"measured (DoOR consensus, normalised 0-1)"
ORN_DA2,ab4B,DKPFZGUDAPQIHT-UHFFFAOYSA-N,0.0239381926863839,"measured (DoOR consensus, normalised 0-1)"
ORN_DA2,ab4B,PGMYKACGEOXYJE-UHFFFAOYSA-N,0.305931663917148,"measured (DoOR consensus, normalised 0-1)"
ORN_DA2,ab4B,AOGQPLXWSUTHQB-UHFFFAOYSA-N,0.0254772830841759,"measured (DoOR consensus, normalised 0-1)"
ORN_DA2,ab4B,GJRQTCIYDGXPES-UHFFFAOYSA-N,0.0264113963736071,"measured (DoOR consensus, normalised 0-1)"
ORN_DA2,ab4B,MLFHJEHSLIIPHL-UHFFFAOYSA-N,0.30504718363697,"measured (DoOR consensus, normalised 0-1)"
ORN_DA2,ab4B,HRHOWZHRCRZVCU-WAYWQWQTSA-N,0.30868650613001,"measured (DoOR consensus, normalised 0-1)"
ORN_DA2,ab4B,UUIQMZJEGPQKFD-UHFFFAOYSA-N,0.303278223076615,"measured (DoOR consensus, normalised 0-1)"
ORN_DA2,ab4B,OBNCKNCVKJNDBV-UHFFFAOYSA-N,0.189345589776064,"measured (DoOR consensus, normalised 0-1)"
ORN_DA2,ab4B,XAPCMTMQBXLDBB-UHFFFAOYSA-N,0.307142661768344,"measured (DoOR consensus, normalised 0-1)"
ORN_DA2,ab4B,OMSUIQOIVADKIM-UHFFFAOYSA-N,0.311238545598214,"measured (DoOR consensus, normalised 0-1)"
ORN_DA2,ab4B,FKRCODPIKNYEAC-UHFFFAOYSA-N,0.307700624477503,"measured (DoOR consensus, normalised 0-1)"
ORN_DA2,ab4B,NUKZAGXMHTUAFE-UHFFFAOYSA-N,0.306816144197326,"measured (DoOR consensus, normalised 0-1)"
ORN_DA2,ab4B,SHZIWNPUGXLXDT-UHFFFAOYSA-N,0.30504718363697,"measured (DoOR consensus, normalised 0-1)"
ORN_DA2,ab4B,NCDCLPBOMHPFCV-UHFFFAOYSA-N,0.310354065318036,"measured (DoOR consensus, normalised 0-1)"
ORN_DA2,ab4B,JGHZJRVDZXSNKQ-UHFFFAOYSA-N,0.308585104757681,"measured (DoOR consensus, normalised 0-1)"
ORN_DA2,ab4B,YYZUSRORWSJGET-UHFFFAOYSA-N,0.0244305416455866,"measured (DoOR consensus, normalised 0-1)"
ORN_DA2,ab4B,LZCLXQDLBQLTDK-UHFFFAOYSA-N,0.303278223076615,"measured (DoOR consensus, normalised 0-1)"
ORN_DA2,ab4B,DKMROQRQHGEIOW-UHFFFAOYSA-N,0.304162703356793,"measured (DoOR consensus, normalised 0-1)"
ORN_DA2,ab4B,YLYBTZIQSIBWLI-UHFFFAOYSA-N,0.303741694700134,"measured (DoOR consensus, normalised 0-1)"
ORN_DA2,ab4B,RPRPDTXKGSIXMD-UHFFFAOYSA-N,0.303278223076615,"measured (DoOR consensus, normalised 0-1)"
ORN_DA2,ab4B,XHIUFYZDQBSEMF-UHFFFAOYSA-N,0.0249693978737476,"measured (DoOR consensus, normalised 0-1)"
ORN_DA2,ab4B,OMSUIQOIVADKIM-RXMQYKEDSA-N,0.328966238836341,"measured (DoOR consensus, normalised 0-1)"
ORN_DA2,ab4B,OMSUIQOIVADKIM-YFKPBYRVSA-N,0.347644413184819,"measured (DoOR consensus, normalised 0-1)"
ORN_DA2,ab4B,HCRBXQFHJMCTLF-UHFFFAOYSA-N,0.33046769979683,"measured (DoOR consensus, normalised 0-1)"
ORN_DA2,ab4B,XUPYJHCZDLZNFP-UHFFFAOYSA-N,0.0191482623708652,"measured (DoOR consensus, normalised 0-1)"
ORN_DA2,ab4B,ICMAFTSLXCXHRK-UHFFFAOYSA-N,0.0594446943291082,"measured (DoOR consensus, normalised 0-1)"
ORN_DA2,ab4B,ACCRBMDJCPPJDX-UHFFFAOYSA-N,0.327564875273219,"measured (DoOR consensus, normalised 0-1)"
ORN_DA2,ab4B,LYRIITRHDCNUHV-UHFFFAOYSA-N,0.312109837119924,"measured (DoOR consensus, normalised 0-1)"
ORN_DA2,ab4B,HTUIWRWYYVBCFT-UHFFFAOYSA-N,0.022449686917566,"measured (DoOR consensus, normalised 0-1)"
ORN_DA2,ab4B,ZARFDQHJMNVNLE-WEVVVXLNSA-N,0.0255522529796488,"measured (DoOR consensus, normalised 0-1)"
ORN_DA2,ab4B,FFOPEPMHKILNIT-UHFFFAOYSA-N,0.306324207552174,"measured (DoOR consensus, normalised 0-1)"
ORN_DA2,ab4B,YYJWBYNQJLBIGS-PLNGDYQASA-N,0.0255522529796488,"measured (DoOR consensus, normalised 0-1)"
ORN_DA2,ab4B,OAPHLAAOJMTMLY-GQCTYLIASA-N,0.313941087071342,"measured (DoOR consensus, normalised 0-1)"
ORN_DA2,ab4B,VUPBIVVRPJDWNW-FNORWQNLSA-N,0.0103930778990758,"measured (DoOR consensus, normalised 0-1)"
ORN_DA2,ab4B,PPXUHEORWJQRHJ-UHFFFAOYSA-N,0.307165025690048,"measured (DoOR consensus, normalised 0-1)"
ORN_DA2,ab4B,ZCZSIDMEHXZRLG-UHFFFAOYSA-N,0.17629303065282,"measured (DoOR consensus, normalised 0-1)"
ORN_DA2,ab4B,NPFVOOAXDOBMCE-PLNGDYQASA-N,0.30604393483955,"measured (DoOR consensus, normalised 0-1)"
ORN_DA2,ab4B,OUGPMNMLWKSBRI-UHFFFAOYSA-N,0.0227575374718661,"measured (DoOR consensus, normalised 0-1)"
ORN_DA2,ab4B,IEMMBWWQXVXBEU-UHFFFAOYSA-N,0.306944811415843,"measured (DoOR consensus, normalised 0-1)"
ORN_DA2,ab4B,GSCLMSFRWBPUSK-UHFFFAOYSA-N,0.32260004436387,"measured (DoOR consensus, normalised 0-1)"
ORN_DA2,ab4B,GAEKPEKOJKCEMS-UHFFFAOYSA-N,0.313951629231456,"measured (DoOR consensus, normalised 0-1)"
ORN_DA2,ab4B,VLSVVMPLPMNWBH-UHFFFAOYSA-N,0.321919382061782,"measured (DoOR consensus, normalised 0-1)"
ORN_DA2,ab4B,solvent,0.034790537732371,"measured (DoOR consensus, normalised 0-1)"
ORN_DA2,ab4B,IMNFDUFMRHMDMM-UHFFFAOYSA-N,0.307024889333736,"measured (DoOR consensus, normalised 0-1)"
ORN_DA2,ab4B,TVMXDCGIABBOFY-UHFFFAOYSA-N,0.0261052180801192,"measured (DoOR consensus, normalised 0-1)"
ORN_DA2,ab4B,BKIMMITUMNQMOS-UHFFFAOYSA-N,0.0263891731317121,"measured (DoOR consensus, normalised 0-1)"
ORN_DA2,ab4B,CURLTUGMZLYLDI-UHFFFAOYSA-N,0.0571227137993529,"measured (DoOR consensus, normalised 0-1)"
ORN_DA2,ab4B,RWRDLPDLKQPQOW-UHFFFAOYSA-N,0.307700624477503,"measured (DoOR consensus, normalised 0-1)"
ORN_DA2,ab4B,JLPUXFOGCDVKGO-GRYCIOLGSA-N,0.637630436431944,"measured (DoOR consensus, normalised 0-1)"
ORN_DA2,ab4B,BHHGXPLMPWCGHP-UHFFFAOYSA-N,0.0264113963736071,"measured (DoOR consensus, normalised 0-1)"
ORN_DA2,ab4B,DKIDEFUBRARXTE-UHFFFAOYSA-N,0.319198868119813,"measured (DoOR consensus, normalised 0-1)"
ORN_DA2,ab4B,FEXQDZTYJVXMOS-UHFFFAOYSA-N,0.0191482623708652,"measured (DoOR consensus, normalised 0-1)"
ORN_DA2,ab4B,HPNMFZURTQLUMO-UHFFFAOYSA-N,0.308585104757681,"measured (DoOR consensus, normalised 0-1)"
ORN_DA2,ab4B,HVGZQCSMLUDISR-UHFFFAOYSA-N,0.003961709456041,"measured (DoOR consensus, normalised 0-1)"
ORN_DA2,ab4B,ISWSIDIOOBJBQZ-UHFFFAOYSA-N,0.0204688321895455,"measured (DoOR consensus, normalised 0-1)"
ORN_DA2,ab4B,JMMWKPVZQRWMSS-UHFFFAOYSA-N,0.304162703356793,"measured (DoOR consensus, normalised 0-1)"
ORN_DA2,ab4B,JUJWROOIHBZHMG-UHFFFAOYSA-N,0.303278223076615,"measured (DoOR consensus, normalised 0-1)"
ORN_DA2,ab4B,KDVFRMMRZOCFLS-UHFFFAOYSA-N,0.306816144197326,"measured (DoOR consensus, normalised 0-1)"
ORN_DA2,ab4B,KGEKLUUHTZCSIP-HOSYDEDBSA-N,0.312123025878392,"measured (DoOR consensus, normalised 0-1)"
ORN_DA2,ab4B,LFYXNXGVLGKVCJ-UHFFFAOYSA-N,0.30504718363697,"measured (DoOR consensus, normalised 0-1)"
ORN_DA2,ab4B,LGTLDEUQCOJGFP-WAYWQWQTSA-N,0.307700624477503,"measured (DoOR consensus, normalised 0-1)"
ORN_DA2,ab4B,LZWFXVJBIZIHCH-UHFFFAOYSA-N,0.309469585037859,"measured (DoOR consensus, normalised 0-1)"
ORN_DA2,ab4B,MLLAPOCBLWUFAP-UHFFFAOYSA-N,0.018487977461525,"measured (DoOR consensus, normalised 0-1)"
ORN_DA2,ab4B,MMOXZBCLCQITDF-UHFFFAOYSA-N,0.30504718363697,"measured (DoOR consensus, normalised 0-1)"
ORN_DA2,ab4B,NGDNVOAEIVQRFH-UHFFFAOYSA-N,0.0,"measured (DoOR consensus, normalised 0-1)"
ORN_DA2,ab4B,NPFVOOAXDOBMCE-SNAWJCMRSA-N,0.0244305416455866,"measured (DoOR consensus, normalised 0-1)"
ORN_DA2,ab4B,OCAIYHCKLADPEG-UHFFFAOYSA-N,0.011224843458783,"measured (DoOR consensus, normalised 0-1)"
ORN_DA2,ab4B,PCWGTDULNUVNBN-UHFFFAOYSA-N,0.310354065318036,"measured (DoOR consensus, normalised 0-1)"
ORN_DA2,ab4B,PQLMXFQTAMDXIZ-UHFFFAOYSA-N,0.0151865529148241,"measured (DoOR consensus, normalised 0-1)"
ORN_DA2,ab4B,PXIKRTCSSLJURC-UHFFFAOYSA-N,0.0085837038214223,"measured (DoOR consensus, normalised 0-1)"
ORN_DA2,ab4B,QUSNBJAOOMFDIB-UHFFFAOYSA-N,0.306816144197326,"measured (DoOR consensus, normalised 0-1)"
ORN_DA2,ab4B,RHLVCLIPMVJYKS-UHFFFAOYSA-N,0.0125454132774634,"measured (DoOR consensus, normalised 0-1)"
ORN_DA2,ab4B,RSDDTPVXLMVLQE-UHFFFAOYSA-N,0.304162703356793,"measured (DoOR consensus, normalised 0-1)"
ORN_DA2,ab4B,UDEWPOVQBGFNGE-UHFFFAOYSA-N,0.0198085472802053,"measured (DoOR consensus, normalised 0-1)"
ORN_DA2,ab4B,WLJVXDMOQOGPHL-UHFFFAOYSA-N,0.308585104757681,"measured (DoOR consensus, normalised 0-1)"
ORN_DA2,ab4B,XAOGXQMKWQFZEM-UHFFFAOYSA-N,0.0158468378241643,"measured (DoOR consensus, normalised 0-1)"
ORN_DA2,ab4B,XDEGQMQKHFPBEW-VMPITWQZSA-N,0.307700624477503,"measured (DoOR consensus, normalised 0-1)"
ORN_DA2,ab4B,XVSZRAWFCDHCBP-UHFFFAOYSA-N,0.0059425641840616,"measured (DoOR consensus, normalised 0-1)"
ORN_DA2,ab4B,XXIKYCPRDXIMQM-UHFFFAOYSA-N,0.241318918791235,"measured (DoOR consensus, normalised 0-1)"
ORN_DA2,ab4B,YOMSJEATGXXYPX-UHFFFAOYSA-N,0.0158468378241643,"measured (DoOR consensus, normalised 0-1)"
ORN_DA2,ab4B,ZKPTYCJWRHHBOW-UHFFFAOYSA-N,0.0257511114642669,"measured (DoOR consensus, normalised 0-1)"
ORN_DA2,ab4B,ZOIRKXLFEHOVER-UHFFFAOYSA-N,0.0006602849093401,"measured (DoOR consensus, normalised 0-1)"
ORN_DA2,Or33a,XLYOFNOQVPJJNP-UHFFFAOYSA-N,0.0170594837261504,"measured (DoOR consensus, normalised 0-1)"
ORN_DA2,Or33a,XBDQKXXYIPTUBI-UHFFFAOYSA-N,0.0341189674523008,"measured (DoOR consensus, normalised 0-1)"
ORN_DA2,Or33a,HIGQPQRQIQDZMP-DHZHZOJOSA-N,0.0085297418630752,"measured (DoOR consensus, normalised 0-1)"
ORN_DA2,Or33a,LHXDLQBQYFFVNW-OIBJUYFYSA-N,0.0255892255892256,"measured (DoOR consensus, normalised 0-1)"
ORN_DA2,Or33a,MBDOYVRWFFCFHM-SNAWJCMRSA-N,0.0383838383838384,"measured (DoOR consensus, normalised 0-1)"
ORN_DA2,Or33a,CATSNJVOTSVZJV-UHFFFAOYSA-N,0.063973063973064,"measured (DoOR consensus, normalised 0-1)"
ORN_DA2,Or33a,QSJXEFYPDANLFS-UHFFFAOYSA-N,0.021324354657688,"measured (DoOR consensus, normalised 0-1)"
ORN_DA2,Or33a,JHIVVAPYMSGYDF-UHFFFAOYSA-N,0.0383838383838384,"measured (DoOR consensus, normalised 0-1)"
ORN_DA2,Or33a,OSWPMRLSEDHDFF-UHFFFAOYSA-N,0.0383838383838384,"measured (DoOR consensus, normalised 0-1)"
ORN_DA2,Or33a,HUMNYLRZRPPJDN-UHFFFAOYSA-N,0.0127946127946128,"measured (DoOR consensus, normalised 0-1)"
ORN_DA2,Or33a,KWOLFJPFCHCOCG-UHFFFAOYSA-N,0.0255892255892256,"measured (DoOR consensus, normalised 0-1)"
ORN_DA2,Or33a,QWVGKYWNOKOFNN-UHFFFAOYSA-N,0.0341189674523008,"measured (DoOR consensus, normalised 0-1)"
ORN_DA2,Or33a,RDOXTESZEPMUJZ-UHFFFAOYSA-N,0.021324354657688,"measured (DoOR consensus, normalised 0-1)"
ORN_DA2,Or33a,ZYEMGPIYFIJGTP-UHFFFAOYSA-N,0.0127946127946128,"measured (DoOR consensus, normalised 0-1)"
ORN_DA2,Or33a,IWDCLRJOBJJRNH-UHFFFAOYSA-N,0.0341189674523008,"measured (DoOR consensus, normalised 0-1)"
ORN_DA2,Or33a,LRHPLDYGYMQRHN-UHFFFAOYSA-N,0.0341189674523008,"measured (DoOR consensus, normalised 0-1)"
ORN_DA2,Or33a,ZSIAUFGUXNUGDI-UHFFFAOYSA-N,0.0298540965207632,"measured (DoOR consensus, normalised 0-1)"
ORN_DA2,Or33a,VSMOENVRRABVKN-UHFFFAOYSA-N,0.021324354657688,"measured (DoOR consensus, normalised 0-1)"
ORN_DA2,Or33a,BBMCTIGTTCKYKF-UHFFFAOYSA-N,0.0170594837261504,"measured (DoOR consensus, normalised 0-1)"
ORN_DA2,Or33a,NMRPBPVERJPACX-UHFFFAOYSA-N,0.0298540965207632,"measured (DoOR consensus, normalised 0-1)"
ORN_DA2,Or33a,ZWRUINPWMLAQRD-UHFFFAOYSA-N,0.0127946127946128,"measured (DoOR consensus, normalised 0-1)"
ORN_DA2,Or33a,XEKOWRVHYACXOJ-UHFFFAOYSA-N,0.0127946127946128,"measured (DoOR consensus, normalised 0-1)"
ORN_DA2,Or33a,YKYONYBAUNKHLG-UHFFFAOYSA-N,0.0085297418630752,"measured (DoOR consensus, normalised 0-1)"
ORN_DA2,Or33a,PGMYKACGEOXYJE-UHFFFAOYSA-N,0.021324354657688,"measured (DoOR consensus, normalised 0-1)"
ORN_DA2,Or33a,MLFHJEHSLIIPHL-UHFFFAOYSA-N,0.042648709315376,"measured (DoOR consensus, normalised 0-1)"
ORN_DA2,Or33a,OBNCKNCVKJNDBV-UHFFFAOYSA-N,0.0,"measured (DoOR consensus, normalised 0-1)"
ORN_DA2,Or33a,YLYBTZIQSIBWLI-UHFFFAOYSA-N,0.0170594837261504,"measured (DoOR consensus, normalised 0-1)"
ORN_DA2,Or33a,solvent,0.0170594837261504,"measured (DoOR consensus, normalised 0-1)"
ORN_DA2,Or33a,CURLTUGMZLYLDI-UHFFFAOYSA-N,0.0,"measured (DoOR consensus, normalised 0-1)"
ORN_VL2p,Ir31a,XLYOFNOQVPJJNP-UHFFFAOYSA-N,0.138766941747089,"measured (DoOR consensus, normalised 0-1)"
ORN_VL2p,Ir31a,VHUUQVKOLVNVRT-UHFFFAOYSA-N,0.0016899426678553,"measured (DoOR consensus, normalised 0-1)"
ORN_VL2p,Ir31a,KIDHWZJUCRJVML-UHFFFAOYSA-N,0.139446403232103,"measured (DoOR consensus, normalised 0-1)"
ORN_VL2p,Ir31a,VHRGRCVQAFMJIZ-UHFFFAOYSA-N,0.0732424636666368,"measured (DoOR consensus, normalised 0-1)"
ORN_VL2p,Ir31a,ROSDSFDQCJNGOL-UHFFFAOYSA-N,0.0110456046538173,"measured (DoOR consensus, normalised 0-1)"
ORN_VL2p,Ir31a,QTBSBXVTEAMEQO-UHFFFAOYSA-N,0.045645874121453,"measured (DoOR consensus, normalised 0-1)"
ORN_VL2p,Ir31a,XBDQKXXYIPTUBI-UHFFFAOYSA-N,0.0,"measured (DoOR consensus, normalised 0-1)"
ORN_VL2p,Ir31a,FERIUCNNQQJTOY-UHFFFAOYSA-N,0.0134324308960459,"measured (DoOR consensus, normalised 0-1)"
ORN_VL2p,Ir31a,ZTQSAGDEMFDKMZ-UHFFFAOYSA-N,0.0155056595298066,"measured (DoOR consensus, normalised 0-1)"
ORN_VL2p,Ir31a,QSJXEFYPDANLFS-UHFFFAOYSA-N,0.0768488361640187,"measured (DoOR consensus, normalised 0-1)"
ORN_VL2p,Ir31a,WRMNZCZEMHIOCP-UHFFFAOYSA-N,0.10974174087444,"measured (DoOR consensus, normalised 0-1)"
ORN_VL2p,Ir31a,DTUQWGWMVIHBKE-UHFFFAOYSA-N,0.107337492542852,"measured (DoOR consensus, normalised 0-1)"
ORN_VL2p,Ir31a,OWBTYPJTUOEWEK-UHFFFAOYSA-N,0.111240040559342,"measured (DoOR consensus, normalised 0-1)"
ORN_VL2p,Ir31a,XEKOWRVHYACXOJ-UHFFFAOYSA-N,0.112320210099621,"measured (DoOR consensus, normalised 0-1)"
ORN_VL2p,Ir31a,PGMYKACGEOXYJE-UHFFFAOYSA-N,0.107354914632211,"measured (DoOR consensus, normalised 0-1)"
ORN_VL2p,Ir31a,solvent,0.11104839757639,"measured (DoOR consensus, normalised 0-1)"
ORN_VL2p,Ir31a,RWRDLPDLKQPQOW-UHFFFAOYSA-N,0.089566961396332,"measured (DoOR consensus, normalised 0-1)"
ORN_VL2p,Ir31a,BHHGXPLMPWCGHP-UHFFFAOYSA-N,0.0350358217016191,"measured (DoOR consensus, normalised 0-1)"
ORN_VL2p,Ir31a,JUJWROOIHBZHMG-UHFFFAOYSA-N,0.0561688160944902,"measured (DoOR consensus, normalised 0-1)"
ORN_VL2p,Ir31a,KDVFRMMRZOCFLS-UHFFFAOYSA-N,0.231609255942976,"measured (DoOR consensus, normalised 0-1)"
ORN_VL2p,Ir31a,QUSNBJAOOMFDIB-UHFFFAOYSA-N,0.0232062230266318,"measured (DoOR consensus, normalised 0-1)"
ORN_VL2p,Ir31a,WLJVXDMOQOGPHL-UHFFFAOYSA-N,0.087371778137056,"measured (DoOR consensus, normalised 0-1)"
ORN_VL2p,Ir31a,ATHGHQPFGPMSJY-UHFFFAOYSA-N,0.0737651263474168,"measured (DoOR consensus, normalised 0-1)"
ORN_VM3,Or9a,XLYOFNOQVPJJNP-UHFFFAOYSA-N,0.0687750651132014,"measured (DoOR consensus, normalised 0-1)"
ORN_VM3,Or9a,VHUUQVKOLVNVRT-UHFFFAOYSA-N,0.108420042656529,"measured (DoOR consensus, normalised 0-1)"
ORN_VM3,Or9a,KIDHWZJUCRJVML-UHFFFAOYSA-N,0.0978696616175452,"measured (DoOR consensus, normalised 0-1)"
ORN_VM3,Or9a,VHRGRCVQAFMJIZ-UHFFFAOYSA-N,0.13990293247772,"measured (DoOR consensus, normalised 0-1)"
ORN_VM3,Or9a,YEJRWHAVMIAJKC-UHFFFAOYSA-N,0.226697302146408,"measured (DoOR consensus, normalised 0-1)"
ORN_VM3,Or9a,JBFHTYHTHYHCDJ-UHFFFAOYSA-N,0.373229715378667,"measured (DoOR consensus, normalised 0-1)"
ORN_VM3,Or9a,IPBFYZQJXZJBFQ-UHFFFAOYSA-N,0.154334109778592,"measured (DoOR consensus, normalised 0-1)"
ORN_VM3,Or9a,IFYYFLINQYPWGJ-UHFFFAOYSA-N,0.071824744018302,"measured (DoOR consensus, normalised 0-1)"
ORN_VM3,Or9a,GHBSPIPJMLAMEP-UHFFFAOYSA-N,0.0685361297688728,"measured (DoOR consensus, normalised 0-1)"
ORN_VM3,Or9a,BDAGIHXWWSANSR-UHFFFAOYSA-N,0.119083324318581,"measured (DoOR consensus, normalised 0-1)"
ORN_VM3,Or9a,QTBSBXVTEAMEQO-UHFFFAOYSA-N,0.103746891075084,"measured (DoOR consensus, normalised 0-1)"
ORN_VM3,Or9a,XBDQKXXYIPTUBI-UHFFFAOYSA-N,0.136973575135186,"measured (DoOR consensus, normalised 0-1)"
ORN_VM3,Or9a,FERIUCNNQQJTOY-UHFFFAOYSA-N,0.413214744086123,"measured (DoOR consensus, normalised 0-1)"
ORN_VM3,Or9a,NQPDZGIKBAWPEJ-UHFFFAOYSA-N,0.134029506630421,"measured (DoOR consensus, normalised 0-1)"
ORN_VM3,Or9a,FUZZWVXGSFPDMH-UHFFFAOYSA-N,0.142817724253111,"measured (DoOR consensus, normalised 0-1)"
ORN_VM3,Or9a,MNWFXJYAOYHMED-UHFFFAOYSA-N,0.0848006012692996,"measured (DoOR consensus, normalised 0-1)"
ORN_VM3,Or9a,WWZKQHOCKIZLMA-UHFFFAOYSA-N,0.0685361297688728,"measured (DoOR consensus, normalised 0-1)"
ORN_VM3,Or9a,FBUKVWPVBMHYJY-UHFFFAOYSA-N,0.0578514035952385,"measured (DoOR consensus, normalised 0-1)"
ORN_VM3,Or9a,OYHQOLUKZRVURQ-HZJYTTRNSA-N,0.0848006012692996,"measured (DoOR consensus, normalised 0-1)"
ORN_VM3,Or9a,KQNPFQTWMSNSAP-UHFFFAOYSA-N,0.134029506630421,"measured (DoOR consensus, normalised 0-1)"
ORN_VM3,Or9a,GWYFCOCPABKNJV-UHFFFAOYSA-N,0.145718094973051,"measured (DoOR consensus, normalised 0-1)"
ORN_VM3,Or9a,LCTONWCANYUPML-UHFFFAOYSA-N,0.142817724253111,"measured (DoOR consensus, normalised 0-1)"
ORN_VM3,Or9a,OBETXYAYXDNJHR-UHFFFAOYSA-N,0.0880007550650401,"measured (DoOR consensus, normalised 0-1)"
ORN_VM3,Or9a,JVTAAEKCZFNVCJ-UHFFFAOYSA-N,0.094349648464031,"measured (DoOR consensus, normalised 0-1)"
ORN_VM3,Or9a,CZUGFKJYCPYHHV-UHFFFAOYSA-N,0.32695867165109,"measured (DoOR consensus, normalised 0-1)"
ORN_VM3,Or9a,QMMFVYPAHWMCMS-UHFFFAOYSA-N,0.134029506630421,"measured (DoOR consensus, normalised 0-1)"
ORN_VM3,Or9a,MOYAFQVGZZPNRA-UHFFFAOYSA-N,0.071824744018302,"measured (DoOR consensus, normalised 0-1)"
ORN_VM3,Or9a,GRWFGVWFFZKLTI-UHFFFAOYSA-N,0.071824744018302,"measured (DoOR consensus, normalised 0-1)"
ORN_VM3,Or9a,WTARULDDTDQWMU-UHFFFAOYSA-N,0.0578514035952385,"measured (DoOR consensus, normalised 0-1)"
ORN_VM3,Or9a,BQOFWKZOCNGFEC-UHFFFAOYSA-N,0.0783480550196345,"measured (DoOR consensus, normalised 0-1)"
ORN_VM3,Or9a,XMGQYMWWDOXHJM-UHFFFAOYSA-N,0.0848006012692996,"measured (DoOR consensus, normalised 0-1)"
ORN_VM3,Or9a,FAMPSKZZVDUYOS-HRGUGZIWSA-N,0.0685361297688728,"measured (DoOR consensus, normalised 0-1)"
ORN_VM3,Or9a,UAHWPYUMFXYFJY-UHFFFAOYSA-N,0.071824744018302,"measured (DoOR consensus, normalised 0-1)"
ORN_VM3,Or9a,NPNUFJAVOOONJE-GFUGXAQUSA-N,0.0848006012692996,"measured (DoOR consensus, normalised 0-1)"
ORN_VM3,Or9a,HFPZCAJZSCWRBC-UHFFFAOYSA-N,0.0685361297688728,"measured (DoOR consensus, normalised 0-1)"
ORN_VM3,Or9a,HIGQPQRQIQDZMP-DHZHZOJOSA-N,0.0894927011946625,"measured (DoOR consensus, normalised 0-1)"
ORN_VM3,Or9a,WUOACPNHFRMFPN-SECBINFHSA-N,0.0974987143055356,"measured (DoOR consensus, normalised 0-1)"
ORN_VM3,Or9a,GLZPCOQZEFWAFX-JXMROGBWSA-N,0.071824744018302,"measured (DoOR consensus, normalised 0-1)"
ORN_VM3,Or9a,GLZPCOQZEFWAFX-YFHOEESVSA-N,0.0815830899482677,"measured (DoOR consensus, normalised 0-1)"
ORN_VM3,Or9a,CDOSHBSSFJOMGT-UHFFFAOYSA-N,0.094349648464031,"measured (DoOR consensus, normalised 0-1)"
ORN_VM3,Or9a,QMVPMAAFGQKVCJ-SNVBAGLBSA-N,0.094349648464031,"measured (DoOR consensus, normalised 0-1)"
ORN_VM3,Or9a,BRHDDEIRQPDPMG-UHFFFAOYSA-N,0.28911600451079,"measured (DoOR consensus, normalised 0-1)"
ORN_VM3,Or9a,IKHGUXGNUITLKF-UHFFFAOYSA-N,0.324787682853289,"measured (DoOR consensus, normalised 0-1)"
ORN_VM3,Or9a,NBBJYMSMWIIQGU-UHFFFAOYSA-N,0.0848454149354121,"measured (DoOR consensus, normalised 0-1)"
ORN_VM3,Or9a,ZTQSAGDEMFDKMZ-UHFFFAOYSA-N,0.094349648464031,"measured (DoOR consensus, normalised 0-1)"
ORN_VM3,Or9a,HGBOYTHUEUWSSQ-UHFFFAOYSA-N,0.148604188071207,"measured (DoOR consensus, normalised 0-1)"
ORN_VM3,Or9a,JARKCYVAAOWBJS-UHFFFAOYSA-N,0.176710644976669,"measured (DoOR consensus, normalised 0-1)"
ORN_VM3,Or9a,MBDOYVRWFFCFHM-SNAWJCMRSA-N,0.18928676324987,"measured (DoOR consensus, normalised 0-1)"
ORN_VM3,Or9a,HYBBIBNJHNGZAN-UHFFFAOYSA-N,0.32042619209362,"measured (DoOR consensus, normalised 0-1)"
ORN_VM3,Or9a,HGINCPLSRVDWNT-UHFFFAOYSA-N,0.0848006012692996,"measured (DoOR consensus, normalised 0-1)"
ORN_VM3,Or9a,CSCPPACGZOOCGX-UHFFFAOYSA-N,0.0904362986954419,"measured (DoOR consensus, normalised 0-1)"
ORN_VM3,Or9a,ZWEHNKRNPOVVGH-UHFFFAOYSA-N,0.173873557100969,"measured (DoOR consensus, normalised 0-1)"
ORN_VM3,Or9a,XNLICIUVMPYHGG-UHFFFAOYSA-N,0.397425844717406,"measured (DoOR consensus, normalised 0-1)"
ORN_VM3,Or9a,CATSNJVOTSVZJV-UHFFFAOYSA-N,0.344007112075521,"measured (DoOR consensus, normalised 0-1)"
ORN_VM3,Or9a,UHEPJGULSIKKTP-UHFFFAOYSA-N,0.246154282246389,"measured (DoOR consensus, normalised 0-1)"
ORN_VM3,Or9a,QSJXEFYPDANLFS-UHFFFAOYSA-N,0.333060445709708,"measured (DoOR consensus, normalised 0-1)"
ORN_VM3,Or9a,ROWKJAVDOGWPAT-UHFFFAOYSA-N,0.651536414292776,"measured (DoOR consensus, normalised 0-1)"
ORN_VM3,Or9a,JHIVVAPYMSGYDF-UHFFFAOYSA-N,0.13875955883158,"measured (DoOR consensus, normalised 0-1)"
ORN_VM3,Or9a,WRMNZCZEMHIOCP-UHFFFAOYSA-N,0.128096648304229,"measured (DoOR consensus, normalised 0-1)"
ORN_VM3,Or9a,WVDDGKGOMKODPV-UHFFFAOYSA-N,0.165628814387265,"measured (DoOR consensus, normalised 0-1)"
ORN_VM3,Or9a,OSWPMRLSEDHDFF-UHFFFAOYSA-N,0.10576861600443,"measured (DoOR consensus, normalised 0-1)"
ORN_VM3,Or9a,QPJVMBTYPHYUOC-UHFFFAOYSA-N,0.200910263982047,"measured (DoOR consensus, normalised 0-1)"
ORN_VM3,Or9a,MTZQAGJQAFMTAQ-UHFFFAOYSA-N,0.162825434618075,"measured (DoOR consensus, normalised 0-1)"
ORN_VM3,Or9a,MDHYEMXUFSJLGV-UHFFFAOYSA-N,0.13107058027951,"measured (DoOR consensus, normalised 0-1)"
ORN_VM3,Or9a,HUMNYLRZRPPJDN-UHFFFAOYSA-N,0.291932724302794,"measured (DoOR consensus, normalised 0-1)"
ORN_VM3,Or9a,DTUQWGWMVIHBKE-UHFFFAOYSA-N,0.119083324318581,"measured (DoOR consensus, normalised 0-1)"
ORN_VM3,Or9a,KWOLFJPFCHCOCG-UHFFFAOYSA-N,0.249008250761118,"measured (DoOR consensus, normalised 0-1)"
ORN_VM3,Or9a,KBEBGUQPQBELIU-CMDGGOBGSA-N,0.0685361297688728,"measured (DoOR consensus, normalised 0-1)"
ORN_VM3,Or9a,QWVGKYWNOKOFNN-UHFFFAOYSA-N,0.232260781644602,"measured (DoOR consensus, normalised 0-1)"
ORN_VM3,Or9a,CHWNEIVBYREQRF-UHFFFAOYSA-N,0.119083324318581,"measured (DoOR consensus, normalised 0-1)"
ORN_VM3,Or9a,RRAFCDWBNXTKKO-UHFFFAOYSA-N,0.106846321233371,"measured (DoOR consensus, normalised 0-1)"
ORN_VM3,Or9a,OKKJLVBELUTLKV-UHFFFAOYSA-N,0.151476145908544,"measured (DoOR consensus, normalised 0-1)"
ORN_VM3,Or9a,LFQSCWFLJHTTHZ-UHFFFAOYSA-N,0.13990293247772,"measured (DoOR consensus, normalised 0-1)"
ORN_VM3,Or9a,BDERNNFJNOPAEC-UHFFFAOYSA-N,0.224167530060049,"measured (DoOR consensus, normalised 0-1)"
ORN_VM3,Or9a,LRHPLDYGYMQRHN-UHFFFAOYSA-N,0.341980582243258,"measured (DoOR consensus, normalised 0-1)"
ORN_VM3,Or9a,AMQJEAYHLZJPGS-UHFFFAOYSA-N,0.455455903653503,"measured (DoOR consensus, normalised 0-1)"
ORN_VM3,Or9a,ZSIAUFGUXNUGDI-UHFFFAOYSA-N,0.335822742393277,"measured (DoOR consensus, normalised 0-1)"
ORN_VM3,Or9a,KBPLFHHGFOOTCA-UHFFFAOYSA-N,0.136973575135186,"measured (DoOR consensus, normalised 0-1)"
ORN_VM3,Or9a,JYVLIDXNZAXMDK-UHFFFAOYSA-N,0.577014173673873,"measured (DoOR consensus, normalised 0-1)"
ORN_VM3,Or9a,PHTQWCKDNZKARW-UHFFFAOYSA-N,0.329123259150995,"measured (DoOR consensus, normalised 0-1)"
ORN_VM3,Or9a,ASUAYTHWZCLXAN-UHFFFAOYSA-N,0.241660364620549,"measured (DoOR consensus, normalised 0-1)"
ORN_VM3,Or9a,VHVMXWZXFBOANQ-UHFFFAOYSA-N,0.545103421183474,"measured (DoOR consensus, normalised 0-1)"
ORN_VM3,Or9a,VSMOENVRRABVKN-UHFFFAOYSA-N,0.225551695909113,"measured (DoOR consensus, normalised 0-1)"
ORN_VM3,Or9a,ZCHHRLHTBGRGOT-SNAWJCMRSA-N,0.356714127390234,"measured (DoOR consensus, normalised 0-1)"
ORN_VM3,Or9a,ZCHHRLHTBGRGOT-PLNGDYQASA-N,0.309404950552491,"measured (DoOR consensus, normalised 0-1)"
ORN_VM3,Or9a,UFLHIIWVXFIJGU-ONEGZZNKSA-N,0.525379947216137,"measured (DoOR consensus, normalised 0-1)"
ORN_VM3,Or9a,UFLHIIWVXFIJGU-ARJAWSKDSA-N,0.444089611597561,"measured (DoOR consensus, normalised 0-1)"
ORN_VM3,Or9a,PEDCQBHIVMGVHV-UHFFFAOYSA-N,0.100631075111081,"measured (DoOR consensus, normalised 0-1)"
ORN_VM3,Or9a,OWBTYPJTUOEWEK-UHFFFAOYSA-N,0.621454270188308,"measured (DoOR consensus, normalised 0-1)"
ORN_VM3,Or9a,KXKVLQRXCPHEJC-UHFFFAOYSA-N,0.148604188071207,"measured (DoOR consensus, normalised 0-1)"
ORN_VM3,Or9a,XEKOWRVHYACXOJ-UHFFFAOYSA-N,0.227398612262775,"measured (DoOR consensus, normalised 0-1)"
ORN_VM3,Or9a,YKYONYBAUNKHLG-UHFFFAOYSA-N,0.45734016197408,"measured (DoOR consensus, normalised 0-1)"
ORN_VM3,Or9a,DKPFZGUDAPQIHT-UHFFFAOYSA-N,0.438365632199796,"measured (DoOR consensus, normalised 0-1)"
ORN_VM3,Or9a,PGMYKACGEOXYJE-UHFFFAOYSA-N,0.30586504852798,"measured (DoOR consensus, normalised 0-1)"
ORN_VM3,Or9a,AOGQPLXWSUTHQB-UHFFFAOYSA-N,0.203539311067509,"measured (DoOR consensus, normalised 0-1)"
ORN_VM3,Or9a,GJRQTCIYDGXPES-UHFFFAOYSA-N,0.477890845361114,"measured (DoOR consensus, normalised 0-1)"
ORN_VM3,Or9a,MLFHJEHSLIIPHL-UHFFFAOYSA-N,0.415170801214587,"measured (DoOR consensus, normalised 0-1)"
ORN_VM3,Or9a,HRHOWZHRCRZVCU-WAYWQWQTSA-N,0.165628814387265,"measured (DoOR consensus, normalised 0-1)"
ORN_VM3,Or9a,UUIQMZJEGPQKFD-UHFFFAOYSA-N,0.422958163773803,"measured (DoOR consensus, normalised 0-1)"
ORN_VM3,Or9a,OBNCKNCVKJNDBV-UHFFFAOYSA-N,0.384583193921615,"measured (DoOR consensus, normalised 0-1)"
ORN_VM3,Or9a,XAPCMTMQBXLDBB-UHFFFAOYSA-N,0.0815830899482677,"measured (DoOR consensus, normalised 0-1)"
ORN_VM3,Or9a,OMSUIQOIVADKIM-UHFFFAOYSA-N,0.536161451246838,"measured (DoOR consensus, normalised 0-1)"
ORN_VM3,Or9a,FKRCODPIKNYEAC-UHFFFAOYSA-N,0.264960232130537,"measured (DoOR consensus, normalised 0-1)"
ORN_VM3,Or9a,WBJINCZRORDGAQ-UHFFFAOYSA-N,0.148604188071207,"measured (DoOR consensus, normalised 0-1)"
ORN_VM3,Or9a,NUKZAGXMHTUAFE-UHFFFAOYSA-N,0.226697302146408,"measured (DoOR consensus, normalised 0-1)"
ORN_VM3,Or9a,SHZIWNPUGXLXDT-UHFFFAOYSA-N,0.136973575135186,"measured (DoOR consensus, normalised 0-1)"
ORN_VM3,Or9a,NCDCLPBOMHPFCV-UHFFFAOYSA-N,0.0652293155448122,"measured (DoOR consensus, normalised 0-1)"
ORN_VM3,Or9a,JGHZJRVDZXSNKQ-UHFFFAOYSA-N,0.0880007550650401,"measured (DoOR consensus, normalised 0-1)"
ORN_VM3,Or9a,YYZUSRORWSJGET-UHFFFAOYSA-N,0.0815830899482677,"measured (DoOR consensus, normalised 0-1)"
ORN_VM3,Or9a,RGXWDWUGBIJHDO-UHFFFAOYSA-N,0.0815830899482677,"measured (DoOR consensus, normalised 0-1)"
ORN_VM3,Or9a,ZFDIRQKJPRINOQ-HWKANZROSA-N,0.341980582243258,"measured (DoOR consensus, normalised 0-1)"
ORN_VM3,Or9a,LZCLXQDLBQLTDK-UHFFFAOYSA-N,0.279899227730956,"measured (DoOR consensus, normalised 0-1)"
ORN_VM3,Or9a,DKMROQRQHGEIOW-UHFFFAOYSA-N,0.13990293247772,"measured (DoOR consensus, normalised 0-1)"
ORN_VM3,Or9a,ICMAFTSLXCXHRK-UHFFFAOYSA-N,0.207186130687022,"measured (DoOR consensus, normalised 0-1)"
ORN_VM3,Or9a,solvent,0.0616238630437575,"measured (DoOR consensus, normalised 0-1)"
ORN_VM3,Or9a,CURLTUGMZLYLDI-UHFFFAOYSA-N,0.0537445313098138,"measured (DoOR consensus, normalised 0-1)"
ORN_VM3,Or9a,QCCDLTOVEPVEJK-UHFFFAOYSA-N,0.184668228914901,"measured (DoOR consensus, normalised 0-1)"
ORN_VM3,Or9a,ZKQDCIXGCQPQNV-UHFFFAOYSA-N,0.0775360498950032,"measured (DoOR consensus, normalised 0-1)"
ORN_VM3,Or9a,CRVGTESFCCXCTH-UHFFFAOYSA-N,0.0605772815067369,"measured (DoOR consensus, normalised 0-1)"
ORN_VM3,Or9a,AKNUHUCEWALCOI-UHFFFAOYSA-O,0.129897811660336,"measured (DoOR consensus, normalised 0-1)"
ORN_VM3,Or9a,OSPSWZSRKYCQPF-UHFFFAOYSA-N,0.561987219560156,"measured (DoOR consensus, normalised 0-1)"
ORN_VM3,Or9a,BDZBKCUKTQZUTL-UHFFFAOYSA-N,0.11235303790489,"measured (DoOR consensus, normalised 0-1)"
ORN_VM3,Or9a,DWCLXOREGBLXTD-UHFFFAOYSA-N,0.103639797095322,"measured (DoOR consensus, normalised 0-1)"
ORN_VM3,Or9a,YIWUKEYIRIRTPP-UHFFFAOYSA-N,0.214557458662977,"measured (DoOR consensus, normalised 0-1)"
ORN_VM3,Or9a,VKYKSIONXSXAKP-UHFFFAOYSA-N,0.0949449561454309,"measured (DoOR consensus, normalised 0-1)"
ORN_VM3,Or9a,MHAJPDPJQMAIIY-UHFFFAOYSA-N,0.0862506924047257,"measured (DoOR consensus, normalised 0-1)"
ORN_VM3,Or9a,GRYLNZFGIOXLOG-UHFFFAOYSA-N,0.103639797095322,"measured (DoOR consensus, normalised 0-1)"
ORN_VM3,Or9a,LYGJENNIWJXYER-UHFFFAOYSA-N,0.0471156633941287,"measured (DoOR consensus, normalised 0-1)"
ORN_VM3,Or9a,WFDIJRYMOXRFFG-UHFFFAOYSA-N,0.165899240704497,"measured (DoOR consensus, normalised 0-1)"
ORN_VM3,Or9a,ZHNUHDYFZUAESO-UHFFFAOYSA-N,0.0605772815067369,"measured (DoOR consensus, normalised 0-1)"
ORN_VM3,Or9a,WGSVFWFSJDAYBM-BQYQJAHWSA-N,0.103639797095322,"measured (DoOR consensus, normalised 0-1)"
ORN_VM3,Or9a,ZMQAAUBTXCXRIC-UHFFFAOYSA-N,0.0949449561454309,"measured (DoOR consensus, normalised 0-1)"
ORN_VM3,Or9a,FHIVAFMUCKRCQO-UHFFFAOYSA-N,0.225266556111006,"measured (DoOR consensus, normalised 0-1)"
ORN_VM3,Or9a,RDYMFSUJUZBWLH-UHFFFAOYSA-N,0.440917146553317,"measured (DoOR consensus, normalised 0-1)"
ORN_VM3,Or9a,YLMGFJXSLBMXHK-UHFFFAOYSA-M,0.0,"measured (DoOR consensus, normalised 0-1)"
ORN_VM3,Or9a,BAZAXWOYCMUHIX-UHFFFAOYSA-M,0.103639797095322,"measured (DoOR consensus, normalised 0-1)"
ORN_VM3,Or9a,RWSOTUBLDIXVET-UHFFFAOYSA-N,0.0538464724504328,"measured (DoOR consensus, normalised 0-1)"
ORN_VM3,Or9a,XTFIVUDBNACUBN-UHFFFAOYSA-N,0.11235303790489,"measured (DoOR consensus, normalised 0-1)"
ORN_VM3,Or9a,HMWPNDNFTFSCEB-UHFFFAOYSA-N,0.184668228914901,"measured (DoOR consensus, normalised 0-1)"
ORN_VM3,Or9a,SNIOPGDIGTZGOP-UHFFFAOYSA-N,0.194347193506896,"measured (DoOR consensus, normalised 0-1)"
ORN_VM3,Or9a,TZRXHJWUDPFEEY-UHFFFAOYSA-N,0.129897811660336,"measured (DoOR consensus, normalised 0-1)"
ORN_VM3,Or9a,ZTLXICJMNFREPA-UHFFFAOYSA-N,0.156741643891758,"measured (DoOR consensus, normalised 0-1)"
ORN_VM3,Or9a,SPSSULHKWOKEEL-UHFFFAOYSA-N,0.0862506924047257,"measured (DoOR consensus, normalised 0-1)"
ORN_DL5,Or7a,XLYOFNOQVPJJNP-UHFFFAOYSA-N,0.0944385437931836,"measured (DoOR consensus, normalised 0-1)"
ORN_DL5,Or7a,VHUUQVKOLVNVRT-UHFFFAOYSA-N,0.0675362791636635,"measured (DoOR consensus, normalised 0-1)"
ORN_DL5,Or7a,KIDHWZJUCRJVML-UHFFFAOYSA-N,0.0504424247866712,"measured (DoOR consensus, normalised 0-1)"
ORN_DL5,Or7a,VHRGRCVQAFMJIZ-UHFFFAOYSA-N,0.0189183667316663,"measured (DoOR consensus, normalised 0-1)"
ORN_DL5,Or7a,QGZKDVFQNNGYKY-UHFFFAOYSA-N,0.0834157354786361,"measured (DoOR consensus, normalised 0-1)"
ORN_DL5,Or7a,HZAXFHJVJLSVMW-UHFFFAOYSA-N,0.0854401889271052,"measured (DoOR consensus, normalised 0-1)"
ORN_DL5,Or7a,YEJRWHAVMIAJKC-UHFFFAOYSA-N,0.131842126242083,"measured (DoOR consensus, normalised 0-1)"
ORN_DL5,Or7a,JBFHTYHTHYHCDJ-UHFFFAOYSA-N,0.028057760905105,"measured (DoOR consensus, normalised 0-1)"
ORN_DL5,Or7a,IPBFYZQJXZJBFQ-UHFFFAOYSA-N,0.0419092519684363,"measured (DoOR consensus, normalised 0-1)"
ORN_DL5,Or7a,IFYYFLINQYPWGJ-UHFFFAOYSA-N,0.056988026898793,"measured (DoOR consensus, normalised 0-1)"
ORN_DL5,Or7a,GHBSPIPJMLAMEP-UHFFFAOYSA-N,0.0519553270291804,"measured (DoOR consensus, normalised 0-1)"
ORN_DL5,Or7a,BDAGIHXWWSANSR-UHFFFAOYSA-N,0.0536948903493567,"measured (DoOR consensus, normalised 0-1)"
ORN_DL5,Or7a,QTBSBXVTEAMEQO-UHFFFAOYSA-N,0.0611838650292284,"measured (DoOR consensus, normalised 0-1)"
ORN_DL5,Or7a,XBDQKXXYIPTUBI-UHFFFAOYSA-N,0.033891734106228,"measured (DoOR consensus, normalised 0-1)"
ORN_DL5,Or7a,FERIUCNNQQJTOY-UHFFFAOYSA-N,0.11798085623637,"measured (DoOR consensus, normalised 0-1)"
ORN_DL5,Or7a,NQPDZGIKBAWPEJ-UHFFFAOYSA-N,0.113257065533973,"measured (DoOR consensus, normalised 0-1)"
ORN_DL5,Or7a,FUZZWVXGSFPDMH-UHFFFAOYSA-N,0.0813875933720366,"measured (DoOR consensus, normalised 0-1)"
ORN_DL5,Or7a,MNWFXJYAOYHMED-UHFFFAOYSA-N,0.0672287392568021,"measured (DoOR consensus, normalised 0-1)"
ORN_DL5,Or7a,WWZKQHOCKIZLMA-UHFFFAOYSA-N,0.0654783409894814,"measured (DoOR consensus, normalised 0-1)"
ORN_DL5,Or7a,FBUKVWPVBMHYJY-UHFFFAOYSA-N,0.0600717188818825,"measured (DoOR consensus, normalised 0-1)"
ORN_DL5,Or7a,OYHQOLUKZRVURQ-HZJYTTRNSA-N,0.285085939126247,"measured (DoOR consensus, normalised 0-1)"
ORN_DL5,Or7a,KQNPFQTWMSNSAP-UHFFFAOYSA-N,0.0894492711829566,"measured (DoOR consensus, normalised 0-1)"
ORN_DL5,Or7a,GWYFCOCPABKNJV-UHFFFAOYSA-N,0.0706053387256676,"measured (DoOR consensus, normalised 0-1)"
ORN_DL5,Or7a,LCTONWCANYUPML-UHFFFAOYSA-N,0.162561660239941,"measured (DoOR consensus, normalised 0-1)"
ORN_DL5,Or7a,OBETXYAYXDNJHR-UHFFFAOYSA-N,0.0784547340016948,"measured (DoOR consensus, normalised 0-1)"
ORN_DL5,Or7a,JVTAAEKCZFNVCJ-UHFFFAOYSA-N,0.0738367218129548,"measured (DoOR consensus, normalised 0-1)"
ORN_DL5,Or7a,CZUGFKJYCPYHHV-UHFFFAOYSA-N,0.106138390678257,"measured (DoOR consensus, normalised 0-1)"
ORN_DL5,Or7a,QMMFVYPAHWMCMS-UHFFFAOYSA-N,0.0636817115459469,"measured (DoOR consensus, normalised 0-1)"
ORN_DL5,Or7a,ALVPFGSHPUPROW-UHFFFAOYSA-N,0.0854401889271052,"measured (DoOR consensus, normalised 0-1)"
ORN_DL5,Or7a,SUVIGLJNEAMWEG-UHFFFAOYSA-N,0.0854401889271052,"measured (DoOR consensus, normalised 0-1)"
ORN_DL5,Or7a,MOYAFQVGZZPNRA-UHFFFAOYSA-N,0.0857417792900555,"measured (DoOR consensus, normalised 0-1)"
ORN_DL5,Or7a,GRWFGVWFFZKLTI-UHFFFAOYSA-N,0.0985785689158643,"measured (DoOR consensus, normalised 0-1)"
ORN_DL5,Or7a,WTARULDDTDQWMU-UHFFFAOYSA-N,0.0585535544117425,"measured (DoOR consensus, normalised 0-1)"
ORN_DL5,Or7a,BQOFWKZOCNGFEC-UHFFFAOYSA-N,0.0828439749450765,"measured (DoOR consensus, normalised 0-1)"
ORN_DL5,Or7a,XMGQYMWWDOXHJM-UHFFFAOYSA-N,0.0753779272705945,"measured (DoOR consensus, normalised 0-1)"
ORN_DL5,Or7a,FAMPSKZZVDUYOS-HRGUGZIWSA-N,0.093061527047422,"measured (DoOR consensus, normalised 0-1)"
ORN_DL5,Or7a,UAHWPYUMFXYFJY-UHFFFAOYSA-N,0.0912665703416952,"measured (DoOR consensus, normalised 0-1)"
ORN_DL5,Or7a,NPNUFJAVOOONJE-GFUGXAQUSA-N,0.0828439749450765,"measured (DoOR consensus, normalised 0-1)"
ORN_DL5,Or7a,HFPZCAJZSCWRBC-UHFFFAOYSA-N,0.0754044410520648,"measured (DoOR consensus, normalised 0-1)"
ORN_DL5,Or7a,HIGQPQRQIQDZMP-DHZHZOJOSA-N,0.0747604719143199,"measured (DoOR consensus, normalised 0-1)"
ORN_DL5,Or7a,WUOACPNHFRMFPN-SECBINFHSA-N,0.0842634439758837,"measured (DoOR consensus, normalised 0-1)"
ORN_DL5,Or7a,GLZPCOQZEFWAFX-JXMROGBWSA-N,0.0784547340016948,"measured (DoOR consensus, normalised 0-1)"
ORN_DL5,Or7a,GLZPCOQZEFWAFX-YFHOEESVSA-N,0.093061527047422,"measured (DoOR consensus, normalised 0-1)"
ORN_DL5,Or7a,CDOSHBSSFJOMGT-UHFFFAOYSA-N,0.0940089539032832,"measured (DoOR consensus, normalised 0-1)"
ORN_DL5,Or7a,QMVPMAAFGQKVCJ-SNVBAGLBSA-N,0.0994415051196712,"measured (DoOR consensus, normalised 0-1)"
ORN_DL5,Or7a,BRHDDEIRQPDPMG-UHFFFAOYSA-N,0.0536948903493567,"measured (DoOR consensus, normalised 0-1)"
ORN_DL5,Or7a,WEEGYLXZBRQIMU-WAAGHKOSSA-N,0.0854401889271052,"measured (DoOR consensus, normalised 0-1)"
ORN_DL5,Or7a,LHXDLQBQYFFVNW-OIBJUYFYSA-N,0.0392822102046005,"measured (DoOR consensus, normalised 0-1)"
ORN_DL5,Or7a,XMGQYMWWDOXHJM-JTQLQIEISA-N,0.0854401889271052,"measured (DoOR consensus, normalised 0-1)"
ORN_DL5,Or7a,IKHGUXGNUITLKF-UHFFFAOYSA-N,0.286249651300449,"measured (DoOR consensus, normalised 0-1)"
ORN_DL5,Or7a,NBBJYMSMWIIQGU-UHFFFAOYSA-N,0.0725674271702951,"measured (DoOR consensus, normalised 0-1)"
ORN_DL5,Or7a,ZTQSAGDEMFDKMZ-UHFFFAOYSA-N,0.153305420559118,"measured (DoOR consensus, normalised 0-1)"
ORN_DL5,Or7a,HGBOYTHUEUWSSQ-UHFFFAOYSA-N,0.393142194802824,"measured (DoOR consensus, normalised 0-1)"
ORN_DL5,Or7a,JARKCYVAAOWBJS-UHFFFAOYSA-N,0.371567545871451,"measured (DoOR consensus, normalised 0-1)"
ORN_DL5,Or7a,MBDOYVRWFFCFHM-SNAWJCMRSA-N,0.850266983535239,"measured (DoOR consensus, normalised 0-1)"
ORN_DL5,Or7a,HYBBIBNJHNGZAN-UHFFFAOYSA-N,0.36883290643702,"measured (DoOR consensus, normalised 0-1)"
ORN_DL5,Or7a,HGINCPLSRVDWNT-UHFFFAOYSA-N,0.1272981215415,"measured (DoOR consensus, normalised 0-1)"
ORN_DL5,Or7a,LVBXEMGDVWVTGY-VOTSOKGWSA-N,0.276367365326489,"measured (DoOR consensus, normalised 0-1)"
ORN_DL5,Or7a,GYHFUZHODSMOHU-UHFFFAOYSA-N,0.276367365326489,"measured (DoOR consensus, normalised 0-1)"
ORN_DL5,Or7a,CSCPPACGZOOCGX-UHFFFAOYSA-N,0.0669163664216851,"measured (DoOR consensus, normalised 0-1)"
ORN_DL5,Or7a,ZWEHNKRNPOVVGH-UHFFFAOYSA-N,0.068229410351968,"measured (DoOR consensus, normalised 0-1)"
ORN_DL5,Or7a,XNLICIUVMPYHGG-UHFFFAOYSA-N,0.0799410267363498,"measured (DoOR consensus, normalised 0-1)"
ORN_DL5,Or7a,CATSNJVOTSVZJV-UHFFFAOYSA-N,0.0730232945791219,"measured (DoOR consensus, normalised 0-1)"
ORN_DL5,Or7a,UHEPJGULSIKKTP-UHFFFAOYSA-N,0.0640277022123769,"measured (DoOR consensus, normalised 0-1)"
ORN_DL5,Or7a,QSJXEFYPDANLFS-UHFFFAOYSA-N,0.188325365710144,"measured (DoOR consensus, normalised 0-1)"
ORN_DL5,Or7a,ROWKJAVDOGWPAT-UHFFFAOYSA-N,0.120302993123003,"measured (DoOR consensus, normalised 0-1)"
ORN_DL5,Or7a,JHIVVAPYMSGYDF-UHFFFAOYSA-N,0.0634971687680872,"measured (DoOR consensus, normalised 0-1)"
ORN_DL5,Or7a,VKCYHJWLYTUGCC-UHFFFAOYSA-N,0.130898024505668,"measured (DoOR consensus, normalised 0-1)"
ORN_DL5,Or7a,WRMNZCZEMHIOCP-UHFFFAOYSA-N,0.0836154703533896,"measured (DoOR consensus, normalised 0-1)"
ORN_DL5,Or7a,WVDDGKGOMKODPV-UHFFFAOYSA-N,0.0830461484856565,"measured (DoOR consensus, normalised 0-1)"
ORN_DL5,Or7a,OSWPMRLSEDHDFF-UHFFFAOYSA-N,0.0790203987065948,"measured (DoOR consensus, normalised 0-1)"
ORN_DL5,Or7a,QPJVMBTYPHYUOC-UHFFFAOYSA-N,0.034219084354626,"measured (DoOR consensus, normalised 0-1)"
ORN_DL5,Or7a,MTZQAGJQAFMTAQ-UHFFFAOYSA-N,0.0442724173310879,"measured (DoOR consensus, normalised 0-1)"
ORN_DL5,Or7a,MDHYEMXUFSJLGV-UHFFFAOYSA-N,0.0553703193521655,"measured (DoOR consensus, normalised 0-1)"
ORN_DL5,Or7a,HUMNYLRZRPPJDN-UHFFFAOYSA-N,0.576183066800948,"measured (DoOR consensus, normalised 0-1)"
ORN_DL5,Or7a,DTUQWGWMVIHBKE-UHFFFAOYSA-N,0.117057667678703,"measured (DoOR consensus, normalised 0-1)"
ORN_DL5,Or7a,KWOLFJPFCHCOCG-UHFFFAOYSA-N,0.133687123317334,"measured (DoOR consensus, normalised 0-1)"
ORN_DL5,Or7a,KBEBGUQPQBELIU-CMDGGOBGSA-N,0.0672287392568021,"measured (DoOR consensus, normalised 0-1)"
ORN_DL5,Or7a,QWVGKYWNOKOFNN-UHFFFAOYSA-N,0.0598938968252908,"measured (DoOR consensus, normalised 0-1)"
ORN_DL5,Or7a,CHWNEIVBYREQRF-UHFFFAOYSA-N,0.0587187038648695,"measured (DoOR consensus, normalised 0-1)"
ORN_DL5,Or7a,RRAFCDWBNXTKKO-UHFFFAOYSA-N,0.0778592916289559,"measured (DoOR consensus, normalised 0-1)"
ORN_DL5,Or7a,LHGVFZTZFXWLCP-UHFFFAOYSA-N,0.161709819877178,"measured (DoOR consensus, normalised 0-1)"
ORN_DL5,Or7a,WTWBUQJHJGUZCY-UHFFFAOYSA-N,0.0854401889271052,"measured (DoOR consensus, normalised 0-1)"
ORN_DL5,Or7a,RDOXTESZEPMUJZ-UHFFFAOYSA-N,0.0412849592200509,"measured (DoOR consensus, normalised 0-1)"
ORN_DL5,Or7a,ZYEMGPIYFIJGTP-UHFFFAOYSA-N,0.0629861347051267,"measured (DoOR consensus, normalised 0-1)"
ORN_DL5,Or7a,IWDCLRJOBJJRNH-UHFFFAOYSA-N,0.0727650214463949,"measured (DoOR consensus, normalised 0-1)"
ORN_DL5,Or7a,HXDOZKJGKXYMEW-UHFFFAOYSA-N,0.307662634466162,"measured (DoOR consensus, normalised 0-1)"
ORN_DL5,Or7a,OKKJLVBELUTLKV-UHFFFAOYSA-N,0.113257065533973,"measured (DoOR consensus, normalised 0-1)"
ORN_DL5,Or7a,LFQSCWFLJHTTHZ-UHFFFAOYSA-N,0.130333679507387,"measured (DoOR consensus, normalised 0-1)"
ORN_DL5,Or7a,BDERNNFJNOPAEC-UHFFFAOYSA-N,0.380138908004957,"measured (DoOR consensus, normalised 0-1)"
ORN_DL5,Or7a,LRHPLDYGYMQRHN-UHFFFAOYSA-N,0.320634214995317,"measured (DoOR consensus, normalised 0-1)"
ORN_DL5,Or7a,AMQJEAYHLZJPGS-UHFFFAOYSA-N,0.344035471281247,"measured (DoOR consensus, normalised 0-1)"
ORN_DL5,Or7a,ZSIAUFGUXNUGDI-UHFFFAOYSA-N,0.164722348273012,"measured (DoOR consensus, normalised 0-1)"
ORN_DL5,Or7a,KBPLFHHGFOOTCA-UHFFFAOYSA-N,0.0464624585725946,"measured (DoOR consensus, normalised 0-1)"
ORN_DL5,Or7a,JYVLIDXNZAXMDK-UHFFFAOYSA-N,0.182467694749558,"measured (DoOR consensus, normalised 0-1)"
ORN_DL5,Or7a,PHTQWCKDNZKARW-UHFFFAOYSA-N,0.240409867817425,"measured (DoOR consensus, normalised 0-1)"
ORN_DL5,Or7a,ASUAYTHWZCLXAN-UHFFFAOYSA-N,0.443354202616726,"measured (DoOR consensus, normalised 0-1)"
ORN_DL5,Or7a,VHVMXWZXFBOANQ-UHFFFAOYSA-N,0.240967581502096,"measured (DoOR consensus, normalised 0-1)"
ORN_DL5,Or7a,VSMOENVRRABVKN-UHFFFAOYSA-N,0.0986479235860506,"measured (DoOR consensus, normalised 0-1)"
ORN_DL5,Or7a,ZCHHRLHTBGRGOT-SNAWJCMRSA-N,0.452332468903588,"measured (DoOR consensus, normalised 0-1)"
ORN_DL5,Or7a,ZCHHRLHTBGRGOT-PLNGDYQASA-N,0.418117992615365,"measured (DoOR consensus, normalised 0-1)"
ORN_DL5,Or7a,UFLHIIWVXFIJGU-ONEGZZNKSA-N,0.292502037614904,"measured (DoOR consensus, normalised 0-1)"
ORN_DL5,Or7a,UFLHIIWVXFIJGU-ARJAWSKDSA-N,0.427637948849057,"measured (DoOR consensus, normalised 0-1)"
ORN_DL5,Or7a,PEDCQBHIVMGVHV-UHFFFAOYSA-N,0.0738367218129548,"measured (DoOR consensus, normalised 0-1)"
ORN_DL5,Or7a,OWBTYPJTUOEWEK-UHFFFAOYSA-N,0.0537006087631803,"measured (DoOR consensus, normalised 0-1)"
ORN_DL5,Or7a,MQWCXKGKQLNYQG-UHFFFAOYSA-N,0.0854401889271052,"measured (DoOR consensus, normalised 0-1)"
ORN_DL5,Or7a,BBMCTIGTTCKYKF-UHFFFAOYSA-N,0.0426399197028965,"measured (DoOR consensus, normalised 0-1)"
ORN_DL5,Or7a,NMRPBPVERJPACX-UHFFFAOYSA-N,0.057294200509859,"measured (DoOR consensus, normalised 0-1)"
ORN_DL5,Or7a,ZWRUINPWMLAQRD-UHFFFAOYSA-N,0.0386216694712953,"measured (DoOR consensus, normalised 0-1)"
ORN_DL5,Or7a,ZXEKIIBDNHEJCQ-UHFFFAOYSA-N,0.190189991964656,"measured (DoOR consensus, normalised 0-1)"
ORN_DL5,Or7a,KXKVLQRXCPHEJC-UHFFFAOYSA-N,0.0736876980575069,"measured (DoOR consensus, normalised 0-1)"
ORN_DL5,Or7a,XEKOWRVHYACXOJ-UHFFFAOYSA-N,0.0799120847329617,"measured (DoOR consensus, normalised 0-1)"
ORN_DL5,Or7a,YKYONYBAUNKHLG-UHFFFAOYSA-N,0.0764799794281436,"measured (DoOR consensus, normalised 0-1)"
ORN_DL5,Or7a,DKPFZGUDAPQIHT-UHFFFAOYSA-N,0.0453949504943324,"measured (DoOR consensus, normalised 0-1)"
ORN_DL5,Or7a,PGMYKACGEOXYJE-UHFFFAOYSA-N,0.0799757922476623,"measured (DoOR consensus, normalised 0-1)"
ORN_DL5,Or7a,AOGQPLXWSUTHQB-UHFFFAOYSA-N,0.0444279162923982,"measured (DoOR consensus, normalised 0-1)"
ORN_DL5,Or7a,GJRQTCIYDGXPES-UHFFFAOYSA-N,0.131062369785039,"measured (DoOR consensus, normalised 0-1)"
ORN_DL5,Or7a,MLFHJEHSLIIPHL-UHFFFAOYSA-N,0.0587484385986058,"measured (DoOR consensus, normalised 0-1)"
ORN_DL5,Or7a,HRHOWZHRCRZVCU-WAYWQWQTSA-N,0.689069822604417,"measured (DoOR consensus, normalised 0-1)"
ORN_DL5,Or7a,UUIQMZJEGPQKFD-UHFFFAOYSA-N,0.0677778158286871,"measured (DoOR consensus, normalised 0-1)"
ORN_DL5,Or7a,OBNCKNCVKJNDBV-UHFFFAOYSA-N,0.0706085634927987,"measured (DoOR consensus, normalised 0-1)"
ORN_DL5,Or7a,XAPCMTMQBXLDBB-UHFFFAOYSA-N,0.071587181745317,"measured (DoOR consensus, normalised 0-1)"
ORN_DL5,Or7a,OMSUIQOIVADKIM-UHFFFAOYSA-N,0.0335651058296144,"measured (DoOR consensus, normalised 0-1)"
ORN_DL5,Or7a,FKRCODPIKNYEAC-UHFFFAOYSA-N,0.14687384900888,"measured (DoOR consensus, normalised 0-1)"
ORN_DL5,Or7a,WBJINCZRORDGAQ-UHFFFAOYSA-N,0.239709251486244,"measured (DoOR consensus, normalised 0-1)"
ORN_DL5,Or7a,NUKZAGXMHTUAFE-UHFFFAOYSA-N,0.137356041880606,"measured (DoOR consensus, normalised 0-1)"
ORN_DL5,Or7a,SHZIWNPUGXLXDT-UHFFFAOYSA-N,0.0448048445963618,"measured (DoOR consensus, normalised 0-1)"
ORN_DL5,Or7a,NCDCLPBOMHPFCV-UHFFFAOYSA-N,0.0681269685153653,"measured (DoOR consensus, normalised 0-1)"
ORN_DL5,Or7a,JGHZJRVDZXSNKQ-UHFFFAOYSA-N,0.066783250527452,"measured (DoOR consensus, normalised 0-1)"
ORN_DL5,Or7a,YYZUSRORWSJGET-UHFFFAOYSA-N,0.059702427976189,"measured (DoOR consensus, normalised 0-1)"
ORN_DL5,Or7a,RGXWDWUGBIJHDO-UHFFFAOYSA-N,0.056988026898793,"measured (DoOR consensus, normalised 0-1)"
ORN_DL5,Or7a,ZFDIRQKJPRINOQ-HWKANZROSA-N,0.0738367218129548,"measured (DoOR consensus, normalised 0-1)"
ORN_DL5,Or7a,LZCLXQDLBQLTDK-UHFFFAOYSA-N,0.1192199037358,"measured (DoOR consensus, normalised 0-1)"
ORN_DL5,Or7a,DKMROQRQHGEIOW-UHFFFAOYSA-N,0.0611838650292284,"measured (DoOR consensus, normalised 0-1)"
ORN_DL5,Or7a,YLYBTZIQSIBWLI-UHFFFAOYSA-N,0.0566177331213105,"measured (DoOR consensus, normalised 0-1)"
ORN_DL5,Or7a,RJUFJBKOKNCXHH-UHFFFAOYSA-N,0.0805479670778367,"measured (DoOR consensus, normalised 0-1)"
ORN_DL5,Or7a,RPRPDTXKGSIXMD-UHFFFAOYSA-N,0.0,"measured (DoOR consensus, normalised 0-1)"
ORN_DL5,Or7a,SIKJAQJRHWYJAI-UHFFFAOYSA-N,0.0854401889271052,"measured (DoOR consensus, normalised 0-1)"
ORN_DL5,Or7a,HCRBXQFHJMCTLF-UHFFFAOYSA-N,0.0854401889271052,"measured (DoOR consensus, normalised 0-1)"
ORN_DL5,Or7a,XUPYJHCZDLZNFP-UHFFFAOYSA-N,0.0229587143439664,"measured (DoOR consensus, normalised 0-1)"
ORN_DL5,Or7a,ICMAFTSLXCXHRK-UHFFFAOYSA-N,0.0721657646538245,"measured (DoOR consensus, normalised 0-1)"
ORN_DL5,Or7a,HTUIWRWYYVBCFT-UHFFFAOYSA-N,0.0142502364893585,"measured (DoOR consensus, normalised 0-1)"
ORN_DL5,Or7a,OAPHLAAOJMTMLY-GQCTYLIASA-N,0.0607346063792125,"measured (DoOR consensus, normalised 0-1)"
ORN_DL5,Or7a,VUPBIVVRPJDWNW-FNORWQNLSA-N,0.0245420739538952,"measured (DoOR consensus, normalised 0-1)"
ORN_DL5,Or7a,BTMVHUNTONAYDX-UHFFFAOYSA-N,0.127028477691168,"measured (DoOR consensus, normalised 0-1)"
ORN_DL5,Or7a,GAEKPEKOJKCEMS-UHFFFAOYSA-N,0.0854401889271052,"measured (DoOR consensus, normalised 0-1)"
ORN_DL5,Or7a,solvent,0.0714568858140974,"measured (DoOR consensus, normalised 0-1)"
ORN_DL5,Or7a,CURLTUGMZLYLDI-UHFFFAOYSA-N,0.0767633571891259,"measured (DoOR consensus, normalised 0-1)"
ORN_DL5,Or7a,UXFSPRAGHGMRSQ-UHFFFAOYSA-N,0.0854401889271052,"measured (DoOR consensus, normalised 0-1)"
ORN_DL5,Or7a,RWRDLPDLKQPQOW-UHFFFAOYSA-N,0.0808788133166378,"measured (DoOR consensus, normalised 0-1)"
ORN_DL5,Or7a,JLPUXFOGCDVKGO-GRYCIOLGSA-N,0.0150419162943228,"measured (DoOR consensus, normalised 0-1)"
ORN_DL5,Or7a,BHHGXPLMPWCGHP-UHFFFAOYSA-N,0.0047500788297861,"measured (DoOR consensus, normalised 0-1)"
ORN_DL5,Or7a,DKIDEFUBRARXTE-UHFFFAOYSA-N,0.0087084778546079,"measured (DoOR consensus, normalised 0-1)"
ORN_DL5,Or7a,FEXQDZTYJVXMOS-UHFFFAOYSA-N,0.0118751970744654,"measured (DoOR consensus, normalised 0-1)"
ORN_DL5,Or7a,HPNMFZURTQLUMO-UHFFFAOYSA-N,0.0221670345390021,"measured (DoOR consensus, normalised 0-1)"
ORN_DL5,Or7a,HVGZQCSMLUDISR-UHFFFAOYSA-N,0.241138368061338,"measured (DoOR consensus, normalised 0-1)"
ORN_DL5,Or7a,ISWSIDIOOBJBQZ-UHFFFAOYSA-N,0.153068926550301,"measured (DoOR consensus, normalised 0-1)"
ORN_DL5,Or7a,JMMWKPVZQRWMSS-UHFFFAOYSA-N,0.206321858652792,"measured (DoOR consensus, normalised 0-1)"
ORN_DL5,Or7a,JUJWROOIHBZHMG-UHFFFAOYSA-N,0.0963196848573646,"measured (DoOR consensus, normalised 0-1)"
ORN_DL5,Or7a,KDVFRMMRZOCFLS-UHFFFAOYSA-N,0.0221670345390021,"measured (DoOR consensus, normalised 0-1)"
ORN_DL5,Or7a,KGEKLUUHTZCSIP-HOSYDEDBSA-N,0.0823951746486949,"measured (DoOR consensus, normalised 0-1)"
ORN_DL5,Or7a,LFYXNXGVLGKVCJ-UHFFFAOYSA-N,0.0823951746486949,"measured (DoOR consensus, normalised 0-1)"
ORN_DL5,Or7a,LGTLDEUQCOJGFP-WAYWQWQTSA-N,0.175210996179865,"measured (DoOR consensus, normalised 0-1)"
ORN_DL5,Or7a,LZWFXVJBIZIHCH-UHFFFAOYSA-N,0.0221670345390021,"measured (DoOR consensus, normalised 0-1)"
ORN_DL5,Or7a,MLLAPOCBLWUFAP-UHFFFAOYSA-N,0.0150419162943228,"measured (DoOR consensus, normalised 0-1)"
ORN_DL5,Or7a,MMOXZBCLCQITDF-UHFFFAOYSA-N,0.019791995124109,"measured (DoOR consensus, normalised 0-1)"
ORN_DL5,Or7a,NGDNVOAEIVQRFH-UHFFFAOYSA-N,0.400831261355679,"measured (DoOR consensus, normalised 0-1)"
ORN_DL5,Or7a,NPFVOOAXDOBMCE-SNAWJCMRSA-N,0.456476550354066,"measured (DoOR consensus, normalised 0-1)"
ORN_DL5,Or7a,OCAIYHCKLADPEG-UHFFFAOYSA-N,0.011083517269501,"measured (DoOR consensus, normalised 0-1)"
ORN_DL5,Or7a,PCWGTDULNUVNBN-UHFFFAOYSA-N,0.043735443298591,"measured (DoOR consensus, normalised 0-1)"
ORN_DL5,Or7a,PQLMXFQTAMDXIZ-UHFFFAOYSA-N,0.0007916798049643,"measured (DoOR consensus, normalised 0-1)"
ORN_DL5,Or7a,PXIKRTCSSLJURC-UHFFFAOYSA-N,0.0142502364893585,"measured (DoOR consensus, normalised 0-1)"
ORN_DL5,Or7a,QUSNBJAOOMFDIB-UHFFFAOYSA-N,0.043735443298591,"measured (DoOR consensus, normalised 0-1)"
ORN_DL5,Or7a,RHLVCLIPMVJYKS-UHFFFAOYSA-N,0.0229587143439664,"measured (DoOR consensus, normalised 0-1)"
ORN_DL5,Or7a,RSDDTPVXLMVLQE-UHFFFAOYSA-N,0.182850026309575,"measured (DoOR consensus, normalised 0-1)"
ORN_DL5,Or7a,UDEWPOVQBGFNGE-UHFFFAOYSA-N,0.0118751970744654,"measured (DoOR consensus, normalised 0-1)"
ORN_DL5,Or7a,WLJVXDMOQOGPHL-UHFFFAOYSA-N,0.0283844529914738,"measured (DoOR consensus, normalised 0-1)"
ORN_DL5,Or7a,XAOGXQMKWQFZEM-UHFFFAOYSA-N,0.0126668768794298,"measured (DoOR consensus, normalised 0-1)"
ORN_DL5,Or7a,XDEGQMQKHFPBEW-VMPITWQZSA-N,0.164494765918333,"measured (DoOR consensus, normalised 0-1)"
ORN_DL5,Or7a,XVSZRAWFCDHCBP-UHFFFAOYSA-N,0.0118751970744654,"measured (DoOR consensus, normalised 0-1)"
ORN_DL5,Or7a,XXIKYCPRDXIMQM-UHFFFAOYSA-N,0.0343288540855302,"measured (DoOR consensus, normalised 0-1)"
ORN_DL5,Or7a,YOMSJEATGXXYPX-UHFFFAOYSA-N,0.011083517269501,"measured (DoOR consensus, normalised 0-1)"
ORN_DL5,Or7a,ZKPTYCJWRHHBOW-UHFFFAOYSA-N,0.0545510981786058,"measured (DoOR consensus, normalised 0-1)"
ORN_DL5,Or7a,ZOIRKXLFEHOVER-UHFFFAOYSA-N,0.0087084778546079,"measured (DoOR consensus, normalised 0-1)"
ORN_DL5,Or7a,HQABUPZFAYXKJW-UHFFFAOYSA-N,0.0209772968528081,"measured (DoOR consensus, normalised 0-1)"
ORN_DL5,Or7a,QCCDLTOVEPVEJK-UHFFFAOYSA-N,0.0510578215136562,"measured (DoOR consensus, normalised 0-1)"
ORN_DL5,Or7a,FWZUNOYOVVKUNF-UHFFFAOYSA-N,0.0805479670778367,"measured (DoOR consensus, normalised 0-1)"
ORN_DL5,Or7a,QNVRIHYSUZMSGM-ZCFIWIBFSA-N,0.322205427703116,"measured (DoOR consensus, normalised 0-1)"
ORN_DL5,Or7a,MEIRRNXMZYDVDW-MQQKCMAXSA-N,0.194865340027108,"measured (DoOR consensus, normalised 0-1)"
ORN_DL5,Or7a,YSNWHRKJEKWJNY-UHFFFAOYSA-N,0.103634618853873,"measured (DoOR consensus, normalised 0-1)"
ORN_DL5,Or7a,CETWDUZRCINIHU-ZETCQYMHSA-N,0.183508431893219,"measured (DoOR consensus, normalised 0-1)"
ORN_DL5,Or7a,GMEONFUTDYJSNV-UHFFFAOYSA-N,0.0805479670778367,"measured (DoOR consensus, normalised 0-1)"
ORN_DL5,Or7a,JIGUQPWFLRLWPJ-UHFFFAOYSA-N,0.0428717011510418,"measured (DoOR consensus, normalised 0-1)"
ORN_DL5,Or7a,BHIWKHZACMWKOJ-UHFFFAOYSA-N,0.0428717011510418,"measured (DoOR consensus, normalised 0-1)"
ORN_DL5,Or7a,WYACBZDAHNBPPB-UHFFFAOYSA-N,0.138433566357567,"measured (DoOR consensus, normalised 0-1)"
ORN_DL5,Or7a,ZKQDCIXGCQPQNV-UHFFFAOYSA-N,0.0464508203368255,"measured (DoOR consensus, normalised 0-1)"
ORN_DL5,Or7a,CRVGTESFCCXCTH-UHFFFAOYSA-N,0.031362014883856,"measured (DoOR consensus, normalised 0-1)"
ORN_DL5,Or7a,AKNUHUCEWALCOI-UHFFFAOYSA-O,0.0351277138040944,"measured (DoOR consensus, normalised 0-1)"
ORN_DL5,Or7a,OSPSWZSRKYCQPF-UHFFFAOYSA-N,0.0269611250286324,"measured (DoOR consensus, normalised 0-1)"
ORN_DL5,Or7a,BDZBKCUKTQZUTL-UHFFFAOYSA-N,0.0278326228275041,"measured (DoOR consensus, normalised 0-1)"
ORN_DL5,Or7a,DWCLXOREGBLXTD-UHFFFAOYSA-N,0.041413287259531,"measured (DoOR consensus, normalised 0-1)"
ORN_DL5,Or7a,YIWUKEYIRIRTPP-UHFFFAOYSA-N,0.0304793456603584,"measured (DoOR consensus, normalised 0-1)"
ORN_DL5,Or7a,VKYKSIONXSXAKP-UHFFFAOYSA-N,0.04867213786315,"measured (DoOR consensus, normalised 0-1)"
ORN_DL5,Or7a,MHAJPDPJQMAIIY-UHFFFAOYSA-N,0.0376404910132736,"measured (DoOR consensus, normalised 0-1)"
ORN_DL5,Or7a,GRYLNZFGIOXLOG-UHFFFAOYSA-N,0.0464508203368255,"measured (DoOR consensus, normalised 0-1)"
ORN_DL5,Or7a,LYGJENNIWJXYER-UHFFFAOYSA-N,0.0401551932254029,"measured (DoOR consensus, normalised 0-1)"
ORN_DL5,Or7a,WFDIJRYMOXRFFG-UHFFFAOYSA-N,0.0668457396325477,"measured (DoOR consensus, normalised 0-1)"
ORN_DL5,Or7a,ZHNUHDYFZUAESO-UHFFFAOYSA-N,0.04867213786315,"measured (DoOR consensus, normalised 0-1)"
ORN_DL5,Or7a,WGSVFWFSJDAYBM-BQYQJAHWSA-N,0.042671888093556,"measured (DoOR consensus, normalised 0-1)"
ORN_DL5,Or7a,ZMQAAUBTXCXRIC-UHFFFAOYSA-N,0.0510578215136562,"measured (DoOR consensus, normalised 0-1)"
ORN_DL5,Or7a,FHIVAFMUCKRCQO-UHFFFAOYSA-N,0.113644746442663,"measured (DoOR consensus, normalised 0-1)"
ORN_DL5,Or7a,RDYMFSUJUZBWLH-UHFFFAOYSA-N,0.0907012554195192,"measured (DoOR consensus, normalised 0-1)"
ORN_DL5,Or7a,YLMGFJXSLBMXHK-UHFFFAOYSA-M,0.0534071115720535,"measured (DoOR consensus, normalised 0-1)"
ORN_DL5,Or7a,BAZAXWOYCMUHIX-UHFFFAOYSA-M,0.0580047345700489,"measured (DoOR consensus, normalised 0-1)"
ORN_DL5,Or7a,RWSOTUBLDIXVET-UHFFFAOYSA-N,0.0278326228275041,"measured (DoOR consensus, normalised 0-1)"
ORN_DL5,Or7a,XTFIVUDBNACUBN-UHFFFAOYSA-N,0.0834177967459052,"measured (DoOR consensus, normalised 0-1)"
ORN_DL5,Or7a,HMWPNDNFTFSCEB-UHFFFAOYSA-N,0.0388975973190853,"measured (DoOR consensus, normalised 0-1)"
ORN_DL5,Or7a,SNIOPGDIGTZGOP-UHFFFAOYSA-N,0.0985003335190536,"measured (DoOR consensus, normalised 0-1)"
ORN_DL5,Or7a,TZRXHJWUDPFEEY-UHFFFAOYSA-N,0.157150869739499,"measured (DoOR consensus, normalised 0-1)"
ORN_DL5,Or7a,ZTLXICJMNFREPA-UHFFFAOYSA-N,0.0376404910132736,"measured (DoOR consensus, normalised 0-1)"
ORN_DL5,Or7a,SPSSULHKWOKEEL-UHFFFAOYSA-N,0.10106250474948,"measured (DoOR consensus, normalised 0-1)"
ORN_VM2,Or43b,XLYOFNOQVPJJNP-UHFFFAOYSA-N,0.0653931258841061,"measured (DoOR consensus, normalised 0-1)"
ORN_VM2,Or43b,VHUUQVKOLVNVRT-UHFFFAOYSA-N,0.0196479072202648,"measured (DoOR consensus, normalised 0-1)"
ORN_VM2,Or43b,KIDHWZJUCRJVML-UHFFFAOYSA-N,0.0492637851810648,"measured (DoOR consensus, normalised 0-1)"
ORN_VM2,Or43b,VHRGRCVQAFMJIZ-UHFFFAOYSA-N,0.0531823695864968,"measured (DoOR consensus, normalised 0-1)"
ORN_VM2,Or43b,YEJRWHAVMIAJKC-UHFFFAOYSA-N,0.107050170047235,"measured (DoOR consensus, normalised 0-1)"
ORN_VM2,Or43b,JBFHTYHTHYHCDJ-UHFFFAOYSA-N,0.168394287454202,"measured (DoOR consensus, normalised 0-1)"
ORN_VM2,Or43b,IPBFYZQJXZJBFQ-UHFFFAOYSA-N,0.153308457977331,"measured (DoOR consensus, normalised 0-1)"
ORN_VM2,Or43b,IFYYFLINQYPWGJ-UHFFFAOYSA-N,0.0078107650677281,"measured (DoOR consensus, normalised 0-1)"
ORN_VM2,Or43b,GHBSPIPJMLAMEP-UHFFFAOYSA-N,0.0078107650677281,"measured (DoOR consensus, normalised 0-1)"
ORN_VM2,Or43b,BDAGIHXWWSANSR-UHFFFAOYSA-N,0.0234322952031843,"measured (DoOR consensus, normalised 0-1)"
ORN_VM2,Or43b,QTBSBXVTEAMEQO-UHFFFAOYSA-N,0.0332973645862552,"measured (DoOR consensus, normalised 0-1)"
ORN_VM2,Or43b,XBDQKXXYIPTUBI-UHFFFAOYSA-N,0.0208287068472749,"measured (DoOR consensus, normalised 0-1)"
ORN_VM2,Or43b,FERIUCNNQQJTOY-UHFFFAOYSA-N,0.113474902395781,"measured (DoOR consensus, normalised 0-1)"
ORN_VM2,Or43b,NQPDZGIKBAWPEJ-UHFFFAOYSA-N,0.0208287068472749,"measured (DoOR consensus, normalised 0-1)"
ORN_VM2,Or43b,FUZZWVXGSFPDMH-UHFFFAOYSA-N,0.0208287068472749,"measured (DoOR consensus, normalised 0-1)"
ORN_VM2,Or43b,MNWFXJYAOYHMED-UHFFFAOYSA-N,0.113474902395781,"measured (DoOR consensus, normalised 0-1)"
ORN_VM2,Or43b,WWZKQHOCKIZLMA-UHFFFAOYSA-N,0.0332973645862552,"measured (DoOR consensus, normalised 0-1)"
ORN_VM2,Or43b,FBUKVWPVBMHYJY-UHFFFAOYSA-N,0.0182251184913656,"measured (DoOR consensus, normalised 0-1)"
ORN_VM2,Or43b,OYHQOLUKZRVURQ-HZJYTTRNSA-N,0.187246530332916,"measured (DoOR consensus, normalised 0-1)"
ORN_VM2,Or43b,KQNPFQTWMSNSAP-UHFFFAOYSA-N,0.0332973645862552,"measured (DoOR consensus, normalised 0-1)"
ORN_VM2,Or43b,GWYFCOCPABKNJV-UHFFFAOYSA-N,0.0260358835590937,"measured (DoOR consensus, normalised 0-1)"
ORN_VM2,Or43b,LCTONWCANYUPML-UHFFFAOYSA-N,0.0260358835590937,"measured (DoOR consensus, normalised 0-1)"
ORN_VM2,Or43b,OBETXYAYXDNJHR-UHFFFAOYSA-N,0.234078510252024,"measured (DoOR consensus, normalised 0-1)"
ORN_VM2,Or43b,JVTAAEKCZFNVCJ-UHFFFAOYSA-N,0.0182251184913656,"measured (DoOR consensus, normalised 0-1)"
ORN_VM2,Or43b,CZUGFKJYCPYHHV-UHFFFAOYSA-N,0.200639629508836,"measured (DoOR consensus, normalised 0-1)"
ORN_VM2,Or43b,QMMFVYPAHWMCMS-UHFFFAOYSA-N,0.0436012957844927,"measured (DoOR consensus, normalised 0-1)"
ORN_VM2,Or43b,MOYAFQVGZZPNRA-UHFFFAOYSA-N,0.0531823695864968,"measured (DoOR consensus, normalised 0-1)"
ORN_VM2,Or43b,GRWFGVWFFZKLTI-UHFFFAOYSA-N,0.0130179417795468,"measured (DoOR consensus, normalised 0-1)"
ORN_VM2,Or43b,WTARULDDTDQWMU-UHFFFAOYSA-N,0.0260358835590937,"measured (DoOR consensus, normalised 0-1)"
ORN_VM2,Or43b,BQOFWKZOCNGFEC-UHFFFAOYSA-N,0.0208287068472749,"measured (DoOR consensus, normalised 0-1)"
ORN_VM2,Or43b,XMGQYMWWDOXHJM-UHFFFAOYSA-N,0.0182251184913656,"measured (DoOR consensus, normalised 0-1)"
ORN_VM2,Or43b,FAMPSKZZVDUYOS-HRGUGZIWSA-N,0.0156215301354562,"measured (DoOR consensus, normalised 0-1)"
ORN_VM2,Or43b,UAHWPYUMFXYFJY-UHFFFAOYSA-N,0.0208287068472749,"measured (DoOR consensus, normalised 0-1)"
ORN_VM2,Or43b,NPNUFJAVOOONJE-GFUGXAQUSA-N,0.0234322952031843,"measured (DoOR consensus, normalised 0-1)"
ORN_VM2,Or43b,HFPZCAJZSCWRBC-UHFFFAOYSA-N,0.0078107650677281,"measured (DoOR consensus, normalised 0-1)"
ORN_VM2,Or43b,HIGQPQRQIQDZMP-DHZHZOJOSA-N,0.0692595048417589,"measured (DoOR consensus, normalised 0-1)"
ORN_VM2,Or43b,WUOACPNHFRMFPN-SECBINFHSA-N,0.0182251184913656,"measured (DoOR consensus, normalised 0-1)"
ORN_VM2,Or43b,GLZPCOQZEFWAFX-JXMROGBWSA-N,0.0182251184913656,"measured (DoOR consensus, normalised 0-1)"
ORN_VM2,Or43b,GLZPCOQZEFWAFX-YFHOEESVSA-N,0.0260358835590937,"measured (DoOR consensus, normalised 0-1)"
ORN_VM2,Or43b,CDOSHBSSFJOMGT-UHFFFAOYSA-N,0.0052071767118187,"measured (DoOR consensus, normalised 0-1)"
ORN_VM2,Or43b,QMVPMAAFGQKVCJ-SNVBAGLBSA-N,0.0208287068472749,"measured (DoOR consensus, normalised 0-1)"
ORN_VM2,Or43b,BRHDDEIRQPDPMG-UHFFFAOYSA-N,0.0705972588704249,"measured (DoOR consensus, normalised 0-1)"
ORN_VM2,Or43b,IKHGUXGNUITLKF-UHFFFAOYSA-N,0.0234322952031843,"measured (DoOR consensus, normalised 0-1)"
ORN_VM2,Or43b,NBBJYMSMWIIQGU-UHFFFAOYSA-N,0.0746468493672804,"measured (DoOR consensus, normalised 0-1)"
ORN_VM2,Or43b,ZTQSAGDEMFDKMZ-UHFFFAOYSA-N,0.257594118583656,"measured (DoOR consensus, normalised 0-1)"
ORN_VM2,Or43b,HGBOYTHUEUWSSQ-UHFFFAOYSA-N,0.0531823695864968,"measured (DoOR consensus, normalised 0-1)"
ORN_VM2,Or43b,JARKCYVAAOWBJS-UHFFFAOYSA-N,0.230046095557302,"measured (DoOR consensus, normalised 0-1)"
ORN_VM2,Or43b,MBDOYVRWFFCFHM-SNAWJCMRSA-N,0.331531008503627,"measured (DoOR consensus, normalised 0-1)"
ORN_VM2,Or43b,HYBBIBNJHNGZAN-UHFFFAOYSA-N,0.187246530332916,"measured (DoOR consensus, normalised 0-1)"
ORN_VM2,Or43b,HGINCPLSRVDWNT-UHFFFAOYSA-N,0.0436012957844927,"measured (DoOR consensus, normalised 0-1)"
ORN_VM2,Or43b,CSCPPACGZOOCGX-UHFFFAOYSA-N,0.02843968960863,"measured (DoOR consensus, normalised 0-1)"
ORN_VM2,Or43b,ZWEHNKRNPOVVGH-UHFFFAOYSA-N,0.0730482829189703,"measured (DoOR consensus, normalised 0-1)"
ORN_VM2,Or43b,XNLICIUVMPYHGG-UHFFFAOYSA-N,0.344480358794884,"measured (DoOR consensus, normalised 0-1)"
ORN_VM2,Or43b,CATSNJVOTSVZJV-UHFFFAOYSA-N,0.284549325610458,"measured (DoOR consensus, normalised 0-1)"
ORN_VM2,Or43b,UHEPJGULSIKKTP-UHFFFAOYSA-N,0.26137359146973,"measured (DoOR consensus, normalised 0-1)"
ORN_VM2,Or43b,QSJXEFYPDANLFS-UHFFFAOYSA-N,0.269180298753822,"measured (DoOR consensus, normalised 0-1)"
ORN_VM2,Or43b,JHIVVAPYMSGYDF-UHFFFAOYSA-N,0.0848139630095782,"measured (DoOR consensus, normalised 0-1)"
ORN_VM2,Or43b,WRMNZCZEMHIOCP-UHFFFAOYSA-N,0.0182251184913656,"measured (DoOR consensus, normalised 0-1)"
ORN_VM2,Or43b,WVDDGKGOMKODPV-UHFFFAOYSA-N,0.0026035883559093,"measured (DoOR consensus, normalised 0-1)"
ORN_VM2,Or43b,OSWPMRLSEDHDFF-UHFFFAOYSA-N,0.0627038027327331,"measured (DoOR consensus, normalised 0-1)"
ORN_VM2,Or43b,QPJVMBTYPHYUOC-UHFFFAOYSA-N,0.177979343466643,"measured (DoOR consensus, normalised 0-1)"
ORN_VM2,Or43b,MTZQAGJQAFMTAQ-UHFFFAOYSA-N,0.0182251184913656,"measured (DoOR consensus, normalised 0-1)"
ORN_VM2,Or43b,MDHYEMXUFSJLGV-UHFFFAOYSA-N,0.0078107650677281,"measured (DoOR consensus, normalised 0-1)"
ORN_VM2,Or43b,HUMNYLRZRPPJDN-UHFFFAOYSA-N,0.151547100813169,"measured (DoOR consensus, normalised 0-1)"
ORN_VM2,Or43b,DTUQWGWMVIHBKE-UHFFFAOYSA-N,0.0234322952031843,"measured (DoOR consensus, normalised 0-1)"
ORN_VM2,Or43b,KWOLFJPFCHCOCG-UHFFFAOYSA-N,0.0332973645862552,"measured (DoOR consensus, normalised 0-1)"
ORN_VM2,Or43b,KBEBGUQPQBELIU-CMDGGOBGSA-N,0.0078107650677281,"measured (DoOR consensus, normalised 0-1)"
ORN_VM2,Or43b,QWVGKYWNOKOFNN-UHFFFAOYSA-N,0.304916887797964,"measured (DoOR consensus, normalised 0-1)"
ORN_VM2,Or43b,CHWNEIVBYREQRF-UHFFFAOYSA-N,0.0104143534236375,"measured (DoOR consensus, normalised 0-1)"
ORN_VM2,Or43b,RRAFCDWBNXTKKO-UHFFFAOYSA-N,0.0332973645862552,"measured (DoOR consensus, normalised 0-1)"
ORN_VM2,Or43b,IWDCLRJOBJJRNH-UHFFFAOYSA-N,0.178325810873665,"measured (DoOR consensus, normalised 0-1)"
ORN_VM2,Or43b,OKKJLVBELUTLKV-UHFFFAOYSA-N,0.0705972588704249,"measured (DoOR consensus, normalised 0-1)"
ORN_VM2,Or43b,LFQSCWFLJHTTHZ-UHFFFAOYSA-N,0.062151697619806,"measured (DoOR consensus, normalised 0-1)"
ORN_VM2,Or43b,BDERNNFJNOPAEC-UHFFFAOYSA-N,0.18264991317811,"measured (DoOR consensus, normalised 0-1)"
ORN_VM2,Or43b,LRHPLDYGYMQRHN-UHFFFAOYSA-N,0.337511684505102,"measured (DoOR consensus, normalised 0-1)"
ORN_VM2,Or43b,AMQJEAYHLZJPGS-UHFFFAOYSA-N,0.460580145063501,"measured (DoOR consensus, normalised 0-1)"
ORN_VM2,Or43b,ZSIAUFGUXNUGDI-UHFFFAOYSA-N,0.347231242186799,"measured (DoOR consensus, normalised 0-1)"
ORN_VM2,Or43b,KBPLFHHGFOOTCA-UHFFFAOYSA-N,0.158441416097466,"measured (DoOR consensus, normalised 0-1)"
ORN_VM2,Or43b,JYVLIDXNZAXMDK-UHFFFAOYSA-N,0.684514543650106,"measured (DoOR consensus, normalised 0-1)"
ORN_VM2,Or43b,PHTQWCKDNZKARW-UHFFFAOYSA-N,0.249873627633195,"measured (DoOR consensus, normalised 0-1)"
ORN_VM2,Or43b,ASUAYTHWZCLXAN-UHFFFAOYSA-N,0.265212142846442,"measured (DoOR consensus, normalised 0-1)"
ORN_VM2,Or43b,VHVMXWZXFBOANQ-UHFFFAOYSA-N,0.440153602588202,"measured (DoOR consensus, normalised 0-1)"
ORN_VM2,Or43b,VSMOENVRRABVKN-UHFFFAOYSA-N,0.197381049274668,"measured (DoOR consensus, normalised 0-1)"
ORN_VM2,Or43b,ZCHHRLHTBGRGOT-SNAWJCMRSA-N,0.392582930024875,"measured (DoOR consensus, normalised 0-1)"
ORN_VM2,Or43b,ZCHHRLHTBGRGOT-PLNGDYQASA-N,0.697701390115564,"measured (DoOR consensus, normalised 0-1)"
ORN_VM2,Or43b,UFLHIIWVXFIJGU-ONEGZZNKSA-N,0.272737691462024,"measured (DoOR consensus, normalised 0-1)"
ORN_VM2,Or43b,UFLHIIWVXFIJGU-ARJAWSKDSA-N,0.358329882937001,"measured (DoOR consensus, normalised 0-1)"
ORN_VM2,Or43b,PEDCQBHIVMGVHV-UHFFFAOYSA-N,0.0156215301354562,"measured (DoOR consensus, normalised 0-1)"
ORN_VM2,Or43b,OWBTYPJTUOEWEK-UHFFFAOYSA-N,0.463994032688763,"measured (DoOR consensus, normalised 0-1)"
ORN_VM2,Or43b,KXKVLQRXCPHEJC-UHFFFAOYSA-N,0.0512850406730653,"measured (DoOR consensus, normalised 0-1)"
ORN_VM2,Or43b,XEKOWRVHYACXOJ-UHFFFAOYSA-N,0.492335798899494,"measured (DoOR consensus, normalised 0-1)"
ORN_VM2,Or43b,YKYONYBAUNKHLG-UHFFFAOYSA-N,0.700338759408656,"measured (DoOR consensus, normalised 0-1)"
ORN_VM2,Or43b,DKPFZGUDAPQIHT-UHFFFAOYSA-N,0.635181678727405,"measured (DoOR consensus, normalised 0-1)"
ORN_VM2,Or43b,PGMYKACGEOXYJE-UHFFFAOYSA-N,0.365452027223856,"measured (DoOR consensus, normalised 0-1)"
ORN_VM2,Or43b,AOGQPLXWSUTHQB-UHFFFAOYSA-N,0.086187411214224,"measured (DoOR consensus, normalised 0-1)"
ORN_VM2,Or43b,GJRQTCIYDGXPES-UHFFFAOYSA-N,0.70825086728793,"measured (DoOR consensus, normalised 0-1)"
ORN_VM2,Or43b,MLFHJEHSLIIPHL-UHFFFAOYSA-N,0.416382849199366,"measured (DoOR consensus, normalised 0-1)"
ORN_VM2,Or43b,HRHOWZHRCRZVCU-WAYWQWQTSA-N,0.162162752112062,"measured (DoOR consensus, normalised 0-1)"
ORN_VM2,Or43b,UUIQMZJEGPQKFD-UHFFFAOYSA-N,0.700338759408656,"measured (DoOR consensus, normalised 0-1)"
ORN_VM2,Or43b,OBNCKNCVKJNDBV-UHFFFAOYSA-N,0.716229380141358,"measured (DoOR consensus, normalised 0-1)"
ORN_VM2,Or43b,XAPCMTMQBXLDBB-UHFFFAOYSA-N,0.0208287068472749,"measured (DoOR consensus, normalised 0-1)"
ORN_VM2,Or43b,OMSUIQOIVADKIM-UHFFFAOYSA-N,0.592531133792893,"measured (DoOR consensus, normalised 0-1)"
ORN_VM2,Or43b,FKRCODPIKNYEAC-UHFFFAOYSA-N,0.684514543650106,"measured (DoOR consensus, normalised 0-1)"
ORN_VM2,Or43b,WBJINCZRORDGAQ-UHFFFAOYSA-N,0.0260358835590937,"measured (DoOR consensus, normalised 0-1)"
ORN_VM2,Or43b,NUKZAGXMHTUAFE-UHFFFAOYSA-N,0.283871784190896,"measured (DoOR consensus, normalised 0-1)"
ORN_VM2,Or43b,SHZIWNPUGXLXDT-UHFFFAOYSA-N,0.11880989931725,"measured (DoOR consensus, normalised 0-1)"
ORN_VM2,Or43b,NCDCLPBOMHPFCV-UHFFFAOYSA-N,0.0,"measured (DoOR consensus, normalised 0-1)"
ORN_VM2,Or43b,JGHZJRVDZXSNKQ-UHFFFAOYSA-N,0.0130179417795468,"measured (DoOR consensus, normalised 0-1)"
ORN_VM2,Or43b,YYZUSRORWSJGET-UHFFFAOYSA-N,0.0104143534236375,"measured (DoOR consensus, normalised 0-1)"
ORN_VM2,Or43b,RGXWDWUGBIJHDO-UHFFFAOYSA-N,0.0208287068472749,"measured (DoOR consensus, normalised 0-1)"
ORN_VM2,Or43b,ZFDIRQKJPRINOQ-HWKANZROSA-N,0.745174037391212,"measured (DoOR consensus, normalised 0-1)"
ORN_VM2,Or43b,LZCLXQDLBQLTDK-UHFFFAOYSA-N,0.406192213457914,"measured (DoOR consensus, normalised 0-1)"
ORN_VM2,Or43b,DKMROQRQHGEIOW-UHFFFAOYSA-N,0.0130179417795468,"measured (DoOR consensus, normalised 0-1)"
ORN_VM2,Or43b,ICMAFTSLXCXHRK-UHFFFAOYSA-N,0.481500314280202,"measured (DoOR consensus, normalised 0-1)"
ORN_VM2,Or43b,solvent,0.03789993081602,"measured (DoOR consensus, normalised 0-1)"
ORN_VM2,Or43b,CURLTUGMZLYLDI-UHFFFAOYSA-N,0.0298344819420174,"measured (DoOR consensus, normalised 0-1)"
ORN_VM2,Or43b,QCCDLTOVEPVEJK-UHFFFAOYSA-N,0.0700537936281041,"measured (DoOR consensus, normalised 0-1)"
ORN_VM2,Or43b,ZKQDCIXGCQPQNV-UHFFFAOYSA-N,0.0233943095045782,"measured (DoOR consensus, normalised 0-1)"
ORN_VM2,Or43b,CRVGTESFCCXCTH-UHFFFAOYSA-N,0.0250826638160594,"measured (DoOR consensus, normalised 0-1)"
ORN_VM2,Or43b,AKNUHUCEWALCOI-UHFFFAOYSA-O,0.0022898806110625,"measured (DoOR consensus, normalised 0-1)"
ORN_VM2,Or43b,OSPSWZSRKYCQPF-UHFFFAOYSA-N,0.658420748403126,"measured (DoOR consensus, normalised 0-1)"
ORN_VM2,Or43b,BDZBKCUKTQZUTL-UHFFFAOYSA-N,0.319053107797486,"measured (DoOR consensus, normalised 0-1)"
ORN_VM2,Or43b,DWCLXOREGBLXTD-UHFFFAOYSA-N,0.0250826638160594,"measured (DoOR consensus, normalised 0-1)"
ORN_VM2,Or43b,YIWUKEYIRIRTPP-UHFFFAOYSA-N,0.63508510716944,"measured (DoOR consensus, normalised 0-1)"
ORN_VM2,Or43b,VKYKSIONXSXAKP-UHFFFAOYSA-N,0.0259268409718,"measured (DoOR consensus, normalised 0-1)"
ORN_VM2,Or43b,MHAJPDPJQMAIIY-UHFFFAOYSA-N,0.0313575960308044,"measured (DoOR consensus, normalised 0-1)"
ORN_VM2,Or43b,GRYLNZFGIOXLOG-UHFFFAOYSA-N,0.0259268409718,"measured (DoOR consensus, normalised 0-1)"
ORN_VM2,Or43b,LYGJENNIWJXYER-UHFFFAOYSA-N,0.0284954289179429,"measured (DoOR consensus, normalised 0-1)"
ORN_VM2,Or43b,WFDIJRYMOXRFFG-UHFFFAOYSA-N,0.040496383453454,"measured (DoOR consensus, normalised 0-1)"
ORN_VM2,Or43b,ZHNUHDYFZUAESO-UHFFFAOYSA-N,0.019173423725875,"measured (DoOR consensus, normalised 0-1)"
ORN_VM2,Or43b,WGSVFWFSJDAYBM-BQYQJAHWSA-N,0.0302328380982722,"measured (DoOR consensus, normalised 0-1)"
ORN_VM2,Or43b,ZMQAAUBTXCXRIC-UHFFFAOYSA-N,0.0302328380982722,"measured (DoOR consensus, normalised 0-1)"
ORN_VM2,Or43b,FHIVAFMUCKRCQO-UHFFFAOYSA-N,0.0736301109261735,"measured (DoOR consensus, normalised 0-1)"
ORN_VM2,Or43b,RDYMFSUJUZBWLH-UHFFFAOYSA-N,0.0772795122897088,"measured (DoOR consensus, normalised 0-1)"
ORN_VM2,Or43b,YLMGFJXSLBMXHK-UHFFFAOYSA-M,0.0183292465701344,"measured (DoOR consensus, normalised 0-1)"
ORN_VM2,Or43b,BAZAXWOYCMUHIX-UHFFFAOYSA-M,0.0200176008816157,"measured (DoOR consensus, normalised 0-1)"
ORN_VM2,Or43b,RWSOTUBLDIXVET-UHFFFAOYSA-N,0.0200176008816157,"measured (DoOR consensus, normalised 0-1)"
ORN_VM2,Or43b,XTFIVUDBNACUBN-UHFFFAOYSA-N,0.0531263017248878,"measured (DoOR consensus, normalised 0-1)"
ORN_VM2,Or43b,HMWPNDNFTFSCEB-UHFFFAOYSA-N,0.0284954289179429,"measured (DoOR consensus, normalised 0-1)"
ORN_VM2,Or43b,SNIOPGDIGTZGOP-UHFFFAOYSA-N,0.0736301109261735,"measured (DoOR consensus, normalised 0-1)"
ORN_VM2,Or43b,TZRXHJWUDPFEEY-UHFFFAOYSA-N,0.0700537936281041,"measured (DoOR consensus, normalised 0-1)"
ORN_VM2,Or43b,ZTLXICJMNFREPA-UHFFFAOYSA-N,0.0284954289179429,"measured (DoOR consensus, normalised 0-1)"
ORN_VM2,Or43b,SPSSULHKWOKEEL-UHFFFAOYSA-N,0.0467272239908487,"measured (DoOR consensus, normalised 0-1)"
ORN_VC4,Or67c,XLYOFNOQVPJJNP-UHFFFAOYSA-N,0.0257752986868505,"measured (DoOR consensus, normalised 0-1)"
ORN_VC4,Or67c,VHUUQVKOLVNVRT-UHFFFAOYSA-N,0.025907138517524,"measured (DoOR consensus, normalised 0-1)"
ORN_VC4,Or67c,KIDHWZJUCRJVML-UHFFFAOYSA-N,0.0421216162156154,"measured (DoOR consensus, normalised 0-1)"
ORN_VC4,Or67c,VHRGRCVQAFMJIZ-UHFFFAOYSA-N,0.0388829264721942,"measured (DoOR consensus, normalised 0-1)"
ORN_VC4,Or67c,QGZKDVFQNNGYKY-UHFFFAOYSA-N,0.0709990086242188,"measured (DoOR consensus, normalised 0-1)"
ORN_VC4,Or67c,HZAXFHJVJLSVMW-UHFFFAOYSA-N,0.0709990086242188,"measured (DoOR consensus, normalised 0-1)"
ORN_VC4,Or67c,YEJRWHAVMIAJKC-UHFFFAOYSA-N,0.0503900030651769,"measured (DoOR consensus, normalised 0-1)"
ORN_VC4,Or67c,JBFHTYHTHYHCDJ-UHFFFAOYSA-N,0.0946714820710876,"measured (DoOR consensus, normalised 0-1)"
ORN_VC4,Or67c,IPBFYZQJXZJBFQ-UHFFFAOYSA-N,0.0426428814331834,"measured (DoOR consensus, normalised 0-1)"
ORN_VC4,Or67c,IFYYFLINQYPWGJ-UHFFFAOYSA-N,0.0160719657018802,"measured (DoOR consensus, normalised 0-1)"
ORN_VC4,Or67c,GHBSPIPJMLAMEP-UHFFFAOYSA-N,0.0144228372675282,"measured (DoOR consensus, normalised 0-1)"
ORN_VC4,Or67c,BDAGIHXWWSANSR-UHFFFAOYSA-N,0.0351946508168096,"measured (DoOR consensus, normalised 0-1)"
ORN_VC4,Or67c,QTBSBXVTEAMEQO-UHFFFAOYSA-N,0.0245324699453187,"measured (DoOR consensus, normalised 0-1)"
ORN_VC4,Or67c,XBDQKXXYIPTUBI-UHFFFAOYSA-N,0.0464775119776879,"measured (DoOR consensus, normalised 0-1)"
ORN_VC4,Or67c,FERIUCNNQQJTOY-UHFFFAOYSA-N,0.0606037808055118,"measured (DoOR consensus, normalised 0-1)"
ORN_VC4,Or67c,NQPDZGIKBAWPEJ-UHFFFAOYSA-N,0.0333765043607796,"measured (DoOR consensus, normalised 0-1)"
ORN_VC4,Or67c,FUZZWVXGSFPDMH-UHFFFAOYSA-N,0.0351946508168096,"measured (DoOR consensus, normalised 0-1)"
ORN_VC4,Or67c,MNWFXJYAOYHMED-UHFFFAOYSA-N,0.0095568569692029,"measured (DoOR consensus, normalised 0-1)"
ORN_VC4,Or67c,WWZKQHOCKIZLMA-UHFFFAOYSA-N,0.0177350707747233,"measured (DoOR consensus, normalised 0-1)"
ORN_VC4,Or67c,FBUKVWPVBMHYJY-UHFFFAOYSA-N,0.0228108342678195,"measured (DoOR consensus, normalised 0-1)"
ORN_VC4,Or67c,OYHQOLUKZRVURQ-HZJYTTRNSA-N,0.0079612116204475,"measured (DoOR consensus, normalised 0-1)"
ORN_VC4,Or67c,KQNPFQTWMSNSAP-UHFFFAOYSA-N,0.0370300090375737,"measured (DoOR consensus, normalised 0-1)"
ORN_VC4,Or67c,GWYFCOCPABKNJV-UHFFFAOYSA-N,0.0407537610159937,"measured (DoOR consensus, normalised 0-1)"
ORN_VC4,Or67c,LCTONWCANYUPML-UHFFFAOYSA-N,0.0333765043607796,"measured (DoOR consensus, normalised 0-1)"
ORN_VC4,Or67c,OBETXYAYXDNJHR-UHFFFAOYSA-N,0.0280220094670534,"measured (DoOR consensus, normalised 0-1)"
ORN_VC4,Or67c,JVTAAEKCZFNVCJ-UHFFFAOYSA-N,0.0523764971493818,"measured (DoOR consensus, normalised 0-1)"
ORN_VC4,Or67c,CZUGFKJYCPYHHV-UHFFFAOYSA-N,0.0824432580134691,"measured (DoOR consensus, normalised 0-1)"
ORN_VC4,Or67c,QMMFVYPAHWMCMS-UHFFFAOYSA-N,0.0177350707747233,"measured (DoOR consensus, normalised 0-1)"
ORN_VC4,Or67c,ALVPFGSHPUPROW-UHFFFAOYSA-N,0.0709990086242188,"measured (DoOR consensus, normalised 0-1)"
ORN_VC4,Or67c,SUVIGLJNEAMWEG-UHFFFAOYSA-N,0.0709990086242188,"measured (DoOR consensus, normalised 0-1)"
ORN_VC4,Or67c,MOYAFQVGZZPNRA-UHFFFAOYSA-N,0.0407537610159937,"measured (DoOR consensus, normalised 0-1)"
ORN_VC4,Or67c,GRWFGVWFFZKLTI-UHFFFAOYSA-N,0.0591155857060674,"measured (DoOR consensus, normalised 0-1)"
ORN_VC4,Or67c,WTARULDDTDQWMU-UHFFFAOYSA-N,0.0245324699453187,"measured (DoOR consensus, normalised 0-1)"
ORN_VC4,Or67c,BQOFWKZOCNGFEC-UHFFFAOYSA-N,0.0333765043607796,"measured (DoOR consensus, normalised 0-1)"
ORN_VC4,Or67c,XMGQYMWWDOXHJM-UHFFFAOYSA-N,0.0333765043607796,"measured (DoOR consensus, normalised 0-1)"
ORN_VC4,Or67c,FAMPSKZZVDUYOS-HRGUGZIWSA-N,0.0315752322642262,"measured (DoOR consensus, normalised 0-1)"
ORN_VC4,Or67c,UAHWPYUMFXYFJY-UHFFFAOYSA-N,0.0351946508168096,"measured (DoOR consensus, normalised 0-1)"
ORN_VC4,Or67c,NPNUFJAVOOONJE-GFUGXAQUSA-N,0.0280220094670534,"measured (DoOR consensus, normalised 0-1)"
ORN_VC4,Or67c,HFPZCAJZSCWRBC-UHFFFAOYSA-N,0.0280220094670534,"measured (DoOR consensus, normalised 0-1)"
ORN_VC4,Or67c,HIGQPQRQIQDZMP-DHZHZOJOSA-N,0.0390134295608626,"measured (DoOR consensus, normalised 0-1)"
ORN_VC4,Or67c,WUOACPNHFRMFPN-SECBINFHSA-N,0.0464775119776879,"measured (DoOR consensus, normalised 0-1)"
ORN_VC4,Or67c,GLZPCOQZEFWAFX-JXMROGBWSA-N,0.0564122038194139,"measured (DoOR consensus, normalised 0-1)"
ORN_VC4,Or67c,GLZPCOQZEFWAFX-YFHOEESVSA-N,0.0370300090375737,"measured (DoOR consensus, normalised 0-1)"
ORN_VC4,Or67c,CDOSHBSSFJOMGT-UHFFFAOYSA-N,0.0535347220721097,"measured (DoOR consensus, normalised 0-1)"
ORN_VC4,Or67c,QMVPMAAFGQKVCJ-SNVBAGLBSA-N,0.0628229653359753,"measured (DoOR consensus, normalised 0-1)"
ORN_VC4,Or67c,BRHDDEIRQPDPMG-UHFFFAOYSA-N,0.0543837445082011,"measured (DoOR consensus, normalised 0-1)"
ORN_VC4,Or67c,WEEGYLXZBRQIMU-WAAGHKOSSA-N,0.0709990086242188,"measured (DoOR consensus, normalised 0-1)"
ORN_VC4,Or67c,XMGQYMWWDOXHJM-JTQLQIEISA-N,0.0709990086242188,"measured (DoOR consensus, normalised 0-1)"
ORN_VC4,Or67c,IKHGUXGNUITLKF-UHFFFAOYSA-N,0.112985906350639,"measured (DoOR consensus, normalised 0-1)"
ORN_VC4,Or67c,NBBJYMSMWIIQGU-UHFFFAOYSA-N,0.0441611076898954,"measured (DoOR consensus, normalised 0-1)"
ORN_VC4,Or67c,ZTQSAGDEMFDKMZ-UHFFFAOYSA-N,0.0523764971493818,"measured (DoOR consensus, normalised 0-1)"
ORN_VC4,Or67c,HGBOYTHUEUWSSQ-UHFFFAOYSA-N,0.0503900030651769,"measured (DoOR consensus, normalised 0-1)"
ORN_VC4,Or67c,JARKCYVAAOWBJS-UHFFFAOYSA-N,0.0407537610159937,"measured (DoOR consensus, normalised 0-1)"
ORN_VC4,Or67c,MBDOYVRWFFCFHM-SNAWJCMRSA-N,0.14864990856712,"measured (DoOR consensus, normalised 0-1)"
ORN_VC4,Or67c,HYBBIBNJHNGZAN-UHFFFAOYSA-N,0.0849520243289737,"measured (DoOR consensus, normalised 0-1)"
ORN_VC4,Or67c,HGINCPLSRVDWNT-UHFFFAOYSA-N,0.0228108342678195,"measured (DoOR consensus, normalised 0-1)"
ORN_VC4,Or67c,LVBXEMGDVWVTGY-VOTSOKGWSA-N,0.0709990086242188,"measured (DoOR consensus, normalised 0-1)"
ORN_VC4,Or67c,GYHFUZHODSMOHU-UHFFFAOYSA-N,0.0709990086242188,"measured (DoOR consensus, normalised 0-1)"
ORN_VC4,Or67c,CSCPPACGZOOCGX-UHFFFAOYSA-N,0.0157453382115539,"measured (DoOR consensus, normalised 0-1)"
ORN_VC4,Or67c,ZWEHNKRNPOVVGH-UHFFFAOYSA-N,0.0181420615857064,"measured (DoOR consensus, normalised 0-1)"
ORN_VC4,Or67c,XNLICIUVMPYHGG-UHFFFAOYSA-N,0.152615953913971,"measured (DoOR consensus, normalised 0-1)"
ORN_VC4,Or67c,CATSNJVOTSVZJV-UHFFFAOYSA-N,0.0888515673965773,"measured (DoOR consensus, normalised 0-1)"
ORN_VC4,Or67c,UHEPJGULSIKKTP-UHFFFAOYSA-N,0.276870177962541,"measured (DoOR consensus, normalised 0-1)"
ORN_VC4,Or67c,QSJXEFYPDANLFS-UHFFFAOYSA-N,0.0978043306831805,"measured (DoOR consensus, normalised 0-1)"
ORN_VC4,Or67c,JHIVVAPYMSGYDF-UHFFFAOYSA-N,0.0375237294782233,"measured (DoOR consensus, normalised 0-1)"
ORN_VC4,Or67c,WRMNZCZEMHIOCP-UHFFFAOYSA-N,0.178045606512571,"measured (DoOR consensus, normalised 0-1)"
ORN_VC4,Or67c,WVDDGKGOMKODPV-UHFFFAOYSA-N,0.0626296716385824,"measured (DoOR consensus, normalised 0-1)"
ORN_VC4,Or67c,OSWPMRLSEDHDFF-UHFFFAOYSA-N,0.0468818586902126,"measured (DoOR consensus, normalised 0-1)"
ORN_VC4,Or67c,QPJVMBTYPHYUOC-UHFFFAOYSA-N,0.0315752322642262,"measured (DoOR consensus, normalised 0-1)"
ORN_VC4,Or67c,MTZQAGJQAFMTAQ-UHFFFAOYSA-N,0.0079612116204475,"measured (DoOR consensus, normalised 0-1)"
ORN_VC4,Or67c,MDHYEMXUFSJLGV-UHFFFAOYSA-N,0.0160719657018802,"measured (DoOR consensus, normalised 0-1)"
ORN_VC4,Or67c,HUMNYLRZRPPJDN-UHFFFAOYSA-N,0.037148188308321,"measured (DoOR consensus, normalised 0-1)"
ORN_VC4,Or67c,DTUQWGWMVIHBKE-UHFFFAOYSA-N,0.0613808932725881,"measured (DoOR consensus, normalised 0-1)"
ORN_VC4,Or67c,KWOLFJPFCHCOCG-UHFFFAOYSA-N,0.074763768711421,"measured (DoOR consensus, normalised 0-1)"
ORN_VC4,Or67c,KBEBGUQPQBELIU-CMDGGOBGSA-N,0.0127874367880056,"measured (DoOR consensus, normalised 0-1)"
ORN_VC4,Or67c,QWVGKYWNOKOFNN-UHFFFAOYSA-N,0.0153643343815382,"measured (DoOR consensus, normalised 0-1)"
ORN_VC4,Or67c,CHWNEIVBYREQRF-UHFFFAOYSA-N,0.0734638808068278,"measured (DoOR consensus, normalised 0-1)"
ORN_VC4,Or67c,RRAFCDWBNXTKKO-UHFFFAOYSA-N,0.0095568569692029,"measured (DoOR consensus, normalised 0-1)"
ORN_VC4,Or67c,WTWBUQJHJGUZCY-UHFFFAOYSA-N,0.0709990086242188,"measured (DoOR consensus, normalised 0-1)"
ORN_VC4,Or67c,ZYEMGPIYFIJGTP-UHFFFAOYSA-N,0.0709990086242188,"measured (DoOR consensus, normalised 0-1)"
ORN_VC4,Or67c,IWDCLRJOBJJRNH-UHFFFAOYSA-N,0.0709990086242188,"measured (DoOR consensus, normalised 0-1)"
ORN_VC4,Or67c,OKKJLVBELUTLKV-UHFFFAOYSA-N,0.0503900030651769,"measured (DoOR consensus, normalised 0-1)"
ORN_VC4,Or67c,LFQSCWFLJHTTHZ-UHFFFAOYSA-N,0.0626296716385824,"measured (DoOR consensus, normalised 0-1)"
ORN_VC4,Or67c,BDERNNFJNOPAEC-UHFFFAOYSA-N,0.115753973432072,"measured (DoOR consensus, normalised 0-1)"
ORN_VC4,Or67c,LRHPLDYGYMQRHN-UHFFFAOYSA-N,0.0992626776314475,"measured (DoOR consensus, normalised 0-1)"
ORN_VC4,Or67c,AMQJEAYHLZJPGS-UHFFFAOYSA-N,0.43836778798461,"measured (DoOR consensus, normalised 0-1)"
ORN_VC4,Or67c,ZSIAUFGUXNUGDI-UHFFFAOYSA-N,0.197406308244312,"measured (DoOR consensus, normalised 0-1)"
ORN_VC4,Or67c,KBPLFHHGFOOTCA-UHFFFAOYSA-N,0.0333765043607796,"measured (DoOR consensus, normalised 0-1)"
ORN_VC4,Or67c,JYVLIDXNZAXMDK-UHFFFAOYSA-N,0.373606460914874,"measured (DoOR consensus, normalised 0-1)"
ORN_VC4,Or67c,PHTQWCKDNZKARW-UHFFFAOYSA-N,0.104747608228263,"measured (DoOR consensus, normalised 0-1)"
ORN_VC4,Or67c,ASUAYTHWZCLXAN-UHFFFAOYSA-N,0.342655270456632,"measured (DoOR consensus, normalised 0-1)"
ORN_VC4,Or67c,VHVMXWZXFBOANQ-UHFFFAOYSA-N,0.431420480552457,"measured (DoOR consensus, normalised 0-1)"
ORN_VC4,Or67c,VSMOENVRRABVKN-UHFFFAOYSA-N,0.0708645632575511,"measured (DoOR consensus, normalised 0-1)"
ORN_VC4,Or67c,ZCHHRLHTBGRGOT-SNAWJCMRSA-N,0.233961354415658,"measured (DoOR consensus, normalised 0-1)"
ORN_VC4,Or67c,ZCHHRLHTBGRGOT-PLNGDYQASA-N,0.385200698055766,"measured (DoOR consensus, normalised 0-1)"
ORN_VC4,Or67c,UFLHIIWVXFIJGU-ONEGZZNKSA-N,0.425146666411929,"measured (DoOR consensus, normalised 0-1)"
ORN_VC4,Or67c,UFLHIIWVXFIJGU-ARJAWSKDSA-N,0.432237810838592,"measured (DoOR consensus, normalised 0-1)"
ORN_VC4,Or67c,PEDCQBHIVMGVHV-UHFFFAOYSA-N,0.0127874367880056,"measured (DoOR consensus, normalised 0-1)"
ORN_VC4,Or67c,OWBTYPJTUOEWEK-UHFFFAOYSA-N,0.082598125616706,"measured (DoOR consensus, normalised 0-1)"
ORN_VC4,Or67c,MQWCXKGKQLNYQG-UHFFFAOYSA-N,0.0709990086242188,"measured (DoOR consensus, normalised 0-1)"
ORN_VC4,Or67c,NMRPBPVERJPACX-UHFFFAOYSA-N,0.0709990086242188,"measured (DoOR consensus, normalised 0-1)"
ORN_VC4,Or67c,KXKVLQRXCPHEJC-UHFFFAOYSA-N,0.0262694308163903,"measured (DoOR consensus, normalised 0-1)"
ORN_VC4,Or67c,XEKOWRVHYACXOJ-UHFFFAOYSA-N,0.0800006468347536,"measured (DoOR consensus, normalised 0-1)"
ORN_VC4,Or67c,YKYONYBAUNKHLG-UHFFFAOYSA-N,0.163092017644899,"measured (DoOR consensus, normalised 0-1)"
ORN_VC4,Or67c,DKPFZGUDAPQIHT-UHFFFAOYSA-N,0.107569080142684,"measured (DoOR consensus, normalised 0-1)"
ORN_VC4,Or67c,PGMYKACGEOXYJE-UHFFFAOYSA-N,0.072262182680047,"measured (DoOR consensus, normalised 0-1)"
ORN_VC4,Or67c,AOGQPLXWSUTHQB-UHFFFAOYSA-N,0.0177350707747233,"measured (DoOR consensus, normalised 0-1)"
ORN_VC4,Or67c,GJRQTCIYDGXPES-UHFFFAOYSA-N,0.203008862441811,"measured (DoOR consensus, normalised 0-1)"
ORN_VC4,Or67c,MLFHJEHSLIIPHL-UHFFFAOYSA-N,0.083791441526787,"measured (DoOR consensus, normalised 0-1)"
ORN_VC4,Or67c,HRHOWZHRCRZVCU-WAYWQWQTSA-N,0.0524852417110332,"measured (DoOR consensus, normalised 0-1)"
ORN_VC4,Or67c,UUIQMZJEGPQKFD-UHFFFAOYSA-N,0.212137417123088,"measured (DoOR consensus, normalised 0-1)"
ORN_VC4,Or67c,OBNCKNCVKJNDBV-UHFFFAOYSA-N,0.430650895236659,"measured (DoOR consensus, normalised 0-1)"
ORN_VC4,Or67c,XAPCMTMQBXLDBB-UHFFFAOYSA-N,0.0245324699453187,"measured (DoOR consensus, normalised 0-1)"
ORN_VC4,Or67c,OMSUIQOIVADKIM-UHFFFAOYSA-N,0.161933230336707,"measured (DoOR consensus, normalised 0-1)"
ORN_VC4,Or67c,FKRCODPIKNYEAC-UHFFFAOYSA-N,0.116661613643883,"measured (DoOR consensus, normalised 0-1)"
ORN_VC4,Or67c,WBJINCZRORDGAQ-UHFFFAOYSA-N,0.0160719657018802,"measured (DoOR consensus, normalised 0-1)"
ORN_VC4,Or67c,NUKZAGXMHTUAFE-UHFFFAOYSA-N,0.0523764971493818,"measured (DoOR consensus, normalised 0-1)"
ORN_VC4,Or67c,SHZIWNPUGXLXDT-UHFFFAOYSA-N,0.0095568569692029,"measured (DoOR consensus, normalised 0-1)"
ORN_VC4,Or67c,NCDCLPBOMHPFCV-UHFFFAOYSA-N,0.0079612116204475,"measured (DoOR consensus, normalised 0-1)"
ORN_VC4,Or67c,JGHZJRVDZXSNKQ-UHFFFAOYSA-N,0.0177350707747233,"measured (DoOR consensus, normalised 0-1)"
ORN_VC4,Or67c,YYZUSRORWSJGET-UHFFFAOYSA-N,0.0160719657018802,"measured (DoOR consensus, normalised 0-1)"
ORN_VC4,Or67c,RGXWDWUGBIJHDO-UHFFFAOYSA-N,0.0095568569692029,"measured (DoOR consensus, normalised 0-1)"
ORN_VC4,Or67c,ZFDIRQKJPRINOQ-HWKANZROSA-N,0.0802730701306414,"measured (DoOR consensus, normalised 0-1)"
ORN_VC4,Or67c,LZCLXQDLBQLTDK-UHFFFAOYSA-N,0.504571541161598,"measured (DoOR consensus, normalised 0-1)"
ORN_VC4,Or67c,DKMROQRQHGEIOW-UHFFFAOYSA-N,0.0262694308163903,"measured (DoOR consensus, normalised 0-1)"
ORN_VC4,Or67c,SIKJAQJRHWYJAI-UHFFFAOYSA-N,0.0709990086242188,"measured (DoOR consensus, normalised 0-1)"
ORN_VC4,Or67c,HCRBXQFHJMCTLF-UHFFFAOYSA-N,0.190350134532451,"measured (DoOR consensus, normalised 0-1)"
ORN_VC4,Or67c,ICMAFTSLXCXHRK-UHFFFAOYSA-N,0.0463689706965745,"measured (DoOR consensus, normalised 0-1)"
ORN_VC4,Or67c,GAEKPEKOJKCEMS-UHFFFAOYSA-N,0.0709990086242188,"measured (DoOR consensus, normalised 0-1)"
ORN_VC4,Or67c,solvent,0.0518278523823006,"measured (DoOR consensus, normalised 0-1)"
ORN_VC4,Or67c,CURLTUGMZLYLDI-UHFFFAOYSA-N,0.0803318468743695,"measured (DoOR consensus, normalised 0-1)"
ORN_VC4,Or67c,UXFSPRAGHGMRSQ-UHFFFAOYSA-N,0.0709990086242188,"measured (DoOR consensus, normalised 0-1)"
ORN_VC4,Or67c,RWRDLPDLKQPQOW-UHFFFAOYSA-N,0.0709990086242188,"measured (DoOR consensus, normalised 0-1)"
ORN_VC4,Or67c,QCCDLTOVEPVEJK-UHFFFAOYSA-N,0.0873547986179947,"measured (DoOR consensus, normalised 0-1)"
ORN_VC4,Or67c,ZKQDCIXGCQPQNV-UHFFFAOYSA-N,0.0170104472630759,"measured (DoOR consensus, normalised 0-1)"
ORN_VC4,Or67c,CRVGTESFCCXCTH-UHFFFAOYSA-N,0.0058177787700934,"measured (DoOR consensus, normalised 0-1)"
ORN_VC4,Or67c,AKNUHUCEWALCOI-UHFFFAOYSA-O,0.0029088893850467,"measured (DoOR consensus, normalised 0-1)"
ORN_VC4,Or67c,OSPSWZSRKYCQPF-UHFFFAOYSA-N,0.0,"measured (DoOR consensus, normalised 0-1)"
ORN_VC4,Or67c,BDZBKCUKTQZUTL-UHFFFAOYSA-N,0.0029088893850467,"measured (DoOR consensus, normalised 0-1)"
ORN_VC4,Or67c,DWCLXOREGBLXTD-UHFFFAOYSA-N,0.0873547986179947,"measured (DoOR consensus, normalised 0-1)"
ORN_VC4,Or67c,YIWUKEYIRIRTPP-UHFFFAOYSA-N,0.0,"measured (DoOR consensus, normalised 0-1)"
ORN_VC4,Or67c,VKYKSIONXSXAKP-UHFFFAOYSA-N,0.0058177787700934,"measured (DoOR consensus, normalised 0-1)"
ORN_VC4,Or67c,MHAJPDPJQMAIIY-UHFFFAOYSA-N,0.0170104472630759,"measured (DoOR consensus, normalised 0-1)"
ORN_VC4,Or67c,GRYLNZFGIOXLOG-UHFFFAOYSA-N,0.0464152799360055,"measured (DoOR consensus, normalised 0-1)"
ORN_VC4,Or67c,LYGJENNIWJXYER-UHFFFAOYSA-N,0.0058177787700934,"measured (DoOR consensus, normalised 0-1)"
ORN_VC4,Or67c,WFDIJRYMOXRFFG-UHFFFAOYSA-N,0.258693600766716,"measured (DoOR consensus, normalised 0-1)"
ORN_VC4,Or67c,ZHNUHDYFZUAESO-UHFFFAOYSA-N,0.0170104472630759,"measured (DoOR consensus, normalised 0-1)"
ORN_VC4,Or67c,WGSVFWFSJDAYBM-BQYQJAHWSA-N,0.0873547986179947,"measured (DoOR consensus, normalised 0-1)"
ORN_VC4,Or67c,ZMQAAUBTXCXRIC-UHFFFAOYSA-N,0.301796457282633,"measured (DoOR consensus, normalised 0-1)"
ORN_VC4,Or67c,FHIVAFMUCKRCQO-UHFFFAOYSA-N,0.0464152799360055,"measured (DoOR consensus, normalised 0-1)"
ORN_VC4,Or67c,RDYMFSUJUZBWLH-UHFFFAOYSA-N,0.0301450329203393,"measured (DoOR consensus, normalised 0-1)"
ORN_VC4,Or67c,YLMGFJXSLBMXHK-UHFFFAOYSA-M,0.0873547986179947,"measured (DoOR consensus, normalised 0-1)"
ORN_VC4,Or67c,BAZAXWOYCMUHIX-UHFFFAOYSA-M,0.0058177787700934,"measured (DoOR consensus, normalised 0-1)"
ORN_VC4,Or67c,RWSOTUBLDIXVET-UHFFFAOYSA-N,0.0029088893850467,"measured (DoOR consensus, normalised 0-1)"
ORN_VC4,Or67c,XTFIVUDBNACUBN-UHFFFAOYSA-N,0.0873547986179947,"measured (DoOR consensus, normalised 0-1)"
ORN_VC4,Or67c,HMWPNDNFTFSCEB-UHFFFAOYSA-N,0.130097833760672,"measured (DoOR consensus, normalised 0-1)"
ORN_VC4,Or67c,SNIOPGDIGTZGOP-UHFFFAOYSA-N,0.0301450329203393,"measured (DoOR consensus, normalised 0-1)"
ORN_VC4,Or67c,TZRXHJWUDPFEEY-UHFFFAOYSA-N,0.130097833760672,"measured (DoOR consensus, normalised 0-1)"
ORN_VC4,Or67c,ZTLXICJMNFREPA-UHFFFAOYSA-N,0.130097833760672,"measured (DoOR consensus, normalised 0-1)"
ORN_VC4,Or67c,SPSSULHKWOKEEL-UHFFFAOYSA-N,0.130097833760672,"measured (DoOR consensus, normalised 0-1)"
ORN_VM7d,Or42a,XLYOFNOQVPJJNP-UHFFFAOYSA-N,0.12289645415436,"measured (DoOR consensus, normalised 0-1)"
ORN_VM7d,Or42a,VHUUQVKOLVNVRT-UHFFFAOYSA-N,0.0310175048894062,"measured (DoOR consensus, normalised 0-1)"
ORN_VM7d,Or42a,KIDHWZJUCRJVML-UHFFFAOYSA-N,0.174700313202082,"measured (DoOR consensus, normalised 0-1)"
ORN_VM7d,Or42a,XBDQKXXYIPTUBI-UHFFFAOYSA-N,0.206946881682745,"measured (DoOR consensus, normalised 0-1)"
ORN_VM7d,Or42a,FERIUCNNQQJTOY-UHFFFAOYSA-N,0.0512364723001614,"measured (DoOR consensus, normalised 0-1)"
ORN_VM7d,Or42a,HIGQPQRQIQDZMP-DHZHZOJOSA-N,0.144959752573434,"measured (DoOR consensus, normalised 0-1)"
ORN_VM7d,Or42a,LHXDLQBQYFFVNW-OIBJUYFYSA-N,0.101993976281299,"measured (DoOR consensus, normalised 0-1)"
ORN_VM7d,Or42a,GRWFGVWFFZKLTI-RKDXNWHRSA-N,0.0385064518551627,"measured (DoOR consensus, normalised 0-1)"
ORN_VM7d,Or42a,NBBJYMSMWIIQGU-UHFFFAOYSA-N,0.487721028137629,"measured (DoOR consensus, normalised 0-1)"
ORN_VM7d,Or42a,MBDOYVRWFFCFHM-SNAWJCMRSA-N,0.596873504513828,"measured (DoOR consensus, normalised 0-1)"
ORN_VM7d,Or42a,CSCPPACGZOOCGX-UHFFFAOYSA-N,0.351796074880886,"measured (DoOR consensus, normalised 0-1)"
ORN_VM7d,Or42a,ZWEHNKRNPOVVGH-UHFFFAOYSA-N,0.852504486077422,"measured (DoOR consensus, normalised 0-1)"
ORN_VM7d,Or42a,CATSNJVOTSVZJV-UHFFFAOYSA-N,0.541145350073354,"measured (DoOR consensus, normalised 0-1)"
ORN_VM7d,Or42a,UHEPJGULSIKKTP-UHFFFAOYSA-N,0.475981193785341,"measured (DoOR consensus, normalised 0-1)"
ORN_VM7d,Or42a,QSJXEFYPDANLFS-UHFFFAOYSA-N,0.698350022282082,"measured (DoOR consensus, normalised 0-1)"
ORN_VM7d,Or42a,JHIVVAPYMSGYDF-UHFFFAOYSA-N,0.253272958589643,"measured (DoOR consensus, normalised 0-1)"
ORN_VM7d,Or42a,OSWPMRLSEDHDFF-UHFFFAOYSA-N,0.113583377251068,"measured (DoOR consensus, normalised 0-1)"
ORN_VM7d,Or42a,HUMNYLRZRPPJDN-UHFFFAOYSA-N,0.137744167004738,"measured (DoOR consensus, normalised 0-1)"
ORN_VM7d,Or42a,KWOLFJPFCHCOCG-UHFFFAOYSA-N,0.202285291357459,"measured (DoOR consensus, normalised 0-1)"
ORN_VM7d,Or42a,QWVGKYWNOKOFNN-UHFFFAOYSA-N,0.0356778964974078,"measured (DoOR consensus, normalised 0-1)"
ORN_VM7d,Or42a,RDOXTESZEPMUJZ-UHFFFAOYSA-N,0.171803697879793,"measured (DoOR consensus, normalised 0-1)"
ORN_VM7d,Or42a,ZYEMGPIYFIJGTP-UHFFFAOYSA-N,0.0743839005148528,"measured (DoOR consensus, normalised 0-1)"
ORN_VM7d,Or42a,IWDCLRJOBJJRNH-UHFFFAOYSA-N,0.065700675884496,"measured (DoOR consensus, normalised 0-1)"
ORN_VM7d,Or42a,LRHPLDYGYMQRHN-UHFFFAOYSA-N,0.310356115645706,"measured (DoOR consensus, normalised 0-1)"
ORN_VM7d,Or42a,ZSIAUFGUXNUGDI-UHFFFAOYSA-N,0.478508048878733,"measured (DoOR consensus, normalised 0-1)"
ORN_VM7d,Or42a,VSMOENVRRABVKN-UHFFFAOYSA-N,0.154061703101696,"measured (DoOR consensus, normalised 0-1)"
ORN_VM7d,Or42a,MQWCXKGKQLNYQG-UHFFFAOYSA-N,0.142679440244334,"measured (DoOR consensus, normalised 0-1)"
ORN_VM7d,Or42a,BBMCTIGTTCKYKF-UHFFFAOYSA-N,0.197821895918639,"measured (DoOR consensus, normalised 0-1)"
ORN_VM7d,Or42a,NMRPBPVERJPACX-UHFFFAOYSA-N,0.176166804484979,"measured (DoOR consensus, normalised 0-1)"
ORN_VM7d,Or42a,ZWRUINPWMLAQRD-UHFFFAOYSA-N,0.0708480252802844,"measured (DoOR consensus, normalised 0-1)"
ORN_VM7d,Or42a,KXKVLQRXCPHEJC-UHFFFAOYSA-N,0.689606832738749,"measured (DoOR consensus, normalised 0-1)"
ORN_VM7d,Or42a,XEKOWRVHYACXOJ-UHFFFAOYSA-N,0.804901215096545,"measured (DoOR consensus, normalised 0-1)"
ORN_VM7d,Or42a,YKYONYBAUNKHLG-UHFFFAOYSA-N,0.89735383238112,"measured (DoOR consensus, normalised 0-1)"
ORN_VM7d,Or42a,PGMYKACGEOXYJE-UHFFFAOYSA-N,0.181809410027699,"measured (DoOR consensus, normalised 0-1)"
ORN_VM7d,Or42a,MLFHJEHSLIIPHL-UHFFFAOYSA-N,0.355567064514112,"measured (DoOR consensus, normalised 0-1)"
ORN_VM7d,Or42a,HRHOWZHRCRZVCU-WAYWQWQTSA-N,0.339599583427192,"measured (DoOR consensus, normalised 0-1)"
ORN_VM7d,Or42a,OBNCKNCVKJNDBV-UHFFFAOYSA-N,0.820738023231193,"measured (DoOR consensus, normalised 0-1)"
ORN_VM7d,Or42a,YLYBTZIQSIBWLI-UHFFFAOYSA-N,0.0573738691378711,"measured (DoOR consensus, normalised 0-1)"
ORN_VM7d,Or42a,SIKJAQJRHWYJAI-UHFFFAOYSA-N,0.0312592489481777,"measured (DoOR consensus, normalised 0-1)"
ORN_VM7d,Or42a,ICMAFTSLXCXHRK-UHFFFAOYSA-N,0.189858958560768,"measured (DoOR consensus, normalised 0-1)"
ORN_VM7d,Or42a,solvent,0.100737741560706,"measured (DoOR consensus, normalised 0-1)"
ORN_VM7d,Or42a,CURLTUGMZLYLDI-UHFFFAOYSA-N,0.146992773077558,"measured (DoOR consensus, normalised 0-1)"
ORN_VM7d,Or42a,QSZKEDWVAOAFQY-HJWRWDBZSA-N,0.213604529681583,"measured (DoOR consensus, normalised 0-1)"
ORN_VM7d,Or42a,KYQCOXFCLRTKLS-UHFFFAOYSA-N,0.0316526557751761,"measured (DoOR consensus, normalised 0-1)"
ORN_VM7d,Or42a,QCCDLTOVEPVEJK-UHFFFAOYSA-N,0.568995149967501,"measured (DoOR consensus, normalised 0-1)"
ORN_VM7d,Or42a,ZKQDCIXGCQPQNV-UHFFFAOYSA-N,0.0240389093018388,"measured (DoOR consensus, normalised 0-1)"
ORN_VM7d,Or42a,CRVGTESFCCXCTH-UHFFFAOYSA-N,0.0740572857067629,"measured (DoOR consensus, normalised 0-1)"
ORN_VM7d,Or42a,AKNUHUCEWALCOI-UHFFFAOYSA-O,0.0255898066761509,"measured (DoOR consensus, normalised 0-1)"
ORN_VM7d,Or42a,OSPSWZSRKYCQPF-UHFFFAOYSA-N,0.0255898066761509,"measured (DoOR consensus, normalised 0-1)"
ORN_VM7d,Or42a,BDZBKCUKTQZUTL-UHFFFAOYSA-N,0.365984098279844,"measured (DoOR consensus, normalised 0-1)"
ORN_VM7d,Or42a,DWCLXOREGBLXTD-UHFFFAOYSA-N,0.0,"measured (DoOR consensus, normalised 0-1)"
ORN_VM7d,Or42a,YIWUKEYIRIRTPP-UHFFFAOYSA-N,0.249431458850781,"measured (DoOR consensus, normalised 0-1)"
ORN_VM7d,Or42a,VKYKSIONXSXAKP-UHFFFAOYSA-N,0.0232634606146827,"measured (DoOR consensus, normalised 0-1)"
ORN_VM7d,Or42a,MHAJPDPJQMAIIY-UHFFFAOYSA-N,0.049030611322282,"measured (DoOR consensus, normalised 0-1)"
ORN_VM7d,Or42a,GRYLNZFGIOXLOG-UHFFFAOYSA-N,0.120200126584962,"measured (DoOR consensus, normalised 0-1)"
ORN_VM7d,Or42a,LYGJENNIWJXYER-UHFFFAOYSA-N,0.60634287024876,"measured (DoOR consensus, normalised 0-1)"
ORN_VM7d,Or42a,WFDIJRYMOXRFFG-UHFFFAOYSA-N,0.0232634606146827,"measured (DoOR consensus, normalised 0-1)"
ORN_VM7d,Or42a,ZHNUHDYFZUAESO-UHFFFAOYSA-N,0.049030611322282,"measured (DoOR consensus, normalised 0-1)"
ORN_VM7d,Or42a,WGSVFWFSJDAYBM-BQYQJAHWSA-N,0.0162844224302779,"measured (DoOR consensus, normalised 0-1)"
ORN_VM7d,Or42a,ZMQAAUBTXCXRIC-UHFFFAOYSA-N,0.141507390836967,"measured (DoOR consensus, normalised 0-1)"
ORN_VM7d,Or42a,FHIVAFMUCKRCQO-UHFFFAOYSA-N,0.0255898066761509,"measured (DoOR consensus, normalised 0-1)"
ORN_VM7d,Or42a,RDYMFSUJUZBWLH-UHFFFAOYSA-N,0.026365255363307,"measured (DoOR consensus, normalised 0-1)"
ORN_VM7d,Or42a,YLMGFJXSLBMXHK-UHFFFAOYSA-M,0.0740572857067629,"measured (DoOR consensus, normalised 0-1)"
ORN_VM7d,Or42a,BAZAXWOYCMUHIX-UHFFFAOYSA-M,0.0255898066761509,"measured (DoOR consensus, normalised 0-1)"
ORN_VM7d,Or42a,RWSOTUBLDIXVET-UHFFFAOYSA-N,0.029477098955977,"measured (DoOR consensus, normalised 0-1)"
ORN_VM7d,Or42a,XTFIVUDBNACUBN-UHFFFAOYSA-N,0.0224880119275266,"measured (DoOR consensus, normalised 0-1)"
ORN_VM7d,Or42a,HMWPNDNFTFSCEB-UHFFFAOYSA-N,0.0186107684917461,"measured (DoOR consensus, normalised 0-1)"
ORN_VM7d,Or42a,SNIOPGDIGTZGOP-UHFFFAOYSA-N,0.0224880119275266,"measured (DoOR consensus, normalised 0-1)"
ORN_VM7d,Or42a,TZRXHJWUDPFEEY-UHFFFAOYSA-N,0.0201616658660583,"measured (DoOR consensus, normalised 0-1)"
ORN_VM7d,Or42a,ZTLXICJMNFREPA-UHFFFAOYSA-N,0.0232634606146827,"measured (DoOR consensus, normalised 0-1)"
ORN_VM7d,Or42a,SPSSULHKWOKEEL-UHFFFAOYSA-N,0.0209371145532144,"measured (DoOR consensus, normalised 0-1)"
ORN_DA4m,Or2a,VHUUQVKOLVNVRT-UHFFFAOYSA-N,0.0566350377258539,"measured (DoOR consensus, normalised 0-1)"
ORN_DA4m,Or2a,KIDHWZJUCRJVML-UHFFFAOYSA-N,0.0637914765191967,"measured (DoOR consensus, normalised 0-1)"
ORN_DA4m,Or2a,VHRGRCVQAFMJIZ-UHFFFAOYSA-N,0.0519266473802894,"measured (DoOR consensus, normalised 0-1)"
ORN_DA4m,Or2a,YEJRWHAVMIAJKC-UHFFFAOYSA-N,0.0710694363747978,"measured (DoOR consensus, normalised 0-1)"
ORN_DA4m,Or2a,JBFHTYHTHYHCDJ-UHFFFAOYSA-N,0.0860264073464582,"measured (DoOR consensus, normalised 0-1)"
ORN_DA4m,Or2a,IPBFYZQJXZJBFQ-UHFFFAOYSA-N,0.0662034800114807,"measured (DoOR consensus, normalised 0-1)"
ORN_DA4m,Or2a,IFYYFLINQYPWGJ-UHFFFAOYSA-N,0.0472647503243972,"measured (DoOR consensus, normalised 0-1)"
ORN_DA4m,Or2a,GHBSPIPJMLAMEP-UHFFFAOYSA-N,0.0495900793702409,"measured (DoOR consensus, normalised 0-1)"
ORN_DA4m,Or2a,BDAGIHXWWSANSR-UHFFFAOYSA-N,0.0449502761471687,"measured (DoOR consensus, normalised 0-1)"
ORN_DA4m,Or2a,QTBSBXVTEAMEQO-UHFFFAOYSA-N,0.0613929806984551,"measured (DoOR consensus, normalised 0-1)"
ORN_DA4m,Or2a,XBDQKXXYIPTUBI-UHFFFAOYSA-N,0.0442836187481007,"measured (DoOR consensus, normalised 0-1)"
ORN_DA4m,Or2a,FERIUCNNQQJTOY-UHFFFAOYSA-N,0.0759935960481819,"measured (DoOR consensus, normalised 0-1)"
ORN_DA4m,Or2a,NQPDZGIKBAWPEJ-UHFFFAOYSA-N,0.0662034800114807,"measured (DoOR consensus, normalised 0-1)"
ORN_DA4m,Or2a,FUZZWVXGSFPDMH-UHFFFAOYSA-N,0.0686293501731276,"measured (DoOR consensus, normalised 0-1)"
ORN_DA4m,Or2a,MNWFXJYAOYHMED-UHFFFAOYSA-N,0.0566350377258539,"measured (DoOR consensus, normalised 0-1)"
ORN_DA4m,Or2a,WWZKQHOCKIZLMA-UHFFFAOYSA-N,0.0449502761471687,"measured (DoOR consensus, normalised 0-1)"
ORN_DA4m,Or2a,FBUKVWPVBMHYJY-UHFFFAOYSA-N,0.0449502761471687,"measured (DoOR consensus, normalised 0-1)"
ORN_DA4m,Or2a,OYHQOLUKZRVURQ-HZJYTTRNSA-N,0.0335274533972494,"measured (DoOR consensus, normalised 0-1)"
ORN_DA4m,Or2a,KQNPFQTWMSNSAP-UHFFFAOYSA-N,0.0449502761471687,"measured (DoOR consensus, normalised 0-1)"
ORN_DA4m,Or2a,GWYFCOCPABKNJV-UHFFFAOYSA-N,0.0590076255642445,"measured (DoOR consensus, normalised 0-1)"
ORN_DA4m,Or2a,LCTONWCANYUPML-UHFFFAOYSA-N,0.0566350377258539,"measured (DoOR consensus, normalised 0-1)"
ORN_DA4m,Or2a,OBETXYAYXDNJHR-UHFFFAOYSA-N,0.0566350377258539,"measured (DoOR consensus, normalised 0-1)"
ORN_DA4m,Or2a,JVTAAEKCZFNVCJ-UHFFFAOYSA-N,0.0542748389042236,"measured (DoOR consensus, normalised 0-1)"
ORN_DA4m,Or2a,CZUGFKJYCPYHHV-UHFFFAOYSA-N,0.0686293501731276,"measured (DoOR consensus, normalised 0-1)"
ORN_DA4m,Or2a,QMMFVYPAHWMCMS-UHFFFAOYSA-N,0.0495900793702409,"measured (DoOR consensus, normalised 0-1)"
ORN_DA4m,Or2a,MOYAFQVGZZPNRA-UHFFFAOYSA-N,0.0357933236111841,"measured (DoOR consensus, normalised 0-1)"
ORN_DA4m,Or2a,GRWFGVWFFZKLTI-UHFFFAOYSA-N,0.0449502761471687,"measured (DoOR consensus, normalised 0-1)"
ORN_DA4m,Or2a,WTARULDDTDQWMU-UHFFFAOYSA-N,0.0566350377258539,"measured (DoOR consensus, normalised 0-1)"
ORN_DA4m,Or2a,BQOFWKZOCNGFEC-UHFFFAOYSA-N,0.0472647503243972,"measured (DoOR consensus, normalised 0-1)"
ORN_DA4m,Or2a,XMGQYMWWDOXHJM-UHFFFAOYSA-N,0.0566350377258539,"measured (DoOR consensus, normalised 0-1)"
ORN_DA4m,Or2a,FAMPSKZZVDUYOS-HRGUGZIWSA-N,0.0472647503243972,"measured (DoOR consensus, normalised 0-1)"
ORN_DA4m,Or2a,UAHWPYUMFXYFJY-UHFFFAOYSA-N,0.0542748389042236,"measured (DoOR consensus, normalised 0-1)"
ORN_DA4m,Or2a,NPNUFJAVOOONJE-GFUGXAQUSA-N,0.0542748389042236,"measured (DoOR consensus, normalised 0-1)"
ORN_DA4m,Or2a,HFPZCAJZSCWRBC-UHFFFAOYSA-N,0.0449502761471687,"measured (DoOR consensus, normalised 0-1)"
ORN_DA4m,Or2a,HIGQPQRQIQDZMP-DHZHZOJOSA-N,0.052026164467443,"measured (DoOR consensus, normalised 0-1)"
ORN_DA4m,Or2a,WUOACPNHFRMFPN-SECBINFHSA-N,0.0542748389042236,"measured (DoOR consensus, normalised 0-1)"
ORN_DA4m,Or2a,GLZPCOQZEFWAFX-JXMROGBWSA-N,0.0472647503243972,"measured (DoOR consensus, normalised 0-1)"
ORN_DA4m,Or2a,GLZPCOQZEFWAFX-YFHOEESVSA-N,0.0686293501731276,"measured (DoOR consensus, normalised 0-1)"
ORN_DA4m,Or2a,CDOSHBSSFJOMGT-UHFFFAOYSA-N,0.09113927609407,"measured (DoOR consensus, normalised 0-1)"
ORN_DA4m,Or2a,QMVPMAAFGQKVCJ-SNVBAGLBSA-N,0.0566350377258539,"measured (DoOR consensus, normalised 0-1)"
ORN_DA4m,Or2a,BRHDDEIRQPDPMG-UHFFFAOYSA-N,0.126018228550238,"measured (DoOR consensus, normalised 0-1)"
ORN_DA4m,Or2a,LHXDLQBQYFFVNW-OIBJUYFYSA-N,0.0434170203146075,"measured (DoOR consensus, normalised 0-1)"
ORN_DA4m,Or2a,IKHGUXGNUITLKF-UHFFFAOYSA-N,0.101565701616092,"measured (DoOR consensus, normalised 0-1)"
ORN_DA4m,Or2a,NBBJYMSMWIIQGU-UHFFFAOYSA-N,0.0937205746924323,"measured (DoOR consensus, normalised 0-1)"
ORN_DA4m,Or2a,ZTQSAGDEMFDKMZ-UHFFFAOYSA-N,0.163501257108213,"measured (DoOR consensus, normalised 0-1)"
ORN_DA4m,Or2a,HGBOYTHUEUWSSQ-UHFFFAOYSA-N,0.10421480457583,"measured (DoOR consensus, normalised 0-1)"
ORN_DA4m,Or2a,JARKCYVAAOWBJS-UHFFFAOYSA-N,0.0963186660258288,"measured (DoOR consensus, normalised 0-1)"
ORN_DA4m,Or2a,MBDOYVRWFFCFHM-SNAWJCMRSA-N,0.0841821284283614,"measured (DoOR consensus, normalised 0-1)"
ORN_DA4m,Or2a,HYBBIBNJHNGZAN-UHFFFAOYSA-N,0.0954098837861376,"measured (DoOR consensus, normalised 0-1)"
ORN_DA4m,Or2a,HGINCPLSRVDWNT-UHFFFAOYSA-N,0.0834944453897259,"measured (DoOR consensus, normalised 0-1)"
ORN_DA4m,Or2a,CSCPPACGZOOCGX-UHFFFAOYSA-N,0.0519266473802894,"measured (DoOR consensus, normalised 0-1)"
ORN_DA4m,Or2a,ZWEHNKRNPOVVGH-UHFFFAOYSA-N,0.0686293501731276,"measured (DoOR consensus, normalised 0-1)"
ORN_DA4m,Or2a,XNLICIUVMPYHGG-UHFFFAOYSA-N,0.126018228550238,"measured (DoOR consensus, normalised 0-1)"
ORN_DA4m,Or2a,CATSNJVOTSVZJV-UHFFFAOYSA-N,0.176739786148564,"measured (DoOR consensus, normalised 0-1)"
ORN_DA4m,Or2a,UHEPJGULSIKKTP-UHFFFAOYSA-N,0.172413872440822,"measured (DoOR consensus, normalised 0-1)"
ORN_DA4m,Or2a,QSJXEFYPDANLFS-UHFFFAOYSA-N,0.0602058263805936,"measured (DoOR consensus, normalised 0-1)"
ORN_DA4m,Or2a,ROWKJAVDOGWPAT-UHFFFAOYSA-N,0.237540978955884,"measured (DoOR consensus, normalised 0-1)"
ORN_DA4m,Or2a,JHIVVAPYMSGYDF-UHFFFAOYSA-N,0.122863332636823,"measured (DoOR consensus, normalised 0-1)"
ORN_DA4m,Or2a,WRMNZCZEMHIOCP-UHFFFAOYSA-N,0.0542748389042236,"measured (DoOR consensus, normalised 0-1)"
ORN_DA4m,Or2a,WVDDGKGOMKODPV-UHFFFAOYSA-N,0.0403523650403865,"measured (DoOR consensus, normalised 0-1)"
ORN_DA4m,Or2a,OSWPMRLSEDHDFF-UHFFFAOYSA-N,0.0589534248891456,"measured (DoOR consensus, normalised 0-1)"
ORN_DA4m,Or2a,QPJVMBTYPHYUOC-UHFFFAOYSA-N,0.0519266473802894,"measured (DoOR consensus, normalised 0-1)"
ORN_DA4m,Or2a,MTZQAGJQAFMTAQ-UHFFFAOYSA-N,0.0519266473802894,"measured (DoOR consensus, normalised 0-1)"
ORN_DA4m,Or2a,MDHYEMXUFSJLGV-UHFFFAOYSA-N,0.0759935960481819,"measured (DoOR consensus, normalised 0-1)"
ORN_DA4m,Or2a,HUMNYLRZRPPJDN-UHFFFAOYSA-N,0.0554172668805724,"measured (DoOR consensus, normalised 0-1)"
ORN_DA4m,Or2a,DTUQWGWMVIHBKE-UHFFFAOYSA-N,0.0735240766679846,"measured (DoOR consensus, normalised 0-1)"
ORN_DA4m,Or2a,KWOLFJPFCHCOCG-UHFFFAOYSA-N,0.0449796607897817,"measured (DoOR consensus, normalised 0-1)"
ORN_DA4m,Or2a,KBEBGUQPQBELIU-CMDGGOBGSA-N,0.0403523650403865,"measured (DoOR consensus, normalised 0-1)"
ORN_DA4m,Or2a,QWVGKYWNOKOFNN-UHFFFAOYSA-N,0.0219469210221743,"measured (DoOR consensus, normalised 0-1)"
ORN_DA4m,Or2a,CHWNEIVBYREQRF-UHFFFAOYSA-N,0.0472647503243972,"measured (DoOR consensus, normalised 0-1)"
ORN_DA4m,Or2a,RRAFCDWBNXTKKO-UHFFFAOYSA-N,0.0590076255642445,"measured (DoOR consensus, normalised 0-1)"
ORN_DA4m,Or2a,RDOXTESZEPMUJZ-UHFFFAOYSA-N,0.0434170203146075,"measured (DoOR consensus, normalised 0-1)"
ORN_DA4m,Or2a,ZYEMGPIYFIJGTP-UHFFFAOYSA-N,0.0434170203146075,"measured (DoOR consensus, normalised 0-1)"
ORN_DA4m,Or2a,IWDCLRJOBJJRNH-UHFFFAOYSA-N,0.019347189468889,"measured (DoOR consensus, normalised 0-1)"
ORN_DA4m,Or2a,OKKJLVBELUTLKV-UHFFFAOYSA-N,0.0735240766679846,"measured (DoOR consensus, normalised 0-1)"
ORN_DA4m,Or2a,LFQSCWFLJHTTHZ-UHFFFAOYSA-N,0.0590076255642445,"measured (DoOR consensus, normalised 0-1)"
ORN_DA4m,Or2a,BDERNNFJNOPAEC-UHFFFAOYSA-N,0.134463764754304,"measured (DoOR consensus, normalised 0-1)"
ORN_DA4m,Or2a,LRHPLDYGYMQRHN-UHFFFAOYSA-N,0.12649633263733,"measured (DoOR consensus, normalised 0-1)"
ORN_DA4m,Or2a,AMQJEAYHLZJPGS-UHFFFAOYSA-N,0.140169146144565,"measured (DoOR consensus, normalised 0-1)"
ORN_DA4m,Or2a,ZSIAUFGUXNUGDI-UHFFFAOYSA-N,0.149254969038408,"measured (DoOR consensus, normalised 0-1)"
ORN_DA4m,Or2a,KBPLFHHGFOOTCA-UHFFFAOYSA-N,0.0519266473802894,"measured (DoOR consensus, normalised 0-1)"
ORN_DA4m,Or2a,JYVLIDXNZAXMDK-UHFFFAOYSA-N,0.148830391504314,"measured (DoOR consensus, normalised 0-1)"
ORN_DA4m,Or2a,PHTQWCKDNZKARW-UHFFFAOYSA-N,0.126018228550238,"measured (DoOR consensus, normalised 0-1)"
ORN_DA4m,Or2a,ASUAYTHWZCLXAN-UHFFFAOYSA-N,0.143043000262724,"measured (DoOR consensus, normalised 0-1)"
ORN_DA4m,Or2a,VHVMXWZXFBOANQ-UHFFFAOYSA-N,0.137309238012759,"measured (DoOR consensus, normalised 0-1)"
ORN_DA4m,Or2a,VSMOENVRRABVKN-UHFFFAOYSA-N,0.125296434441768,"measured (DoOR consensus, normalised 0-1)"
ORN_DA4m,Or2a,ZCHHRLHTBGRGOT-SNAWJCMRSA-N,0.140169146144565,"measured (DoOR consensus, normalised 0-1)"
ORN_DA4m,Or2a,ZCHHRLHTBGRGOT-PLNGDYQASA-N,0.137309238012759,"measured (DoOR consensus, normalised 0-1)"
ORN_DA4m,Or2a,UFLHIIWVXFIJGU-ONEGZZNKSA-N,0.169435658552962,"measured (DoOR consensus, normalised 0-1)"
ORN_DA4m,Or2a,UFLHIIWVXFIJGU-ARJAWSKDSA-N,0.123234561565712,"measured (DoOR consensus, normalised 0-1)"
ORN_DA4m,Or2a,PEDCQBHIVMGVHV-UHFFFAOYSA-N,0.0542748389042236,"measured (DoOR consensus, normalised 0-1)"
ORN_DA4m,Or2a,OWBTYPJTUOEWEK-UHFFFAOYSA-N,0.0637914765191967,"measured (DoOR consensus, normalised 0-1)"
ORN_DA4m,Or2a,HPXRVTGHNJAIIH-UHFFFAOYSA-N,0.191772775403335,"measured (DoOR consensus, normalised 0-1)"
ORN_DA4m,Or2a,BBMCTIGTTCKYKF-UHFFFAOYSA-N,0.0835269664535264,"measured (DoOR consensus, normalised 0-1)"
ORN_DA4m,Or2a,NMRPBPVERJPACX-UHFFFAOYSA-N,0.180975442441156,"measured (DoOR consensus, normalised 0-1)"
ORN_DA4m,Or2a,ZWRUINPWMLAQRD-UHFFFAOYSA-N,0.0494714520928903,"measured (DoOR consensus, normalised 0-1)"
ORN_DA4m,Or2a,KXKVLQRXCPHEJC-UHFFFAOYSA-N,0.0613929806984551,"measured (DoOR consensus, normalised 0-1)"
ORN_DA4m,Or2a,XEKOWRVHYACXOJ-UHFFFAOYSA-N,0.0466543062784206,"measured (DoOR consensus, normalised 0-1)"
ORN_DA4m,Or2a,YKYONYBAUNKHLG-UHFFFAOYSA-N,0.113106438222733,"measured (DoOR consensus, normalised 0-1)"
ORN_DA4m,Or2a,DKPFZGUDAPQIHT-UHFFFAOYSA-N,0.187380598760638,"measured (DoOR consensus, normalised 0-1)"
ORN_DA4m,Or2a,PGMYKACGEOXYJE-UHFFFAOYSA-N,0.178898511916313,"measured (DoOR consensus, normalised 0-1)"
ORN_DA4m,Or2a,AOGQPLXWSUTHQB-UHFFFAOYSA-N,0.123234561565712,"measured (DoOR consensus, normalised 0-1)"
ORN_DA4m,Or2a,GJRQTCIYDGXPES-UHFFFAOYSA-N,0.128817874010108,"measured (DoOR consensus, normalised 0-1)"
ORN_DA4m,Or2a,MLFHJEHSLIIPHL-UHFFFAOYSA-N,0.234062009488797,"measured (DoOR consensus, normalised 0-1)"
ORN_DA4m,Or2a,HRHOWZHRCRZVCU-WAYWQWQTSA-N,0.10421480457583,"measured (DoOR consensus, normalised 0-1)"
ORN_DA4m,Or2a,UUIQMZJEGPQKFD-UHFFFAOYSA-N,0.112264695085533,"measured (DoOR consensus, normalised 0-1)"
ORN_DA4m,Or2a,OBNCKNCVKJNDBV-UHFFFAOYSA-N,0.0733211398632953,"measured (DoOR consensus, normalised 0-1)"
ORN_DA4m,Or2a,XAPCMTMQBXLDBB-UHFFFAOYSA-N,0.0590076255642445,"measured (DoOR consensus, normalised 0-1)"
ORN_DA4m,Or2a,OMSUIQOIVADKIM-UHFFFAOYSA-N,0.193385778881587,"measured (DoOR consensus, normalised 0-1)"
ORN_DA4m,Or2a,FKRCODPIKNYEAC-UHFFFAOYSA-N,0.101565701616092,"measured (DoOR consensus, normalised 0-1)"
ORN_DA4m,Or2a,WBJINCZRORDGAQ-UHFFFAOYSA-N,0.0566350377258539,"measured (DoOR consensus, normalised 0-1)"
ORN_DA4m,Or2a,NUKZAGXMHTUAFE-UHFFFAOYSA-N,0.151742754373946,"measured (DoOR consensus, normalised 0-1)"
ORN_DA4m,Or2a,SHZIWNPUGXLXDT-UHFFFAOYSA-N,0.10421480457583,"measured (DoOR consensus, normalised 0-1)"
ORN_DA4m,Or2a,NCDCLPBOMHPFCV-UHFFFAOYSA-N,0.0519266473802894,"measured (DoOR consensus, normalised 0-1)"
ORN_DA4m,Or2a,JGHZJRVDZXSNKQ-UHFFFAOYSA-N,0.0519266473802894,"measured (DoOR consensus, normalised 0-1)"
ORN_DA4m,Or2a,YYZUSRORWSJGET-UHFFFAOYSA-N,0.0519266473802894,"measured (DoOR consensus, normalised 0-1)"
ORN_DA4m,Or2a,RGXWDWUGBIJHDO-UHFFFAOYSA-N,0.0613929806984551,"measured (DoOR consensus, normalised 0-1)"
ORN_DA4m,Or2a,ZFDIRQKJPRINOQ-HWKANZROSA-N,0.0759935960481819,"measured (DoOR consensus, normalised 0-1)"
ORN_DA4m,Or2a,LZCLXQDLBQLTDK-UHFFFAOYSA-N,0.151742754373946,"measured (DoOR consensus, normalised 0-1)"
ORN_DA4m,Or2a,DKMROQRQHGEIOW-UHFFFAOYSA-N,0.088574614660315,"measured (DoOR consensus, normalised 0-1)"
ORN_DA4m,Or2a,YLYBTZIQSIBWLI-UHFFFAOYSA-N,0.0494714520928903,"measured (DoOR consensus, normalised 0-1)"
ORN_DA4m,Or2a,solvent,0.0,"measured (DoOR consensus, normalised 0-1)"
ORN_DA4m,Or2a,CURLTUGMZLYLDI-UHFFFAOYSA-N,0.0024095366857809,"measured (DoOR consensus, normalised 0-1)"
ORN_DM5,ab2B,XLYOFNOQVPJJNP-UHFFFAOYSA-N,0.0079934630224202,"measured (DoOR consensus, normalised 0-1)"
ORN_DM5,ab2B,VHUUQVKOLVNVRT-UHFFFAOYSA-N,0.0060827583832492,"measured (DoOR consensus, normalised 0-1)"
ORN_DM5,ab2B,KIDHWZJUCRJVML-UHFFFAOYSA-N,0.0065450484255897,"measured (DoOR consensus, normalised 0-1)"
ORN_DM5,ab2B,QGZKDVFQNNGYKY-UHFFFAOYSA-N,0.0048048645980955,"measured (DoOR consensus, normalised 0-1)"
ORN_DM5,ab2B,HZAXFHJVJLSVMW-UHFFFAOYSA-N,0.028674607529425,"measured (DoOR consensus, normalised 0-1)"
ORN_DM5,ab2B,FERIUCNNQQJTOY-UHFFFAOYSA-N,0.0115980280931844,"measured (DoOR consensus, normalised 0-1)"
ORN_DM5,ab2B,GWYFCOCPABKNJV-UHFFFAOYSA-N,0.005344769846206,"measured (DoOR consensus, normalised 0-1)"
ORN_DM5,ab2B,CZUGFKJYCPYHHV-UHFFFAOYSA-N,0.0249849815078173,"measured (DoOR consensus, normalised 0-1)"
ORN_DM5,ab2B,ALVPFGSHPUPROW-UHFFFAOYSA-N,0.003203243065397,"measured (DoOR consensus, normalised 0-1)"
ORN_DM5,ab2B,SUVIGLJNEAMWEG-UHFFFAOYSA-N,0.0127060537912973,"measured (DoOR consensus, normalised 0-1)"
ORN_DM5,ab2B,GRWFGVWFFZKLTI-UHFFFAOYSA-N,0.0072043838884015,"measured (DoOR consensus, normalised 0-1)"
ORN_DM5,ab2B,HIGQPQRQIQDZMP-DHZHZOJOSA-N,0.0076130140648855,"measured (DoOR consensus, normalised 0-1)"
ORN_DM5,ab2B,CDOSHBSSFJOMGT-UHFFFAOYSA-N,0.0,"measured (DoOR consensus, normalised 0-1)"
ORN_DM5,ab2B,QMVPMAAFGQKVCJ-SNVBAGLBSA-N,0.0210087421599029,"measured (DoOR consensus, normalised 0-1)"
ORN_DM5,ab2B,RFFOTVCVTJUTAD-UHFFFAOYSA-N,0.0115980280931844,"measured (DoOR consensus, normalised 0-1)"
ORN_DM5,ab2B,XMGQYMWWDOXHJM-JTQLQIEISA-N,0.0115980280931844,"measured (DoOR consensus, normalised 0-1)"
ORN_DM5,ab2B,NBBJYMSMWIIQGU-UHFFFAOYSA-N,0.0077346051070553,"measured (DoOR consensus, normalised 0-1)"
ORN_DM5,ab2B,MBDOYVRWFFCFHM-SNAWJCMRSA-N,0.0229680755923889,"measured (DoOR consensus, normalised 0-1)"
ORN_DM5,ab2B,HYBBIBNJHNGZAN-UHFFFAOYSA-N,0.005344769846206,"measured (DoOR consensus, normalised 0-1)"
ORN_DM5,ab2B,LVBXEMGDVWVTGY-VOTSOKGWSA-N,0.0210087421599029,"measured (DoOR consensus, normalised 0-1)"
ORN_DM5,ab2B,GYHFUZHODSMOHU-UHFFFAOYSA-N,0.0048048645980955,"measured (DoOR consensus, normalised 0-1)"
ORN_DM5,ab2B,CSCPPACGZOOCGX-UHFFFAOYSA-N,0.0074781693430977,"measured (DoOR consensus, normalised 0-1)"
ORN_DM5,ab2B,ZWEHNKRNPOVVGH-UHFFFAOYSA-N,0.0052562890084941,"measured (DoOR consensus, normalised 0-1)"
ORN_DM5,ab2B,CATSNJVOTSVZJV-UHFFFAOYSA-N,0.0107870761220591,"measured (DoOR consensus, normalised 0-1)"
ORN_DM5,ab2B,UHEPJGULSIKKTP-UHFFFAOYSA-N,0.0410548200818199,"measured (DoOR consensus, normalised 0-1)"
ORN_DM5,ab2B,QSJXEFYPDANLFS-UHFFFAOYSA-N,0.0117096354814614,"measured (DoOR consensus, normalised 0-1)"
ORN_DM5,ab2B,ROWKJAVDOGWPAT-UHFFFAOYSA-N,0.005344769846206,"measured (DoOR consensus, normalised 0-1)"
ORN_DM5,ab2B,LABTWGUMFABVFG-ARJAWSKDSA-N,0.005344769846206,"measured (DoOR consensus, normalised 0-1)"
ORN_DM5,ab2B,JHIVVAPYMSGYDF-UHFFFAOYSA-N,0.0042582095788925,"measured (DoOR consensus, normalised 0-1)"
ORN_DM5,ab2B,WRMNZCZEMHIOCP-UHFFFAOYSA-N,0.005344769846206,"measured (DoOR consensus, normalised 0-1)"
ORN_DM5,ab2B,OSWPMRLSEDHDFF-UHFFFAOYSA-N,0.0082404792190038,"measured (DoOR consensus, normalised 0-1)"
ORN_DM5,ab2B,HUMNYLRZRPPJDN-UHFFFAOYSA-N,0.0122779282642706,"measured (DoOR consensus, normalised 0-1)"
ORN_DM5,ab2B,DTUQWGWMVIHBKE-UHFFFAOYSA-N,0.0062745768673038,"measured (DoOR consensus, normalised 0-1)"
ORN_DM5,ab2B,KWOLFJPFCHCOCG-UHFFFAOYSA-N,0.0166192991052918,"measured (DoOR consensus, normalised 0-1)"
ORN_DM5,ab2B,QWVGKYWNOKOFNN-UHFFFAOYSA-N,0.0059813618487793,"measured (DoOR consensus, normalised 0-1)"
ORN_DM5,ab2B,WTWBUQJHJGUZCY-UHFFFAOYSA-N,0.0115980280931844,"measured (DoOR consensus, normalised 0-1)"
ORN_DM5,ab2B,ZYEMGPIYFIJGTP-UHFFFAOYSA-N,0.0115980280931844,"measured (DoOR consensus, normalised 0-1)"
ORN_DM5,ab2B,SUSQOBVLVYHIEX-UHFFFAOYSA-N,0.005344769846206,"measured (DoOR consensus, normalised 0-1)"
ORN_DM5,ab2B,IWDCLRJOBJJRNH-UHFFFAOYSA-N,0.0067375251182539,"measured (DoOR consensus, normalised 0-1)"
ORN_DM5,ab2B,LRHPLDYGYMQRHN-UHFFFAOYSA-N,0.0166192991052918,"measured (DoOR consensus, normalised 0-1)"
ORN_DM5,ab2B,ZSIAUFGUXNUGDI-UHFFFAOYSA-N,0.243543278362544,"measured (DoOR consensus, normalised 0-1)"
ORN_DM5,ab2B,PHTQWCKDNZKARW-UHFFFAOYSA-N,0.0231034564294396,"measured (DoOR consensus, normalised 0-1)"
ORN_DM5,ab2B,VSMOENVRRABVKN-UHFFFAOYSA-N,0.059832427878984,"measured (DoOR consensus, normalised 0-1)"
ORN_DM5,ab2B,ZCHHRLHTBGRGOT-SNAWJCMRSA-N,0.225886837740288,"measured (DoOR consensus, normalised 0-1)"
ORN_DM5,ab2B,OWBTYPJTUOEWEK-UHFFFAOYSA-N,0.005344769846206,"measured (DoOR consensus, normalised 0-1)"
ORN_DM5,ab2B,HPXRVTGHNJAIIH-UHFFFAOYSA-N,0.340443474763667,"measured (DoOR consensus, normalised 0-1)"
ORN_DM5,ab2B,MQWCXKGKQLNYQG-UHFFFAOYSA-N,0.0210087421599029,"measured (DoOR consensus, normalised 0-1)"
ORN_DM5,ab2B,NMRPBPVERJPACX-UHFFFAOYSA-N,0.0432284609109338,"measured (DoOR consensus, normalised 0-1)"
ORN_DM5,ab2B,KXKVLQRXCPHEJC-UHFFFAOYSA-N,0.0091927705467299,"measured (DoOR consensus, normalised 0-1)"
ORN_DM5,ab2B,XEKOWRVHYACXOJ-UHFFFAOYSA-N,0.030194434464864,"measured (DoOR consensus, normalised 0-1)"
ORN_DM5,ab2B,DKPFZGUDAPQIHT-UHFFFAOYSA-N,0.005344769846206,"measured (DoOR consensus, normalised 0-1)"
ORN_DM5,ab2B,PGMYKACGEOXYJE-UHFFFAOYSA-N,0.0206855181397414,"measured (DoOR consensus, normalised 0-1)"
ORN_DM5,ab2B,AOGQPLXWSUTHQB-UHFFFAOYSA-N,0.005344769846206,"measured (DoOR consensus, normalised 0-1)"
ORN_DM5,ab2B,MLFHJEHSLIIPHL-UHFFFAOYSA-N,0.0386259216257699,"measured (DoOR consensus, normalised 0-1)"
ORN_DM5,ab2B,HRHOWZHRCRZVCU-WAYWQWQTSA-N,0.0062378528415337,"measured (DoOR consensus, normalised 0-1)"
ORN_DM5,ab2B,OBNCKNCVKJNDBV-UHFFFAOYSA-N,0.283143200916922,"measured (DoOR consensus, normalised 0-1)"
ORN_DM5,ab2B,XAPCMTMQBXLDBB-UHFFFAOYSA-N,0.005344769846206,"measured (DoOR consensus, normalised 0-1)"
ORN_DM5,ab2B,OMSUIQOIVADKIM-UHFFFAOYSA-N,0.485872069428205,"measured (DoOR consensus, normalised 0-1)"
ORN_DM5,ab2B,FKRCODPIKNYEAC-UHFFFAOYSA-N,0.072924769232681,"measured (DoOR consensus, normalised 0-1)"
ORN_DM5,ab2B,NUKZAGXMHTUAFE-UHFFFAOYSA-N,0.005344769846206,"measured (DoOR consensus, normalised 0-1)"
ORN_DM5,ab2B,SHZIWNPUGXLXDT-UHFFFAOYSA-N,0.005344769846206,"measured (DoOR consensus, normalised 0-1)"
ORN_DM5,ab2B,SIKJAQJRHWYJAI-UHFFFAOYSA-N,0.0115980280931844,"measured (DoOR consensus, normalised 0-1)"
ORN_DM5,ab2B,GQKZRWSUJHVIPE-UHFFFAOYSA-N,0.005344769846206,"measured (DoOR consensus, normalised 0-1)"
ORN_DM5,ab2B,HCRBXQFHJMCTLF-UHFFFAOYSA-N,0.0734724464058092,"measured (DoOR consensus, normalised 0-1)"
ORN_DM5,ab2B,XUPYJHCZDLZNFP-UHFFFAOYSA-N,0.005344769846206,"measured (DoOR consensus, normalised 0-1)"
ORN_DM5,ab2B,ICMAFTSLXCXHRK-UHFFFAOYSA-N,0.0159985649207767,"measured (DoOR consensus, normalised 0-1)"
ORN_DM5,ab2B,LYRIITRHDCNUHV-UHFFFAOYSA-N,0.005344769846206,"measured (DoOR consensus, normalised 0-1)"
ORN_DM5,ab2B,IEMMBWWQXVXBEU-UHFFFAOYSA-N,0.005344769846206,"measured (DoOR consensus, normalised 0-1)"
ORN_DM5,ab2B,GAEKPEKOJKCEMS-UHFFFAOYSA-N,0.0809327782287837,"measured (DoOR consensus, normalised 0-1)"
ORN_DM5,ab2B,solvent,0.0090582109165297,"measured (DoOR consensus, normalised 0-1)"
ORN_DM5,ab2B,CURLTUGMZLYLDI-UHFFFAOYSA-N,0.0067076131469509,"measured (DoOR consensus, normalised 0-1)"
ORN_DM5,ab2B,UXFSPRAGHGMRSQ-UHFFFAOYSA-N,0.0048048645980955,"measured (DoOR consensus, normalised 0-1)"
ORN_DM5,ab2B,RWRDLPDLKQPQOW-UHFFFAOYSA-N,0.0321565060105323,"measured (DoOR consensus, normalised 0-1)"
ORN_DM5,ab2B,QCCDLTOVEPVEJK-UHFFFAOYSA-N,0.007508432869131,"measured (DoOR consensus, normalised 0-1)"
ORN_DM5,ab2B,ZKQDCIXGCQPQNV-UHFFFAOYSA-N,0.0052562890084941,"measured (DoOR consensus, normalised 0-1)"
ORN_DM5,ab2B,CRVGTESFCCXCTH-UHFFFAOYSA-N,0.002627317291241,"measured (DoOR consensus, normalised 0-1)"
ORN_DM5,ab2B,AKNUHUCEWALCOI-UHFFFAOYSA-O,0.0057384282005648,"measured (DoOR consensus, normalised 0-1)"
ORN_DM5,ab2B,OSPSWZSRKYCQPF-UHFFFAOYSA-N,0.0623213215534186,"measured (DoOR consensus, normalised 0-1)"
ORN_DM5,ab2B,BDZBKCUKTQZUTL-UHFFFAOYSA-N,0.0015499371248344,"measured (DoOR consensus, normalised 0-1)"
ORN_DM5,ab2B,DWCLXOREGBLXTD-UHFFFAOYSA-N,0.0022681905691055,"measured (DoOR consensus, normalised 0-1)"
ORN_DM5,ab2B,YIWUKEYIRIRTPP-UHFFFAOYSA-N,0.007508432869131,"measured (DoOR consensus, normalised 0-1)"
ORN_DM5,ab2B,VKYKSIONXSXAKP-UHFFFAOYSA-N,0.0037046974576476,"measured (DoOR consensus, normalised 0-1)"
ORN_DM5,ab2B,MHAJPDPJQMAIIY-UHFFFAOYSA-N,0.0040638241797831,"measured (DoOR consensus, normalised 0-1)"
ORN_DM5,ab2B,GRYLNZFGIOXLOG-UHFFFAOYSA-N,0.0044229509019186,"measured (DoOR consensus, normalised 0-1)"
ORN_DM5,ab2B,LYGJENNIWJXYER-UHFFFAOYSA-N,0.0309343145125449,"measured (DoOR consensus, normalised 0-1)"
ORN_DM5,ab2B,WFDIJRYMOXRFFG-UHFFFAOYSA-N,0.0029864440133765,"measured (DoOR consensus, normalised 0-1)"
ORN_DM5,ab2B,ZHNUHDYFZUAESO-UHFFFAOYSA-N,0.0052562890084941,"measured (DoOR consensus, normalised 0-1)"
ORN_DM5,ab2B,WGSVFWFSJDAYBM-BQYQJAHWSA-N,0.0022681905691055,"measured (DoOR consensus, normalised 0-1)"
ORN_DM5,ab2B,ZMQAAUBTXCXRIC-UHFFFAOYSA-N,0.0040638241797831,"measured (DoOR consensus, normalised 0-1)"
ORN_DM5,ab2B,FHIVAFMUCKRCQO-UHFFFAOYSA-N,0.0040638241797831,"measured (DoOR consensus, normalised 0-1)"
ORN_DM5,ab2B,RDYMFSUJUZBWLH-UHFFFAOYSA-N,0.002627317291241,"measured (DoOR consensus, normalised 0-1)"
ORN_DM5,ab2B,YLMGFJXSLBMXHK-UHFFFAOYSA-M,0.0052562890084941,"measured (DoOR consensus, normalised 0-1)"
ORN_DM5,ab2B,BAZAXWOYCMUHIX-UHFFFAOYSA-M,0.0062207027293438,"measured (DoOR consensus, normalised 0-1)"
ORN_DM5,ab2B,RWSOTUBLDIXVET-UHFFFAOYSA-N,0.0008316836805633,"measured (DoOR consensus, normalised 0-1)"
ORN_DM5,ab2B,XTFIVUDBNACUBN-UHFFFAOYSA-N,0.0022681905691055,"measured (DoOR consensus, normalised 0-1)"
ORN_DM5,ab2B,HMWPNDNFTFSCEB-UHFFFAOYSA-N,0.0015499371248344,"measured (DoOR consensus, normalised 0-1)"
ORN_DM5,ab2B,SNIOPGDIGTZGOP-UHFFFAOYSA-N,0.0004725569584278,"measured (DoOR consensus, normalised 0-1)"
ORN_DM5,ab2B,TZRXHJWUDPFEEY-UHFFFAOYSA-N,0.0057384282005648,"measured (DoOR consensus, normalised 0-1)"
ORN_DM5,ab2B,ZTLXICJMNFREPA-UHFFFAOYSA-N,0.0033455707355121,"measured (DoOR consensus, normalised 0-1)"
ORN_DM5,ab2B,SPSSULHKWOKEEL-UHFFFAOYSA-N,0.0047820776240542,"measured (DoOR consensus, normalised 0-1)"
ORN_DM5,Or85a,VHUUQVKOLVNVRT-UHFFFAOYSA-N,0.0331803457476028,"measured (DoOR consensus, normalised 0-1)"
ORN_DM5,Or85a,KIDHWZJUCRJVML-UHFFFAOYSA-N,0.0209560078405912,"measured (DoOR consensus, normalised 0-1)"
ORN_DM5,Or85a,VHRGRCVQAFMJIZ-UHFFFAOYSA-N,0.0244486758140231,"measured (DoOR consensus, normalised 0-1)"
ORN_DM5,Or85a,YEJRWHAVMIAJKC-UHFFFAOYSA-N,0.0296876777741709,"measured (DoOR consensus, normalised 0-1)"
ORN_DM5,Or85a,JBFHTYHTHYHCDJ-UHFFFAOYSA-N,0.0384193477077506,"measured (DoOR consensus, normalised 0-1)"
ORN_DM5,Or85a,IPBFYZQJXZJBFQ-UHFFFAOYSA-N,0.0209560078405912,"measured (DoOR consensus, normalised 0-1)"
ORN_DM5,Or85a,IFYYFLINQYPWGJ-UHFFFAOYSA-N,0.0244486758140231,"measured (DoOR consensus, normalised 0-1)"
ORN_DM5,Or85a,GHBSPIPJMLAMEP-UHFFFAOYSA-N,0.04941399811232,"measured (DoOR consensus, normalised 0-1)"
ORN_DM5,Or85a,BDAGIHXWWSANSR-UHFFFAOYSA-N,0.027941343787455,"measured (DoOR consensus, normalised 0-1)"
ORN_DM5,Or85a,QTBSBXVTEAMEQO-UHFFFAOYSA-N,0.04941399811232,"measured (DoOR consensus, normalised 0-1)"
ORN_DM5,Or85a,XBDQKXXYIPTUBI-UHFFFAOYSA-N,0.0331803457476028,"measured (DoOR consensus, normalised 0-1)"
ORN_DM5,Or85a,FERIUCNNQQJTOY-UHFFFAOYSA-N,0.026195009800739,"measured (DoOR consensus, normalised 0-1)"
ORN_DM5,Or85a,NQPDZGIKBAWPEJ-UHFFFAOYSA-N,0.0384193477077506,"measured (DoOR consensus, normalised 0-1)"
ORN_DM5,Or85a,FUZZWVXGSFPDMH-UHFFFAOYSA-N,0.0244486758140231,"measured (DoOR consensus, normalised 0-1)"
ORN_DM5,Or85a,MNWFXJYAOYHMED-UHFFFAOYSA-N,0.04941399811232,"measured (DoOR consensus, normalised 0-1)"
ORN_DM5,Or85a,WWZKQHOCKIZLMA-UHFFFAOYSA-N,0.0349266797343187,"measured (DoOR consensus, normalised 0-1)"
ORN_DM5,Or85a,FBUKVWPVBMHYJY-UHFFFAOYSA-N,0.04941399811232,"measured (DoOR consensus, normalised 0-1)"
ORN_DM5,Or85a,OYHQOLUKZRVURQ-HZJYTTRNSA-N,0.0530356666894407,"measured (DoOR consensus, normalised 0-1)"
ORN_DM5,Or85a,KQNPFQTWMSNSAP-UHFFFAOYSA-N,0.0314340117608869,"measured (DoOR consensus, normalised 0-1)"
ORN_DM5,Or85a,GWYFCOCPABKNJV-UHFFFAOYSA-N,0.04941399811232,"measured (DoOR consensus, normalised 0-1)"
ORN_DM5,Or85a,LCTONWCANYUPML-UHFFFAOYSA-N,0.027941343787455,"measured (DoOR consensus, normalised 0-1)"
ORN_DM5,Or85a,OBETXYAYXDNJHR-UHFFFAOYSA-N,0.0419120156811825,"measured (DoOR consensus, normalised 0-1)"
ORN_DM5,Or85a,JVTAAEKCZFNVCJ-UHFFFAOYSA-N,0.0244486758140231,"measured (DoOR consensus, normalised 0-1)"
ORN_DM5,Or85a,CZUGFKJYCPYHHV-UHFFFAOYSA-N,0.123391824365312,"measured (DoOR consensus, normalised 0-1)"
ORN_DM5,Or85a,QMMFVYPAHWMCMS-UHFFFAOYSA-N,0.0296876777741709,"measured (DoOR consensus, normalised 0-1)"
ORN_DM5,Or85a,MOYAFQVGZZPNRA-UHFFFAOYSA-N,0.0331803457476028,"measured (DoOR consensus, normalised 0-1)"
ORN_DM5,Or85a,GRWFGVWFFZKLTI-UHFFFAOYSA-N,0.0419120156811825,"measured (DoOR consensus, normalised 0-1)"
ORN_DM5,Or85a,WTARULDDTDQWMU-UHFFFAOYSA-N,0.0565807887769843,"measured (DoOR consensus, normalised 0-1)"
ORN_DM5,Or85a,BQOFWKZOCNGFEC-UHFFFAOYSA-N,0.073356471957494,"measured (DoOR consensus, normalised 0-1)"
ORN_DM5,Or85a,XMGQYMWWDOXHJM-UHFFFAOYSA-N,0.0565807887769843,"measured (DoOR consensus, normalised 0-1)"
ORN_DM5,Or85a,FAMPSKZZVDUYOS-HRGUGZIWSA-N,0.0366730137210347,"measured (DoOR consensus, normalised 0-1)"
ORN_DM5,Or85a,UAHWPYUMFXYFJY-UHFFFAOYSA-N,0.0565807887769843,"measured (DoOR consensus, normalised 0-1)"
ORN_DM5,Or85a,NPNUFJAVOOONJE-GFUGXAQUSA-N,0.04941399811232,"measured (DoOR consensus, normalised 0-1)"
ORN_DM5,Or85a,HFPZCAJZSCWRBC-UHFFFAOYSA-N,0.0419120156811825,"measured (DoOR consensus, normalised 0-1)"
ORN_DM5,Or85a,HIGQPQRQIQDZMP-DHZHZOJOSA-N,0.042890515071271,"measured (DoOR consensus, normalised 0-1)"
ORN_DM5,Or85a,WUOACPNHFRMFPN-SECBINFHSA-N,0.0227023418273072,"measured (DoOR consensus, normalised 0-1)"
ORN_DM5,Or85a,GLZPCOQZEFWAFX-JXMROGBWSA-N,0.0366730137210347,"measured (DoOR consensus, normalised 0-1)"
ORN_DM5,Or85a,GLZPCOQZEFWAFX-YFHOEESVSA-N,0.0401656816944665,"measured (DoOR consensus, normalised 0-1)"
ORN_DM5,Or85a,CDOSHBSSFJOMGT-UHFFFAOYSA-N,0.0157170058804434,"measured (DoOR consensus, normalised 0-1)"
ORN_DM5,Or85a,QMVPMAAFGQKVCJ-SNVBAGLBSA-N,0.073356471957494,"measured (DoOR consensus, normalised 0-1)"
ORN_DM5,Or85a,BRHDDEIRQPDPMG-UHFFFAOYSA-N,0.0765538447469653,"measured (DoOR consensus, normalised 0-1)"
ORN_DM5,Or85a,IKHGUXGNUITLKF-UHFFFAOYSA-N,0.150405506790307,"measured (DoOR consensus, normalised 0-1)"
ORN_DM5,Or85a,NBBJYMSMWIIQGU-UHFFFAOYSA-N,0.0949188420261463,"measured (DoOR consensus, normalised 0-1)"
ORN_DM5,Or85a,ZTQSAGDEMFDKMZ-UHFFFAOYSA-N,0.0634658195324204,"measured (DoOR consensus, normalised 0-1)"
ORN_DM5,Or85a,HGBOYTHUEUWSSQ-UHFFFAOYSA-N,0.0401656816944665,"measured (DoOR consensus, normalised 0-1)"
ORN_DM5,Or85a,JARKCYVAAOWBJS-UHFFFAOYSA-N,0.109409857531449,"measured (DoOR consensus, normalised 0-1)"
ORN_DM5,Or85a,MBDOYVRWFFCFHM-SNAWJCMRSA-N,0.102916827101378,"measured (DoOR consensus, normalised 0-1)"
ORN_DM5,Or85a,HYBBIBNJHNGZAN-UHFFFAOYSA-N,0.0401656816944665,"measured (DoOR consensus, normalised 0-1)"
ORN_DM5,Or85a,HGINCPLSRVDWNT-UHFFFAOYSA-N,0.106558115541859,"measured (DoOR consensus, normalised 0-1)"
ORN_DM5,Or85a,CSCPPACGZOOCGX-UHFFFAOYSA-N,0.0349266797343187,"measured (DoOR consensus, normalised 0-1)"
ORN_DM5,Or85a,ZWEHNKRNPOVVGH-UHFFFAOYSA-N,0.04941399811232,"measured (DoOR consensus, normalised 0-1)"
ORN_DM5,Or85a,XNLICIUVMPYHGG-UHFFFAOYSA-N,0.0296876777741709,"measured (DoOR consensus, normalised 0-1)"
ORN_DM5,Or85a,CATSNJVOTSVZJV-UHFFFAOYSA-N,0.155279083982673,"measured (DoOR consensus, normalised 0-1)"
ORN_DM5,Or85a,UHEPJGULSIKKTP-UHFFFAOYSA-N,0.0314340117608869,"measured (DoOR consensus, normalised 0-1)"
ORN_DM5,Or85a,QSJXEFYPDANLFS-UHFFFAOYSA-N,0.149183485149675,"measured (DoOR consensus, normalised 0-1)"
ORN_DM5,Or85a,WRMNZCZEMHIOCP-UHFFFAOYSA-N,0.0565807887769843,"measured (DoOR consensus, normalised 0-1)"
ORN_DM5,Or85a,WVDDGKGOMKODPV-UHFFFAOYSA-N,0.0366730137210347,"measured (DoOR consensus, normalised 0-1)"
ORN_DM5,Or85a,OSWPMRLSEDHDFF-UHFFFAOYSA-N,0.038154437024249,"measured (DoOR consensus, normalised 0-1)"
ORN_DM5,Or85a,QPJVMBTYPHYUOC-UHFFFAOYSA-N,0.0600556346813875,"measured (DoOR consensus, normalised 0-1)"
ORN_DM5,Or85a,MTZQAGJQAFMTAQ-UHFFFAOYSA-N,0.0192096738538753,"measured (DoOR consensus, normalised 0-1)"
ORN_DM5,Or85a,MDHYEMXUFSJLGV-UHFFFAOYSA-N,0.0296876777741709,"measured (DoOR consensus, normalised 0-1)"
ORN_DM5,Or85a,HUMNYLRZRPPJDN-UHFFFAOYSA-N,0.0701119011685374,"measured (DoOR consensus, normalised 0-1)"
ORN_DM5,Or85a,DTUQWGWMVIHBKE-UHFFFAOYSA-N,0.0797074271977882,"measured (DoOR consensus, normalised 0-1)"
ORN_DM5,Or85a,KWOLFJPFCHCOCG-UHFFFAOYSA-N,0.0,"measured (DoOR consensus, normalised 0-1)"
ORN_DM5,Or85a,KBEBGUQPQBELIU-CMDGGOBGSA-N,0.0314340117608869,"measured (DoOR consensus, normalised 0-1)"
ORN_DM5,Or85a,QWVGKYWNOKOFNN-UHFFFAOYSA-N,0.0192096738538753,"measured (DoOR consensus, normalised 0-1)"
ORN_DM5,Or85a,CHWNEIVBYREQRF-UHFFFAOYSA-N,0.0331803457476028,"measured (DoOR consensus, normalised 0-1)"
ORN_DM5,Or85a,RRAFCDWBNXTKKO-UHFFFAOYSA-N,0.0366730137210347,"measured (DoOR consensus, normalised 0-1)"
ORN_DM5,Or85a,OKKJLVBELUTLKV-UHFFFAOYSA-N,0.0919423464670279,"measured (DoOR consensus, normalised 0-1)"
ORN_DM5,Or85a,LFQSCWFLJHTTHZ-UHFFFAOYSA-N,0.100788198297548,"measured (DoOR consensus, normalised 0-1)"
ORN_DM5,Or85a,BDERNNFJNOPAEC-UHFFFAOYSA-N,0.0457087530072997,"measured (DoOR consensus, normalised 0-1)"
ORN_DM5,Or85a,LRHPLDYGYMQRHN-UHFFFAOYSA-N,0.0530356666894407,"measured (DoOR consensus, normalised 0-1)"
ORN_DM5,Or85a,AMQJEAYHLZJPGS-UHFFFAOYSA-N,0.182116329103352,"measured (DoOR consensus, normalised 0-1)"
ORN_DM5,Or85a,ZSIAUFGUXNUGDI-UHFFFAOYSA-N,0.521108651461591,"measured (DoOR consensus, normalised 0-1)"
ORN_DM5,Or85a,KBPLFHHGFOOTCA-UHFFFAOYSA-N,0.0600556346813875,"measured (DoOR consensus, normalised 0-1)"
ORN_DM5,Or85a,JYVLIDXNZAXMDK-UHFFFAOYSA-N,0.176839296996094,"measured (DoOR consensus, normalised 0-1)"
ORN_DM5,Or85a,PHTQWCKDNZKARW-UHFFFAOYSA-N,0.0174633398671594,"measured (DoOR consensus, normalised 0-1)"
ORN_DM5,Or85a,ASUAYTHWZCLXAN-UHFFFAOYSA-N,0.0828203317429052,"measured (DoOR consensus, normalised 0-1)"
ORN_DM5,Or85a,VHVMXWZXFBOANQ-UHFFFAOYSA-N,0.109409857531449,"measured (DoOR consensus, normalised 0-1)"
ORN_DM5,Or85a,VSMOENVRRABVKN-UHFFFAOYSA-N,0.168209960851513,"measured (DoOR consensus, normalised 0-1)"
ORN_DM5,Or85a,ZCHHRLHTBGRGOT-SNAWJCMRSA-N,0.490252330188437,"measured (DoOR consensus, normalised 0-1)"
ORN_DM5,Or85a,ZCHHRLHTBGRGOT-PLNGDYQASA-N,0.0765538447469653,"measured (DoOR consensus, normalised 0-1)"
ORN_DM5,Or85a,UFLHIIWVXFIJGU-ONEGZZNKSA-N,0.569032741137931,"measured (DoOR consensus, normalised 0-1)"
ORN_DM5,Or85a,UFLHIIWVXFIJGU-ARJAWSKDSA-N,0.299844639103405,"measured (DoOR consensus, normalised 0-1)"
ORN_DM5,Or85a,PEDCQBHIVMGVHV-UHFFFAOYSA-N,0.04941399811232,"measured (DoOR consensus, normalised 0-1)"
ORN_DM5,Or85a,OWBTYPJTUOEWEK-UHFFFAOYSA-N,0.0889352771577433,"measured (DoOR consensus, normalised 0-1)"
ORN_DM5,Or85a,KXKVLQRXCPHEJC-UHFFFAOYSA-N,0.026195009800739,"measured (DoOR consensus, normalised 0-1)"
ORN_DM5,Or85a,XEKOWRVHYACXOJ-UHFFFAOYSA-N,0.223561408025282,"measured (DoOR consensus, normalised 0-1)"
ORN_DM5,Or85a,YKYONYBAUNKHLG-UHFFFAOYSA-N,0.0209560078405912,"measured (DoOR consensus, normalised 0-1)"
ORN_DM5,Or85a,DKPFZGUDAPQIHT-UHFFFAOYSA-N,0.0244486758140231,"measured (DoOR consensus, normalised 0-1)"
ORN_DM5,Or85a,PGMYKACGEOXYJE-UHFFFAOYSA-N,0.132368979082835,"measured (DoOR consensus, normalised 0-1)"
ORN_DM5,Or85a,AOGQPLXWSUTHQB-UHFFFAOYSA-N,0.027941343787455,"measured (DoOR consensus, normalised 0-1)"
ORN_DM5,Or85a,GJRQTCIYDGXPES-UHFFFAOYSA-N,0.0034926679734318,"measured (DoOR consensus, normalised 0-1)"
ORN_DM5,Or85a,MLFHJEHSLIIPHL-UHFFFAOYSA-N,0.0157170058804434,"measured (DoOR consensus, normalised 0-1)"
ORN_DM5,Or85a,HRHOWZHRCRZVCU-WAYWQWQTSA-N,0.0457087530072997,"measured (DoOR consensus, normalised 0-1)"
ORN_DM5,Or85a,UUIQMZJEGPQKFD-UHFFFAOYSA-N,0.0565807887769843,"measured (DoOR consensus, normalised 0-1)"
ORN_DM5,Or85a,OBNCKNCVKJNDBV-UHFFFAOYSA-N,0.468005709047304,"measured (DoOR consensus, normalised 0-1)"
ORN_DM5,Or85a,XAPCMTMQBXLDBB-UHFFFAOYSA-N,0.163651175355864,"measured (DoOR consensus, normalised 0-1)"
ORN_DM5,Or85a,OMSUIQOIVADKIM-UHFFFAOYSA-N,0.68445106548106,"measured (DoOR consensus, normalised 0-1)"
ORN_DM5,Or85a,FKRCODPIKNYEAC-UHFFFAOYSA-N,0.174202428921047,"measured (DoOR consensus, normalised 0-1)"
ORN_DM5,Or85a,WBJINCZRORDGAQ-UHFFFAOYSA-N,0.04941399811232,"measured (DoOR consensus, normalised 0-1)"
ORN_DM5,Or85a,NUKZAGXMHTUAFE-UHFFFAOYSA-N,0.0157170058804434,"measured (DoOR consensus, normalised 0-1)"
ORN_DM5,Or85a,SHZIWNPUGXLXDT-UHFFFAOYSA-N,0.0052390019601478,"measured (DoOR consensus, normalised 0-1)"
ORN_DM5,Or85a,NCDCLPBOMHPFCV-UHFFFAOYSA-N,0.0634658195324204,"measured (DoOR consensus, normalised 0-1)"
ORN_DM5,Or85a,JGHZJRVDZXSNKQ-UHFFFAOYSA-N,0.0227023418273072,"measured (DoOR consensus, normalised 0-1)"
ORN_DM5,Or85a,YYZUSRORWSJGET-UHFFFAOYSA-N,0.0296876777741709,"measured (DoOR consensus, normalised 0-1)"
ORN_DM5,Or85a,RGXWDWUGBIJHDO-UHFFFAOYSA-N,0.0087316699335796,"measured (DoOR consensus, normalised 0-1)"
ORN_DM5,Or85a,ZFDIRQKJPRINOQ-HWKANZROSA-N,0.31559049351808,"measured (DoOR consensus, normalised 0-1)"
ORN_DM5,Or85a,LZCLXQDLBQLTDK-UHFFFAOYSA-N,0.161009240333604,"measured (DoOR consensus, normalised 0-1)"
ORN_DM5,Or85a,DKMROQRQHGEIOW-UHFFFAOYSA-N,0.0227023418273072,"measured (DoOR consensus, normalised 0-1)"
ORN_DM5,Or85a,HCRBXQFHJMCTLF-UHFFFAOYSA-N,0.224207070589077,"measured (DoOR consensus, normalised 0-1)"
ORN_DM5,Or85a,solvent,0.043478471324981,"measured (DoOR consensus, normalised 0-1)"
ORN_DM5,Or85a,CURLTUGMZLYLDI-UHFFFAOYSA-N,0.0572576276357992,"measured (DoOR consensus, normalised 0-1)"
ORN_DC3,Or83c,QGZKDVFQNNGYKY-UHFFFAOYSA-N,0.170506912442396,"measured (DoOR consensus, normalised 0-1)"
ORN_DC3,Or83c,HZAXFHJVJLSVMW-UHFFFAOYSA-N,0.0,"measured (DoOR consensus, normalised 0-1)"
ORN_DC3,Or83c,BDAGIHXWWSANSR-UHFFFAOYSA-N,0.202764976958525,"measured (DoOR consensus, normalised 0-1)"
ORN_DC3,Or83c,QTBSBXVTEAMEQO-UHFFFAOYSA-N,0.115207373271889,"measured (DoOR consensus, normalised 0-1)"
ORN_DC3,Or83c,XBDQKXXYIPTUBI-UHFFFAOYSA-N,0.0783410138248848,"measured (DoOR consensus, normalised 0-1)"
ORN_DC3,Or83c,FERIUCNNQQJTOY-UHFFFAOYSA-N,0.0783410138248848,"measured (DoOR consensus, normalised 0-1)"
ORN_DC3,Or83c,FUZZWVXGSFPDMH-UHFFFAOYSA-N,0.124423963133641,"measured (DoOR consensus, normalised 0-1)"
ORN_DC3,Or83c,FBUKVWPVBMHYJY-UHFFFAOYSA-N,0.124423963133641,"measured (DoOR consensus, normalised 0-1)"
ORN_DC3,Or83c,GWYFCOCPABKNJV-UHFFFAOYSA-N,0.0783410138248848,"measured (DoOR consensus, normalised 0-1)"
ORN_DC3,Or83c,CZUGFKJYCPYHHV-UHFFFAOYSA-N,0.0460829493087558,"measured (DoOR consensus, normalised 0-1)"
ORN_DC3,Or83c,ALVPFGSHPUPROW-UHFFFAOYSA-N,0.0783410138248848,"measured (DoOR consensus, normalised 0-1)"
ORN_DC3,Or83c,UAHWPYUMFXYFJY-UHFFFAOYSA-N,0.0783410138248848,"measured (DoOR consensus, normalised 0-1)"
ORN_DC3,Or83c,HFPZCAJZSCWRBC-UHFFFAOYSA-N,0.0783410138248848,"measured (DoOR consensus, normalised 0-1)"
ORN_DC3,Or83c,HIGQPQRQIQDZMP-DHZHZOJOSA-N,0.32258064516129,"measured (DoOR consensus, normalised 0-1)"
ORN_DC3,Or83c,GLZPCOQZEFWAFX-JXMROGBWSA-N,0.124423963133641,"measured (DoOR consensus, normalised 0-1)"
ORN_DC3,Or83c,GLZPCOQZEFWAFX-YFHOEESVSA-N,0.0783410138248848,"measured (DoOR consensus, normalised 0-1)"
ORN_DC3,Or83c,CDOSHBSSFJOMGT-UHFFFAOYSA-N,0.0783410138248848,"measured (DoOR consensus, normalised 0-1)"
ORN_DC3,Or83c,ULDHMXUKGWMISQ-SECBINFHSA-N,0.0921658986175115,"measured (DoOR consensus, normalised 0-1)"
ORN_DC3,Or83c,WEEGYLXZBRQIMU-WAAGHKOSSA-N,0.032258064516129,"measured (DoOR consensus, normalised 0-1)"
ORN_DC3,Or83c,XMGQYMWWDOXHJM-JTQLQIEISA-N,0.032258064516129,"measured (DoOR consensus, normalised 0-1)"
ORN_DC3,Or83c,GRWFGVWFFZKLTI-RKDXNWHRSA-N,0.0645161290322581,"measured (DoOR consensus, normalised 0-1)"
ORN_DC3,Or83c,UZFLPKAIBPNNCA-BQYQJAHWSA-N,0.0783410138248848,"measured (DoOR consensus, normalised 0-1)"
ORN_DC3,Or83c,ZTQSAGDEMFDKMZ-UHFFFAOYSA-N,0.202764976958525,"measured (DoOR consensus, normalised 0-1)"
ORN_DC3,Or83c,HGBOYTHUEUWSSQ-UHFFFAOYSA-N,0.354838709677419,"measured (DoOR consensus, normalised 0-1)"
ORN_DC3,Or83c,JARKCYVAAOWBJS-UHFFFAOYSA-N,0.308755760368664,"measured (DoOR consensus, normalised 0-1)"
ORN_DC3,Or83c,MBDOYVRWFFCFHM-SNAWJCMRSA-N,0.248847926267281,"measured (DoOR consensus, normalised 0-1)"
ORN_DC3,Or83c,HYBBIBNJHNGZAN-UHFFFAOYSA-N,0.184331797235023,"measured (DoOR consensus, normalised 0-1)"
ORN_DC3,Or83c,NUJGJRNETVAIRJ-UHFFFAOYSA-N,0.124423963133641,"measured (DoOR consensus, normalised 0-1)"
ORN_DC3,Or83c,KSMVZQYAVGTKIV-UHFFFAOYSA-N,0.124423963133641,"measured (DoOR consensus, normalised 0-1)"
ORN_DC3,Or83c,FXHGMKSSBGDXIY-UHFFFAOYSA-N,0.15668202764977,"measured (DoOR consensus, normalised 0-1)"
ORN_DC3,Or83c,LVBXEMGDVWVTGY-VOTSOKGWSA-N,0.248847926267281,"measured (DoOR consensus, normalised 0-1)"
ORN_DC3,Or83c,GYHFUZHODSMOHU-UHFFFAOYSA-N,0.115207373271889,"measured (DoOR consensus, normalised 0-1)"
ORN_DC3,Or83c,CSCPPACGZOOCGX-UHFFFAOYSA-N,0.124423963133641,"measured (DoOR consensus, normalised 0-1)"
ORN_DC3,Or83c,ZWEHNKRNPOVVGH-UHFFFAOYSA-N,0.262672811059908,"measured (DoOR consensus, normalised 0-1)"
ORN_DC3,Or83c,XNLICIUVMPYHGG-UHFFFAOYSA-N,0.184331797235023,"measured (DoOR consensus, normalised 0-1)"
ORN_DC3,Or83c,CATSNJVOTSVZJV-UHFFFAOYSA-N,0.202764976958525,"measured (DoOR consensus, normalised 0-1)"
ORN_DC3,Or83c,QSJXEFYPDANLFS-UHFFFAOYSA-N,0.15668202764977,"measured (DoOR consensus, normalised 0-1)"
ORN_DC3,Or83c,QQZOPKMRPOGIEB-UHFFFAOYSA-N,0.294930875576037,"measured (DoOR consensus, normalised 0-1)"
ORN_DC3,Or83c,JHIVVAPYMSGYDF-UHFFFAOYSA-N,0.230414746543779,"measured (DoOR consensus, normalised 0-1)"
ORN_DC3,Or83c,ZPVFWPFBNIEHGJ-UHFFFAOYSA-N,0.170506912442396,"measured (DoOR consensus, normalised 0-1)"
ORN_DC3,Or83c,NGAZZOYFWWSOGK-UHFFFAOYSA-N,0.15668202764977,"measured (DoOR consensus, normalised 0-1)"
ORN_DC3,Or83c,WRMNZCZEMHIOCP-UHFFFAOYSA-N,0.110599078341014,"measured (DoOR consensus, normalised 0-1)"
ORN_DC3,Or83c,WVDDGKGOMKODPV-UHFFFAOYSA-N,0.124423963133641,"measured (DoOR consensus, normalised 0-1)"
ORN_DC3,Or83c,OSWPMRLSEDHDFF-UHFFFAOYSA-N,0.0645161290322581,"measured (DoOR consensus, normalised 0-1)"
ORN_DC3,Or83c,HUMNYLRZRPPJDN-UHFFFAOYSA-N,0.276497695852535,"measured (DoOR consensus, normalised 0-1)"
ORN_DC3,Or83c,RRAFCDWBNXTKKO-UHFFFAOYSA-N,0.0921658986175115,"measured (DoOR consensus, normalised 0-1)"
ORN_DC3,Or83c,WTWBUQJHJGUZCY-UHFFFAOYSA-N,0.0921658986175115,"measured (DoOR consensus, normalised 0-1)"
ORN_DC3,Or83c,ZYEMGPIYFIJGTP-UHFFFAOYSA-N,0.0783410138248848,"measured (DoOR consensus, normalised 0-1)"
ORN_DC3,Or83c,OKKJLVBELUTLKV-UHFFFAOYSA-N,0.0783410138248848,"measured (DoOR consensus, normalised 0-1)"
ORN_DC3,Or83c,LFQSCWFLJHTTHZ-UHFFFAOYSA-N,0.0783410138248848,"measured (DoOR consensus, normalised 0-1)"
ORN_DC3,Or83c,BDERNNFJNOPAEC-UHFFFAOYSA-N,0.0875576036866359,"measured (DoOR consensus, normalised 0-1)"
ORN_DC3,Or83c,LRHPLDYGYMQRHN-UHFFFAOYSA-N,0.15668202764977,"measured (DoOR consensus, normalised 0-1)"
ORN_DC3,Or83c,AMQJEAYHLZJPGS-UHFFFAOYSA-N,0.230414746543779,"measured (DoOR consensus, normalised 0-1)"
ORN_DC3,Or83c,ZSIAUFGUXNUGDI-UHFFFAOYSA-N,0.15668202764977,"measured (DoOR consensus, normalised 0-1)"
ORN_DC3,Or83c,KBPLFHHGFOOTCA-UHFFFAOYSA-N,0.184331797235023,"measured (DoOR consensus, normalised 0-1)"
ORN_DC3,Or83c,SJWFXCIHNDVPSH-UHFFFAOYSA-N,0.15668202764977,"measured (DoOR consensus, normalised 0-1)"
ORN_DC3,Or83c,JYVLIDXNZAXMDK-UHFFFAOYSA-N,0.308755760368664,"measured (DoOR consensus, normalised 0-1)"
ORN_DC3,Or83c,PHTQWCKDNZKARW-UHFFFAOYSA-N,0.230414746543779,"measured (DoOR consensus, normalised 0-1)"
ORN_DC3,Or83c,VSMOENVRRABVKN-UHFFFAOYSA-N,0.138248847926267,"measured (DoOR consensus, normalised 0-1)"
ORN_DC3,Or83c,ZCHHRLHTBGRGOT-SNAWJCMRSA-N,0.248847926267281,"measured (DoOR consensus, normalised 0-1)"
ORN_DC3,Or83c,ZCHHRLHTBGRGOT-PLNGDYQASA-N,0.138248847926267,"measured (DoOR consensus, normalised 0-1)"
ORN_DC3,Or83c,MQWCXKGKQLNYQG-UHFFFAOYSA-N,0.15668202764977,"measured (DoOR consensus, normalised 0-1)"
ORN_DC3,Or83c,NMRPBPVERJPACX-UHFFFAOYSA-N,0.124423963133641,"measured (DoOR consensus, normalised 0-1)"
ORN_DC3,Or83c,ZWRUINPWMLAQRD-UHFFFAOYSA-N,0.0645161290322581,"measured (DoOR consensus, normalised 0-1)"
ORN_DC3,Or83c,QNVRIHYSUZMSGM-UHFFFAOYSA-N,0.262672811059908,"measured (DoOR consensus, normalised 0-1)"
ORN_DC3,Or83c,ZOCHHNOQQHDWHG-UHFFFAOYSA-N,0.935483870967742,"measured (DoOR consensus, normalised 0-1)"
ORN_DC3,Or83c,ZXEKIIBDNHEJCQ-UHFFFAOYSA-N,0.170506912442396,"measured (DoOR consensus, normalised 0-1)"
ORN_DC3,Or83c,XEKOWRVHYACXOJ-UHFFFAOYSA-N,0.308755760368664,"measured (DoOR consensus, normalised 0-1)"
ORN_DC3,Or83c,YKYONYBAUNKHLG-UHFFFAOYSA-N,0.230414746543779,"measured (DoOR consensus, normalised 0-1)"
ORN_DC3,Or83c,PGMYKACGEOXYJE-UHFFFAOYSA-N,0.0921658986175115,"measured (DoOR consensus, normalised 0-1)"
ORN_DC3,Or83c,AOGQPLXWSUTHQB-UHFFFAOYSA-N,0.138248847926267,"measured (DoOR consensus, normalised 0-1)"
ORN_DC3,Or83c,MLFHJEHSLIIPHL-UHFFFAOYSA-N,0.0921658986175115,"measured (DoOR consensus, normalised 0-1)"
ORN_DC3,Or83c,OBNCKNCVKJNDBV-UHFFFAOYSA-N,0.138248847926267,"measured (DoOR consensus, normalised 0-1)"
ORN_DC3,Or83c,FKRCODPIKNYEAC-UHFFFAOYSA-N,0.230414746543779,"measured (DoOR consensus, normalised 0-1)"
ORN_DC3,Or83c,YLYBTZIQSIBWLI-UHFFFAOYSA-N,0.0460829493087558,"measured (DoOR consensus, normalised 0-1)"
ORN_DC3,Or83c,HCRBXQFHJMCTLF-UHFFFAOYSA-N,0.0783410138248848,"measured (DoOR consensus, normalised 0-1)"
ORN_DC3,Or83c,GAEKPEKOJKCEMS-UHFFFAOYSA-N,0.0783410138248848,"measured (DoOR consensus, normalised 0-1)"
ORN_DC3,Or83c,UXFSPRAGHGMRSQ-UHFFFAOYSA-N,0.0645161290322581,"measured (DoOR consensus, normalised 0-1)"
ORN_DC3,Or83c,VLKZOEOYAKHREP-UHFFFAOYSA-N,0.0783410138248848,"measured (DoOR consensus, normalised 0-1)"
ORN_DC3,Or83c,RHLVCLIPMVJYKS-UHFFFAOYSA-N,0.138248847926267,"measured (DoOR consensus, normalised 0-1)"
ORN_DC3,Or83c,UWKAYLJWKGQEPM-UHFFFAOYSA-N,0.0921658986175115,"measured (DoOR consensus, normalised 0-1)"
ORN_DC3,Or83c,YXFVVABEGXRONW-UHFFFAOYSA-N,0.216589861751152,"measured (DoOR consensus, normalised 0-1)"
ORN_DC3,Or83c,CETWDUZRCINIHU-ZETCQYMHSA-N,0.216589861751152,"measured (DoOR consensus, normalised 0-1)"
ORN_DC3,Or83c,KVFIJIWMDBAGDP-UHFFFAOYSA-N,0.308755760368664,"measured (DoOR consensus, normalised 0-1)"
ORN_DC3,Or83c,WKSXRWSOSLGSTN-UHFFFAOYSA-N,0.276497695852535,"measured (DoOR consensus, normalised 0-1)"
ORN_DC3,Or83c,VKJIAEQRKBQLLA-UHFFFAOYSA-N,0.230414746543779,"measured (DoOR consensus, normalised 0-1)"
ORN_DC3,Or83c,OXQOBQJCDNLAPO-UHFFFAOYSA-N,0.0460829493087558,"measured (DoOR consensus, normalised 0-1)"
ORN_DC3,Or83c,CAWHJQAVHZEVTJ-UHFFFAOYSA-N,0.276497695852535,"measured (DoOR consensus, normalised 0-1)"
ORN_DC3,Or83c,FGKJLKRYENPLQH-UHFFFAOYSA-N,0.110599078341014,"measured (DoOR consensus, normalised 0-1)"
ORN_DC3,Or83c,QEBNYNLSCGVZOH-UHFFFAOYSA-N,0.0460829493087558,"measured (DoOR consensus, normalised 0-1)"
ORN_DC3,Or83c,SESFRYSPDFLNCH-UHFFFAOYSA-N,0.0783410138248848,"measured (DoOR consensus, normalised 0-1)"
ORN_DC3,Or83c,CCEFMUBVSUDRLG-XNWIYYODSA-N,0.110599078341014,"measured (DoOR consensus, normalised 0-1)"
ORN_DC3,Or83c,SPEUIVXLLWOEMJ-UHFFFAOYSA-N,0.493087557603687,"measured (DoOR consensus, normalised 0-1)"
ORN_DC3,Or83c,ZJLMKPKYJBQJNH-UHFFFAOYSA-N,0.202764976958525,"measured (DoOR consensus, normalised 0-1)"
ORN_DC3,Or83c,BAMPVSWRQZNDQC-UHFFFAOYSA-N,0.400921658986175,"measured (DoOR consensus, normalised 0-1)"
ORN_DC3,Or83c,MOMFXATYAINJML-UHFFFAOYSA-N,0.0184331797235023,"measured (DoOR consensus, normalised 0-1)"
ORN_DC3,Or83c,BTANRVKWQNVYAZ-BYPYZUCNSA-N,0.15668202764977,"measured (DoOR consensus, normalised 0-1)"
ORN_DC3,Or83c,BTANRVKWQNVYAZ-UHFFFAOYSA-N,0.15668202764977,"measured (DoOR consensus, normalised 0-1)"
ORN_DC3,Or83c,ZAJNGDIORYACQU-UHFFFAOYSA-N,0.110599078341014,"measured (DoOR consensus, normalised 0-1)"
ORN_DC3,Or83c,CMPVUVUNJQERIT-UHFFFAOYSA-N,0.216589861751152,"measured (DoOR consensus, normalised 0-1)"
ORN_DC3,Or83c,NDVWOBYBJYUSMF-UHFFFAOYSA-N,0.847926267281106,"measured (DoOR consensus, normalised 0-1)"
ORN_DC3,Or83c,RZKSECIXORKHQS-UHFFFAOYSA-N,0.32258064516129,"measured (DoOR consensus, normalised 0-1)"
ORN_DC3,Or83c,FDPIMTJIUBPUKL-UHFFFAOYSA-N,0.276497695852535,"measured (DoOR consensus, normalised 0-1)"
ORN_DC3,Or83c,UWSONZCNXUSTKW-UHFFFAOYSA-N,0.294930875576037,"measured (DoOR consensus, normalised 0-1)"
ORN_DC3,Or83c,QMHIMXFNBOYPND-UHFFFAOYSA-N,0.32258064516129,"measured (DoOR consensus, normalised 0-1)"
ORN_DC3,Or83c,LQAVWYMTUMSFBE-UHFFFAOYSA-N,0.15668202764977,"measured (DoOR consensus, normalised 0-1)"
ORN_DC3,Or83c,YPWFNLSXQIGJCK-UHFFFAOYSA-N,0.447004608294931,"measured (DoOR consensus, normalised 0-1)"
ORN_DC3,Or83c,WGQKYBSKWIADBV-UHFFFAOYSA-N,0.248847926267281,"measured (DoOR consensus, normalised 0-1)"
ORN_DC3,Or83c,QRGSTISKDZCDHV-XCVCLJGOSA-N,0.0645161290322581,"measured (DoOR consensus, normalised 0-1)"
ORN_DC3,Or83c,BAVONGHXFVOKBV-RGURZIINSA-N,0.0783410138248848,"measured (DoOR consensus, normalised 0-1)"
ORN_DC3,Or83c,MVPPADPHJFYWMZ-UHFFFAOYSA-N,0.216589861751152,"measured (DoOR consensus, normalised 0-1)"
ORN_DC3,Or83c,JOZKFWLRHCDGJA-UHFFFAOYSA-N,0.138248847926267,"measured (DoOR consensus, normalised 0-1)"
ORN_DC3,Or83c,NKDDWNXOKDWJAK-UHFFFAOYSA-N,0.32258064516129,"measured (DoOR consensus, normalised 0-1)"
ORN_DC3,Or83c,WDAXFOBOLVPGLV-UHFFFAOYSA-N,0.138248847926267,"measured (DoOR consensus, normalised 0-1)"
ORN_DC3,Or83c,YHRUHBBTQZKMEX-YFVJMOTDSA-N,0.124423963133641,"measured (DoOR consensus, normalised 0-1)"
ORN_DC3,Or83c,CRDAMVZIKSXKFV-UHFFFAOYSA-N,1.0,"measured (DoOR consensus, normalised 0-1)"
ORN_DC3,Or83c,VZRGLBPRLIGTPE-UHFFFAOYSA-N,0.0921658986175115,"measured (DoOR consensus, normalised 0-1)"
ORN_DC3,Or83c,JNIWCVWKECYDSV-UHFFFAOYSA-N,0.0783410138248848,"measured (DoOR consensus, normalised 0-1)"
ORN_DC3,Or83c,OFBQJSOFQDEBGM-UHFFFAOYSA-N,0.0645161290322581,"measured (DoOR consensus, normalised 0-1)"
ORN_DC3,Or83c,NEHNMFOYXAPHSD-SNVBAGLBSA-N,0.170506912442396,"measured (DoOR consensus, normalised 0-1)"
ORN_DC3,Or83c,FZWLAAWBMGSTSO-UHFFFAOYSA-N,0.32258064516129,"measured (DoOR consensus, normalised 0-1)"
ORN_DC3,Or83c,UERBALMVMSYIMI-UHFFFAOYSA-N,0.0783410138248848,"measured (DoOR consensus, normalised 0-1)"
ORN_DA3,Or23a,VHUUQVKOLVNVRT-UHFFFAOYSA-N,0.0150240329881501,"measured (DoOR consensus, normalised 0-1)"
ORN_DA3,Or23a,KIDHWZJUCRJVML-UHFFFAOYSA-N,0.0150240329881501,"measured (DoOR consensus, normalised 0-1)"
ORN_DA3,Or23a,VHRGRCVQAFMJIZ-UHFFFAOYSA-N,0.0042925808537571,"measured (DoOR consensus, normalised 0-1)"
ORN_DA3,Or23a,YEJRWHAVMIAJKC-UHFFFAOYSA-N,0.0279017755494215,"measured (DoOR consensus, normalised 0-1)"
ORN_DA3,Or23a,JBFHTYHTHYHCDJ-UHFFFAOYSA-N,0.0614206549627901,"measured (DoOR consensus, normalised 0-1)"
ORN_DA3,Or23a,IPBFYZQJXZJBFQ-UHFFFAOYSA-N,0.025755485122543,"measured (DoOR consensus, normalised 0-1)"
ORN_DA3,Or23a,IFYYFLINQYPWGJ-UHFFFAOYSA-N,0.0128777425612715,"measured (DoOR consensus, normalised 0-1)"
ORN_DA3,Or23a,GHBSPIPJMLAMEP-UHFFFAOYSA-N,0.0150240329881501,"measured (DoOR consensus, normalised 0-1)"
ORN_DA3,Or23a,BDAGIHXWWSANSR-UHFFFAOYSA-N,0.0021462904268785,"measured (DoOR consensus, normalised 0-1)"
ORN_DA3,Or23a,QTBSBXVTEAMEQO-UHFFFAOYSA-N,0.0171703234150286,"measured (DoOR consensus, normalised 0-1)"
ORN_DA3,Or23a,XBDQKXXYIPTUBI-UHFFFAOYSA-N,0.0128777425612715,"measured (DoOR consensus, normalised 0-1)"
ORN_DA3,Or23a,FERIUCNNQQJTOY-UHFFFAOYSA-N,0.0128777425612715,"measured (DoOR consensus, normalised 0-1)"
ORN_DA3,Or23a,NQPDZGIKBAWPEJ-UHFFFAOYSA-N,0.0236091946956644,"measured (DoOR consensus, normalised 0-1)"
ORN_DA3,Or23a,FUZZWVXGSFPDMH-UHFFFAOYSA-N,0.025755485122543,"measured (DoOR consensus, normalised 0-1)"
ORN_DA3,Or23a,MNWFXJYAOYHMED-UHFFFAOYSA-N,0.0150240329881501,"measured (DoOR consensus, normalised 0-1)"
ORN_DA3,Or23a,WWZKQHOCKIZLMA-UHFFFAOYSA-N,0.0236091946956644,"measured (DoOR consensus, normalised 0-1)"
ORN_DA3,Or23a,FBUKVWPVBMHYJY-UHFFFAOYSA-N,0.0107314521343929,"measured (DoOR consensus, normalised 0-1)"
ORN_DA3,Or23a,OYHQOLUKZRVURQ-HZJYTTRNSA-N,0.0300480659763001,"measured (DoOR consensus, normalised 0-1)"
ORN_DA3,Or23a,KQNPFQTWMSNSAP-UHFFFAOYSA-N,0.0128777425612715,"measured (DoOR consensus, normalised 0-1)"
ORN_DA3,Or23a,GWYFCOCPABKNJV-UHFFFAOYSA-N,0.0107314521343929,"measured (DoOR consensus, normalised 0-1)"
ORN_DA3,Or23a,LCTONWCANYUPML-UHFFFAOYSA-N,0.0171703234150286,"measured (DoOR consensus, normalised 0-1)"
ORN_DA3,Or23a,OBETXYAYXDNJHR-UHFFFAOYSA-N,0.0150240329881501,"measured (DoOR consensus, normalised 0-1)"
ORN_DA3,Or23a,JVTAAEKCZFNVCJ-UHFFFAOYSA-N,0.0128777425612715,"measured (DoOR consensus, normalised 0-1)"
ORN_DA3,Or23a,CZUGFKJYCPYHHV-UHFFFAOYSA-N,0.0150240329881501,"measured (DoOR consensus, normalised 0-1)"
ORN_DA3,Or23a,QMMFVYPAHWMCMS-UHFFFAOYSA-N,0.0107314521343929,"measured (DoOR consensus, normalised 0-1)"
ORN_DA3,Or23a,MOYAFQVGZZPNRA-UHFFFAOYSA-N,0.0128777425612715,"measured (DoOR consensus, normalised 0-1)"
ORN_DA3,Or23a,GRWFGVWFFZKLTI-UHFFFAOYSA-N,0.0128777425612715,"measured (DoOR consensus, normalised 0-1)"
ORN_DA3,Or23a,WTARULDDTDQWMU-UHFFFAOYSA-N,0.0107314521343929,"measured (DoOR consensus, normalised 0-1)"
ORN_DA3,Or23a,BQOFWKZOCNGFEC-UHFFFAOYSA-N,0.0085851617075143,"measured (DoOR consensus, normalised 0-1)"
ORN_DA3,Or23a,XMGQYMWWDOXHJM-UHFFFAOYSA-N,0.0107314521343929,"measured (DoOR consensus, normalised 0-1)"
ORN_DA3,Or23a,FAMPSKZZVDUYOS-HRGUGZIWSA-N,0.0128777425612715,"measured (DoOR consensus, normalised 0-1)"
ORN_DA3,Or23a,UAHWPYUMFXYFJY-UHFFFAOYSA-N,0.0107314521343929,"measured (DoOR consensus, normalised 0-1)"
ORN_DA3,Or23a,NPNUFJAVOOONJE-GFUGXAQUSA-N,0.0085851617075143,"measured (DoOR consensus, normalised 0-1)"
ORN_DA3,Or23a,HFPZCAJZSCWRBC-UHFFFAOYSA-N,0.0064388712806357,"measured (DoOR consensus, normalised 0-1)"
ORN_DA3,Or23a,HIGQPQRQIQDZMP-DHZHZOJOSA-N,0.0326371101921255,"measured (DoOR consensus, normalised 0-1)"
ORN_DA3,Or23a,WUOACPNHFRMFPN-SECBINFHSA-N,0.0107314521343929,"measured (DoOR consensus, normalised 0-1)"
ORN_DA3,Or23a,GLZPCOQZEFWAFX-JXMROGBWSA-N,0.0064388712806357,"measured (DoOR consensus, normalised 0-1)"
ORN_DA3,Or23a,GLZPCOQZEFWAFX-YFHOEESVSA-N,0.0128777425612715,"measured (DoOR consensus, normalised 0-1)"
ORN_DA3,Or23a,CDOSHBSSFJOMGT-UHFFFAOYSA-N,0.025755485122543,"measured (DoOR consensus, normalised 0-1)"
ORN_DA3,Or23a,QMVPMAAFGQKVCJ-SNVBAGLBSA-N,0.0064388712806357,"measured (DoOR consensus, normalised 0-1)"
ORN_DA3,Or23a,BRHDDEIRQPDPMG-UHFFFAOYSA-N,0.0404204625104514,"measured (DoOR consensus, normalised 0-1)"
ORN_DA3,Or23a,IKHGUXGNUITLKF-UHFFFAOYSA-N,0.054715349692992,"measured (DoOR consensus, normalised 0-1)"
ORN_DA3,Or23a,NBBJYMSMWIIQGU-UHFFFAOYSA-N,0.0085851617075143,"measured (DoOR consensus, normalised 0-1)"
ORN_DA3,Or23a,ZTQSAGDEMFDKMZ-UHFFFAOYSA-N,0.0064388712806357,"measured (DoOR consensus, normalised 0-1)"
ORN_DA3,Or23a,HGBOYTHUEUWSSQ-UHFFFAOYSA-N,0.0085851617075143,"measured (DoOR consensus, normalised 0-1)"
ORN_DA3,Or23a,JARKCYVAAOWBJS-UHFFFAOYSA-N,0.06584971297048,"measured (DoOR consensus, normalised 0-1)"
ORN_DA3,Or23a,MBDOYVRWFFCFHM-SNAWJCMRSA-N,0.207304074350765,"measured (DoOR consensus, normalised 0-1)"
ORN_DA3,Or23a,HYBBIBNJHNGZAN-UHFFFAOYSA-N,0.066591837159157,"measured (DoOR consensus, normalised 0-1)"
ORN_DA3,Or23a,HGINCPLSRVDWNT-UHFFFAOYSA-N,0.0064388712806357,"measured (DoOR consensus, normalised 0-1)"
ORN_DA3,Or23a,CSCPPACGZOOCGX-UHFFFAOYSA-N,0.0042925808537571,"measured (DoOR consensus, normalised 0-1)"
ORN_DA3,Or23a,ZWEHNKRNPOVVGH-UHFFFAOYSA-N,0.025755485122543,"measured (DoOR consensus, normalised 0-1)"
ORN_DA3,Or23a,XNLICIUVMPYHGG-UHFFFAOYSA-N,0.06584971297048,"measured (DoOR consensus, normalised 0-1)"
ORN_DA3,Or23a,CATSNJVOTSVZJV-UHFFFAOYSA-N,0.160356666492895,"measured (DoOR consensus, normalised 0-1)"
ORN_DA3,Or23a,UHEPJGULSIKKTP-UHFFFAOYSA-N,0.156943674267589,"measured (DoOR consensus, normalised 0-1)"
ORN_DA3,Or23a,QSJXEFYPDANLFS-UHFFFAOYSA-N,0.0874532314527115,"measured (DoOR consensus, normalised 0-1)"
ORN_DA3,Or23a,JHIVVAPYMSGYDF-UHFFFAOYSA-N,0.163382652470842,"measured (DoOR consensus, normalised 0-1)"
ORN_DA3,Or23a,WRMNZCZEMHIOCP-UHFFFAOYSA-N,0.0150240329881501,"measured (DoOR consensus, normalised 0-1)"
ORN_DA3,Or23a,WVDDGKGOMKODPV-UHFFFAOYSA-N,0.0085851617075143,"measured (DoOR consensus, normalised 0-1)"
ORN_DA3,Or23a,OSWPMRLSEDHDFF-UHFFFAOYSA-N,0.02450982891789,"measured (DoOR consensus, normalised 0-1)"
ORN_DA3,Or23a,QPJVMBTYPHYUOC-UHFFFAOYSA-N,0.0064388712806357,"measured (DoOR consensus, normalised 0-1)"
ORN_DA3,Or23a,MTZQAGJQAFMTAQ-UHFFFAOYSA-N,0.0064388712806357,"measured (DoOR consensus, normalised 0-1)"
ORN_DA3,Or23a,MDHYEMXUFSJLGV-UHFFFAOYSA-N,0.0107314521343929,"measured (DoOR consensus, normalised 0-1)"
ORN_DA3,Or23a,HUMNYLRZRPPJDN-UHFFFAOYSA-N,0.0085851617075143,"measured (DoOR consensus, normalised 0-1)"
ORN_DA3,Or23a,DTUQWGWMVIHBKE-UHFFFAOYSA-N,0.0214629042687858,"measured (DoOR consensus, normalised 0-1)"
ORN_DA3,Or23a,KWOLFJPFCHCOCG-UHFFFAOYSA-N,0.0064388712806357,"measured (DoOR consensus, normalised 0-1)"
ORN_DA3,Or23a,KBEBGUQPQBELIU-CMDGGOBGSA-N,0.0171703234150286,"measured (DoOR consensus, normalised 0-1)"
ORN_DA3,Or23a,QWVGKYWNOKOFNN-UHFFFAOYSA-N,0.0021462904268785,"measured (DoOR consensus, normalised 0-1)"
ORN_DA3,Or23a,CHWNEIVBYREQRF-UHFFFAOYSA-N,0.0,"measured (DoOR consensus, normalised 0-1)"
ORN_DA3,Or23a,RRAFCDWBNXTKKO-UHFFFAOYSA-N,0.0214629042687858,"measured (DoOR consensus, normalised 0-1)"
ORN_DA3,Or23a,OKKJLVBELUTLKV-UHFFFAOYSA-N,0.0128777425612715,"measured (DoOR consensus, normalised 0-1)"
ORN_DA3,Or23a,LFQSCWFLJHTTHZ-UHFFFAOYSA-N,0.0324419312052684,"measured (DoOR consensus, normalised 0-1)"
ORN_DA3,Or23a,BDERNNFJNOPAEC-UHFFFAOYSA-N,0.0300480659763001,"measured (DoOR consensus, normalised 0-1)"
ORN_DA3,Or23a,LRHPLDYGYMQRHN-UHFFFAOYSA-N,0.196835224560548,"measured (DoOR consensus, normalised 0-1)"
ORN_DA3,Or23a,AMQJEAYHLZJPGS-UHFFFAOYSA-N,0.267244386299691,"measured (DoOR consensus, normalised 0-1)"
ORN_DA3,Or23a,ZSIAUFGUXNUGDI-UHFFFAOYSA-N,0.21728023912051,"measured (DoOR consensus, normalised 0-1)"
ORN_DA3,Or23a,KBPLFHHGFOOTCA-UHFFFAOYSA-N,0.0214629042687858,"measured (DoOR consensus, normalised 0-1)"
ORN_DA3,Or23a,JYVLIDXNZAXMDK-UHFFFAOYSA-N,0.196835224560548,"measured (DoOR consensus, normalised 0-1)"
ORN_DA3,Or23a,PHTQWCKDNZKARW-UHFFFAOYSA-N,0.175865364120799,"measured (DoOR consensus, normalised 0-1)"
ORN_DA3,Or23a,ASUAYTHWZCLXAN-UHFFFAOYSA-N,0.141977413250467,"measured (DoOR consensus, normalised 0-1)"
ORN_DA3,Or23a,VHVMXWZXFBOANQ-UHFFFAOYSA-N,0.161288993742946,"measured (DoOR consensus, normalised 0-1)"
ORN_DA3,Or23a,VSMOENVRRABVKN-UHFFFAOYSA-N,0.0942865484653541,"measured (DoOR consensus, normalised 0-1)"
ORN_DA3,Or23a,ZCHHRLHTBGRGOT-SNAWJCMRSA-N,0.196835224560548,"measured (DoOR consensus, normalised 0-1)"
ORN_DA3,Or23a,ZCHHRLHTBGRGOT-PLNGDYQASA-N,0.227596092225793,"measured (DoOR consensus, normalised 0-1)"
ORN_DA3,Or23a,UFLHIIWVXFIJGU-ONEGZZNKSA-N,0.194517496161668,"measured (DoOR consensus, normalised 0-1)"
ORN_DA3,Or23a,UFLHIIWVXFIJGU-ARJAWSKDSA-N,0.184572000923767,"measured (DoOR consensus, normalised 0-1)"
ORN_DA3,Or23a,PEDCQBHIVMGVHV-UHFFFAOYSA-N,0.0042925808537571,"measured (DoOR consensus, normalised 0-1)"
ORN_DA3,Or23a,OWBTYPJTUOEWEK-UHFFFAOYSA-N,0.0107314521343929,"measured (DoOR consensus, normalised 0-1)"
ORN_DA3,Or23a,HPXRVTGHNJAIIH-UHFFFAOYSA-N,0.125513975757504,"measured (DoOR consensus, normalised 0-1)"
ORN_DA3,Or23a,KXKVLQRXCPHEJC-UHFFFAOYSA-N,0.0236091946956644,"measured (DoOR consensus, normalised 0-1)"
ORN_DA3,Or23a,XEKOWRVHYACXOJ-UHFFFAOYSA-N,0.0293439050628321,"measured (DoOR consensus, normalised 0-1)"
ORN_DA3,Or23a,YKYONYBAUNKHLG-UHFFFAOYSA-N,0.0601279571614647,"measured (DoOR consensus, normalised 0-1)"
ORN_DA3,Or23a,DKPFZGUDAPQIHT-UHFFFAOYSA-N,0.161288993742946,"measured (DoOR consensus, normalised 0-1)"
ORN_DA3,Or23a,PGMYKACGEOXYJE-UHFFFAOYSA-N,0.13187559638031,"measured (DoOR consensus, normalised 0-1)"
ORN_DA3,Or23a,AOGQPLXWSUTHQB-UHFFFAOYSA-N,0.0236091946956644,"measured (DoOR consensus, normalised 0-1)"
ORN_DA3,Or23a,GJRQTCIYDGXPES-UHFFFAOYSA-N,0.0448624737387898,"measured (DoOR consensus, normalised 0-1)"
ORN_DA3,Or23a,MLFHJEHSLIIPHL-UHFFFAOYSA-N,0.117841749774125,"measured (DoOR consensus, normalised 0-1)"
ORN_DA3,Or23a,HRHOWZHRCRZVCU-WAYWQWQTSA-N,0.0279017755494215,"measured (DoOR consensus, normalised 0-1)"
ORN_DA3,Or23a,UUIQMZJEGPQKFD-UHFFFAOYSA-N,0.0236091946956644,"measured (DoOR consensus, normalised 0-1)"
ORN_DA3,Or23a,OBNCKNCVKJNDBV-UHFFFAOYSA-N,0.0638122369133446,"measured (DoOR consensus, normalised 0-1)"
ORN_DA3,Or23a,XAPCMTMQBXLDBB-UHFFFAOYSA-N,0.0214629042687858,"measured (DoOR consensus, normalised 0-1)"
ORN_DA3,Or23a,OMSUIQOIVADKIM-UHFFFAOYSA-N,0.178933904295078,"measured (DoOR consensus, normalised 0-1)"
ORN_DA3,Or23a,FKRCODPIKNYEAC-UHFFFAOYSA-N,0.0085851617075143,"measured (DoOR consensus, normalised 0-1)"
ORN_DA3,Or23a,WBJINCZRORDGAQ-UHFFFAOYSA-N,0.0085851617075143,"measured (DoOR consensus, normalised 0-1)"
ORN_DA3,Or23a,NUKZAGXMHTUAFE-UHFFFAOYSA-N,0.0448624737387898,"measured (DoOR consensus, normalised 0-1)"
ORN_DA3,Or23a,SHZIWNPUGXLXDT-UHFFFAOYSA-N,0.06584971297048,"measured (DoOR consensus, normalised 0-1)"
ORN_DA3,Or23a,NCDCLPBOMHPFCV-UHFFFAOYSA-N,0.0107314521343929,"measured (DoOR consensus, normalised 0-1)"
ORN_DA3,Or23a,JGHZJRVDZXSNKQ-UHFFFAOYSA-N,0.0128777425612715,"measured (DoOR consensus, normalised 0-1)"
ORN_DA3,Or23a,YYZUSRORWSJGET-UHFFFAOYSA-N,0.0107314521343929,"measured (DoOR consensus, normalised 0-1)"
ORN_DA3,Or23a,RGXWDWUGBIJHDO-UHFFFAOYSA-N,0.0171703234150286,"measured (DoOR consensus, normalised 0-1)"
ORN_DA3,Or23a,ZFDIRQKJPRINOQ-HWKANZROSA-N,0.0448624737387898,"measured (DoOR consensus, normalised 0-1)"
ORN_DA3,Or23a,LZCLXQDLBQLTDK-UHFFFAOYSA-N,0.054715349692992,"measured (DoOR consensus, normalised 0-1)"
ORN_DA3,Or23a,DKMROQRQHGEIOW-UHFFFAOYSA-N,0.147291464277672,"measured (DoOR consensus, normalised 0-1)"
ORN_DA3,Or23a,solvent,0.0087050774274673,"measured (DoOR consensus, normalised 0-1)"
ORN_DA3,Or23a,CURLTUGMZLYLDI-UHFFFAOYSA-N,0.0275447028354231,"measured (DoOR consensus, normalised 0-1)"
ORN_VC3,ac3B,XLYOFNOQVPJJNP-UHFFFAOYSA-N,0.0612097926667601,"measured (DoOR consensus, normalised 0-1)"
ORN_VC3,ac3B,VHUUQVKOLVNVRT-UHFFFAOYSA-N,0.378349495305383,"measured (DoOR consensus, normalised 0-1)"
ORN_VC3,ac3B,KIDHWZJUCRJVML-UHFFFAOYSA-N,0.41216895845892,"measured (DoOR consensus, normalised 0-1)"
ORN_VC3,ac3B,VHRGRCVQAFMJIZ-UHFFFAOYSA-N,0.0628132555727109,"measured (DoOR consensus, normalised 0-1)"
ORN_VC3,ac3B,QGZKDVFQNNGYKY-UHFFFAOYSA-N,0.109467691367119,"measured (DoOR consensus, normalised 0-1)"
ORN_VC3,ac3B,WJYIASZWHGOTOU-UHFFFAOYSA-N,0.453448307574047,"measured (DoOR consensus, normalised 0-1)"
ORN_VC3,ac3B,BMFVGAAISNGQNM-UHFFFAOYSA-N,0.362477254797011,"measured (DoOR consensus, normalised 0-1)"
ORN_VC3,ac3B,ROSDSFDQCJNGOL-UHFFFAOYSA-N,0.236963324626533,"measured (DoOR consensus, normalised 0-1)"
ORN_VC3,ac3B,JBFHTYHTHYHCDJ-UHFFFAOYSA-N,0.56392030344379,"measured (DoOR consensus, normalised 0-1)"
ORN_VC3,ac3B,QTBSBXVTEAMEQO-UHFFFAOYSA-N,0.0110764472437579,"measured (DoOR consensus, normalised 0-1)"
ORN_VC3,ac3B,XBDQKXXYIPTUBI-UHFFFAOYSA-N,0.0164961371345747,"measured (DoOR consensus, normalised 0-1)"
ORN_VC3,ac3B,FERIUCNNQQJTOY-UHFFFAOYSA-N,0.0209506370921354,"measured (DoOR consensus, normalised 0-1)"
ORN_VC3,ac3B,FUZZWVXGSFPDMH-UHFFFAOYSA-N,0.0655600966596461,"measured (DoOR consensus, normalised 0-1)"
ORN_VC3,ac3B,GWYFCOCPABKNJV-UHFFFAOYSA-N,0.0092802552619632,"measured (DoOR consensus, normalised 0-1)"
ORN_VC3,ac3B,HIGQPQRQIQDZMP-DHZHZOJOSA-N,0.0383761609888482,"measured (DoOR consensus, normalised 0-1)"
ORN_VC3,ac3B,NBBJYMSMWIIQGU-UHFFFAOYSA-N,0.0344986386454747,"measured (DoOR consensus, normalised 0-1)"
ORN_VC3,ac3B,ZTQSAGDEMFDKMZ-UHFFFAOYSA-N,0.126637389261348,"measured (DoOR consensus, normalised 0-1)"
ORN_VC3,ac3B,HGBOYTHUEUWSSQ-UHFFFAOYSA-N,0.469997229667238,"measured (DoOR consensus, normalised 0-1)"
ORN_VC3,ac3B,JARKCYVAAOWBJS-UHFFFAOYSA-N,0.693641161622848,"measured (DoOR consensus, normalised 0-1)"
ORN_VC3,ac3B,MBDOYVRWFFCFHM-SNAWJCMRSA-N,0.701052169107478,"measured (DoOR consensus, normalised 0-1)"
ORN_VC3,ac3B,NUJGJRNETVAIRJ-UHFFFAOYSA-N,0.315538498721055,"measured (DoOR consensus, normalised 0-1)"
ORN_VC3,ac3B,KSMVZQYAVGTKIV-UHFFFAOYSA-N,0.145687123320869,"measured (DoOR consensus, normalised 0-1)"
ORN_VC3,ac3B,FXHGMKSSBGDXIY-UHFFFAOYSA-N,0.630026470534864,"measured (DoOR consensus, normalised 0-1)"
ORN_VC3,ac3B,GYHFUZHODSMOHU-UHFFFAOYSA-N,0.075427077800218,"measured (DoOR consensus, normalised 0-1)"
ORN_VC3,ac3B,NDFKTBCGKNOHPJ-AATRIKPKSA-N,0.722752508037781,"measured (DoOR consensus, normalised 0-1)"
ORN_VC3,ac3B,CSCPPACGZOOCGX-UHFFFAOYSA-N,0.138379343325764,"measured (DoOR consensus, normalised 0-1)"
ORN_VC3,ac3B,ZWEHNKRNPOVVGH-UHFFFAOYSA-N,0.0869422029859066,"measured (DoOR consensus, normalised 0-1)"
ORN_VC3,ac3B,XNLICIUVMPYHGG-UHFFFAOYSA-N,0.253101057488002,"measured (DoOR consensus, normalised 0-1)"
ORN_VC3,ac3B,CATSNJVOTSVZJV-UHFFFAOYSA-N,0.197839420443451,"measured (DoOR consensus, normalised 0-1)"
ORN_VC3,ac3B,UHEPJGULSIKKTP-UHFFFAOYSA-N,0.0538932854948478,"measured (DoOR consensus, normalised 0-1)"
ORN_VC3,ac3B,QSJXEFYPDANLFS-UHFFFAOYSA-N,0.0703336239096378,"measured (DoOR consensus, normalised 0-1)"
ORN_VC3,ac3B,QQZOPKMRPOGIEB-UHFFFAOYSA-N,0.362477254797011,"measured (DoOR consensus, normalised 0-1)"
ORN_VC3,ac3B,JHIVVAPYMSGYDF-UHFFFAOYSA-N,0.681985532102868,"measured (DoOR consensus, normalised 0-1)"
ORN_VC3,ac3B,ZPVFWPFBNIEHGJ-UHFFFAOYSA-N,0.337681743172505,"measured (DoOR consensus, normalised 0-1)"
ORN_VC3,ac3B,VKCYHJWLYTUGCC-UHFFFAOYSA-N,0.424602730746365,"measured (DoOR consensus, normalised 0-1)"
ORN_VC3,ac3B,WRMNZCZEMHIOCP-UHFFFAOYSA-N,0.408471698804468,"measured (DoOR consensus, normalised 0-1)"
ORN_VC3,ac3B,WVDDGKGOMKODPV-UHFFFAOYSA-N,0.197964727921306,"measured (DoOR consensus, normalised 0-1)"
ORN_VC3,ac3B,OSWPMRLSEDHDFF-UHFFFAOYSA-N,0.0,"measured (DoOR consensus, normalised 0-1)"
ORN_VC3,ac3B,HUMNYLRZRPPJDN-UHFFFAOYSA-N,0.389644203631574,"measured (DoOR consensus, normalised 0-1)"
ORN_VC3,ac3B,DTUQWGWMVIHBKE-UHFFFAOYSA-N,0.0408141688757423,"measured (DoOR consensus, normalised 0-1)"
ORN_VC3,ac3B,QWVGKYWNOKOFNN-UHFFFAOYSA-N,0.163414001311166,"measured (DoOR consensus, normalised 0-1)"
ORN_VC3,ac3B,SUSQOBVLVYHIEX-UHFFFAOYSA-N,0.0062030558590717,"measured (DoOR consensus, normalised 0-1)"
ORN_VC3,ac3B,QUKGYYKBILRGFE-UHFFFAOYSA-N,0.0400571992360885,"measured (DoOR consensus, normalised 0-1)"
ORN_VC3,ac3B,LRHPLDYGYMQRHN-UHFFFAOYSA-N,0.751010782966129,"measured (DoOR consensus, normalised 0-1)"
ORN_VC3,ac3B,AMQJEAYHLZJPGS-UHFFFAOYSA-N,0.740018735103776,"measured (DoOR consensus, normalised 0-1)"
ORN_VC3,ac3B,ZSIAUFGUXNUGDI-UHFFFAOYSA-N,0.767315001832736,"measured (DoOR consensus, normalised 0-1)"
ORN_VC3,ac3B,KBPLFHHGFOOTCA-UHFFFAOYSA-N,0.721967679369356,"measured (DoOR consensus, normalised 0-1)"
ORN_VC3,ac3B,PHTQWCKDNZKARW-UHFFFAOYSA-N,0.717258706901659,"measured (DoOR consensus, normalised 0-1)"
ORN_VC3,ac3B,VSMOENVRRABVKN-UHFFFAOYSA-N,0.488779251679837,"measured (DoOR consensus, normalised 0-1)"
ORN_VC3,ac3B,UFLHIIWVXFIJGU-ARJAWSKDSA-N,0.765133971047464,"measured (DoOR consensus, normalised 0-1)"
ORN_VC3,ac3B,OWBTYPJTUOEWEK-UHFFFAOYSA-N,0.0487041385697325,"measured (DoOR consensus, normalised 0-1)"
ORN_VC3,ac3B,MWKFXSUHUHTGQN-UHFFFAOYSA-N,0.187006108662195,"measured (DoOR consensus, normalised 0-1)"
ORN_VC3,ac3B,ZWRUINPWMLAQRD-UHFFFAOYSA-N,0.267923482986077,"measured (DoOR consensus, normalised 0-1)"
ORN_VC3,ac3B,ZXEKIIBDNHEJCQ-UHFFFAOYSA-N,0.657741675708112,"measured (DoOR consensus, normalised 0-1)"
ORN_VC3,ac3B,XEKOWRVHYACXOJ-UHFFFAOYSA-N,0.0261004615024665,"measured (DoOR consensus, normalised 0-1)"
ORN_VC3,ac3B,DKPFZGUDAPQIHT-UHFFFAOYSA-N,0.0860054481258248,"measured (DoOR consensus, normalised 0-1)"
ORN_VC3,ac3B,PGMYKACGEOXYJE-UHFFFAOYSA-N,0.720934771767674,"measured (DoOR consensus, normalised 0-1)"
ORN_VC3,ac3B,AOGQPLXWSUTHQB-UHFFFAOYSA-N,0.69649529547285,"measured (DoOR consensus, normalised 0-1)"
ORN_VC3,ac3B,OBNCKNCVKJNDBV-UHFFFAOYSA-N,0.174860719469725,"measured (DoOR consensus, normalised 0-1)"
ORN_VC3,ac3B,OMSUIQOIVADKIM-UHFFFAOYSA-N,0.622236167312128,"measured (DoOR consensus, normalised 0-1)"
ORN_VC3,ac3B,ICMAFTSLXCXHRK-UHFFFAOYSA-N,0.599863678705749,"measured (DoOR consensus, normalised 0-1)"
ORN_VC3,ac3B,solvent,0.025258324213617,"measured (DoOR consensus, normalised 0-1)"
ORN_VC3,ac3B,CURLTUGMZLYLDI-UHFFFAOYSA-N,0.00207866970306,"measured (DoOR consensus, normalised 0-1)"
ORN_VC3,ac3B,RWRDLPDLKQPQOW-UHFFFAOYSA-N,0.257009229395605,"measured (DoOR consensus, normalised 0-1)"
ORN_VC3,ac3B,BHHGXPLMPWCGHP-UHFFFAOYSA-N,0.778542236299332,"measured (DoOR consensus, normalised 0-1)"
ORN_VC3,ac3B,JUJWROOIHBZHMG-UHFFFAOYSA-N,0.0151496727955049,"measured (DoOR consensus, normalised 0-1)"
ORN_VC3,ac3B,KDVFRMMRZOCFLS-UHFFFAOYSA-N,0.0443917513647367,"measured (DoOR consensus, normalised 0-1)"
ORN_VC3,ac3B,QUSNBJAOOMFDIB-UHFFFAOYSA-N,0.605171999543763,"measured (DoOR consensus, normalised 0-1)"
ORN_VC3,ac3B,WLJVXDMOQOGPHL-UHFFFAOYSA-N,0.0484441011007197,"measured (DoOR consensus, normalised 0-1)"
ORN_VC3,ac3B,ATHGHQPFGPMSJY-UHFFFAOYSA-N,0.0289137104650655,"measured (DoOR consensus, normalised 0-1)"
ORN_VC3,ac3B,QCCDLTOVEPVEJK-UHFFFAOYSA-N,0.0977997387245376,"measured (DoOR consensus, normalised 0-1)"
ORN_VC3,ac3B,ZKQDCIXGCQPQNV-UHFFFAOYSA-N,0.110610963940179,"measured (DoOR consensus, normalised 0-1)"
ORN_VC3,ac3B,CRVGTESFCCXCTH-UHFFFAOYSA-N,0.0744254231405692,"measured (DoOR consensus, normalised 0-1)"
ORN_VC3,ac3B,AKNUHUCEWALCOI-UHFFFAOYSA-O,0.264847055832099,"measured (DoOR consensus, normalised 0-1)"
ORN_VC3,ac3B,OSPSWZSRKYCQPF-UHFFFAOYSA-N,0.264847055832099,"measured (DoOR consensus, normalised 0-1)"
ORN_VC3,ac3B,BDZBKCUKTQZUTL-UHFFFAOYSA-N,0.0857396747817848,"measured (DoOR consensus, normalised 0-1)"
ORN_VC3,ac3B,DWCLXOREGBLXTD-UHFFFAOYSA-N,0.110610963940179,"measured (DoOR consensus, normalised 0-1)"
ORN_VC3,ac3B,YIWUKEYIRIRTPP-UHFFFAOYSA-N,0.0857396747817848,"measured (DoOR consensus, normalised 0-1)"
ORN_VC3,ac3B,VKYKSIONXSXAKP-UHFFFAOYSA-N,0.184351952142883,"measured (DoOR consensus, normalised 0-1)"
ORN_VC3,ac3B,MHAJPDPJQMAIIY-UHFFFAOYSA-N,0.168580608434264,"measured (DoOR consensus, normalised 0-1)"
ORN_VC3,ac3B,GRYLNZFGIOXLOG-UHFFFAOYSA-N,0.184351952142883,"measured (DoOR consensus, normalised 0-1)"
ORN_VC3,ac3B,LYGJENNIWJXYER-UHFFFAOYSA-N,0.168580608434264,"measured (DoOR consensus, normalised 0-1)"
ORN_VC3,ac3B,WFDIJRYMOXRFFG-UHFFFAOYSA-N,0.32397082758001,"measured (DoOR consensus, normalised 0-1)"
ORN_VC3,ac3B,ZHNUHDYFZUAESO-UHFFFAOYSA-N,0.0857396747817848,"measured (DoOR consensus, normalised 0-1)"
ORN_VC3,ac3B,WGSVFWFSJDAYBM-BQYQJAHWSA-N,0.184351952142883,"measured (DoOR consensus, normalised 0-1)"
ORN_VC3,ac3B,ZMQAAUBTXCXRIC-UHFFFAOYSA-N,0.138379343325764,"measured (DoOR consensus, normalised 0-1)"
ORN_VC3,ac3B,FHIVAFMUCKRCQO-UHFFFAOYSA-N,0.453243270121163,"measured (DoOR consensus, normalised 0-1)"
ORN_VC3,ac3B,RDYMFSUJUZBWLH-UHFFFAOYSA-N,0.497812391863206,"measured (DoOR consensus, normalised 0-1)"
ORN_VC3,ac3B,YLMGFJXSLBMXHK-UHFFFAOYSA-M,0.264847055832099,"measured (DoOR consensus, normalised 0-1)"
ORN_VC3,ac3B,BAZAXWOYCMUHIX-UHFFFAOYSA-M,0.0087910894927094,"measured (DoOR consensus, normalised 0-1)"
ORN_VC3,ac3B,RWSOTUBLDIXVET-UHFFFAOYSA-N,0.0977997387245376,"measured (DoOR consensus, normalised 0-1)"
ORN_VC3,ac3B,XTFIVUDBNACUBN-UHFFFAOYSA-N,0.453243270121163,"measured (DoOR consensus, normalised 0-1)"
ORN_VC3,ac3B,HMWPNDNFTFSCEB-UHFFFAOYSA-N,0.280376907518689,"measured (DoOR consensus, normalised 0-1)"
ORN_VC3,ac3B,SNIOPGDIGTZGOP-UHFFFAOYSA-N,0.427413488035392,"measured (DoOR consensus, normalised 0-1)"
ORN_VC3,ac3B,TZRXHJWUDPFEEY-UHFFFAOYSA-N,0.393702387103128,"measured (DoOR consensus, normalised 0-1)"
ORN_VC3,ac3B,ZTLXICJMNFREPA-UHFFFAOYSA-N,0.153219468871137,"measured (DoOR consensus, normalised 0-1)"
ORN_VC3,ac3B,SPSSULHKWOKEEL-UHFFFAOYSA-N,0.482284944819392,"measured (DoOR consensus, normalised 0-1)"
ORN_VC3,Or35a,VHUUQVKOLVNVRT-UHFFFAOYSA-N,0.0732159712284488,"measured (DoOR consensus, normalised 0-1)"
ORN_VC3,Or35a,KIDHWZJUCRJVML-UHFFFAOYSA-N,0.0599117309000287,"measured (DoOR consensus, normalised 0-1)"
ORN_VC3,Or35a,VHRGRCVQAFMJIZ-UHFFFAOYSA-N,0.099708489815368,"measured (DoOR consensus, normalised 0-1)"
ORN_VC3,Or35a,YEJRWHAVMIAJKC-UHFFFAOYSA-N,0.322102658106673,"measured (DoOR consensus, normalised 0-1)"
ORN_VC3,Or35a,JBFHTYHTHYHCDJ-UHFFFAOYSA-N,0.597381104804987,"measured (DoOR consensus, normalised 0-1)"
ORN_VC3,Or35a,IPBFYZQJXZJBFQ-UHFFFAOYSA-N,0.178278845053753,"measured (DoOR consensus, normalised 0-1)"
ORN_VC3,Or35a,IFYYFLINQYPWGJ-UHFFFAOYSA-N,0.049907947182715,"measured (DoOR consensus, normalised 0-1)"
ORN_VC3,Or35a,GHBSPIPJMLAMEP-UHFFFAOYSA-N,0.0264796979105934,"measured (DoOR consensus, normalised 0-1)"
ORN_VC3,Or35a,BDAGIHXWWSANSR-UHFFFAOYSA-N,0.0765359653863246,"measured (DoOR consensus, normalised 0-1)"
ORN_VC3,Or35a,QTBSBXVTEAMEQO-UHFFFAOYSA-N,0.0565795823044691,"measured (DoOR consensus, normalised 0-1)"
ORN_VC3,Or35a,XBDQKXXYIPTUBI-UHFFFAOYSA-N,0.038090682181621,"measured (DoOR consensus, normalised 0-1)"
ORN_VC3,Or35a,FERIUCNNQQJTOY-UHFFFAOYSA-N,0.099708489815368,"measured (DoOR consensus, normalised 0-1)"
ORN_VC3,Or35a,NQPDZGIKBAWPEJ-UHFFFAOYSA-N,0.178278845053753,"measured (DoOR consensus, normalised 0-1)"
ORN_VC3,Or35a,FUZZWVXGSFPDMH-UHFFFAOYSA-N,0.0831687061284849,"measured (DoOR consensus, normalised 0-1)"
ORN_VC3,Or35a,MNWFXJYAOYHMED-UHFFFAOYSA-N,0.0964053229694439,"measured (DoOR consensus, normalised 0-1)"
ORN_VC3,Or35a,WWZKQHOCKIZLMA-UHFFFAOYSA-N,0.0465684515696081,"measured (DoOR consensus, normalised 0-1)"
ORN_VC3,Or35a,FBUKVWPVBMHYJY-UHFFFAOYSA-N,0.0331858424554211,"measured (DoOR consensus, normalised 0-1)"
ORN_VC3,Or35a,OYHQOLUKZRVURQ-HZJYTTRNSA-N,0.184766242607546,"measured (DoOR consensus, normalised 0-1)"
ORN_VC3,Or35a,KQNPFQTWMSNSAP-UHFFFAOYSA-N,0.0632414395659673,"measured (DoOR consensus, normalised 0-1)"
ORN_VC3,Or35a,GWYFCOCPABKNJV-UHFFFAOYSA-N,0.0765359653863246,"measured (DoOR consensus, normalised 0-1)"
ORN_VC3,Or35a,LCTONWCANYUPML-UHFFFAOYSA-N,0.0765359653863246,"measured (DoOR consensus, normalised 0-1)"
ORN_VC3,Or35a,OBETXYAYXDNJHR-UHFFFAOYSA-N,0.0331858424554211,"measured (DoOR consensus, normalised 0-1)"
ORN_VC3,Or35a,JVTAAEKCZFNVCJ-UHFFFAOYSA-N,0.0897918133773176,"measured (DoOR consensus, normalised 0-1)"
ORN_VC3,Or35a,CZUGFKJYCPYHHV-UHFFFAOYSA-N,0.647701716758841,"measured (DoOR consensus, normalised 0-1)"
ORN_VC3,Or35a,QMMFVYPAHWMCMS-UHFFFAOYSA-N,0.0532449892454477,"measured (DoOR consensus, normalised 0-1)"
ORN_VC3,Or35a,MOYAFQVGZZPNRA-UHFFFAOYSA-N,0.0831687061284849,"measured (DoOR consensus, normalised 0-1)"
ORN_VC3,Or35a,GRWFGVWFFZKLTI-UHFFFAOYSA-N,0.152237672048666,"measured (DoOR consensus, normalised 0-1)"
ORN_VC3,Or35a,WTARULDDTDQWMU-UHFFFAOYSA-N,0.0698935552123344,"measured (DoOR consensus, normalised 0-1)"
ORN_VC3,Or35a,BQOFWKZOCNGFEC-UHFFFAOYSA-N,0.0465684515696081,"measured (DoOR consensus, normalised 0-1)"
ORN_VC3,Or35a,XMGQYMWWDOXHJM-UHFFFAOYSA-N,0.226714300023232,"measured (DoOR consensus, normalised 0-1)"
ORN_VC3,Or35a,FAMPSKZZVDUYOS-HRGUGZIWSA-N,0.0698935552123344,"measured (DoOR consensus, normalised 0-1)"
ORN_VC3,Or35a,UAHWPYUMFXYFJY-UHFFFAOYSA-N,0.0599117309000287,"measured (DoOR consensus, normalised 0-1)"
ORN_VC3,Or35a,NPNUFJAVOOONJE-GFUGXAQUSA-N,0.106307669893634,"measured (DoOR consensus, normalised 0-1)"
ORN_VC3,Or35a,HFPZCAJZSCWRBC-UHFFFAOYSA-N,0.0897918133773176,"measured (DoOR consensus, normalised 0-1)"
ORN_VC3,Or35a,HIGQPQRQIQDZMP-DHZHZOJOSA-N,0.0533623701938723,"measured (DoOR consensus, normalised 0-1)"
ORN_VC3,Or35a,WUOACPNHFRMFPN-SECBINFHSA-N,0.119477540002024,"measured (DoOR consensus, normalised 0-1)"
ORN_VC3,Or35a,GLZPCOQZEFWAFX-JXMROGBWSA-N,0.0897918133773176,"measured (DoOR consensus, normalised 0-1)"
ORN_VC3,Or35a,GLZPCOQZEFWAFX-YFHOEESVSA-N,0.0930997656446556,"measured (DoOR consensus, normalised 0-1)"
ORN_VC3,Or35a,CDOSHBSSFJOMGT-UHFFFAOYSA-N,0.145704309966159,"measured (DoOR consensus, normalised 0-1)"
ORN_VC3,Or35a,QMVPMAAFGQKVCJ-SNVBAGLBSA-N,0.0964053229694439,"measured (DoOR consensus, normalised 0-1)"
ORN_VC3,Or35a,BRHDDEIRQPDPMG-UHFFFAOYSA-N,0.0432264978530454,"measured (DoOR consensus, normalised 0-1)"
ORN_VC3,Or35a,LHXDLQBQYFFVNW-OIBJUYFYSA-N,0.0359548054355514,"measured (DoOR consensus, normalised 0-1)"
ORN_VC3,Or35a,IKHGUXGNUITLKF-UHFFFAOYSA-N,0.0732159712284488,"measured (DoOR consensus, normalised 0-1)"
ORN_VC3,Or35a,NBBJYMSMWIIQGU-UHFFFAOYSA-N,0.0398820814735219,"measured (DoOR consensus, normalised 0-1)"
ORN_VC3,Or35a,ZTQSAGDEMFDKMZ-UHFFFAOYSA-N,0.271470350152368,"measured (DoOR consensus, normalised 0-1)"
ORN_VC3,Or35a,HGBOYTHUEUWSSQ-UHFFFAOYSA-N,0.32524921031267,"measured (DoOR consensus, normalised 0-1)"
ORN_VC3,Or35a,JARKCYVAAOWBJS-UHFFFAOYSA-N,0.638857701915509,"measured (DoOR consensus, normalised 0-1)"
ORN_VC3,Or35a,MBDOYVRWFFCFHM-SNAWJCMRSA-N,0.744634839890821,"measured (DoOR consensus, normalised 0-1)"
ORN_VC3,Or35a,HYBBIBNJHNGZAN-UHFFFAOYSA-N,0.612233157714757,"measured (DoOR consensus, normalised 0-1)"
ORN_VC3,Or35a,HGINCPLSRVDWNT-UHFFFAOYSA-N,0.0298340106656684,"measured (DoOR consensus, normalised 0-1)"
ORN_VC3,Or35a,NUJGJRNETVAIRJ-UHFFFAOYSA-N,0.557877509936062,"measured (DoOR consensus, normalised 0-1)"
ORN_VC3,Or35a,CSCPPACGZOOCGX-UHFFFAOYSA-N,0.0864814616973924,"measured (DoOR consensus, normalised 0-1)"
ORN_VC3,Or35a,ZWEHNKRNPOVVGH-UHFFFAOYSA-N,0.103009270639766,"measured (DoOR consensus, normalised 0-1)"
ORN_VC3,Or35a,XNLICIUVMPYHGG-UHFFFAOYSA-N,0.356033485053501,"measured (DoOR consensus, normalised 0-1)"
ORN_VC3,Or35a,CATSNJVOTSVZJV-UHFFFAOYSA-N,0.404827987841525,"measured (DoOR consensus, normalised 0-1)"
ORN_VC3,Or35a,UHEPJGULSIKKTP-UHFFFAOYSA-N,0.0197636111312176,"measured (DoOR consensus, normalised 0-1)"
ORN_VC3,Or35a,QSJXEFYPDANLFS-UHFFFAOYSA-N,0.130265031703043,"measured (DoOR consensus, normalised 0-1)"
ORN_VC3,Or35a,JHIVVAPYMSGYDF-UHFFFAOYSA-N,0.687090606487976,"measured (DoOR consensus, normalised 0-1)"
ORN_VC3,Or35a,WRMNZCZEMHIOCP-UHFFFAOYSA-N,0.443306132617241,"measured (DoOR consensus, normalised 0-1)"
ORN_VC3,Or35a,WVDDGKGOMKODPV-UHFFFAOYSA-N,0.204174036034826,"measured (DoOR consensus, normalised 0-1)"
ORN_VC3,Or35a,OSWPMRLSEDHDFF-UHFFFAOYSA-N,0.0485056981872638,"measured (DoOR consensus, normalised 0-1)"
ORN_VC3,Or35a,QPJVMBTYPHYUOC-UHFFFAOYSA-N,0.0153716975465025,"measured (DoOR consensus, normalised 0-1)"
ORN_VC3,Or35a,MTZQAGJQAFMTAQ-UHFFFAOYSA-N,0.0109797839617875,"measured (DoOR consensus, normalised 0-1)"
ORN_VC3,Or35a,MDHYEMXUFSJLGV-UHFFFAOYSA-N,0.01756765433886,"measured (DoOR consensus, normalised 0-1)"
ORN_VC3,Or35a,HUMNYLRZRPPJDN-UHFFFAOYSA-N,0.308675586941626,"measured (DoOR consensus, normalised 0-1)"
ORN_VC3,Or35a,DTUQWGWMVIHBKE-UHFFFAOYSA-N,0.00878382716943,"measured (DoOR consensus, normalised 0-1)"
ORN_VC3,Or35a,KWOLFJPFCHCOCG-UHFFFAOYSA-N,0.0561880288661635,"measured (DoOR consensus, normalised 0-1)"
ORN_VC3,Or35a,KBEBGUQPQBELIU-CMDGGOBGSA-N,0.0264796979105934,"measured (DoOR consensus, normalised 0-1)"
ORN_VC3,Or35a,QWVGKYWNOKOFNN-UHFFFAOYSA-N,0.0534911279444538,"measured (DoOR consensus, normalised 0-1)"
ORN_VC3,Or35a,CHWNEIVBYREQRF-UHFFFAOYSA-N,0.049907947182715,"measured (DoOR consensus, normalised 0-1)"
ORN_VC3,Or35a,RRAFCDWBNXTKKO-UHFFFAOYSA-N,0.0365351978651032,"measured (DoOR consensus, normalised 0-1)"
ORN_VC3,Or35a,RDOXTESZEPMUJZ-UHFFFAOYSA-N,0.0407389315567088,"measured (DoOR consensus, normalised 0-1)"
ORN_VC3,Or35a,ZYEMGPIYFIJGTP-UHFFFAOYSA-N,0.103286703470201,"measured (DoOR consensus, normalised 0-1)"
ORN_VC3,Or35a,IWDCLRJOBJJRNH-UHFFFAOYSA-N,0.0359548054355514,"measured (DoOR consensus, normalised 0-1)"
ORN_VC3,Or35a,OKKJLVBELUTLKV-UHFFFAOYSA-N,0.184766242607546,"measured (DoOR consensus, normalised 0-1)"
ORN_VC3,Or35a,LFQSCWFLJHTTHZ-UHFFFAOYSA-N,0.171782323747888,"measured (DoOR consensus, normalised 0-1)"
ORN_VC3,Or35a,BDERNNFJNOPAEC-UHFFFAOYSA-N,0.239545582018779,"measured (DoOR consensus, normalised 0-1)"
ORN_VC3,Or35a,LRHPLDYGYMQRHN-UHFFFAOYSA-N,0.711310200536138,"measured (DoOR consensus, normalised 0-1)"
ORN_VC3,Or35a,AMQJEAYHLZJPGS-UHFFFAOYSA-N,0.647701716758841,"measured (DoOR consensus, normalised 0-1)"
ORN_VC3,Or35a,ZSIAUFGUXNUGDI-UHFFFAOYSA-N,0.789691645960852,"measured (DoOR consensus, normalised 0-1)"
ORN_VC3,Or35a,KBPLFHHGFOOTCA-UHFFFAOYSA-N,0.746889120415067,"measured (DoOR consensus, normalised 0-1)"
ORN_VC3,Or35a,JYVLIDXNZAXMDK-UHFFFAOYSA-N,0.570536570620269,"measured (DoOR consensus, normalised 0-1)"
ORN_VC3,Or35a,PHTQWCKDNZKARW-UHFFFAOYSA-N,0.746889120415067,"measured (DoOR consensus, normalised 0-1)"
ORN_VC3,Or35a,ASUAYTHWZCLXAN-UHFFFAOYSA-N,0.612233157714757,"measured (DoOR consensus, normalised 0-1)"
ORN_VC3,Or35a,VHVMXWZXFBOANQ-UHFFFAOYSA-N,0.181523682148733,"measured (DoOR consensus, normalised 0-1)"
ORN_VC3,Or35a,VSMOENVRRABVKN-UHFFFAOYSA-N,0.55144090501523,"measured (DoOR consensus, normalised 0-1)"
ORN_VC3,Or35a,ZCHHRLHTBGRGOT-SNAWJCMRSA-N,0.749778066721093,"measured (DoOR consensus, normalised 0-1)"
ORN_VC3,Or35a,ZCHHRLHTBGRGOT-PLNGDYQASA-N,0.68877346734762,"measured (DoOR consensus, normalised 0-1)"
ORN_VC3,Or35a,UFLHIIWVXFIJGU-ONEGZZNKSA-N,0.720816987244564,"measured (DoOR consensus, normalised 0-1)"
ORN_VC3,Or35a,UFLHIIWVXFIJGU-ARJAWSKDSA-N,0.694614268983416,"measured (DoOR consensus, normalised 0-1)"
ORN_VC3,Or35a,PEDCQBHIVMGVHV-UHFFFAOYSA-N,0.0465684515696081,"measured (DoOR consensus, normalised 0-1)"
ORN_VC3,Or35a,OWBTYPJTUOEWEK-UHFFFAOYSA-N,0.0732159712284488,"measured (DoOR consensus, normalised 0-1)"
ORN_VC3,Or35a,BBMCTIGTTCKYKF-UHFFFAOYSA-N,0.812085065435472,"measured (DoOR consensus, normalised 0-1)"
ORN_VC3,Or35a,NMRPBPVERJPACX-UHFFFAOYSA-N,0.515687260761257,"measured (DoOR consensus, normalised 0-1)"
ORN_VC3,Or35a,ZWRUINPWMLAQRD-UHFFFAOYSA-N,0.353856378944919,"measured (DoOR consensus, normalised 0-1)"
ORN_VC3,Or35a,KXKVLQRXCPHEJC-UHFFFAOYSA-N,0.0398820814735219,"measured (DoOR consensus, normalised 0-1)"
ORN_VC3,Or35a,XEKOWRVHYACXOJ-UHFFFAOYSA-N,0.0957518830461823,"measured (DoOR consensus, normalised 0-1)"
ORN_VC3,Or35a,YKYONYBAUNKHLG-UHFFFAOYSA-N,0.412419339398191,"measured (DoOR consensus, normalised 0-1)"
ORN_VC3,Or35a,DKPFZGUDAPQIHT-UHFFFAOYSA-N,0.265102798895888,"measured (DoOR consensus, normalised 0-1)"
ORN_VC3,Or35a,PGMYKACGEOXYJE-UHFFFAOYSA-N,0.652620481391208,"measured (DoOR consensus, normalised 0-1)"
ORN_VC3,Or35a,AOGQPLXWSUTHQB-UHFFFAOYSA-N,0.700448503179707,"measured (DoOR consensus, normalised 0-1)"
ORN_VC3,Or35a,GJRQTCIYDGXPES-UHFFFAOYSA-N,0.145704309966159,"measured (DoOR consensus, normalised 0-1)"
ORN_VC3,Or35a,MLFHJEHSLIIPHL-UHFFFAOYSA-N,0.127095515413397,"measured (DoOR consensus, normalised 0-1)"
ORN_VC3,Or35a,HRHOWZHRCRZVCU-WAYWQWQTSA-N,0.761318088178457,"measured (DoOR consensus, normalised 0-1)"
ORN_VC3,Or35a,UUIQMZJEGPQKFD-UHFFFAOYSA-N,0.387746773486847,"measured (DoOR consensus, normalised 0-1)"
ORN_VC3,Or35a,OBNCKNCVKJNDBV-UHFFFAOYSA-N,0.383072871862559,"measured (DoOR consensus, normalised 0-1)"
ORN_VC3,Or35a,XAPCMTMQBXLDBB-UHFFFAOYSA-N,0.755551223763835,"measured (DoOR consensus, normalised 0-1)"
ORN_VC3,Or35a,OMSUIQOIVADKIM-UHFFFAOYSA-N,0.46243213434657,"measured (DoOR consensus, normalised 0-1)"
ORN_VC3,Or35a,FKRCODPIKNYEAC-UHFFFAOYSA-N,0.0632414395659673,"measured (DoOR consensus, normalised 0-1)"
ORN_VC3,Or35a,WBJINCZRORDGAQ-UHFFFAOYSA-N,0.023122899598495,"measured (DoOR consensus, normalised 0-1)"
ORN_VC3,Or35a,NUKZAGXMHTUAFE-UHFFFAOYSA-N,0.0264796979105934,"measured (DoOR consensus, normalised 0-1)"
ORN_VC3,Or35a,SHZIWNPUGXLXDT-UHFFFAOYSA-N,0.0,"measured (DoOR consensus, normalised 0-1)"
ORN_VC3,Or35a,NCDCLPBOMHPFCV-UHFFFAOYSA-N,0.461685070801962,"measured (DoOR consensus, normalised 0-1)"
ORN_VC3,Or35a,JGHZJRVDZXSNKQ-UHFFFAOYSA-N,0.0930997656446556,"measured (DoOR consensus, normalised 0-1)"
ORN_VC3,Or35a,YYZUSRORWSJGET-UHFFFAOYSA-N,0.0197636111312176,"measured (DoOR consensus, normalised 0-1)"
ORN_VC3,Or35a,RGXWDWUGBIJHDO-UHFFFAOYSA-N,0.0264796979105934,"measured (DoOR consensus, normalised 0-1)"
ORN_VC3,Or35a,ZFDIRQKJPRINOQ-HWKANZROSA-N,0.106307669893634,"measured (DoOR consensus, normalised 0-1)"
ORN_VC3,Or35a,LZCLXQDLBQLTDK-UHFFFAOYSA-N,0.0765359653863246,"measured (DoOR consensus, normalised 0-1)"
ORN_VC3,Or35a,DKMROQRQHGEIOW-UHFFFAOYSA-N,0.0021959567923575,"measured (DoOR consensus, normalised 0-1)"
ORN_VC3,Or35a,YLYBTZIQSIBWLI-UHFFFAOYSA-N,0.186123489463143,"measured (DoOR consensus, normalised 0-1)"
ORN_VC3,Or35a,solvent,0.0521530366695725,"measured (DoOR consensus, normalised 0-1)"
ORN_VC3,Or35a,CURLTUGMZLYLDI-UHFFFAOYSA-N,0.0576101027650254,"measured (DoOR consensus, normalised 0-1)"
ORN_VA4,Or85d,XLYOFNOQVPJJNP-UHFFFAOYSA-N,0.093544629701734,"measured (DoOR consensus, normalised 0-1)"
ORN_VA4,Or85d,VHUUQVKOLVNVRT-UHFFFAOYSA-N,0.0448212916865901,"measured (DoOR consensus, normalised 0-1)"
ORN_VA4,Or85d,KIDHWZJUCRJVML-UHFFFAOYSA-N,0.0815493243859038,"measured (DoOR consensus, normalised 0-1)"
ORN_VA4,Or85d,HIGQPQRQIQDZMP-DHZHZOJOSA-N,0.0815493243859038,"measured (DoOR consensus, normalised 0-1)"
ORN_VA4,Or85d,LHXDLQBQYFFVNW-OIBJUYFYSA-N,0.0,"measured (DoOR consensus, normalised 0-1)"
ORN_VA4,Or85d,NBBJYMSMWIIQGU-UHFFFAOYSA-N,0.11003761230134,"measured (DoOR consensus, normalised 0-1)"
ORN_VA4,Or85d,MBDOYVRWFFCFHM-SNAWJCMRSA-N,0.123232133544482,"measured (DoOR consensus, normalised 0-1)"
ORN_VA4,Or85d,CSCPPACGZOOCGX-UHFFFAOYSA-N,0.0440701795801995,"measured (DoOR consensus, normalised 0-1)"
ORN_VA4,Or85d,ZWEHNKRNPOVVGH-UHFFFAOYSA-N,0.0665585659990788,"measured (DoOR consensus, normalised 0-1)"
ORN_VA4,Or85d,CATSNJVOTSVZJV-UHFFFAOYSA-N,0.555530444624266,"measured (DoOR consensus, normalised 0-1)"
ORN_VA4,Or85d,UHEPJGULSIKKTP-UHFFFAOYSA-N,0.433810569239503,"measured (DoOR consensus, normalised 0-1)"
ORN_VA4,Or85d,JHIVVAPYMSGYDF-UHFFFAOYSA-N,0.045960885828329,"measured (DoOR consensus, normalised 0-1)"
ORN_VA4,Or85d,HUMNYLRZRPPJDN-UHFFFAOYSA-N,0.142540651186891,"measured (DoOR consensus, normalised 0-1)"
ORN_VA4,Or85d,QWVGKYWNOKOFNN-UHFFFAOYSA-N,0.116033016120613,"measured (DoOR consensus, normalised 0-1)"
ORN_VA4,Or85d,IWDCLRJOBJJRNH-UHFFFAOYSA-N,0.031742403483005,"measured (DoOR consensus, normalised 0-1)"
ORN_VA4,Or85d,KLSLBUSXWBJMEC-UHFFFAOYSA-N,0.0428885402408731,"measured (DoOR consensus, normalised 0-1)"
ORN_VA4,Or85d,VSMOENVRRABVKN-UHFFFAOYSA-N,0.39313757433765,"measured (DoOR consensus, normalised 0-1)"
ORN_VA4,Or85d,NMRPBPVERJPACX-UHFFFAOYSA-N,0.415670977421809,"measured (DoOR consensus, normalised 0-1)"
ORN_VA4,Or85d,XEKOWRVHYACXOJ-UHFFFAOYSA-N,0.137068252111765,"measured (DoOR consensus, normalised 0-1)"
ORN_VA4,Or85d,MLFHJEHSLIIPHL-UHFFFAOYSA-N,0.360363273398074,"measured (DoOR consensus, normalised 0-1)"
ORN_VA4,Or85d,OBNCKNCVKJNDBV-UHFFFAOYSA-N,0.11003761230134,"measured (DoOR consensus, normalised 0-1)"
ORN_VA4,Or85d,ICMAFTSLXCXHRK-UHFFFAOYSA-N,0.564614445984832,"measured (DoOR consensus, normalised 0-1)"
ORN_VA4,Or85d,solvent,0.0637632736497055,"measured (DoOR consensus, normalised 0-1)"
ORN_VA4,Or85d,QCCDLTOVEPVEJK-UHFFFAOYSA-N,0.184288637567823,"measured (DoOR consensus, normalised 0-1)"
ORN_VA4,Or85d,ZKQDCIXGCQPQNV-UHFFFAOYSA-N,0.0371584403061238,"measured (DoOR consensus, normalised 0-1)"
ORN_VA4,Or85d,CRVGTESFCCXCTH-UHFFFAOYSA-N,0.0665585659990788,"measured (DoOR consensus, normalised 0-1)"
ORN_VA4,Or85d,AKNUHUCEWALCOI-UHFFFAOYSA-O,0.0272634775806366,"measured (DoOR consensus, normalised 0-1)"
ORN_VA4,Or85d,OSPSWZSRKYCQPF-UHFFFAOYSA-N,0.0305617984891323,"measured (DoOR consensus, normalised 0-1)"
ORN_VA4,Or85d,BDZBKCUKTQZUTL-UHFFFAOYSA-N,0.138121787508967,"measured (DoOR consensus, normalised 0-1)"
ORN_VA4,Or85d,DWCLXOREGBLXTD-UHFFFAOYSA-N,0.0665585659990788,"measured (DoOR consensus, normalised 0-1)"
ORN_VA4,Or85d,YIWUKEYIRIRTPP-UHFFFAOYSA-N,0.0755539205666305,"measured (DoOR consensus, normalised 0-1)"
ORN_VA4,Or85d,VKYKSIONXSXAKP-UHFFFAOYSA-N,0.0338601193976281,"measured (DoOR consensus, normalised 0-1)"
ORN_VA4,Or85d,MHAJPDPJQMAIIY-UHFFFAOYSA-N,0.0338601193976281,"measured (DoOR consensus, normalised 0-1)"
ORN_VA4,Or85d,GRYLNZFGIOXLOG-UHFFFAOYSA-N,0.0710562432828547,"measured (DoOR consensus, normalised 0-1)"
ORN_VA4,Or85d,LYGJENNIWJXYER-UHFFFAOYSA-N,0.0140701939466536,"measured (DoOR consensus, normalised 0-1)"
ORN_VA4,Or85d,WFDIJRYMOXRFFG-UHFFFAOYSA-N,0.0575632114315271,"measured (DoOR consensus, normalised 0-1)"
ORN_VA4,Or85d,ZHNUHDYFZUAESO-UHFFFAOYSA-N,0.0272634775806366,"measured (DoOR consensus, normalised 0-1)"
ORN_VA4,Or85d,WGSVFWFSJDAYBM-BQYQJAHWSA-N,0.0371584403061238,"measured (DoOR consensus, normalised 0-1)"
ORN_VA4,Or85d,ZMQAAUBTXCXRIC-UHFFFAOYSA-N,0.0239651566721408,"measured (DoOR consensus, normalised 0-1)"
ORN_VA4,Or85d,FHIVAFMUCKRCQO-UHFFFAOYSA-N,0.0530655341477512,"measured (DoOR consensus, normalised 0-1)"
ORN_VA4,Or85d,RDYMFSUJUZBWLH-UHFFFAOYSA-N,0.0371584403061238,"measured (DoOR consensus, normalised 0-1)"
ORN_VA4,Or85d,YLMGFJXSLBMXHK-UHFFFAOYSA-M,0.0305617984891323,"measured (DoOR consensus, normalised 0-1)"
ORN_VA4,Or85d,BAZAXWOYCMUHIX-UHFFFAOYSA-M,0.0305617984891323,"measured (DoOR consensus, normalised 0-1)"
ORN_VA4,Or85d,RWSOTUBLDIXVET-UHFFFAOYSA-N,0.0485678568639754,"measured (DoOR consensus, normalised 0-1)"
ORN_VA4,Or85d,XTFIVUDBNACUBN-UHFFFAOYSA-N,0.0338601193976281,"measured (DoOR consensus, normalised 0-1)"
ORN_VA4,Or85d,HMWPNDNFTFSCEB-UHFFFAOYSA-N,0.0338601193976281,"measured (DoOR consensus, normalised 0-1)"
ORN_VA4,Or85d,SNIOPGDIGTZGOP-UHFFFAOYSA-N,0.0338601193976281,"measured (DoOR consensus, normalised 0-1)"
ORN_VA4,Or85d,TZRXHJWUDPFEEY-UHFFFAOYSA-N,0.0305617984891323,"measured (DoOR consensus, normalised 0-1)"
ORN_VA4,Or85d,ZTLXICJMNFREPA-UHFFFAOYSA-N,0.0710562432828547,"measured (DoOR consensus, normalised 0-1)"
ORN_VA4,Or85d,SPSSULHKWOKEEL-UHFFFAOYSA-N,0.0404567612146196,"measured (DoOR consensus, normalised 0-1)"
ORN_VM5v,Or98a,XLYOFNOQVPJJNP-UHFFFAOYSA-N,0.148022631684256,"measured (DoOR consensus, normalised 0-1)"
ORN_VM5v,Or98a,VHUUQVKOLVNVRT-UHFFFAOYSA-N,0.0681812355029866,"measured (DoOR consensus, normalised 0-1)"
ORN_VM5v,Or98a,KIDHWZJUCRJVML-UHFFFAOYSA-N,0.0727188496820858,"measured (DoOR consensus, normalised 0-1)"
ORN_VM5v,Or98a,VHRGRCVQAFMJIZ-UHFFFAOYSA-N,0.0787495683447577,"measured (DoOR consensus, normalised 0-1)"
ORN_VM5v,Or98a,QGZKDVFQNNGYKY-UHFFFAOYSA-N,0.0998952403585685,"measured (DoOR consensus, normalised 0-1)"
ORN_VM5v,Or98a,HZAXFHJVJLSVMW-UHFFFAOYSA-N,0.0998952403585685,"measured (DoOR consensus, normalised 0-1)"
ORN_VM5v,Or98a,YEJRWHAVMIAJKC-UHFFFAOYSA-N,0.103396314583975,"measured (DoOR consensus, normalised 0-1)"
ORN_VM5v,Or98a,JBFHTYHTHYHCDJ-UHFFFAOYSA-N,0.0879768154927999,"measured (DoOR consensus, normalised 0-1)"
ORN_VM5v,Or98a,IPBFYZQJXZJBFQ-UHFFFAOYSA-N,0.332522347092561,"measured (DoOR consensus, normalised 0-1)"
ORN_VM5v,Or98a,IFYYFLINQYPWGJ-UHFFFAOYSA-N,0.0420149164861622,"measured (DoOR consensus, normalised 0-1)"
ORN_VM5v,Or98a,GHBSPIPJMLAMEP-UHFFFAOYSA-N,0.0389657899764776,"measured (DoOR consensus, normalised 0-1)"
ORN_VM5v,Or98a,BDAGIHXWWSANSR-UHFFFAOYSA-N,0.0267871183233123,"measured (DoOR consensus, normalised 0-1)"
ORN_VM5v,Or98a,QTBSBXVTEAMEQO-UHFFFAOYSA-N,0.0726080008843418,"measured (DoOR consensus, normalised 0-1)"
ORN_VM5v,Or98a,XBDQKXXYIPTUBI-UHFFFAOYSA-N,0.0481186129096132,"measured (DoOR consensus, normalised 0-1)"
ORN_VM5v,Or98a,FERIUCNNQQJTOY-UHFFFAOYSA-N,0.0735981615997233,"measured (DoOR consensus, normalised 0-1)"
ORN_VM5v,Or98a,NQPDZGIKBAWPEJ-UHFFFAOYSA-N,0.0031422129738123,"measured (DoOR consensus, normalised 0-1)"
ORN_VM5v,Or98a,FUZZWVXGSFPDMH-UHFFFAOYSA-N,0.0542296578262717,"measured (DoOR consensus, normalised 0-1)"
ORN_VM5v,Or98a,MNWFXJYAOYHMED-UHFFFAOYSA-N,0.0144373242873496,"measured (DoOR consensus, normalised 0-1)"
ORN_VM5v,Or98a,WWZKQHOCKIZLMA-UHFFFAOYSA-N,0.0094266389214371,"measured (DoOR consensus, normalised 0-1)"
ORN_VM5v,Or98a,FBUKVWPVBMHYJY-UHFFFAOYSA-N,0.0047133194607185,"measured (DoOR consensus, normalised 0-1)"
ORN_VM5v,Or98a,OYHQOLUKZRVURQ-HZJYTTRNSA-N,0.0094266389214371,"measured (DoOR consensus, normalised 0-1)"
ORN_VM5v,Or98a,KQNPFQTWMSNSAP-UHFFFAOYSA-N,0.0450658529660523,"measured (DoOR consensus, normalised 0-1)"
ORN_VM5v,Or98a,GWYFCOCPABKNJV-UHFFFAOYSA-N,0.029829137289877,"measured (DoOR consensus, normalised 0-1)"
ORN_VM5v,Or98a,LCTONWCANYUPML-UHFFFAOYSA-N,0.0197483605942091,"measured (DoOR consensus, normalised 0-1)"
ORN_VM5v,Or98a,OBETXYAYXDNJHR-UHFFFAOYSA-N,0.0267871183233123,"measured (DoOR consensus, normalised 0-1)"
ORN_VM5v,Or98a,JVTAAEKCZFNVCJ-UHFFFAOYSA-N,0.0542296578262717,"measured (DoOR consensus, normalised 0-1)"
ORN_VM5v,Or98a,CZUGFKJYCPYHHV-UHFFFAOYSA-N,0.10029399578385,"measured (DoOR consensus, normalised 0-1)"
ORN_VM5v,Or98a,QMMFVYPAHWMCMS-UHFFFAOYSA-N,0.0,"measured (DoOR consensus, normalised 0-1)"
ORN_VM5v,Or98a,ALVPFGSHPUPROW-UHFFFAOYSA-N,0.0998952403585685,"measured (DoOR consensus, normalised 0-1)"
ORN_VM5v,Or98a,SUVIGLJNEAMWEG-UHFFFAOYSA-N,0.0998952403585685,"measured (DoOR consensus, normalised 0-1)"
ORN_VM5v,Or98a,MOYAFQVGZZPNRA-UHFFFAOYSA-N,0.267321223269041,"measured (DoOR consensus, normalised 0-1)"
ORN_VM5v,Or98a,GRWFGVWFFZKLTI-UHFFFAOYSA-N,0.442942502763797,"measured (DoOR consensus, normalised 0-1)"
ORN_VM5v,Or98a,WTARULDDTDQWMU-UHFFFAOYSA-N,0.0126689374129837,"measured (DoOR consensus, normalised 0-1)"
ORN_VM5v,Or98a,BQOFWKZOCNGFEC-UHFFFAOYSA-N,0.0062844259476247,"measured (DoOR consensus, normalised 0-1)"
ORN_VM5v,Or98a,XMGQYMWWDOXHJM-UHFFFAOYSA-N,0.106486470631862,"measured (DoOR consensus, normalised 0-1)"
ORN_VM5v,Or98a,FAMPSKZZVDUYOS-HRGUGZIWSA-N,0.0144373242873496,"measured (DoOR consensus, normalised 0-1)"
ORN_VM5v,Or98a,UAHWPYUMFXYFJY-UHFFFAOYSA-N,0.0756778016314252,"measured (DoOR consensus, normalised 0-1)"
ORN_VM5v,Or98a,NPNUFJAVOOONJE-GFUGXAQUSA-N,0.0109977454083433,"measured (DoOR consensus, normalised 0-1)"
ORN_VM5v,Or98a,HFPZCAJZSCWRBC-UHFFFAOYSA-N,0.0031422129738123,"measured (DoOR consensus, normalised 0-1)"
ORN_VM5v,Or98a,HIGQPQRQIQDZMP-DHZHZOJOSA-N,0.20703625169383,"measured (DoOR consensus, normalised 0-1)"
ORN_VM5v,Or98a,WUOACPNHFRMFPN-SECBINFHSA-N,0.0481186129096132,"measured (DoOR consensus, normalised 0-1)"
ORN_VM5v,Or98a,GLZPCOQZEFWAFX-JXMROGBWSA-N,0.293231903810642,"measured (DoOR consensus, normalised 0-1)"
ORN_VM5v,Or98a,GLZPCOQZEFWAFX-YFHOEESVSA-N,0.216109647148524,"measured (DoOR consensus, normalised 0-1)"
ORN_VM5v,Or98a,CDOSHBSSFJOMGT-UHFFFAOYSA-N,0.482498516678865,"measured (DoOR consensus, normalised 0-1)"
ORN_VM5v,Or98a,QMVPMAAFGQKVCJ-SNVBAGLBSA-N,0.133128341235996,"measured (DoOR consensus, normalised 0-1)"
ORN_VM5v,Or98a,BRHDDEIRQPDPMG-UHFFFAOYSA-N,0.125072588811257,"measured (DoOR consensus, normalised 0-1)"
ORN_VM5v,Or98a,WEEGYLXZBRQIMU-WAAGHKOSSA-N,0.0998952403585685,"measured (DoOR consensus, normalised 0-1)"
ORN_VM5v,Or98a,XMGQYMWWDOXHJM-JTQLQIEISA-N,0.0998952403585685,"measured (DoOR consensus, normalised 0-1)"
ORN_VM5v,Or98a,IKHGUXGNUITLKF-UHFFFAOYSA-N,0.0695401512083724,"measured (DoOR consensus, normalised 0-1)"
ORN_VM5v,Or98a,NBBJYMSMWIIQGU-UHFFFAOYSA-N,0.047981956931524,"measured (DoOR consensus, normalised 0-1)"
ORN_VM5v,Or98a,ZTQSAGDEMFDKMZ-UHFFFAOYSA-N,0.0941384233307863,"measured (DoOR consensus, normalised 0-1)"
ORN_VM5v,Or98a,HGBOYTHUEUWSSQ-UHFFFAOYSA-N,0.0972223071642018,"measured (DoOR consensus, normalised 0-1)"
ORN_VM5v,Or98a,JARKCYVAAOWBJS-UHFFFAOYSA-N,0.103396314583975,"measured (DoOR consensus, normalised 0-1)"
ORN_VM5v,Or98a,MBDOYVRWFFCFHM-SNAWJCMRSA-N,0.0978718661236488,"measured (DoOR consensus, normalised 0-1)"
ORN_VM5v,Or98a,HYBBIBNJHNGZAN-UHFFFAOYSA-N,0.115769746419079,"measured (DoOR consensus, normalised 0-1)"
ORN_VM5v,Or98a,HGINCPLSRVDWNT-UHFFFAOYSA-N,0.0818233160693383,"measured (DoOR consensus, normalised 0-1)"
ORN_VM5v,Or98a,LVBXEMGDVWVTGY-VOTSOKGWSA-N,0.0998952403585685,"measured (DoOR consensus, normalised 0-1)"
ORN_VM5v,Or98a,GYHFUZHODSMOHU-UHFFFAOYSA-N,0.0998952403585685,"measured (DoOR consensus, normalised 0-1)"
ORN_VM5v,Or98a,CSCPPACGZOOCGX-UHFFFAOYSA-N,0.0366924254394069,"measured (DoOR consensus, normalised 0-1)"
ORN_VM5v,Or98a,ZWEHNKRNPOVVGH-UHFFFAOYSA-N,0.026949978062662,"measured (DoOR consensus, normalised 0-1)"
ORN_VM5v,Or98a,XNLICIUVMPYHGG-UHFFFAOYSA-N,0.0481186129096132,"measured (DoOR consensus, normalised 0-1)"
ORN_VM5v,Or98a,CATSNJVOTSVZJV-UHFFFAOYSA-N,0.637973869123469,"measured (DoOR consensus, normalised 0-1)"
ORN_VM5v,Or98a,UHEPJGULSIKKTP-UHFFFAOYSA-N,0.709439365206819,"measured (DoOR consensus, normalised 0-1)"
ORN_VM5v,Or98a,QSJXEFYPDANLFS-UHFFFAOYSA-N,0.09597914732031,"measured (DoOR consensus, normalised 0-1)"
ORN_VM5v,Or98a,JHIVVAPYMSGYDF-UHFFFAOYSA-N,0.0818913541148615,"measured (DoOR consensus, normalised 0-1)"
ORN_VM5v,Or98a,WRMNZCZEMHIOCP-UHFFFAOYSA-N,0.0047133194607185,"measured (DoOR consensus, normalised 0-1)"
ORN_VM5v,Or98a,WVDDGKGOMKODPV-UHFFFAOYSA-N,0.0197483605942091,"measured (DoOR consensus, normalised 0-1)"
ORN_VM5v,Or98a,OSWPMRLSEDHDFF-UHFFFAOYSA-N,0.0488758875849039,"measured (DoOR consensus, normalised 0-1)"
ORN_VM5v,Or98a,QPJVMBTYPHYUOC-UHFFFAOYSA-N,0.717330782839347,"measured (DoOR consensus, normalised 0-1)"
ORN_VM5v,Or98a,MTZQAGJQAFMTAQ-UHFFFAOYSA-N,0.794560373348539,"measured (DoOR consensus, normalised 0-1)"
ORN_VM5v,Or98a,MDHYEMXUFSJLGV-UHFFFAOYSA-N,0.0879768154927999,"measured (DoOR consensus, normalised 0-1)"
ORN_VM5v,Or98a,HUMNYLRZRPPJDN-UHFFFAOYSA-N,0.143418840283693,"measured (DoOR consensus, normalised 0-1)"
ORN_VM5v,Or98a,DTUQWGWMVIHBKE-UHFFFAOYSA-N,0.21992225703525,"measured (DoOR consensus, normalised 0-1)"
ORN_VM5v,Or98a,KWOLFJPFCHCOCG-UHFFFAOYSA-N,0.222863702327168,"measured (DoOR consensus, normalised 0-1)"
ORN_VM5v,Or98a,KBEBGUQPQBELIU-CMDGGOBGSA-N,0.0359184600745509,"measured (DoOR consensus, normalised 0-1)"
ORN_VM5v,Or98a,QWVGKYWNOKOFNN-UHFFFAOYSA-N,0.0153476423294499,"measured (DoOR consensus, normalised 0-1)"
ORN_VM5v,Or98a,CHWNEIVBYREQRF-UHFFFAOYSA-N,0.0197483605942091,"measured (DoOR consensus, normalised 0-1)"
ORN_VM5v,Or98a,RRAFCDWBNXTKKO-UHFFFAOYSA-N,0.168758744271568,"measured (DoOR consensus, normalised 0-1)"
ORN_VM5v,Or98a,WTWBUQJHJGUZCY-UHFFFAOYSA-N,0.0998952403585685,"measured (DoOR consensus, normalised 0-1)"
ORN_VM5v,Or98a,ZYEMGPIYFIJGTP-UHFFFAOYSA-N,0.0998952403585685,"measured (DoOR consensus, normalised 0-1)"
ORN_VM5v,Or98a,IWDCLRJOBJJRNH-UHFFFAOYSA-N,0.0998952403585685,"measured (DoOR consensus, normalised 0-1)"
ORN_VM5v,Or98a,OKKJLVBELUTLKV-UHFFFAOYSA-N,0.029829137289877,"measured (DoOR consensus, normalised 0-1)"
ORN_VM5v,Or98a,LFQSCWFLJHTTHZ-UHFFFAOYSA-N,0.0237468437938423,"measured (DoOR consensus, normalised 0-1)"
ORN_VM5v,Or98a,BDERNNFJNOPAEC-UHFFFAOYSA-N,0.0031422129738123,"measured (DoOR consensus, normalised 0-1)"
ORN_VM5v,Or98a,LRHPLDYGYMQRHN-UHFFFAOYSA-N,0.0446875600195059,"measured (DoOR consensus, normalised 0-1)"
ORN_VM5v,Or98a,AMQJEAYHLZJPGS-UHFFFAOYSA-N,0.2480254991191,"measured (DoOR consensus, normalised 0-1)"
ORN_VM5v,Or98a,ZSIAUFGUXNUGDI-UHFFFAOYSA-N,0.458024652118617,"measured (DoOR consensus, normalised 0-1)"
ORN_VM5v,Or98a,KBPLFHHGFOOTCA-UHFFFAOYSA-N,0.0879768154927999,"measured (DoOR consensus, normalised 0-1)"
ORN_VM5v,Or98a,JYVLIDXNZAXMDK-UHFFFAOYSA-N,0.267321223269041,"measured (DoOR consensus, normalised 0-1)"
ORN_VM5v,Or98a,PHTQWCKDNZKARW-UHFFFAOYSA-N,0.0783619089980014,"measured (DoOR consensus, normalised 0-1)"
ORN_VM5v,Or98a,ASUAYTHWZCLXAN-UHFFFAOYSA-N,0.652417120782848,"measured (DoOR consensus, normalised 0-1)"
ORN_VM5v,Or98a,VHVMXWZXFBOANQ-UHFFFAOYSA-N,0.0078555324345309,"measured (DoOR consensus, normalised 0-1)"
ORN_VM5v,Or98a,VSMOENVRRABVKN-UHFFFAOYSA-N,0.593684036179434,"measured (DoOR consensus, normalised 0-1)"
ORN_VM5v,Or98a,ZCHHRLHTBGRGOT-SNAWJCMRSA-N,0.58167957036663,"measured (DoOR consensus, normalised 0-1)"
ORN_VM5v,Or98a,ZCHHRLHTBGRGOT-PLNGDYQASA-N,0.303005157050917,"measured (DoOR consensus, normalised 0-1)"
ORN_VM5v,Or98a,UFLHIIWVXFIJGU-ONEGZZNKSA-N,0.454056388486094,"measured (DoOR consensus, normalised 0-1)"
ORN_VM5v,Or98a,UFLHIIWVXFIJGU-ARJAWSKDSA-N,0.457524393740859,"measured (DoOR consensus, normalised 0-1)"
ORN_VM5v,Or98a,PEDCQBHIVMGVHV-UHFFFAOYSA-N,0.0144373242873496,"measured (DoOR consensus, normalised 0-1)"
ORN_VM5v,Or98a,OWBTYPJTUOEWEK-UHFFFAOYSA-N,0.0389657899764776,"measured (DoOR consensus, normalised 0-1)"
ORN_VM5v,Or98a,MQWCXKGKQLNYQG-UHFFFAOYSA-N,0.0998952403585685,"measured (DoOR consensus, normalised 0-1)"
ORN_VM5v,Or98a,NMRPBPVERJPACX-UHFFFAOYSA-N,0.607306994991386,"measured (DoOR consensus, normalised 0-1)"
ORN_VM5v,Or98a,KXKVLQRXCPHEJC-UHFFFAOYSA-N,0.0267871183233123,"measured (DoOR consensus, normalised 0-1)"
ORN_VM5v,Or98a,XEKOWRVHYACXOJ-UHFFFAOYSA-N,0.0507153637242878,"measured (DoOR consensus, normalised 0-1)"
ORN_VM5v,Or98a,YKYONYBAUNKHLG-UHFFFAOYSA-N,0.513823656551918,"measured (DoOR consensus, normalised 0-1)"
ORN_VM5v,Or98a,DKPFZGUDAPQIHT-UHFFFAOYSA-N,0.718973965616138,"measured (DoOR consensus, normalised 0-1)"
ORN_VM5v,Or98a,PGMYKACGEOXYJE-UHFFFAOYSA-N,0.650846670668546,"measured (DoOR consensus, normalised 0-1)"
ORN_VM5v,Or98a,AOGQPLXWSUTHQB-UHFFFAOYSA-N,0.257659128414795,"measured (DoOR consensus, normalised 0-1)"
ORN_VM5v,Or98a,GJRQTCIYDGXPES-UHFFFAOYSA-N,0.68582695297596,"measured (DoOR consensus, normalised 0-1)"
ORN_VM5v,Or98a,MLFHJEHSLIIPHL-UHFFFAOYSA-N,0.654379766611555,"measured (DoOR consensus, normalised 0-1)"
ORN_VM5v,Or98a,HRHOWZHRCRZVCU-WAYWQWQTSA-N,0.438958416445371,"measured (DoOR consensus, normalised 0-1)"
ORN_VM5v,Or98a,UUIQMZJEGPQKFD-UHFFFAOYSA-N,0.228840694853774,"measured (DoOR consensus, normalised 0-1)"
ORN_VM5v,Or98a,OBNCKNCVKJNDBV-UHFFFAOYSA-N,0.269862546926606,"measured (DoOR consensus, normalised 0-1)"
ORN_VM5v,Or98a,XAPCMTMQBXLDBB-UHFFFAOYSA-N,0.100308265532613,"measured (DoOR consensus, normalised 0-1)"
ORN_VM5v,Or98a,OMSUIQOIVADKIM-UHFFFAOYSA-N,0.638503927912679,"measured (DoOR consensus, normalised 0-1)"
ORN_VM5v,Or98a,FKRCODPIKNYEAC-UHFFFAOYSA-N,0.0947482848757363,"measured (DoOR consensus, normalised 0-1)"
ORN_VM5v,Or98a,WBJINCZRORDGAQ-UHFFFAOYSA-N,0.0634102462275372,"measured (DoOR consensus, normalised 0-1)"
ORN_VM5v,Or98a,NUKZAGXMHTUAFE-UHFFFAOYSA-N,0.638503927912679,"measured (DoOR consensus, normalised 0-1)"
ORN_VM5v,Or98a,SHZIWNPUGXLXDT-UHFFFAOYSA-N,0.184476519981554,"measured (DoOR consensus, normalised 0-1)"
ORN_VM5v,Or98a,NCDCLPBOMHPFCV-UHFFFAOYSA-N,0.029829137289877,"measured (DoOR consensus, normalised 0-1)"
ORN_VM5v,Or98a,JGHZJRVDZXSNKQ-UHFFFAOYSA-N,0.0848990600018988,"measured (DoOR consensus, normalised 0-1)"
ORN_VM5v,Or98a,YYZUSRORWSJGET-UHFFFAOYSA-N,0.0818233160693383,"measured (DoOR consensus, normalised 0-1)"
ORN_VM5v,Or98a,RGXWDWUGBIJHDO-UHFFFAOYSA-N,0.0511732099429198,"measured (DoOR consensus, normalised 0-1)"
ORN_VM5v,Or98a,ZFDIRQKJPRINOQ-HWKANZROSA-N,0.745264890044799,"measured (DoOR consensus, normalised 0-1)"
ORN_VM5v,Or98a,LZCLXQDLBQLTDK-UHFFFAOYSA-N,0.219288110606877,"measured (DoOR consensus, normalised 0-1)"
ORN_VM5v,Or98a,DKMROQRQHGEIOW-UHFFFAOYSA-N,0.0267871183233123,"measured (DoOR consensus, normalised 0-1)"
ORN_VM5v,Or98a,SIKJAQJRHWYJAI-UHFFFAOYSA-N,0.0998952403585685,"measured (DoOR consensus, normalised 0-1)"
ORN_VM5v,Or98a,HCRBXQFHJMCTLF-UHFFFAOYSA-N,0.0998952403585685,"measured (DoOR consensus, normalised 0-1)"
ORN_VM5v,Or98a,ICMAFTSLXCXHRK-UHFFFAOYSA-N,0.623630251417858,"measured (DoOR consensus, normalised 0-1)"
ORN_VM5v,Or98a,GAEKPEKOJKCEMS-UHFFFAOYSA-N,0.0998952403585685,"measured (DoOR consensus, normalised 0-1)"
ORN_VM5v,Or98a,solvent,0.0220898417509551,"measured (DoOR consensus, normalised 0-1)"
ORN_VM5v,Or98a,CURLTUGMZLYLDI-UHFFFAOYSA-N,0.0883061858384111,"measured (DoOR consensus, normalised 0-1)"
ORN_VM5v,Or98a,UXFSPRAGHGMRSQ-UHFFFAOYSA-N,0.0998952403585685,"measured (DoOR consensus, normalised 0-1)"
ORN_VM5v,Or98a,RWRDLPDLKQPQOW-UHFFFAOYSA-N,0.0998952403585685,"measured (DoOR consensus, normalised 0-1)"
ORN_VM5v,Or98a,QCCDLTOVEPVEJK-UHFFFAOYSA-N,0.648857544235121,"measured (DoOR consensus, normalised 0-1)"
ORN_VM5v,Or98a,ZKQDCIXGCQPQNV-UHFFFAOYSA-N,0.006554486586479,"measured (DoOR consensus, normalised 0-1)"
ORN_VM5v,Or98a,CRVGTESFCCXCTH-UHFFFAOYSA-N,0.0549373366683393,"measured (DoOR consensus, normalised 0-1)"
ORN_VM5v,Or98a,AKNUHUCEWALCOI-UHFFFAOYSA-O,0.0117825537902991,"measured (DoOR consensus, normalised 0-1)"
ORN_VM5v,Or98a,OSPSWZSRKYCQPF-UHFFFAOYSA-N,0.0117825537902991,"measured (DoOR consensus, normalised 0-1)"
ORN_VM5v,Or98a,BDZBKCUKTQZUTL-UHFFFAOYSA-N,0.0549373366683393,"measured (DoOR consensus, normalised 0-1)"
ORN_VM5v,Or98a,DWCLXOREGBLXTD-UHFFFAOYSA-N,0.0198328218254289,"measured (DoOR consensus, normalised 0-1)"
ORN_VM5v,Or98a,YIWUKEYIRIRTPP-UHFFFAOYSA-N,0.0721763421653541,"measured (DoOR consensus, normalised 0-1)"
ORN_VM5v,Or98a,VKYKSIONXSXAKP-UHFFFAOYSA-N,0.0965270134805114,"measured (DoOR consensus, normalised 0-1)"
ORN_VM5v,Or98a,MHAJPDPJQMAIIY-UHFFFAOYSA-N,0.0104737110604143,"measured (DoOR consensus, normalised 0-1)"
ORN_VM5v,Or98a,GRYLNZFGIOXLOG-UHFFFAOYSA-N,0.0091673029024358,"measured (DoOR consensus, normalised 0-1)"
ORN_VM5v,Or98a,LYGJENNIWJXYER-UHFFFAOYSA-N,0.0368355141503097,"measured (DoOR consensus, normalised 0-1)"
ORN_VM5v,Or98a,WFDIJRYMOXRFFG-UHFFFAOYSA-N,0.0636614332254866,"measured (DoOR consensus, normalised 0-1)"
ORN_VM5v,Or98a,ZHNUHDYFZUAESO-UHFFFAOYSA-N,0.0111269151394035,"measured (DoOR consensus, normalised 0-1)"
ORN_VM5v,Or98a,WGSVFWFSJDAYBM-BQYQJAHWSA-N,0.0117825537902991,"measured (DoOR consensus, normalised 0-1)"
ORN_VM5v,Or98a,ZMQAAUBTXCXRIC-UHFFFAOYSA-N,0.0368355141503097,"measured (DoOR consensus, normalised 0-1)"
ORN_VM5v,Or98a,FHIVAFMUCKRCQO-UHFFFAOYSA-N,0.0198328218254289,"measured (DoOR consensus, normalised 0-1)"
ORN_VM5v,Or98a,RDYMFSUJUZBWLH-UHFFFAOYSA-N,0.0549373366683393,"measured (DoOR consensus, normalised 0-1)"
ORN_VM5v,Or98a,YLMGFJXSLBMXHK-UHFFFAOYSA-M,0.0091673029024358,"measured (DoOR consensus, normalised 0-1)"
ORN_VM5v,Or98a,BAZAXWOYCMUHIX-UHFFFAOYSA-M,0.0026352621125438,"measured (DoOR consensus, normalised 0-1)"
ORN_VM5v,Or98a,RWSOTUBLDIXVET-UHFFFAOYSA-N,0.109644641752615,"measured (DoOR consensus, normalised 0-1)"
ORN_VM5v,Or98a,XTFIVUDBNACUBN-UHFFFAOYSA-N,0.0117825537902991,"measured (DoOR consensus, normalised 0-1)"
ORN_VM5v,Or98a,HMWPNDNFTFSCEB-UHFFFAOYSA-N,0.0459975976507174,"measured (DoOR consensus, normalised 0-1)"
ORN_VM5v,Or98a,SNIOPGDIGTZGOP-UHFFFAOYSA-N,0.0133690810544124,"measured (DoOR consensus, normalised 0-1)"
ORN_VM5v,Or98a,TZRXHJWUDPFEEY-UHFFFAOYSA-N,0.0198328218254289,"measured (DoOR consensus, normalised 0-1)"
ORN_VM5v,Or98a,ZTLXICJMNFREPA-UHFFFAOYSA-N,0.0133690810544124,"measured (DoOR consensus, normalised 0-1)"
ORN_VM5v,Or98a,SPSSULHKWOKEEL-UHFFFAOYSA-N,0.0368355141503097,"measured (DoOR consensus, normalised 0-1)"
ORN_DA4l,Or43a,VHUUQVKOLVNVRT-UHFFFAOYSA-N,0.090697297193029,"measured (DoOR consensus, normalised 0-1)"
ORN_DA4l,Or43a,KIDHWZJUCRJVML-UHFFFAOYSA-N,0.0321856897294794,"measured (DoOR consensus, normalised 0-1)"
ORN_DA4l,Or43a,VHRGRCVQAFMJIZ-UHFFFAOYSA-N,0.0482785345942192,"measured (DoOR consensus, normalised 0-1)"
ORN_DA4l,Or43a,YEJRWHAVMIAJKC-UHFFFAOYSA-N,0.0436805789185792,"measured (DoOR consensus, normalised 0-1)"
ORN_DA4l,Or43a,JBFHTYHTHYHCDJ-UHFFFAOYSA-N,0.12921175779527,"measured (DoOR consensus, normalised 0-1)"
ORN_DA4l,Or43a,IPBFYZQJXZJBFQ-UHFFFAOYSA-N,0.071301668778723,"measured (DoOR consensus, normalised 0-1)"
ORN_DA4l,Or43a,IFYYFLINQYPWGJ-UHFFFAOYSA-N,0.0298867118916595,"measured (DoOR consensus, normalised 0-1)"
ORN_DA4l,Or43a,GHBSPIPJMLAMEP-UHFFFAOYSA-N,0.0344846675672994,"measured (DoOR consensus, normalised 0-1)"
ORN_DA4l,Or43a,BDAGIHXWWSANSR-UHFFFAOYSA-N,0.0505775124320391,"measured (DoOR consensus, normalised 0-1)"
ORN_DA4l,Or43a,QTBSBXVTEAMEQO-UHFFFAOYSA-N,0.0952840397914614,"measured (DoOR consensus, normalised 0-1)"
ORN_DA4l,Or43a,XBDQKXXYIPTUBI-UHFFFAOYSA-N,0.071301668778723,"measured (DoOR consensus, normalised 0-1)"
ORN_DA4l,Or43a,FERIUCNNQQJTOY-UHFFFAOYSA-N,0.060842411831428,"measured (DoOR consensus, normalised 0-1)"
ORN_DA4l,Or43a,NQPDZGIKBAWPEJ-UHFFFAOYSA-N,0.071301668778723,"measured (DoOR consensus, normalised 0-1)"
ORN_DA4l,Or43a,FUZZWVXGSFPDMH-UHFFFAOYSA-N,0.116989659073648,"measured (DoOR consensus, normalised 0-1)"
ORN_DA4l,Or43a,MNWFXJYAOYHMED-UHFFFAOYSA-N,0.0459795567563992,"measured (DoOR consensus, normalised 0-1)"
ORN_DA4l,Or43a,WWZKQHOCKIZLMA-UHFFFAOYSA-N,0.071301668778723,"measured (DoOR consensus, normalised 0-1)"
ORN_DA4l,Or43a,FBUKVWPVBMHYJY-UHFFFAOYSA-N,0.0367836454051193,"measured (DoOR consensus, normalised 0-1)"
ORN_DA4l,Or43a,OYHQOLUKZRVURQ-HZJYTTRNSA-N,0.0390826232429393,"measured (DoOR consensus, normalised 0-1)"
ORN_DA4l,Or43a,KQNPFQTWMSNSAP-UHFFFAOYSA-N,0.071301668778723,"measured (DoOR consensus, normalised 0-1)"
ORN_DA4l,Or43a,GWYFCOCPABKNJV-UHFFFAOYSA-N,0.0436805789185792,"measured (DoOR consensus, normalised 0-1)"
ORN_DA4l,Or43a,LCTONWCANYUPML-UHFFFAOYSA-N,0.090697297193029,"measured (DoOR consensus, normalised 0-1)"
ORN_DA4l,Or43a,OBETXYAYXDNJHR-UHFFFAOYSA-N,0.0137938670269198,"measured (DoOR consensus, normalised 0-1)"
ORN_DA4l,Or43a,JVTAAEKCZFNVCJ-UHFFFAOYSA-N,0.0997810630358549,"measured (DoOR consensus, normalised 0-1)"
ORN_DA4l,Or43a,CZUGFKJYCPYHHV-UHFFFAOYSA-N,0.112793994977268,"measured (DoOR consensus, normalised 0-1)"
ORN_DA4l,Or43a,QMMFVYPAHWMCMS-UHFFFAOYSA-N,0.0275877340538395,"measured (DoOR consensus, normalised 0-1)"
ORN_DA4l,Or43a,MOYAFQVGZZPNRA-UHFFFAOYSA-N,0.0661447950011798,"measured (DoOR consensus, normalised 0-1)"
ORN_DA4l,Or43a,GRWFGVWFFZKLTI-UHFFFAOYSA-N,0.121121910943981,"measured (DoOR consensus, normalised 0-1)"
ORN_DA4l,Or43a,WTARULDDTDQWMU-UHFFFAOYSA-N,0.137091651723687,"measured (DoOR consensus, normalised 0-1)"
ORN_DA4l,Or43a,BQOFWKZOCNGFEC-UHFFFAOYSA-N,0.133176366121307,"measured (DoOR consensus, normalised 0-1)"
ORN_DA4l,Or43a,XMGQYMWWDOXHJM-UHFFFAOYSA-N,0.0661447950011798,"measured (DoOR consensus, normalised 0-1)"
ORN_DA4l,Or43a,FAMPSKZZVDUYOS-HRGUGZIWSA-N,0.0459795567563992,"measured (DoOR consensus, normalised 0-1)"
ORN_DA4l,Or43a,UAHWPYUMFXYFJY-UHFFFAOYSA-N,0.071301668778723,"measured (DoOR consensus, normalised 0-1)"
ORN_DA4l,Or43a,NPNUFJAVOOONJE-GFUGXAQUSA-N,0.0137938670269198,"measured (DoOR consensus, normalised 0-1)"
ORN_DA4l,Or43a,HFPZCAJZSCWRBC-UHFFFAOYSA-N,0.0553808121680625,"measured (DoOR consensus, normalised 0-1)"
ORN_DA4l,Or43a,HIGQPQRQIQDZMP-DHZHZOJOSA-N,0.0601558165695629,"measured (DoOR consensus, normalised 0-1)"
ORN_DA4l,Or43a,WUOACPNHFRMFPN-SECBINFHSA-N,0.0997810630358549,"measured (DoOR consensus, normalised 0-1)"
ORN_DA4l,Or43a,GLZPCOQZEFWAFX-JXMROGBWSA-N,0.0344846675672994,"measured (DoOR consensus, normalised 0-1)"
ORN_DA4l,Or43a,GLZPCOQZEFWAFX-YFHOEESVSA-N,0.060842411831428,"measured (DoOR consensus, normalised 0-1)"
ORN_DA4l,Or43a,CDOSHBSSFJOMGT-UHFFFAOYSA-N,0.0661447950011798,"measured (DoOR consensus, normalised 0-1)"
ORN_DA4l,Or43a,QMVPMAAFGQKVCJ-SNVBAGLBSA-N,0.0413816010807593,"measured (DoOR consensus, normalised 0-1)"
ORN_DA4l,Or43a,BRHDDEIRQPDPMG-UHFFFAOYSA-N,0.166942053844138,"measured (DoOR consensus, normalised 0-1)"
ORN_DA4l,Or43a,IKHGUXGNUITLKF-UHFFFAOYSA-N,0.112793994977268,"measured (DoOR consensus, normalised 0-1)"
ORN_DA4l,Or43a,NBBJYMSMWIIQGU-UHFFFAOYSA-N,0.0,"measured (DoOR consensus, normalised 0-1)"
ORN_DA4l,Or43a,ZTQSAGDEMFDKMZ-UHFFFAOYSA-N,0.0459795567563992,"measured (DoOR consensus, normalised 0-1)"
ORN_DA4l,Or43a,HGBOYTHUEUWSSQ-UHFFFAOYSA-N,0.0413816010807593,"measured (DoOR consensus, normalised 0-1)"
ORN_DA4l,Or43a,JARKCYVAAOWBJS-UHFFFAOYSA-N,0.0763251543455477,"measured (DoOR consensus, normalised 0-1)"
ORN_DA4l,Or43a,MBDOYVRWFFCFHM-SNAWJCMRSA-N,0.261884886816909,"measured (DoOR consensus, normalised 0-1)"
ORN_DA4l,Or43a,HYBBIBNJHNGZAN-UHFFFAOYSA-N,0.0321856897294794,"measured (DoOR consensus, normalised 0-1)"
ORN_DA4l,Or43a,HGINCPLSRVDWNT-UHFFFAOYSA-N,0.060842411831428,"measured (DoOR consensus, normalised 0-1)"
ORN_DA4l,Or43a,CSCPPACGZOOCGX-UHFFFAOYSA-N,0.0344846675672994,"measured (DoOR consensus, normalised 0-1)"
ORN_DA4l,Or43a,ZWEHNKRNPOVVGH-UHFFFAOYSA-N,0.0553808121680625,"measured (DoOR consensus, normalised 0-1)"
ORN_DA4l,Or43a,XNLICIUVMPYHGG-UHFFFAOYSA-N,0.144785501236,"measured (DoOR consensus, normalised 0-1)"
ORN_DA4l,Or43a,CATSNJVOTSVZJV-UHFFFAOYSA-N,0.23743651878151,"measured (DoOR consensus, normalised 0-1)"
ORN_DA4l,Or43a,UHEPJGULSIKKTP-UHFFFAOYSA-N,0.125194726538438,"measured (DoOR consensus, normalised 0-1)"
ORN_DA4l,Or43a,QSJXEFYPDANLFS-UHFFFAOYSA-N,0.1333115536411,"measured (DoOR consensus, normalised 0-1)"
ORN_DA4l,Or43a,JHIVVAPYMSGYDF-UHFFFAOYSA-N,0.465607247944799,"measured (DoOR consensus, normalised 0-1)"
ORN_DA4l,Or43a,WRMNZCZEMHIOCP-UHFFFAOYSA-N,0.201610297366359,"measured (DoOR consensus, normalised 0-1)"
ORN_DA4l,Or43a,WVDDGKGOMKODPV-UHFFFAOYSA-N,0.277292707182778,"measured (DoOR consensus, normalised 0-1)"
ORN_DA4l,Or43a,OSWPMRLSEDHDFF-UHFFFAOYSA-N,0.166581835143344,"measured (DoOR consensus, normalised 0-1)"
ORN_DA4l,Or43a,QPJVMBTYPHYUOC-UHFFFAOYSA-N,0.0812260188180124,"measured (DoOR consensus, normalised 0-1)"
ORN_DA4l,Or43a,MTZQAGJQAFMTAQ-UHFFFAOYSA-N,0.0114948891890998,"measured (DoOR consensus, normalised 0-1)"
ORN_DA4l,Or43a,MDHYEMXUFSJLGV-UHFFFAOYSA-N,0.0436805789185792,"measured (DoOR consensus, normalised 0-1)"
ORN_DA4l,Or43a,HUMNYLRZRPPJDN-UHFFFAOYSA-N,0.229446943118861,"measured (DoOR consensus, normalised 0-1)"
ORN_DA4l,Or43a,DTUQWGWMVIHBKE-UHFFFAOYSA-N,0.0854148080948813,"measured (DoOR consensus, normalised 0-1)"
ORN_DA4l,Or43a,KWOLFJPFCHCOCG-UHFFFAOYSA-N,0.231214886144485,"measured (DoOR consensus, normalised 0-1)"
ORN_DA4l,Or43a,KBEBGUQPQBELIU-CMDGGOBGSA-N,0.0275877340538395,"measured (DoOR consensus, normalised 0-1)"
ORN_DA4l,Or43a,QWVGKYWNOKOFNN-UHFFFAOYSA-N,0.355425240737042,"measured (DoOR consensus, normalised 0-1)"
ORN_DA4l,Or43a,CHWNEIVBYREQRF-UHFFFAOYSA-N,0.071301668778723,"measured (DoOR consensus, normalised 0-1)"
ORN_DA4l,Or43a,RRAFCDWBNXTKKO-UHFFFAOYSA-N,0.0390826232429393,"measured (DoOR consensus, normalised 0-1)"
ORN_DA4l,Or43a,OKKJLVBELUTLKV-UHFFFAOYSA-N,0.0860138664118367,"measured (DoOR consensus, normalised 0-1)"
ORN_DA4l,Or43a,LFQSCWFLJHTTHZ-UHFFFAOYSA-N,0.060842411831428,"measured (DoOR consensus, normalised 0-1)"
ORN_DA4l,Or43a,BDERNNFJNOPAEC-UHFFFAOYSA-N,0.0413816010807593,"measured (DoOR consensus, normalised 0-1)"
ORN_DA4l,Or43a,LRHPLDYGYMQRHN-UHFFFAOYSA-N,0.090697297193029,"measured (DoOR consensus, normalised 0-1)"
ORN_DA4l,Or43a,AMQJEAYHLZJPGS-UHFFFAOYSA-N,0.355425240737042,"measured (DoOR consensus, normalised 0-1)"
ORN_DA4l,Or43a,ZSIAUFGUXNUGDI-UHFFFAOYSA-N,0.546342010665621,"measured (DoOR consensus, normalised 0-1)"
ORN_DA4l,Or43a,KBPLFHHGFOOTCA-UHFFFAOYSA-N,0.0462606170996042,"measured (DoOR consensus, normalised 0-1)"
ORN_DA4l,Or43a,JYVLIDXNZAXMDK-UHFFFAOYSA-N,0.414444480888966,"measured (DoOR consensus, normalised 0-1)"
ORN_DA4l,Or43a,PHTQWCKDNZKARW-UHFFFAOYSA-N,0.284803929404402,"measured (DoOR consensus, normalised 0-1)"
ORN_DA4l,Or43a,ASUAYTHWZCLXAN-UHFFFAOYSA-N,0.208295285895437,"measured (DoOR consensus, normalised 0-1)"
ORN_DA4l,Or43a,VHVMXWZXFBOANQ-UHFFFAOYSA-N,0.297156764496468,"measured (DoOR consensus, normalised 0-1)"
ORN_DA4l,Or43a,VSMOENVRRABVKN-UHFFFAOYSA-N,0.41672515852187,"measured (DoOR consensus, normalised 0-1)"
ORN_DA4l,Or43a,ZCHHRLHTBGRGOT-SNAWJCMRSA-N,0.214914766208273,"measured (DoOR consensus, normalised 0-1)"
ORN_DA4l,Or43a,ZCHHRLHTBGRGOT-PLNGDYQASA-N,0.352357025610957,"measured (DoOR consensus, normalised 0-1)"
ORN_DA4l,Or43a,UFLHIIWVXFIJGU-ONEGZZNKSA-N,0.253556956587953,"measured (DoOR consensus, normalised 0-1)"
ORN_DA4l,Or43a,UFLHIIWVXFIJGU-ARJAWSKDSA-N,0.420789324350332,"measured (DoOR consensus, normalised 0-1)"
ORN_DA4l,Or43a,PEDCQBHIVMGVHV-UHFFFAOYSA-N,0.0298867118916595,"measured (DoOR consensus, normalised 0-1)"
ORN_DA4l,Or43a,OWBTYPJTUOEWEK-UHFFFAOYSA-N,0.0459795567563992,"measured (DoOR consensus, normalised 0-1)"
ORN_DA4l,Or43a,HPXRVTGHNJAIIH-UHFFFAOYSA-N,0.512339956225841,"measured (DoOR consensus, normalised 0-1)"
ORN_DA4l,Or43a,KXKVLQRXCPHEJC-UHFFFAOYSA-N,0.0436805789185792,"measured (DoOR consensus, normalised 0-1)"
ORN_DA4l,Or43a,XEKOWRVHYACXOJ-UHFFFAOYSA-N,0.0869659697730664,"measured (DoOR consensus, normalised 0-1)"
ORN_DA4l,Or43a,YKYONYBAUNKHLG-UHFFFAOYSA-N,0.144785501236,"measured (DoOR consensus, normalised 0-1)"
ORN_DA4l,Or43a,DKPFZGUDAPQIHT-UHFFFAOYSA-N,0.17407077580986,"measured (DoOR consensus, normalised 0-1)"
ORN_DA4l,Or43a,PGMYKACGEOXYJE-UHFFFAOYSA-N,0.149029972371107,"measured (DoOR consensus, normalised 0-1)"
ORN_DA4l,Or43a,AOGQPLXWSUTHQB-UHFFFAOYSA-N,0.0812260188180124,"measured (DoOR consensus, normalised 0-1)"
ORN_DA4l,Or43a,GJRQTCIYDGXPES-UHFFFAOYSA-N,0.191445275294986,"measured (DoOR consensus, normalised 0-1)"
ORN_DA4l,Or43a,MLFHJEHSLIIPHL-UHFFFAOYSA-N,0.163333812104399,"measured (DoOR consensus, normalised 0-1)"
ORN_DA4l,Or43a,HRHOWZHRCRZVCU-WAYWQWQTSA-N,0.0321856897294794,"measured (DoOR consensus, normalised 0-1)"
ORN_DA4l,Or43a,UUIQMZJEGPQKFD-UHFFFAOYSA-N,0.137091651723687,"measured (DoOR consensus, normalised 0-1)"
ORN_DA4l,Or43a,OBNCKNCVKJNDBV-UHFFFAOYSA-N,0.186514647846503,"measured (DoOR consensus, normalised 0-1)"
ORN_DA4l,Or43a,XAPCMTMQBXLDBB-UHFFFAOYSA-N,0.0553808121680625,"measured (DoOR consensus, normalised 0-1)"
ORN_DA4l,Or43a,OMSUIQOIVADKIM-UHFFFAOYSA-N,0.224734125193018,"measured (DoOR consensus, normalised 0-1)"
ORN_DA4l,Or43a,FKRCODPIKNYEAC-UHFFFAOYSA-N,0.0997810630358549,"measured (DoOR consensus, normalised 0-1)"
ORN_DA4l,Or43a,WBJINCZRORDGAQ-UHFFFAOYSA-N,0.0390826232429393,"measured (DoOR consensus, normalised 0-1)"
ORN_DA4l,Or43a,NUKZAGXMHTUAFE-UHFFFAOYSA-N,0.108530580342172,"measured (DoOR consensus, normalised 0-1)"
ORN_DA4l,Or43a,SHZIWNPUGXLXDT-UHFFFAOYSA-N,0.121121910943981,"measured (DoOR consensus, normalised 0-1)"
ORN_DA4l,Or43a,NCDCLPBOMHPFCV-UHFFFAOYSA-N,0.0390826232429393,"measured (DoOR consensus, normalised 0-1)"
ORN_DA4l,Or43a,JGHZJRVDZXSNKQ-UHFFFAOYSA-N,0.0413816010807593,"measured (DoOR consensus, normalised 0-1)"
ORN_DA4l,Or43a,YYZUSRORWSJGET-UHFFFAOYSA-N,0.0436805789185792,"measured (DoOR consensus, normalised 0-1)"
ORN_DA4l,Or43a,RGXWDWUGBIJHDO-UHFFFAOYSA-N,0.0553808121680625,"measured (DoOR consensus, normalised 0-1)"
ORN_DA4l,Or43a,ZFDIRQKJPRINOQ-HWKANZROSA-N,0.0206908005403796,"measured (DoOR consensus, normalised 0-1)"
ORN_DA4l,Or43a,LZCLXQDLBQLTDK-UHFFFAOYSA-N,0.125194726538438,"measured (DoOR consensus, normalised 0-1)"
ORN_DA4l,Or43a,DKMROQRQHGEIOW-UHFFFAOYSA-N,0.0553808121680625,"measured (DoOR consensus, normalised 0-1)"
ORN_DA4l,Or43a,solvent,0.0560088978271558,"measured (DoOR consensus, normalised 0-1)"
ORN_DA4l,Or43a,CURLTUGMZLYLDI-UHFFFAOYSA-N,0.0506399156182728,"measured (DoOR consensus, normalised 0-1)"
ORN_DP1l,Ir75a,XLYOFNOQVPJJNP-UHFFFAOYSA-N,0.304459615032771,"measured (DoOR consensus, normalised 0-1)"
ORN_DP1l,Ir75a,VHUUQVKOLVNVRT-UHFFFAOYSA-N,0.121296589926725,"measured (DoOR consensus, normalised 0-1)"
ORN_DP1l,Ir75a,KIDHWZJUCRJVML-UHFFFAOYSA-N,0.274430216745532,"measured (DoOR consensus, normalised 0-1)"
ORN_DP1l,Ir75a,VHRGRCVQAFMJIZ-UHFFFAOYSA-N,0.196231355388242,"measured (DoOR consensus, normalised 0-1)"
ORN_DP1l,Ir75a,ROSDSFDQCJNGOL-UHFFFAOYSA-N,0.108355469498159,"measured (DoOR consensus, normalised 0-1)"
ORN_DP1l,Ir75a,QTBSBXVTEAMEQO-UHFFFAOYSA-N,0.644234722765712,"measured (DoOR consensus, normalised 0-1)"
ORN_DP1l,Ir75a,XBDQKXXYIPTUBI-UHFFFAOYSA-N,0.597242335179929,"measured (DoOR consensus, normalised 0-1)"
ORN_DP1l,Ir75a,FERIUCNNQQJTOY-UHFFFAOYSA-N,0.224254961522132,"measured (DoOR consensus, normalised 0-1)"
ORN_DP1l,Ir75a,ZTQSAGDEMFDKMZ-UHFFFAOYSA-N,0.182517333905755,"measured (DoOR consensus, normalised 0-1)"
ORN_DP1l,Ir75a,QSJXEFYPDANLFS-UHFFFAOYSA-N,0.614761766079148,"measured (DoOR consensus, normalised 0-1)"
ORN_DP1l,Ir75a,WRMNZCZEMHIOCP-UHFFFAOYSA-N,0.0574973991827753,"measured (DoOR consensus, normalised 0-1)"
ORN_DP1l,Ir75a,DTUQWGWMVIHBKE-UHFFFAOYSA-N,0.14477158750161,"measured (DoOR consensus, normalised 0-1)"
ORN_DP1l,Ir75a,OWBTYPJTUOEWEK-UHFFFAOYSA-N,0.182688905287245,"measured (DoOR consensus, normalised 0-1)"
ORN_DP1l,Ir75a,XEKOWRVHYACXOJ-UHFFFAOYSA-N,0.0456629195536864,"measured (DoOR consensus, normalised 0-1)"
ORN_DP1l,Ir75a,PGMYKACGEOXYJE-UHFFFAOYSA-N,0.0345783564543004,"measured (DoOR consensus, normalised 0-1)"
ORN_DP1l,Ir75a,solvent,0.103712199229567,"measured (DoOR consensus, normalised 0-1)"
ORN_DP1l,Ir75a,RWRDLPDLKQPQOW-UHFFFAOYSA-N,0.0974124749076972,"measured (DoOR consensus, normalised 0-1)"
ORN_DP1l,Ir75a,BHHGXPLMPWCGHP-UHFFFAOYSA-N,0.0047936117684738,"measured (DoOR consensus, normalised 0-1)"
ORN_DP1l,Ir75a,JUJWROOIHBZHMG-UHFFFAOYSA-N,0.011839374075343,"measured (DoOR consensus, normalised 0-1)"
ORN_DP1l,Ir75a,KDVFRMMRZOCFLS-UHFFFAOYSA-N,0.307740990783749,"measured (DoOR consensus, normalised 0-1)"
ORN_DP1l,Ir75a,QUSNBJAOOMFDIB-UHFFFAOYSA-N,0.0,"measured (DoOR consensus, normalised 0-1)"
ORN_DP1l,Ir75a,WLJVXDMOQOGPHL-UHFFFAOYSA-N,0.234808401882933,"measured (DoOR consensus, normalised 0-1)"
ORN_DP1l,Ir75a,ATHGHQPFGPMSJY-UHFFFAOYSA-N,0.268258779495667,"measured (DoOR consensus, normalised 0-1)"
ORN_VM1,Ir92a,XLYOFNOQVPJJNP-UHFFFAOYSA-N,0.0,"measured (DoOR consensus, normalised 0-1)"
ORN_VM1,Ir92a,VHUUQVKOLVNVRT-UHFFFAOYSA-N,0.016627558545759,"measured (DoOR consensus, normalised 0-1)"
ORN_VM1,Ir92a,KIDHWZJUCRJVML-UHFFFAOYSA-N,0.0307733919354346,"measured (DoOR consensus, normalised 0-1)"
ORN_VM1,Ir92a,VHRGRCVQAFMJIZ-UHFFFAOYSA-N,0.0399282002889868,"measured (DoOR consensus, normalised 0-1)"
ORN_VM1,Ir92a,ROSDSFDQCJNGOL-UHFFFAOYSA-N,0.352294673268022,"measured (DoOR consensus, normalised 0-1)"
ORN_VM1,Ir92a,QTBSBXVTEAMEQO-UHFFFAOYSA-N,0.0085205897025531,"measured (DoOR consensus, normalised 0-1)"
ORN_VM1,Ir92a,XBDQKXXYIPTUBI-UHFFFAOYSA-N,0.0438162363668509,"measured (DoOR consensus, normalised 0-1)"
ORN_VM1,Ir92a,FERIUCNNQQJTOY-UHFFFAOYSA-N,0.0151109487281525,"measured (DoOR consensus, normalised 0-1)"
ORN_VM1,Ir92a,ZTQSAGDEMFDKMZ-UHFFFAOYSA-N,0.0521162282777522,"measured (DoOR consensus, normalised 0-1)"
ORN_VM1,Ir92a,QSJXEFYPDANLFS-UHFFFAOYSA-N,0.0808490906404071,"measured (DoOR consensus, normalised 0-1)"
ORN_VM1,Ir92a,WRMNZCZEMHIOCP-UHFFFAOYSA-N,0.0354610950080367,"measured (DoOR consensus, normalised 0-1)"
ORN_VM1,Ir92a,DTUQWGWMVIHBKE-UHFFFAOYSA-N,0.0257823668993113,"measured (DoOR consensus, normalised 0-1)"
ORN_VM1,Ir92a,OWBTYPJTUOEWEK-UHFFFAOYSA-N,0.0515095843507095,"measured (DoOR consensus, normalised 0-1)"
ORN_VM1,Ir92a,XEKOWRVHYACXOJ-UHFFFAOYSA-N,0.0568866555222237,"measured (DoOR consensus, normalised 0-1)"
ORN_VM1,Ir92a,PGMYKACGEOXYJE-UHFFFAOYSA-N,0.049193307538365,"measured (DoOR consensus, normalised 0-1)"
ORN_VM1,Ir92a,solvent,0.0379152454401636,"measured (DoOR consensus, normalised 0-1)"
ORN_VM1,Ir92a,RWRDLPDLKQPQOW-UHFFFAOYSA-N,0.171156311597888,"measured (DoOR consensus, normalised 0-1)"
ORN_VM1,Ir92a,BHHGXPLMPWCGHP-UHFFFAOYSA-N,0.196249310398287,"measured (DoOR consensus, normalised 0-1)"
ORN_VM1,Ir92a,JUJWROOIHBZHMG-UHFFFAOYSA-N,0.230028347244978,"measured (DoOR consensus, normalised 0-1)"
ORN_VM1,Ir92a,KDVFRMMRZOCFLS-UHFFFAOYSA-N,0.0397627519452479,"measured (DoOR consensus, normalised 0-1)"
ORN_VM1,Ir92a,QUSNBJAOOMFDIB-UHFFFAOYSA-N,0.023024894503663,"measured (DoOR consensus, normalised 0-1)"
ORN_VM1,Ir92a,WLJVXDMOQOGPHL-UHFFFAOYSA-N,0.0438713858147639,"measured (DoOR consensus, normalised 0-1)"
ORN_VM1,Ir92a,ATHGHQPFGPMSJY-UHFFFAOYSA-N,0.0036122888382992,"measured (DoOR consensus, normalised 0-1)"
ORN_DM4,Or59b,XLYOFNOQVPJJNP-UHFFFAOYSA-N,0.0427202335070242,"measured (DoOR consensus, normalised 0-1)"
ORN_DM4,Or59b,VHUUQVKOLVNVRT-UHFFFAOYSA-N,0.0115393956823088,"measured (DoOR consensus, normalised 0-1)"
ORN_DM4,Or59b,KIDHWZJUCRJVML-UHFFFAOYSA-N,0.0296688206274817,"measured (DoOR consensus, normalised 0-1)"
ORN_DM4,Or59b,VHRGRCVQAFMJIZ-UHFFFAOYSA-N,0.0275997278747651,"measured (DoOR consensus, normalised 0-1)"
ORN_DM4,Or59b,QGZKDVFQNNGYKY-UHFFFAOYSA-N,0.0125216097602956,"measured (DoOR consensus, normalised 0-1)"
ORN_DM4,Or59b,HZAXFHJVJLSVMW-UHFFFAOYSA-N,0.0154493748879538,"measured (DoOR consensus, normalised 0-1)"
ORN_DM4,Or59b,YEJRWHAVMIAJKC-UHFFFAOYSA-N,0.0527077103058883,"measured (DoOR consensus, normalised 0-1)"
ORN_DM4,Or59b,JBFHTYHTHYHCDJ-UHFFFAOYSA-N,0.0576337441832341,"measured (DoOR consensus, normalised 0-1)"
ORN_DM4,Or59b,IPBFYZQJXZJBFQ-UHFFFAOYSA-N,0.0122738313703022,"measured (DoOR consensus, normalised 0-1)"
ORN_DM4,Or59b,IFYYFLINQYPWGJ-UHFFFAOYSA-N,0.0067584044808882,"measured (DoOR consensus, normalised 0-1)"
ORN_DM4,Or59b,GHBSPIPJMLAMEP-UHFFFAOYSA-N,0.0157274381014439,"measured (DoOR consensus, normalised 0-1)"
ORN_DM4,Or59b,BDAGIHXWWSANSR-UHFFFAOYSA-N,0.0739976571088347,"measured (DoOR consensus, normalised 0-1)"
ORN_DM4,Or59b,QTBSBXVTEAMEQO-UHFFFAOYSA-N,0.0717210204921607,"measured (DoOR consensus, normalised 0-1)"
ORN_DM4,Or59b,XBDQKXXYIPTUBI-UHFFFAOYSA-N,0.0717210204921607,"measured (DoOR consensus, normalised 0-1)"
ORN_DM4,Or59b,FERIUCNNQQJTOY-UHFFFAOYSA-N,0.0733251317556233,"measured (DoOR consensus, normalised 0-1)"
ORN_DM4,Or59b,NQPDZGIKBAWPEJ-UHFFFAOYSA-N,0.0717210204921607,"measured (DoOR consensus, normalised 0-1)"
ORN_DM4,Or59b,FUZZWVXGSFPDMH-UHFFFAOYSA-N,0.0829719558049739,"measured (DoOR consensus, normalised 0-1)"
ORN_DM4,Or59b,MNWFXJYAOYHMED-UHFFFAOYSA-N,0.0527077103058883,"measured (DoOR consensus, normalised 0-1)"
ORN_DM4,Or59b,WWZKQHOCKIZLMA-UHFFFAOYSA-N,0.0209403021730898,"measured (DoOR consensus, normalised 0-1)"
ORN_DM4,Or59b,FBUKVWPVBMHYJY-UHFFFAOYSA-N,0.0275997278747651,"measured (DoOR consensus, normalised 0-1)"
ORN_DM4,Or59b,OYHQOLUKZRVURQ-HZJYTTRNSA-N,0.0337891649116392,"measured (DoOR consensus, normalised 0-1)"
ORN_DM4,Or59b,KQNPFQTWMSNSAP-UHFFFAOYSA-N,0.0851895318239305,"measured (DoOR consensus, normalised 0-1)"
ORN_DM4,Or59b,GWYFCOCPABKNJV-UHFFFAOYSA-N,0.0807452601404137,"measured (DoOR consensus, normalised 0-1)"
ORN_DM4,Or59b,LCTONWCANYUPML-UHFFFAOYSA-N,0.0624273806433213,"measured (DoOR consensus, normalised 0-1)"
ORN_DM4,Or59b,OBETXYAYXDNJHR-UHFFFAOYSA-N,0.0647833577064586,"measured (DoOR consensus, normalised 0-1)"
ORN_DM4,Or59b,JVTAAEKCZFNVCJ-UHFFFAOYSA-N,0.0527077103058883,"measured (DoOR consensus, normalised 0-1)"
ORN_DM4,Or59b,CZUGFKJYCPYHHV-UHFFFAOYSA-N,0.0613631565658129,"measured (DoOR consensus, normalised 0-1)"
ORN_DM4,Or59b,QMMFVYPAHWMCMS-UHFFFAOYSA-N,0.159967580471272,"measured (DoOR consensus, normalised 0-1)"
ORN_DM4,Or59b,ALVPFGSHPUPROW-UHFFFAOYSA-N,0.0125216097602956,"measured (DoOR consensus, normalised 0-1)"
ORN_DM4,Or59b,SUVIGLJNEAMWEG-UHFFFAOYSA-N,0.0095877925950639,"measured (DoOR consensus, normalised 0-1)"
ORN_DM4,Or59b,MOYAFQVGZZPNRA-UHFFFAOYSA-N,0.0423043388383127,"measured (DoOR consensus, normalised 0-1)"
ORN_DM4,Or59b,GRWFGVWFFZKLTI-UHFFFAOYSA-N,0.014883495464469,"measured (DoOR consensus, normalised 0-1)"
ORN_DM4,Or59b,WTARULDDTDQWMU-UHFFFAOYSA-N,0.0067584044808882,"measured (DoOR consensus, normalised 0-1)"
ORN_DM4,Or59b,BQOFWKZOCNGFEC-UHFFFAOYSA-N,0.0067584044808882,"measured (DoOR consensus, normalised 0-1)"
ORN_DM4,Or59b,XMGQYMWWDOXHJM-UHFFFAOYSA-N,0.0057219293843416,"measured (DoOR consensus, normalised 0-1)"
ORN_DM4,Or59b,FAMPSKZZVDUYOS-HRGUGZIWSA-N,0.0105533890189172,"measured (DoOR consensus, normalised 0-1)"
ORN_DM4,Or59b,UAHWPYUMFXYFJY-UHFFFAOYSA-N,0.0057219293843416,"measured (DoOR consensus, normalised 0-1)"
ORN_DM4,Or59b,NPNUFJAVOOONJE-GFUGXAQUSA-N,0.0423043388383127,"measured (DoOR consensus, normalised 0-1)"
ORN_DM4,Or59b,HFPZCAJZSCWRBC-UHFFFAOYSA-N,0.0105533890189172,"measured (DoOR consensus, normalised 0-1)"
ORN_DM4,Or59b,HIGQPQRQIQDZMP-DHZHZOJOSA-N,0.0615411539354796,"measured (DoOR consensus, normalised 0-1)"
ORN_DM4,Or59b,WUOACPNHFRMFPN-SECBINFHSA-N,0.0029541110494026,"measured (DoOR consensus, normalised 0-1)"
ORN_DM4,Or59b,GLZPCOQZEFWAFX-JXMROGBWSA-N,0.013998500187705,"measured (DoOR consensus, normalised 0-1)"
ORN_DM4,Or59b,GLZPCOQZEFWAFX-YFHOEESVSA-N,0.0029541110494026,"measured (DoOR consensus, normalised 0-1)"
ORN_DM4,Or59b,CDOSHBSSFJOMGT-UHFFFAOYSA-N,0.0095741813470608,"measured (DoOR consensus, normalised 0-1)"
ORN_DM4,Or59b,QMVPMAAFGQKVCJ-SNVBAGLBSA-N,0.014185881465016,"measured (DoOR consensus, normalised 0-1)"
ORN_DM4,Or59b,BRHDDEIRQPDPMG-UHFFFAOYSA-N,0.0576337441832341,"measured (DoOR consensus, normalised 0-1)"
ORN_DM4,Or59b,RFFOTVCVTJUTAD-UHFFFAOYSA-N,0.0371710673092688,"measured (DoOR consensus, normalised 0-1)"
ORN_DM4,Or59b,XMGQYMWWDOXHJM-JTQLQIEISA-N,0.0460808480667164,"measured (DoOR consensus, normalised 0-1)"
ORN_DM4,Or59b,IKHGUXGNUITLKF-UHFFFAOYSA-N,0.068903111299174,"measured (DoOR consensus, normalised 0-1)"
ORN_DM4,Or59b,NBBJYMSMWIIQGU-UHFFFAOYSA-N,0.073644842539113,"measured (DoOR consensus, normalised 0-1)"
ORN_DM4,Or59b,ZTQSAGDEMFDKMZ-UHFFFAOYSA-N,0.0337891649116392,"measured (DoOR consensus, normalised 0-1)"
ORN_DM4,Or59b,HGBOYTHUEUWSSQ-UHFFFAOYSA-N,0.0395496979591572,"measured (DoOR consensus, normalised 0-1)"
ORN_DM4,Or59b,JARKCYVAAOWBJS-UHFFFAOYSA-N,0.0551892760329006,"measured (DoOR consensus, normalised 0-1)"
ORN_DM4,Or59b,MBDOYVRWFFCFHM-SNAWJCMRSA-N,0.0399162670615621,"measured (DoOR consensus, normalised 0-1)"
ORN_DM4,Or59b,HYBBIBNJHNGZAN-UHFFFAOYSA-N,0.128859127630269,"measured (DoOR consensus, normalised 0-1)"
ORN_DM4,Or59b,HGINCPLSRVDWNT-UHFFFAOYSA-N,0.0600452394283741,"measured (DoOR consensus, normalised 0-1)"
ORN_DM4,Or59b,LVBXEMGDVWVTGY-VOTSOKGWSA-N,0.0417352114791993,"measured (DoOR consensus, normalised 0-1)"
ORN_DM4,Or59b,GYHFUZHODSMOHU-UHFFFAOYSA-N,0.0323352232684614,"measured (DoOR consensus, normalised 0-1)"
ORN_DM4,Or59b,CSCPPACGZOOCGX-UHFFFAOYSA-N,0.310836637563655,"measured (DoOR consensus, normalised 0-1)"
ORN_DM4,Or59b,ZWEHNKRNPOVVGH-UHFFFAOYSA-N,0.442377206358735,"measured (DoOR consensus, normalised 0-1)"
ORN_DM4,Or59b,XNLICIUVMPYHGG-UHFFFAOYSA-N,0.150969500187616,"measured (DoOR consensus, normalised 0-1)"
ORN_DM4,Or59b,CATSNJVOTSVZJV-UHFFFAOYSA-N,0.0673304211412242,"measured (DoOR consensus, normalised 0-1)"
ORN_DM4,Or59b,UHEPJGULSIKKTP-UHFFFAOYSA-N,0.0337620228401905,"measured (DoOR consensus, normalised 0-1)"
ORN_DM4,Or59b,QSJXEFYPDANLFS-UHFFFAOYSA-N,0.341401090061048,"measured (DoOR consensus, normalised 0-1)"
ORN_DM4,Or59b,JHIVVAPYMSGYDF-UHFFFAOYSA-N,0.0159815805658132,"measured (DoOR consensus, normalised 0-1)"
ORN_DM4,Or59b,WRMNZCZEMHIOCP-UHFFFAOYSA-N,0.0157274381014439,"measured (DoOR consensus, normalised 0-1)"
ORN_DM4,Or59b,WVDDGKGOMKODPV-UHFFFAOYSA-N,0.0476136721647443,"measured (DoOR consensus, normalised 0-1)"
ORN_DM4,Or59b,OSWPMRLSEDHDFF-UHFFFAOYSA-N,0.0214425852509129,"measured (DoOR consensus, normalised 0-1)"
ORN_DM4,Or59b,QPJVMBTYPHYUOC-UHFFFAOYSA-N,0.0090202872531999,"measured (DoOR consensus, normalised 0-1)"
ORN_DM4,Or59b,MTZQAGJQAFMTAQ-UHFFFAOYSA-N,0.0057219293843416,"measured (DoOR consensus, normalised 0-1)"
ORN_DM4,Or59b,MDHYEMXUFSJLGV-UHFFFAOYSA-N,0.0939895664152477,"measured (DoOR consensus, normalised 0-1)"
ORN_DM4,Or59b,HUMNYLRZRPPJDN-UHFFFAOYSA-N,0.0281018769327448,"measured (DoOR consensus, normalised 0-1)"
ORN_DM4,Or59b,DTUQWGWMVIHBKE-UHFFFAOYSA-N,0.0272994581690035,"measured (DoOR consensus, normalised 0-1)"
ORN_DM4,Or59b,KWOLFJPFCHCOCG-UHFFFAOYSA-N,0.0197829010127339,"measured (DoOR consensus, normalised 0-1)"
ORN_DM4,Or59b,KBEBGUQPQBELIU-CMDGGOBGSA-N,0.0090202872531999,"measured (DoOR consensus, normalised 0-1)"
ORN_DM4,Or59b,QWVGKYWNOKOFNN-UHFFFAOYSA-N,0.023914532323809,"measured (DoOR consensus, normalised 0-1)"
ORN_DM4,Or59b,CHWNEIVBYREQRF-UHFFFAOYSA-N,0.0242969225270646,"measured (DoOR consensus, normalised 0-1)"
ORN_DM4,Or59b,RRAFCDWBNXTKKO-UHFFFAOYSA-N,0.0647833577064586,"measured (DoOR consensus, normalised 0-1)"
ORN_DM4,Or59b,WTWBUQJHJGUZCY-UHFFFAOYSA-N,0.0460808480667164,"measured (DoOR consensus, normalised 0-1)"
ORN_DM4,Or59b,ZYEMGPIYFIJGTP-UHFFFAOYSA-N,0.0502477809888119,"measured (DoOR consensus, normalised 0-1)"
ORN_DM4,Or59b,IWDCLRJOBJJRNH-UHFFFAOYSA-N,0.0381674377745261,"measured (DoOR consensus, normalised 0-1)"
ORN_DM4,Or59b,OKKJLVBELUTLKV-UHFFFAOYSA-N,0.0576337441832341,"measured (DoOR consensus, normalised 0-1)"
ORN_DM4,Or59b,LFQSCWFLJHTTHZ-UHFFFAOYSA-N,0.0449894585249706,"measured (DoOR consensus, normalised 0-1)"
ORN_DM4,Or59b,BDERNNFJNOPAEC-UHFFFAOYSA-N,0.0423043388383127,"measured (DoOR consensus, normalised 0-1)"
ORN_DM4,Or59b,LRHPLDYGYMQRHN-UHFFFAOYSA-N,0.108049018643169,"measured (DoOR consensus, normalised 0-1)"
ORN_DM4,Or59b,AMQJEAYHLZJPGS-UHFFFAOYSA-N,0.13985515417127,"measured (DoOR consensus, normalised 0-1)"
ORN_DM4,Or59b,ZSIAUFGUXNUGDI-UHFFFAOYSA-N,0.069328118747393,"measured (DoOR consensus, normalised 0-1)"
ORN_DM4,Or59b,KBPLFHHGFOOTCA-UHFFFAOYSA-N,0.0036492964470187,"measured (DoOR consensus, normalised 0-1)"
ORN_DM4,Or59b,JYVLIDXNZAXMDK-UHFFFAOYSA-N,0.10489451928047,"measured (DoOR consensus, normalised 0-1)"
ORN_DM4,Or59b,PHTQWCKDNZKARW-UHFFFAOYSA-N,0.0668684859478996,"measured (DoOR consensus, normalised 0-1)"
ORN_DM4,Or59b,ASUAYTHWZCLXAN-UHFFFAOYSA-N,0.0762595164180458,"measured (DoOR consensus, normalised 0-1)"
ORN_DM4,Or59b,VHVMXWZXFBOANQ-UHFFFAOYSA-N,0.10489451928047,"measured (DoOR consensus, normalised 0-1)"
ORN_DM4,Or59b,VSMOENVRRABVKN-UHFFFAOYSA-N,0.0338017480304811,"measured (DoOR consensus, normalised 0-1)"
ORN_DM4,Or59b,ZCHHRLHTBGRGOT-SNAWJCMRSA-N,0.0534619791360124,"measured (DoOR consensus, normalised 0-1)"
ORN_DM4,Or59b,ZCHHRLHTBGRGOT-PLNGDYQASA-N,0.0735301935370622,"measured (DoOR consensus, normalised 0-1)"
ORN_DM4,Or59b,UFLHIIWVXFIJGU-ONEGZZNKSA-N,0.0896016844932915,"measured (DoOR consensus, normalised 0-1)"
ORN_DM4,Or59b,UFLHIIWVXFIJGU-ARJAWSKDSA-N,0.111418501546975,"measured (DoOR consensus, normalised 0-1)"
ORN_DM4,Or59b,PEDCQBHIVMGVHV-UHFFFAOYSA-N,0.0067584044808882,"measured (DoOR consensus, normalised 0-1)"
ORN_DM4,Or59b,OWBTYPJTUOEWEK-UHFFFAOYSA-N,0.0367153523231021,"measured (DoOR consensus, normalised 0-1)"
ORN_DM4,Or59b,MQWCXKGKQLNYQG-UHFFFAOYSA-N,0.0542664279139335,"measured (DoOR consensus, normalised 0-1)"
ORN_DM4,Or59b,NMRPBPVERJPACX-UHFFFAOYSA-N,0.0460808480667164,"measured (DoOR consensus, normalised 0-1)"
ORN_DM4,Or59b,KXKVLQRXCPHEJC-UHFFFAOYSA-N,0.759919476080939,"measured (DoOR consensus, normalised 0-1)"
ORN_DM4,Or59b,XEKOWRVHYACXOJ-UHFFFAOYSA-N,0.604681103096436,"measured (DoOR consensus, normalised 0-1)"
ORN_DM4,Or59b,YKYONYBAUNKHLG-UHFFFAOYSA-N,0.164507365882611,"measured (DoOR consensus, normalised 0-1)"
ORN_DM4,Or59b,DKPFZGUDAPQIHT-UHFFFAOYSA-N,0.12448594399469,"measured (DoOR consensus, normalised 0-1)"
ORN_DM4,Or59b,PGMYKACGEOXYJE-UHFFFAOYSA-N,0.128513382018066,"measured (DoOR consensus, normalised 0-1)"
ORN_DM4,Or59b,AOGQPLXWSUTHQB-UHFFFAOYSA-N,0.10489451928047,"measured (DoOR consensus, normalised 0-1)"
ORN_DM4,Or59b,GJRQTCIYDGXPES-UHFFFAOYSA-N,0.115768595898774,"measured (DoOR consensus, normalised 0-1)"
ORN_DM4,Or59b,MLFHJEHSLIIPHL-UHFFFAOYSA-N,0.10147407237413,"measured (DoOR consensus, normalised 0-1)"
ORN_DM4,Or59b,HRHOWZHRCRZVCU-WAYWQWQTSA-N,0.105708359947432,"measured (DoOR consensus, normalised 0-1)"
ORN_DM4,Or59b,UUIQMZJEGPQKFD-UHFFFAOYSA-N,0.357801300098856,"measured (DoOR consensus, normalised 0-1)"
ORN_DM4,Or59b,OBNCKNCVKJNDBV-UHFFFAOYSA-N,0.119991293327746,"measured (DoOR consensus, normalised 0-1)"
ORN_DM4,Or59b,XAPCMTMQBXLDBB-UHFFFAOYSA-N,0.0157274381014439,"measured (DoOR consensus, normalised 0-1)"
ORN_DM4,Or59b,OMSUIQOIVADKIM-UHFFFAOYSA-N,0.0961765267452628,"measured (DoOR consensus, normalised 0-1)"
ORN_DM4,Or59b,FKRCODPIKNYEAC-UHFFFAOYSA-N,0.263678537561386,"measured (DoOR consensus, normalised 0-1)"
ORN_DM4,Or59b,WBJINCZRORDGAQ-UHFFFAOYSA-N,0.0785082262949584,"measured (DoOR consensus, normalised 0-1)"
ORN_DM4,Or59b,NUKZAGXMHTUAFE-UHFFFAOYSA-N,0.0157274381014439,"measured (DoOR consensus, normalised 0-1)"
ORN_DM4,Or59b,SHZIWNPUGXLXDT-UHFFFAOYSA-N,0.0029541110494026,"measured (DoOR consensus, normalised 0-1)"
ORN_DM4,Or59b,NCDCLPBOMHPFCV-UHFFFAOYSA-N,0.0275997278747651,"measured (DoOR consensus, normalised 0-1)"
ORN_DM4,Or59b,JGHZJRVDZXSNKQ-UHFFFAOYSA-N,0.0029541110494026,"measured (DoOR consensus, normalised 0-1)"
ORN_DM4,Or59b,YYZUSRORWSJGET-UHFFFAOYSA-N,0.0090202872531999,"measured (DoOR consensus, normalised 0-1)"
ORN_DM4,Or59b,RGXWDWUGBIJHDO-UHFFFAOYSA-N,0.0174606883670477,"measured (DoOR consensus, normalised 0-1)"
ORN_DM4,Or59b,ZFDIRQKJPRINOQ-HWKANZROSA-N,0.0036492964470187,"measured (DoOR consensus, normalised 0-1)"
ORN_DM4,Or59b,LZCLXQDLBQLTDK-UHFFFAOYSA-N,0.347207749696587,"measured (DoOR consensus, normalised 0-1)"
ORN_DM4,Or59b,DKMROQRQHGEIOW-UHFFFAOYSA-N,0.0026213985357457,"measured (DoOR consensus, normalised 0-1)"
ORN_DM4,Or59b,RJUFJBKOKNCXHH-UHFFFAOYSA-N,0.182545931180388,"measured (DoOR consensus, normalised 0-1)"
ORN_DM4,Or59b,SIKJAQJRHWYJAI-UHFFFAOYSA-N,0.0542664279139335,"measured (DoOR consensus, normalised 0-1)"
ORN_DM4,Or59b,HCRBXQFHJMCTLF-UHFFFAOYSA-N,0.102669366455846,"measured (DoOR consensus, normalised 0-1)"
ORN_DM4,Or59b,ICMAFTSLXCXHRK-UHFFFAOYSA-N,0.0846774912495531,"measured (DoOR consensus, normalised 0-1)"
ORN_DM4,Or59b,BTMVHUNTONAYDX-UHFFFAOYSA-N,0.0722343653118076,"measured (DoOR consensus, normalised 0-1)"
ORN_DM4,Or59b,GAEKPEKOJKCEMS-UHFFFAOYSA-N,0.0460808480667164,"measured (DoOR consensus, normalised 0-1)"
ORN_DM4,Or59b,solvent,0.0323644553790377,"measured (DoOR consensus, normalised 0-1)"
ORN_DM4,Or59b,CURLTUGMZLYLDI-UHFFFAOYSA-N,0.0456037270191465,"measured (DoOR consensus, normalised 0-1)"
ORN_DM4,Or59b,UXFSPRAGHGMRSQ-UHFFFAOYSA-N,0.0371710673092688,"measured (DoOR consensus, normalised 0-1)"
ORN_DM4,Or59b,RWRDLPDLKQPQOW-UHFFFAOYSA-N,0.0323352232684614,"measured (DoOR consensus, normalised 0-1)"
ORN_DM4,Or59b,HQABUPZFAYXKJW-UHFFFAOYSA-N,0.026147625798202,"measured (DoOR consensus, normalised 0-1)"
ORN_DM4,Or59b,QCCDLTOVEPVEJK-UHFFFAOYSA-N,0.145938797888328,"measured (DoOR consensus, normalised 0-1)"
ORN_DM4,Or59b,FWZUNOYOVVKUNF-UHFFFAOYSA-N,0.16400344730963,"measured (DoOR consensus, normalised 0-1)"
ORN_DM4,Or59b,QNVRIHYSUZMSGM-ZCFIWIBFSA-N,0.106571198491108,"measured (DoOR consensus, normalised 0-1)"
ORN_DM4,Or59b,MEIRRNXMZYDVDW-MQQKCMAXSA-N,0.0340317986214629,"measured (DoOR consensus, normalised 0-1)"
ORN_DM4,Or59b,YSNWHRKJEKWJNY-UHFFFAOYSA-N,0.0837221610995573,"measured (DoOR consensus, normalised 0-1)"
ORN_DM4,Or59b,CETWDUZRCINIHU-ZETCQYMHSA-N,0.0780024892357616,"measured (DoOR consensus, normalised 0-1)"
ORN_DM4,Or59b,GMEONFUTDYJSNV-UHFFFAOYSA-N,0.0722343653118076,"measured (DoOR consensus, normalised 0-1)"
ORN_DM4,Or59b,JIGUQPWFLRLWPJ-UHFFFAOYSA-N,0.118239431003508,"measured (DoOR consensus, normalised 0-1)"
ORN_DM4,Or59b,BHIWKHZACMWKOJ-UHFFFAOYSA-N,0.505379343433313,"measured (DoOR consensus, normalised 0-1)"
ORN_DM4,Or59b,WYACBZDAHNBPPB-UHFFFAOYSA-N,0.0894185133674074,"measured (DoOR consensus, normalised 0-1)"
ORN_DM4,Or59b,ZKQDCIXGCQPQNV-UHFFFAOYSA-N,0.0021963917737344,"measured (DoOR consensus, normalised 0-1)"
ORN_DM4,Or59b,CRVGTESFCCXCTH-UHFFFAOYSA-N,0.0030342355188588,"measured (DoOR consensus, normalised 0-1)"
ORN_DM4,Or59b,AKNUHUCEWALCOI-UHFFFAOYSA-O,0.0026082152313096,"measured (DoOR consensus, normalised 0-1)"
ORN_DM4,Or59b,OSPSWZSRKYCQPF-UHFFFAOYSA-N,0.0072362495851139,"measured (DoOR consensus, normalised 0-1)"
ORN_DM4,Or59b,BDZBKCUKTQZUTL-UHFFFAOYSA-N,0.0016472938303008,"measured (DoOR consensus, normalised 0-1)"
ORN_DM4,Or59b,DWCLXOREGBLXTD-UHFFFAOYSA-N,0.0102500216840225,"measured (DoOR consensus, normalised 0-1)"
ORN_DM4,Or59b,YIWUKEYIRIRTPP-UHFFFAOYSA-N,0.0021963917737344,"measured (DoOR consensus, normalised 0-1)"
ORN_DM4,Or59b,VKYKSIONXSXAKP-UHFFFAOYSA-N,0.0032010706343833,"measured (DoOR consensus, normalised 0-1)"
ORN_DM4,Or59b,MHAJPDPJQMAIIY-UHFFFAOYSA-N,0.0039377167420115,"measured (DoOR consensus, normalised 0-1)"
ORN_DM4,Or59b,GRYLNZFGIOXLOG-UHFFFAOYSA-N,0.0048916311116885,"measured (DoOR consensus, normalised 0-1)"
ORN_DM4,Or59b,LYGJENNIWJXYER-UHFFFAOYSA-N,0.0691827907728989,"measured (DoOR consensus, normalised 0-1)"
ORN_DM4,Or59b,WFDIJRYMOXRFFG-UHFFFAOYSA-N,0.004233387845818,"measured (DoOR consensus, normalised 0-1)"
ORN_DM4,Or59b,ZHNUHDYFZUAESO-UHFFFAOYSA-N,0.0033679057499079,"measured (DoOR consensus, normalised 0-1)"
ORN_DM4,Or59b,WGSVFWFSJDAYBM-BQYQJAHWSA-N,0.0028827642030264,"measured (DoOR consensus, normalised 0-1)"
ORN_DM4,Or59b,ZMQAAUBTXCXRIC-UHFFFAOYSA-N,0.0048916311116885,"measured (DoOR consensus, normalised 0-1)"
ORN_DM4,Or59b,FHIVAFMUCKRCQO-UHFFFAOYSA-N,0.0032010706343833,"measured (DoOR consensus, normalised 0-1)"
ORN_DM4,Or59b,RDYMFSUJUZBWLH-UHFFFAOYSA-N,0.0001372744858584,"measured (DoOR consensus, normalised 0-1)"
ORN_DM4,Or59b,YLMGFJXSLBMXHK-UHFFFAOYSA-M,0.0028827642030264,"measured (DoOR consensus, normalised 0-1)"
ORN_DM4,Or59b,BAZAXWOYCMUHIX-UHFFFAOYSA-M,0.021840400046828,"measured (DoOR consensus, normalised 0-1)"
ORN_DM4,Or59b,RWSOTUBLDIXVET-UHFFFAOYSA-N,0.0004118234575752,"measured (DoOR consensus, normalised 0-1)"
ORN_DM4,Or59b,XTFIVUDBNACUBN-UHFFFAOYSA-N,0.0,"measured (DoOR consensus, normalised 0-1)"
ORN_DM4,Or59b,HMWPNDNFTFSCEB-UHFFFAOYSA-N,0.0021963917737344,"measured (DoOR consensus, normalised 0-1)"
ORN_DM4,Or59b,SNIOPGDIGTZGOP-UHFFFAOYSA-N,0.004233387845818,"measured (DoOR consensus, normalised 0-1)"
ORN_DM4,Or59b,TZRXHJWUDPFEEY-UHFFFAOYSA-N,0.0072362495851139,"measured (DoOR consensus, normalised 0-1)"
ORN_DM4,Or59b,ZTLXICJMNFREPA-UHFFFAOYSA-N,0.0048916311116885,"measured (DoOR consensus, normalised 0-1)"
ORN_DM4,Or59b,SPSSULHKWOKEEL-UHFFFAOYSA-N,0.0072362495851139,"measured (DoOR consensus, normalised 0-1)"
ORN_VC2,Or71a,XLYOFNOQVPJJNP-UHFFFAOYSA-N,0.0212483018566987,"measured (DoOR consensus, normalised 0-1)"
ORN_VC2,Or71a,VHUUQVKOLVNVRT-UHFFFAOYSA-N,0.021674134859227,"measured (DoOR consensus, normalised 0-1)"
ORN_VC2,Or71a,KIDHWZJUCRJVML-UHFFFAOYSA-N,0.0362064678768455,"measured (DoOR consensus, normalised 0-1)"
ORN_VC2,Or71a,FERIUCNNQQJTOY-UHFFFAOYSA-N,0.0550708930611079,"measured (DoOR consensus, normalised 0-1)"
ORN_VC2,Or71a,GWYFCOCPABKNJV-UHFFFAOYSA-N,0.136701046901415,"measured (DoOR consensus, normalised 0-1)"
ORN_VC2,Or71a,CZUGFKJYCPYHHV-UHFFFAOYSA-N,0.0693183590468595,"measured (DoOR consensus, normalised 0-1)"
ORN_VC2,Or71a,GRWFGVWFFZKLTI-UHFFFAOYSA-N,0.0693183590468595,"measured (DoOR consensus, normalised 0-1)"
ORN_VC2,Or71a,FAMPSKZZVDUYOS-HRGUGZIWSA-N,0.0452640236636659,"measured (DoOR consensus, normalised 0-1)"
ORN_VC2,Or71a,HFPZCAJZSCWRBC-UHFFFAOYSA-N,0.0938253314330725,"measured (DoOR consensus, normalised 0-1)"
ORN_VC2,Or71a,HIGQPQRQIQDZMP-DHZHZOJOSA-N,0.0220999678617554,"measured (DoOR consensus, normalised 0-1)"
ORN_VC2,Or71a,WUOACPNHFRMFPN-SECBINFHSA-N,0.0385422811772934,"measured (DoOR consensus, normalised 0-1)"
ORN_VC2,Or71a,GLZPCOQZEFWAFX-YFHOEESVSA-N,0.0118613566442262,"measured (DoOR consensus, normalised 0-1)"
ORN_VC2,Or71a,WTEVQBCEXWBHNA-JXMROGBWSA-N,0.0999451828051077,"measured (DoOR consensus, normalised 0-1)"
ORN_VC2,Or71a,LHXDLQBQYFFVNW-OIBJUYFYSA-N,0.030209685742807,"measured (DoOR consensus, normalised 0-1)"
ORN_VC2,Or71a,NFLGAXVYCFJBMK-BDAKNGLRSA-N,0.0469450893698566,"measured (DoOR consensus, normalised 0-1)"
ORN_VC2,Or71a,GRWFGVWFFZKLTI-RKDXNWHRSA-N,0.0585597145596423,"measured (DoOR consensus, normalised 0-1)"
ORN_VC2,Or71a,CRDAMVZIKSXKFV-YFVJMOTDSA-N,0.136701046901415,"measured (DoOR consensus, normalised 0-1)"
ORN_VC2,Or71a,NBBJYMSMWIIQGU-UHFFFAOYSA-N,0.0263480982941638,"measured (DoOR consensus, normalised 0-1)"
ORN_VC2,Or71a,MBDOYVRWFFCFHM-SNAWJCMRSA-N,0.036544547231287,"measured (DoOR consensus, normalised 0-1)"
ORN_VC2,Or71a,CSCPPACGZOOCGX-UHFFFAOYSA-N,0.0294066851311204,"measured (DoOR consensus, normalised 0-1)"
ORN_VC2,Or71a,ZWEHNKRNPOVVGH-UHFFFAOYSA-N,0.0993536882730018,"measured (DoOR consensus, normalised 0-1)"
ORN_VC2,Or71a,CATSNJVOTSVZJV-UHFFFAOYSA-N,0.0754152580875693,"measured (DoOR consensus, normalised 0-1)"
ORN_VC2,Or71a,UHEPJGULSIKKTP-UHFFFAOYSA-N,0.0325487668054639,"measured (DoOR consensus, normalised 0-1)"
ORN_VC2,Or71a,QSJXEFYPDANLFS-UHFFFAOYSA-N,0.0495601811887407,"measured (DoOR consensus, normalised 0-1)"
ORN_VC2,Or71a,JHIVVAPYMSGYDF-UHFFFAOYSA-N,0.0296583009120814,"measured (DoOR consensus, normalised 0-1)"
ORN_VC2,Or71a,WRMNZCZEMHIOCP-UHFFFAOYSA-N,0.204092923721995,"measured (DoOR consensus, normalised 0-1)"
ORN_VC2,Or71a,OSWPMRLSEDHDFF-UHFFFAOYSA-N,0.498139836492454,"measured (DoOR consensus, normalised 0-1)"
ORN_VC2,Or71a,QPJVMBTYPHYUOC-UHFFFAOYSA-N,0.308231475672858,"measured (DoOR consensus, normalised 0-1)"
ORN_VC2,Or71a,MTZQAGJQAFMTAQ-UHFFFAOYSA-N,0.216341815432089,"measured (DoOR consensus, normalised 0-1)"
ORN_VC2,Or71a,MDHYEMXUFSJLGV-UHFFFAOYSA-N,0.0631893187088002,"measured (DoOR consensus, normalised 0-1)"
ORN_VC2,Or71a,HUMNYLRZRPPJDN-UHFFFAOYSA-N,0.0556103043162239,"measured (DoOR consensus, normalised 0-1)"
ORN_VC2,Or71a,KWOLFJPFCHCOCG-UHFFFAOYSA-N,0.0815672507569539,"measured (DoOR consensus, normalised 0-1)"
ORN_VC2,Or71a,QWVGKYWNOKOFNN-UHFFFAOYSA-N,0.69832820751641,"measured (DoOR consensus, normalised 0-1)"
ORN_VC2,Or71a,CHWNEIVBYREQRF-UHFFFAOYSA-N,0.81849181858552,"measured (DoOR consensus, normalised 0-1)"
ORN_VC2,Or71a,RRAFCDWBNXTKKO-UHFFFAOYSA-N,0.76036889893331,"measured (DoOR consensus, normalised 0-1)"
ORN_VC2,Or71a,LHGVFZTZFXWLCP-UHFFFAOYSA-N,0.73098074074872,"measured (DoOR consensus, normalised 0-1)"
ORN_VC2,Or71a,WTWBUQJHJGUZCY-UHFFFAOYSA-N,0.118323114853261,"measured (DoOR consensus, normalised 0-1)"
ORN_VC2,Or71a,RDOXTESZEPMUJZ-UHFFFAOYSA-N,0.118323114853261,"measured (DoOR consensus, normalised 0-1)"
ORN_VC2,Or71a,ZYEMGPIYFIJGTP-UHFFFAOYSA-N,0.802818134220405,"measured (DoOR consensus, normalised 0-1)"
ORN_VC2,Or71a,SUSQOBVLVYHIEX-UHFFFAOYSA-N,0.0165435053459246,"measured (DoOR consensus, normalised 0-1)"
ORN_VC2,Or71a,BJIOGJUNALELMI-ONEGZZNKSA-N,0.744041817851225,"measured (DoOR consensus, normalised 0-1)"
ORN_VC2,Or71a,IWDCLRJOBJJRNH-UHFFFAOYSA-N,0.670697027155511,"measured (DoOR consensus, normalised 0-1)"
ORN_VC2,Or71a,HXDOZKJGKXYMEW-UHFFFAOYSA-N,0.737511769102609,"measured (DoOR consensus, normalised 0-1)"
ORN_VC2,Or71a,QUKGYYKBILRGFE-UHFFFAOYSA-N,0.057069467336765,"measured (DoOR consensus, normalised 0-1)"
ORN_VC2,Or71a,KLSLBUSXWBJMEC-UHFFFAOYSA-N,0.271306071581539,"measured (DoOR consensus, normalised 0-1)"
ORN_VC2,Or71a,MWOOGOJBHIARFG-UHFFFAOYSA-N,0.118323114853261,"measured (DoOR consensus, normalised 0-1)"
ORN_VC2,Or71a,LRHPLDYGYMQRHN-UHFFFAOYSA-N,0.0551650912415683,"measured (DoOR consensus, normalised 0-1)"
ORN_VC2,Or71a,ZSIAUFGUXNUGDI-UHFFFAOYSA-N,0.148959127577534,"measured (DoOR consensus, normalised 0-1)"
ORN_VC2,Or71a,PHTQWCKDNZKARW-UHFFFAOYSA-N,0.0999451828051077,"measured (DoOR consensus, normalised 0-1)"
ORN_VC2,Or71a,VSMOENVRRABVKN-UHFFFAOYSA-N,0.120289722041003,"measured (DoOR consensus, normalised 0-1)"
ORN_VC2,Or71a,MQWCXKGKQLNYQG-UHFFFAOYSA-N,0.113798225345937,"measured (DoOR consensus, normalised 0-1)"
ORN_VC2,Or71a,NMRPBPVERJPACX-UHFFFAOYSA-N,0.0400458712851348,"measured (DoOR consensus, normalised 0-1)"
ORN_VC2,Or71a,ZXEKIIBDNHEJCQ-UHFFFAOYSA-N,0.0631893187088002,"measured (DoOR consensus, normalised 0-1)"
ORN_VC2,Or71a,XEKOWRVHYACXOJ-UHFFFAOYSA-N,0.0383439052231074,"measured (DoOR consensus, normalised 0-1)"
ORN_VC2,Or71a,YKYONYBAUNKHLG-UHFFFAOYSA-N,0.0693183590468595,"measured (DoOR consensus, normalised 0-1)"
ORN_VC2,Or71a,MLFHJEHSLIIPHL-UHFFFAOYSA-N,0.0590988966805313,"measured (DoOR consensus, normalised 0-1)"
ORN_VC2,Or71a,OBNCKNCVKJNDBV-UHFFFAOYSA-N,0.0761909484719389,"measured (DoOR consensus, normalised 0-1)"
ORN_VC2,Or71a,RPRPDTXKGSIXMD-UHFFFAOYSA-N,0.0452640236636659,"measured (DoOR consensus, normalised 0-1)"
ORN_VC2,Or71a,SIKJAQJRHWYJAI-UHFFFAOYSA-N,0.0311514934130787,"measured (DoOR consensus, normalised 0-1)"
ORN_VC2,Or71a,XUPYJHCZDLZNFP-UHFFFAOYSA-N,0.0754473993849188,"measured (DoOR consensus, normalised 0-1)"
ORN_VC2,Or71a,ICMAFTSLXCXHRK-UHFFFAOYSA-N,0.0186984036379661,"measured (DoOR consensus, normalised 0-1)"
ORN_VC2,Or71a,HTUIWRWYYVBCFT-UHFFFAOYSA-N,0.106074223143167,"measured (DoOR consensus, normalised 0-1)"
ORN_VC2,Or71a,VUPBIVVRPJDWNW-FNORWQNLSA-N,0.13058119552938,"measured (DoOR consensus, normalised 0-1)"
ORN_VC2,Or71a,GAEKPEKOJKCEMS-UHFFFAOYSA-N,0.040223346883484,"measured (DoOR consensus, normalised 0-1)"
ORN_VC2,Or71a,solvent,0.0618813637504645,"measured (DoOR consensus, normalised 0-1)"
ORN_VC2,Or71a,RWRDLPDLKQPQOW-UHFFFAOYSA-N,0.0435829579574752,"measured (DoOR consensus, normalised 0-1)"
ORN_VC2,Or71a,QSZKEDWVAOAFQY-HJWRWDBZSA-N,0.0522589029332892,"measured (DoOR consensus, normalised 0-1)"
ORN_VC2,Or71a,VLKZOEOYAKHREP-UHFFFAOYSA-N,0.106074223143167,"measured (DoOR consensus, normalised 0-1)"
ORN_VC2,Or71a,FEXQDZTYJVXMOS-UHFFFAOYSA-N,0.185714991673841,"measured (DoOR consensus, normalised 0-1)"
ORN_VC2,Or71a,HVGZQCSMLUDISR-UHFFFAOYSA-N,0.0274685189832208,"measured (DoOR consensus, normalised 0-1)"
ORN_VC2,Or71a,ISWSIDIOOBJBQZ-UHFFFAOYSA-N,0.0368637358094928,"measured (DoOR consensus, normalised 0-1)"
ORN_VC2,Or71a,MLLAPOCBLWUFAP-UHFFFAOYSA-N,0.0335016043971115,"measured (DoOR consensus, normalised 0-1)"
ORN_VC2,Or71a,NGDNVOAEIVQRFH-UHFFFAOYSA-N,0.204092923721995,"measured (DoOR consensus, normalised 0-1)"
ORN_VC2,Or71a,PQLMXFQTAMDXIZ-UHFFFAOYSA-N,0.040223346883484,"measured (DoOR consensus, normalised 0-1)"
ORN_VC2,Or71a,RHLVCLIPMVJYKS-UHFFFAOYSA-N,0.0469450893698566,"measured (DoOR consensus, normalised 0-1)"
ORN_VC2,Or71a,UDEWPOVQBGFNGE-UHFFFAOYSA-N,0.124452155191321,"measured (DoOR consensus, normalised 0-1)"
ORN_VC2,Or71a,XDEGQMQKHFPBEW-VMPITWQZSA-N,0.0631893187088002,"measured (DoOR consensus, normalised 0-1)"
ORN_VC2,Or71a,XVSZRAWFCDHCBP-UHFFFAOYSA-N,0.271475611576551,"measured (DoOR consensus, normalised 0-1)"
ORN_VC2,Or71a,YOMSJEATGXXYPX-UHFFFAOYSA-N,0.740123396759946,"measured (DoOR consensus, normalised 0-1)"
ORN_VC2,Or71a,ZOIRKXLFEHOVER-UHFFFAOYSA-N,0.0968852571190901,"measured (DoOR consensus, normalised 0-1)"
ORN_VC2,Or71a,KYQCOXFCLRTKLS-UHFFFAOYSA-N,0.0616996539083232,"measured (DoOR consensus, normalised 0-1)"
ORN_VC2,Or71a,QCCDLTOVEPVEJK-UHFFFAOYSA-N,0.0471740872812879,"measured (DoOR consensus, normalised 0-1)"
ORN_VC2,Or71a,YHQGMYUVUMAZJR-UHFFFAOYSA-N,0.0368637358094928,"measured (DoOR consensus, normalised 0-1)"
ORN_VC2,Or71a,YSNWHRKJEKWJNY-UHFFFAOYSA-N,0.0876962910950132,"measured (DoOR consensus, normalised 0-1)"
ORN_VC2,Or71a,ZKQDCIXGCQPQNV-UHFFFAOYSA-N,0.112979803707942,"measured (DoOR consensus, normalised 0-1)"
ORN_VC2,Or71a,CRVGTESFCCXCTH-UHFFFAOYSA-N,0.0178492875311281,"measured (DoOR consensus, normalised 0-1)"
ORN_VC2,Or71a,AKNUHUCEWALCOI-UHFFFAOYSA-O,0.0254989821873259,"measured (DoOR consensus, normalised 0-1)"
ORN_VC2,Or71a,OSPSWZSRKYCQPF-UHFFFAOYSA-N,0.0254989821873259,"measured (DoOR consensus, normalised 0-1)"
ORN_VC2,Or71a,BDZBKCUKTQZUTL-UHFFFAOYSA-N,0.0229490839685933,"measured (DoOR consensus, normalised 0-1)"
ORN_VC2,Or71a,DWCLXOREGBLXTD-UHFFFAOYSA-N,0.0050997964374651,"measured (DoOR consensus, normalised 0-1)"
ORN_VC2,Or71a,YIWUKEYIRIRTPP-UHFFFAOYSA-N,0.118443393855144,"measured (DoOR consensus, normalised 0-1)"
ORN_VC2,Or71a,VKYKSIONXSXAKP-UHFFFAOYSA-N,0.0280488804060585,"measured (DoOR consensus, normalised 0-1)"
ORN_VC2,Or71a,MHAJPDPJQMAIIY-UHFFFAOYSA-N,0.0254989821873259,"measured (DoOR consensus, normalised 0-1)"
ORN_VC2,Or71a,GRYLNZFGIOXLOG-UHFFFAOYSA-N,0.0280488804060585,"measured (DoOR consensus, normalised 0-1)"
ORN_VC2,Or71a,LYGJENNIWJXYER-UHFFFAOYSA-N,0.0526578969835091,"measured (DoOR consensus, normalised 0-1)"
ORN_VC2,Or71a,WFDIJRYMOXRFFG-UHFFFAOYSA-N,0.0309065959911931,"measured (DoOR consensus, normalised 0-1)"
ORN_VC2,Or71a,ZHNUHDYFZUAESO-UHFFFAOYSA-N,0.0254989821873259,"measured (DoOR consensus, normalised 0-1)"
ORN_VC2,Or71a,WGSVFWFSJDAYBM-BQYQJAHWSA-N,0.0152993893123955,"measured (DoOR consensus, normalised 0-1)"
ORN_VC2,Or71a,ZMQAAUBTXCXRIC-UHFFFAOYSA-N,0.14588266192127,"measured (DoOR consensus, normalised 0-1)"
ORN_VC2,Or71a,FHIVAFMUCKRCQO-UHFFFAOYSA-N,0.0,"measured (DoOR consensus, normalised 0-1)"
ORN_VC2,Or71a,RDYMFSUJUZBWLH-UHFFFAOYSA-N,0.0152993893123955,"measured (DoOR consensus, normalised 0-1)"
ORN_VC2,Or71a,YLMGFJXSLBMXHK-UHFFFAOYSA-M,0.0203991857498607,"measured (DoOR consensus, normalised 0-1)"
ORN_VC2,Or71a,BAZAXWOYCMUHIX-UHFFFAOYSA-M,0.0203991857498607,"measured (DoOR consensus, normalised 0-1)"
ORN_VC2,Or71a,RWSOTUBLDIXVET-UHFFFAOYSA-N,0.0178492875311281,"measured (DoOR consensus, normalised 0-1)"
ORN_VC2,Or71a,XTFIVUDBNACUBN-UHFFFAOYSA-N,0.0101995928749304,"measured (DoOR consensus, normalised 0-1)"
ORN_VC2,Or71a,HMWPNDNFTFSCEB-UHFFFAOYSA-N,0.012749491093663,"measured (DoOR consensus, normalised 0-1)"
ORN_VC2,Or71a,SNIOPGDIGTZGOP-UHFFFAOYSA-N,0.0101995928749304,"measured (DoOR consensus, normalised 0-1)"
ORN_VC2,Or71a,TZRXHJWUDPFEEY-UHFFFAOYSA-N,0.0229490839685933,"measured (DoOR consensus, normalised 0-1)"
ORN_VC2,Or71a,ZTLXICJMNFREPA-UHFFFAOYSA-N,0.012749491093663,"measured (DoOR consensus, normalised 0-1)"
ORN_VC2,Or71a,SPSSULHKWOKEEL-UHFFFAOYSA-N,0.0203991857498607,"measured (DoOR consensus, normalised 0-1)"
ORN_VC2,Or71a,BCOXBEHFBZOJJZ-ARJAWSKDSA-N,0.0938253314330725,"measured (DoOR consensus, normalised 0-1)"
ORN_VC2,Or71a,BLRHMMGNCXNXJL-UHFFFAOYSA-N,0.0631893187088002,"measured (DoOR consensus, normalised 0-1)"
ORN_VC2,Or71a,CXENHBSYCFFKJS-VDQVFBMKSA-N,0.13058119552938,"measured (DoOR consensus, normalised 0-1)"
ORN_VC2,Or71a,DFYRUELUNQRZTB-UHFFFAOYSA-N,0.173456910997723,"measured (DoOR consensus, normalised 0-1)"
ORN_VC2,Or71a,DGVVWUTYPXICAM-UHFFFAOYSA-N,0.0876962910950132,"measured (DoOR consensus, normalised 0-1)"
ORN_VC2,Or71a,DNIAPMSPPWPWGF-UHFFFAOYSA-N,0.0631893187088002,"measured (DoOR consensus, normalised 0-1)"
ORN_VC2,Or71a,FUGYGGDSWSUORM-UHFFFAOYSA-N,0.161208019287628,"measured (DoOR consensus, normalised 0-1)"
ORN_VC2,Or71a,GDWRKZLROIFUML-UHFFFAOYSA-N,0.0938253314330725,"measured (DoOR consensus, normalised 0-1)"
ORN_VC2,Or71a,HMNKTRSOROOSPP-UHFFFAOYSA-N,0.723143898566163,"measured (DoOR consensus, normalised 0-1)"
ORN_VC2,Or71a,HRGPYCVTDOECMG-WALBABNVSA-N,0.142830087239474,"measured (DoOR consensus, normalised 0-1)"
ORN_VC2,Or71a,IHPKGUQCSIINRJ-CSKARUKUSA-N,0.0469450893698566,"measured (DoOR consensus, normalised 0-1)"
ORN_VC2,Or71a,JDQVBGQWADMTAM-UHFFFAOYSA-N,0.0452640236636659,"measured (DoOR consensus, normalised 0-1)"
ORN_VC2,Or71a,KGEKLUUHTZCSIP-UHFFFAOYSA-N,0.0300694525870142,"measured (DoOR consensus, normalised 0-1)"
ORN_VC2,Or71a,KYZHGEFMXZOSJN-UHFFFAOYSA-N,0.0876962910950132,"measured (DoOR consensus, normalised 0-1)"
ORN_VC2,Or71a,OGLDWXZKYODSOB-SNVBAGLBSA-N,0.0368637358094928,"measured (DoOR consensus, normalised 0-1)"
ORN_VC2,Or71a,QAIPRVGONGVQAS-RQOWECAXSA-N,0.0999451828051077,"measured (DoOR consensus, normalised 0-1)"
ORN_VC2,Or71a,QEBNYNLSCGVZOH-UHFFFAOYSA-N,0.0938253314330725,"measured (DoOR consensus, normalised 0-1)"
ORN_VC2,Or71a,QKNZNUNCDJZTCH-UHFFFAOYSA-N,0.0452640236636659,"measured (DoOR consensus, normalised 0-1)"
ORN_VC2,Or71a,SESFRYSPDFLNCH-UHFFFAOYSA-N,0.0693183590468595,"measured (DoOR consensus, normalised 0-1)"
ORN_VC2,Or71a,SYDNSSSQVSOXTN-UHFFFAOYSA-N,0.747307821830806,"measured (DoOR consensus, normalised 0-1)"
ORN_VC2,Or71a,VGMJYYDKPUPTID-UHFFFAOYSA-N,0.0999451828051077,"measured (DoOR consensus, normalised 0-1)"
ORN_VC2,Or71a,VONGZNXBKCOUHB-UHFFFAOYSA-N,0.0631893187088002,"measured (DoOR consensus, normalised 0-1)"
ORN_VC2,Or71a,WNJSKZBEWNVKGU-UHFFFAOYSA-N,0.0300694525870142,"measured (DoOR consensus, normalised 0-1)"
ORN_VC2,Or71a,WRFZKAGPPQGDDQ-UHFFFAOYSA-N,0.0335016043971115,"measured (DoOR consensus, normalised 0-1)"
ORN_VC2,Or71a,XCYJPXQACVEIOS-UHFFFAOYSA-N,0.0815672507569539,"measured (DoOR consensus, normalised 0-1)"
ORN_VC2,Or71a,XPFVYQJUAUNWIW-UHFFFAOYSA-N,0.197963883383936,"measured (DoOR consensus, normalised 0-1)"
ORN_VC2,Or71a,XSIFPSYPOVKYCO-UHFFFAOYSA-N,0.0938253314330725,"measured (DoOR consensus, normalised 0-1)"
ORN_VC2,Or71a,YKFLAYDHMOASIY-UHFFFAOYSA-N,0.0815672507569539,"measured (DoOR consensus, normalised 0-1)"
ORN_VC2,Or71a,YZJCDVRXBOPXSQ-UHFFFAOYSA-N,0.0435829579574752,"measured (DoOR consensus, normalised 0-1)"
ORN_VC2,Or71a,ZCTQGTTXIYCGGC-UHFFFAOYSA-N,0.106074223143167,"measured (DoOR consensus, normalised 0-1)"
ORN_VC2,Or71a,ZFRKQXVRDFCRJG-UHFFFAOYSA-N,0.0269480201192153,"measured (DoOR consensus, normalised 0-1)"
ORN_VC2,Or71a,VFPFQHQNJCMNBZ-UHFFFAOYSA-N,0.0509404269987057,"measured (DoOR consensus, normalised 0-1)"
ORN_VC2,Or71a,CBOQJANXLMLOSS-UHFFFAOYSA-N,0.387872244203532,"measured (DoOR consensus, normalised 0-1)"
ORN_VC2,Or71a,REFJWTPEDVJJIY-UHFFFAOYSA-N,0.0876962910950132,"measured (DoOR consensus, normalised 0-1)"
ORN_VC2,Or71a,NLZUEZXRPGMBCV-UHFFFAOYSA-N,0.0486236347376571,"measured (DoOR consensus, normalised 0-1)"
ORN_VC2,Or71a,KBPUBCVJHFXPOC-UHFFFAOYSA-N,0.0876962910950132,"measured (DoOR consensus, normalised 0-1)"
ORN_VC2,Or71a,YCCILVSKPBXVIP-UHFFFAOYSA-N,0.0469450893698566,"measured (DoOR consensus, normalised 0-1)"
ORN_VC2,Or71a,XEFAJZOBODPHBG-UHFFFAOYSA-N,0.0999451828051077,"measured (DoOR consensus, normalised 0-1)"
ORN_DC1,Or19a,VHUUQVKOLVNVRT-UHFFFAOYSA-N,0.0972160395118865,"measured (DoOR consensus, normalised 0-1)"
ORN_DC1,Or19a,KIDHWZJUCRJVML-UHFFFAOYSA-N,0.0806544206086686,"measured (DoOR consensus, normalised 0-1)"
ORN_DC1,Or19a,VHRGRCVQAFMJIZ-UHFFFAOYSA-N,0.0859707428371873,"measured (DoOR consensus, normalised 0-1)"
ORN_DC1,Or19a,WJYIASZWHGOTOU-UHFFFAOYSA-N,0.0377988506927807,"measured (DoOR consensus, normalised 0-1)"
ORN_DC1,Or19a,YEJRWHAVMIAJKC-UHFFFAOYSA-N,0.0830219606410761,"measured (DoOR consensus, normalised 0-1)"
ORN_DC1,Or19a,JBFHTYHTHYHCDJ-UHFFFAOYSA-N,0.105322886215607,"measured (DoOR consensus, normalised 0-1)"
ORN_DC1,Or19a,IPBFYZQJXZJBFQ-UHFFFAOYSA-N,0.112378671187681,"measured (DoOR consensus, normalised 0-1)"
ORN_DC1,Or19a,IFYYFLINQYPWGJ-UHFFFAOYSA-N,0.0634822346852659,"measured (DoOR consensus, normalised 0-1)"
ORN_DC1,Or19a,GHBSPIPJMLAMEP-UHFFFAOYSA-N,0.0639690918007066,"measured (DoOR consensus, normalised 0-1)"
ORN_DC1,Or19a,BDAGIHXWWSANSR-UHFFFAOYSA-N,0.0963124557369899,"measured (DoOR consensus, normalised 0-1)"
ORN_DC1,Or19a,QTBSBXVTEAMEQO-UHFFFAOYSA-N,0.0999537428852865,"measured (DoOR consensus, normalised 0-1)"
ORN_DC1,Or19a,XBDQKXXYIPTUBI-UHFFFAOYSA-N,0.106014772166008,"measured (DoOR consensus, normalised 0-1)"
ORN_DC1,Or19a,FERIUCNNQQJTOY-UHFFFAOYSA-N,0.115190048410346,"measured (DoOR consensus, normalised 0-1)"
ORN_DC1,Or19a,NQPDZGIKBAWPEJ-UHFFFAOYSA-N,0.156392834309746,"measured (DoOR consensus, normalised 0-1)"
ORN_DC1,Or19a,FUZZWVXGSFPDMH-UHFFFAOYSA-N,0.165186896603515,"measured (DoOR consensus, normalised 0-1)"
ORN_DC1,Or19a,MNWFXJYAOYHMED-UHFFFAOYSA-N,0.0693374017055068,"measured (DoOR consensus, normalised 0-1)"
ORN_DC1,Or19a,WWZKQHOCKIZLMA-UHFFFAOYSA-N,0.0658135041931897,"measured (DoOR consensus, normalised 0-1)"
ORN_DC1,Or19a,FBUKVWPVBMHYJY-UHFFFAOYSA-N,0.065402877598479,"measured (DoOR consensus, normalised 0-1)"
ORN_DC1,Or19a,OYHQOLUKZRVURQ-HZJYTTRNSA-N,0.0493057300258717,"measured (DoOR consensus, normalised 0-1)"
ORN_DC1,Or19a,KQNPFQTWMSNSAP-UHFFFAOYSA-N,0.110569112074025,"measured (DoOR consensus, normalised 0-1)"
ORN_DC1,Or19a,GWYFCOCPABKNJV-UHFFFAOYSA-N,0.138798191838815,"measured (DoOR consensus, normalised 0-1)"
ORN_DC1,Or19a,LCTONWCANYUPML-UHFFFAOYSA-N,0.0961186335728621,"measured (DoOR consensus, normalised 0-1)"
ORN_DC1,Or19a,OBETXYAYXDNJHR-UHFFFAOYSA-N,0.0756400242839999,"measured (DoOR consensus, normalised 0-1)"
ORN_DC1,Or19a,JVTAAEKCZFNVCJ-UHFFFAOYSA-N,0.0964063998340611,"measured (DoOR consensus, normalised 0-1)"
ORN_DC1,Or19a,CZUGFKJYCPYHHV-UHFFFAOYSA-N,0.0834416284465671,"measured (DoOR consensus, normalised 0-1)"
ORN_DC1,Or19a,QMMFVYPAHWMCMS-UHFFFAOYSA-N,0.0571289766976014,"measured (DoOR consensus, normalised 0-1)"
ORN_DC1,Or19a,ALVPFGSHPUPROW-UHFFFAOYSA-N,0.0721343863172289,"measured (DoOR consensus, normalised 0-1)"
ORN_DC1,Or19a,MOYAFQVGZZPNRA-UHFFFAOYSA-N,0.21942006375844,"measured (DoOR consensus, normalised 0-1)"
ORN_DC1,Or19a,GRWFGVWFFZKLTI-UHFFFAOYSA-N,0.145233139202145,"measured (DoOR consensus, normalised 0-1)"
ORN_DC1,Or19a,WTARULDDTDQWMU-UHFFFAOYSA-N,0.186641996676913,"measured (DoOR consensus, normalised 0-1)"
ORN_DC1,Or19a,BQOFWKZOCNGFEC-UHFFFAOYSA-N,0.484958539772041,"measured (DoOR consensus, normalised 0-1)"
ORN_DC1,Or19a,XMGQYMWWDOXHJM-UHFFFAOYSA-N,0.301472189882633,"measured (DoOR consensus, normalised 0-1)"
ORN_DC1,Or19a,FAMPSKZZVDUYOS-HRGUGZIWSA-N,0.136383684409823,"measured (DoOR consensus, normalised 0-1)"
ORN_DC1,Or19a,UAHWPYUMFXYFJY-UHFFFAOYSA-N,0.158960682887513,"measured (DoOR consensus, normalised 0-1)"
ORN_DC1,Or19a,NPNUFJAVOOONJE-GFUGXAQUSA-N,0.178725698531046,"measured (DoOR consensus, normalised 0-1)"
ORN_DC1,Or19a,HFPZCAJZSCWRBC-UHFFFAOYSA-N,0.145867336037155,"measured (DoOR consensus, normalised 0-1)"
ORN_DC1,Or19a,HIGQPQRQIQDZMP-DHZHZOJOSA-N,0.113972362039193,"measured (DoOR consensus, normalised 0-1)"
ORN_DC1,Or19a,WUOACPNHFRMFPN-SECBINFHSA-N,0.284718569255309,"measured (DoOR consensus, normalised 0-1)"
ORN_DC1,Or19a,GLZPCOQZEFWAFX-JXMROGBWSA-N,0.11703745479559,"measured (DoOR consensus, normalised 0-1)"
ORN_DC1,Or19a,GLZPCOQZEFWAFX-YFHOEESVSA-N,0.148971908833112,"measured (DoOR consensus, normalised 0-1)"
ORN_DC1,Or19a,CDOSHBSSFJOMGT-UHFFFAOYSA-N,0.361631577799192,"measured (DoOR consensus, normalised 0-1)"
ORN_DC1,Or19a,QMVPMAAFGQKVCJ-SNVBAGLBSA-N,0.148915815035688,"measured (DoOR consensus, normalised 0-1)"
ORN_DC1,Or19a,BRHDDEIRQPDPMG-UHFFFAOYSA-N,0.298848979664341,"measured (DoOR consensus, normalised 0-1)"
ORN_DC1,Or19a,WEEGYLXZBRQIMU-WAAGHKOSSA-N,0.0721343863172289,"measured (DoOR consensus, normalised 0-1)"
ORN_DC1,Or19a,WTEVQBCEXWBHNA-JXMROGBWSA-N,0.151171670531539,"measured (DoOR consensus, normalised 0-1)"
ORN_DC1,Or19a,LHXDLQBQYFFVNW-OIBJUYFYSA-N,0.0857981494878163,"measured (DoOR consensus, normalised 0-1)"
ORN_DC1,Or19a,XMGQYMWWDOXHJM-JTQLQIEISA-N,0.615215055685844,"measured (DoOR consensus, normalised 0-1)"
ORN_DC1,Or19a,NFLGAXVYCFJBMK-BDAKNGLRSA-N,0.504957392732092,"measured (DoOR consensus, normalised 0-1)"
ORN_DC1,Or19a,CRDAMVZIKSXKFV-YFVJMOTDSA-N,0.0585989871101866,"measured (DoOR consensus, normalised 0-1)"
ORN_DC1,Or19a,PSQYTAPXSHCGMF-BQYQJAHWSA-N,0.162588024132775,"measured (DoOR consensus, normalised 0-1)"
ORN_DC1,Or19a,XMGQYMWWDOXHJM-SNVBAGLBSA-N,0.564326903553343,"measured (DoOR consensus, normalised 0-1)"
ORN_DC1,Or19a,IKHGUXGNUITLKF-UHFFFAOYSA-N,0.132219589758814,"measured (DoOR consensus, normalised 0-1)"
ORN_DC1,Or19a,NBBJYMSMWIIQGU-UHFFFAOYSA-N,0.0244553890996209,"measured (DoOR consensus, normalised 0-1)"
ORN_DC1,Or19a,ZTQSAGDEMFDKMZ-UHFFFAOYSA-N,0.0426529087804541,"measured (DoOR consensus, normalised 0-1)"
ORN_DC1,Or19a,HGBOYTHUEUWSSQ-UHFFFAOYSA-N,0.0685041099779022,"measured (DoOR consensus, normalised 0-1)"
ORN_DC1,Or19a,JARKCYVAAOWBJS-UHFFFAOYSA-N,0.0506950755331294,"measured (DoOR consensus, normalised 0-1)"
ORN_DC1,Or19a,MBDOYVRWFFCFHM-SNAWJCMRSA-N,0.159695824038487,"measured (DoOR consensus, normalised 0-1)"
ORN_DC1,Or19a,HYBBIBNJHNGZAN-UHFFFAOYSA-N,0.0657561382840146,"measured (DoOR consensus, normalised 0-1)"
ORN_DC1,Or19a,HGINCPLSRVDWNT-UHFFFAOYSA-N,0.0781213387334987,"measured (DoOR consensus, normalised 0-1)"
ORN_DC1,Or19a,NUJGJRNETVAIRJ-UHFFFAOYSA-N,0.131722213720268,"measured (DoOR consensus, normalised 0-1)"
ORN_DC1,Or19a,FXHGMKSSBGDXIY-UHFFFAOYSA-N,0.0242143064948761,"measured (DoOR consensus, normalised 0-1)"
ORN_DC1,Or19a,CSCPPACGZOOCGX-UHFFFAOYSA-N,0.0605484588146305,"measured (DoOR consensus, normalised 0-1)"
ORN_DC1,Or19a,ZWEHNKRNPOVVGH-UHFFFAOYSA-N,0.0759414325554937,"measured (DoOR consensus, normalised 0-1)"
ORN_DC1,Or19a,XNLICIUVMPYHGG-UHFFFAOYSA-N,0.095244956624701,"measured (DoOR consensus, normalised 0-1)"
ORN_DC1,Or19a,CATSNJVOTSVZJV-UHFFFAOYSA-N,0.375560881459289,"measured (DoOR consensus, normalised 0-1)"
ORN_DC1,Or19a,UHEPJGULSIKKTP-UHFFFAOYSA-N,0.253880305398361,"measured (DoOR consensus, normalised 0-1)"
ORN_DC1,Or19a,QSJXEFYPDANLFS-UHFFFAOYSA-N,0.141382701660393,"measured (DoOR consensus, normalised 0-1)"
ORN_DC1,Or19a,ROWKJAVDOGWPAT-UHFFFAOYSA-N,0.456896360162507,"measured (DoOR consensus, normalised 0-1)"
ORN_DC1,Or19a,QQZOPKMRPOGIEB-UHFFFAOYSA-N,0.0999469359546299,"measured (DoOR consensus, normalised 0-1)"
ORN_DC1,Or19a,PFCHFHIRKBAQGU-UHFFFAOYSA-N,0.0653713267283111,"measured (DoOR consensus, normalised 0-1)"
ORN_DC1,Or19a,JHIVVAPYMSGYDF-UHFFFAOYSA-N,0.162588024132775,"measured (DoOR consensus, normalised 0-1)"
ORN_DC1,Or19a,ZPVFWPFBNIEHGJ-UHFFFAOYSA-N,0.441174044130452,"measured (DoOR consensus, normalised 0-1)"
ORN_DC1,Or19a,VKCYHJWLYTUGCC-UHFFFAOYSA-N,0.0517759403323907,"measured (DoOR consensus, normalised 0-1)"
ORN_DC1,Or19a,NGAZZOYFWWSOGK-UHFFFAOYSA-N,0.0653713267283111,"measured (DoOR consensus, normalised 0-1)"
ORN_DC1,Or19a,WRMNZCZEMHIOCP-UHFFFAOYSA-N,0.1259958928913,"measured (DoOR consensus, normalised 0-1)"
ORN_DC1,Or19a,WVDDGKGOMKODPV-UHFFFAOYSA-N,0.0854234184868609,"measured (DoOR consensus, normalised 0-1)"
ORN_DC1,Or19a,OSWPMRLSEDHDFF-UHFFFAOYSA-N,0.114663054498736,"measured (DoOR consensus, normalised 0-1)"
ORN_DC1,Or19a,QPJVMBTYPHYUOC-UHFFFAOYSA-N,0.0773691135714926,"measured (DoOR consensus, normalised 0-1)"
ORN_DC1,Or19a,MTZQAGJQAFMTAQ-UHFFFAOYSA-N,0.1115714421605,"measured (DoOR consensus, normalised 0-1)"
ORN_DC1,Or19a,MDHYEMXUFSJLGV-UHFFFAOYSA-N,0.107934776386411,"measured (DoOR consensus, normalised 0-1)"
ORN_DC1,Or19a,HUMNYLRZRPPJDN-UHFFFAOYSA-N,0.153474460798289,"measured (DoOR consensus, normalised 0-1)"
ORN_DC1,Or19a,DTUQWGWMVIHBKE-UHFFFAOYSA-N,0.0589194753299499,"measured (DoOR consensus, normalised 0-1)"
ORN_DC1,Or19a,KWOLFJPFCHCOCG-UHFFFAOYSA-N,0.106014772166008,"measured (DoOR consensus, normalised 0-1)"
ORN_DC1,Or19a,KBEBGUQPQBELIU-CMDGGOBGSA-N,0.0644932705931203,"measured (DoOR consensus, normalised 0-1)"
ORN_DC1,Or19a,QWVGKYWNOKOFNN-UHFFFAOYSA-N,0.0777035536154408,"measured (DoOR consensus, normalised 0-1)"
ORN_DC1,Or19a,CHWNEIVBYREQRF-UHFFFAOYSA-N,0.0863715384537872,"measured (DoOR consensus, normalised 0-1)"
ORN_DC1,Or19a,RRAFCDWBNXTKKO-UHFFFAOYSA-N,0.0777035536154408,"measured (DoOR consensus, normalised 0-1)"
ORN_DC1,Or19a,SMQUZDBALVYZAC-UHFFFAOYSA-N,0.0242143064948761,"measured (DoOR consensus, normalised 0-1)"
ORN_DC1,Or19a,LHGVFZTZFXWLCP-UHFFFAOYSA-N,0.0377988506927807,"measured (DoOR consensus, normalised 0-1)"
ORN_DC1,Or19a,WTWBUQJHJGUZCY-UHFFFAOYSA-N,0.451242121036674,"measured (DoOR consensus, normalised 0-1)"
ORN_DC1,Or19a,RDOXTESZEPMUJZ-UHFFFAOYSA-N,0.0198117053139895,"measured (DoOR consensus, normalised 0-1)"
ORN_DC1,Or19a,ZYEMGPIYFIJGTP-UHFFFAOYSA-N,0.0198117053139895,"measured (DoOR consensus, normalised 0-1)"
ORN_DC1,Or19a,SUSQOBVLVYHIEX-UHFFFAOYSA-N,0.2124417582464,"measured (DoOR consensus, normalised 0-1)"
ORN_DC1,Or19a,BJIOGJUNALELMI-ONEGZZNKSA-N,0.0242143064948761,"measured (DoOR consensus, normalised 0-1)"
ORN_DC1,Or19a,IWDCLRJOBJJRNH-UHFFFAOYSA-N,0.0789291923650688,"measured (DoOR consensus, normalised 0-1)"
ORN_DC1,Or19a,HXDOZKJGKXYMEW-UHFFFAOYSA-N,0.0377988506927807,"measured (DoOR consensus, normalised 0-1)"
ORN_DC1,Or19a,KJPRLNWUNMBNBZ-QPJJXVBHSA-N,0.2124417582464,"measured (DoOR consensus, normalised 0-1)"
ORN_DC1,Or19a,QUKGYYKBILRGFE-UHFFFAOYSA-N,0.0653713267283111,"measured (DoOR consensus, normalised 0-1)"
ORN_DC1,Or19a,WPYMKLBDIGXBTP-UHFFFAOYSA-N,0.0789291923650688,"measured (DoOR consensus, normalised 0-1)"
ORN_DC1,Or19a,OKKJLVBELUTLKV-UHFFFAOYSA-N,0.0759414325554937,"measured (DoOR consensus, normalised 0-1)"
ORN_DC1,Or19a,LFQSCWFLJHTTHZ-UHFFFAOYSA-N,0.0788603576571719,"measured (DoOR consensus, normalised 0-1)"
ORN_DC1,Or19a,BDERNNFJNOPAEC-UHFFFAOYSA-N,0.111938664433705,"measured (DoOR consensus, normalised 0-1)"
ORN_DC1,Or19a,LRHPLDYGYMQRHN-UHFFFAOYSA-N,0.201962015599073,"measured (DoOR consensus, normalised 0-1)"
ORN_DC1,Or19a,AMQJEAYHLZJPGS-UHFFFAOYSA-N,0.284895216458031,"measured (DoOR consensus, normalised 0-1)"
ORN_DC1,Or19a,ZSIAUFGUXNUGDI-UHFFFAOYSA-N,0.351913316959345,"measured (DoOR consensus, normalised 0-1)"
ORN_DC1,Or19a,KBPLFHHGFOOTCA-UHFFFAOYSA-N,0.314639283522443,"measured (DoOR consensus, normalised 0-1)"
ORN_DC1,Or19a,JYVLIDXNZAXMDK-UHFFFAOYSA-N,0.260045630657562,"measured (DoOR consensus, normalised 0-1)"
ORN_DC1,Or19a,PHTQWCKDNZKARW-UHFFFAOYSA-N,0.270552391727975,"measured (DoOR consensus, normalised 0-1)"
ORN_DC1,Or19a,ASUAYTHWZCLXAN-UHFFFAOYSA-N,0.223796466053532,"measured (DoOR consensus, normalised 0-1)"
ORN_DC1,Or19a,VHVMXWZXFBOANQ-UHFFFAOYSA-N,0.236544381763708,"measured (DoOR consensus, normalised 0-1)"
ORN_DC1,Or19a,VSMOENVRRABVKN-UHFFFAOYSA-N,0.40164013344005,"measured (DoOR consensus, normalised 0-1)"
ORN_DC1,Or19a,ZCHHRLHTBGRGOT-SNAWJCMRSA-N,0.272549344666288,"measured (DoOR consensus, normalised 0-1)"
ORN_DC1,Or19a,ZCHHRLHTBGRGOT-PLNGDYQASA-N,0.298349912842818,"measured (DoOR consensus, normalised 0-1)"
ORN_DC1,Or19a,UFLHIIWVXFIJGU-ONEGZZNKSA-N,0.260256183516212,"measured (DoOR consensus, normalised 0-1)"
ORN_DC1,Or19a,UFLHIIWVXFIJGU-ARJAWSKDSA-N,0.283538767924098,"measured (DoOR consensus, normalised 0-1)"
ORN_DC1,Or19a,PEDCQBHIVMGVHV-UHFFFAOYSA-N,0.0673902590839214,"measured (DoOR consensus, normalised 0-1)"
ORN_DC1,Or19a,OWBTYPJTUOEWEK-UHFFFAOYSA-N,0.0674775681445331,"measured (DoOR consensus, normalised 0-1)"
ORN_DC1,Or19a,HPXRVTGHNJAIIH-UHFFFAOYSA-N,0.504957392732092,"measured (DoOR consensus, normalised 0-1)"
ORN_DC1,Or19a,MWKFXSUHUHTGQN-UHFFFAOYSA-N,0.131722213720268,"measured (DoOR consensus, normalised 0-1)"
ORN_DC1,Or19a,MQWCXKGKQLNYQG-UHFFFAOYSA-N,0.0517759403323907,"measured (DoOR consensus, normalised 0-1)"
ORN_DC1,Or19a,BBMCTIGTTCKYKF-UHFFFAOYSA-N,0.136263034713175,"measured (DoOR consensus, normalised 0-1)"
ORN_DC1,Or19a,NMRPBPVERJPACX-UHFFFAOYSA-N,0.473859077540008,"measured (DoOR consensus, normalised 0-1)"
ORN_DC1,Or19a,ZWRUINPWMLAQRD-UHFFFAOYSA-N,0.168920197017495,"measured (DoOR consensus, normalised 0-1)"
ORN_DC1,Or19a,CETWDUZRCINIHU-UHFFFAOYSA-N,0.0242143064948761,"measured (DoOR consensus, normalised 0-1)"
ORN_DC1,Or19a,ZXEKIIBDNHEJCQ-UHFFFAOYSA-N,0.0242143064948761,"measured (DoOR consensus, normalised 0-1)"
ORN_DC1,Or19a,KXKVLQRXCPHEJC-UHFFFAOYSA-N,0.0787516136639626,"measured (DoOR consensus, normalised 0-1)"
ORN_DC1,Or19a,XEKOWRVHYACXOJ-UHFFFAOYSA-N,0.0996164714425622,"measured (DoOR consensus, normalised 0-1)"
ORN_DC1,Or19a,YKYONYBAUNKHLG-UHFFFAOYSA-N,0.095244956624701,"measured (DoOR consensus, normalised 0-1)"
ORN_DC1,Or19a,DKPFZGUDAPQIHT-UHFFFAOYSA-N,0.226598464524481,"measured (DoOR consensus, normalised 0-1)"
ORN_DC1,Or19a,PGMYKACGEOXYJE-UHFFFAOYSA-N,0.369448849035639,"measured (DoOR consensus, normalised 0-1)"
ORN_DC1,Or19a,AOGQPLXWSUTHQB-UHFFFAOYSA-N,0.211556125805158,"measured (DoOR consensus, normalised 0-1)"
ORN_DC1,Or19a,GJRQTCIYDGXPES-UHFFFAOYSA-N,0.197993500684186,"measured (DoOR consensus, normalised 0-1)"
ORN_DC1,Or19a,MLFHJEHSLIIPHL-UHFFFAOYSA-N,0.338540790539471,"measured (DoOR consensus, normalised 0-1)"
ORN_DC1,Or19a,HRHOWZHRCRZVCU-WAYWQWQTSA-N,0.185349944559787,"measured (DoOR consensus, normalised 0-1)"
ORN_DC1,Or19a,UUIQMZJEGPQKFD-UHFFFAOYSA-N,0.0817389370096968,"measured (DoOR consensus, normalised 0-1)"
ORN_DC1,Or19a,OBNCKNCVKJNDBV-UHFFFAOYSA-N,0.219809843160418,"measured (DoOR consensus, normalised 0-1)"
ORN_DC1,Or19a,XAPCMTMQBXLDBB-UHFFFAOYSA-N,0.133240218572419,"measured (DoOR consensus, normalised 0-1)"
ORN_DC1,Or19a,OMSUIQOIVADKIM-UHFFFAOYSA-N,0.15783663071762,"measured (DoOR consensus, normalised 0-1)"
ORN_DC1,Or19a,FKRCODPIKNYEAC-UHFFFAOYSA-N,0.0873167260420289,"measured (DoOR consensus, normalised 0-1)"
ORN_DC1,Or19a,WBJINCZRORDGAQ-UHFFFAOYSA-N,0.0702425591391028,"measured (DoOR consensus, normalised 0-1)"
ORN_DC1,Or19a,NUKZAGXMHTUAFE-UHFFFAOYSA-N,0.179898148435269,"measured (DoOR consensus, normalised 0-1)"
ORN_DC1,Or19a,SHZIWNPUGXLXDT-UHFFFAOYSA-N,0.193932548875126,"measured (DoOR consensus, normalised 0-1)"
ORN_DC1,Or19a,NCDCLPBOMHPFCV-UHFFFAOYSA-N,0.0569106455511165,"measured (DoOR consensus, normalised 0-1)"
ORN_DC1,Or19a,JGHZJRVDZXSNKQ-UHFFFAOYSA-N,0.111489434091786,"measured (DoOR consensus, normalised 0-1)"
ORN_DC1,Or19a,YYZUSRORWSJGET-UHFFFAOYSA-N,0.084243907893156,"measured (DoOR consensus, normalised 0-1)"
ORN_DC1,Or19a,RGXWDWUGBIJHDO-UHFFFAOYSA-N,0.0690877207898975,"measured (DoOR consensus, normalised 0-1)"
ORN_DC1,Or19a,ZFDIRQKJPRINOQ-HWKANZROSA-N,0.114485311600531,"measured (DoOR consensus, normalised 0-1)"
ORN_DC1,Or19a,LZCLXQDLBQLTDK-UHFFFAOYSA-N,0.144019055424147,"measured (DoOR consensus, normalised 0-1)"
ORN_DC1,Or19a,DKMROQRQHGEIOW-UHFFFAOYSA-N,0.152431948397318,"measured (DoOR consensus, normalised 0-1)"
ORN_DC1,Or19a,YLYBTZIQSIBWLI-UHFFFAOYSA-N,0.0653713267283111,"measured (DoOR consensus, normalised 0-1)"
ORN_DC1,Or19a,RJUFJBKOKNCXHH-UHFFFAOYSA-N,0.080389303286291,"measured (DoOR consensus, normalised 0-1)"
ORN_DC1,Or19a,HUAZGNHGCJGYNP-UHFFFAOYSA-N,0.448415001473757,"measured (DoOR consensus, normalised 0-1)"
ORN_DC1,Or19a,RPRPDTXKGSIXMD-UHFFFAOYSA-N,0.0927869649303507,"measured (DoOR consensus, normalised 0-1)"
ORN_DC1,Or19a,SIKJAQJRHWYJAI-UHFFFAOYSA-N,0.0377988506927807,"measured (DoOR consensus, normalised 0-1)"
ORN_DC1,Or19a,MCSINKKTEDDPNK-UHFFFAOYSA-N,0.0305421274418197,"measured (DoOR consensus, normalised 0-1)"
ORN_DC1,Or19a,GQKZRWSUJHVIPE-UHFFFAOYSA-N,0.0305421274418197,"measured (DoOR consensus, normalised 0-1)"
ORN_DC1,Or19a,HCRBXQFHJMCTLF-UHFFFAOYSA-N,0.0721343863172289,"measured (DoOR consensus, normalised 0-1)"
ORN_DC1,Or19a,XUPYJHCZDLZNFP-UHFFFAOYSA-N,0.471031957977091,"measured (DoOR consensus, normalised 0-1)"
ORN_DC1,Or19a,ICMAFTSLXCXHRK-UHFFFAOYSA-N,0.300450508582337,"measured (DoOR consensus, normalised 0-1)"
ORN_DC1,Or19a,HTUIWRWYYVBCFT-UHFFFAOYSA-N,0.0377988506927807,"measured (DoOR consensus, normalised 0-1)"
ORN_DC1,Or19a,OAPHLAAOJMTMLY-GQCTYLIASA-N,0.0721343863172289,"measured (DoOR consensus, normalised 0-1)"
ORN_DC1,Or19a,VUPBIVVRPJDWNW-FNORWQNLSA-N,0.0305421274418197,"measured (DoOR consensus, normalised 0-1)"
ORN_DC1,Or19a,PPXUHEORWJQRHJ-UHFFFAOYSA-N,0.0242143064948761,"measured (DoOR consensus, normalised 0-1)"
ORN_DC1,Or19a,NPFVOOAXDOBMCE-PLNGDYQASA-N,0.0927869649303507,"measured (DoOR consensus, normalised 0-1)"
ORN_DC1,Or19a,GJQIMXVRFNLMTB-UHFFFAOYSA-N,0.0448585378350181,"measured (DoOR consensus, normalised 0-1)"
ORN_DC1,Or19a,BTMVHUNTONAYDX-UHFFFAOYSA-N,0.37417629410027,"measured (DoOR consensus, normalised 0-1)"
ORN_DC1,Or19a,GAEKPEKOJKCEMS-UHFFFAOYSA-N,0.0198117053139895,"measured (DoOR consensus, normalised 0-1)"
ORN_DC1,Or19a,OALYTRUKMRCXNH-QMMMGPOBSA-N,0.0789291923650688,"measured (DoOR consensus, normalised 0-1)"
ORN_DC1,Or19a,solvent,0.0397238997452612,"measured (DoOR consensus, normalised 0-1)"
ORN_DC1,Or19a,CURLTUGMZLYLDI-UHFFFAOYSA-N,0.0304670539188596,"measured (DoOR consensus, normalised 0-1)"
ORN_DC1,Or19a,RWRDLPDLKQPQOW-UHFFFAOYSA-N,0.107337894364587,"measured (DoOR consensus, normalised 0-1)"
ORN_DC1,Or19a,VLKZOEOYAKHREP-UHFFFAOYSA-N,0.115032254866611,"measured (DoOR consensus, normalised 0-1)"
ORN_DC1,Or19a,JLPUXFOGCDVKGO-GRYCIOLGSA-N,0.0305421274418197,"measured (DoOR consensus, normalised 0-1)"
ORN_DC1,Or19a,BHHGXPLMPWCGHP-UHFFFAOYSA-N,0.0176104047235463,"measured (DoOR consensus, normalised 0-1)"
ORN_DC1,Or19a,FEXQDZTYJVXMOS-UHFFFAOYSA-N,0.162588024132775,"measured (DoOR consensus, normalised 0-1)"
ORN_DC1,Or19a,HPNMFZURTQLUMO-UHFFFAOYSA-N,0.0242143064948761,"measured (DoOR consensus, normalised 0-1)"
ORN_DC1,Or19a,HVGZQCSMLUDISR-UHFFFAOYSA-N,0.0857981494878163,"measured (DoOR consensus, normalised 0-1)"
ORN_DC1,Or19a,ISWSIDIOOBJBQZ-UHFFFAOYSA-N,0.0377988506927807,"measured (DoOR consensus, normalised 0-1)"
ORN_DC1,Or19a,JMMWKPVZQRWMSS-UHFFFAOYSA-N,0.140996630873646,"measured (DoOR consensus, normalised 0-1)"
ORN_DC1,Or19a,KGEKLUUHTZCSIP-HOSYDEDBSA-N,0.643486251315012,"measured (DoOR consensus, normalised 0-1)"
ORN_DC1,Or19a,LFYXNXGVLGKVCJ-UHFFFAOYSA-N,0.451242121036674,"measured (DoOR consensus, normalised 0-1)"
ORN_DC1,Or19a,LGTLDEUQCOJGFP-WAYWQWQTSA-N,0.2124417582464,"measured (DoOR consensus, normalised 0-1)"
ORN_DC1,Or19a,MLLAPOCBLWUFAP-UHFFFAOYSA-N,0.0721343863172289,"measured (DoOR consensus, normalised 0-1)"
ORN_DC1,Or19a,MMOXZBCLCQITDF-UHFFFAOYSA-N,0.0517759403323907,"measured (DoOR consensus, normalised 0-1)"
ORN_DC1,Or19a,NGDNVOAEIVQRFH-UHFFFAOYSA-N,0.572808262242093,"measured (DoOR consensus, normalised 0-1)"
ORN_DC1,Or19a,NPFVOOAXDOBMCE-SNAWJCMRSA-N,0.0305421274418197,"measured (DoOR consensus, normalised 0-1)"
ORN_DC1,Or19a,OCAIYHCKLADPEG-UHFFFAOYSA-N,0.0448585378350181,"measured (DoOR consensus, normalised 0-1)"
ORN_DC1,Or19a,PCWGTDULNUVNBN-UHFFFAOYSA-N,0.0341988916399703,"measured (DoOR consensus, normalised 0-1)"
ORN_DC1,Or19a,PQLMXFQTAMDXIZ-UHFFFAOYSA-N,0.0242143064948761,"measured (DoOR consensus, normalised 0-1)"
ORN_DC1,Or19a,QUSNBJAOOMFDIB-UHFFFAOYSA-N,0.015409104133103,"measured (DoOR consensus, normalised 0-1)"
ORN_DC1,Or19a,RHLVCLIPMVJYKS-UHFFFAOYSA-N,0.151171670531539,"measured (DoOR consensus, normalised 0-1)"
ORN_DC1,Or19a,RSDDTPVXLMVLQE-UHFFFAOYSA-N,0.44558788191084,"measured (DoOR consensus, normalised 0-1)"
ORN_DC1,Or19a,UDEWPOVQBGFNGE-UHFFFAOYSA-N,0.0242143064948761,"measured (DoOR consensus, normalised 0-1)"
ORN_DC1,Or19a,WLJVXDMOQOGPHL-UHFFFAOYSA-N,0.0242143064948761,"measured (DoOR consensus, normalised 0-1)"
ORN_DC1,Or19a,XAOGXQMKWQFZEM-UHFFFAOYSA-N,0.0789291923650688,"measured (DoOR consensus, normalised 0-1)"
ORN_DC1,Or19a,XDEGQMQKHFPBEW-VMPITWQZSA-N,0.541709947050009,"measured (DoOR consensus, normalised 0-1)"
ORN_DC1,Or19a,XVSZRAWFCDHCBP-UHFFFAOYSA-N,0.0585989871101866,"measured (DoOR consensus, normalised 0-1)"
ORN_DC1,Or19a,XXIKYCPRDXIMQM-UHFFFAOYSA-N,0.0377988506927807,"measured (DoOR consensus, normalised 0-1)"
ORN_DC1,Or19a,YOMSJEATGXXYPX-UHFFFAOYSA-N,0.0789291923650688,"measured (DoOR consensus, normalised 0-1)"
ORN_DC1,Or19a,ZKPTYCJWRHHBOW-UHFFFAOYSA-N,0.0198117053139895,"measured (DoOR consensus, normalised 0-1)"
ORN_DC1,Or19a,ZOIRKXLFEHOVER-UHFFFAOYSA-N,0.0377988506927807,"measured (DoOR consensus, normalised 0-1)"
ORN_DC1,Or19a,AMTITFMUKRZZEE-WAYWQWQTSA-N,0.0088052023617731,"measured (DoOR consensus, normalised 0-1)"
ORN_DC1,Or19a,CDOSHBSSFJOMGT-JTQLQIEISA-N,0.538882827487093,"measured (DoOR consensus, normalised 0-1)"
ORN_DC1,Or19a,DPBLXKKOBLCELK-UHFFFAOYSA-N,0.0198117053139895,"measured (DoOR consensus, normalised 0-1)"
ORN_DC1,Or19a,GETQZCLCWQTVFV-UHFFFAOYSA-N,0.0517759403323907,"measured (DoOR consensus, normalised 0-1)"
ORN_DC1,Or19a,HIGQPQRQIQDZMP-FLIBITNWSA-N,0.0242143064948761,"measured (DoOR consensus, normalised 0-1)"
ORN_DC1,Or19a,HNZUNIKWNYHEJJ-FMIVXFBMSA-N,0.465377718851258,"measured (DoOR consensus, normalised 0-1)"
ORN_DC1,Or19a,HQABUPZFAYXKJW-UHFFFAOYSA-N,0.184748273632062,"measured (DoOR consensus, normalised 0-1)"
ORN_DC1,Or19a,KIPCKEJKGCXRGA-UHFFFAOYSA-N,0.479513316665841,"measured (DoOR consensus, normalised 0-1)"
ORN_DC1,Or19a,UWKAYLJWKGQEPM-UHFFFAOYSA-N,0.578462501367927,"measured (DoOR consensus, normalised 0-1)"
ORN_DC1,Or19a,WHUUTDBJXJRKMK-UHFFFAOYSA-N,0.015409104133103,"measured (DoOR consensus, normalised 0-1)"
ORN_DC1,Or19a,WTARULDDTDQWMU-IUCAKERBSA-N,0.151171670531539,"measured (DoOR consensus, normalised 0-1)"
ORN_DC1,Or19a,YHQGMYUVUMAZJR-UHFFFAOYSA-N,0.586943860056677,"measured (DoOR consensus, normalised 0-1)"
ORN_DC1,Or19a,YXFVVABEGXRONW-UHFFFAOYSA-N,0.0242143064948761,"measured (DoOR consensus, normalised 0-1)"
ORN_DC1,Or19a,FWZUNOYOVVKUNF-UHFFFAOYSA-N,0.114235410732985,"measured (DoOR consensus, normalised 0-1)"
ORN_DC1,Or19a,QNVRIHYSUZMSGM-ZCFIWIBFSA-N,0.28201490362824,"measured (DoOR consensus, normalised 0-1)"
ORN_DC1,Or19a,MEIRRNXMZYDVDW-MQQKCMAXSA-N,0.15224419337668,"measured (DoOR consensus, normalised 0-1)"
ORN_DC1,Or19a,YSNWHRKJEKWJNY-UHFFFAOYSA-N,0.362428309664912,"measured (DoOR consensus, normalised 0-1)"
ORN_DC1,Or19a,CETWDUZRCINIHU-ZETCQYMHSA-N,0.445062846865666,"measured (DoOR consensus, normalised 0-1)"
ORN_DC1,Or19a,GMEONFUTDYJSNV-UHFFFAOYSA-N,0.328099362428306,"measured (DoOR consensus, normalised 0-1)"
ORN_DC1,Or19a,JIGUQPWFLRLWPJ-UHFFFAOYSA-N,0.0560248678490556,"measured (DoOR consensus, normalised 0-1)"
ORN_DC1,Or19a,BHIWKHZACMWKOJ-UHFFFAOYSA-N,0.0538394433805397,"measured (DoOR consensus, normalised 0-1)"
ORN_DC1,Or19a,WYACBZDAHNBPPB-UHFFFAOYSA-N,0.19889683398392,"measured (DoOR consensus, normalised 0-1)"
ORN_DC1,Or19a,YIWUKEYIRIRTPP-UHFFFAOYSA-N,0.0999469359546299,"measured (DoOR consensus, normalised 0-1)"
ORN_DC1,Or19a,GZXXANJCCWGCSV-UHFFFAOYSA-N,0.0721343863172289,"measured (DoOR consensus, normalised 0-1)"
ORN_DC1,Or19a,LCZUOKDVTBMCMX-UHFFFAOYSA-N,0.0305421274418197,"measured (DoOR consensus, normalised 0-1)"
ORN_DC1,Or19a,FINHMKGKINIASC-UHFFFAOYSA-N,0.0448585378350181,"measured (DoOR consensus, normalised 0-1)"
ORN_DC1,Or19a,AFFLGGQVNFXPEV-UHFFFAOYSA-N,0.0653713267283111,"measured (DoOR consensus, normalised 0-1)"
ORN_DC1,Or19a,AIQLNKITFBJPFO-WAYWQWQTSA-N,0.0585989871101866,"measured (DoOR consensus, normalised 0-1)"
ORN_DC1,Or19a,AJKVQEKCUACUMD-UHFFFAOYSA-N,0.0892745302785701,"measured (DoOR consensus, normalised 0-1)"
ORN_DC1,Or19a,ARXJGSRGQADJSQ-UHFFFAOYSA-N,0.0242143064948761,"measured (DoOR consensus, normalised 0-1)"
ORN_DC1,Or19a,AUKVIBNBLXQNIZ-UHFFFAOYSA-N,0.0377988506927807,"measured (DoOR consensus, normalised 0-1)"
ORN_DC1,Or19a,AXISYYRBXTVTFY-UHFFFAOYSA-N,0.0305421274418197,"measured (DoOR consensus, normalised 0-1)"
ORN_DC1,Or19a,AXIUBBVSOWPLDA-UHFFFAOYSA-N,0.0857981494878163,"measured (DoOR consensus, normalised 0-1)"
ORN_DC1,Or19a,AYWJSCLAAPJZEF-UHFFFAOYSA-N,0.0305421274418197,"measured (DoOR consensus, normalised 0-1)"
ORN_DC1,Or19a,AZQWKYJCGOJGHM-UHFFFAOYSA-N,0.0653713267283111,"measured (DoOR consensus, normalised 0-1)"
ORN_DC1,Or19a,BATOPAZDIZEVQF-MQQKCMAXSA-N,0.0088052023617731,"measured (DoOR consensus, normalised 0-1)"
ORN_DC1,Or19a,BAUZLFKYYIVGPM-UHFFFAOYSA-N,0.17579274197099,"measured (DoOR consensus, normalised 0-1)"
ORN_DC1,Or19a,BCOXBEHFBZOJJZ-ARJAWSKDSA-N,0.442760762347924,"measured (DoOR consensus, normalised 0-1)"
ORN_DC1,Or19a,BGHCVCJVXZWKCC-UHFFFAOYSA-N,0.0220130059044328,"measured (DoOR consensus, normalised 0-1)"
ORN_DC1,Or19a,BGTOWKSIORTVQH-UHFFFAOYSA-N,0.0789291923650688,"measured (DoOR consensus, normalised 0-1)"
ORN_DC1,Or19a,BHNHHSOHWZKFOX-UHFFFAOYSA-N,0.0448585378350181,"measured (DoOR consensus, normalised 0-1)"
ORN_DC1,Or19a,BJQWYEJQWHSSCJ-UHFFFAOYSA-N,0.0220130059044328,"measured (DoOR consensus, normalised 0-1)"
ORN_DC1,Or19a,BLRHMMGNCXNXJL-UHFFFAOYSA-N,0.0789291923650688,"measured (DoOR consensus, normalised 0-1)"
ORN_DC1,Or19a,BMVXCPBXGZKUPN-UHFFFAOYSA-N,0.0242143064948761,"measured (DoOR consensus, normalised 0-1)"
ORN_DC1,Or19a,BNWJOHGLIBDBOB-UHFFFAOYSA-N,0.0517759403323907,"measured (DoOR consensus, normalised 0-1)"
ORN_DC1,Or19a,BOTWFXYSPFMFNR-PYDDKJGSSA-N,0.0242143064948761,"measured (DoOR consensus, normalised 0-1)"
ORN_DC1,Or19a,BQOFWKZOCNGFEC-BDAKNGLRSA-N,0.487994675354591,"measured (DoOR consensus, normalised 0-1)"
ORN_DC1,Or19a,BSYNRYMUTXBXSQ-UHFFFAOYSA-N,0.0198117053139895,"measured (DoOR consensus, normalised 0-1)"
ORN_DC1,Or19a,BTSIZIIPFNVMHF-ARJAWSKDSA-N,0.0377988506927807,"measured (DoOR consensus, normalised 0-1)"
ORN_DC1,Or19a,BWVZAZPLUTUBKD-UHFFFAOYSA-N,0.0220130059044328,"measured (DoOR consensus, normalised 0-1)"
ORN_DC1,Or19a,BXWNKGSJHAJOGX-UHFFFAOYSA-N,0.0653713267283111,"measured (DoOR consensus, normalised 0-1)"
ORN_DC1,Or19a,CBJPZHSWLMJQRI-UHFFFAOYSA-N,0.0653713267283111,"measured (DoOR consensus, normalised 0-1)"
ORN_DC1,Or19a,CCCMONHAUSKTEQ-UHFFFAOYSA-N,0.0242143064948761,"measured (DoOR consensus, normalised 0-1)"
ORN_DC1,Or19a,CDOSHBSSFJOMGT-SNVBAGLBSA-N,0.620869294811678,"measured (DoOR consensus, normalised 0-1)"
ORN_DC1,Or19a,CERQOIWHTDAKMF-UHFFFAOYSA-N,0.0242143064948761,"measured (DoOR consensus, normalised 0-1)"
ORN_DC1,Or19a,CFAKWWQIUFSQFU-UHFFFAOYSA-N,0.0377988506927807,"measured (DoOR consensus, normalised 0-1)"
ORN_DC1,Or19a,CHLICZRVGGXEOD-UHFFFAOYSA-N,0.0585989871101866,"measured (DoOR consensus, normalised 0-1)"
ORN_DC1,Or19a,CKLJMWTZIZZHCS-UHFFFAOYSA-N,0.0305421274418197,"measured (DoOR consensus, normalised 0-1)"
ORN_DC1,Or19a,CPLJMYOQYRCCBY-UHFFFAOYSA-N,0.0176104047235463,"measured (DoOR consensus, normalised 0-1)"
ORN_DC1,Or19a,CRPUJAZIXJMDBK-DTWKUNHWSA-N,0.0789291923650688,"measured (DoOR consensus, normalised 0-1)"
ORN_DC1,Or19a,CRPUJAZIXJMDBK-BDAKNGLRSA-N,0.162588024132775,"measured (DoOR consensus, normalised 0-1)"
ORN_DC1,Or19a,CTQNGGLPUBDAKN-UHFFFAOYSA-N,0.0517759403323907,"measured (DoOR consensus, normalised 0-1)"
ORN_DC1,Or19a,CXENHBSYCFFKJS-VDQVFBMKSA-N,0.0517759403323907,"measured (DoOR consensus, normalised 0-1)"
ORN_DC1,Or19a,CXWXQJXEFPUFDZ-UHFFFAOYSA-N,0.191752656353825,"measured (DoOR consensus, normalised 0-1)"
ORN_DC1,Or19a,CZASMUMJSKOHFJ-UHFFFAOYSA-N,0.0242143064948761,"measured (DoOR consensus, normalised 0-1)"
ORN_DC1,Or19a,DCAYPVUWAIABOU-UHFFFAOYSA-N,0.015409104133103,"measured (DoOR consensus, normalised 0-1)"
ORN_DC1,Or19a,DFYRUELUNQRZTB-UHFFFAOYSA-N,0.0220130059044328,"measured (DoOR consensus, normalised 0-1)"
ORN_DC1,Or19a,DGVVWUTYPXICAM-UHFFFAOYSA-N,0.0242143064948761,"measured (DoOR consensus, normalised 0-1)"
ORN_DC1,Or19a,DJOCFLQKCMWABC-UHFFFAOYSA-N,0.0377988506927807,"measured (DoOR consensus, normalised 0-1)"
ORN_DC1,Or19a,DLVYTANECMRFGX-UHFFFAOYSA-N,0.0305421274418197,"measured (DoOR consensus, normalised 0-1)"
ORN_DC1,Or19a,DNIAPMSPPWPWGF-UHFFFAOYSA-N,0.0305421274418197,"measured (DoOR consensus, normalised 0-1)"
ORN_DC1,Or19a,DSSYKIVIOFKYAU-OMNKOJBGSA-N,0.0789291923650688,"measured (DoOR consensus, normalised 0-1)"
ORN_DC1,Or19a,DSSYKIVIOFKYAU-UHFFFAOYSA-N,0.191752656353825,"measured (DoOR consensus, normalised 0-1)"
ORN_DC1,Or19a,DTGKSKDOIYIVQL-XKSSXDPKSA-N,0.0198117053139895,"measured (DoOR consensus, normalised 0-1)"
ORN_DC1,Or19a,DTGKSKDOIYIVQL-ZCUBBSJVSA-N,0.456896360162507,"measured (DoOR consensus, normalised 0-1)"
ORN_DC1,Or19a,DTGXDHGNUDOWJS-UHFFFAOYSA-N,0.0721343863172289,"measured (DoOR consensus, normalised 0-1)"
ORN_DC1,Or19a,DYLPEFGBWGEFBB-OSFYFWSMSA-N,0.719818479513763,"measured (DoOR consensus, normalised 0-1)"
ORN_DC1,Or19a,DZAUWHJDUNRCTF-UHFFFAOYSA-N,0.0305421274418197,"measured (DoOR consensus, normalised 0-1)"
ORN_DC1,Or19a,FGKJLKRYENPLQH-UHFFFAOYSA-N,0.0198117053139895,"measured (DoOR consensus, normalised 0-1)"
ORN_DC1,Or19a,FGPPDYNPZTUNIU-UHFFFAOYSA-N,0.145953695205894,"measured (DoOR consensus, normalised 0-1)"
ORN_DC1,Or19a,FHKSXSQHXQEMOK-LURJTMIESA-N,0.0927869649303507,"measured (DoOR consensus, normalised 0-1)"
ORN_DC1,Or19a,FIGVVZUWCLSUEI-UHFFFAOYSA-N,0.0721343863172289,"measured (DoOR consensus, normalised 0-1)"
ORN_DC1,Or19a,FNAZRRHPUDJQCJ-UHFFFAOYSA-N,0.0377988506927807,"measured (DoOR consensus, normalised 0-1)"
ORN_DC1,Or19a,FQTLCLSUCSAZDY-SDNWHVSQSA-N,0.140996630873646,"measured (DoOR consensus, normalised 0-1)"
ORN_DC1,Or19a,FUDNBFMOXDUIIE-JTQLQIEISA-N,0.0220130059044328,"measured (DoOR consensus, normalised 0-1)"
ORN_DC1,Or19a,FUGYGGDSWSUORM-UHFFFAOYSA-N,0.0721343863172289,"measured (DoOR consensus, normalised 0-1)"
ORN_DC1,Or19a,GDWRKZLROIFUML-UHFFFAOYSA-N,0.0927869649303507,"measured (DoOR consensus, normalised 0-1)"
ORN_DC1,Or19a,GEWDNTWNSAZUDX-WQMVXFAESA-N,0.115032254866611,"measured (DoOR consensus, normalised 0-1)"
ORN_DC1,Or19a,GHVNFZFCNZKVNT-UHFFFAOYSA-N,0.0927869649303507,"measured (DoOR consensus, normalised 0-1)"
ORN_DC1,Or19a,GJWSUKYXUMVMGX-UHFFFAOYSA-N,0.0517759403323907,"measured (DoOR consensus, normalised 0-1)"
ORN_DC1,Or19a,GLDOVTGHNKAZLK-UHFFFAOYSA-N,0.0585989871101866,"measured (DoOR consensus, normalised 0-1)"
ORN_DC1,Or19a,GRHQDJDRGZFIPO-UHFFFAOYSA-N,0.0448585378350181,"measured (DoOR consensus, normalised 0-1)"
ORN_DC1,Or19a,GWHJZXXIDMPWGX-UHFFFAOYSA-N,0.0653713267283111,"measured (DoOR consensus, normalised 0-1)"
ORN_DC1,Or19a,GXANMBISFKBPEX-ARJAWSKDSA-N,0.0927869649303507,"measured (DoOR consensus, normalised 0-1)"
ORN_DC1,Or19a,GYCKQBWUSACYIF-UHFFFAOYSA-N,0.448415001473757,"measured (DoOR consensus, normalised 0-1)"
ORN_DC1,Or19a,HFJRKMMYBMWEAD-UHFFFAOYSA-N,0.162588024132775,"measured (DoOR consensus, normalised 0-1)"
ORN_DC1,Or19a,HFLGBNBLMBSXEM-UHFFFAOYSA-N,0.0176104047235463,"measured (DoOR consensus, normalised 0-1)"
ORN_DC1,Or19a,HHVIBTZHLRERCL-UHFFFAOYSA-N,0.0242143064948761,"measured (DoOR consensus, normalised 0-1)"
ORN_DC1,Or19a,HITOXZPZGPXYHY-UJURSFKZSA-N,0.0242143064948761,"measured (DoOR consensus, normalised 0-1)"
ORN_DC1,Or19a,HLZKNKRTKFSKGZ-UHFFFAOYSA-N,0.0305421274418197,"measured (DoOR consensus, normalised 0-1)"
ORN_DC1,Or19a,HMNKTRSOROOSPP-UHFFFAOYSA-N,0.0198117053139895,"measured (DoOR consensus, normalised 0-1)"
ORN_DC1,Or19a,HMSWAIKSFDFLKN-UHFFFAOYSA-N,0.0999469359546299,"measured (DoOR consensus, normalised 0-1)"
ORN_DC1,Or19a,HNJBEVLQSNELDL-UHFFFAOYSA-N,0.0242143064948761,"measured (DoOR consensus, normalised 0-1)"
ORN_DC1,Or19a,HOWGUJZVBDQJKV-UHFFFAOYSA-N,0.115032254866611,"measured (DoOR consensus, normalised 0-1)"
ORN_DC1,Or19a,HRGPYCVTDOECMG-WALBABNVSA-N,0.660448968692512,"measured (DoOR consensus, normalised 0-1)"
ORN_DC1,Or19a,HTSABYAWKQAHBT-UHFFFAOYSA-N,0.0653713267283111,"measured (DoOR consensus, normalised 0-1)"
ORN_DC1,Or19a,HYFLWBNQFMXCPA-UHFFFAOYSA-N,0.0448585378350181,"measured (DoOR consensus, normalised 0-1)"
ORN_DC1,Or19a,IAIHUHQCLTYTSF-OYNCUSHFSA-N,0.0653713267283111,"measured (DoOR consensus, normalised 0-1)"
ORN_DC1,Or19a,IEPWIPZLLIOZLU-ONEGZZNKSA-N,0.0653713267283111,"measured (DoOR consensus, normalised 0-1)"
ORN_DC1,Or19a,IGIDLTISMCAULB-UHFFFAOYSA-N,0.0517759403323907,"measured (DoOR consensus, normalised 0-1)"
ORN_DC1,Or19a,IHPKGUQCSIINRJ-CSKARUKUSA-N,0.502130273169175,"measured (DoOR consensus, normalised 0-1)"
ORN_DC1,Or19a,IHPKGUQCSIINRJ-NTMALXAHSA-N,0.0789291923650688,"measured (DoOR consensus, normalised 0-1)"
ORN_DC1,Or19a,IOJUPLGTWVMSFF-UHFFFAOYSA-N,0.0242143064948761,"measured (DoOR consensus, normalised 0-1)"
ORN_DC1,Or19a,IPCSVZSSVZVIGE-UHFFFAOYSA-N,0.0585989871101866,"measured (DoOR consensus, normalised 0-1)"
ORN_DC1,Or19a,IRAQOCYXUMOFCW-OSFYFWSMSA-N,0.601079457871261,"measured (DoOR consensus, normalised 0-1)"
ORN_DC1,Or19a,IVSZLXZYQVIEFR-UHFFFAOYSA-N,0.0377988506927807,"measured (DoOR consensus, normalised 0-1)"
ORN_DC1,Or19a,IWTBVKIGCDZRPL-UHFFFAOYSA-N,0.0721343863172289,"measured (DoOR consensus, normalised 0-1)"
ORN_DC1,Or19a,JDQVBGQWADMTAM-UHFFFAOYSA-N,0.162588024132775,"measured (DoOR consensus, normalised 0-1)"
ORN_DC1,Or19a,JGMYDQCXGIMHLL-WAYWQWQTSA-N,0.0242143064948761,"measured (DoOR consensus, normalised 0-1)"
ORN_DC1,Or19a,JJYWRQLLQAKNAD-SNAWJCMRSA-M,0.0341988916399703,"measured (DoOR consensus, normalised 0-1)"
ORN_DC1,Or19a,JKOTZBXSNOGCIF-UHFFFAOYSA-N,0.0242143064948761,"measured (DoOR consensus, normalised 0-1)"
ORN_DC1,Or19a,JNWQKXUWZWKUAY-BAGHCZIJSA-N,0.482340436228758,"measured (DoOR consensus, normalised 0-1)"
ORN_DC1,Or19a,JRLPEMVDPFPYPJ-UHFFFAOYSA-N,0.0789291923650688,"measured (DoOR consensus, normalised 0-1)"
ORN_DC1,Or19a,JVTAAEKCZFNVCJ-REOHCLBHSA-N,0.0517759403323907,"measured (DoOR consensus, normalised 0-1)"
ORN_DC1,Or19a,KDSNLYIMUZNERS-UHFFFAOYSA-N,0.0242143064948761,"measured (DoOR consensus, normalised 0-1)"
ORN_DC1,Or19a,KEBDNKNVCHQIJU-UHFFFAOYSA-N,0.0377988506927807,"measured (DoOR consensus, normalised 0-1)"
ORN_DC1,Or19a,KFZXVMNBUMVKLN-UHFFFAOYSA-N,0.0305421274418197,"measured (DoOR consensus, normalised 0-1)"
ORN_DC1,Or19a,KGEKLUUHTZCSIP-UHFFFAOYSA-N,0.2124417582464,"measured (DoOR consensus, normalised 0-1)"
ORN_DC1,Or19a,KGWPHCDTOLQQEP-UHFFFAOYSA-N,0.0242143064948761,"measured (DoOR consensus, normalised 0-1)"
ORN_DC1,Or19a,KITGYVIOYOCIIE-PTFSRLPTSA-N,0.56715402311626,"measured (DoOR consensus, normalised 0-1)"
ORN_DC1,Or19a,KMPQYAYAQWNLME-UHFFFAOYSA-N,0.0448585378350181,"measured (DoOR consensus, normalised 0-1)"
ORN_DC1,Or19a,KRIOVPPHQSLHCZ-UHFFFAOYSA-N,0.456896360162507,"measured (DoOR consensus, normalised 0-1)"
ORN_DC1,Or19a,KSEBMYQBYZTDHS-HWKANZROSA-N,0.0305421274418197,"measured (DoOR consensus, normalised 0-1)"
ORN_DC1,Or19a,KSXTZYRIJKDCEA-UHFFFAOYSA-N,0.0242143064948761,"measured (DoOR consensus, normalised 0-1)"
ORN_DC1,Or19a,KWKAKUADMBZCLK-UHFFFAOYSA-N,0.0585989871101866,"measured (DoOR consensus, normalised 0-1)"
ORN_DC1,Or19a,KYWIYKKSMDLRDC-UHFFFAOYSA-N,0.0242143064948761,"measured (DoOR consensus, normalised 0-1)"
ORN_DC1,Or19a,KYZHGEFMXZOSJN-UHFFFAOYSA-N,0.115032254866611,"measured (DoOR consensus, normalised 0-1)"
ORN_DC1,Or19a,LCOSCMLXPAQCLQ-UHFFFAOYSA-N,0.700028642573346,"measured (DoOR consensus, normalised 0-1)"
ORN_DC1,Or19a,LGYNIFWIKSEESD-UHFFFAOYSA-N,0.0377988506927807,"measured (DoOR consensus, normalised 0-1)"
ORN_DC1,Or19a,LLHKCFNBLRBOGN-UHFFFAOYSA-N,0.0305421274418197,"measured (DoOR consensus, normalised 0-1)"
ORN_DC1,Or19a,LPWKTEHEFDVAQS-VOTSOKGWSA-N,0.151171670531539,"measured (DoOR consensus, normalised 0-1)"
ORN_DC1,Or19a,LQKRYVGRPXFFAV-UHFFFAOYSA-N,0.0517759403323907,"measured (DoOR consensus, normalised 0-1)"
ORN_DC1,Or19a,LUYISICIYVKBTA-UHFFFAOYSA-N,0.0242143064948761,"measured (DoOR consensus, normalised 0-1)"
ORN_DC1,Or19a,LVSQXDHWDCMMRJ-UHFFFAOYSA-N,0.0517759403323907,"measured (DoOR consensus, normalised 0-1)"
ORN_DC1,Or19a,LZCLXQDLBQLTDK-BYPYZUCNSA-N,0.0448585378350181,"measured (DoOR consensus, normalised 0-1)"
ORN_DC1,Or19a,MFKRHJVUCZRDTF-UHFFFAOYSA-N,0.0305421274418197,"measured (DoOR consensus, normalised 0-1)"
ORN_DC1,Or19a,MIJDSYMOBYNHOT-UHFFFAOYSA-N,0.0517759403323907,"measured (DoOR consensus, normalised 0-1)"
ORN_DC1,Or19a,MNDIARAMWBIKFW-UHFFFAOYSA-N,0.0517759403323907,"measured (DoOR consensus, normalised 0-1)"
ORN_DC1,Or19a,MPKOLWUWOADQCX-BMRADRMJSA-N,0.0242143064948761,"measured (DoOR consensus, normalised 0-1)"
ORN_DC1,Or19a,MSXVEPNJUHWQHW-UHFFFAOYSA-N,0.0551964556426331,"measured (DoOR consensus, normalised 0-1)"
ORN_DC1,Or19a,MUXOBHXGJLMRAB-UHFFFAOYSA-N,0.0517759403323907,"measured (DoOR consensus, normalised 0-1)"
ORN_DC1,Or19a,MYMSJFSOOQERIO-UHFFFAOYSA-N,0.0927869649303507,"measured (DoOR consensus, normalised 0-1)"
ORN_DC1,Or19a,NDVASEGYNIMXJL-UHFFFAOYSA-N,0.131722213720268,"measured (DoOR consensus, normalised 0-1)"
ORN_DC1,Or19a,NGSWKAQJJWESNS-ZZXKWVIFSA-N,0.0377988506927807,"measured (DoOR consensus, normalised 0-1)"
ORN_DC1,Or19a,NHKIYYMFGJBOTK-UHFFFAOYSA-N,0.0305421274418197,"measured (DoOR consensus, normalised 0-1)"
ORN_DC1,Or19a,NIXOWILDQLNWCW-UHFFFAOYSA-N,0.0242143064948761,"measured (DoOR consensus, normalised 0-1)"
ORN_DC1,Or19a,NKCQEIXYLHACJC-UHFFFAOYSA-N,0.0927869649303507,"measured (DoOR consensus, normalised 0-1)"
ORN_DC1,Or19a,NMHMNPHRMNGLLB-UHFFFAOYSA-N,0.0448585378350181,"measured (DoOR consensus, normalised 0-1)"
ORN_DC1,Or19a,NNWHUJCUHAELCL-SNAWJCMRSA-N,0.0242143064948761,"measured (DoOR consensus, normalised 0-1)"
ORN_DC1,Or19a,NSSALFVIQPAIQK-BQYQJAHWSA-N,0.533228588361259,"measured (DoOR consensus, normalised 0-1)"
ORN_DC1,Or19a,NVEQFIOZRFFVFW-RGCMKSIDSA-N,0.790496468586682,"measured (DoOR consensus, normalised 0-1)"
ORN_DC1,Or19a,NVRVNSHHLPQGCU-UHFFFAOYSA-M,0.0242143064948761,"measured (DoOR consensus, normalised 0-1)"
ORN_DC1,Or19a,NWZQCEQAPBRMFX-UHFFFAOYSA-N,0.0242143064948761,"measured (DoOR consensus, normalised 0-1)"
ORN_DC1,Or19a,OCWLYWIFNDCWRZ-UHFFFAOYSA-N,0.0242143064948761,"measured (DoOR consensus, normalised 0-1)"
ORN_DC1,Or19a,ODLMAHJVESYWTB-UHFFFAOYSA-N,0.0198117053139895,"measured (DoOR consensus, normalised 0-1)"
ORN_DC1,Or19a,ODNRTOSCFYDTKF-UHFFFAOYSA-N,0.131722213720268,"measured (DoOR consensus, normalised 0-1)"
ORN_DC1,Or19a,OGLDWXZKYODSOB-SNVBAGLBSA-N,0.476686197102925,"measured (DoOR consensus, normalised 0-1)"
ORN_DC1,Or19a,OHEFFKYYKJVVOX-MRVPVSSYSA-N,0.0927869649303507,"measured (DoOR consensus, normalised 0-1)"
ORN_DC1,Or19a,OHEFFKYYKJVVOX-QMMMGPOBSA-N,0.123120902690874,"measured (DoOR consensus, normalised 0-1)"
ORN_DC1,Or19a,OHEFFKYYKJVVOX-UHFFFAOYSA-N,0.0242143064948761,"measured (DoOR consensus, normalised 0-1)"
ORN_DC1,Or19a,OJVAMHKKJGICOG-UHFFFAOYSA-N,0.0176104047235463,"measured (DoOR consensus, normalised 0-1)"
ORN_DC1,Or19a,OKJPEAGHQZHRQV-UHFFFAOYSA-N,0.0999469359546299,"measured (DoOR consensus, normalised 0-1)"
ORN_DC1,Or19a,ONKNPOPIGWHAQC-UHFFFAOYSA-N,0.0377988506927807,"measured (DoOR consensus, normalised 0-1)"
ORN_DC1,Or19a,OPFTUNCRGUEPRZ-UHFFFAOYSA-N,0.473859077540008,"measured (DoOR consensus, normalised 0-1)"
ORN_DC1,Or19a,OSMAJVWUIUORGC-WAYWQWQTSA-N,0.0585989871101866,"measured (DoOR consensus, normalised 0-1)"
ORN_DC1,Or19a,OTKQNSSMCDLVQV-UHFFFAOYSA-N,0.0999469359546299,"measured (DoOR consensus, normalised 0-1)"
ORN_DC1,Or19a,OUYCCCASQSFEME-UHFFFAOYSA-N,0.0242143064948761,"measured (DoOR consensus, normalised 0-1)"
ORN_DC1,Or19a,OVJCOXQJBRJIRJ-OVCLIPMQSA-N,0.0448585378350181,"measured (DoOR consensus, normalised 0-1)"
ORN_DC1,Or19a,PCGACKLJNBBQGM-VOTSOKGWSA-N,0.0585989871101866,"measured (DoOR consensus, normalised 0-1)"
ORN_DC1,Or19a,PDSNLYSELAIEBU-UHFFFAOYSA-N,0.456896360162507,"measured (DoOR consensus, normalised 0-1)"
ORN_DC1,Or19a,PHXATPHONSXBIL-JTQLQIEISA-N,0.0927869649303507,"measured (DoOR consensus, normalised 0-1)"
ORN_DC1,Or19a,PIICEJLVQHRZGT-UHFFFAOYSA-N,0.0242143064948761,"measured (DoOR consensus, normalised 0-1)"
ORN_DC1,Or19a,POAOYUHQDCAZBD-UHFFFAOYSA-N,0.0448585378350181,"measured (DoOR consensus, normalised 0-1)"
ORN_DC1,Or19a,POOSGDOYLQNASK-UHFFFAOYSA-N,0.0377988506927807,"measured (DoOR consensus, normalised 0-1)"
ORN_DC1,Or19a,POULHZVOKOAJMA-UHFFFAOYSA-N,0.0653713267283111,"measured (DoOR consensus, normalised 0-1)"
ORN_DC1,Or19a,PPBRXRYQALVLMV-UHFFFAOYSA-N,0.0377988506927807,"measured (DoOR consensus, normalised 0-1)"
ORN_DC1,Or19a,QAIPRVGONGVQAS-RQOWECAXSA-N,0.0377988506927807,"measured (DoOR consensus, normalised 0-1)"
ORN_DC1,Or19a,QAOXMQCWUWZZNC-ONEGZZNKSA-M,0.0242143064948761,"measured (DoOR consensus, normalised 0-1)"
ORN_DC1,Or19a,QARVLSVVCXYDNA-UHFFFAOYSA-N,0.0176104047235463,"measured (DoOR consensus, normalised 0-1)"
ORN_DC1,Or19a,QCDWFXQBSFUVSP-UHFFFAOYSA-N,0.0517759403323907,"measured (DoOR consensus, normalised 0-1)"
ORN_DC1,Or19a,QEBNYNLSCGVZOH-UHFFFAOYSA-N,0.875310055474183,"measured (DoOR consensus, normalised 0-1)"
ORN_DC1,Or19a,QIQXTHQIDYTFRH-UHFFFAOYSA-N,0.0377988506927807,"measured (DoOR consensus, normalised 0-1)"
ORN_DC1,Or19a,QJJDNZGPQDGNDX-UHFFFAOYSA-N,0.0721343863172289,"measured (DoOR consensus, normalised 0-1)"
ORN_DC1,Or19a,QJQZRLXDLORINA-UHFFFAOYSA-N,0.0242143064948761,"measured (DoOR consensus, normalised 0-1)"
ORN_DC1,Or19a,QKNZNUNCDJZTCH-UHFFFAOYSA-N,0.308837562487098,"measured (DoOR consensus, normalised 0-1)"
ORN_DC1,Or19a,QPRQEDXDYOZYLA-UHFFFAOYSA-N,0.0242143064948761,"measured (DoOR consensus, normalised 0-1)"
ORN_DC1,Or19a,QUEBYVKXYIKVSO-UHFFFAOYSA-N,0.0517759403323907,"measured (DoOR consensus, normalised 0-1)"
ORN_DC1,Or19a,QYDYPVFESGNLHU-ZHACJKMWSA-N,0.0377988506927807,"measured (DoOR consensus, normalised 0-1)"
ORN_DC1,Or19a,REIUXOLGHVXAEO-UHFFFAOYSA-N,0.0242143064948761,"measured (DoOR consensus, normalised 0-1)"
ORN_DC1,Or19a,RFFLAFLAYFXFSW-UHFFFAOYSA-N,0.0721343863172289,"measured (DoOR consensus, normalised 0-1)"
ORN_DC1,Or19a,RGACQXBDYBCJCY-ALCCZGGFSA-N,0.162588024132775,"measured (DoOR consensus, normalised 0-1)"
ORN_DC1,Or19a,RGFNRWTWDWVHDD-UHFFFAOYSA-N,0.0377988506927807,"measured (DoOR consensus, normalised 0-1)"
ORN_DC1,Or19a,RHVMNRHQWXIJIS-WAYWQWQTSA-N,0.0220130059044328,"measured (DoOR consensus, normalised 0-1)"
ORN_DC1,Or19a,RRHGJUQNOFWUDK-UHFFFAOYSA-N,0.0305421274418197,"measured (DoOR consensus, normalised 0-1)"
ORN_DC1,Or19a,RSJKGSCJYJTIGS-UHFFFAOYSA-N,0.151171670531539,"measured (DoOR consensus, normalised 0-1)"
ORN_DC1,Or19a,RTZZCYNQPHTPPL-UHFFFAOYSA-N,0.0377988506927807,"measured (DoOR consensus, normalised 0-1)"
ORN_DC1,Or19a,RWGFKTVRMDUZSP-UHFFFAOYSA-N,0.0176104047235463,"measured (DoOR consensus, normalised 0-1)"
ORN_DC1,Or19a,RXGUIWHIADMCFC-UHFFFAOYSA-N,0.0209123556092112,"measured (DoOR consensus, normalised 0-1)"
ORN_DC1,Or19a,SECXISVLQFMRJM-UHFFFAOYSA-N,0.0448585378350181,"measured (DoOR consensus, normalised 0-1)"
ORN_DC1,Or19a,SESFRYSPDFLNCH-UHFFFAOYSA-N,0.0198117053139895,"measured (DoOR consensus, normalised 0-1)"
ORN_DC1,Or19a,SGVYKUFIHHTIFL-UHFFFAOYSA-N,0.0789291923650688,"measured (DoOR consensus, normalised 0-1)"
ORN_DC1,Or19a,SNICXCGAKADSCV-JTQLQIEISA-N,0.151171670531539,"measured (DoOR consensus, normalised 0-1)"
ORN_DC1,Or19a,SNRUBQQJIBEYMU-UHFFFAOYSA-N,0.0242143064948761,"measured (DoOR consensus, normalised 0-1)"
ORN_DC1,Or19a,SQIPCPAQCPMJFW-UHFFFAOYSA-N,0.0585989871101866,"measured (DoOR consensus, normalised 0-1)"
ORN_DC1,Or19a,STJIISDMSMJQQK-UHFFFAOYSA-N,0.0517759403323907,"measured (DoOR consensus, normalised 0-1)"
ORN_DC1,Or19a,SWXVUIWOUIDPGS-UHFFFAOYSA-N,0.0305421274418197,"measured (DoOR consensus, normalised 0-1)"
ORN_DC1,Or19a,SXOZDDAFVJANJP-UHFFFAOYSA-N,0.44558788191084,"measured (DoOR consensus, normalised 0-1)"
ORN_DC1,Or19a,SYBYTAAJFKOIEJ-UHFFFAOYSA-N,0.0517759403323907,"measured (DoOR consensus, normalised 0-1)"
ORN_DC1,Or19a,SYDNSSSQVSOXTN-UHFFFAOYSA-N,0.0305421274418197,"measured (DoOR consensus, normalised 0-1)"
ORN_DC1,Or19a,TUNFSRHWOTWDNC-UHFFFAOYSA-N,0.0585989871101866,"measured (DoOR consensus, normalised 0-1)"
ORN_DC1,Or19a,TWLLPUMZVVGILS-UHFFFAOYSA-N,0.0305421274418197,"measured (DoOR consensus, normalised 0-1)"
ORN_DC1,Or19a,UBLAMKHIFZBBSS-UHFFFAOYSA-N,0.123120902690874,"measured (DoOR consensus, normalised 0-1)"
ORN_DC1,Or19a,UEEJHVSXFDXPFK-UHFFFAOYSA-N,0.0220130059044328,"measured (DoOR consensus, normalised 0-1)"
ORN_DC1,Or19a,UFWIBTONFRDIAS-UHFFFAOYSA-N,0.0927869649303507,"measured (DoOR consensus, normalised 0-1)"
ORN_DC1,Or19a,UIERETOOQGIECD-ARJAWSKDSA-N,0.0220130059044328,"measured (DoOR consensus, normalised 0-1)"
ORN_DC1,Or19a,UIERETOOQGIECD-ONEGZZNKSA-N,0.0377988506927807,"measured (DoOR consensus, normalised 0-1)"
ORN_DC1,Or19a,UIUWNILCHFBLEQ-NSCUHMNNSA-N,0.0220130059044328,"measured (DoOR consensus, normalised 0-1)"
ORN_DC1,Or19a,UJPPXNXOEVDSRW-UHFFFAOYSA-N,0.0448585378350181,"measured (DoOR consensus, normalised 0-1)"
ORN_DC1,Or19a,UNNGUFMVYQJGTD-UHFFFAOYSA-N,0.0242143064948761,"measured (DoOR consensus, normalised 0-1)"
ORN_DC1,Or19a,UPMAOXLCTXPPAG-UHFFFAOYSA-N,0.476686197102925,"measured (DoOR consensus, normalised 0-1)"
ORN_DC1,Or19a,UPOSSYJVWXLPTA-UHFFFAOYSA-N,0.485167555791675,"measured (DoOR consensus, normalised 0-1)"
ORN_DC1,Or19a,UQPLEMTXCSYMEK-VQHVLOKHSA-N,0.0585989871101866,"measured (DoOR consensus, normalised 0-1)"
ORN_DC1,Or19a,URAYPUMNDPQOKB-UHFFFAOYSA-N,0.0242143064948761,"measured (DoOR consensus, normalised 0-1)"
ORN_DC1,Or19a,URLKBWYHVLBVBO-UHFFFAOYSA-N,0.0242143064948761,"measured (DoOR consensus, normalised 0-1)"
ORN_DC1,Or19a,UVZICZIVKIMRNE-UHFFFAOYSA-N,0.0377988506927807,"measured (DoOR consensus, normalised 0-1)"
ORN_DC1,Or19a,UXUPPWPIGVTVQI-UHFFFAOYSA-N,0.151171670531539,"measured (DoOR consensus, normalised 0-1)"
ORN_DC1,Or19a,VAMXMNNIEUEQDV-UHFFFAOYSA-N,0.119020674141508,"measured (DoOR consensus, normalised 0-1)"
ORN_DC1,Or19a,VBCIOOKAKHGVMI-UHFFFAOYSA-N,0.442760762347924,"measured (DoOR consensus, normalised 0-1)"
ORN_DC1,Or19a,VDHRTASWKDTLER-ARJAWSKDSA-N,0.569981142679177,"measured (DoOR consensus, normalised 0-1)"
ORN_DC1,Or19a,VGIRHYHLQKDEPP-UHFFFAOYSA-N,0.107337894364587,"measured (DoOR consensus, normalised 0-1)"
ORN_DC1,Or19a,VGMJYYDKPUPTID-UHFFFAOYSA-N,0.0242143064948761,"measured (DoOR consensus, normalised 0-1)"
ORN_DC1,Or19a,VHOMAPWVLKRQAZ-UHFFFAOYSA-N,0.0448585378350181,"measured (DoOR consensus, normalised 0-1)"
ORN_DC1,Or19a,VLXDPFLIRFYIME-ZPWMNFGTSA-N,0.513438751420842,"measured (DoOR consensus, normalised 0-1)"
ORN_DC1,Or19a,VONGZNXBKCOUHB-UHFFFAOYSA-N,0.0448585378350181,"measured (DoOR consensus, normalised 0-1)"
ORN_DC1,Or19a,VSMOENVRRABVKN-QMMMGPOBSA-N,0.44558788191084,"measured (DoOR consensus, normalised 0-1)"
ORN_DC1,Or19a,VTWDKFNVVLAELH-UHFFFAOYSA-N,0.0377988506927807,"measured (DoOR consensus, normalised 0-1)"
ORN_DC1,Or19a,WBRFDUJXCLCKPX-UHFFFAOYSA-N,0.0927869649303507,"measured (DoOR consensus, normalised 0-1)"
ORN_DC1,Or19a,WERYXYBDKMZEQL-UHFFFAOYSA-N,0.0242143064948761,"measured (DoOR consensus, normalised 0-1)"
ORN_DC1,Or19a,WGGJTPQHVFOGPN-PLNGDYQASA-N,0.0448585378350181,"measured (DoOR consensus, normalised 0-1)"
ORN_DC1,Or19a,WGYKZJWCGVVSQN-UHFFFAOYSA-N,0.0305421274418197,"measured (DoOR consensus, normalised 0-1)"
ORN_DC1,Or19a,WHWDWIHXSPCOKZ-UHFFFAOYSA-N,0.0305421274418197,"measured (DoOR consensus, normalised 0-1)"
ORN_DC1,Or19a,WLAMNBDJUVNPJU-UHFFFAOYSA-N,0.140996630873646,"measured (DoOR consensus, normalised 0-1)"
ORN_DC1,Or19a,WNJSKZBEWNVKGU-UHFFFAOYSA-N,0.454069240599591,"measured (DoOR consensus, normalised 0-1)"
ORN_DC1,Or19a,WNXNUPJZWYOKMW-UHFFFAOYSA-N,0.0305421274418197,"measured (DoOR consensus, normalised 0-1)"
ORN_DC1,Or19a,WQOXQRCZOLPYPM-UHFFFAOYSA-N,0.0242143064948761,"measured (DoOR consensus, normalised 0-1)"
ORN_DC1,Or19a,WRFZKAGPPQGDDQ-UHFFFAOYSA-N,0.151171670531539,"measured (DoOR consensus, normalised 0-1)"
ORN_DC1,Or19a,CCEFMUBVSUDRLG-XNWIYYODSA-N,0.671757446944179,"measured (DoOR consensus, normalised 0-1)"
ORN_DC1,Or19a,WTOYNNBCKUYIKC-JMSVASOKSA-N,0.0377988506927807,"measured (DoOR consensus, normalised 0-1)"
ORN_DC1,Or19a,WTTJVINHCBCLGX-NQLNTKRDSA-N,0.0242143064948761,"measured (DoOR consensus, normalised 0-1)"
ORN_DC1,Or19a,WXCMHFPAUCOJIG-UHFFFAOYSA-N,0.0517759403323907,"measured (DoOR consensus, normalised 0-1)"
ORN_DC1,Or19a,XCYJPXQACVEIOS-UHFFFAOYSA-N,0.502130273169175,"measured (DoOR consensus, normalised 0-1)"
ORN_DC1,Or19a,XEAIHUDTEINXFG-SNAWJCMRSA-N,0.0255608016099971,"measured (DoOR consensus, normalised 0-1)"
ORN_DC1,Or19a,XFRVVPUIAFSTFO-UHFFFAOYSA-N,0.0176104047235463,"measured (DoOR consensus, normalised 0-1)"
ORN_DC1,Or19a,XINCECQTMHSORG-UHFFFAOYSA-N,0.454069240599591,"measured (DoOR consensus, normalised 0-1)"
ORN_DC1,Or19a,XJHQVZQZUGLZLS-ARJAWSKDSA-N,0.0242143064948761,"measured (DoOR consensus, normalised 0-1)"
ORN_DC1,Or19a,XOAAWQZATWQOTB-UHFFFAOYSA-N,0.0448585378350181,"measured (DoOR consensus, normalised 0-1)"
ORN_DC1,Or19a,XPFTVTFOOTVHIA-FNORWQNLSA-N,0.0448585378350181,"measured (DoOR consensus, normalised 0-1)"
ORN_DC1,Or19a,XPFVYQJUAUNWIW-UHFFFAOYSA-N,0.0448585378350181,"measured (DoOR consensus, normalised 0-1)"
ORN_DC1,Or19a,XSIFPSYPOVKYCO-UHFFFAOYSA-N,0.140996630873646,"measured (DoOR consensus, normalised 0-1)"
ORN_DC1,Or19a,XUGNVMKQXJXZCD-UHFFFAOYSA-N,0.0585989871101866,"measured (DoOR consensus, normalised 0-1)"
ORN_DC1,Or19a,XUWHAWMETYGRKB-UHFFFAOYSA-N,0.0377988506927807,"measured (DoOR consensus, normalised 0-1)"
ORN_DC1,Or19a,XXHDAWYDNSXJQM-ARJAWSKDSA-N,0.0242143064948761,"measured (DoOR consensus, normalised 0-1)"
ORN_DC1,Or19a,XXHDAWYDNSXJQM-ONEGZZNKSA-N,0.0220130059044328,"measured (DoOR consensus, normalised 0-1)"
ORN_DC1,Or19a,YFTHZRPMJXBUME-UHFFFAOYSA-N,0.0305421274418197,"measured (DoOR consensus, normalised 0-1)"
ORN_DC1,Or19a,YKFLAYDHMOASIY-UHFFFAOYSA-N,0.516265870983759,"measured (DoOR consensus, normalised 0-1)"
ORN_DC1,Or19a,YKNWIILGEFFOPE-UHFFFAOYSA-N,0.0242143064948761,"measured (DoOR consensus, normalised 0-1)"
ORN_DC1,Or19a,YMWUJEATGCHHMB-UHFFFAOYSA-N,0.0242143064948761,"measured (DoOR consensus, normalised 0-1)"
ORN_DC1,Or19a,YPKBCLZFIYBSHK-UHFFFAOYSA-N,0.0220130059044328,"measured (DoOR consensus, normalised 0-1)"
ORN_DC1,Or19a,YRKCREAYFQTBPV-UHFFFAOYSA-N,0.0377988506927807,"measured (DoOR consensus, normalised 0-1)"
ORN_DC1,Or19a,YSHXMTRDMDYAEC-UHFFFAOYSA-N,0.0305421274418197,"measured (DoOR consensus, normalised 0-1)"
ORN_DC1,Or19a,YSJHMPXIMIOXGU-UHFFFAOYSA-N,0.0305421274418197,"measured (DoOR consensus, normalised 0-1)"
ORN_DC1,Or19a,YTHRBOFHFYZBRJ-UHFFFAOYSA-N,0.0927869649303507,"measured (DoOR consensus, normalised 0-1)"
ORN_DC1,Or19a,YWHLKYXPLRWGSE-UHFFFAOYSA-N,0.0305421274418197,"measured (DoOR consensus, normalised 0-1)"
ORN_DC1,Or19a,YYPNJNDODFVZLE-UHFFFAOYSA-N,0.0305421274418197,"measured (DoOR consensus, normalised 0-1)"
ORN_DC1,Or19a,YZJCDVRXBOPXSQ-UHFFFAOYSA-N,0.0305421274418197,"measured (DoOR consensus, normalised 0-1)"
ORN_DC1,Or19a,ZAZKJZBWRNNLDS-UHFFFAOYSA-N,0.0305421274418197,"measured (DoOR consensus, normalised 0-1)"
ORN_DC1,Or19a,ZCFOBLITZWHNNC-VOTSOKGWSA-N,0.0653713267283111,"measured (DoOR consensus, normalised 0-1)"
ORN_DC1,Or19a,ZCHOPXVYTWUHDS-WAYWQWQTSA-N,0.482340436228758,"measured (DoOR consensus, normalised 0-1)"
ORN_DC1,Or19a,ZCTQGTTXIYCGGC-UHFFFAOYSA-N,0.0377988506927807,"measured (DoOR consensus, normalised 0-1)"
ORN_DC1,Or19a,ZFRKQXVRDFCRJG-UHFFFAOYSA-N,0.0242143064948761,"measured (DoOR consensus, normalised 0-1)"
ORN_DC1,Or19a,ZLCSFXXPPANWQY-UHFFFAOYSA-N,0.131722213720268,"measured (DoOR consensus, normalised 0-1)"
ORN_DC1,Or19a,ZMANZCXQSJIPKH-UHFFFAOYSA-N,0.0305421274418197,"measured (DoOR consensus, normalised 0-1)"
ORN_DC1,Or19a,ZOJBYZNEUISWFT-UHFFFAOYSA-N,0.0,"measured (DoOR consensus, normalised 0-1)"
ORN_DC1,Or19a,ZQPPMHVWECSIRJ-MDZDMXLPSA-N,0.0517759403323907,"measured (DoOR consensus, normalised 0-1)"
ORN_DC1,Or19a,ZYURHZPYMFLWSH-UHFFFAOYSA-N,0.0448585378350181,"measured (DoOR consensus, normalised 0-1)"
ORN_DP1m,Ir64a.DP1m,XLYOFNOQVPJJNP-UHFFFAOYSA-N,0.180955352688233,"measured (DoOR consensus, normalised 0-1)"
ORN_DP1m,Ir64a.DP1m,VHUUQVKOLVNVRT-UHFFFAOYSA-N,0.0214534696486049,"measured (DoOR consensus, normalised 0-1)"
ORN_DP1m,Ir64a.DP1m,KIDHWZJUCRJVML-UHFFFAOYSA-N,0.147709137301109,"measured (DoOR consensus, normalised 0-1)"
ORN_DP1m,Ir64a.DP1m,VHRGRCVQAFMJIZ-UHFFFAOYSA-N,0.101903980830874,"measured (DoOR consensus, normalised 0-1)"
ORN_DP1m,Ir64a.DP1m,ROSDSFDQCJNGOL-UHFFFAOYSA-N,0.114029854980085,"measured (DoOR consensus, normalised 0-1)"
ORN_DP1m,Ir64a.DP1m,QTBSBXVTEAMEQO-UHFFFAOYSA-N,0.490997964519858,"measured (DoOR consensus, normalised 0-1)"
ORN_DP1m,Ir64a.DP1m,XBDQKXXYIPTUBI-UHFFFAOYSA-N,0.303613233505257,"measured (DoOR consensus, normalised 0-1)"
ORN_DP1m,Ir64a.DP1m,FERIUCNNQQJTOY-UHFFFAOYSA-N,0.233423077372321,"measured (DoOR consensus, normalised 0-1)"
ORN_DP1m,Ir64a.DP1m,ZTQSAGDEMFDKMZ-UHFFFAOYSA-N,0.324133943603923,"measured (DoOR consensus, normalised 0-1)"
ORN_DP1m,Ir64a.DP1m,QSJXEFYPDANLFS-UHFFFAOYSA-N,0.56541885146859,"measured (DoOR consensus, normalised 0-1)"
ORN_DP1m,Ir64a.DP1m,WRMNZCZEMHIOCP-UHFFFAOYSA-N,0.0536669869625816,"measured (DoOR consensus, normalised 0-1)"
ORN_DP1m,Ir64a.DP1m,DTUQWGWMVIHBKE-UHFFFAOYSA-N,0.091810189986887,"measured (DoOR consensus, normalised 0-1)"
ORN_DP1m,Ir64a.DP1m,OWBTYPJTUOEWEK-UHFFFAOYSA-N,0.611890264760211,"measured (DoOR consensus, normalised 0-1)"
ORN_DP1m,Ir64a.DP1m,XEKOWRVHYACXOJ-UHFFFAOYSA-N,0.0489698763718156,"measured (DoOR consensus, normalised 0-1)"
ORN_DP1m,Ir64a.DP1m,PGMYKACGEOXYJE-UHFFFAOYSA-N,0.0773191041217579,"measured (DoOR consensus, normalised 0-1)"
ORN_DP1m,Ir64a.DP1m,solvent,0.0449057097613656,"measured (DoOR consensus, normalised 0-1)"
ORN_DP1m,Ir64a.DP1m,RWRDLPDLKQPQOW-UHFFFAOYSA-N,0.0174892415613627,"measured (DoOR consensus, normalised 0-1)"
ORN_DP1m,Ir64a.DP1m,BHHGXPLMPWCGHP-UHFFFAOYSA-N,0.0,"measured (DoOR consensus, normalised 0-1)"
ORN_DP1m,Ir64a.DP1m,JUJWROOIHBZHMG-UHFFFAOYSA-N,0.0498026973985472,"measured (DoOR consensus, normalised 0-1)"
ORN_DP1m,Ir64a.DP1m,KDVFRMMRZOCFLS-UHFFFAOYSA-N,0.513284255195194,"measured (DoOR consensus, normalised 0-1)"
ORN_DP1m,Ir64a.DP1m,QUSNBJAOOMFDIB-UHFFFAOYSA-N,0.254343541563818,"measured (DoOR consensus, normalised 0-1)"
ORN_DP1m,Ir64a.DP1m,WLJVXDMOQOGPHL-UHFFFAOYSA-N,0.195279874348016,"measured (DoOR consensus, normalised 0-1)"
ORN_DP1m,Ir64a.DP1m,ATHGHQPFGPMSJY-UHFFFAOYSA-N,0.134717129284097,"measured (DoOR consensus, normalised 0-1)"
ORN_VC5,Ir41a,XLYOFNOQVPJJNP-UHFFFAOYSA-N,0.328675278877804,"measured (DoOR consensus, normalised 0-1)"
ORN_VC5,Ir41a,VHUUQVKOLVNVRT-UHFFFAOYSA-N,0.0,"measured (DoOR consensus, normalised 0-1)"
ORN_VC5,Ir41a,KIDHWZJUCRJVML-UHFFFAOYSA-N,0.490747568383721,"measured (DoOR consensus, normalised 0-1)"
ORN_VC5,Ir41a,VHRGRCVQAFMJIZ-UHFFFAOYSA-N,0.41365524527575,"measured (DoOR consensus, normalised 0-1)"
ORN_VC5,Ir41a,ROSDSFDQCJNGOL-UHFFFAOYSA-N,0.0323956777981122,"measured (DoOR consensus, normalised 0-1)"
ORN_VC5,Ir41a,QTBSBXVTEAMEQO-UHFFFAOYSA-N,0.294425065901394,"measured (DoOR consensus, normalised 0-1)"
ORN_VC5,Ir41a,XBDQKXXYIPTUBI-UHFFFAOYSA-N,0.256090180506961,"measured (DoOR consensus, normalised 0-1)"
ORN_VC5,Ir41a,FERIUCNNQQJTOY-UHFFFAOYSA-N,0.306115680063321,"measured (DoOR consensus, normalised 0-1)"
ORN_VC5,Ir41a,ZTQSAGDEMFDKMZ-UHFFFAOYSA-N,0.216252886866819,"measured (DoOR consensus, normalised 0-1)"
ORN_VC5,Ir41a,QSJXEFYPDANLFS-UHFFFAOYSA-N,0.0934310127800627,"measured (DoOR consensus, normalised 0-1)"
ORN_VC5,Ir41a,WRMNZCZEMHIOCP-UHFFFAOYSA-N,0.0191322300039576,"measured (DoOR consensus, normalised 0-1)"
ORN_VC5,Ir41a,DTUQWGWMVIHBKE-UHFFFAOYSA-N,0.101201280425842,"measured (DoOR consensus, normalised 0-1)"
ORN_VC5,Ir41a,OWBTYPJTUOEWEK-UHFFFAOYSA-N,0.0747448102240502,"measured (DoOR consensus, normalised 0-1)"
ORN_VC5,Ir41a,XEKOWRVHYACXOJ-UHFFFAOYSA-N,0.128784556811916,"measured (DoOR consensus, normalised 0-1)"
ORN_VC5,Ir41a,PGMYKACGEOXYJE-UHFFFAOYSA-N,0.110239205028938,"measured (DoOR consensus, normalised 0-1)"
ORN_VC5,Ir41a,solvent,0.155006275725315,"measured (DoOR consensus, normalised 0-1)"
ORN_VC5,Ir41a,RWRDLPDLKQPQOW-UHFFFAOYSA-N,0.0648852561115812,"measured (DoOR consensus, normalised 0-1)"
ORN_VC5,Ir41a,BHHGXPLMPWCGHP-UHFFFAOYSA-N,0.0133808234383507,"measured (DoOR consensus, normalised 0-1)"
ORN_VC5,Ir41a,JUJWROOIHBZHMG-UHFFFAOYSA-N,0.473329022785026,"measured (DoOR consensus, normalised 0-1)"
ORN_VC5,Ir41a,KDVFRMMRZOCFLS-UHFFFAOYSA-N,0.201252279538562,"measured (DoOR consensus, normalised 0-1)"
ORN_VC5,Ir41a,QUSNBJAOOMFDIB-UHFFFAOYSA-N,0.0406589231495147,"measured (DoOR consensus, normalised 0-1)"
ORN_VC5,Ir41a,WLJVXDMOQOGPHL-UHFFFAOYSA-N,0.219422029260112,"measured (DoOR consensus, normalised 0-1)"
ORN_VC5,Ir41a,ATHGHQPFGPMSJY-UHFFFAOYSA-N,0.477765822135637,"measured (DoOR consensus, normalised 0-1)"
ORN_VA3,Or67b,XLYOFNOQVPJJNP-UHFFFAOYSA-N,0.116167829556645,"measured (DoOR consensus, normalised 0-1)"
ORN_VA3,Or67b,QTBSBXVTEAMEQO-UHFFFAOYSA-N,0.185502704707308,"measured (DoOR consensus, normalised 0-1)"
ORN_VA3,Or67b,XBDQKXXYIPTUBI-UHFFFAOYSA-N,0.12623139939304,"measured (DoOR consensus, normalised 0-1)"
ORN_VA3,Or67b,FERIUCNNQQJTOY-UHFFFAOYSA-N,0.191907902256482,"measured (DoOR consensus, normalised 0-1)"
ORN_VA3,Or67b,NQPDZGIKBAWPEJ-UHFFFAOYSA-N,0.107383767690833,"measured (DoOR consensus, normalised 0-1)"
ORN_VA3,Or67b,FUZZWVXGSFPDMH-UHFFFAOYSA-N,0.176544150984012,"measured (DoOR consensus, normalised 0-1)"
ORN_VA3,Or67b,MNWFXJYAOYHMED-UHFFFAOYSA-N,0.15338957645425,"measured (DoOR consensus, normalised 0-1)"
ORN_VA3,Or67b,WWZKQHOCKIZLMA-UHFFFAOYSA-N,0.168615579254577,"measured (DoOR consensus, normalised 0-1)"
ORN_VA3,Or67b,FBUKVWPVBMHYJY-UHFFFAOYSA-N,0.149835662618577,"measured (DoOR consensus, normalised 0-1)"
ORN_VA3,Or67b,KQNPFQTWMSNSAP-UHFFFAOYSA-N,0.180381250660415,"measured (DoOR consensus, normalised 0-1)"
ORN_VA3,Or67b,NPNUFJAVOOONJE-GFUGXAQUSA-N,0.138509977059098,"measured (DoOR consensus, normalised 0-1)"
ORN_VA3,Or67b,HIGQPQRQIQDZMP-DHZHZOJOSA-N,0.100620545943179,"measured (DoOR consensus, normalised 0-1)"
ORN_VA3,Or67b,WUOACPNHFRMFPN-SECBINFHSA-N,0.0949360248392757,"measured (DoOR consensus, normalised 0-1)"
ORN_VA3,Or67b,GLZPCOQZEFWAFX-JXMROGBWSA-N,0.101196641972471,"measured (DoOR consensus, normalised 0-1)"
ORN_VA3,Or67b,CDOSHBSSFJOMGT-UHFFFAOYSA-N,0.0613843476941275,"measured (DoOR consensus, normalised 0-1)"
ORN_VA3,Or67b,QMVPMAAFGQKVCJ-SNVBAGLBSA-N,0.168145172524162,"measured (DoOR consensus, normalised 0-1)"
ORN_VA3,Or67b,ULDHMXUKGWMISQ-SECBINFHSA-N,0.146376983004361,"measured (DoOR consensus, normalised 0-1)"
ORN_VA3,Or67b,ULDHMXUKGWMISQ-VIFPVBQESA-N,0.193098488683349,"measured (DoOR consensus, normalised 0-1)"
ORN_VA3,Or67b,WEEGYLXZBRQIMU-WAAGHKOSSA-N,0.125906649475621,"measured (DoOR consensus, normalised 0-1)"
ORN_VA3,Or67b,WTEVQBCEXWBHNA-JXMROGBWSA-N,0.18174698490509,"measured (DoOR consensus, normalised 0-1)"
ORN_VA3,Or67b,NEHNMFOYXAPHSD-JTQLQIEISA-N,0.126633112110157,"measured (DoOR consensus, normalised 0-1)"
ORN_VA3,Or67b,LHXDLQBQYFFVNW-OIBJUYFYSA-N,0.0821777234834544,"measured (DoOR consensus, normalised 0-1)"
ORN_VA3,Or67b,XMGQYMWWDOXHJM-JTQLQIEISA-N,0.12003619339683,"measured (DoOR consensus, normalised 0-1)"
ORN_VA3,Or67b,KMRMUZKLFIEVAO-UHFFFAOYSA-N,0.0696202919566441,"measured (DoOR consensus, normalised 0-1)"
ORN_VA3,Or67b,GRWFGVWFFZKLTI-RKDXNWHRSA-N,0.0780457855986632,"measured (DoOR consensus, normalised 0-1)"
ORN_VA3,Or67b,NZGWDASTMWDZIW-MRVPVSSYSA-N,0.108219452829842,"measured (DoOR consensus, normalised 0-1)"
ORN_VA3,Or67b,USMNOWBWPHYOEA-MRTMQBJTSA-N,0.0771435304227685,"measured (DoOR consensus, normalised 0-1)"
ORN_VA3,Or67b,RGZSQWQPBWRIAQ-CABCVRRESA-N,0.1480255355649,"measured (DoOR consensus, normalised 0-1)"
ORN_VA3,Or67b,CRDAMVZIKSXKFV-YFVJMOTDSA-N,0.108545325898806,"measured (DoOR consensus, normalised 0-1)"
ORN_VA3,Or67b,UZFLPKAIBPNNCA-BQYQJAHWSA-N,0.105303228364816,"measured (DoOR consensus, normalised 0-1)"
ORN_VA3,Or67b,PSQYTAPXSHCGMF-BQYQJAHWSA-N,0.09756611354204,"measured (DoOR consensus, normalised 0-1)"
ORN_VA3,Or67b,IKHGUXGNUITLKF-UHFFFAOYSA-N,0.229370393479809,"measured (DoOR consensus, normalised 0-1)"
ORN_VA3,Or67b,NBBJYMSMWIIQGU-UHFFFAOYSA-N,0.190210216851289,"measured (DoOR consensus, normalised 0-1)"
ORN_VA3,Or67b,ZTQSAGDEMFDKMZ-UHFFFAOYSA-N,0.221308433159034,"measured (DoOR consensus, normalised 0-1)"
ORN_VA3,Or67b,HGBOYTHUEUWSSQ-UHFFFAOYSA-N,0.584288786123734,"measured (DoOR consensus, normalised 0-1)"
ORN_VA3,Or67b,JARKCYVAAOWBJS-UHFFFAOYSA-N,0.30708244158011,"measured (DoOR consensus, normalised 0-1)"
ORN_VA3,Or67b,MBDOYVRWFFCFHM-SNAWJCMRSA-N,0.478082417333557,"measured (DoOR consensus, normalised 0-1)"
ORN_VA3,Or67b,HYBBIBNJHNGZAN-UHFFFAOYSA-N,0.0135275131357476,"measured (DoOR consensus, normalised 0-1)"
ORN_VA3,Or67b,NUJGJRNETVAIRJ-UHFFFAOYSA-N,0.112374008478588,"measured (DoOR consensus, normalised 0-1)"
ORN_VA3,Or67b,KSMVZQYAVGTKIV-UHFFFAOYSA-N,0.175312015948026,"measured (DoOR consensus, normalised 0-1)"
ORN_VA3,Or67b,FXHGMKSSBGDXIY-UHFFFAOYSA-N,0.208981712234742,"measured (DoOR consensus, normalised 0-1)"
ORN_VA3,Or67b,GYHFUZHODSMOHU-UHFFFAOYSA-N,0.161026280454347,"measured (DoOR consensus, normalised 0-1)"
ORN_VA3,Or67b,CSCPPACGZOOCGX-UHFFFAOYSA-N,0.145690158192477,"measured (DoOR consensus, normalised 0-1)"
ORN_VA3,Or67b,ZWEHNKRNPOVVGH-UHFFFAOYSA-N,0.168506081775526,"measured (DoOR consensus, normalised 0-1)"
ORN_VA3,Or67b,CATSNJVOTSVZJV-UHFFFAOYSA-N,0.597997859810533,"measured (DoOR consensus, normalised 0-1)"
ORN_VA3,Or67b,QSJXEFYPDANLFS-UHFFFAOYSA-N,0.217621414939467,"measured (DoOR consensus, normalised 0-1)"
ORN_VA3,Or67b,LABTWGUMFABVFG-ARJAWSKDSA-N,0.487081535190148,"measured (DoOR consensus, normalised 0-1)"
ORN_VA3,Or67b,QQZOPKMRPOGIEB-UHFFFAOYSA-N,0.668965811691495,"measured (DoOR consensus, normalised 0-1)"
ORN_VA3,Or67b,PFCHFHIRKBAQGU-UHFFFAOYSA-N,0.11030025594996,"measured (DoOR consensus, normalised 0-1)"
ORN_VA3,Or67b,JHIVVAPYMSGYDF-UHFFFAOYSA-N,0.345195860061792,"measured (DoOR consensus, normalised 0-1)"
ORN_VA3,Or67b,ZPVFWPFBNIEHGJ-UHFFFAOYSA-N,0.347323031543988,"measured (DoOR consensus, normalised 0-1)"
ORN_VA3,Or67b,VKCYHJWLYTUGCC-UHFFFAOYSA-N,0.192590442222733,"measured (DoOR consensus, normalised 0-1)"
ORN_VA3,Or67b,WRMNZCZEMHIOCP-UHFFFAOYSA-N,0.883168917364264,"measured (DoOR consensus, normalised 0-1)"
ORN_VA3,Or67b,WVDDGKGOMKODPV-UHFFFAOYSA-N,0.687276832865647,"measured (DoOR consensus, normalised 0-1)"
ORN_VA3,Or67b,OSWPMRLSEDHDFF-UHFFFAOYSA-N,0.0776308283662705,"measured (DoOR consensus, normalised 0-1)"
ORN_VA3,Or67b,MTZQAGJQAFMTAQ-UHFFFAOYSA-N,0.42745577790517,"measured (DoOR consensus, normalised 0-1)"
ORN_VA3,Or67b,HUMNYLRZRPPJDN-UHFFFAOYSA-N,0.745567562306808,"measured (DoOR consensus, normalised 0-1)"
ORN_VA3,Or67b,DTUQWGWMVIHBKE-UHFFFAOYSA-N,0.629402238981357,"measured (DoOR consensus, normalised 0-1)"
ORN_VA3,Or67b,KWOLFJPFCHCOCG-UHFFFAOYSA-N,0.994040252782664,"measured (DoOR consensus, normalised 0-1)"
ORN_VA3,Or67b,QWVGKYWNOKOFNN-UHFFFAOYSA-N,0.0,"measured (DoOR consensus, normalised 0-1)"
ORN_VA3,Or67b,RRAFCDWBNXTKKO-UHFFFAOYSA-N,0.174542876105796,"measured (DoOR consensus, normalised 0-1)"
ORN_VA3,Or67b,RUVINXPYWBROJD-ONEGZZNKSA-N,0.170115121635523,"measured (DoOR consensus, normalised 0-1)"
ORN_VA3,Or67b,ZRSNZINYAWTAHE-UHFFFAOYSA-N,0.134405593208715,"measured (DoOR consensus, normalised 0-1)"
ORN_VA3,Or67b,WTWBUQJHJGUZCY-UHFFFAOYSA-N,0.0929906068386227,"measured (DoOR consensus, normalised 0-1)"
ORN_VA3,Or67b,RDOXTESZEPMUJZ-UHFFFAOYSA-N,0.330289859001862,"measured (DoOR consensus, normalised 0-1)"
ORN_VA3,Or67b,ZYEMGPIYFIJGTP-UHFFFAOYSA-N,0.103200664165487,"measured (DoOR consensus, normalised 0-1)"
ORN_VA3,Or67b,BJIOGJUNALELMI-ONEGZZNKSA-N,0.0776121151369462,"measured (DoOR consensus, normalised 0-1)"
ORN_VA3,Or67b,IWDCLRJOBJJRNH-UHFFFAOYSA-N,0.080273462681241,"measured (DoOR consensus, normalised 0-1)"
ORN_VA3,Or67b,LCHYEKKJCUJAKN-UHFFFAOYSA-N,0.151136830734785,"measured (DoOR consensus, normalised 0-1)"
ORN_VA3,Or67b,JFDZBHWFFUWGJE-UHFFFAOYSA-N,0.534795840582286,"measured (DoOR consensus, normalised 0-1)"
ORN_VA3,Or67b,GEWDNTWNSAZUDX-SNAWJCMRSA-N,0.488403562887682,"measured (DoOR consensus, normalised 0-1)"
ORN_VA3,Or67b,IXQGCWUGDFDQMF-UHFFFAOYSA-N,0.287246818236355,"measured (DoOR consensus, normalised 0-1)"
ORN_VA3,Or67b,LRHPLDYGYMQRHN-UHFFFAOYSA-N,0.577767227267069,"measured (DoOR consensus, normalised 0-1)"
ORN_VA3,Or67b,ZSIAUFGUXNUGDI-UHFFFAOYSA-N,0.792348796205842,"measured (DoOR consensus, normalised 0-1)"
ORN_VA3,Or67b,PHTQWCKDNZKARW-UHFFFAOYSA-N,0.51336148802202,"measured (DoOR consensus, normalised 0-1)"
ORN_VA3,Or67b,VSMOENVRRABVKN-UHFFFAOYSA-N,0.247854144226796,"measured (DoOR consensus, normalised 0-1)"
ORN_VA3,Or67b,UFLHIIWVXFIJGU-ARJAWSKDSA-N,0.958164586828574,"measured (DoOR consensus, normalised 0-1)"
ORN_VA3,Or67b,OWBTYPJTUOEWEK-UHFFFAOYSA-N,0.251398212277669,"measured (DoOR consensus, normalised 0-1)"
ORN_VA3,Or67b,MWKFXSUHUHTGQN-UHFFFAOYSA-N,0.172354210038901,"measured (DoOR consensus, normalised 0-1)"
ORN_VA3,Or67b,MQWCXKGKQLNYQG-UHFFFAOYSA-N,0.92648550672136,"measured (DoOR consensus, normalised 0-1)"
ORN_VA3,Or67b,BBMCTIGTTCKYKF-UHFFFAOYSA-N,0.600455540921842,"measured (DoOR consensus, normalised 0-1)"
ORN_VA3,Or67b,NMRPBPVERJPACX-UHFFFAOYSA-N,0.174246311647343,"measured (DoOR consensus, normalised 0-1)"
ORN_VA3,Or67b,ZWRUINPWMLAQRD-UHFFFAOYSA-N,0.0773489066158559,"measured (DoOR consensus, normalised 0-1)"
ORN_VA3,Or67b,WOFPPJOZXUTRAU-UHFFFAOYSA-N,0.124504963637444,"measured (DoOR consensus, normalised 0-1)"
ORN_VA3,Or67b,CETWDUZRCINIHU-UHFFFAOYSA-N,0.365622515470196,"measured (DoOR consensus, normalised 0-1)"
ORN_VA3,Or67b,QNVRIHYSUZMSGM-UHFFFAOYSA-N,0.693914573320029,"measured (DoOR consensus, normalised 0-1)"
ORN_VA3,Or67b,BVOSSZSHBZQJOI-UHFFFAOYSA-N,0.255974756067706,"measured (DoOR consensus, normalised 0-1)"
ORN_VA3,Or67b,XEKOWRVHYACXOJ-UHFFFAOYSA-N,0.12891840774228,"measured (DoOR consensus, normalised 0-1)"
ORN_VA3,Or67b,YKYONYBAUNKHLG-UHFFFAOYSA-N,0.143119980947599,"measured (DoOR consensus, normalised 0-1)"
ORN_VA3,Or67b,DKPFZGUDAPQIHT-UHFFFAOYSA-N,0.283360082304778,"measured (DoOR consensus, normalised 0-1)"
ORN_VA3,Or67b,PGMYKACGEOXYJE-UHFFFAOYSA-N,0.417257831714552,"measured (DoOR consensus, normalised 0-1)"
ORN_VA3,Or67b,AOGQPLXWSUTHQB-UHFFFAOYSA-N,0.135074897150063,"measured (DoOR consensus, normalised 0-1)"
ORN_VA3,Or67b,MLFHJEHSLIIPHL-UHFFFAOYSA-N,0.14817781741734,"measured (DoOR consensus, normalised 0-1)"
ORN_VA3,Or67b,HRHOWZHRCRZVCU-WAYWQWQTSA-N,0.261849332393009,"measured (DoOR consensus, normalised 0-1)"
ORN_VA3,Or67b,OBNCKNCVKJNDBV-UHFFFAOYSA-N,0.0675524305558351,"measured (DoOR consensus, normalised 0-1)"
ORN_VA3,Or67b,XAPCMTMQBXLDBB-UHFFFAOYSA-N,0.38561199728256,"measured (DoOR consensus, normalised 0-1)"
ORN_VA3,Or67b,YLYBTZIQSIBWLI-UHFFFAOYSA-N,0.0954796458474263,"measured (DoOR consensus, normalised 0-1)"
ORN_VA3,Or67b,XHIUFYZDQBSEMF-UHFFFAOYSA-N,0.237319474565473,"measured (DoOR consensus, normalised 0-1)"
ORN_VA3,Or67b,OMSUIQOIVADKIM-RXMQYKEDSA-N,0.182463864112306,"measured (DoOR consensus, normalised 0-1)"
ORN_VA3,Or67b,OMSUIQOIVADKIM-YFKPBYRVSA-N,0.695507699248782,"measured (DoOR consensus, normalised 0-1)"
ORN_VA3,Or67b,HCRBXQFHJMCTLF-UHFFFAOYSA-N,0.168531834565656,"measured (DoOR consensus, normalised 0-1)"
ORN_VA3,Or67b,ACCRBMDJCPPJDX-UHFFFAOYSA-N,0.112214231065827,"measured (DoOR consensus, normalised 0-1)"
ORN_VA3,Or67b,LYRIITRHDCNUHV-UHFFFAOYSA-N,0.199008199572462,"measured (DoOR consensus, normalised 0-1)"
ORN_VA3,Or67b,ZARFDQHJMNVNLE-WEVVVXLNSA-N,0.174439030978188,"measured (DoOR consensus, normalised 0-1)"
ORN_VA3,Or67b,FFOPEPMHKILNIT-UHFFFAOYSA-N,0.179318504026392,"measured (DoOR consensus, normalised 0-1)"
ORN_VA3,Or67b,YYJWBYNQJLBIGS-PLNGDYQASA-N,0.236600602771721,"measured (DoOR consensus, normalised 0-1)"
ORN_VA3,Or67b,OAPHLAAOJMTMLY-GQCTYLIASA-N,0.20942616589863,"measured (DoOR consensus, normalised 0-1)"
ORN_VA3,Or67b,VUPBIVVRPJDWNW-FNORWQNLSA-N,0.148404336360046,"measured (DoOR consensus, normalised 0-1)"
ORN_VA3,Or67b,PPXUHEORWJQRHJ-UHFFFAOYSA-N,0.184673548626837,"measured (DoOR consensus, normalised 0-1)"
ORN_VA3,Or67b,ZCZSIDMEHXZRLG-UHFFFAOYSA-N,0.195682913947929,"measured (DoOR consensus, normalised 0-1)"
ORN_VA3,Or67b,NPFVOOAXDOBMCE-PLNGDYQASA-N,0.372351117216045,"measured (DoOR consensus, normalised 0-1)"
ORN_VA3,Or67b,OUGPMNMLWKSBRI-UHFFFAOYSA-N,0.639189514665333,"measured (DoOR consensus, normalised 0-1)"
ORN_VA3,Or67b,GSCLMSFRWBPUSK-UHFFFAOYSA-N,0.234977314028179,"measured (DoOR consensus, normalised 0-1)"
ORN_VA3,Or67b,GAEKPEKOJKCEMS-UHFFFAOYSA-N,0.251399639572031,"measured (DoOR consensus, normalised 0-1)"
ORN_VA3,Or67b,VLSVVMPLPMNWBH-UHFFFAOYSA-N,0.576404698612388,"measured (DoOR consensus, normalised 0-1)"
ORN_VA3,Or67b,solvent,0.115594800409267,"measured (DoOR consensus, normalised 0-1)"
ORN_VA3,Or67b,IMNFDUFMRHMDMM-UHFFFAOYSA-N,0.117725713780029,"measured (DoOR consensus, normalised 0-1)"
ORN_VA3,Or67b,TVMXDCGIABBOFY-UHFFFAOYSA-N,0.143809392432392,"measured (DoOR consensus, normalised 0-1)"
ORN_VA3,Or67b,BKIMMITUMNQMOS-UHFFFAOYSA-N,0.14170876105498,"measured (DoOR consensus, normalised 0-1)"
ORN_VA3,Or67b,CURLTUGMZLYLDI-UHFFFAOYSA-N,0.0494277062092985,"measured (DoOR consensus, normalised 0-1)"
ORN_VC1,Or33c,LHXDLQBQYFFVNW-OIBJUYFYSA-N,0.289985402981962,"measured (DoOR consensus, normalised 0-1)"
ORN_VC1,Or33c,MBDOYVRWFFCFHM-SNAWJCMRSA-N,0.179204462516943,"measured (DoOR consensus, normalised 0-1)"
ORN_VC1,Or33c,CATSNJVOTSVZJV-UHFFFAOYSA-N,0.345375873214472,"measured (DoOR consensus, normalised 0-1)"
ORN_VC1,Or33c,JHIVVAPYMSGYDF-UHFFFAOYSA-N,0.452898550724638,"measured (DoOR consensus, normalised 0-1)"
ORN_VC1,Or33c,HUMNYLRZRPPJDN-UHFFFAOYSA-N,0.195495777291211,"measured (DoOR consensus, normalised 0-1)"
ORN_VC1,Or33c,IWDCLRJOBJJRNH-UHFFFAOYSA-N,0.0,"measured (DoOR consensus, normalised 0-1)"
ORN_VC1,Or33c,KLSLBUSXWBJMEC-UHFFFAOYSA-N,0.0358408925033886,"measured (DoOR consensus, normalised 0-1)"
ORN_VC1,Or33c,NMRPBPVERJPACX-UHFFFAOYSA-N,0.198754040246064,"measured (DoOR consensus, normalised 0-1)"
ORN_VC1,Or33c,XEKOWRVHYACXOJ-UHFFFAOYSA-N,0.202012303200918,"measured (DoOR consensus, normalised 0-1)"
ORN_VC1,Or33c,MLFHJEHSLIIPHL-UHFFFAOYSA-N,0.221561880930039,"measured (DoOR consensus, normalised 0-1)"
ORN_VC1,Or33c,solvent,0.0456156813679491,"measured (DoOR consensus, normalised 0-1)"
ORN_VC1,Or85e,LHXDLQBQYFFVNW-OIBJUYFYSA-N,1.0,"measured (DoOR consensus, normalised 0-1)"
ORN_VC1,Or85e,MBDOYVRWFFCFHM-SNAWJCMRSA-N,0.188405797101449,"measured (DoOR consensus, normalised 0-1)"
ORN_VC1,Or85e,CATSNJVOTSVZJV-UHFFFAOYSA-N,0.144927536231884,"measured (DoOR consensus, normalised 0-1)"
ORN_VC1,Or85e,JHIVVAPYMSGYDF-UHFFFAOYSA-N,0.760869565217391,"measured (DoOR consensus, normalised 0-1)"
ORN_VC1,Or85e,HUMNYLRZRPPJDN-UHFFFAOYSA-N,0.264492753623188,"measured (DoOR consensus, normalised 0-1)"
ORN_VC1,Or85e,IWDCLRJOBJJRNH-UHFFFAOYSA-N,0.221014492753623,"measured (DoOR consensus, normalised 0-1)"
ORN_VC1,Or85e,KLSLBUSXWBJMEC-UHFFFAOYSA-N,0.0579710144927536,"measured (DoOR consensus, normalised 0-1)"
ORN_VC1,Or85e,NMRPBPVERJPACX-UHFFFAOYSA-N,0.148550724637681,"measured (DoOR consensus, normalised 0-1)"
ORN_VC1,Or85e,XEKOWRVHYACXOJ-UHFFFAOYSA-N,0.565217391304348,"measured (DoOR consensus, normalised 0-1)"
ORN_VC1,Or85e,MLFHJEHSLIIPHL-UHFFFAOYSA-N,0.264492753623188,"measured (DoOR consensus, normalised 0-1)"
ORN_VC1,Or85e,solvent,0.0398550724637681,"measured (DoOR consensus, normalised 0-1)"
ORN_VA7l,Or46a,LHXDLQBQYFFVNW-OIBJUYFYSA-N,0.0,"measured (DoOR consensus, normalised 0-1)"
ORN_VA7l,Or46a,MBDOYVRWFFCFHM-SNAWJCMRSA-N,0.0310453782662114,"measured (DoOR consensus, normalised 0-1)"
ORN_VA7l,Or46a,CATSNJVOTSVZJV-UHFFFAOYSA-N,0.0150049406184862,"measured (DoOR consensus, normalised 0-1)"
ORN_VA7l,Or46a,JHIVVAPYMSGYDF-UHFFFAOYSA-N,0.0122870472561068,"measured (DoOR consensus, normalised 0-1)"
ORN_VA7l,Or46a,HUMNYLRZRPPJDN-UHFFFAOYSA-N,0.145725182492232,"measured (DoOR consensus, normalised 0-1)"
ORN_VA7l,Or46a,IWDCLRJOBJJRNH-UHFFFAOYSA-N,0.603416124221907,"measured (DoOR consensus, normalised 0-1)"
ORN_VA7l,Or46a,KLSLBUSXWBJMEC-UHFFFAOYSA-N,0.0575189390375305,"measured (DoOR consensus, normalised 0-1)"
ORN_VA7l,Or46a,NMRPBPVERJPACX-UHFFFAOYSA-N,0.000383691987029,"measured (DoOR consensus, normalised 0-1)"
ORN_VA7l,Or46a,XEKOWRVHYACXOJ-UHFFFAOYSA-N,0.0260743867127031,"measured (DoOR consensus, normalised 0-1)"
ORN_VA7l,Or46a,MLFHJEHSLIIPHL-UHFFFAOYSA-N,0.0342392372946749,"measured (DoOR consensus, normalised 0-1)"
ORN_VA7l,Or46a,solvent,0.0700230562196023,"measured (DoOR consensus, normalised 0-1)"
ORN_D,Or69a,QTBSBXVTEAMEQO-UHFFFAOYSA-N,0.270577395577396,"measured (DoOR consensus, normalised 0-1)"
ORN_D,Or69a,XBDQKXXYIPTUBI-UHFFFAOYSA-N,0.532862407862408,"measured (DoOR consensus, normalised 0-1)"
ORN_D,Or69a,FERIUCNNQQJTOY-UHFFFAOYSA-N,0.483108108108108,"measured (DoOR consensus, normalised 0-1)"
ORN_D,Or69a,NQPDZGIKBAWPEJ-UHFFFAOYSA-N,0.533476658476658,"measured (DoOR consensus, normalised 0-1)"
ORN_D,Or69a,FUZZWVXGSFPDMH-UHFFFAOYSA-N,0.108722358722359,"measured (DoOR consensus, normalised 0-1)"
ORN_D,Or69a,MNWFXJYAOYHMED-UHFFFAOYSA-N,0.145577395577396,"measured (DoOR consensus, normalised 0-1)"
ORN_D,Or69a,WWZKQHOCKIZLMA-UHFFFAOYSA-N,0.125614250614251,"measured (DoOR consensus, normalised 0-1)"
ORN_D,Or69a,FBUKVWPVBMHYJY-UHFFFAOYSA-N,0.233108108108108,"measured (DoOR consensus, normalised 0-1)"
ORN_D,Or69a,KQNPFQTWMSNSAP-UHFFFAOYSA-N,0.348587223587224,"measured (DoOR consensus, normalised 0-1)"
ORN_D,Or69a,GWYFCOCPABKNJV-UHFFFAOYSA-N,0.373771498771499,"measured (DoOR consensus, normalised 0-1)"
ORN_D,Or69a,NPNUFJAVOOONJE-GFUGXAQUSA-N,0.246928746928747,"measured (DoOR consensus, normalised 0-1)"
ORN_D,Or69a,HIGQPQRQIQDZMP-DHZHZOJOSA-N,0.38022113022113,"measured (DoOR consensus, normalised 0-1)"
ORN_D,Or69a,WUOACPNHFRMFPN-SECBINFHSA-N,0.764434889434889,"measured (DoOR consensus, normalised 0-1)"
ORN_D,Or69a,GLZPCOQZEFWAFX-JXMROGBWSA-N,0.59551597051597,"measured (DoOR consensus, normalised 0-1)"
ORN_D,Or69a,CDOSHBSSFJOMGT-UHFFFAOYSA-N,0.716216216216216,"measured (DoOR consensus, normalised 0-1)"
ORN_D,Or69a,QMVPMAAFGQKVCJ-SNVBAGLBSA-N,0.695638820638821,"measured (DoOR consensus, normalised 0-1)"
ORN_D,Or69a,ULDHMXUKGWMISQ-SECBINFHSA-N,0.6504914004914,"measured (DoOR consensus, normalised 0-1)"
ORN_D,Or69a,ULDHMXUKGWMISQ-VIFPVBQESA-N,0.625,"measured (DoOR consensus, normalised 0-1)"
ORN_D,Or69a,WEEGYLXZBRQIMU-WAAGHKOSSA-N,0.300675675675676,"measured (DoOR consensus, normalised 0-1)"
ORN_D,Or69a,WTEVQBCEXWBHNA-JXMROGBWSA-N,0.483415233415233,"measured (DoOR consensus, normalised 0-1)"
ORN_D,Or69a,NEHNMFOYXAPHSD-JTQLQIEISA-N,0.476351351351351,"measured (DoOR consensus, normalised 0-1)"
ORN_D,Or69a,LHXDLQBQYFFVNW-OIBJUYFYSA-N,0.331695331695332,"measured (DoOR consensus, normalised 0-1)"
ORN_D,Or69a,XMGQYMWWDOXHJM-JTQLQIEISA-N,0.293304668304668,"measured (DoOR consensus, normalised 0-1)"
ORN_D,Or69a,KMRMUZKLFIEVAO-UHFFFAOYSA-N,0.289004914004914,"measured (DoOR consensus, normalised 0-1)"
ORN_D,Or69a,GRWFGVWFFZKLTI-RKDXNWHRSA-N,0.256756756756757,"measured (DoOR consensus, normalised 0-1)"
ORN_D,Or69a,NZGWDASTMWDZIW-MRVPVSSYSA-N,0.419840294840295,"measured (DoOR consensus, normalised 0-1)"
ORN_D,Or69a,USMNOWBWPHYOEA-MRTMQBJTSA-N,0.369471744471744,"measured (DoOR consensus, normalised 0-1)"
ORN_D,Or69a,RGZSQWQPBWRIAQ-CABCVRRESA-N,0.266891891891892,"measured (DoOR consensus, normalised 0-1)"
ORN_D,Or69a,CRDAMVZIKSXKFV-YFVJMOTDSA-N,0.332309582309582,"measured (DoOR consensus, normalised 0-1)"
ORN_D,Or69a,UZFLPKAIBPNNCA-BQYQJAHWSA-N,0.326781326781327,"measured (DoOR consensus, normalised 0-1)"
ORN_D,Or69a,PSQYTAPXSHCGMF-BQYQJAHWSA-N,0.291769041769042,"measured (DoOR consensus, normalised 0-1)"
ORN_D,Or69a,NBBJYMSMWIIQGU-UHFFFAOYSA-N,0.405405405405405,"measured (DoOR consensus, normalised 0-1)"
ORN_D,Or69a,ZTQSAGDEMFDKMZ-UHFFFAOYSA-N,0.334766584766585,"measured (DoOR consensus, normalised 0-1)"
ORN_D,Or69a,HGBOYTHUEUWSSQ-UHFFFAOYSA-N,0.248771498771499,"measured (DoOR consensus, normalised 0-1)"
ORN_D,Or69a,JARKCYVAAOWBJS-UHFFFAOYSA-N,0.178132678132678,"measured (DoOR consensus, normalised 0-1)"
ORN_D,Or69a,MBDOYVRWFFCFHM-SNAWJCMRSA-N,0.276719901719902,"measured (DoOR consensus, normalised 0-1)"
ORN_D,Or69a,HYBBIBNJHNGZAN-UHFFFAOYSA-N,0.182125307125307,"measured (DoOR consensus, normalised 0-1)"
ORN_D,Or69a,NUJGJRNETVAIRJ-UHFFFAOYSA-N,0.291461916461916,"measured (DoOR consensus, normalised 0-1)"
ORN_D,Or69a,KSMVZQYAVGTKIV-UHFFFAOYSA-N,0.316646191646192,"measured (DoOR consensus, normalised 0-1)"
ORN_D,Or69a,FXHGMKSSBGDXIY-UHFFFAOYSA-N,0.199324324324324,"measured (DoOR consensus, normalised 0-1)"
ORN_D,Or69a,GYHFUZHODSMOHU-UHFFFAOYSA-N,0.367014742014742,"measured (DoOR consensus, normalised 0-1)"
ORN_D,Or69a,CSCPPACGZOOCGX-UHFFFAOYSA-N,0.246007371007371,"measured (DoOR consensus, normalised 0-1)"
ORN_D,Or69a,ZWEHNKRNPOVVGH-UHFFFAOYSA-N,0.23955773955774,"measured (DoOR consensus, normalised 0-1)"
ORN_D,Or69a,CATSNJVOTSVZJV-UHFFFAOYSA-N,0.347358722358722,"measured (DoOR consensus, normalised 0-1)"
ORN_D,Or69a,QSJXEFYPDANLFS-UHFFFAOYSA-N,0.0730958230958231,"measured (DoOR consensus, normalised 0-1)"
ORN_D,Or69a,LABTWGUMFABVFG-ARJAWSKDSA-N,0.248464373464373,"measured (DoOR consensus, normalised 0-1)"
ORN_D,Or69a,QQZOPKMRPOGIEB-UHFFFAOYSA-N,0.261670761670762,"measured (DoOR consensus, normalised 0-1)"
ORN_D,Or69a,PFCHFHIRKBAQGU-UHFFFAOYSA-N,0.248464373464373,"measured (DoOR consensus, normalised 0-1)"
ORN_D,Or69a,JHIVVAPYMSGYDF-UHFFFAOYSA-N,0.223587223587224,"measured (DoOR consensus, normalised 0-1)"
ORN_D,Or69a,ZPVFWPFBNIEHGJ-UHFFFAOYSA-N,0.446867321867322,"measured (DoOR consensus, normalised 0-1)"
ORN_D,Or69a,VKCYHJWLYTUGCC-UHFFFAOYSA-N,0.499385749385749,"measured (DoOR consensus, normalised 0-1)"
ORN_D,Or69a,WRMNZCZEMHIOCP-UHFFFAOYSA-N,0.47051597051597,"measured (DoOR consensus, normalised 0-1)"
ORN_D,Or69a,WVDDGKGOMKODPV-UHFFFAOYSA-N,0.278869778869779,"measured (DoOR consensus, normalised 0-1)"
ORN_D,Or69a,OSWPMRLSEDHDFF-UHFFFAOYSA-N,0.544533169533169,"measured (DoOR consensus, normalised 0-1)"
ORN_D,Or69a,MTZQAGJQAFMTAQ-UHFFFAOYSA-N,0.455159705159705,"measured (DoOR consensus, normalised 0-1)"
ORN_D,Or69a,HUMNYLRZRPPJDN-UHFFFAOYSA-N,0.146191646191646,"measured (DoOR consensus, normalised 0-1)"
ORN_D,Or69a,RRAFCDWBNXTKKO-UHFFFAOYSA-N,0.492628992628993,"measured (DoOR consensus, normalised 0-1)"
ORN_D,Or69a,RUVINXPYWBROJD-ONEGZZNKSA-N,0.32985257985258,"measured (DoOR consensus, normalised 0-1)"
ORN_D,Or69a,ZRSNZINYAWTAHE-UHFFFAOYSA-N,0.539004914004914,"measured (DoOR consensus, normalised 0-1)"
ORN_D,Or69a,WTWBUQJHJGUZCY-UHFFFAOYSA-N,0.339373464373464,"measured (DoOR consensus, normalised 0-1)"
ORN_D,Or69a,RDOXTESZEPMUJZ-UHFFFAOYSA-N,0.281941031941032,"measured (DoOR consensus, normalised 0-1)"
ORN_D,Or69a,ZYEMGPIYFIJGTP-UHFFFAOYSA-N,0.356572481572482,"measured (DoOR consensus, normalised 0-1)"
ORN_D,Or69a,BJIOGJUNALELMI-ONEGZZNKSA-N,0.312346437346437,"measured (DoOR consensus, normalised 0-1)"
ORN_D,Or69a,IWDCLRJOBJJRNH-UHFFFAOYSA-N,0.584152334152334,"measured (DoOR consensus, normalised 0-1)"
ORN_D,Or69a,LCHYEKKJCUJAKN-UHFFFAOYSA-N,0.363636363636364,"measured (DoOR consensus, normalised 0-1)"
ORN_D,Or69a,JFDZBHWFFUWGJE-UHFFFAOYSA-N,0.511977886977887,"measured (DoOR consensus, normalised 0-1)"
ORN_D,Or69a,GEWDNTWNSAZUDX-SNAWJCMRSA-N,0.272727272727273,"measured (DoOR consensus, normalised 0-1)"
ORN_D,Or69a,IXQGCWUGDFDQMF-UHFFFAOYSA-N,0.356265356265356,"measured (DoOR consensus, normalised 0-1)"
ORN_D,Or69a,PHTQWCKDNZKARW-UHFFFAOYSA-N,0.343058968058968,"measured (DoOR consensus, normalised 0-1)"
ORN_D,Or69a,UFLHIIWVXFIJGU-ARJAWSKDSA-N,0.478194103194103,"measured (DoOR consensus, normalised 0-1)"
ORN_D,Or69a,OWBTYPJTUOEWEK-UHFFFAOYSA-N,0.276412776412776,"measured (DoOR consensus, normalised 0-1)"
ORN_D,Or69a,MWKFXSUHUHTGQN-UHFFFAOYSA-N,0.615786240786241,"measured (DoOR consensus, normalised 0-1)"
ORN_D,Or69a,MQWCXKGKQLNYQG-UHFFFAOYSA-N,0.635135135135135,"measured (DoOR consensus, normalised 0-1)"
ORN_D,Or69a,NMRPBPVERJPACX-UHFFFAOYSA-N,0.740786240786241,"measured (DoOR consensus, normalised 0-1)"
ORN_D,Or69a,WOFPPJOZXUTRAU-UHFFFAOYSA-N,0.651105651105651,"measured (DoOR consensus, normalised 0-1)"
ORN_D,Or69a,CETWDUZRCINIHU-UHFFFAOYSA-N,0.679361179361179,"measured (DoOR consensus, normalised 0-1)"
ORN_D,Or69a,QNVRIHYSUZMSGM-UHFFFAOYSA-N,0.470208845208845,"measured (DoOR consensus, normalised 0-1)"
ORN_D,Or69a,BVOSSZSHBZQJOI-UHFFFAOYSA-N,0.429668304668305,"measured (DoOR consensus, normalised 0-1)"
ORN_D,Or69a,DKPFZGUDAPQIHT-UHFFFAOYSA-N,0.323402948402948,"measured (DoOR consensus, normalised 0-1)"
ORN_D,Or69a,AOGQPLXWSUTHQB-UHFFFAOYSA-N,0.508599508599509,"measured (DoOR consensus, normalised 0-1)"
ORN_D,Or69a,HRHOWZHRCRZVCU-WAYWQWQTSA-N,0.566646191646192,"measured (DoOR consensus, normalised 0-1)"
ORN_D,Or69a,XAPCMTMQBXLDBB-UHFFFAOYSA-N,0.415540540540541,"measured (DoOR consensus, normalised 0-1)"
ORN_D,Or69a,YLYBTZIQSIBWLI-UHFFFAOYSA-N,0.41031941031941,"measured (DoOR consensus, normalised 0-1)"
ORN_D,Or69a,XHIUFYZDQBSEMF-UHFFFAOYSA-N,0.437039312039312,"measured (DoOR consensus, normalised 0-1)"
ORN_D,Or69a,OMSUIQOIVADKIM-RXMQYKEDSA-N,0.372542997542998,"measured (DoOR consensus, normalised 0-1)"
ORN_D,Or69a,OMSUIQOIVADKIM-YFKPBYRVSA-N,0.707002457002457,"measured (DoOR consensus, normalised 0-1)"
ORN_D,Or69a,HCRBXQFHJMCTLF-UHFFFAOYSA-N,0.368857493857494,"measured (DoOR consensus, normalised 0-1)"
ORN_D,Or69a,ACCRBMDJCPPJDX-UHFFFAOYSA-N,0.648648648648649,"measured (DoOR consensus, normalised 0-1)"
ORN_D,Or69a,LYRIITRHDCNUHV-UHFFFAOYSA-N,0.811117936117936,"measured (DoOR consensus, normalised 0-1)"
ORN_D,Or69a,ZARFDQHJMNVNLE-WEVVVXLNSA-N,0.495700245700246,"measured (DoOR consensus, normalised 0-1)"
ORN_D,Or69a,FFOPEPMHKILNIT-UHFFFAOYSA-N,0.410933660933661,"measured (DoOR consensus, normalised 0-1)"
ORN_D,Or69a,YYJWBYNQJLBIGS-PLNGDYQASA-N,0.446560196560196,"measured (DoOR consensus, normalised 0-1)"
ORN_D,Or69a,OAPHLAAOJMTMLY-GQCTYLIASA-N,0.412469287469287,"measured (DoOR consensus, normalised 0-1)"
ORN_D,Or69a,VUPBIVVRPJDWNW-FNORWQNLSA-N,0.371621621621622,"measured (DoOR consensus, normalised 0-1)"
ORN_D,Or69a,PPXUHEORWJQRHJ-UHFFFAOYSA-N,0.403562653562654,"measured (DoOR consensus, normalised 0-1)"
ORN_D,Or69a,ZCZSIDMEHXZRLG-UHFFFAOYSA-N,0.432432432432432,"measured (DoOR consensus, normalised 0-1)"
ORN_D,Or69a,NPFVOOAXDOBMCE-PLNGDYQASA-N,0.582309582309582,"measured (DoOR consensus, normalised 0-1)"
ORN_D,Or69a,OUGPMNMLWKSBRI-UHFFFAOYSA-N,0.459152334152334,"measured (DoOR consensus, normalised 0-1)"
ORN_D,Or69a,IEMMBWWQXVXBEU-UHFFFAOYSA-N,0.296683046683047,"measured (DoOR consensus, normalised 0-1)"
ORN_D,Or69a,GSCLMSFRWBPUSK-UHFFFAOYSA-N,0.17014742014742,"measured (DoOR consensus, normalised 0-1)"
ORN_D,Or69a,GAEKPEKOJKCEMS-UHFFFAOYSA-N,0.326474201474201,"measured (DoOR consensus, normalised 0-1)"
ORN_D,Or69a,VLSVVMPLPMNWBH-UHFFFAOYSA-N,0.547297297297297,"measured (DoOR consensus, normalised 0-1)"
ORN_D,Or69a,solvent,0.226044226044226,"measured (DoOR consensus, normalised 0-1)"
ORN_D,Or69a,IMNFDUFMRHMDMM-UHFFFAOYSA-N,0.232493857493857,"measured (DoOR consensus, normalised 0-1)"
ORN_D,Or69a,TVMXDCGIABBOFY-UHFFFAOYSA-N,0.237100737100737,"measured (DoOR consensus, normalised 0-1)"
ORN_D,Or69a,BKIMMITUMNQMOS-UHFFFAOYSA-N,0.19502457002457,"measured (DoOR consensus, normalised 0-1)"
ORN_VM7v,Or59c,XLYOFNOQVPJJNP-UHFFFAOYSA-N,0.0368535242075764,"measured (DoOR consensus, normalised 0-1)"
ORN_VM7v,Or59c,VHUUQVKOLVNVRT-UHFFFAOYSA-N,0.0347747981863689,"measured (DoOR consensus, normalised 0-1)"
ORN_VM7v,Or59c,KIDHWZJUCRJVML-UHFFFAOYSA-N,0.0644005073169174,"measured (DoOR consensus, normalised 0-1)"
ORN_VM7v,Or59c,HIGQPQRQIQDZMP-DHZHZOJOSA-N,0.0295927716819017,"measured (DoOR consensus, normalised 0-1)"
ORN_VM7v,Or59c,LHXDLQBQYFFVNW-OIBJUYFYSA-N,0.0341330045073227,"measured (DoOR consensus, normalised 0-1)"
ORN_VM7v,Or59c,NBBJYMSMWIIQGU-UHFFFAOYSA-N,0.0509668578558422,"measured (DoOR consensus, normalised 0-1)"
ORN_VM7v,Or59c,MBDOYVRWFFCFHM-SNAWJCMRSA-N,0.0394810569546046,"measured (DoOR consensus, normalised 0-1)"
ORN_VM7v,Or59c,CSCPPACGZOOCGX-UHFFFAOYSA-N,0.0107639767811735,"measured (DoOR consensus, normalised 0-1)"
ORN_VM7v,Or59c,ZWEHNKRNPOVVGH-UHFFFAOYSA-N,0.0326873801250992,"measured (DoOR consensus, normalised 0-1)"
ORN_VM7v,Or59c,CATSNJVOTSVZJV-UHFFFAOYSA-N,0.179765720358832,"measured (DoOR consensus, normalised 0-1)"
ORN_VM7v,Or59c,UHEPJGULSIKKTP-UHFFFAOYSA-N,0.281501986257252,"measured (DoOR consensus, normalised 0-1)"
ORN_VM7v,Or59c,JHIVVAPYMSGYDF-UHFFFAOYSA-N,0.0791008481021574,"measured (DoOR consensus, normalised 0-1)"
ORN_VM7v,Or59c,HUMNYLRZRPPJDN-UHFFFAOYSA-N,0.0529502210511303,"measured (DoOR consensus, normalised 0-1)"
ORN_VM7v,Or59c,QWVGKYWNOKOFNN-UHFFFAOYSA-N,0.0282067921616675,"measured (DoOR consensus, normalised 0-1)"
ORN_VM7v,Or59c,IWDCLRJOBJJRNH-UHFFFAOYSA-N,0.0367192057939992,"measured (DoOR consensus, normalised 0-1)"
ORN_VM7v,Or59c,KLSLBUSXWBJMEC-UHFFFAOYSA-N,0.0341330045073227,"measured (DoOR consensus, normalised 0-1)"
ORN_VM7v,Or59c,VSMOENVRRABVKN-UHFFFAOYSA-N,0.203777487497799,"measured (DoOR consensus, normalised 0-1)"
ORN_VM7v,Or59c,NMRPBPVERJPACX-UHFFFAOYSA-N,0.239471659661079,"measured (DoOR consensus, normalised 0-1)"
ORN_VM7v,Or59c,KXKVLQRXCPHEJC-UHFFFAOYSA-N,0.151141524980798,"measured (DoOR consensus, normalised 0-1)"
ORN_VM7v,Or59c,XEKOWRVHYACXOJ-UHFFFAOYSA-N,0.108164996439775,"measured (DoOR consensus, normalised 0-1)"
ORN_VM7v,Or59c,MLFHJEHSLIIPHL-UHFFFAOYSA-N,0.128991693833532,"measured (DoOR consensus, normalised 0-1)"
ORN_VM7v,Or59c,HRHOWZHRCRZVCU-WAYWQWQTSA-N,0.148809924706178,"measured (DoOR consensus, normalised 0-1)"
ORN_VM7v,Or59c,OBNCKNCVKJNDBV-UHFFFAOYSA-N,0.349307684406771,"measured (DoOR consensus, normalised 0-1)"
ORN_VM7v,Or59c,ICMAFTSLXCXHRK-UHFFFAOYSA-N,0.166461985608607,"measured (DoOR consensus, normalised 0-1)"
ORN_VM7v,Or59c,solvent,0.0345992146249056,"measured (DoOR consensus, normalised 0-1)"
ORN_VM7v,Or59c,QCCDLTOVEPVEJK-UHFFFAOYSA-N,0.170949261741663,"measured (DoOR consensus, normalised 0-1)"
ORN_VM7v,Or59c,ZKQDCIXGCQPQNV-UHFFFAOYSA-N,0.0944581914935501,"measured (DoOR consensus, normalised 0-1)"
ORN_VM7v,Or59c,CRVGTESFCCXCTH-UHFFFAOYSA-N,0.0450032170197805,"measured (DoOR consensus, normalised 0-1)"
ORN_VM7v,Or59c,AKNUHUCEWALCOI-UHFFFAOYSA-O,0.0,"measured (DoOR consensus, normalised 0-1)"
ORN_VM7v,Or59c,OSPSWZSRKYCQPF-UHFFFAOYSA-N,0.188370958338623,"measured (DoOR consensus, normalised 0-1)"
ORN_VM7v,Or59c,BDZBKCUKTQZUTL-UHFFFAOYSA-N,0.122799416169456,"measured (DoOR consensus, normalised 0-1)"
ORN_VM7v,Or59c,DWCLXOREGBLXTD-UHFFFAOYSA-N,0.0021527953562347,"measured (DoOR consensus, normalised 0-1)"
ORN_VM7v,Or59c,YIWUKEYIRIRTPP-UHFFFAOYSA-N,0.104274259925628,"measured (DoOR consensus, normalised 0-1)"
ORN_VM7v,Or59c,VKYKSIONXSXAKP-UHFFFAOYSA-N,0.026327974892313,"measured (DoOR consensus, normalised 0-1)"
ORN_VM7v,Or59c,MHAJPDPJQMAIIY-UHFFFAOYSA-N,0.0389112456700836,"measured (DoOR consensus, normalised 0-1)"
ORN_VM7v,Or59c,GRYLNZFGIOXLOG-UHFFFAOYSA-N,0.0842434897133231,"measured (DoOR consensus, normalised 0-1)"
ORN_VM7v,Or59c,LYGJENNIWJXYER-UHFFFAOYSA-N,0.0129167721374082,"measured (DoOR consensus, normalised 0-1)"
ORN_VM7v,Or59c,WFDIJRYMOXRFFG-UHFFFAOYSA-N,0.104274259925628,"measured (DoOR consensus, normalised 0-1)"
ORN_VM7v,Or59c,ZHNUHDYFZUAESO-UHFFFAOYSA-N,0.0568056519599124,"measured (DoOR consensus, normalised 0-1)"
ORN_VM7v,Or59c,WGSVFWFSJDAYBM-BQYQJAHWSA-N,0.0193751582061124,"measured (DoOR consensus, normalised 0-1)"
ORN_VM7v,Or59c,ZMQAAUBTXCXRIC-UHFFFAOYSA-N,0.0894021149734399,"measured (DoOR consensus, normalised 0-1)"
ORN_VM7v,Or59c,FHIVAFMUCKRCQO-UHFFFAOYSA-N,0.131550504950838,"measured (DoOR consensus, normalised 0-1)"
ORN_VM7v,Or59c,RDYMFSUJUZBWLH-UHFFFAOYSA-N,0.0326873801250992,"measured (DoOR consensus, normalised 0-1)"
ORN_VM7v,Or59c,YLMGFJXSLBMXHK-UHFFFAOYSA-M,0.0193751582061124,"measured (DoOR consensus, normalised 0-1)"
ORN_VM7v,Or59c,BAZAXWOYCMUHIX-UHFFFAOYSA-M,0.0568056519599124,"measured (DoOR consensus, normalised 0-1)"
ORN_VM7v,Or59c,RWSOTUBLDIXVET-UHFFFAOYSA-N,0.0326873801250992,"measured (DoOR consensus, normalised 0-1)"
ORN_VM7v,Or59c,XTFIVUDBNACUBN-UHFFFAOYSA-N,0.0086111814249388,"measured (DoOR consensus, normalised 0-1)"
ORN_VM7v,Or59c,HMWPNDNFTFSCEB-UHFFFAOYSA-N,0.0215279535623471,"measured (DoOR consensus, normalised 0-1)"
ORN_VM7v,Or59c,SNIOPGDIGTZGOP-UHFFFAOYSA-N,0.0326873801250992,"measured (DoOR consensus, normalised 0-1)"
ORN_VM7v,Or59c,TZRXHJWUDPFEEY-UHFFFAOYSA-N,0.0215279535623471,"measured (DoOR consensus, normalised 0-1)"
ORN_VM7v,Or59c,ZTLXICJMNFREPA-UHFFFAOYSA-N,0.0450032170197805,"measured (DoOR consensus, normalised 0-1)"
ORN_VM7v,Or59c,SPSSULHKWOKEEL-UHFFFAOYSA-N,0.0326873801250992,"measured (DoOR consensus, normalised 0-1)"
ORN_DL2v,ac3A,XLYOFNOQVPJJNP-UHFFFAOYSA-N,0.22250973104288,"measured (DoOR consensus, normalised 0-1)"
ORN_DL2v,ac3A,VHUUQVKOLVNVRT-UHFFFAOYSA-N,0.0718763493728658,"measured (DoOR consensus, normalised 0-1)"
ORN_DL2v,ac3A,KIDHWZJUCRJVML-UHFFFAOYSA-N,0.189888734613282,"measured (DoOR consensus, normalised 0-1)"
ORN_DL2v,ac3A,VHRGRCVQAFMJIZ-UHFFFAOYSA-N,0.165465106956345,"measured (DoOR consensus, normalised 0-1)"
ORN_DL2v,ac3A,QGZKDVFQNNGYKY-UHFFFAOYSA-N,0.0697364032766704,"measured (DoOR consensus, normalised 0-1)"
ORN_DL2v,ac3A,WJYIASZWHGOTOU-UHFFFAOYSA-N,0.045201353901343,"measured (DoOR consensus, normalised 0-1)"
ORN_DL2v,ac3A,BMFVGAAISNGQNM-UHFFFAOYSA-N,0.0482570370871988,"measured (DoOR consensus, normalised 0-1)"
ORN_DL2v,ac3A,ROSDSFDQCJNGOL-UHFFFAOYSA-N,0.0881545733685315,"measured (DoOR consensus, normalised 0-1)"
ORN_DL2v,ac3A,JBFHTYHTHYHCDJ-UHFFFAOYSA-N,0.13726182405347,"measured (DoOR consensus, normalised 0-1)"
ORN_DL2v,ac3A,QTBSBXVTEAMEQO-UHFFFAOYSA-N,0.465392008125088,"measured (DoOR consensus, normalised 0-1)"
ORN_DL2v,ac3A,XBDQKXXYIPTUBI-UHFFFAOYSA-N,0.439128435997955,"measured (DoOR consensus, normalised 0-1)"
ORN_DL2v,ac3A,FERIUCNNQQJTOY-UHFFFAOYSA-N,0.36667538165228,"measured (DoOR consensus, normalised 0-1)"
ORN_DL2v,ac3A,FUZZWVXGSFPDMH-UHFFFAOYSA-N,0.19487511833845,"measured (DoOR consensus, normalised 0-1)"
ORN_DL2v,ac3A,GWYFCOCPABKNJV-UHFFFAOYSA-N,0.34632796581749,"measured (DoOR consensus, normalised 0-1)"
ORN_DL2v,ac3A,HIGQPQRQIQDZMP-DHZHZOJOSA-N,0.0529305770830602,"measured (DoOR consensus, normalised 0-1)"
ORN_DL2v,ac3A,NBBJYMSMWIIQGU-UHFFFAOYSA-N,0.481366631109162,"measured (DoOR consensus, normalised 0-1)"
ORN_DL2v,ac3A,ZTQSAGDEMFDKMZ-UHFFFAOYSA-N,0.41567580851338,"measured (DoOR consensus, normalised 0-1)"
ORN_DL2v,ac3A,HGBOYTHUEUWSSQ-UHFFFAOYSA-N,0.273984214791691,"measured (DoOR consensus, normalised 0-1)"
ORN_DL2v,ac3A,JARKCYVAAOWBJS-UHFFFAOYSA-N,0.222391148583407,"measured (DoOR consensus, normalised 0-1)"
ORN_DL2v,ac3A,MBDOYVRWFFCFHM-SNAWJCMRSA-N,0.256694368003597,"measured (DoOR consensus, normalised 0-1)"
ORN_DL2v,ac3A,NUJGJRNETVAIRJ-UHFFFAOYSA-N,0.217614890581162,"measured (DoOR consensus, normalised 0-1)"
ORN_DL2v,ac3A,KSMVZQYAVGTKIV-UHFFFAOYSA-N,0.126967100493652,"measured (DoOR consensus, normalised 0-1)"
ORN_DL2v,ac3A,FXHGMKSSBGDXIY-UHFFFAOYSA-N,0.126967100493652,"measured (DoOR consensus, normalised 0-1)"
ORN_DL2v,ac3A,GYHFUZHODSMOHU-UHFFFAOYSA-N,0.11619953863761,"measured (DoOR consensus, normalised 0-1)"
ORN_DL2v,ac3A,NDFKTBCGKNOHPJ-AATRIKPKSA-N,0.0816799569686543,"measured (DoOR consensus, normalised 0-1)"
ORN_DL2v,ac3A,CSCPPACGZOOCGX-UHFFFAOYSA-N,0.0720601347565533,"measured (DoOR consensus, normalised 0-1)"
ORN_DL2v,ac3A,ZWEHNKRNPOVVGH-UHFFFAOYSA-N,0.0509227417574253,"measured (DoOR consensus, normalised 0-1)"
ORN_DL2v,ac3A,XNLICIUVMPYHGG-UHFFFAOYSA-N,0.0523312813350066,"measured (DoOR consensus, normalised 0-1)"
ORN_DL2v,ac3A,CATSNJVOTSVZJV-UHFFFAOYSA-N,0.0934742995441683,"measured (DoOR consensus, normalised 0-1)"
ORN_DL2v,ac3A,UHEPJGULSIKKTP-UHFFFAOYSA-N,0.0562625432129896,"measured (DoOR consensus, normalised 0-1)"
ORN_DL2v,ac3A,QSJXEFYPDANLFS-UHFFFAOYSA-N,0.260745573801481,"measured (DoOR consensus, normalised 0-1)"
ORN_DL2v,ac3A,QQZOPKMRPOGIEB-UHFFFAOYSA-N,0.126967100493652,"measured (DoOR consensus, normalised 0-1)"
ORN_DL2v,ac3A,JHIVVAPYMSGYDF-UHFFFAOYSA-N,0.0549837904073462,"measured (DoOR consensus, normalised 0-1)"
ORN_DL2v,ac3A,ZPVFWPFBNIEHGJ-UHFFFAOYSA-N,0.126967100493652,"measured (DoOR consensus, normalised 0-1)"
ORN_DL2v,ac3A,VKCYHJWLYTUGCC-UHFFFAOYSA-N,0.222391148583407,"measured (DoOR consensus, normalised 0-1)"
ORN_DL2v,ac3A,WRMNZCZEMHIOCP-UHFFFAOYSA-N,0.0439746348883611,"measured (DoOR consensus, normalised 0-1)"
ORN_DL2v,ac3A,WVDDGKGOMKODPV-UHFFFAOYSA-N,0.0577605475273534,"measured (DoOR consensus, normalised 0-1)"
ORN_DL2v,ac3A,HUMNYLRZRPPJDN-UHFFFAOYSA-N,0.106280260771848,"measured (DoOR consensus, normalised 0-1)"
ORN_DL2v,ac3A,DTUQWGWMVIHBKE-UHFFFAOYSA-N,0.107313317139844,"measured (DoOR consensus, normalised 0-1)"
ORN_DL2v,ac3A,QWVGKYWNOKOFNN-UHFFFAOYSA-N,0.068641422668575,"measured (DoOR consensus, normalised 0-1)"
ORN_DL2v,ac3A,SUSQOBVLVYHIEX-UHFFFAOYSA-N,0.0934742995441683,"measured (DoOR consensus, normalised 0-1)"
ORN_DL2v,ac3A,QUKGYYKBILRGFE-UHFFFAOYSA-N,0.147049641696473,"measured (DoOR consensus, normalised 0-1)"
ORN_DL2v,ac3A,LRHPLDYGYMQRHN-UHFFFAOYSA-N,0.0472384760252469,"measured (DoOR consensus, normalised 0-1)"
ORN_DL2v,ac3A,AMQJEAYHLZJPGS-UHFFFAOYSA-N,0.11619953863761,"measured (DoOR consensus, normalised 0-1)"
ORN_DL2v,ac3A,ZSIAUFGUXNUGDI-UHFFFAOYSA-N,0.180944798172772,"measured (DoOR consensus, normalised 0-1)"
ORN_DL2v,ac3A,KBPLFHHGFOOTCA-UHFFFAOYSA-N,0.238631037333754,"measured (DoOR consensus, normalised 0-1)"
ORN_DL2v,ac3A,PHTQWCKDNZKARW-UHFFFAOYSA-N,0.045201353901343,"measured (DoOR consensus, normalised 0-1)"
ORN_DL2v,ac3A,VSMOENVRRABVKN-UHFFFAOYSA-N,0.273788969137257,"measured (DoOR consensus, normalised 0-1)"
ORN_DL2v,ac3A,UFLHIIWVXFIJGU-ARJAWSKDSA-N,0.0934742995441683,"measured (DoOR consensus, normalised 0-1)"
ORN_DL2v,ac3A,OWBTYPJTUOEWEK-UHFFFAOYSA-N,0.174163377378049,"measured (DoOR consensus, normalised 0-1)"
ORN_DL2v,ac3A,MWKFXSUHUHTGQN-UHFFFAOYSA-N,0.126967100493652,"measured (DoOR consensus, normalised 0-1)"
ORN_DL2v,ac3A,ZWRUINPWMLAQRD-UHFFFAOYSA-N,0.13726182405347,"measured (DoOR consensus, normalised 0-1)"
ORN_DL2v,ac3A,ZXEKIIBDNHEJCQ-UHFFFAOYSA-N,0.0492755981491507,"measured (DoOR consensus, normalised 0-1)"
ORN_DL2v,ac3A,XEKOWRVHYACXOJ-UHFFFAOYSA-N,0.0494364127352381,"measured (DoOR consensus, normalised 0-1)"
ORN_DL2v,ac3A,DKPFZGUDAPQIHT-UHFFFAOYSA-N,0.0697364032766704,"measured (DoOR consensus, normalised 0-1)"
ORN_DL2v,ac3A,PGMYKACGEOXYJE-UHFFFAOYSA-N,0.0449921083217101,"measured (DoOR consensus, normalised 0-1)"
ORN_DL2v,ac3A,AOGQPLXWSUTHQB-UHFFFAOYSA-N,0.105011317820329,"measured (DoOR consensus, normalised 0-1)"
ORN_DL2v,ac3A,OBNCKNCVKJNDBV-UHFFFAOYSA-N,0.0720601347565533,"measured (DoOR consensus, normalised 0-1)"
ORN_DL2v,ac3A,ICMAFTSLXCXHRK-UHFFFAOYSA-N,0.117287373779471,"measured (DoOR consensus, normalised 0-1)"
ORN_DL2v,ac3A,solvent,0.0800035096747026,"measured (DoOR consensus, normalised 0-1)"
ORN_DL2v,ac3A,RWRDLPDLKQPQOW-UHFFFAOYSA-N,0.0461906474647972,"measured (DoOR consensus, normalised 0-1)"
ORN_DL2v,ac3A,BHHGXPLMPWCGHP-UHFFFAOYSA-N,0.0,"measured (DoOR consensus, normalised 0-1)"
ORN_DL2v,ac3A,JUJWROOIHBZHMG-UHFFFAOYSA-N,0.0134993793647119,"measured (DoOR consensus, normalised 0-1)"
ORN_DL2v,ac3A,KDVFRMMRZOCFLS-UHFFFAOYSA-N,0.282798218857335,"measured (DoOR consensus, normalised 0-1)"
ORN_DL2v,ac3A,QUSNBJAOOMFDIB-UHFFFAOYSA-N,0.029662039899269,"measured (DoOR consensus, normalised 0-1)"
ORN_DL2v,ac3A,WLJVXDMOQOGPHL-UHFFFAOYSA-N,0.184697260946632,"measured (DoOR consensus, normalised 0-1)"
ORN_DL2v,ac3A,ATHGHQPFGPMSJY-UHFFFAOYSA-N,0.209015979237621,"measured (DoOR consensus, normalised 0-1)"
ORN_DL2v,ac3A,QCCDLTOVEPVEJK-UHFFFAOYSA-N,0.0720601347565533,"measured (DoOR consensus, normalised 0-1)"
ORN_DL2v,ac3A,ZKQDCIXGCQPQNV-UHFFFAOYSA-N,0.198044559734483,"measured (DoOR consensus, normalised 0-1)"
ORN_DL2v,ac3A,CRVGTESFCCXCTH-UHFFFAOYSA-N,0.0828483216131951,"measured (DoOR consensus, normalised 0-1)"
ORN_DL2v,ac3A,AKNUHUCEWALCOI-UHFFFAOYSA-O,0.0516128628102597,"measured (DoOR consensus, normalised 0-1)"
ORN_DL2v,ac3A,OSPSWZSRKYCQPF-UHFFFAOYSA-N,0.0318570266363393,"measured (DoOR consensus, normalised 0-1)"
ORN_DL2v,ac3A,BDZBKCUKTQZUTL-UHFFFAOYSA-N,0.0828483216131951,"measured (DoOR consensus, normalised 0-1)"
ORN_DL2v,ac3A,DWCLXOREGBLXTD-UHFFFAOYSA-N,0.0576025436675324,"measured (DoOR consensus, normalised 0-1)"
ORN_DL2v,ac3A,YIWUKEYIRIRTPP-UHFFFAOYSA-N,0.0885345446770907,"measured (DoOR consensus, normalised 0-1)"
ORN_DL2v,ac3A,VKYKSIONXSXAKP-UHFFFAOYSA-N,0.0576025436675324,"measured (DoOR consensus, normalised 0-1)"
ORN_DL2v,ac3A,MHAJPDPJQMAIIY-UHFFFAOYSA-N,0.119452441076819,"measured (DoOR consensus, normalised 0-1)"
ORN_DL2v,ac3A,GRYLNZFGIOXLOG-UHFFFAOYSA-N,0.112987972004003,"measured (DoOR consensus, normalised 0-1)"
ORN_DL2v,ac3A,LYGJENNIWJXYER-UHFFFAOYSA-N,0.0669686751560394,"measured (DoOR consensus, normalised 0-1)"
ORN_DL2v,ac3A,WFDIJRYMOXRFFG-UHFFFAOYSA-N,0.0720601347565533,"measured (DoOR consensus, normalised 0-1)"
ORN_DL2v,ac3A,ZHNUHDYFZUAESO-UHFFFAOYSA-N,0.0944043900839299,"measured (DoOR consensus, normalised 0-1)"
ORN_DL2v,ac3A,WGSVFWFSJDAYBM-BQYQJAHWSA-N,0.112987972004003,"measured (DoOR consensus, normalised 0-1)"
ORN_DL2v,ac3A,ZMQAAUBTXCXRIC-UHFFFAOYSA-N,0.106646356011785,"measured (DoOR consensus, normalised 0-1)"
ORN_DL2v,ac3A,FHIVAFMUCKRCQO-UHFFFAOYSA-N,0.0555940468248693,"measured (DoOR consensus, normalised 0-1)"
ORN_DL2v,ac3A,RDYMFSUJUZBWLH-UHFFFAOYSA-N,0.0720601347565533,"measured (DoOR consensus, normalised 0-1)"
ORN_DL2v,ac3A,YLMGFJXSLBMXHK-UHFFFAOYSA-M,0.13266493725284,"measured (DoOR consensus, normalised 0-1)"
ORN_DL2v,ac3A,BAZAXWOYCMUHIX-UHFFFAOYSA-M,0.172815834965297,"measured (DoOR consensus, normalised 0-1)"
ORN_DL2v,ac3A,RWSOTUBLDIXVET-UHFFFAOYSA-N,0.112987972004003,"measured (DoOR consensus, normalised 0-1)"
ORN_DL2v,ac3A,XTFIVUDBNACUBN-UHFFFAOYSA-N,0.0720601347565533,"measured (DoOR consensus, normalised 0-1)"
ORN_DL2v,ac3A,HMWPNDNFTFSCEB-UHFFFAOYSA-N,0.100446339421622,"measured (DoOR consensus, normalised 0-1)"
ORN_DL2v,ac3A,SNIOPGDIGTZGOP-UHFFFAOYSA-N,0.0944043900839299,"measured (DoOR consensus, normalised 0-1)"
ORN_DL2v,ac3A,TZRXHJWUDPFEEY-UHFFFAOYSA-N,0.0476616955754756,"measured (DoOR consensus, normalised 0-1)"
ORN_DL2v,ac3A,ZTLXICJMNFREPA-UHFFFAOYSA-N,0.0535884464276517,"measured (DoOR consensus, normalised 0-1)"
ORN_DL2v,ac3A,SPSSULHKWOKEEL-UHFFFAOYSA-N,0.0720601347565533,"measured (DoOR consensus, normalised 0-1)"
ORN_DL2v,ac3A,XLYOFNOQVPJJNP-UHFFFAOYSA-N,0.22250973104288,"measured (DoOR consensus, normalised 0-1)"
ORN_DL2v,ac3A,VHUUQVKOLVNVRT-UHFFFAOYSA-N,0.0718763493728658,"measured (DoOR consensus, normalised 0-1)"
ORN_DL2v,ac3A,KIDHWZJUCRJVML-UHFFFAOYSA-N,0.189888734613282,"measured (DoOR consensus, normalised 0-1)"
ORN_DL2v,ac3A,VHRGRCVQAFMJIZ-UHFFFAOYSA-N,0.165465106956345,"measured (DoOR consensus, normalised 0-1)"
ORN_DL2v,ac3A,QGZKDVFQNNGYKY-UHFFFAOYSA-N,0.0697364032766704,"measured (DoOR consensus, normalised 0-1)"
ORN_DL2v,ac3A,WJYIASZWHGOTOU-UHFFFAOYSA-N,0.045201353901343,"measured (DoOR consensus, normalised 0-1)"
ORN_DL2v,ac3A,BMFVGAAISNGQNM-UHFFFAOYSA-N,0.0482570370871988,"measured (DoOR consensus, normalised 0-1)"
ORN_DL2v,ac3A,ROSDSFDQCJNGOL-UHFFFAOYSA-N,0.0881545733685315,"measured (DoOR consensus, normalised 0-1)"
ORN_DL2v,ac3A,JBFHTYHTHYHCDJ-UHFFFAOYSA-N,0.13726182405347,"measured (DoOR consensus, normalised 0-1)"
ORN_DL2v,ac3A,QTBSBXVTEAMEQO-UHFFFAOYSA-N,0.465392008125088,"measured (DoOR consensus, normalised 0-1)"
ORN_DL2v,ac3A,XBDQKXXYIPTUBI-UHFFFAOYSA-N,0.439128435997955,"measured (DoOR consensus, normalised 0-1)"
ORN_DL2v,ac3A,FERIUCNNQQJTOY-UHFFFAOYSA-N,0.36667538165228,"measured (DoOR consensus, normalised 0-1)"
ORN_DL2v,ac3A,FUZZWVXGSFPDMH-UHFFFAOYSA-N,0.19487511833845,"measured (DoOR consensus, normalised 0-1)"
ORN_DL2v,ac3A,GWYFCOCPABKNJV-UHFFFAOYSA-N,0.34632796581749,"measured (DoOR consensus, normalised 0-1)"
ORN_DL2v,ac3A,HIGQPQRQIQDZMP-DHZHZOJOSA-N,0.0529305770830602,"measured (DoOR consensus, normalised 0-1)"
ORN_DL2v,ac3A,NBBJYMSMWIIQGU-UHFFFAOYSA-N,0.481366631109162,"measured (DoOR consensus, normalised 0-1)"
ORN_DL2v,ac3A,ZTQSAGDEMFDKMZ-UHFFFAOYSA-N,0.41567580851338,"measured (DoOR consensus, normalised 0-1)"
ORN_DL2v,ac3A,HGBOYTHUEUWSSQ-UHFFFAOYSA-N,0.273984214791691,"measured (DoOR consensus, normalised 0-1)"
ORN_DL2v,ac3A,JARKCYVAAOWBJS-UHFFFAOYSA-N,0.222391148583407,"measured (DoOR consensus, normalised 0-1)"
ORN_DL2v,ac3A,MBDOYVRWFFCFHM-SNAWJCMRSA-N,0.256694368003597,"measured (DoOR consensus, normalised 0-1)"
ORN_DL2v,ac3A,NUJGJRNETVAIRJ-UHFFFAOYSA-N,0.217614890581162,"measured (DoOR consensus, normalised 0-1)"
ORN_DL2v,ac3A,KSMVZQYAVGTKIV-UHFFFAOYSA-N,0.126967100493652,"measured (DoOR consensus, normalised 0-1)"
ORN_DL2v,ac3A,FXHGMKSSBGDXIY-UHFFFAOYSA-N,0.126967100493652,"measured (DoOR consensus, normalised 0-1)"
ORN_DL2v,ac3A,GYHFUZHODSMOHU-UHFFFAOYSA-N,0.11619953863761,"measured (DoOR consensus, normalised 0-1)"
ORN_DL2v,ac3A,NDFKTBCGKNOHPJ-AATRIKPKSA-N,0.0816799569686543,"measured (DoOR consensus, normalised 0-1)"
ORN_DL2v,ac3A,CSCPPACGZOOCGX-UHFFFAOYSA-N,0.0720601347565533,"measured (DoOR consensus, normalised 0-1)"
ORN_DL2v,ac3A,ZWEHNKRNPOVVGH-UHFFFAOYSA-N,0.0509227417574253,"measured (DoOR consensus, normalised 0-1)"
ORN_DL2v,ac3A,XNLICIUVMPYHGG-UHFFFAOYSA-N,0.0523312813350066,"measured (DoOR consensus, normalised 0-1)"
ORN_DL2v,ac3A,CATSNJVOTSVZJV-UHFFFAOYSA-N,0.0934742995441683,"measured (DoOR consensus, normalised 0-1)"
ORN_DL2v,ac3A,UHEPJGULSIKKTP-UHFFFAOYSA-N,0.0562625432129896,"measured (DoOR consensus, normalised 0-1)"
ORN_DL2v,ac3A,QSJXEFYPDANLFS-UHFFFAOYSA-N,0.260745573801481,"measured (DoOR consensus, normalised 0-1)"
ORN_DL2v,ac3A,QQZOPKMRPOGIEB-UHFFFAOYSA-N,0.126967100493652,"measured (DoOR consensus, normalised 0-1)"
ORN_DL2v,ac3A,JHIVVAPYMSGYDF-UHFFFAOYSA-N,0.0549837904073462,"measured (DoOR consensus, normalised 0-1)"
ORN_DL2v,ac3A,ZPVFWPFBNIEHGJ-UHFFFAOYSA-N,0.126967100493652,"measured (DoOR consensus, normalised 0-1)"
ORN_DL2v,ac3A,VKCYHJWLYTUGCC-UHFFFAOYSA-N,0.222391148583407,"measured (DoOR consensus, normalised 0-1)"
ORN_DL2v,ac3A,WRMNZCZEMHIOCP-UHFFFAOYSA-N,0.0439746348883611,"measured (DoOR consensus, normalised 0-1)"
ORN_DL2v,ac3A,WVDDGKGOMKODPV-UHFFFAOYSA-N,0.0577605475273534,"measured (DoOR consensus, normalised 0-1)"
ORN_DL2v,ac3A,HUMNYLRZRPPJDN-UHFFFAOYSA-N,0.106280260771848,"measured (DoOR consensus, normalised 0-1)"
ORN_DL2v,ac3A,DTUQWGWMVIHBKE-UHFFFAOYSA-N,0.107313317139844,"measured (DoOR consensus, normalised 0-1)"
ORN_DL2v,ac3A,QWVGKYWNOKOFNN-UHFFFAOYSA-N,0.068641422668575,"measured (DoOR consensus, normalised 0-1)"
ORN_DL2v,ac3A,SUSQOBVLVYHIEX-UHFFFAOYSA-N,0.0934742995441683,"measured (DoOR consensus, normalised 0-1)"
ORN_DL2v,ac3A,QUKGYYKBILRGFE-UHFFFAOYSA-N,0.147049641696473,"measured (DoOR consensus, normalised 0-1)"
ORN_DL2v,ac3A,LRHPLDYGYMQRHN-UHFFFAOYSA-N,0.0472384760252469,"measured (DoOR consensus, normalised 0-1)"
ORN_DL2v,ac3A,AMQJEAYHLZJPGS-UHFFFAOYSA-N,0.11619953863761,"measured (DoOR consensus, normalised 0-1)"
ORN_DL2v,ac3A,ZSIAUFGUXNUGDI-UHFFFAOYSA-N,0.180944798172772,"measured (DoOR consensus, normalised 0-1)"
ORN_DL2v,ac3A,KBPLFHHGFOOTCA-UHFFFAOYSA-N,0.238631037333754,"measured (DoOR consensus, normalised 0-1)"
ORN_DL2v,ac3A,PHTQWCKDNZKARW-UHFFFAOYSA-N,0.045201353901343,"measured (DoOR consensus, normalised 0-1)"
ORN_DL2v,ac3A,VSMOENVRRABVKN-UHFFFAOYSA-N,0.273788969137257,"measured (DoOR consensus, normalised 0-1)"
ORN_DL2v,ac3A,UFLHIIWVXFIJGU-ARJAWSKDSA-N,0.0934742995441683,"measured (DoOR consensus, normalised 0-1)"
ORN_DL2v,ac3A,OWBTYPJTUOEWEK-UHFFFAOYSA-N,0.174163377378049,"measured (DoOR consensus, normalised 0-1)"
ORN_DL2v,ac3A,MWKFXSUHUHTGQN-UHFFFAOYSA-N,0.126967100493652,"measured (DoOR consensus, normalised 0-1)"
ORN_DL2v,ac3A,ZWRUINPWMLAQRD-UHFFFAOYSA-N,0.13726182405347,"measured (DoOR consensus, normalised 0-1)"
ORN_DL2v,ac3A,ZXEKIIBDNHEJCQ-UHFFFAOYSA-N,0.0492755981491507,"measured (DoOR consensus, normalised 0-1)"
ORN_DL2v,ac3A,XEKOWRVHYACXOJ-UHFFFAOYSA-N,0.0494364127352381,"measured (DoOR consensus, normalised 0-1)"
ORN_DL2v,ac3A,DKPFZGUDAPQIHT-UHFFFAOYSA-N,0.0697364032766704,"measured (DoOR consensus, normalised 0-1)"
ORN_DL2v,ac3A,PGMYKACGEOXYJE-UHFFFAOYSA-N,0.0449921083217101,"measured (DoOR consensus, normalised 0-1)"
ORN_DL2v,ac3A,AOGQPLXWSUTHQB-UHFFFAOYSA-N,0.105011317820329,"measured (DoOR consensus, normalised 0-1)"
ORN_DL2v,ac3A,OBNCKNCVKJNDBV-UHFFFAOYSA-N,0.0720601347565533,"measured (DoOR consensus, normalised 0-1)"
ORN_DL2v,ac3A,ICMAFTSLXCXHRK-UHFFFAOYSA-N,0.117287373779471,"measured (DoOR consensus, normalised 0-1)"
ORN_DL2v,ac3A,solvent,0.0800035096747026,"measured (DoOR consensus, normalised 0-1)"
ORN_DL2v,ac3A,RWRDLPDLKQPQOW-UHFFFAOYSA-N,0.0461906474647972,"measured (DoOR consensus, normalised 0-1)"
ORN_DL2v,ac3A,BHHGXPLMPWCGHP-UHFFFAOYSA-N,0.0,"measured (DoOR consensus, normalised 0-1)"
ORN_DL2v,ac3A,JUJWROOIHBZHMG-UHFFFAOYSA-N,0.0134993793647119,"measured (DoOR consensus, normalised 0-1)"
ORN_DL2v,ac3A,KDVFRMMRZOCFLS-UHFFFAOYSA-N,0.282798218857335,"measured (DoOR consensus, normalised 0-1)"
ORN_DL2v,ac3A,QUSNBJAOOMFDIB-UHFFFAOYSA-N,0.029662039899269,"measured (DoOR consensus, normalised 0-1)"
ORN_DL2v,ac3A,WLJVXDMOQOGPHL-UHFFFAOYSA-N,0.184697260946632,"measured (DoOR consensus, normalised 0-1)"
ORN_DL2v,ac3A,ATHGHQPFGPMSJY-UHFFFAOYSA-N,0.209015979237621,"measured (DoOR consensus, normalised 0-1)"
ORN_DL2v,ac3A,QCCDLTOVEPVEJK-UHFFFAOYSA-N,0.0720601347565533,"measured (DoOR consensus, normalised 0-1)"
ORN_DL2v,ac3A,ZKQDCIXGCQPQNV-UHFFFAOYSA-N,0.198044559734483,"measured (DoOR consensus, normalised 0-1)"
ORN_DL2v,ac3A,CRVGTESFCCXCTH-UHFFFAOYSA-N,0.0828483216131951,"measured (DoOR consensus, normalised 0-1)"
ORN_DL2v,ac3A,AKNUHUCEWALCOI-UHFFFAOYSA-O,0.0516128628102597,"measured (DoOR consensus, normalised 0-1)"
ORN_DL2v,ac3A,OSPSWZSRKYCQPF-UHFFFAOYSA-N,0.0318570266363393,"measured (DoOR consensus, normalised 0-1)"
ORN_DL2v,ac3A,BDZBKCUKTQZUTL-UHFFFAOYSA-N,0.0828483216131951,"measured (DoOR consensus, normalised 0-1)"
ORN_DL2v,ac3A,DWCLXOREGBLXTD-UHFFFAOYSA-N,0.0576025436675324,"measured (DoOR consensus, normalised 0-1)"
ORN_DL2v,ac3A,YIWUKEYIRIRTPP-UHFFFAOYSA-N,0.0885345446770907,"measured (DoOR consensus, normalised 0-1)"
ORN_DL2v,ac3A,VKYKSIONXSXAKP-UHFFFAOYSA-N,0.0576025436675324,"measured (DoOR consensus, normalised 0-1)"
ORN_DL2v,ac3A,MHAJPDPJQMAIIY-UHFFFAOYSA-N,0.119452441076819,"measured (DoOR consensus, normalised 0-1)"
ORN_DL2v,ac3A,GRYLNZFGIOXLOG-UHFFFAOYSA-N,0.112987972004003,"measured (DoOR consensus, normalised 0-1)"
ORN_DL2v,ac3A,LYGJENNIWJXYER-UHFFFAOYSA-N,0.0669686751560394,"measured (DoOR consensus, normalised 0-1)"
ORN_DL2v,ac3A,WFDIJRYMOXRFFG-UHFFFAOYSA-N,0.0720601347565533,"measured (DoOR consensus, normalised 0-1)"
ORN_DL2v,ac3A,ZHNUHDYFZUAESO-UHFFFAOYSA-N,0.0944043900839299,"measured (DoOR consensus, normalised 0-1)"
ORN_DL2v,ac3A,WGSVFWFSJDAYBM-BQYQJAHWSA-N,0.112987972004003,"measured (DoOR consensus, normalised 0-1)"
ORN_DL2v,ac3A,ZMQAAUBTXCXRIC-UHFFFAOYSA-N,0.106646356011785,"measured (DoOR consensus, normalised 0-1)"
ORN_DL2v,ac3A,FHIVAFMUCKRCQO-UHFFFAOYSA-N,0.0555940468248693,"measured (DoOR consensus, normalised 0-1)"
ORN_DL2v,ac3A,RDYMFSUJUZBWLH-UHFFFAOYSA-N,0.0720601347565533,"measured (DoOR consensus, normalised 0-1)"
ORN_DL2v,ac3A,YLMGFJXSLBMXHK-UHFFFAOYSA-M,0.13266493725284,"measured (DoOR consensus, normalised 0-1)"
ORN_DL2v,ac3A,BAZAXWOYCMUHIX-UHFFFAOYSA-M,0.172815834965297,"measured (DoOR consensus, normalised 0-1)"
ORN_DL2v,ac3A,RWSOTUBLDIXVET-UHFFFAOYSA-N,0.112987972004003,"measured (DoOR consensus, normalised 0-1)"
ORN_DL2v,ac3A,XTFIVUDBNACUBN-UHFFFAOYSA-N,0.0720601347565533,"measured (DoOR consensus, normalised 0-1)"
ORN_DL2v,ac3A,HMWPNDNFTFSCEB-UHFFFAOYSA-N,0.100446339421622,"measured (DoOR consensus, normalised 0-1)"
ORN_DL2v,ac3A,SNIOPGDIGTZGOP-UHFFFAOYSA-N,0.0944043900839299,"measured (DoOR consensus, normalised 0-1)"
ORN_DL2v,ac3A,TZRXHJWUDPFEEY-UHFFFAOYSA-N,0.0476616955754756,"measured (DoOR consensus, normalised 0-1)"
ORN_DL2v,ac3A,ZTLXICJMNFREPA-UHFFFAOYSA-N,0.0535884464276517,"measured (DoOR consensus, normalised 0-1)"
ORN_DL2v,ac3A,SPSSULHKWOKEEL-UHFFFAOYSA-N,0.0720601347565533,"measured (DoOR consensus, normalised 0-1)"
ORN_DC4,Ir64a.DC4,XLYOFNOQVPJJNP-UHFFFAOYSA-N,0.85496339878224,"measured (DoOR consensus, normalised 0-1)"
ORN_DC4,Ir64a.DC4,VHUUQVKOLVNVRT-UHFFFAOYSA-N,0.0283573920777177,"measured (DoOR consensus, normalised 0-1)"
ORN_DC4,Ir64a.DC4,KIDHWZJUCRJVML-UHFFFAOYSA-N,0.32622973250325,"measured (DoOR consensus, normalised 0-1)"
ORN_DC4,Ir64a.DC4,VHRGRCVQAFMJIZ-UHFFFAOYSA-N,0.293186016282411,"measured (DoOR consensus, normalised 0-1)"
ORN_DC4,Ir64a.DC4,ROSDSFDQCJNGOL-UHFFFAOYSA-N,0.168365601696655,"measured (DoOR consensus, normalised 0-1)"
ORN_DC4,Ir64a.DC4,QTBSBXVTEAMEQO-UHFFFAOYSA-N,1.0,"measured (DoOR consensus, normalised 0-1)"
ORN_DC4,Ir64a.DC4,XBDQKXXYIPTUBI-UHFFFAOYSA-N,0.865362249435589,"measured (DoOR consensus, normalised 0-1)"
ORN_DC4,Ir64a.DC4,FERIUCNNQQJTOY-UHFFFAOYSA-N,0.949750290757337,"measured (DoOR consensus, normalised 0-1)"
ORN_DC4,Ir64a.DC4,ZTQSAGDEMFDKMZ-UHFFFAOYSA-N,0.579462269959636,"measured (DoOR consensus, normalised 0-1)"
ORN_DC4,Ir64a.DC4,QSJXEFYPDANLFS-UHFFFAOYSA-N,0.660976944653486,"measured (DoOR consensus, normalised 0-1)"
ORN_DC4,Ir64a.DC4,WRMNZCZEMHIOCP-UHFFFAOYSA-N,0.335773414517343,"measured (DoOR consensus, normalised 0-1)"
ORN_DC4,Ir64a.DC4,DTUQWGWMVIHBKE-UHFFFAOYSA-N,0.410651980570569,"measured (DoOR consensus, normalised 0-1)"
ORN_DC4,Ir64a.DC4,OWBTYPJTUOEWEK-UHFFFAOYSA-N,0.280597933912568,"measured (DoOR consensus, normalised 0-1)"
ORN_DC4,Ir64a.DC4,XEKOWRVHYACXOJ-UHFFFAOYSA-N,0.27799822124923,"measured (DoOR consensus, normalised 0-1)"
ORN_DC4,Ir64a.DC4,PGMYKACGEOXYJE-UHFFFAOYSA-N,0.270677977697202,"measured (DoOR consensus, normalised 0-1)"
ORN_DC4,Ir64a.DC4,solvent,0.258500376274201,"measured (DoOR consensus, normalised 0-1)"
ORN_DC4,Ir64a.DC4,RWRDLPDLKQPQOW-UHFFFAOYSA-N,0.0170349592939728,"measured (DoOR consensus, normalised 0-1)"
ORN_DC4,Ir64a.DC4,BHHGXPLMPWCGHP-UHFFFAOYSA-N,0.227098583840733,"measured (DoOR consensus, normalised 0-1)"
ORN_DC4,Ir64a.DC4,JUJWROOIHBZHMG-UHFFFAOYSA-N,0.253506191420948,"measured (DoOR consensus, normalised 0-1)"
ORN_DC4,Ir64a.DC4,KDVFRMMRZOCFLS-UHFFFAOYSA-N,0.900047889443798,"measured (DoOR consensus, normalised 0-1)"
ORN_DC4,Ir64a.DC4,QUSNBJAOOMFDIB-UHFFFAOYSA-N,0.0912978039269344,"measured (DoOR consensus, normalised 0-1)"
ORN_DC4,Ir64a.DC4,WLJVXDMOQOGPHL-UHFFFAOYSA-N,0.952213176438394,"measured (DoOR consensus, normalised 0-1)"
ORN_DC4,Ir64a.DC4,ATHGHQPFGPMSJY-UHFFFAOYSA-N,0.323801053567764,"measured (DoOR consensus, normalised 0-1)"
ORN_DC2,Or13a,XLYOFNOQVPJJNP-UHFFFAOYSA-N,0.197693381491229,"measured (DoOR consensus, normalised 0-1)"
ORN_DC2,Or13a,VHUUQVKOLVNVRT-UHFFFAOYSA-N,0.123406074996944,"measured (DoOR consensus, normalised 0-1)"
ORN_DC2,Or13a,KIDHWZJUCRJVML-UHFFFAOYSA-N,0.153453091151832,"measured (DoOR consensus, normalised 0-1)"
ORN_DC2,Or13a,QGZKDVFQNNGYKY-UHFFFAOYSA-N,0.118778677617072,"measured (DoOR consensus, normalised 0-1)"
ORN_DC2,Or13a,HZAXFHJVJLSVMW-UHFFFAOYSA-N,0.128288587726275,"measured (DoOR consensus, normalised 0-1)"
ORN_DC2,Or13a,QTBSBXVTEAMEQO-UHFFFAOYSA-N,0.0394095080520441,"measured (DoOR consensus, normalised 0-1)"
ORN_DC2,Or13a,XBDQKXXYIPTUBI-UHFFFAOYSA-N,0.109173317917257,"measured (DoOR consensus, normalised 0-1)"
ORN_DC2,Or13a,FERIUCNNQQJTOY-UHFFFAOYSA-N,0.384438955435572,"measured (DoOR consensus, normalised 0-1)"
ORN_DC2,Or13a,NQPDZGIKBAWPEJ-UHFFFAOYSA-N,0.0904813446003883,"measured (DoOR consensus, normalised 0-1)"
ORN_DC2,Or13a,FUZZWVXGSFPDMH-UHFFFAOYSA-N,0.12534133326333,"measured (DoOR consensus, normalised 0-1)"
ORN_DC2,Or13a,MNWFXJYAOYHMED-UHFFFAOYSA-N,0.140708089723841,"measured (DoOR consensus, normalised 0-1)"
ORN_DC2,Or13a,WWZKQHOCKIZLMA-UHFFFAOYSA-N,0.0969673517866703,"measured (DoOR consensus, normalised 0-1)"
ORN_DC2,Or13a,FBUKVWPVBMHYJY-UHFFFAOYSA-N,0.0669967762253379,"measured (DoOR consensus, normalised 0-1)"
ORN_DC2,Or13a,KQNPFQTWMSNSAP-UHFFFAOYSA-N,0.110962921349984,"measured (DoOR consensus, normalised 0-1)"
ORN_DC2,Or13a,CZUGFKJYCPYHHV-UHFFFAOYSA-N,0.190781039443717,"measured (DoOR consensus, normalised 0-1)"
ORN_DC2,Or13a,ALVPFGSHPUPROW-UHFFFAOYSA-N,0.157921414173498,"measured (DoOR consensus, normalised 0-1)"
ORN_DC2,Or13a,SUVIGLJNEAMWEG-UHFFFAOYSA-N,0.141035874240416,"measured (DoOR consensus, normalised 0-1)"
ORN_DC2,Or13a,GRWFGVWFFZKLTI-UHFFFAOYSA-N,0.184254750536682,"measured (DoOR consensus, normalised 0-1)"
ORN_DC2,Or13a,NPNUFJAVOOONJE-GFUGXAQUSA-N,0.180083951378238,"measured (DoOR consensus, normalised 0-1)"
ORN_DC2,Or13a,HIGQPQRQIQDZMP-DHZHZOJOSA-N,0.195422322024592,"measured (DoOR consensus, normalised 0-1)"
ORN_DC2,Or13a,WUOACPNHFRMFPN-SECBINFHSA-N,0.103065863189761,"measured (DoOR consensus, normalised 0-1)"
ORN_DC2,Or13a,GLZPCOQZEFWAFX-JXMROGBWSA-N,0.152725557499435,"measured (DoOR consensus, normalised 0-1)"
ORN_DC2,Or13a,CDOSHBSSFJOMGT-UHFFFAOYSA-N,0.243809705088644,"measured (DoOR consensus, normalised 0-1)"
ORN_DC2,Or13a,QMVPMAAFGQKVCJ-SNVBAGLBSA-N,0.270532636074583,"measured (DoOR consensus, normalised 0-1)"
ORN_DC2,Or13a,ULDHMXUKGWMISQ-SECBINFHSA-N,0.137804282335241,"measured (DoOR consensus, normalised 0-1)"
ORN_DC2,Or13a,ULDHMXUKGWMISQ-VIFPVBQESA-N,0.191451100389959,"measured (DoOR consensus, normalised 0-1)"
ORN_DC2,Or13a,WEEGYLXZBRQIMU-WAAGHKOSSA-N,0.102734251227997,"measured (DoOR consensus, normalised 0-1)"
ORN_DC2,Or13a,RFFOTVCVTJUTAD-UHFFFAOYSA-N,0.128288587726275,"measured (DoOR consensus, normalised 0-1)"
ORN_DC2,Or13a,WTEVQBCEXWBHNA-JXMROGBWSA-N,0.0990703775847283,"measured (DoOR consensus, normalised 0-1)"
ORN_DC2,Or13a,NEHNMFOYXAPHSD-JTQLQIEISA-N,0.071884820390839,"measured (DoOR consensus, normalised 0-1)"
ORN_DC2,Or13a,LHXDLQBQYFFVNW-OIBJUYFYSA-N,0.101455428004822,"measured (DoOR consensus, normalised 0-1)"
ORN_DC2,Or13a,XMGQYMWWDOXHJM-JTQLQIEISA-N,0.136777129941693,"measured (DoOR consensus, normalised 0-1)"
ORN_DC2,Or13a,KMRMUZKLFIEVAO-UHFFFAOYSA-N,0.0805558571394413,"measured (DoOR consensus, normalised 0-1)"
ORN_DC2,Or13a,GRWFGVWFFZKLTI-RKDXNWHRSA-N,0.0897770675950122,"measured (DoOR consensus, normalised 0-1)"
ORN_DC2,Or13a,NZGWDASTMWDZIW-MRVPVSSYSA-N,0.148081547714667,"measured (DoOR consensus, normalised 0-1)"
ORN_DC2,Or13a,USMNOWBWPHYOEA-MRTMQBJTSA-N,0.0669967762253379,"measured (DoOR consensus, normalised 0-1)"
ORN_DC2,Or13a,RGZSQWQPBWRIAQ-CABCVRRESA-N,0.137890439351083,"measured (DoOR consensus, normalised 0-1)"
ORN_DC2,Or13a,CRDAMVZIKSXKFV-YFVJMOTDSA-N,0.155029873778207,"measured (DoOR consensus, normalised 0-1)"
ORN_DC2,Or13a,UZFLPKAIBPNNCA-BQYQJAHWSA-N,0.141018958579486,"measured (DoOR consensus, normalised 0-1)"
ORN_DC2,Or13a,PSQYTAPXSHCGMF-BQYQJAHWSA-N,0.117167797069203,"measured (DoOR consensus, normalised 0-1)"
ORN_DC2,Or13a,IKHGUXGNUITLKF-UHFFFAOYSA-N,0.0681569767287352,"measured (DoOR consensus, normalised 0-1)"
ORN_DC2,Or13a,NBBJYMSMWIIQGU-UHFFFAOYSA-N,0.12769424417975,"measured (DoOR consensus, normalised 0-1)"
ORN_DC2,Or13a,ZTQSAGDEMFDKMZ-UHFFFAOYSA-N,0.0973893614573576,"measured (DoOR consensus, normalised 0-1)"
ORN_DC2,Or13a,HGBOYTHUEUWSSQ-UHFFFAOYSA-N,0.166522330373929,"measured (DoOR consensus, normalised 0-1)"
ORN_DC2,Or13a,JARKCYVAAOWBJS-UHFFFAOYSA-N,0.268757083455811,"measured (DoOR consensus, normalised 0-1)"
ORN_DC2,Or13a,MBDOYVRWFFCFHM-SNAWJCMRSA-N,0.430639824863477,"measured (DoOR consensus, normalised 0-1)"
ORN_DC2,Or13a,HYBBIBNJHNGZAN-UHFFFAOYSA-N,0.0,"measured (DoOR consensus, normalised 0-1)"
ORN_DC2,Or13a,NUJGJRNETVAIRJ-UHFFFAOYSA-N,0.206239832067905,"measured (DoOR consensus, normalised 0-1)"
ORN_DC2,Or13a,KSMVZQYAVGTKIV-UHFFFAOYSA-N,0.130338838781222,"measured (DoOR consensus, normalised 0-1)"
ORN_DC2,Or13a,FXHGMKSSBGDXIY-UHFFFAOYSA-N,0.336885993008514,"measured (DoOR consensus, normalised 0-1)"
ORN_DC2,Or13a,LVBXEMGDVWVTGY-VOTSOKGWSA-N,0.401044519985734,"measured (DoOR consensus, normalised 0-1)"
ORN_DC2,Or13a,GYHFUZHODSMOHU-UHFFFAOYSA-N,0.146532916259824,"measured (DoOR consensus, normalised 0-1)"
ORN_DC2,Or13a,CSCPPACGZOOCGX-UHFFFAOYSA-N,0.150439046782483,"measured (DoOR consensus, normalised 0-1)"
ORN_DC2,Or13a,ZWEHNKRNPOVVGH-UHFFFAOYSA-N,0.110425551779417,"measured (DoOR consensus, normalised 0-1)"
ORN_DC2,Or13a,CATSNJVOTSVZJV-UHFFFAOYSA-N,0.343146662117387,"measured (DoOR consensus, normalised 0-1)"
ORN_DC2,Or13a,UHEPJGULSIKKTP-UHFFFAOYSA-N,0.520732082689776,"measured (DoOR consensus, normalised 0-1)"
ORN_DC2,Or13a,QSJXEFYPDANLFS-UHFFFAOYSA-N,0.229964020615303,"measured (DoOR consensus, normalised 0-1)"
ORN_DC2,Or13a,LABTWGUMFABVFG-ARJAWSKDSA-N,0.250082729182645,"measured (DoOR consensus, normalised 0-1)"
ORN_DC2,Or13a,QQZOPKMRPOGIEB-UHFFFAOYSA-N,0.210004760793192,"measured (DoOR consensus, normalised 0-1)"
ORN_DC2,Or13a,PFCHFHIRKBAQGU-UHFFFAOYSA-N,0.167306616699609,"measured (DoOR consensus, normalised 0-1)"
ORN_DC2,Or13a,JHIVVAPYMSGYDF-UHFFFAOYSA-N,0.120863974011206,"measured (DoOR consensus, normalised 0-1)"
ORN_DC2,Or13a,ZPVFWPFBNIEHGJ-UHFFFAOYSA-N,0.416089628728922,"measured (DoOR consensus, normalised 0-1)"
ORN_DC2,Or13a,VKCYHJWLYTUGCC-UHFFFAOYSA-N,0.234875524857298,"measured (DoOR consensus, normalised 0-1)"
ORN_DC2,Or13a,WRMNZCZEMHIOCP-UHFFFAOYSA-N,0.203578192026959,"measured (DoOR consensus, normalised 0-1)"
ORN_DC2,Or13a,WVDDGKGOMKODPV-UHFFFAOYSA-N,0.216012810626697,"measured (DoOR consensus, normalised 0-1)"
ORN_DC2,Or13a,OSWPMRLSEDHDFF-UHFFFAOYSA-N,0.149462677009754,"measured (DoOR consensus, normalised 0-1)"
ORN_DC2,Or13a,MTZQAGJQAFMTAQ-UHFFFAOYSA-N,0.122320934878691,"measured (DoOR consensus, normalised 0-1)"
ORN_DC2,Or13a,HUMNYLRZRPPJDN-UHFFFAOYSA-N,0.104765300050939,"measured (DoOR consensus, normalised 0-1)"
ORN_DC2,Or13a,DTUQWGWMVIHBKE-UHFFFAOYSA-N,0.101432102564282,"measured (DoOR consensus, normalised 0-1)"
ORN_DC2,Or13a,KWOLFJPFCHCOCG-UHFFFAOYSA-N,0.0995015945658804,"measured (DoOR consensus, normalised 0-1)"
ORN_DC2,Or13a,QWVGKYWNOKOFNN-UHFFFAOYSA-N,0.123114192617008,"measured (DoOR consensus, normalised 0-1)"
ORN_DC2,Or13a,RRAFCDWBNXTKKO-UHFFFAOYSA-N,0.103396124584193,"measured (DoOR consensus, normalised 0-1)"
ORN_DC2,Or13a,RUVINXPYWBROJD-ONEGZZNKSA-N,0.135790389646945,"measured (DoOR consensus, normalised 0-1)"
ORN_DC2,Or13a,ZRSNZINYAWTAHE-UHFFFAOYSA-N,0.166615702128488,"measured (DoOR consensus, normalised 0-1)"
ORN_DC2,Or13a,WTWBUQJHJGUZCY-UHFFFAOYSA-N,0.101906244222965,"measured (DoOR consensus, normalised 0-1)"
ORN_DC2,Or13a,RDOXTESZEPMUJZ-UHFFFAOYSA-N,0.082375869660796,"measured (DoOR consensus, normalised 0-1)"
ORN_DC2,Or13a,ZYEMGPIYFIJGTP-UHFFFAOYSA-N,0.106659598896506,"measured (DoOR consensus, normalised 0-1)"
ORN_DC2,Or13a,BJIOGJUNALELMI-ONEGZZNKSA-N,0.0412579494060169,"measured (DoOR consensus, normalised 0-1)"
ORN_DC2,Or13a,IWDCLRJOBJJRNH-UHFFFAOYSA-N,0.0991757249979035,"measured (DoOR consensus, normalised 0-1)"
ORN_DC2,Or13a,LCHYEKKJCUJAKN-UHFFFAOYSA-N,0.064583937837423,"measured (DoOR consensus, normalised 0-1)"
ORN_DC2,Or13a,JFDZBHWFFUWGJE-UHFFFAOYSA-N,0.0736789965472806,"measured (DoOR consensus, normalised 0-1)"
ORN_DC2,Or13a,GEWDNTWNSAZUDX-SNAWJCMRSA-N,0.0945664041980576,"measured (DoOR consensus, normalised 0-1)"
ORN_DC2,Or13a,IXQGCWUGDFDQMF-UHFFFAOYSA-N,0.0486516869793231,"measured (DoOR consensus, normalised 0-1)"
ORN_DC2,Or13a,LRHPLDYGYMQRHN-UHFFFAOYSA-N,0.295378292914381,"measured (DoOR consensus, normalised 0-1)"
ORN_DC2,Or13a,ZSIAUFGUXNUGDI-UHFFFAOYSA-N,0.599650823378702,"measured (DoOR consensus, normalised 0-1)"
ORN_DC2,Or13a,PHTQWCKDNZKARW-UHFFFAOYSA-N,0.140206819345982,"measured (DoOR consensus, normalised 0-1)"
ORN_DC2,Or13a,VSMOENVRRABVKN-UHFFFAOYSA-N,0.868828905785339,"measured (DoOR consensus, normalised 0-1)"
ORN_DC2,Or13a,ZCHHRLHTBGRGOT-SNAWJCMRSA-N,0.586363257297793,"measured (DoOR consensus, normalised 0-1)"
ORN_DC2,Or13a,UFLHIIWVXFIJGU-ARJAWSKDSA-N,0.453905162645479,"measured (DoOR consensus, normalised 0-1)"
ORN_DC2,Or13a,OWBTYPJTUOEWEK-UHFFFAOYSA-N,0.218445059649153,"measured (DoOR consensus, normalised 0-1)"
ORN_DC2,Or13a,MWKFXSUHUHTGQN-UHFFFAOYSA-N,0.195459591938326,"measured (DoOR consensus, normalised 0-1)"
ORN_DC2,Or13a,MQWCXKGKQLNYQG-UHFFFAOYSA-N,0.157418357276083,"measured (DoOR consensus, normalised 0-1)"
ORN_DC2,Or13a,BBMCTIGTTCKYKF-UHFFFAOYSA-N,0.360241403292763,"measured (DoOR consensus, normalised 0-1)"
ORN_DC2,Or13a,NMRPBPVERJPACX-UHFFFAOYSA-N,0.658400874807494,"measured (DoOR consensus, normalised 0-1)"
ORN_DC2,Or13a,ZWRUINPWMLAQRD-UHFFFAOYSA-N,0.0955450922351838,"measured (DoOR consensus, normalised 0-1)"
ORN_DC2,Or13a,WOFPPJOZXUTRAU-UHFFFAOYSA-N,0.42809775134146,"measured (DoOR consensus, normalised 0-1)"
ORN_DC2,Or13a,CETWDUZRCINIHU-UHFFFAOYSA-N,0.749609641071154,"measured (DoOR consensus, normalised 0-1)"
ORN_DC2,Or13a,QNVRIHYSUZMSGM-UHFFFAOYSA-N,0.660654152029923,"measured (DoOR consensus, normalised 0-1)"
ORN_DC2,Or13a,BVOSSZSHBZQJOI-UHFFFAOYSA-N,0.535904325790813,"measured (DoOR consensus, normalised 0-1)"
ORN_DC2,Or13a,XEKOWRVHYACXOJ-UHFFFAOYSA-N,0.156112919346397,"measured (DoOR consensus, normalised 0-1)"
ORN_DC2,Or13a,YKYONYBAUNKHLG-UHFFFAOYSA-N,0.216126732000068,"measured (DoOR consensus, normalised 0-1)"
ORN_DC2,Or13a,DKPFZGUDAPQIHT-UHFFFAOYSA-N,0.388830460975238,"measured (DoOR consensus, normalised 0-1)"
ORN_DC2,Or13a,PGMYKACGEOXYJE-UHFFFAOYSA-N,0.474492801878363,"measured (DoOR consensus, normalised 0-1)"
ORN_DC2,Or13a,AOGQPLXWSUTHQB-UHFFFAOYSA-N,0.411017014086948,"measured (DoOR consensus, normalised 0-1)"
ORN_DC2,Or13a,MLFHJEHSLIIPHL-UHFFFAOYSA-N,0.225964602442086,"measured (DoOR consensus, normalised 0-1)"
ORN_DC2,Or13a,HRHOWZHRCRZVCU-WAYWQWQTSA-N,0.462395977917669,"measured (DoOR consensus, normalised 0-1)"
ORN_DC2,Or13a,OBNCKNCVKJNDBV-UHFFFAOYSA-N,0.188608982622222,"measured (DoOR consensus, normalised 0-1)"
ORN_DC2,Or13a,XAPCMTMQBXLDBB-UHFFFAOYSA-N,0.236316135635806,"measured (DoOR consensus, normalised 0-1)"
ORN_DC2,Or13a,FKRCODPIKNYEAC-UHFFFAOYSA-N,0.113935690914988,"measured (DoOR consensus, normalised 0-1)"
ORN_DC2,Or13a,YLYBTZIQSIBWLI-UHFFFAOYSA-N,0.162029094647663,"measured (DoOR consensus, normalised 0-1)"
ORN_DC2,Or13a,SIKJAQJRHWYJAI-UHFFFAOYSA-N,0.161248242337692,"measured (DoOR consensus, normalised 0-1)"
ORN_DC2,Or13a,XHIUFYZDQBSEMF-UHFFFAOYSA-N,0.208438441095062,"measured (DoOR consensus, normalised 0-1)"
ORN_DC2,Or13a,GQKZRWSUJHVIPE-UHFFFAOYSA-N,0.0359987914293859,"measured (DoOR consensus, normalised 0-1)"
ORN_DC2,Or13a,OMSUIQOIVADKIM-RXMQYKEDSA-N,0.485521455614327,"measured (DoOR consensus, normalised 0-1)"
ORN_DC2,Or13a,OMSUIQOIVADKIM-YFKPBYRVSA-N,0.551411331408867,"measured (DoOR consensus, normalised 0-1)"
ORN_DC2,Or13a,HCRBXQFHJMCTLF-UHFFFAOYSA-N,0.159093898500938,"measured (DoOR consensus, normalised 0-1)"
ORN_DC2,Or13a,ICMAFTSLXCXHRK-UHFFFAOYSA-N,0.479395847950322,"measured (DoOR consensus, normalised 0-1)"
ORN_DC2,Or13a,ACCRBMDJCPPJDX-UHFFFAOYSA-N,0.393365827821185,"measured (DoOR consensus, normalised 0-1)"
ORN_DC2,Or13a,LYRIITRHDCNUHV-UHFFFAOYSA-N,0.372217508986014,"measured (DoOR consensus, normalised 0-1)"
ORN_DC2,Or13a,ZARFDQHJMNVNLE-WEVVVXLNSA-N,0.223188850560762,"measured (DoOR consensus, normalised 0-1)"
ORN_DC2,Or13a,FFOPEPMHKILNIT-UHFFFAOYSA-N,0.11735768598784,"measured (DoOR consensus, normalised 0-1)"
ORN_DC2,Or13a,YYJWBYNQJLBIGS-PLNGDYQASA-N,0.21592666262398,"measured (DoOR consensus, normalised 0-1)"
ORN_DC2,Or13a,OAPHLAAOJMTMLY-GQCTYLIASA-N,0.0922883987636312,"measured (DoOR consensus, normalised 0-1)"
ORN_DC2,Or13a,VUPBIVVRPJDWNW-FNORWQNLSA-N,0.0528899687462693,"measured (DoOR consensus, normalised 0-1)"
ORN_DC2,Or13a,PPXUHEORWJQRHJ-UHFFFAOYSA-N,0.111468630009985,"measured (DoOR consensus, normalised 0-1)"
ORN_DC2,Or13a,ZCZSIDMEHXZRLG-UHFFFAOYSA-N,0.236808462884005,"measured (DoOR consensus, normalised 0-1)"
ORN_DC2,Or13a,NPFVOOAXDOBMCE-PLNGDYQASA-N,0.49580149398927,"measured (DoOR consensus, normalised 0-1)"
ORN_DC2,Or13a,OUGPMNMLWKSBRI-UHFFFAOYSA-N,0.411695679662188,"measured (DoOR consensus, normalised 0-1)"
ORN_DC2,Or13a,GSCLMSFRWBPUSK-UHFFFAOYSA-N,0.0359987914293859,"measured (DoOR consensus, normalised 0-1)"
ORN_DC2,Or13a,GAEKPEKOJKCEMS-UHFFFAOYSA-N,0.282789628443926,"measured (DoOR consensus, normalised 0-1)"
ORN_DC2,Or13a,VLSVVMPLPMNWBH-UHFFFAOYSA-N,0.244830939778014,"measured (DoOR consensus, normalised 0-1)"
ORN_DC2,Or13a,solvent,0.160062398097785,"measured (DoOR consensus, normalised 0-1)"
ORN_DC2,Or13a,IMNFDUFMRHMDMM-UHFFFAOYSA-N,0.213464625006491,"measured (DoOR consensus, normalised 0-1)"
ORN_DC2,Or13a,TVMXDCGIABBOFY-UHFFFAOYSA-N,0.194037091498662,"measured (DoOR consensus, normalised 0-1)"
ORN_DC2,Or13a,BKIMMITUMNQMOS-UHFFFAOYSA-N,0.166147826760726,"measured (DoOR consensus, normalised 0-1)"
ORN_DC2,Or13a,CURLTUGMZLYLDI-UHFFFAOYSA-N,0.169409018530119,"measured (DoOR consensus, normalised 0-1)"
ORN_DC2,Or13a,UXFSPRAGHGMRSQ-UHFFFAOYSA-N,0.135286586522702,"measured (DoOR consensus, normalised 0-1)"
ORN_DC2,Or13a,RWRDLPDLKQPQOW-UHFFFAOYSA-N,0.237011658491714,"measured (DoOR consensus, normalised 0-1)"
ORN_DC2,Or13a,QSZKEDWVAOAFQY-HJWRWDBZSA-N,0.104214402631583,"measured (DoOR consensus, normalised 0-1)"
ORN_DC2,Or13a,QCCDLTOVEPVEJK-UHFFFAOYSA-N,0.232965585220444,"measured (DoOR consensus, normalised 0-1)"
ORN_DC2,Or13a,ZKQDCIXGCQPQNV-UHFFFAOYSA-N,0.146620627845466,"measured (DoOR consensus, normalised 0-1)"
ORN_DC2,Or13a,CRVGTESFCCXCTH-UHFFFAOYSA-N,0.124488854394421,"measured (DoOR consensus, normalised 0-1)"
ORN_DC2,Or13a,AKNUHUCEWALCOI-UHFFFAOYSA-O,0.107889481441773,"measured (DoOR consensus, normalised 0-1)"
ORN_DC2,Or13a,OSPSWZSRKYCQPF-UHFFFAOYSA-N,0.114620632762104,"measured (DoOR consensus, normalised 0-1)"
ORN_DC2,Or13a,BDZBKCUKTQZUTL-UHFFFAOYSA-N,0.0904926339625022,"measured (DoOR consensus, normalised 0-1)"
ORN_DC2,Or13a,DWCLXOREGBLXTD-UHFFFAOYSA-N,0.114620632762104,"measured (DoOR consensus, normalised 0-1)"
ORN_DC2,Or13a,YIWUKEYIRIRTPP-UHFFFAOYSA-N,0.170724312870572,"measured (DoOR consensus, normalised 0-1)"
ORN_DC2,Or13a,VKYKSIONXSXAKP-UHFFFAOYSA-N,0.104473792565862,"measured (DoOR consensus, normalised 0-1)"
ORN_DC2,Or13a,MHAJPDPJQMAIIY-UHFFFAOYSA-N,0.0867843281624393,"measured (DoOR consensus, normalised 0-1)"
ORN_DC2,Or13a,GRYLNZFGIOXLOG-UHFFFAOYSA-N,0.0761537702658289,"measured (DoOR consensus, normalised 0-1)"
ORN_DC2,Or13a,LYGJENNIWJXYER-UHFFFAOYSA-N,0.127722648549552,"measured (DoOR consensus, normalised 0-1)"
ORN_DC2,Or13a,WFDIJRYMOXRFFG-UHFFFAOYSA-N,0.0961653552740564,"measured (DoOR consensus, normalised 0-1)"
ORN_DC2,Or13a,ZHNUHDYFZUAESO-UHFFFAOYSA-N,0.0989605702236217,"measured (DoOR consensus, normalised 0-1)"
ORN_DC2,Or13a,WGSVFWFSJDAYBM-BQYQJAHWSA-N,0.121228091121221,"measured (DoOR consensus, normalised 0-1)"
ORN_DC2,Or13a,ZMQAAUBTXCXRIC-UHFFFAOYSA-N,0.104473792565862,"measured (DoOR consensus, normalised 0-1)"
ORN_DC2,Or13a,FHIVAFMUCKRCQO-UHFFFAOYSA-N,0.134113957184785,"measured (DoOR consensus, normalised 0-1)"
ORN_DC2,Or13a,RDYMFSUJUZBWLH-UHFFFAOYSA-N,0.101729727584856,"measured (DoOR consensus, normalised 0-1)"
ORN_DC2,Or13a,YLMGFJXSLBMXHK-UHFFFAOYSA-M,0.121228091121221,"measured (DoOR consensus, normalised 0-1)"
ORN_DC2,Or13a,BAZAXWOYCMUHIX-UHFFFAOYSA-M,0.114620632762104,"measured (DoOR consensus, normalised 0-1)"
ORN_DC2,Or13a,RWSOTUBLDIXVET-UHFFFAOYSA-N,0.101729727584856,"measured (DoOR consensus, normalised 0-1)"
ORN_DC2,Or13a,XTFIVUDBNACUBN-UHFFFAOYSA-N,0.0867843281624393,"measured (DoOR consensus, normalised 0-1)"
ORN_DC2,Or13a,HMWPNDNFTFSCEB-UHFFFAOYSA-N,0.114620632762104,"measured (DoOR consensus, normalised 0-1)"
ORN_DC2,Or13a,SNIOPGDIGTZGOP-UHFFFAOYSA-N,0.101729727584856,"measured (DoOR consensus, normalised 0-1)"
ORN_DC2,Or13a,TZRXHJWUDPFEEY-UHFFFAOYSA-N,0.0867843281624393,"measured (DoOR consensus, normalised 0-1)"
ORN_DC2,Or13a,ZTLXICJMNFREPA-UHFFFAOYSA-N,0.121228091121221,"measured (DoOR consensus, normalised 0-1)"
ORN_DC2,Or13a,SPSSULHKWOKEEL-UHFFFAOYSA-N,0.0867843281624393,"measured (DoOR consensus, normalised 0-1)"
ORN_VA5,Or49b,XLYOFNOQVPJJNP-UHFFFAOYSA-N,0.079107571362906,"measured (DoOR consensus, normalised 0-1)"
ORN_VA5,Or49b,VHUUQVKOLVNVRT-UHFFFAOYSA-N,0.0561053811637512,"measured (DoOR consensus, normalised 0-1)"
ORN_VA5,Or49b,KIDHWZJUCRJVML-UHFFFAOYSA-N,0.0641256250750302,"measured (DoOR consensus, normalised 0-1)"
ORN_VA5,Or49b,VHRGRCVQAFMJIZ-UHFFFAOYSA-N,0.0551883086146224,"measured (DoOR consensus, normalised 0-1)"
ORN_VA5,Or49b,QGZKDVFQNNGYKY-UHFFFAOYSA-N,0.0779896848403772,"measured (DoOR consensus, normalised 0-1)"
ORN_VA5,Or49b,HZAXFHJVJLSVMW-UHFFFAOYSA-N,0.0779896848403772,"measured (DoOR consensus, normalised 0-1)"
ORN_VA5,Or49b,YEJRWHAVMIAJKC-UHFFFAOYSA-N,0.0564810066456328,"measured (DoOR consensus, normalised 0-1)"
ORN_VA5,Or49b,JBFHTYHTHYHCDJ-UHFFFAOYSA-N,0.0564810066456328,"measured (DoOR consensus, normalised 0-1)"
ORN_VA5,Or49b,IPBFYZQJXZJBFQ-UHFFFAOYSA-N,0.0538853508417014,"measured (DoOR consensus, normalised 0-1)"
ORN_VA5,Or49b,IFYYFLINQYPWGJ-UHFFFAOYSA-N,0.0577640141437555,"measured (DoOR consensus, normalised 0-1)"
ORN_VA5,Or49b,GHBSPIPJMLAMEP-UHFFFAOYSA-N,0.0525715292470565,"measured (DoOR consensus, normalised 0-1)"
ORN_VA5,Or49b,BDAGIHXWWSANSR-UHFFFAOYSA-N,0.0615601163979373,"measured (DoOR consensus, normalised 0-1)"
ORN_VA5,Or49b,QTBSBXVTEAMEQO-UHFFFAOYSA-N,0.06405148917545,"measured (DoOR consensus, normalised 0-1)"
ORN_VA5,Or49b,XBDQKXXYIPTUBI-UHFFFAOYSA-N,0.0689546991035551,"measured (DoOR consensus, normalised 0-1)"
ORN_VA5,Or49b,FERIUCNNQQJTOY-UHFFFAOYSA-N,0.0728945164202806,"measured (DoOR consensus, normalised 0-1)"
ORN_VA5,Or49b,NQPDZGIKBAWPEJ-UHFFFAOYSA-N,0.0603030756657859,"measured (DoOR consensus, normalised 0-1)"
ORN_VA5,Or49b,FUZZWVXGSFPDMH-UHFFFAOYSA-N,0.0665153418745806,"measured (DoOR consensus, normalised 0-1)"
ORN_VA5,Or49b,MNWFXJYAOYHMED-UHFFFAOYSA-N,0.0525715292470565,"measured (DoOR consensus, normalised 0-1)"
ORN_VA5,Or49b,WWZKQHOCKIZLMA-UHFFFAOYSA-N,0.0564810066456328,"measured (DoOR consensus, normalised 0-1)"
ORN_VA5,Or49b,FBUKVWPVBMHYJY-UHFFFAOYSA-N,0.0577640141437555,"measured (DoOR consensus, normalised 0-1)"
ORN_VA5,Or49b,OYHQOLUKZRVURQ-HZJYTTRNSA-N,0.0564810066456328,"measured (DoOR consensus, normalised 0-1)"
ORN_VA5,Or49b,KQNPFQTWMSNSAP-UHFFFAOYSA-N,0.0628094442005076,"measured (DoOR consensus, normalised 0-1)"
ORN_VA5,Or49b,GWYFCOCPABKNJV-UHFFFAOYSA-N,0.0652866592842733,"measured (DoOR consensus, normalised 0-1)"
ORN_VA5,Or49b,LCTONWCANYUPML-UHFFFAOYSA-N,0.0590378680945079,"measured (DoOR consensus, normalised 0-1)"
ORN_VA5,Or49b,OBETXYAYXDNJHR-UHFFFAOYSA-N,0.0564810066456328,"measured (DoOR consensus, normalised 0-1)"
ORN_VA5,Or49b,JVTAAEKCZFNVCJ-UHFFFAOYSA-N,0.0628094442005076,"measured (DoOR consensus, normalised 0-1)"
ORN_VA5,Or49b,CZUGFKJYCPYHHV-UHFFFAOYSA-N,0.0675643719751656,"measured (DoOR consensus, normalised 0-1)"
ORN_VA5,Or49b,QMMFVYPAHWMCMS-UHFFFAOYSA-N,0.0463006914111282,"measured (DoOR consensus, normalised 0-1)"
ORN_VA5,Or49b,ALVPFGSHPUPROW-UHFFFAOYSA-N,0.0779896848403772,"measured (DoOR consensus, normalised 0-1)"
ORN_VA5,Or49b,SUVIGLJNEAMWEG-UHFFFAOYSA-N,0.0779896848403772,"measured (DoOR consensus, normalised 0-1)"
ORN_VA5,Or49b,MOYAFQVGZZPNRA-UHFFFAOYSA-N,0.0603030756657859,"measured (DoOR consensus, normalised 0-1)"
ORN_VA5,Or49b,GRWFGVWFFZKLTI-UHFFFAOYSA-N,0.0657615872038681,"measured (DoOR consensus, normalised 0-1)"
ORN_VA5,Or49b,WTARULDDTDQWMU-UHFFFAOYSA-N,0.0590378680945079,"measured (DoOR consensus, normalised 0-1)"
ORN_VA5,Or49b,BQOFWKZOCNGFEC-UHFFFAOYSA-N,0.0505124366988495,"measured (DoOR consensus, normalised 0-1)"
ORN_VA5,Or49b,XMGQYMWWDOXHJM-UHFFFAOYSA-N,0.06405148917545,"measured (DoOR consensus, normalised 0-1)"
ORN_VA5,Or49b,FAMPSKZZVDUYOS-HRGUGZIWSA-N,0.0652866592842733,"measured (DoOR consensus, normalised 0-1)"
ORN_VA5,Or49b,UAHWPYUMFXYFJY-UHFFFAOYSA-N,0.0538853508417014,"measured (DoOR consensus, normalised 0-1)"
ORN_VA5,Or49b,NPNUFJAVOOONJE-GFUGXAQUSA-N,0.0494717245909939,"measured (DoOR consensus, normalised 0-1)"
ORN_VA5,Or49b,HFPZCAJZSCWRBC-UHFFFAOYSA-N,0.0615601163979373,"measured (DoOR consensus, normalised 0-1)"
ORN_VA5,Or49b,HIGQPQRQIQDZMP-DHZHZOJOSA-N,0.0470607378598066,"measured (DoOR consensus, normalised 0-1)"
ORN_VA5,Or49b,WUOACPNHFRMFPN-SECBINFHSA-N,0.0538853508417014,"measured (DoOR consensus, normalised 0-1)"
ORN_VA5,Or49b,GLZPCOQZEFWAFX-JXMROGBWSA-N,0.0551883086146224,"measured (DoOR consensus, normalised 0-1)"
ORN_VA5,Or49b,GLZPCOQZEFWAFX-YFHOEESVSA-N,0.0665153418745806,"measured (DoOR consensus, normalised 0-1)"
ORN_VA5,Or49b,CDOSHBSSFJOMGT-UHFFFAOYSA-N,0.0638890113221746,"measured (DoOR consensus, normalised 0-1)"
ORN_VA5,Or49b,QMVPMAAFGQKVCJ-SNVBAGLBSA-N,0.0652944535247322,"measured (DoOR consensus, normalised 0-1)"
ORN_VA5,Or49b,BRHDDEIRQPDPMG-UHFFFAOYSA-N,0.0441420134142097,"measured (DoOR consensus, normalised 0-1)"
ORN_VA5,Or49b,WEEGYLXZBRQIMU-WAAGHKOSSA-N,0.0779896848403772,"measured (DoOR consensus, normalised 0-1)"
ORN_VA5,Or49b,XMGQYMWWDOXHJM-JTQLQIEISA-N,0.0779896848403772,"measured (DoOR consensus, normalised 0-1)"
ORN_VA5,Or49b,IKHGUXGNUITLKF-UHFFFAOYSA-N,0.0564810066456328,"measured (DoOR consensus, normalised 0-1)"
ORN_VA5,Or49b,NBBJYMSMWIIQGU-UHFFFAOYSA-N,0.0470530483108143,"measured (DoOR consensus, normalised 0-1)"
ORN_VA5,Or49b,ZTQSAGDEMFDKMZ-UHFFFAOYSA-N,0.0494717245909939,"measured (DoOR consensus, normalised 0-1)"
ORN_VA5,Or49b,HGBOYTHUEUWSSQ-UHFFFAOYSA-N,0.0484231101999292,"measured (DoOR consensus, normalised 0-1)"
ORN_VA5,Or49b,JARKCYVAAOWBJS-UHFFFAOYSA-N,0.0525715292470565,"measured (DoOR consensus, normalised 0-1)"
ORN_VA5,Or49b,MBDOYVRWFFCFHM-SNAWJCMRSA-N,0.0408144989177469,"measured (DoOR consensus, normalised 0-1)"
ORN_VA5,Or49b,HYBBIBNJHNGZAN-UHFFFAOYSA-N,0.0525715292470565,"measured (DoOR consensus, normalised 0-1)"
ORN_VA5,Or49b,HGINCPLSRVDWNT-UHFFFAOYSA-N,0.0538853508417014,"measured (DoOR consensus, normalised 0-1)"
ORN_VA5,Or49b,LVBXEMGDVWVTGY-VOTSOKGWSA-N,0.0779896848403772,"measured (DoOR consensus, normalised 0-1)"
ORN_VA5,Or49b,GYHFUZHODSMOHU-UHFFFAOYSA-N,0.0779896848403772,"measured (DoOR consensus, normalised 0-1)"
ORN_VA5,Or49b,CSCPPACGZOOCGX-UHFFFAOYSA-N,0.0647987144933073,"measured (DoOR consensus, normalised 0-1)"
ORN_VA5,Or49b,ZWEHNKRNPOVVGH-UHFFFAOYSA-N,0.0696708045899092,"measured (DoOR consensus, normalised 0-1)"
ORN_VA5,Or49b,XNLICIUVMPYHGG-UHFFFAOYSA-N,0.0615601163979373,"measured (DoOR consensus, normalised 0-1)"
ORN_VA5,Or49b,CATSNJVOTSVZJV-UHFFFAOYSA-N,0.0587621015309861,"measured (DoOR consensus, normalised 0-1)"
ORN_VA5,Or49b,UHEPJGULSIKKTP-UHFFFAOYSA-N,0.0556768051171094,"measured (DoOR consensus, normalised 0-1)"
ORN_VA5,Or49b,QSJXEFYPDANLFS-UHFFFAOYSA-N,0.0792175336472616,"measured (DoOR consensus, normalised 0-1)"
ORN_VA5,Or49b,JHIVVAPYMSGYDF-UHFFFAOYSA-N,0.0507519923362787,"measured (DoOR consensus, normalised 0-1)"
ORN_VA5,Or49b,WRMNZCZEMHIOCP-UHFFFAOYSA-N,0.137671765729212,"measured (DoOR consensus, normalised 0-1)"
ORN_VA5,Or49b,WVDDGKGOMKODPV-UHFFFAOYSA-N,0.282566602937459,"measured (DoOR consensus, normalised 0-1)"
ORN_VA5,Or49b,OSWPMRLSEDHDFF-UHFFFAOYSA-N,0.0978413486531544,"measured (DoOR consensus, normalised 0-1)"
ORN_VA5,Or49b,QPJVMBTYPHYUOC-UHFFFAOYSA-N,0.0833455456626294,"measured (DoOR consensus, normalised 0-1)"
ORN_VA5,Or49b,MTZQAGJQAFMTAQ-UHFFFAOYSA-N,0.0505124366988495,"measured (DoOR consensus, normalised 0-1)"
ORN_VA5,Or49b,MDHYEMXUFSJLGV-UHFFFAOYSA-N,0.0665153418745806,"measured (DoOR consensus, normalised 0-1)"
ORN_VA5,Or49b,HUMNYLRZRPPJDN-UHFFFAOYSA-N,0.135220740469237,"measured (DoOR consensus, normalised 0-1)"
ORN_VA5,Or49b,DTUQWGWMVIHBKE-UHFFFAOYSA-N,0.117071920611822,"measured (DoOR consensus, normalised 0-1)"
ORN_VA5,Or49b,KWOLFJPFCHCOCG-UHFFFAOYSA-N,0.117071920611822,"measured (DoOR consensus, normalised 0-1)"
ORN_VA5,Or49b,KBEBGUQPQBELIU-CMDGGOBGSA-N,0.0615601163979373,"measured (DoOR consensus, normalised 0-1)"
ORN_VA5,Or49b,QWVGKYWNOKOFNN-UHFFFAOYSA-N,0.718800601363456,"measured (DoOR consensus, normalised 0-1)"
ORN_VA5,Or49b,CHWNEIVBYREQRF-UHFFFAOYSA-N,0.0551883086146224,"measured (DoOR consensus, normalised 0-1)"
ORN_VA5,Or49b,RRAFCDWBNXTKKO-UHFFFAOYSA-N,0.0505124366988495,"measured (DoOR consensus, normalised 0-1)"
ORN_VA5,Or49b,WTWBUQJHJGUZCY-UHFFFAOYSA-N,0.0779896848403772,"measured (DoOR consensus, normalised 0-1)"
ORN_VA5,Or49b,ZYEMGPIYFIJGTP-UHFFFAOYSA-N,0.0779896848403772,"measured (DoOR consensus, normalised 0-1)"
ORN_VA5,Or49b,IWDCLRJOBJJRNH-UHFFFAOYSA-N,0.478748513839395,"measured (DoOR consensus, normalised 0-1)"
ORN_VA5,Or49b,HXDOZKJGKXYMEW-UHFFFAOYSA-N,0.270516825549698,"measured (DoOR consensus, normalised 0-1)"
ORN_VA5,Or49b,KLSLBUSXWBJMEC-UHFFFAOYSA-N,0.0745285743219978,"measured (DoOR consensus, normalised 0-1)"
ORN_VA5,Or49b,RLSSMJSEOOYNOY-UHFFFAOYSA-N,0.587239012925245,"measured (DoOR consensus, normalised 0-1)"
ORN_VA5,Or49b,OKKJLVBELUTLKV-UHFFFAOYSA-N,0.0689546991035551,"measured (DoOR consensus, normalised 0-1)"
ORN_VA5,Or49b,LFQSCWFLJHTTHZ-UHFFFAOYSA-N,0.0590378680945079,"measured (DoOR consensus, normalised 0-1)"
ORN_VA5,Or49b,BDERNNFJNOPAEC-UHFFFAOYSA-N,0.0590378680945079,"measured (DoOR consensus, normalised 0-1)"
ORN_VA5,Or49b,LRHPLDYGYMQRHN-UHFFFAOYSA-N,0.0837634672389045,"measured (DoOR consensus, normalised 0-1)"
ORN_VA5,Or49b,AMQJEAYHLZJPGS-UHFFFAOYSA-N,0.13560630965554,"measured (DoOR consensus, normalised 0-1)"
ORN_VA5,Or49b,ZSIAUFGUXNUGDI-UHFFFAOYSA-N,0.0731613970941628,"measured (DoOR consensus, normalised 0-1)"
ORN_VA5,Or49b,KBPLFHHGFOOTCA-UHFFFAOYSA-N,0.0505124366988495,"measured (DoOR consensus, normalised 0-1)"
ORN_VA5,Or49b,JYVLIDXNZAXMDK-UHFFFAOYSA-N,0.110811771406688,"measured (DoOR consensus, normalised 0-1)"
ORN_VA5,Or49b,PHTQWCKDNZKARW-UHFFFAOYSA-N,0.0800970992312897,"measured (DoOR consensus, normalised 0-1)"
ORN_VA5,Or49b,ASUAYTHWZCLXAN-UHFFFAOYSA-N,0.117026402250635,"measured (DoOR consensus, normalised 0-1)"
ORN_VA5,Or49b,VHVMXWZXFBOANQ-UHFFFAOYSA-N,0.110811771406688,"measured (DoOR consensus, normalised 0-1)"
ORN_VA5,Or49b,VSMOENVRRABVKN-UHFFFAOYSA-N,0.064351890361253,"measured (DoOR consensus, normalised 0-1)"
ORN_VA5,Or49b,ZCHHRLHTBGRGOT-SNAWJCMRSA-N,0.0929689880390062,"measured (DoOR consensus, normalised 0-1)"
ORN_VA5,Or49b,ZCHHRLHTBGRGOT-PLNGDYQASA-N,0.0855101093149998,"measured (DoOR consensus, normalised 0-1)"
ORN_VA5,Or49b,UFLHIIWVXFIJGU-ONEGZZNKSA-N,0.104568480971839,"measured (DoOR consensus, normalised 0-1)"
ORN_VA5,Or49b,UFLHIIWVXFIJGU-ARJAWSKDSA-N,0.121159417251419,"measured (DoOR consensus, normalised 0-1)"
ORN_VA5,Or49b,PEDCQBHIVMGVHV-UHFFFAOYSA-N,0.0577640141437555,"measured (DoOR consensus, normalised 0-1)"
ORN_VA5,Or49b,OWBTYPJTUOEWEK-UHFFFAOYSA-N,0.0515455945253841,"measured (DoOR consensus, normalised 0-1)"
ORN_VA5,Or49b,MQWCXKGKQLNYQG-UHFFFAOYSA-N,0.0779896848403772,"measured (DoOR consensus, normalised 0-1)"
ORN_VA5,Or49b,NMRPBPVERJPACX-UHFFFAOYSA-N,0.0779896848403772,"measured (DoOR consensus, normalised 0-1)"
ORN_VA5,Or49b,KXKVLQRXCPHEJC-UHFFFAOYSA-N,0.0515455945253841,"measured (DoOR consensus, normalised 0-1)"
ORN_VA5,Or49b,XEKOWRVHYACXOJ-UHFFFAOYSA-N,0.059488896887914,"measured (DoOR consensus, normalised 0-1)"
ORN_VA5,Or49b,YKYONYBAUNKHLG-UHFFFAOYSA-N,0.0713722977678276,"measured (DoOR consensus, normalised 0-1)"
ORN_VA5,Or49b,DKPFZGUDAPQIHT-UHFFFAOYSA-N,0.0833455456626294,"measured (DoOR consensus, normalised 0-1)"
ORN_VA5,Or49b,PGMYKACGEOXYJE-UHFFFAOYSA-N,0.0696781472268879,"measured (DoOR consensus, normalised 0-1)"
ORN_VA5,Or49b,AOGQPLXWSUTHQB-UHFFFAOYSA-N,0.0538853508417014,"measured (DoOR consensus, normalised 0-1)"
ORN_VA5,Or49b,GJRQTCIYDGXPES-UHFFFAOYSA-N,0.0538853508417014,"measured (DoOR consensus, normalised 0-1)"
ORN_VA5,Or49b,MLFHJEHSLIIPHL-UHFFFAOYSA-N,0.0747090132473866,"measured (DoOR consensus, normalised 0-1)"
ORN_VA5,Or49b,HRHOWZHRCRZVCU-WAYWQWQTSA-N,0.0717415509542389,"measured (DoOR consensus, normalised 0-1)"
ORN_VA5,Or49b,UUIQMZJEGPQKFD-UHFFFAOYSA-N,0.0855101093149998,"measured (DoOR consensus, normalised 0-1)"
ORN_VA5,Or49b,OBNCKNCVKJNDBV-UHFFFAOYSA-N,0.0457588762599667,"measured (DoOR consensus, normalised 0-1)"
ORN_VA5,Or49b,XAPCMTMQBXLDBB-UHFFFAOYSA-N,0.0577640141437555,"measured (DoOR consensus, normalised 0-1)"
ORN_VA5,Or49b,OMSUIQOIVADKIM-UHFFFAOYSA-N,0.131477970326344,"measured (DoOR consensus, normalised 0-1)"
ORN_VA5,Or49b,FKRCODPIKNYEAC-UHFFFAOYSA-N,0.0652944535247322,"measured (DoOR consensus, normalised 0-1)"
ORN_VA5,Or49b,WBJINCZRORDGAQ-UHFFFAOYSA-N,0.0615601163979373,"measured (DoOR consensus, normalised 0-1)"
ORN_VA5,Or49b,NUKZAGXMHTUAFE-UHFFFAOYSA-N,0.0725737233352257,"measured (DoOR consensus, normalised 0-1)"
ORN_VA5,Or49b,SHZIWNPUGXLXDT-UHFFFAOYSA-N,0.0551883086146224,"measured (DoOR consensus, normalised 0-1)"
ORN_VA5,Or49b,NCDCLPBOMHPFCV-UHFFFAOYSA-N,0.0564810066456328,"measured (DoOR consensus, normalised 0-1)"
ORN_VA5,Or49b,JGHZJRVDZXSNKQ-UHFFFAOYSA-N,0.0628094442005076,"measured (DoOR consensus, normalised 0-1)"
ORN_VA5,Or49b,YYZUSRORWSJGET-UHFFFAOYSA-N,0.0505124366988495,"measured (DoOR consensus, normalised 0-1)"
ORN_VA5,Or49b,RGXWDWUGBIJHDO-UHFFFAOYSA-N,0.0551883086146224,"measured (DoOR consensus, normalised 0-1)"
ORN_VA5,Or49b,ZFDIRQKJPRINOQ-HWKANZROSA-N,0.0615601163979373,"measured (DoOR consensus, normalised 0-1)"
ORN_VA5,Or49b,LZCLXQDLBQLTDK-UHFFFAOYSA-N,0.114957279687741,"measured (DoOR consensus, normalised 0-1)"
ORN_VA5,Or49b,DKMROQRQHGEIOW-UHFFFAOYSA-N,0.0538853508417014,"measured (DoOR consensus, normalised 0-1)"
ORN_VA5,Or49b,SIKJAQJRHWYJAI-UHFFFAOYSA-N,0.0779896848403772,"measured (DoOR consensus, normalised 0-1)"
ORN_VA5,Or49b,HCRBXQFHJMCTLF-UHFFFAOYSA-N,0.0779896848403772,"measured (DoOR consensus, normalised 0-1)"
ORN_VA5,Or49b,ICMAFTSLXCXHRK-UHFFFAOYSA-N,0.0273974723530394,"measured (DoOR consensus, normalised 0-1)"
ORN_VA5,Or49b,GAEKPEKOJKCEMS-UHFFFAOYSA-N,0.0779896848403772,"measured (DoOR consensus, normalised 0-1)"
ORN_VA5,Or49b,solvent,0.0306468937761629,"measured (DoOR consensus, normalised 0-1)"
ORN_VA5,Or49b,CURLTUGMZLYLDI-UHFFFAOYSA-N,0.0291667830554966,"measured (DoOR consensus, normalised 0-1)"
ORN_VA5,Or49b,UXFSPRAGHGMRSQ-UHFFFAOYSA-N,0.0779896848403772,"measured (DoOR consensus, normalised 0-1)"
ORN_VA5,Or49b,RWRDLPDLKQPQOW-UHFFFAOYSA-N,0.0779896848403772,"measured (DoOR consensus, normalised 0-1)"
ORN_VA5,Or49b,QCCDLTOVEPVEJK-UHFFFAOYSA-N,0.0525692482847016,"measured (DoOR consensus, normalised 0-1)"
ORN_VA5,Or49b,ZKQDCIXGCQPQNV-UHFFFAOYSA-N,0.0156658685153021,"measured (DoOR consensus, normalised 0-1)"
ORN_VA5,Or49b,CRVGTESFCCXCTH-UHFFFAOYSA-N,0.0525692482847016,"measured (DoOR consensus, normalised 0-1)"
ORN_VA5,Or49b,AKNUHUCEWALCOI-UHFFFAOYSA-O,0.0525692482847016,"measured (DoOR consensus, normalised 0-1)"
ORN_VA5,Or49b,OSPSWZSRKYCQPF-UHFFFAOYSA-N,0.0215405692085404,"measured (DoOR consensus, normalised 0-1)"
ORN_VA5,Or49b,BDZBKCUKTQZUTL-UHFFFAOYSA-N,0.0215405692085404,"measured (DoOR consensus, normalised 0-1)"
ORN_VA5,Or49b,DWCLXOREGBLXTD-UHFFFAOYSA-N,0.020561452426334,"measured (DoOR consensus, normalised 0-1)"
ORN_VA5,Or49b,YIWUKEYIRIRTPP-UHFFFAOYSA-N,0.0525692482847016,"measured (DoOR consensus, normalised 0-1)"
ORN_VA5,Or49b,VKYKSIONXSXAKP-UHFFFAOYSA-N,0.0186032188619212,"measured (DoOR consensus, normalised 0-1)"
ORN_VA5,Or49b,MHAJPDPJQMAIIY-UHFFFAOYSA-N,0.0088120510398574,"measured (DoOR consensus, normalised 0-1)"
ORN_VA5,Or49b,GRYLNZFGIOXLOG-UHFFFAOYSA-N,0.0068538174754446,"measured (DoOR consensus, normalised 0-1)"
ORN_VA5,Or49b,LYGJENNIWJXYER-UHFFFAOYSA-N,0.0362836446299893,"measured (DoOR consensus, normalised 0-1)"
ORN_VA5,Or49b,WFDIJRYMOXRFFG-UHFFFAOYSA-N,0.0117494013864766,"measured (DoOR consensus, normalised 0-1)"
ORN_VA5,Or49b,ZHNUHDYFZUAESO-UHFFFAOYSA-N,0.0097911678220638,"measured (DoOR consensus, normalised 0-1)"
ORN_VA5,Or49b,WGSVFWFSJDAYBM-BQYQJAHWSA-N,0.0156658685153021,"measured (DoOR consensus, normalised 0-1)"
ORN_VA5,Or49b,ZMQAAUBTXCXRIC-UHFFFAOYSA-N,0.0127285181686829,"measured (DoOR consensus, normalised 0-1)"
ORN_VA5,Or49b,FHIVAFMUCKRCQO-UHFFFAOYSA-N,0.0039164671288255,"measured (DoOR consensus, normalised 0-1)"
ORN_VA5,Or49b,RDYMFSUJUZBWLH-UHFFFAOYSA-N,0.0,"measured (DoOR consensus, normalised 0-1)"
ORN_VA5,Or49b,YLMGFJXSLBMXHK-UHFFFAOYSA-M,0.007832934257651,"measured (DoOR consensus, normalised 0-1)"
ORN_VA5,Or49b,BAZAXWOYCMUHIX-UHFFFAOYSA-M,0.0058747006932382,"measured (DoOR consensus, normalised 0-1)"
ORN_VA5,Or49b,RWSOTUBLDIXVET-UHFFFAOYSA-N,0.0166449852975085,"measured (DoOR consensus, normalised 0-1)"
ORN_VA5,Or49b,XTFIVUDBNACUBN-UHFFFAOYSA-N,0.0097911678220638,"measured (DoOR consensus, normalised 0-1)"
ORN_VA5,Or49b,HMWPNDNFTFSCEB-UHFFFAOYSA-N,0.0186032188619212,"measured (DoOR consensus, normalised 0-1)"
ORN_VA5,Or49b,SNIOPGDIGTZGOP-UHFFFAOYSA-N,0.0362836446299893,"measured (DoOR consensus, normalised 0-1)"
ORN_VA5,Or49b,TZRXHJWUDPFEEY-UHFFFAOYSA-N,0.0097911678220638,"measured (DoOR consensus, normalised 0-1)"
ORN_VA5,Or49b,ZTLXICJMNFREPA-UHFFFAOYSA-N,0.0137076349508893,"measured (DoOR consensus, normalised 0-1)"
ORN_VA5,Or49b,SPSSULHKWOKEEL-UHFFFAOYSA-N,0.0058747006932382,"measured (DoOR consensus, normalised 0-1)"
ORN_DL2d,ac3A,XLYOFNOQVPJJNP-UHFFFAOYSA-N,0.22250973104288,"measured (DoOR consensus, normalised 0-1)"
ORN_DL2d,ac3A,VHUUQVKOLVNVRT-UHFFFAOYSA-N,0.0718763493728658,"measured (DoOR consensus, normalised 0-1)"
ORN_DL2d,ac3A,KIDHWZJUCRJVML-UHFFFAOYSA-N,0.189888734613282,"measured (DoOR consensus, normalised 0-1)"
ORN_DL2d,ac3A,VHRGRCVQAFMJIZ-UHFFFAOYSA-N,0.165465106956345,"measured (DoOR consensus, normalised 0-1)"
ORN_DL2d,ac3A,QGZKDVFQNNGYKY-UHFFFAOYSA-N,0.0697364032766704,"measured (DoOR consensus, normalised 0-1)"
ORN_DL2d,ac3A,WJYIASZWHGOTOU-UHFFFAOYSA-N,0.045201353901343,"measured (DoOR consensus, normalised 0-1)"
ORN_DL2d,ac3A,BMFVGAAISNGQNM-UHFFFAOYSA-N,0.0482570370871988,"measured (DoOR consensus, normalised 0-1)"
ORN_DL2d,ac3A,ROSDSFDQCJNGOL-UHFFFAOYSA-N,0.0881545733685315,"measured (DoOR consensus, normalised 0-1)"
ORN_DL2d,ac3A,JBFHTYHTHYHCDJ-UHFFFAOYSA-N,0.13726182405347,"measured (DoOR consensus, normalised 0-1)"
ORN_DL2d,ac3A,QTBSBXVTEAMEQO-UHFFFAOYSA-N,0.465392008125088,"measured (DoOR consensus, normalised 0-1)"
ORN_DL2d,ac3A,XBDQKXXYIPTUBI-UHFFFAOYSA-N,0.439128435997955,"measured (DoOR consensus, normalised 0-1)"
ORN_DL2d,ac3A,FERIUCNNQQJTOY-UHFFFAOYSA-N,0.36667538165228,"measured (DoOR consensus, normalised 0-1)"
ORN_DL2d,ac3A,FUZZWVXGSFPDMH-UHFFFAOYSA-N,0.19487511833845,"measured (DoOR consensus, normalised 0-1)"
ORN_DL2d,ac3A,GWYFCOCPABKNJV-UHFFFAOYSA-N,0.34632796581749,"measured (DoOR consensus, normalised 0-1)"
ORN_DL2d,ac3A,HIGQPQRQIQDZMP-DHZHZOJOSA-N,0.0529305770830602,"measured (DoOR consensus, normalised 0-1)"
ORN_DL2d,ac3A,NBBJYMSMWIIQGU-UHFFFAOYSA-N,0.481366631109162,"measured (DoOR consensus, normalised 0-1)"
ORN_DL2d,ac3A,ZTQSAGDEMFDKMZ-UHFFFAOYSA-N,0.41567580851338,"measured (DoOR consensus, normalised 0-1)"
ORN_DL2d,ac3A,HGBOYTHUEUWSSQ-UHFFFAOYSA-N,0.273984214791691,"measured (DoOR consensus, normalised 0-1)"
ORN_DL2d,ac3A,JARKCYVAAOWBJS-UHFFFAOYSA-N,0.222391148583407,"measured (DoOR consensus, normalised 0-1)"
ORN_DL2d,ac3A,MBDOYVRWFFCFHM-SNAWJCMRSA-N,0.256694368003597,"measured (DoOR consensus, normalised 0-1)"
ORN_DL2d,ac3A,NUJGJRNETVAIRJ-UHFFFAOYSA-N,0.217614890581162,"measured (DoOR consensus, normalised 0-1)"
ORN_DL2d,ac3A,KSMVZQYAVGTKIV-UHFFFAOYSA-N,0.126967100493652,"measured (DoOR consensus, normalised 0-1)"
ORN_DL2d,ac3A,FXHGMKSSBGDXIY-UHFFFAOYSA-N,0.126967100493652,"measured (DoOR consensus, normalised 0-1)"
ORN_DL2d,ac3A,GYHFUZHODSMOHU-UHFFFAOYSA-N,0.11619953863761,"measured (DoOR consensus, normalised 0-1)"
ORN_DL2d,ac3A,NDFKTBCGKNOHPJ-AATRIKPKSA-N,0.0816799569686543,"measured (DoOR consensus, normalised 0-1)"
ORN_DL2d,ac3A,CSCPPACGZOOCGX-UHFFFAOYSA-N,0.0720601347565533,"measured (DoOR consensus, normalised 0-1)"
ORN_DL2d,ac3A,ZWEHNKRNPOVVGH-UHFFFAOYSA-N,0.0509227417574253,"measured (DoOR consensus, normalised 0-1)"
ORN_DL2d,ac3A,XNLICIUVMPYHGG-UHFFFAOYSA-N,0.0523312813350066,"measured (DoOR consensus, normalised 0-1)"
ORN_DL2d,ac3A,CATSNJVOTSVZJV-UHFFFAOYSA-N,0.0934742995441683,"measured (DoOR consensus, normalised 0-1)"
ORN_DL2d,ac3A,UHEPJGULSIKKTP-UHFFFAOYSA-N,0.0562625432129896,"measured (DoOR consensus, normalised 0-1)"
ORN_DL2d,ac3A,QSJXEFYPDANLFS-UHFFFAOYSA-N,0.260745573801481,"measured (DoOR consensus, normalised 0-1)"
ORN_DL2d,ac3A,QQZOPKMRPOGIEB-UHFFFAOYSA-N,0.126967100493652,"measured (DoOR consensus, normalised 0-1)"
ORN_DL2d,ac3A,JHIVVAPYMSGYDF-UHFFFAOYSA-N,0.0549837904073462,"measured (DoOR consensus, normalised 0-1)"
ORN_DL2d,ac3A,ZPVFWPFBNIEHGJ-UHFFFAOYSA-N,0.126967100493652,"measured (DoOR consensus, normalised 0-1)"
ORN_DL2d,ac3A,VKCYHJWLYTUGCC-UHFFFAOYSA-N,0.222391148583407,"measured (DoOR consensus, normalised 0-1)"
ORN_DL2d,ac3A,WRMNZCZEMHIOCP-UHFFFAOYSA-N,0.0439746348883611,"measured (DoOR consensus, normalised 0-1)"
ORN_DL2d,ac3A,WVDDGKGOMKODPV-UHFFFAOYSA-N,0.0577605475273534,"measured (DoOR consensus, normalised 0-1)"
ORN_DL2d,ac3A,HUMNYLRZRPPJDN-UHFFFAOYSA-N,0.106280260771848,"measured (DoOR consensus, normalised 0-1)"
ORN_DL2d,ac3A,DTUQWGWMVIHBKE-UHFFFAOYSA-N,0.107313317139844,"measured (DoOR consensus, normalised 0-1)"
ORN_DL2d,ac3A,QWVGKYWNOKOFNN-UHFFFAOYSA-N,0.068641422668575,"measured (DoOR consensus, normalised 0-1)"
ORN_DL2d,ac3A,SUSQOBVLVYHIEX-UHFFFAOYSA-N,0.0934742995441683,"measured (DoOR consensus, normalised 0-1)"
ORN_DL2d,ac3A,QUKGYYKBILRGFE-UHFFFAOYSA-N,0.147049641696473,"measured (DoOR consensus, normalised 0-1)"
ORN_DL2d,ac3A,LRHPLDYGYMQRHN-UHFFFAOYSA-N,0.0472384760252469,"measured (DoOR consensus, normalised 0-1)"
ORN_DL2d,ac3A,AMQJEAYHLZJPGS-UHFFFAOYSA-N,0.11619953863761,"measured (DoOR consensus, normalised 0-1)"
ORN_DL2d,ac3A,ZSIAUFGUXNUGDI-UHFFFAOYSA-N,0.180944798172772,"measured (DoOR consensus, normalised 0-1)"
ORN_DL2d,ac3A,KBPLFHHGFOOTCA-UHFFFAOYSA-N,0.238631037333754,"measured (DoOR consensus, normalised 0-1)"
ORN_DL2d,ac3A,PHTQWCKDNZKARW-UHFFFAOYSA-N,0.045201353901343,"measured (DoOR consensus, normalised 0-1)"
ORN_DL2d,ac3A,VSMOENVRRABVKN-UHFFFAOYSA-N,0.273788969137257,"measured (DoOR consensus, normalised 0-1)"
ORN_DL2d,ac3A,UFLHIIWVXFIJGU-ARJAWSKDSA-N,0.0934742995441683,"measured (DoOR consensus, normalised 0-1)"
ORN_DL2d,ac3A,OWBTYPJTUOEWEK-UHFFFAOYSA-N,0.174163377378049,"measured (DoOR consensus, normalised 0-1)"
ORN_DL2d,ac3A,MWKFXSUHUHTGQN-UHFFFAOYSA-N,0.126967100493652,"measured (DoOR consensus, normalised 0-1)"
ORN_DL2d,ac3A,ZWRUINPWMLAQRD-UHFFFAOYSA-N,0.13726182405347,"measured (DoOR consensus, normalised 0-1)"
ORN_DL2d,ac3A,ZXEKIIBDNHEJCQ-UHFFFAOYSA-N,0.0492755981491507,"measured (DoOR consensus, normalised 0-1)"
ORN_DL2d,ac3A,XEKOWRVHYACXOJ-UHFFFAOYSA-N,0.0494364127352381,"measured (DoOR consensus, normalised 0-1)"
ORN_DL2d,ac3A,DKPFZGUDAPQIHT-UHFFFAOYSA-N,0.0697364032766704,"measured (DoOR consensus, normalised 0-1)"
ORN_DL2d,ac3A,PGMYKACGEOXYJE-UHFFFAOYSA-N,0.0449921083217101,"measured (DoOR consensus, normalised 0-1)"
ORN_DL2d,ac3A,AOGQPLXWSUTHQB-UHFFFAOYSA-N,0.105011317820329,"measured (DoOR consensus, normalised 0-1)"
ORN_DL2d,ac3A,OBNCKNCVKJNDBV-UHFFFAOYSA-N,0.0720601347565533,"measured (DoOR consensus, normalised 0-1)"
ORN_DL2d,ac3A,ICMAFTSLXCXHRK-UHFFFAOYSA-N,0.117287373779471,"measured (DoOR consensus, normalised 0-1)"
ORN_DL2d,ac3A,solvent,0.0800035096747026,"measured (DoOR consensus, normalised 0-1)"
ORN_DL2d,ac3A,RWRDLPDLKQPQOW-UHFFFAOYSA-N,0.0461906474647972,"measured (DoOR consensus, normalised 0-1)"
ORN_DL2d,ac3A,BHHGXPLMPWCGHP-UHFFFAOYSA-N,0.0,"measured (DoOR consensus, normalised 0-1)"
ORN_DL2d,ac3A,JUJWROOIHBZHMG-UHFFFAOYSA-N,0.0134993793647119,"measured (DoOR consensus, normalised 0-1)"
ORN_DL2d,ac3A,KDVFRMMRZOCFLS-UHFFFAOYSA-N,0.282798218857335,"measured (DoOR consensus, normalised 0-1)"
ORN_DL2d,ac3A,QUSNBJAOOMFDIB-UHFFFAOYSA-N,0.029662039899269,"measured (DoOR consensus, normalised 0-1)"
ORN_DL2d,ac3A,WLJVXDMOQOGPHL-UHFFFAOYSA-N,0.184697260946632,"measured (DoOR consensus, normalised 0-1)"
ORN_DL2d,ac3A,ATHGHQPFGPMSJY-UHFFFAOYSA-N,0.209015979237621,"measured (DoOR consensus, normalised 0-1)"
ORN_DL2d,ac3A,QCCDLTOVEPVEJK-UHFFFAOYSA-N,0.0720601347565533,"measured (DoOR consensus, normalised 0-1)"
ORN_DL2d,ac3A,ZKQDCIXGCQPQNV-UHFFFAOYSA-N,0.198044559734483,"measured (DoOR consensus, normalised 0-1)"
ORN_DL2d,ac3A,CRVGTESFCCXCTH-UHFFFAOYSA-N,0.0828483216131951,"measured (DoOR consensus, normalised 0-1)"
ORN_DL2d,ac3A,AKNUHUCEWALCOI-UHFFFAOYSA-O,0.0516128628102597,"measured (DoOR consensus, normalised 0-1)"
ORN_DL2d,ac3A,OSPSWZSRKYCQPF-UHFFFAOYSA-N,0.0318570266363393,"measured (DoOR consensus, normalised 0-1)"
ORN_DL2d,ac3A,BDZBKCUKTQZUTL-UHFFFAOYSA-N,0.0828483216131951,"measured (DoOR consensus, normalised 0-1)"
ORN_DL2d,ac3A,DWCLXOREGBLXTD-UHFFFAOYSA-N,0.0576025436675324,"measured (DoOR consensus, normalised 0-1)"
ORN_DL2d,ac3A,YIWUKEYIRIRTPP-UHFFFAOYSA-N,0.0885345446770907,"measured (DoOR consensus, normalised 0-1)"
ORN_DL2d,ac3A,VKYKSIONXSXAKP-UHFFFAOYSA-N,0.0576025436675324,"measured (DoOR consensus, normalised 0-1)"
ORN_DL2d,ac3A,MHAJPDPJQMAIIY-UHFFFAOYSA-N,0.119452441076819,"measured (DoOR consensus, normalised 0-1)"
ORN_DL2d,ac3A,GRYLNZFGIOXLOG-UHFFFAOYSA-N,0.112987972004003,"measured (DoOR consensus, normalised 0-1)"
ORN_DL2d,ac3A,LYGJENNIWJXYER-UHFFFAOYSA-N,0.0669686751560394,"measured (DoOR consensus, normalised 0-1)"
ORN_DL2d,ac3A,WFDIJRYMOXRFFG-UHFFFAOYSA-N,0.0720601347565533,"measured (DoOR consensus, normalised 0-1)"
ORN_DL2d,ac3A,ZHNUHDYFZUAESO-UHFFFAOYSA-N,0.0944043900839299,"measured (DoOR consensus, normalised 0-1)"
ORN_DL2d,ac3A,WGSVFWFSJDAYBM-BQYQJAHWSA-N,0.112987972004003,"measured (DoOR consensus, normalised 0-1)"
ORN_DL2d,ac3A,ZMQAAUBTXCXRIC-UHFFFAOYSA-N,0.106646356011785,"measured (DoOR consensus, normalised 0-1)"
ORN_DL2d,ac3A,FHIVAFMUCKRCQO-UHFFFAOYSA-N,0.0555940468248693,"measured (DoOR consensus, normalised 0-1)"
ORN_DL2d,ac3A,RDYMFSUJUZBWLH-UHFFFAOYSA-N,0.0720601347565533,"measured (DoOR consensus, normalised 0-1)"
ORN_DL2d,ac3A,YLMGFJXSLBMXHK-UHFFFAOYSA-M,0.13266493725284,"measured (DoOR consensus, normalised 0-1)"
ORN_DL2d,ac3A,BAZAXWOYCMUHIX-UHFFFAOYSA-M,0.172815834965297,"measured (DoOR consensus, normalised 0-1)"
ORN_DL2d,ac3A,RWSOTUBLDIXVET-UHFFFAOYSA-N,0.112987972004003,"measured (DoOR consensus, normalised 0-1)"
ORN_DL2d,ac3A,XTFIVUDBNACUBN-UHFFFAOYSA-N,0.0720601347565533,"measured (DoOR consensus, normalised 0-1)"
ORN_DL2d,ac3A,HMWPNDNFTFSCEB-UHFFFAOYSA-N,0.100446339421622,"measured (DoOR consensus, normalised 0-1)"
ORN_DL2d,ac3A,SNIOPGDIGTZGOP-UHFFFAOYSA-N,0.0944043900839299,"measured (DoOR consensus, normalised 0-1)"
ORN_DL2d,ac3A,TZRXHJWUDPFEEY-UHFFFAOYSA-N,0.0476616955754756,"measured (DoOR consensus, normalised 0-1)"
ORN_DL2d,ac3A,ZTLXICJMNFREPA-UHFFFAOYSA-N,0.0535884464276517,"measured (DoOR consensus, normalised 0-1)"
ORN_DL2d,ac3A,SPSSULHKWOKEEL-UHFFFAOYSA-N,0.0720601347565533,"measured (DoOR consensus, normalised 0-1)"
ORN_DL2d,ac3A,XLYOFNOQVPJJNP-UHFFFAOYSA-N,0.22250973104288,"measured (DoOR consensus, normalised 0-1)"
ORN_DL2d,ac3A,VHUUQVKOLVNVRT-UHFFFAOYSA-N,0.0718763493728658,"measured (DoOR consensus, normalised 0-1)"
ORN_DL2d,ac3A,KIDHWZJUCRJVML-UHFFFAOYSA-N,0.189888734613282,"measured (DoOR consensus, normalised 0-1)"
ORN_DL2d,ac3A,VHRGRCVQAFMJIZ-UHFFFAOYSA-N,0.165465106956345,"measured (DoOR consensus, normalised 0-1)"
ORN_DL2d,ac3A,QGZKDVFQNNGYKY-UHFFFAOYSA-N,0.0697364032766704,"measured (DoOR consensus, normalised 0-1)"
ORN_DL2d,ac3A,WJYIASZWHGOTOU-UHFFFAOYSA-N,0.045201353901343,"measured (DoOR consensus, normalised 0-1)"
ORN_DL2d,ac3A,BMFVGAAISNGQNM-UHFFFAOYSA-N,0.0482570370871988,"measured (DoOR consensus, normalised 0-1)"
ORN_DL2d,ac3A,ROSDSFDQCJNGOL-UHFFFAOYSA-N,0.0881545733685315,"measured (DoOR consensus, normalised 0-1)"
ORN_DL2d,ac3A,JBFHTYHTHYHCDJ-UHFFFAOYSA-N,0.13726182405347,"measured (DoOR consensus, normalised 0-1)"
ORN_DL2d,ac3A,QTBSBXVTEAMEQO-UHFFFAOYSA-N,0.465392008125088,"measured (DoOR consensus, normalised 0-1)"
ORN_DL2d,ac3A,XBDQKXXYIPTUBI-UHFFFAOYSA-N,0.439128435997955,"measured (DoOR consensus, normalised 0-1)"
ORN_DL2d,ac3A,FERIUCNNQQJTOY-UHFFFAOYSA-N,0.36667538165228,"measured (DoOR consensus, normalised 0-1)"
ORN_DL2d,ac3A,FUZZWVXGSFPDMH-UHFFFAOYSA-N,0.19487511833845,"measured (DoOR consensus, normalised 0-1)"
ORN_DL2d,ac3A,GWYFCOCPABKNJV-UHFFFAOYSA-N,0.34632796581749,"measured (DoOR consensus, normalised 0-1)"
ORN_DL2d,ac3A,HIGQPQRQIQDZMP-DHZHZOJOSA-N,0.0529305770830602,"measured (DoOR consensus, normalised 0-1)"
ORN_DL2d,ac3A,NBBJYMSMWIIQGU-UHFFFAOYSA-N,0.481366631109162,"measured (DoOR consensus, normalised 0-1)"
ORN_DL2d,ac3A,ZTQSAGDEMFDKMZ-UHFFFAOYSA-N,0.41567580851338,"measured (DoOR consensus, normalised 0-1)"
ORN_DL2d,ac3A,HGBOYTHUEUWSSQ-UHFFFAOYSA-N,0.273984214791691,"measured (DoOR consensus, normalised 0-1)"
ORN_DL2d,ac3A,JARKCYVAAOWBJS-UHFFFAOYSA-N,0.222391148583407,"measured (DoOR consensus, normalised 0-1)"
ORN_DL2d,ac3A,MBDOYVRWFFCFHM-SNAWJCMRSA-N,0.256694368003597,"measured (DoOR consensus, normalised 0-1)"
ORN_DL2d,ac3A,NUJGJRNETVAIRJ-UHFFFAOYSA-N,0.217614890581162,"measured (DoOR consensus, normalised 0-1)"
ORN_DL2d,ac3A,KSMVZQYAVGTKIV-UHFFFAOYSA-N,0.126967100493652,"measured (DoOR consensus, normalised 0-1)"
ORN_DL2d,ac3A,FXHGMKSSBGDXIY-UHFFFAOYSA-N,0.126967100493652,"measured (DoOR consensus, normalised 0-1)"
ORN_DL2d,ac3A,GYHFUZHODSMOHU-UHFFFAOYSA-N,0.11619953863761,"measured (DoOR consensus, normalised 0-1)"
ORN_DL2d,ac3A,NDFKTBCGKNOHPJ-AATRIKPKSA-N,0.0816799569686543,"measured (DoOR consensus, normalised 0-1)"
ORN_DL2d,ac3A,CSCPPACGZOOCGX-UHFFFAOYSA-N,0.0720601347565533,"measured (DoOR consensus, normalised 0-1)"
ORN_DL2d,ac3A,ZWEHNKRNPOVVGH-UHFFFAOYSA-N,0.0509227417574253,"measured (DoOR consensus, normalised 0-1)"
ORN_DL2d,ac3A,XNLICIUVMPYHGG-UHFFFAOYSA-N,0.0523312813350066,"measured (DoOR consensus, normalised 0-1)"
ORN_DL2d,ac3A,CATSNJVOTSVZJV-UHFFFAOYSA-N,0.0934742995441683,"measured (DoOR consensus, normalised 0-1)"
ORN_DL2d,ac3A,UHEPJGULSIKKTP-UHFFFAOYSA-N,0.0562625432129896,"measured (DoOR consensus, normalised 0-1)"
ORN_DL2d,ac3A,QSJXEFYPDANLFS-UHFFFAOYSA-N,0.260745573801481,"measured (DoOR consensus, normalised 0-1)"
ORN_DL2d,ac3A,QQZOPKMRPOGIEB-UHFFFAOYSA-N,0.126967100493652,"measured (DoOR consensus, normalised 0-1)"
ORN_DL2d,ac3A,JHIVVAPYMSGYDF-UHFFFAOYSA-N,0.0549837904073462,"measured (DoOR consensus, normalised 0-1)"
ORN_DL2d,ac3A,ZPVFWPFBNIEHGJ-UHFFFAOYSA-N,0.126967100493652,"measured (DoOR consensus, normalised 0-1)"
ORN_DL2d,ac3A,VKCYHJWLYTUGCC-UHFFFAOYSA-N,0.222391148583407,"measured (DoOR consensus, normalised 0-1)"
ORN_DL2d,ac3A,WRMNZCZEMHIOCP-UHFFFAOYSA-N,0.0439746348883611,"measured (DoOR consensus, normalised 0-1)"
ORN_DL2d,ac3A,WVDDGKGOMKODPV-UHFFFAOYSA-N,0.0577605475273534,"measured (DoOR consensus, normalised 0-1)"
ORN_DL2d,ac3A,HUMNYLRZRPPJDN-UHFFFAOYSA-N,0.106280260771848,"measured (DoOR consensus, normalised 0-1)"
ORN_DL2d,ac3A,DTUQWGWMVIHBKE-UHFFFAOYSA-N,0.107313317139844,"measured (DoOR consensus, normalised 0-1)"
ORN_DL2d,ac3A,QWVGKYWNOKOFNN-UHFFFAOYSA-N,0.068641422668575,"measured (DoOR consensus, normalised 0-1)"
ORN_DL2d,ac3A,SUSQOBVLVYHIEX-UHFFFAOYSA-N,0.0934742995441683,"measured (DoOR consensus, normalised 0-1)"
ORN_DL2d,ac3A,QUKGYYKBILRGFE-UHFFFAOYSA-N,0.147049641696473,"measured (DoOR consensus, normalised 0-1)"
ORN_DL2d,ac3A,LRHPLDYGYMQRHN-UHFFFAOYSA-N,0.0472384760252469,"measured (DoOR consensus, normalised 0-1)"
ORN_DL2d,ac3A,AMQJEAYHLZJPGS-UHFFFAOYSA-N,0.11619953863761,"measured (DoOR consensus, normalised 0-1)"
ORN_DL2d,ac3A,ZSIAUFGUXNUGDI-UHFFFAOYSA-N,0.180944798172772,"measured (DoOR consensus, normalised 0-1)"
ORN_DL2d,ac3A,KBPLFHHGFOOTCA-UHFFFAOYSA-N,0.238631037333754,"measured (DoOR consensus, normalised 0-1)"
ORN_DL2d,ac3A,PHTQWCKDNZKARW-UHFFFAOYSA-N,0.045201353901343,"measured (DoOR consensus, normalised 0-1)"
ORN_DL2d,ac3A,VSMOENVRRABVKN-UHFFFAOYSA-N,0.273788969137257,"measured (DoOR consensus, normalised 0-1)"
ORN_DL2d,ac3A,UFLHIIWVXFIJGU-ARJAWSKDSA-N,0.0934742995441683,"measured (DoOR consensus, normalised 0-1)"
ORN_DL2d,ac3A,OWBTYPJTUOEWEK-UHFFFAOYSA-N,0.174163377378049,"measured (DoOR consensus, normalised 0-1)"
ORN_DL2d,ac3A,MWKFXSUHUHTGQN-UHFFFAOYSA-N,0.126967100493652,"measured (DoOR consensus, normalised 0-1)"
ORN_DL2d,ac3A,ZWRUINPWMLAQRD-UHFFFAOYSA-N,0.13726182405347,"measured (DoOR consensus, normalised 0-1)"
ORN_DL2d,ac3A,ZXEKIIBDNHEJCQ-UHFFFAOYSA-N,0.0492755981491507,"measured (DoOR consensus, normalised 0-1)"
ORN_DL2d,ac3A,XEKOWRVHYACXOJ-UHFFFAOYSA-N,0.0494364127352381,"measured (DoOR consensus, normalised 0-1)"
ORN_DL2d,ac3A,DKPFZGUDAPQIHT-UHFFFAOYSA-N,0.0697364032766704,"measured (DoOR consensus, normalised 0-1)"
ORN_DL2d,ac3A,PGMYKACGEOXYJE-UHFFFAOYSA-N,0.0449921083217101,"measured (DoOR consensus, normalised 0-1)"
ORN_DL2d,ac3A,AOGQPLXWSUTHQB-UHFFFAOYSA-N,0.105011317820329,"measured (DoOR consensus, normalised 0-1)"
ORN_DL2d,ac3A,OBNCKNCVKJNDBV-UHFFFAOYSA-N,0.0720601347565533,"measured (DoOR consensus, normalised 0-1)"
ORN_DL2d,ac3A,ICMAFTSLXCXHRK-UHFFFAOYSA-N,0.117287373779471,"measured (DoOR consensus, normalised 0-1)"
ORN_DL2d,ac3A,solvent,0.0800035096747026,"measured (DoOR consensus, normalised 0-1)"
ORN_DL2d,ac3A,RWRDLPDLKQPQOW-UHFFFAOYSA-N,0.0461906474647972,"measured (DoOR consensus, normalised 0-1)"
ORN_DL2d,ac3A,BHHGXPLMPWCGHP-UHFFFAOYSA-N,0.0,"measured (DoOR consensus, normalised 0-1)"
ORN_DL2d,ac3A,JUJWROOIHBZHMG-UHFFFAOYSA-N,0.0134993793647119,"measured (DoOR consensus, normalised 0-1)"
ORN_DL2d,ac3A,KDVFRMMRZOCFLS-UHFFFAOYSA-N,0.282798218857335,"measured (DoOR consensus, normalised 0-1)"
ORN_DL2d,ac3A,QUSNBJAOOMFDIB-UHFFFAOYSA-N,0.029662039899269,"measured (DoOR consensus, normalised 0-1)"
ORN_DL2d,ac3A,WLJVXDMOQOGPHL-UHFFFAOYSA-N,0.184697260946632,"measured (DoOR consensus, normalised 0-1)"
ORN_DL2d,ac3A,ATHGHQPFGPMSJY-UHFFFAOYSA-N,0.209015979237621,"measured (DoOR consensus, normalised 0-1)"
ORN_DL2d,ac3A,QCCDLTOVEPVEJK-UHFFFAOYSA-N,0.0720601347565533,"measured (DoOR consensus, normalised 0-1)"
ORN_DL2d,ac3A,ZKQDCIXGCQPQNV-UHFFFAOYSA-N,0.198044559734483,"measured (DoOR consensus, normalised 0-1)"
ORN_DL2d,ac3A,CRVGTESFCCXCTH-UHFFFAOYSA-N,0.0828483216131951,"measured (DoOR consensus, normalised 0-1)"
ORN_DL2d,ac3A,AKNUHUCEWALCOI-UHFFFAOYSA-O,0.0516128628102597,"measured (DoOR consensus, normalised 0-1)"
ORN_DL2d,ac3A,OSPSWZSRKYCQPF-UHFFFAOYSA-N,0.0318570266363393,"measured (DoOR consensus, normalised 0-1)"
ORN_DL2d,ac3A,BDZBKCUKTQZUTL-UHFFFAOYSA-N,0.0828483216131951,"measured (DoOR consensus, normalised 0-1)"
ORN_DL2d,ac3A,DWCLXOREGBLXTD-UHFFFAOYSA-N,0.0576025436675324,"measured (DoOR consensus, normalised 0-1)"
ORN_DL2d,ac3A,YIWUKEYIRIRTPP-UHFFFAOYSA-N,0.0885345446770907,"measured (DoOR consensus, normalised 0-1)"
ORN_DL2d,ac3A,VKYKSIONXSXAKP-UHFFFAOYSA-N,0.0576025436675324,"measured (DoOR consensus, normalised 0-1)"
ORN_DL2d,ac3A,MHAJPDPJQMAIIY-UHFFFAOYSA-N,0.119452441076819,"measured (DoOR consensus, normalised 0-1)"
ORN_DL2d,ac3A,GRYLNZFGIOXLOG-UHFFFAOYSA-N,0.112987972004003,"measured (DoOR consensus, normalised 0-1)"
ORN_DL2d,ac3A,LYGJENNIWJXYER-UHFFFAOYSA-N,0.0669686751560394,"measured (DoOR consensus, normalised 0-1)"
ORN_DL2d,ac3A,WFDIJRYMOXRFFG-UHFFFAOYSA-N,0.0720601347565533,"measured (DoOR consensus, normalised 0-1)"
ORN_DL2d,ac3A,ZHNUHDYFZUAESO-UHFFFAOYSA-N,0.0944043900839299,"measured (DoOR consensus, normalised 0-1)"
ORN_DL2d,ac3A,WGSVFWFSJDAYBM-BQYQJAHWSA-N,0.112987972004003,"measured (DoOR consensus, normalised 0-1)"
ORN_DL2d,ac3A,ZMQAAUBTXCXRIC-UHFFFAOYSA-N,0.106646356011785,"measured (DoOR consensus, normalised 0-1)"
ORN_DL2d,ac3A,FHIVAFMUCKRCQO-UHFFFAOYSA-N,0.0555940468248693,"measured (DoOR consensus, normalised 0-1)"
ORN_DL2d,ac3A,RDYMFSUJUZBWLH-UHFFFAOYSA-N,0.0720601347565533,"measured (DoOR consensus, normalised 0-1)"
ORN_DL2d,ac3A,YLMGFJXSLBMXHK-UHFFFAOYSA-M,0.13266493725284,"measured (DoOR consensus, normalised 0-1)"
ORN_DL2d,ac3A,BAZAXWOYCMUHIX-UHFFFAOYSA-M,0.172815834965297,"measured (DoOR consensus, normalised 0-1)"
ORN_DL2d,ac3A,RWSOTUBLDIXVET-UHFFFAOYSA-N,0.112987972004003,"measured (DoOR consensus, normalised 0-1)"
ORN_DL2d,ac3A,XTFIVUDBNACUBN-UHFFFAOYSA-N,0.0720601347565533,"measured (DoOR consensus, normalised 0-1)"
ORN_DL2d,ac3A,HMWPNDNFTFSCEB-UHFFFAOYSA-N,0.100446339421622,"measured (DoOR consensus, normalised 0-1)"
ORN_DL2d,ac3A,SNIOPGDIGTZGOP-UHFFFAOYSA-N,0.0944043900839299,"measured (DoOR consensus, normalised 0-1)"
ORN_DL2d,ac3A,TZRXHJWUDPFEEY-UHFFFAOYSA-N,0.0476616955754756,"measured (DoOR consensus, normalised 0-1)"
ORN_DL2d,ac3A,ZTLXICJMNFREPA-UHFFFAOYSA-N,0.0535884464276517,"measured (DoOR consensus, normalised 0-1)"
ORN_DL2d,ac3A,SPSSULHKWOKEEL-UHFFFAOYSA-N,0.0720601347565533,"measured (DoOR consensus, normalised 0-1)"
ORN_DL2d,ac3_noOr35a,XLYOFNOQVPJJNP-UHFFFAOYSA-N,0.156807282690809,"measured (DoOR consensus, normalised 0-1)"
ORN_DL2d,ac3_noOr35a,VHUUQVKOLVNVRT-UHFFFAOYSA-N,0.210477265821167,"measured (DoOR consensus, normalised 0-1)"
ORN_DL2d,ac3_noOr35a,KIDHWZJUCRJVML-UHFFFAOYSA-N,0.125828344319378,"measured (DoOR consensus, normalised 0-1)"
ORN_DL2d,ac3_noOr35a,VHRGRCVQAFMJIZ-UHFFFAOYSA-N,0.0985655363835126,"measured (DoOR consensus, normalised 0-1)"
ORN_DL2d,ac3_noOr35a,HZAXFHJVJLSVMW-UHFFFAOYSA-N,0.119536927103409,"measured (DoOR consensus, normalised 0-1)"
ORN_DL2d,ac3_noOr35a,WJYIASZWHGOTOU-UHFFFAOYSA-N,0.011534264895943,"measured (DoOR consensus, normalised 0-1)"
ORN_DL2d,ac3_noOr35a,BMFVGAAISNGQNM-UHFFFAOYSA-N,0.0083885562879585,"measured (DoOR consensus, normalised 0-1)"
ORN_DL2d,ac3_noOr35a,ROSDSFDQCJNGOL-UHFFFAOYSA-N,0.079691284735606,"measured (DoOR consensus, normalised 0-1)"
ORN_DL2d,ac3_noOr35a,YEJRWHAVMIAJKC-UHFFFAOYSA-N,0.161479708543202,"measured (DoOR consensus, normalised 0-1)"
ORN_DL2d,ac3_noOr35a,JBFHTYHTHYHCDJ-UHFFFAOYSA-N,0.0713027284476474,"measured (DoOR consensus, normalised 0-1)"
ORN_DL2d,ac3_noOr35a,QTBSBXVTEAMEQO-UHFFFAOYSA-N,0.13945974828731,"measured (DoOR consensus, normalised 0-1)"
ORN_DL2d,ac3_noOr35a,XBDQKXXYIPTUBI-UHFFFAOYSA-N,0.432010648829864,"measured (DoOR consensus, normalised 0-1)"
ORN_DL2d,ac3_noOr35a,FERIUCNNQQJTOY-UHFFFAOYSA-N,0.636385239951542,"measured (DoOR consensus, normalised 0-1)"
ORN_DL2d,ac3_noOr35a,NQPDZGIKBAWPEJ-UHFFFAOYSA-N,0.287308052862579,"measured (DoOR consensus, normalised 0-1)"
ORN_DL2d,ac3_noOr35a,FUZZWVXGSFPDMH-UHFFFAOYSA-N,0.212859615806948,"measured (DoOR consensus, normalised 0-1)"
ORN_DL2d,ac3_noOr35a,MNWFXJYAOYHMED-UHFFFAOYSA-N,0.0639627416956837,"measured (DoOR consensus, normalised 0-1)"
ORN_DL2d,ac3_noOr35a,WWZKQHOCKIZLMA-UHFFFAOYSA-N,0.0880798410235645,"measured (DoOR consensus, normalised 0-1)"
ORN_DL2d,ac3_noOr35a,FBUKVWPVBMHYJY-UHFFFAOYSA-N,0.125828344319378,"measured (DoOR consensus, normalised 0-1)"
ORN_DL2d,ac3_noOr35a,KQNPFQTWMSNSAP-UHFFFAOYSA-N,0.239073854206818,"measured (DoOR consensus, normalised 0-1)"
ORN_DL2d,ac3_noOr35a,GWYFCOCPABKNJV-UHFFFAOYSA-N,0.293599470078548,"measured (DoOR consensus, normalised 0-1)"
ORN_DL2d,ac3_noOr35a,LCTONWCANYUPML-UHFFFAOYSA-N,0.106954092671471,"measured (DoOR consensus, normalised 0-1)"
ORN_DL2d,ac3_noOr35a,OBETXYAYXDNJHR-UHFFFAOYSA-N,0.119536927103409,"measured (DoOR consensus, normalised 0-1)"
ORN_DL2d,ac3_noOr35a,JVTAAEKCZFNVCJ-UHFFFAOYSA-N,0.182451099263098,"measured (DoOR consensus, normalised 0-1)"
ORN_DL2d,ac3_noOr35a,CZUGFKJYCPYHHV-UHFFFAOYSA-N,0.134216900607336,"measured (DoOR consensus, normalised 0-1)"
ORN_DL2d,ac3_noOr35a,QMMFVYPAHWMCMS-UHFFFAOYSA-N,0.190839655551056,"measured (DoOR consensus, normalised 0-1)"
ORN_DL2d,ac3_noOr35a,MOYAFQVGZZPNRA-UHFFFAOYSA-N,0.136314039679326,"measured (DoOR consensus, normalised 0-1)"
ORN_DL2d,ac3_noOr35a,BQOFWKZOCNGFEC-UHFFFAOYSA-N,0.132119761535347,"measured (DoOR consensus, normalised 0-1)"
ORN_DL2d,ac3_noOr35a,UAHWPYUMFXYFJY-UHFFFAOYSA-N,0.140508317823305,"measured (DoOR consensus, normalised 0-1)"
ORN_DL2d,ac3_noOr35a,HIGQPQRQIQDZMP-DHZHZOJOSA-N,0.180353960191108,"measured (DoOR consensus, normalised 0-1)"
ORN_DL2d,ac3_noOr35a,GLZPCOQZEFWAFX-JXMROGBWSA-N,0.203422489982994,"measured (DoOR consensus, normalised 0-1)"
ORN_DL2d,ac3_noOr35a,CDOSHBSSFJOMGT-UHFFFAOYSA-N,0.197131072767025,"measured (DoOR consensus, normalised 0-1)"
ORN_DL2d,ac3_noOr35a,BRHDDEIRQPDPMG-UHFFFAOYSA-N,0.192936794623046,"measured (DoOR consensus, normalised 0-1)"
ORN_DL2d,ac3_noOr35a,ULDHMXUKGWMISQ-SECBINFHSA-N,0.192936794623046,"measured (DoOR consensus, normalised 0-1)"
ORN_DL2d,ac3_noOr35a,ULDHMXUKGWMISQ-VIFPVBQESA-N,0.16777112575917,"measured (DoOR consensus, normalised 0-1)"
ORN_DL2d,ac3_noOr35a,WEEGYLXZBRQIMU-WAAGHKOSSA-N,0.216005324414932,"measured (DoOR consensus, normalised 0-1)"
ORN_DL2d,ac3_noOr35a,WTEVQBCEXWBHNA-JXMROGBWSA-N,0.154139721791238,"measured (DoOR consensus, normalised 0-1)"
ORN_DL2d,ac3_noOr35a,LHXDLQBQYFFVNW-OIBJUYFYSA-N,0.190839655551056,"measured (DoOR consensus, normalised 0-1)"
ORN_DL2d,ac3_noOr35a,XMGQYMWWDOXHJM-JTQLQIEISA-N,0.209713907198963,"measured (DoOR consensus, normalised 0-1)"
ORN_DL2d,ac3_noOr35a,XMGQYMWWDOXHJM-SNVBAGLBSA-N,0.190839655551056,"measured (DoOR consensus, normalised 0-1)"
ORN_DL2d,ac3_noOr35a,IKHGUXGNUITLKF-UHFFFAOYSA-N,0.157285430399222,"measured (DoOR consensus, normalised 0-1)"
ORN_DL2d,ac3_noOr35a,NBBJYMSMWIIQGU-UHFFFAOYSA-N,0.359311225760271,"measured (DoOR consensus, normalised 0-1)"
ORN_DL2d,ac3_noOr35a,ZTQSAGDEMFDKMZ-UHFFFAOYSA-N,0.649349753694581,"measured (DoOR consensus, normalised 0-1)"
ORN_DL2d,ac3_noOr35a,HGBOYTHUEUWSSQ-UHFFFAOYSA-N,0.364902198526196,"measured (DoOR consensus, normalised 0-1)"
ORN_DL2d,ac3_noOr35a,JARKCYVAAOWBJS-UHFFFAOYSA-N,0.223345311166896,"measured (DoOR consensus, normalised 0-1)"
ORN_DL2d,ac3_noOr35a,MBDOYVRWFFCFHM-SNAWJCMRSA-N,0.375387893886144,"measured (DoOR consensus, normalised 0-1)"
ORN_DL2d,ac3_noOr35a,HYBBIBNJHNGZAN-UHFFFAOYSA-N,0.175111112511134,"measured (DoOR consensus, normalised 0-1)"
ORN_DL2d,ac3_noOr35a,NUJGJRNETVAIRJ-UHFFFAOYSA-N,0.205519629054984,"measured (DoOR consensus, normalised 0-1)"
ORN_DL2d,ac3_noOr35a,KSMVZQYAVGTKIV-UHFFFAOYSA-N,0.203422489982994,"measured (DoOR consensus, normalised 0-1)"
ORN_DL2d,ac3_noOr35a,FXHGMKSSBGDXIY-UHFFFAOYSA-N,0.218102463486922,"measured (DoOR consensus, normalised 0-1)"
ORN_DL2d,ac3_noOr35a,GYHFUZHODSMOHU-UHFFFAOYSA-N,0.222296741630901,"measured (DoOR consensus, normalised 0-1)"
ORN_DL2d,ac3_noOr35a,CSCPPACGZOOCGX-UHFFFAOYSA-N,0.159382569471212,"measured (DoOR consensus, normalised 0-1)"
ORN_DL2d,ac3_noOr35a,ZWEHNKRNPOVVGH-UHFFFAOYSA-N,0.186645377407077,"measured (DoOR consensus, normalised 0-1)"
ORN_DL2d,ac3_noOr35a,XNLICIUVMPYHGG-UHFFFAOYSA-N,0.192936794623046,"measured (DoOR consensus, normalised 0-1)"
ORN_DL2d,ac3_noOr35a,CATSNJVOTSVZJV-UHFFFAOYSA-N,0.183499668799093,"measured (DoOR consensus, normalised 0-1)"
ORN_DL2d,ac3_noOr35a,UHEPJGULSIKKTP-UHFFFAOYSA-N,0.109051231743461,"measured (DoOR consensus, normalised 0-1)"
ORN_DL2d,ac3_noOr35a,QSJXEFYPDANLFS-UHFFFAOYSA-N,0.16986826483116,"measured (DoOR consensus, normalised 0-1)"
ORN_DL2d,ac3_noOr35a,ROWKJAVDOGWPAT-UHFFFAOYSA-N,0.163576847615191,"measured (DoOR consensus, normalised 0-1)"
ORN_DL2d,ac3_noOr35a,QQZOPKMRPOGIEB-UHFFFAOYSA-N,0.148896874111264,"measured (DoOR consensus, normalised 0-1)"
ORN_DL2d,ac3_noOr35a,JHIVVAPYMSGYDF-UHFFFAOYSA-N,0.138411178751316,"measured (DoOR consensus, normalised 0-1)"
ORN_DL2d,ac3_noOr35a,ZPVFWPFBNIEHGJ-UHFFFAOYSA-N,0.205519629054984,"measured (DoOR consensus, normalised 0-1)"
ORN_DL2d,ac3_noOr35a,VKCYHJWLYTUGCC-UHFFFAOYSA-N,0.209713907198963,"measured (DoOR consensus, normalised 0-1)"
ORN_DL2d,ac3_noOr35a,WRMNZCZEMHIOCP-UHFFFAOYSA-N,0.138411178751316,"measured (DoOR consensus, normalised 0-1)"
ORN_DL2d,ac3_noOr35a,WVDDGKGOMKODPV-UHFFFAOYSA-N,0.0702541589116526,"measured (DoOR consensus, normalised 0-1)"
ORN_DL2d,ac3_noOr35a,OSWPMRLSEDHDFF-UHFFFAOYSA-N,0.192936794623046,"measured (DoOR consensus, normalised 0-1)"
ORN_DL2d,ac3_noOr35a,QPJVMBTYPHYUOC-UHFFFAOYSA-N,0.17196540390315,"measured (DoOR consensus, normalised 0-1)"
ORN_DL2d,ac3_noOr35a,MTZQAGJQAFMTAQ-UHFFFAOYSA-N,0.182451099263098,"measured (DoOR consensus, normalised 0-1)"
ORN_DL2d,ac3_noOr35a,HUMNYLRZRPPJDN-UHFFFAOYSA-N,0.132119761535347,"measured (DoOR consensus, normalised 0-1)"
ORN_DL2d,ac3_noOr35a,DTUQWGWMVIHBKE-UHFFFAOYSA-N,0.134216900607336,"measured (DoOR consensus, normalised 0-1)"
ORN_DL2d,ac3_noOr35a,KWOLFJPFCHCOCG-UHFFFAOYSA-N,0.163576847615191,"measured (DoOR consensus, normalised 0-1)"
ORN_DL2d,ac3_noOr35a,KBEBGUQPQBELIU-CMDGGOBGSA-N,0.190839655551056,"measured (DoOR consensus, normalised 0-1)"
ORN_DL2d,ac3_noOr35a,QWVGKYWNOKOFNN-UHFFFAOYSA-N,0.0209713907198963,"measured (DoOR consensus, normalised 0-1)"
ORN_DL2d,ac3_noOr35a,CHWNEIVBYREQRF-UHFFFAOYSA-N,0.119536927103409,"measured (DoOR consensus, normalised 0-1)"
ORN_DL2d,ac3_noOr35a,RRAFCDWBNXTKKO-UHFFFAOYSA-N,0.192936794623046,"measured (DoOR consensus, normalised 0-1)"
ORN_DL2d,ac3_noOr35a,RDOXTESZEPMUJZ-UHFFFAOYSA-N,0.197131072767025,"measured (DoOR consensus, normalised 0-1)"
ORN_DL2d,ac3_noOr35a,ZYEMGPIYFIJGTP-UHFFFAOYSA-N,0.197131072767025,"measured (DoOR consensus, normalised 0-1)"
ORN_DL2d,ac3_noOr35a,SUSQOBVLVYHIEX-UHFFFAOYSA-N,0.209713907198963,"measured (DoOR consensus, normalised 0-1)"
ORN_DL2d,ac3_noOr35a,IWDCLRJOBJJRNH-UHFFFAOYSA-N,0.0,"measured (DoOR consensus, normalised 0-1)"
ORN_DL2d,ac3_noOr35a,QUKGYYKBILRGFE-UHFFFAOYSA-N,0.180353960191108,"measured (DoOR consensus, normalised 0-1)"
ORN_DL2d,ac3_noOr35a,RLSSMJSEOOYNOY-UHFFFAOYSA-N,0.0125828344319378,"measured (DoOR consensus, normalised 0-1)"
ORN_DL2d,ac3_noOr35a,MWOOGOJBHIARFG-UHFFFAOYSA-N,0.165673986687181,"measured (DoOR consensus, normalised 0-1)"
ORN_DL2d,ac3_noOr35a,OKKJLVBELUTLKV-UHFFFAOYSA-N,0.142605456895295,"measured (DoOR consensus, normalised 0-1)"
ORN_DL2d,ac3_noOr35a,LFQSCWFLJHTTHZ-UHFFFAOYSA-N,0.180353960191108,"measured (DoOR consensus, normalised 0-1)"
ORN_DL2d,ac3_noOr35a,BDERNNFJNOPAEC-UHFFFAOYSA-N,0.160431139007207,"measured (DoOR consensus, normalised 0-1)"
ORN_DL2d,ac3_noOr35a,LRHPLDYGYMQRHN-UHFFFAOYSA-N,0.150994013183253,"measured (DoOR consensus, normalised 0-1)"
ORN_DL2d,ac3_noOr35a,AMQJEAYHLZJPGS-UHFFFAOYSA-N,0.140508317823305,"measured (DoOR consensus, normalised 0-1)"
ORN_DL2d,ac3_noOr35a,ZSIAUFGUXNUGDI-UHFFFAOYSA-N,0.135743617851745,"measured (DoOR consensus, normalised 0-1)"
ORN_DL2d,ac3_noOr35a,KBPLFHHGFOOTCA-UHFFFAOYSA-N,0.234879576062839,"measured (DoOR consensus, normalised 0-1)"
ORN_DL2d,ac3_noOr35a,JYVLIDXNZAXMDK-UHFFFAOYSA-N,0.186645377407077,"measured (DoOR consensus, normalised 0-1)"
ORN_DL2d,ac3_noOr35a,PHTQWCKDNZKARW-UHFFFAOYSA-N,0.140508317823305,"measured (DoOR consensus, normalised 0-1)"
ORN_DL2d,ac3_noOr35a,VSMOENVRRABVKN-UHFFFAOYSA-N,0.239073854206818,"measured (DoOR consensus, normalised 0-1)"
ORN_DL2d,ac3_noOr35a,ZCHHRLHTBGRGOT-SNAWJCMRSA-N,0.264239523070693,"measured (DoOR consensus, normalised 0-1)"
ORN_DL2d,ac3_noOr35a,UFLHIIWVXFIJGU-ARJAWSKDSA-N,0.161479708543202,"measured (DoOR consensus, normalised 0-1)"
ORN_DL2d,ac3_noOr35a,PEDCQBHIVMGVHV-UHFFFAOYSA-N,0.142605456895295,"measured (DoOR consensus, normalised 0-1)"
ORN_DL2d,ac3_noOr35a,OWBTYPJTUOEWEK-UHFFFAOYSA-N,0.203422489982994,"measured (DoOR consensus, normalised 0-1)"
ORN_DL2d,ac3_noOr35a,HPXRVTGHNJAIIH-UHFFFAOYSA-N,0.0849341324155801,"measured (DoOR consensus, normalised 0-1)"
ORN_DL2d,ac3_noOr35a,MWKFXSUHUHTGQN-UHFFFAOYSA-N,0.211811046270953,"measured (DoOR consensus, normalised 0-1)"
ORN_DL2d,ac3_noOr35a,MQWCXKGKQLNYQG-UHFFFAOYSA-N,0.0943712582395334,"measured (DoOR consensus, normalised 0-1)"
ORN_DL2d,ac3_noOr35a,BBMCTIGTTCKYKF-UHFFFAOYSA-N,0.218102463486922,"measured (DoOR consensus, normalised 0-1)"
ORN_DL2d,ac3_noOr35a,NMRPBPVERJPACX-UHFFFAOYSA-N,0.155188291327233,"measured (DoOR consensus, normalised 0-1)"
ORN_DL2d,ac3_noOr35a,ZWRUINPWMLAQRD-UHFFFAOYSA-N,0.185596807871082,"measured (DoOR consensus, normalised 0-1)"
ORN_DL2d,ac3_noOr35a,QNVRIHYSUZMSGM-UHFFFAOYSA-N,0.159382569471212,"measured (DoOR consensus, normalised 0-1)"
ORN_DL2d,ac3_noOr35a,ZOCHHNOQQHDWHG-UHFFFAOYSA-N,0.192936794623046,"measured (DoOR consensus, normalised 0-1)"
ORN_DL2d,ac3_noOr35a,ZXEKIIBDNHEJCQ-UHFFFAOYSA-N,0.195033933695036,"measured (DoOR consensus, normalised 0-1)"
ORN_DL2d,ac3_noOr35a,KXKVLQRXCPHEJC-UHFFFAOYSA-N,0.180353960191108,"measured (DoOR consensus, normalised 0-1)"
ORN_DL2d,ac3_noOr35a,XEKOWRVHYACXOJ-UHFFFAOYSA-N,0.199228211839015,"measured (DoOR consensus, normalised 0-1)"
ORN_DL2d,ac3_noOr35a,YKYONYBAUNKHLG-UHFFFAOYSA-N,0.130022622463357,"measured (DoOR consensus, normalised 0-1)"
ORN_DL2d,ac3_noOr35a,DKPFZGUDAPQIHT-UHFFFAOYSA-N,0.186645377407077,"measured (DoOR consensus, normalised 0-1)"
ORN_DL2d,ac3_noOr35a,PGMYKACGEOXYJE-UHFFFAOYSA-N,0.160431139007207,"measured (DoOR consensus, normalised 0-1)"
ORN_DL2d,ac3_noOr35a,AOGQPLXWSUTHQB-UHFFFAOYSA-N,0.182451099263098,"measured (DoOR consensus, normalised 0-1)"
ORN_DL2d,ac3_noOr35a,GJRQTCIYDGXPES-UHFFFAOYSA-N,0.199228211839015,"measured (DoOR consensus, normalised 0-1)"
ORN_DL2d,ac3_noOr35a,MLFHJEHSLIIPHL-UHFFFAOYSA-N,0.152042582719248,"measured (DoOR consensus, normalised 0-1)"
ORN_DL2d,ac3_noOr35a,UUIQMZJEGPQKFD-UHFFFAOYSA-N,0.201325350911005,"measured (DoOR consensus, normalised 0-1)"
ORN_DL2d,ac3_noOr35a,OBNCKNCVKJNDBV-UHFFFAOYSA-N,0.177208251583124,"measured (DoOR consensus, normalised 0-1)"
ORN_DL2d,ac3_noOr35a,XAPCMTMQBXLDBB-UHFFFAOYSA-N,0.230685297918859,"measured (DoOR consensus, normalised 0-1)"
ORN_DL2d,ac3_noOr35a,OMSUIQOIVADKIM-UHFFFAOYSA-N,0.178256821119119,"measured (DoOR consensus, normalised 0-1)"
ORN_DL2d,ac3_noOr35a,FKRCODPIKNYEAC-UHFFFAOYSA-N,0.182451099263098,"measured (DoOR consensus, normalised 0-1)"
ORN_DL2d,ac3_noOr35a,NUKZAGXMHTUAFE-UHFFFAOYSA-N,0.184548238335088,"measured (DoOR consensus, normalised 0-1)"
ORN_DL2d,ac3_noOr35a,SHZIWNPUGXLXDT-UHFFFAOYSA-N,0.190839655551056,"measured (DoOR consensus, normalised 0-1)"
ORN_DL2d,ac3_noOr35a,NCDCLPBOMHPFCV-UHFFFAOYSA-N,0.213908185342942,"measured (DoOR consensus, normalised 0-1)"
ORN_DL2d,ac3_noOr35a,JGHZJRVDZXSNKQ-UHFFFAOYSA-N,0.178256821119119,"measured (DoOR consensus, normalised 0-1)"
ORN_DL2d,ac3_noOr35a,YYZUSRORWSJGET-UHFFFAOYSA-N,0.140508317823305,"measured (DoOR consensus, normalised 0-1)"
ORN_DL2d,ac3_noOr35a,RGXWDWUGBIJHDO-UHFFFAOYSA-N,0.136314039679326,"measured (DoOR consensus, normalised 0-1)"
ORN_DL2d,ac3_noOr35a,ZFDIRQKJPRINOQ-HWKANZROSA-N,0.17196540390315,"measured (DoOR consensus, normalised 0-1)"
ORN_DL2d,ac3_noOr35a,DKMROQRQHGEIOW-UHFFFAOYSA-N,0.16986826483116,"measured (DoOR consensus, normalised 0-1)"
ORN_DL2d,ac3_noOr35a,HUAZGNHGCJGYNP-UHFFFAOYSA-N,0.209713907198963,"measured (DoOR consensus, normalised 0-1)"
ORN_DL2d,ac3_noOr35a,SIKJAQJRHWYJAI-UHFFFAOYSA-N,0.188742516479067,"measured (DoOR consensus, normalised 0-1)"
ORN_DL2d,ac3_noOr35a,XUPYJHCZDLZNFP-UHFFFAOYSA-N,0.184548238335088,"measured (DoOR consensus, normalised 0-1)"
ORN_DL2d,ac3_noOr35a,NPFVOOAXDOBMCE-PLNGDYQASA-N,0.184548238335088,"measured (DoOR consensus, normalised 0-1)"
ORN_DL2d,ac3_noOr35a,GAEKPEKOJKCEMS-UHFFFAOYSA-N,0.0650113112316786,"measured (DoOR consensus, normalised 0-1)"
ORN_DL2d,ac3_noOr35a,solvent,0.165577518289869,"measured (DoOR consensus, normalised 0-1)"
ORN_DL2d,ac3_noOr35a,IMNFDUFMRHMDMM-UHFFFAOYSA-N,0.205519629054984,"measured (DoOR consensus, normalised 0-1)"
ORN_DL2d,ac3_noOr35a,CURLTUGMZLYLDI-UHFFFAOYSA-N,0.163576847615191,"measured (DoOR consensus, normalised 0-1)"
ORN_DL2d,ac3_noOr35a,RWRDLPDLKQPQOW-UHFFFAOYSA-N,0.0880798410235645,"measured (DoOR consensus, normalised 0-1)"
ORN_DL2d,ac3_noOr35a,QSZKEDWVAOAFQY-HJWRWDBZSA-N,0.140508317823305,"measured (DoOR consensus, normalised 0-1)"
ORN_DL2d,ac3_noOr35a,VLKZOEOYAKHREP-UHFFFAOYSA-N,0.197131072767025,"measured (DoOR consensus, normalised 0-1)"
ORN_DL2d,ac3_noOr35a,NOOLISFMXDJSKH-KXUCPTDWSA-N,0.163576847615191,"measured (DoOR consensus, normalised 0-1)"
ORN_DL2d,ac3_noOr35a,BHHGXPLMPWCGHP-UHFFFAOYSA-N,0.308279443582476,"measured (DoOR consensus, normalised 0-1)"
ORN_DL2d,ac3_noOr35a,JUJWROOIHBZHMG-UHFFFAOYSA-N,0.195033933695036,"measured (DoOR consensus, normalised 0-1)"
ORN_DL2d,ac3_noOr35a,KDVFRMMRZOCFLS-UHFFFAOYSA-N,0.535819032893351,"measured (DoOR consensus, normalised 0-1)"
ORN_DL2d,ac3_noOr35a,QUSNBJAOOMFDIB-UHFFFAOYSA-N,0.213908185342942,"measured (DoOR consensus, normalised 0-1)"
ORN_DL2d,ac3_noOr35a,RHLVCLIPMVJYKS-UHFFFAOYSA-N,0.178256821119119,"measured (DoOR consensus, normalised 0-1)"
ORN_DL2d,ac3_noOr35a,WLJVXDMOQOGPHL-UHFFFAOYSA-N,0.0671084503036682,"measured (DoOR consensus, normalised 0-1)"
ORN_DL2d,ac3_noOr35a,AMTITFMUKRZZEE-WAYWQWQTSA-N,0.1415568873593,"measured (DoOR consensus, normalised 0-1)"
ORN_DL2d,ac3_noOr35a,ATHGHQPFGPMSJY-UHFFFAOYSA-N,0.119536927103409,"measured (DoOR consensus, normalised 0-1)"
ORN_DL2d,ac3_noOr35a,CDOSHBSSFJOMGT-JTQLQIEISA-N,0.184548238335088,"measured (DoOR consensus, normalised 0-1)"
ORN_DL2d,ac3_noOr35a,DHMQDGOQFOQNFH-UHFFFAOYSA-N,0.127925483391367,"measured (DoOR consensus, normalised 0-1)"
ORN_DL2d,ac3_noOr35a,DPBLXKKOBLCELK-UHFFFAOYSA-N,0.356513642238237,"measured (DoOR consensus, normalised 0-1)"
ORN_DL2d,ac3_noOr35a,DUFKCOQISQKSAV-UHFFFAOYSA-N,0.106954092671471,"measured (DoOR consensus, normalised 0-1)"
ORN_DL2d,ac3_noOr35a,FQMZVFJYMPNUCT-YRNVUSSQSA-N,0.199228211839015,"measured (DoOR consensus, normalised 0-1)"
ORN_DL2d,ac3_noOr35a,GETQZCLCWQTVFV-UHFFFAOYSA-N,0.180353960191108,"measured (DoOR consensus, normalised 0-1)"
ORN_DL2d,ac3_noOr35a,HIGQPQRQIQDZMP-FLIBITNWSA-N,0.157285430399222,"measured (DoOR consensus, normalised 0-1)"
ORN_DL2d,ac3_noOr35a,HNZUNIKWNYHEJJ-FMIVXFBMSA-N,0.130022622463357,"measured (DoOR consensus, normalised 0-1)"
ORN_DL2d,ac3_noOr35a,HQABUPZFAYXKJW-UHFFFAOYSA-N,0.0838855628795852,"measured (DoOR consensus, normalised 0-1)"
ORN_DL2d,ac3_noOr35a,KIPCKEJKGCXRGA-UHFFFAOYSA-N,0.140508317823305,"measured (DoOR consensus, normalised 0-1)"
ORN_DL2d,ac3_noOr35a,KYQCOXFCLRTKLS-UHFFFAOYSA-N,0.096468397311523,"measured (DoOR consensus, normalised 0-1)"
ORN_DL2d,ac3_noOr35a,PAFZNILMFXTMIY-UHFFFAOYSA-N,0.160431139007207,"measured (DoOR consensus, normalised 0-1)"
ORN_DL2d,ac3_noOr35a,PFNFFQXMRSDOHW-UHFFFAOYSA-N,0.106954092671471,"measured (DoOR consensus, normalised 0-1)"
ORN_DL2d,ac3_noOr35a,QCCDLTOVEPVEJK-UHFFFAOYSA-N,0.125828344319378,"measured (DoOR consensus, normalised 0-1)"
ORN_DL2d,ac3_noOr35a,QDUXDCXILAPLAG-UHFFFAOYSA-N,0.0807398542716008,"measured (DoOR consensus, normalised 0-1)"
ORN_DL2d,ac3_noOr35a,QMVPMAAFGQKVCJ-JTQLQIEISA-N,0.220199602558911,"measured (DoOR consensus, normalised 0-1)"
ORN_DL2d,ac3_noOr35a,SATCULPHIDQDRE-UHFFFAOYSA-N,0.123731205247388,"measured (DoOR consensus, normalised 0-1)"
ORN_DL2d,ac3_noOr35a,TYEYBOSBBBHJIV-UHFFFAOYSA-N,0.142605456895295,"measured (DoOR consensus, normalised 0-1)"
ORN_DL2d,ac3_noOr35a,UWKAYLJWKGQEPM-UHFFFAOYSA-N,0.132119761535347,"measured (DoOR consensus, normalised 0-1)"
ORN_DL2d,ac3_noOr35a,VEXZGXHMUGYJMC-UHFFFAOYSA-N,0.124028998995611,"measured (DoOR consensus, normalised 0-1)"
ORN_DL2d,ac3_noOr35a,VTBOTOBFGSVRMA-UHFFFAOYSA-N,0.112196940351445,"measured (DoOR consensus, normalised 0-1)"
ORN_DL2d,ac3_noOr35a,WEGYGNROSJDEIW-UHFFFAOYSA-N,0.096468397311523,"measured (DoOR consensus, normalised 0-1)"
ORN_DL2d,ac3_noOr35a,WHUUTDBJXJRKMK-UHFFFAOYSA-N,0.11534264895943,"measured (DoOR consensus, normalised 0-1)"
ORN_DL2d,ac3_noOr35a,WTARULDDTDQWMU-IUCAKERBSA-N,0.11534264895943,"measured (DoOR consensus, normalised 0-1)"
ORN_DL2d,ac3_noOr35a,YHQGMYUVUMAZJR-UHFFFAOYSA-N,0.207616768126973,"measured (DoOR consensus, normalised 0-1)"
ORN_DL2d,ac3_noOr35a,YNQLUTRBYVCPMQ-UHFFFAOYSA-N,0.218102463486922,"measured (DoOR consensus, normalised 0-1)"
ORN_DL2d,ac3_noOr35a,YXFVVABEGXRONW-UHFFFAOYSA-N,0.161479708543202,"measured (DoOR consensus, normalised 0-1)"
