bodyId,type,eye,layer,ommatidium,az_pred,el_pred,match_deg,basis
235379,R1-R6,L,lamina,609,-26.17689263769877,-61.14549416829758,23.502597047925867,derived topology (terminal positions); inferred global alignment
235595,R1-R6,L,lamina,434,29.674215975839644,-108.78858265007786,33.54021188670035,derived topology (terminal positions); inferred global alignment
235602,R1-R6,L,lamina,366,63.40968835700043,-61.6327272479373,1.3261480525451115,derived topology (terminal positions); inferred global alignment
236231,R1-R6,L,lamina,274,103.24389174548509,-33.45655978569269,2.518644089852744,derived topology (terminal positions); inferred global alignment
236523,R1-R6,L,lamina,360,59.47699248090257,-0.9376559790041598,5.3687800067754425,derived topology (terminal positions); inferred global alignment
236550,R1-R6,L,lamina,332,79.5834025696843,-37.30241201158411,0.4070443528554201,derived topology (terminal positions); inferred global alignment
236639,R1-R6,L,lamina,405,40.193586068641565,-111.48954360126038,35.259417557357146,derived topology (terminal positions); inferred global alignment
237063,R1-R6,L,lamina,302,92.76075705439693,-30.624390980149336,2.2001214527380264,derived topology (terminal positions); inferred global alignment
237781,R1-R6,L,lamina,401,56.1038092574273,-72.57644548004302,6.962339339373164,derived topology (terminal positions); inferred global alignment
238251,R1-R6,L,lamina,403,52.14132336845879,-75.76413465044787,2.9932753061190702,derived topology (terminal positions); inferred global alignment
238352,R1-R6,L,lamina,713,-17.01464185022789,-3.2010581445423263,3.977894632847215,derived topology (terminal positions); inferred global alignment
238540,R1-R6,L,lamina,710,-54.55240016676849,10.663978588814572,41.36324178727592,derived topology (terminal positions); inferred global alignment
238717,R1-R6,L,lamina,303,93.86758915674294,-41.38901930832786,2.312874672641556,derived topology (terminal positions); inferred global alignment
238778,R1-R6,L,lamina,367,67.57203798168979,-66.27217546460372,3.0691788300955474,derived topology (terminal positions); inferred global alignment
240141,R1-R6,L,lamina,332,83.37206320048895,-41.613142474247915,5.788245425741292,derived topology (terminal positions); inferred global alignment
240217,R1-R6,L,lamina,276,99.54039721719455,-44.4336897969552,4.872411809764123,derived topology (terminal positions); inferred global alignment
240223,R1-R6,L,lamina,720,-26.573894341447968,-34.42535004461206,14.274792312885502,derived topology (terminal positions); inferred global alignment
240332,R1-R6,L,lamina,303,95.08963190623525,-35.38403101682842,4.339851657702061,derived topology (terminal positions); inferred global alignment
240401,R1-R6,L,lamina,371,57.837698973313536,-73.57816374578486,6.787826167488133,derived topology (terminal positions); inferred global alignment
240817,R1-R6,L,lamina,360,69.50066836661932,-4.055236627234058,6.658211459298621,derived topology (terminal positions); inferred global alignment
240819,R1-R6,L,lamina,334,78.67938932508302,-50.33880170930406,3.5673625323148106,derived topology (terminal positions); inferred global alignment
241226,R1-R6,L,lamina,246,110.79369218913152,-23.36561329419278,1.0377357445854885,derived topology (terminal positions); inferred global alignment
241321,R1-R6,L,lamina,168,127.68167192301627,-2.9526425968645977,2.039551999854911,derived topology (terminal positions); inferred global alignment
241908,R1-R6,L,lamina,360,64.00627831680559,-4.284594697393646,4.831680830156918,derived topology (terminal positions); inferred global alignment
241983,R1-R6,L,lamina,169,125.03275617546501,-9.495493210467895,2.7640453808344514,derived topology (terminal positions); inferred global alignment
242189,R1-R6,L,lamina,304,87.51694746873972,-46.154292781167314,5.681522328090912,derived topology (terminal positions); inferred global alignment
242575,R1-R6,L,lamina,564,-30.90161928863482,-88.38642732452281,42.887250613009144,derived topology (terminal positions); inferred global alignment
242594,R1-R6,L,lamina,434,40.095760281467754,-86.92087934915017,12.110530065917253,derived topology (terminal positions); inferred global alignment
242839,R1-R6,L,lamina,365,70.9546665173894,-55.78639693450216,6.62220692874129,derived topology (terminal positions); inferred global alignment
242953,R1-R6,L,lamina,333,83.4291139521367,-49.13052827937101,4.370873450884513,derived topology (terminal positions); inferred global alignment
243002,R1-R6,L,lamina,7,144.91063392909965,0.5567895696516759,5.666058354306956,derived topology (terminal positions); inferred global alignment
243993,R1-R6,L,lamina,434,39.28845097790946,-82.8117058564657,8.051412969686886,derived topology (terminal positions); inferred global alignment
244259,R1-R6,L,lamina,361,70.89725351322564,-16.89773783291435,6.2739554918468095,derived topology (terminal positions); inferred global alignment
244335,R1-R6,L,lamina,298,88.59336428796362,25.39884202067919,5.7503123163420105,derived topology (terminal positions); inferred global alignment
244719,R1-R6,L,lamina,334,78.73585843514074,-53.09218200361237,1.2895912192428423,derived topology (terminal positions); inferred global alignment
246123,R1-R6,L,lamina,434,37.36532551327842,-106.24789319932104,30.563586976373998,derived topology (terminal positions); inferred global alignment
210374,R1-R6,L,lamina,331,86.72099373589063,-21.719103316629557,7.288290532450345,derived topology (terminal positions); inferred global alignment
210421,R1-R6,L,lamina,331,84.29637632811206,-19.64627901033608,6.354657463033921,derived topology (terminal positions); inferred global alignment
210469,R1-R6,L,lamina,1,142.73180730564127,24.347293778443678,3.5962448429123164,derived topology (terminal positions); inferred global alignment
210480,R1-R6,L,lamina,272,101.91145758535208,-10.988207246506049,4.5932129893361475,derived topology (terminal positions); inferred global alignment
210511,R1-R6,L,lamina,587,-19.263014187838067,-65.77016750267966,19.861525020369577,derived topology (terminal positions); inferred global alignment
210666,R1-R6,L,lamina,619,-5.05754089971785,7.904047144859614,2.2409450486118234,derived topology (terminal positions); inferred global alignment
210735,R1-R6,L,lamina,720,-17.756737210416418,-31.63828243137585,5.067452450204144,derived topology (terminal positions); inferred global alignment
210934,R1-R6,L,lamina,704,-15.577021663009972,-32.35548204893202,3.3078605635563827,derived topology (terminal positions); inferred global alignment
210948,R1-R6,L,lamina,504,9.827064200914272,-15.813185700779886,0.23425603154606972,derived topology (terminal positions); inferred global alignment
211051,R1-R6,L,lamina,434,22.858287658081878,-139.5704886131565,65.05089103511622,derived topology (terminal positions); inferred global alignment
211182,R1-R6,L,lamina,244,106.96705289868798,-2.3274863531981564,5.190664176856227,derived topology (terminal positions); inferred global alignment
211331,R1-R6,L,lamina,446,29.290157972082483,32.860034648342186,4.77560148014241,derived topology (terminal positions); inferred global alignment
211347,R1-R6,L,lamina,360,67.53277180041043,1.7753057585539262,3.15190792527487,derived topology (terminal positions); inferred global alignment
211351,R1-R6,L,lamina,194,121.75986435933038,-15.711477112647975,2.1215325829486673,derived topology (terminal positions); inferred global alignment
211361,R1-R6,L,lamina,301,91.26578477706197,-12.588912336939076,2.937093214978356,derived topology (terminal positions); inferred global alignment
211512,R1-R6,L,lamina,718,-19.8573146031289,-23.41012266516653,6.718502257929087,derived topology (terminal positions); inferred global alignment
211517,R1-R6,L,lamina,122,130.2681209211392,-3.590112099153817,1.051719589497579,derived topology (terminal positions); inferred global alignment
211539,R1-R6,L,lamina,553,2.696162980311044,-4.381062967177558,1.8332311995642503,derived topology (terminal positions); inferred global alignment
211587,R1-R6,L,lamina,462,12.39194888318108,-139.2969575804432,67.01587628196289,derived topology (terminal positions); inferred global alignment
211749,R1-R6,L,lamina,360,72.331175315894,-1.1617101453016812,7.861189309211912,derived topology (terminal positions); inferred global alignment
211886,R1-R6,L,lamina,687,-12.423403127112223,-37.61630029622678,1.9208271686399483,derived topology (terminal positions); inferred global alignment
211986,R1-R6,L,lamina,587,-20.250597511508047,-70.17498117412948,23.209313206618987,derived topology (terminal positions); inferred global alignment
212137,R1-R6,L,lamina,268,102.21609376541332,42.49028276578385,2.3455482751631367,derived topology (terminal positions); inferred global alignment
212428,R1-R6,L,lamina,551,2.3033583294541984,13.393018219428827,1.5264552730395606,derived topology (terminal positions); inferred global alignment
212496,R1-R6,L,lamina,719,-18.648165093360973,-25.44084824107652,5.456161162302825,derived topology (terminal positions); inferred global alignment
212603,R1-R6,L,lamina,434,22.910508672552616,-116.3787980468676,42.51769233418012,derived topology (terminal positions); inferred global alignment
212604,R1-R6,L,lamina,300,95.87046539473819,-5.894923134447973,6.947262891964121,derived topology (terminal positions); inferred global alignment
212701,R1-R6,L,lamina,329,86.44291794958485,12.17667303044896,7.194396079391007,derived topology (terminal positions); inferred global alignment
212760,R1-R6,L,lamina,244,111.49990413740484,-1.4700459055780006,1.8069052342536753,derived topology (terminal positions); inferred global alignment
212932,R1-R6,L,lamina,240,111.87940151360226,38.32098694986537,2.0213397322414304,derived topology (terminal positions); inferred global alignment
212953,R1-R6,L,lamina,434,32.982806123957445,-132.5590519649431,56.86596148759898,derived topology (terminal positions); inferred global alignment
212982,R1-R6,L,lamina,444,22.636957656871687,50.79837881536107,3.1188558342512285,derived topology (terminal positions); inferred global alignment
213044,R1-R6,L,lamina,478,20.10154232123947,-24.1384061451646,4.154667169778903,derived topology (terminal positions); inferred global alignment
213226,R1-R6,L,lamina,275,102.08155962637142,-39.82200848664701,1.4206123678418414,derived topology (terminal positions); inferred global alignment
213236,R1-R6,L,lamina,297,89.96337363125978,36.84929346598702,4.189602053878463,derived topology (terminal positions); inferred global alignment
213275,R1-R6,L,lamina,687,-11.807219330407449,-34.58983547148596,1.6601160822327028,derived topology (terminal positions); inferred global alignment
213358,R1-R6,L,lamina,273,100.35130669108253,-22.041017472410335,3.8960840187065737,derived topology (terminal positions); inferred global alignment
213489,R1-R6,L,lamina,578,-3.230334326865872,-15.115530665960403,1.1325914044190026,derived topology (terminal positions); inferred global alignment
213859,R1-R6,L,lamina,301,87.43910862814164,-20.046638001135786,7.559550128594878,derived topology (terminal positions); inferred global alignment
213897,R1-R6,L,lamina,417,37.91336858797749,41.18417888806488,2.535324378462607,derived topology (terminal positions); inferred global alignment
213933,R1-R6,L,lamina,98,132.2709208014395,12.46308620516006,0.9757657308142141,derived topology (terminal positions); inferred global alignment
213946,R1-R6,L,lamina,329,80.25034665624953,2.659455116933339,6.6429722996845095,derived topology (terminal positions); inferred global alignment
213995,R1-R6,L,lamina,564,-17.49166051853213,-73.13841967104042,22.818866624677877,derived topology (terminal positions); inferred global alignment
214148,R1-R6,L,lamina,331,85.28543266990417,-29.7534520288833,7.752601935423524,derived topology (terminal positions); inferred global alignment
214252,R1-R6,L,lamina,269,103.1468830906957,30.147480669580652,1.3788904761671308,derived topology (terminal positions); inferred global alignment
214310,R1-R6,L,lamina,301,85.39956920435205,-14.367945117894418,7.640693225328743,derived topology (terminal positions); inferred global alignment
214351,R1-R6,L,lamina,331,82.14846190308043,-22.578104072303184,2.8001051943914628,derived topology (terminal positions); inferred global alignment
214492,R1-R6,L,lamina,302,92.672999412591,-31.77274562282853,3.351094188224487,derived topology (terminal positions); inferred global alignment
214622,R1-R6,L,lamina,218,115.17315944390046,-1.5949433951944898,4.210031523870526,derived topology (terminal positions); inferred global alignment
214770,R1-R6,L,lamina,218,118.58627224783761,-6.926900480174811,2.125345169774244,derived topology (terminal positions); inferred global alignment
214803,R1-R6,L,lamina,669,-11.51054663818043,-42.203939560261986,2.8993193866910363,derived topology (terminal positions); inferred global alignment
214908,R1-R6,L,lamina,711,-21.296808567352826,6.475007065656781,8.104608159551553,derived topology (terminal positions); inferred global alignment
215206,R1-R6,L,lamina,274,101.42550261421123,-34.12422933480562,3.784461181994311,derived topology (terminal positions); inferred global alignment
215208,R1-R6,L,lamina,502,12.932922077210264,5.106254760871775,3.336275305211141,derived topology (terminal positions); inferred global alignment
215518,R1-R6,L,lamina,540,-30.49253457762825,-98.927028194625,50.00824787846925,derived topology (terminal positions); inferred global alignment
215700,R1-R6,L,lamina,419,37.266106953086876,22.61287613562447,6.740443415816407,derived topology (terminal positions); inferred global alignment
215734,R1-R6,L,lamina,360,68.10565218172317,-1.5055160536136767,3.998834604206978,derived topology (terminal positions); inferred global alignment
215978,R1-R6,L,lamina,218,116.85125554826251,-8.887713722834736,3.870874273793463,derived topology (terminal positions); inferred global alignment
216059,R1-R6,L,lamina,303,88.38229063371386,-37.39802678297572,5.022131009335618,derived topology (terminal positions); inferred global alignment
216454,R1-R6,L,lamina,720,-16.90086647865273,-29.832226385109678,3.707747203125925,derived topology (terminal positions); inferred global alignment
216523,R1-R6,L,lamina,609,-29.16391751753376,-67.78847697803909,29.348816386720298,derived topology (terminal positions); inferred global alignment
216525,R1-R6,L,lamina,4,151.33030899734223,14.191172443868636,11.842593577095649,derived topology (terminal positions); inferred global alignment
216839,R1-R6,L,lamina,434,40.25719312933691,-78.74850255222513,5.685974694643589,derived topology (terminal positions); inferred global alignment
216840,R1-R6,L,lamina,446,22.390823726129774,29.51861610610291,3.428927557851495,derived topology (terminal positions); inferred global alignment
216874,R1-R6,L,lamina,302,93.77690754536735,-25.76226574613627,2.781543627599329,derived topology (terminal positions); inferred global alignment
216959,R1-R6,L,lamina,272,101.78318445292074,-6.0129321438959,1.7890239383719297,derived topology (terminal positions); inferred global alignment
217005,R1-R6,L,lamina,272,104.00697869998325,-2.129321138973344,4.565312445538604,derived topology (terminal positions); inferred global alignment
217074,R1-R6,L,lamina,332,83.49024215504242,-30.770213564775,7.215128103666197,derived topology (terminal positions); inferred global alignment
217127,R1-R6,L,lamina,609,-13.587432274101772,-57.11312265108708,10.470019867908718,derived topology (terminal positions); inferred global alignment
217185,R1-R6,L,lamina,185,122.85873559611845,49.21853434217793,0.809045107236791,derived topology (terminal positions); inferred global alignment
217488,R1-R6,L,lamina,269,98.18520119193357,35.3634021708313,6.534225781875505,derived topology (terminal positions); inferred global alignment
217517,R1-R6,L,lamina,564,-23.35109574260464,-77.41063009109038,30.070174343039817,derived topology (terminal positions); inferred global alignment
217631,R1-R6,L,lamina,185,120.06026649242374,47.423414066674674,2.515819311688742,derived topology (terminal positions); inferred global alignment
217657,R1-R6,L,lamina,361,71.20735622487805,-12.508674777823359,8.03315145439716,derived topology (terminal positions); inferred global alignment
217788,R1-R6,L,lamina,301,88.94177810683121,-18.548066634723494,5.440128149379272,derived topology (terminal positions); inferred global alignment
217870,R1-R6,L,lamina,434,19.33001460767951,-130.15195612027765,56.73807184486205,derived topology (terminal positions); inferred global alignment
218060,R1-R6,L,lamina,90,133.6971646476104,46.73518108015293,0.6380417465283325,derived topology (terminal positions); inferred global alignment
218097,R1-R6,L,lamina,273,102.86410686603017,-16.144063257885374,3.5866570401477,derived topology (terminal positions); inferred global alignment
218132,R1-R6,L,lamina,302,87.95080523820232,-24.93815809283599,6.165039193697578,derived topology (terminal positions); inferred global alignment
218258,R1-R6,L,lamina,328,74.91303156722593,19.985387662043767,7.034899762990251,derived topology (terminal positions); inferred global alignment
218475,R1-R6,L,lamina,220,117.00010020485851,-22.42648606749113,2.21674631418637,derived topology (terminal positions); inferred global alignment
218531,R1-R6,L,lamina,272,100.46909757487086,-1.4441624645386897,6.00852598867285,derived topology (terminal positions); inferred global alignment
219033,R1-R6,L,lamina,302,86.94222036340005,-26.540656564514016,6.372115175437974,derived topology (terminal positions); inferred global alignment
219146,R1-R6,L,lamina,298,92.6266053219197,32.29222608220648,3.2203438473343393,derived topology (terminal positions); inferred global alignment
219156,R1-R6,L,lamina,273,102.5643170874178,-14.275898516585299,5.478703622383671,derived topology (terminal positions); inferred global alignment
219193,R1-R6,L,lamina,361,72.85275166219634,-18.075512956789492,8.281356923033327,derived topology (terminal positions); inferred global alignment
219397,R1-R6,L,lamina,194,124.01419623246876,-16.063256782143807,2.463024611619701,derived topology (terminal positions); inferred global alignment
219489,R1-R6,L,lamina,416,33.72546570904352,44.7626462140134,4.178762636832681,derived topology (terminal positions); inferred global alignment
219608,R1-R6,L,lamina,434,26.24440947645315,-113.61071601103001,38.962938930518035,derived topology (terminal positions); inferred global alignment
171874,R1-R6,L,lamina,206,115.26042749867614,63.96549273529698,2.3444670890038126,derived topology (terminal positions); inferred global alignment
172045,R1-R6,L,lamina,418,39.899066827455115,27.040279315387608,5.088866936009652,derived topology (terminal positions); inferred global alignment
172057,R1-R6,L,lamina,223,116.86618912722477,-45.760810414595774,0.8494442001685069,derived topology (terminal positions); inferred global alignment
172539,R1-R6,L,lamina,224,115.1192083165954,-51.01812297019034,2.636021194360513,derived topology (terminal positions); inferred global alignment
172704,R1-R6,L,lamina,330,81.27285968792935,-3.02270599536534,5.511727515424014,derived topology (terminal positions); inferred global alignment
172741,R1-R6,L,lamina,299,86.41479158931318,13.126698033274149,7.095126571212072,derived topology (terminal positions); inferred global alignment
172812,R1-R6,L,lamina,475,19.241352064203618,16.363963569205016,4.951291870458866,derived topology (terminal positions); inferred global alignment
172884,R1-R6,L,lamina,151,128.24515347291808,-41.00928703529881,1.3448019482652422,derived topology (terminal positions); inferred global alignment
172995,R1-R6,L,lamina,344,83.74730614958061,-103.33611713921698,26.395648559441007,derived topology (terminal positions); inferred global alignment
173144,R1-R6,L,lamina,556,0.24408807353680118,-26.89348510077711,0.711454432368968,derived topology (terminal positions); inferred global alignment
173684,R1-R6,L,lamina,330,83.33291796452063,-4.397264405468174,5.263311403265971,derived topology (terminal positions); inferred global alignment
173791,R1-R6,L,lamina,194,121.05035946038443,-20.76291881940029,3.2161939684767353,derived topology (terminal positions); inferred global alignment
173889,R1-R6,L,lamina,651,-45.480370648432995,51.45452704891137,37.42131653113776,derived topology (terminal positions); inferred global alignment
174038,R1-R6,L,lamina,294,96.42258728754757,59.73648392044342,3.542739237939548,derived topology (terminal positions); inferred global alignment
174061,R1-R6,L,lamina,380,47.84522959219189,72.4012466521971,1.4314372531413817,derived topology (terminal positions); inferred global alignment
174117,R1-R6,L,lamina,190,121.79327662018967,15.32251483410165,2.948514946642654,derived topology (terminal positions); inferred global alignment
174409,R1-R6,L,lamina,285,105.64381098963369,-77.54598640208499,5.043701986967105,derived topology (terminal positions); inferred global alignment
174411,R1-R6,L,lamina,221,116.0160855032764,-34.41232073221287,2.3107805791002742,derived topology (terminal positions); inferred global alignment
174456,R1-R6,L,lamina,329,84.51367742554592,3.195740920558899,7.6726790199942405,derived topology (terminal positions); inferred global alignment
174682,R1-R6,L,lamina,601,-4.324133956927682,-15.457550557297498,1.1943341205723044,derived topology (terminal positions); inferred global alignment
174933,R1-R6,L,lamina,375,71.96527642585471,-144.94113329802673,67.20162313600935,derived topology (terminal positions); inferred global alignment
175392,R1-R6,L,lamina,190,119.90457829625589,17.33620074387741,2.485104842072275,derived topology (terminal positions); inferred global alignment
175488,R1-R6,L,lamina,267,105.79019179326018,46.20239904586103,2.731899445783667,derived topology (terminal positions); inferred global alignment
175532,R1-R6,L,lamina,241,111.4975501161702,31.09490433384909,1.4069572007392068,derived topology (terminal positions); inferred global alignment
175541,R1-R6,L,lamina,269,98.24261371650375,34.554610240170696,6.04052348641591,derived topology (terminal positions); inferred global alignment
175764,R1-R6,L,lamina,11,142.31309700818224,-12.992675249618573,3.1758496468000614,derived topology (terminal positions); inferred global alignment
175875,R1-R6,L,lamina,271,105.24077679535742,7.0245917236691735,1.8394816533854266,derived topology (terminal positions); inferred global alignment
175952,R1-R6,L,lamina,298,90.48926748366698,26.03571140766338,3.956304018258669,derived topology (terminal positions); inferred global alignment
175979,R1-R6,L,lamina,200,122.58350734756071,-50.87409103011141,1.5077496308718559,derived topology (terminal positions); inferred global alignment
175983,R1-R6,L,lamina,531,3.8641524037063846,-27.09167162792408,1.161905018688232,derived topology (terminal positions); inferred global alignment
175990,R1-R6,L,lamina,329,87.56909537561955,10.185526167966541,7.768013110423143,derived topology (terminal positions); inferred global alignment
176388,R1-R6,L,lamina,329,78.94028143295809,2.1650523106632127,7.183664475537118,derived topology (terminal positions); inferred global alignment
176408,R1-R6,L,lamina,281,103.75923136452828,-66.46217219274081,0.199020424300742,derived topology (terminal positions); inferred global alignment
176552,R1-R6,L,lamina,441,21.04987332805287,62.5906197829723,3.6102539028272016,derived topology (terminal positions); inferred global alignment
176624,R1-R6,L,lamina,651,-33.52141075950169,49.161137553393125,25.38227531830023,derived topology (terminal positions); inferred global alignment
176784,R1-R6,L,lamina,172,124.27724786391276,-34.49412374847993,2.2632144793482873,derived topology (terminal positions); inferred global alignment
176884,R1-R6,L,lamina,271,107.30694150865247,4.830017052771139,4.649313760751464,derived topology (terminal positions); inferred global alignment
177002,R1-R6,L,lamina,171,124.80460774787258,-27.651230391142754,1.4486983967793634,derived topology (terminal positions); inferred global alignment
177059,R1-R6,L,lamina,223,119.05285698528681,-45.53924908716135,1.495674257426789,derived topology (terminal positions); inferred global alignment
177380,R1-R6,L,lamina,199,121.66750532684023,-48.220096304907514,0.70093135710209,derived topology (terminal positions); inferred global alignment
177459,R1-R6,L,lamina,390,44.496690999763715,14.453201012328162,6.92115115416418,derived topology (terminal positions); inferred global alignment
177906,R1-R6,L,lamina,97,132.708295832727,18.55280619597041,0.7387173904248664,derived topology (terminal positions); inferred global alignment
178097,R1-R6,L,lamina,217,118.74951802387677,6.158947726459654,1.3173190207363528,derived topology (terminal positions); inferred global alignment
178590,R1-R6,L,lamina,359,66.62327224766541,16.647017286958192,2.426070890650294,derived topology (terminal positions); inferred global alignment
178690,R1-R6,L,lamina,604,-5.030661898062618,-31.159180524134843,2.2108621993824578,derived topology (terminal positions); inferred global alignment
178802,R1-R6,L,lamina,502,8.697043936066073,7.367812841261664,1.848830881639369,derived topology (terminal positions); inferred global alignment
178867,R1-R6,L,lamina,330,73.60443934399206,-14.150036037477703,8.528781266460529,derived topology (terminal positions); inferred global alignment
179180,R1-R6,L,lamina,293,95.4015294519672,63.48961402656162,2.5645498524922754,derived topology (terminal positions); inferred global alignment
179301,R1-R6,L,lamina,529,4.285639404733793,-10.98153018019544,1.8506297496630464,derived topology (terminal positions); inferred global alignment
179687,R1-R6,L,lamina,579,-2.8747290948309114,-21.95265893549517,0.8048237799311599,derived topology (terminal positions); inferred global alignment
179712,R1-R6,L,lamina,217,117.1772293025984,9.916855074388545,4.272547377282833,derived topology (terminal positions); inferred global alignment
180298,R1-R6,L,lamina,241,109.74997140693546,31.742797642626748,1.8531526826616482,derived topology (terminal positions); inferred global alignment
180369,R1-R6,L,lamina,197,120.52291602698256,-39.36122478320233,1.7879876099221972,derived topology (terminal positions); inferred global alignment
180435,R1-R6,L,lamina,445,23.435865288185262,39.75246966952187,1.8627006479842931,derived topology (terminal positions); inferred global alignment
180462,R1-R6,L,lamina,553,2.855358310494786,-4.88585342468598,2.1235677975799994,derived topology (terminal positions); inferred global alignment
180673,R1-R6,L,lamina,0,163.09864130833026,33.48022268310612,23.988974862008345,derived topology (terminal positions); inferred global alignment
180706,R1-R6,L,lamina,360,69.91565799076085,1.9221259638051469,5.454640373961384,derived topology (terminal positions); inferred global alignment
180998,R1-R6,L,lamina,447,22.60337067212442,17.97126531207834,3.5025085956363204,derived topology (terminal positions); inferred global alignment
181090,R1-R6,L,lamina,191,120.2493405028944,9.362006743426932,1.9862953341793057,derived topology (terminal positions); inferred global alignment
181145,R1-R6,L,lamina,165,126.62019292997047,17.219499443282054,3.00927454601906,derived topology (terminal positions); inferred global alignment
181227,R1-R6,L,lamina,299,94.61030758167854,14.74222356832119,1.8963760119306623,derived topology (terminal positions); inferred global alignment
181337,R1-R6,L,lamina,502,9.927244919091216,9.690472100784275,3.9043071752130447,derived topology (terminal positions); inferred global alignment
181506,R1-R6,L,lamina,19,138.8384331391963,21.413714872278735,0.410173319488424,derived topology (terminal positions); inferred global alignment
181674,R1-R6,L,lamina,529,3.298506308369845,-9.639404125536931,1.5095896056019626,derived topology (terminal positions); inferred global alignment
181767,R1-R6,L,lamina,476,14.84409102040545,2.2069944653021305,2.2256832564401923,derived topology (terminal positions); inferred global alignment
181805,R1-R6,L,lamina,606,-4.9551484727491015,-41.901774855976875,0.23592780236804942,derived topology (terminal positions); inferred global alignment
181903,R1-R6,L,lamina,631,-15.694251524834982,47.40197004168125,8.140453368058607,derived topology (terminal positions); inferred global alignment
181981,R1-R6,L,lamina,418,31.96674069931265,28.479332946535695,3.778985447658301,derived topology (terminal positions); inferred global alignment
182018,R1-R6,L,lamina,475,16.541780089461476,8.59384793113253,3.963639513743064,derived topology (terminal positions); inferred global alignment
182178,R1-R6,L,lamina,220,116.6373702271176,-23.22559867114641,1.6329351151590363,derived topology (terminal positions); inferred global alignment
182292,R1-R6,L,lamina,329,79.18609276431496,0.5799494525342834,8.736051324906509,derived topology (terminal positions); inferred global alignment
182375,R1-R6,L,lamina,2,144.55816174967782,20.953178190488547,5.261148539587603,derived topology (terminal positions); inferred global alignment
182413,R1-R6,L,lamina,359,57.3519598840281,12.940820260601217,8.874807821445517,derived topology (terminal positions); inferred global alignment
182613,R1-R6,L,lamina,99,133.32788921022888,7.404879332452387,1.1054711759459281,derived topology (terminal positions); inferred global alignment
182696,R1-R6,L,lamina,385,48.41394965037611,61.46247395758738,2.0413520785367645,derived topology (terminal positions); inferred global alignment
183351,R1-R6,L,lamina,390,53.292805547933355,14.319172763297033,6.40576718455032,derived topology (terminal positions); inferred global alignment
183437,R1-R6,L,lamina,389,48.30244799017959,22.897250377556226,2.5540372950482046,derived topology (terminal positions); inferred global alignment
183516,R1-R6,L,lamina,270,102.47905892416023,23.416953218598994,3.2087278389932457,derived topology (terminal positions); inferred global alignment
183563,R1-R6,L,lamina,358,69.72749396439698,35.54835485521174,5.827065226720335,derived topology (terminal positions); inferred global alignment
183701,R1-R6,L,lamina,290,95.61393539478803,70.06464605595124,2.6366840714368918,derived topology (terminal positions); inferred global alignment
183907,R1-R6,L,lamina,329,73.39857361063929,11.42204661643171,6.7971036734768635,derived topology (terminal positions); inferred global alignment
184147,R1-R6,L,lamina,359,69.64264732851532,11.602258211431659,8.149312184555628,derived topology (terminal positions); inferred global alignment
184175,R1-R6,L,lamina,473,13.49945079334266,33.72283710320904,2.682535934313276,derived topology (terminal positions); inferred global alignment
184596,R1-R6,L,lamina,222,119.82727236283287,-40.80042304894815,2.584707732948993,derived topology (terminal positions); inferred global alignment
16394,R1-R6,L,lamina,234,112.14361888686894,63.73521632931978,1.1665650454040084,derived topology (terminal positions); inferred global alignment
16398,R1-R6,L,lamina,156,131.01202898132271,63.14613556464012,6.589714462638654,derived topology (terminal positions); inferred global alignment
16924,R1-R6,L,lamina,327,76.88555982991397,38.51463578780071,3.1010953644397437,derived topology (terminal positions); inferred global alignment
18975,R1-R6,L,lamina,214,114.44350077005016,34.099962463460024,3.2324778055294323,derived topology (terminal positions); inferred global alignment
19418,R1-R6,L,lamina,389,55.274924595957636,30.832411062295353,8.235537310863881,derived topology (terminal positions); inferred global alignment
24385,R1-R6,L,lamina,120,130.93370141343547,11.293710104572318,1.0859480484157666,derived topology (terminal positions); inferred global alignment
25573,R1-R6,L,lamina,357,57.61655754089383,39.68068375457125,8.116939049926508,derived topology (terminal positions); inferred global alignment
30471,R1-R6,L,lamina,16,149.24183067240835,35.93718751741562,11.2342003426075,derived topology (terminal positions); inferred global alignment
35629,R1-R6,L,lamina,296,95.35980040971486,50.504341184571494,3.5589589221528413,derived topology (terminal positions); inferred global alignment
35681,R1-R6,L,lamina,33,151.8045892879556,40.47354724295719,15.006761376344214,derived topology (terminal positions); inferred global alignment
38801,R1-R6,L,lamina,705,-59.47318236190404,36.512594344443244,46.82211768388848,derived topology (terminal positions); inferred global alignment
39029,R1-R6,L,lamina,242,107.95693100551782,25.51621339262681,4.211456865737714,derived topology (terminal positions); inferred global alignment
44712,R1-R6,L,lamina,705,-56.43587684175991,29.474359809076912,43.26505942679714,derived topology (terminal positions); inferred global alignment
46250,R1-R6,L,lamina,463,12.563564411779346,70.16455294030698,3.641860372389075,derived topology (terminal positions); inferred global alignment
46763,R1-R6,L,lamina,631,-34.391397448512734,54.67780746853964,28.17785324677776,derived topology (terminal positions); inferred global alignment
51520,R1-R6,L,lamina,705,-64.7198774003949,34.31712261082136,51.76848486382716,derived topology (terminal positions); inferred global alignment
52406,R1-R6,L,lamina,705,-57.73660043603536,28.791114045788476,44.57225355545498,derived topology (terminal positions); inferred global alignment
53093,R1-R6,L,lamina,3,150.55604356894588,17.455810328216277,11.122128301329683,derived topology (terminal positions); inferred global alignment
53671,R1-R6,L,lamina,70,146.9091797283978,46.40791105636556,12.439732286477524,derived topology (terminal positions); inferred global alignment
54640,R1-R6,L,lamina,327,78.82079371146575,40.004991938651926,2.6254158489396637,derived topology (terminal positions); inferred global alignment
58162,R1-R6,L,lamina,439,27.15270864588672,67.10284342905874,2.563387473661116,derived topology (terminal positions); inferred global alignment
61381,R1-R6,L,lamina,252,110.5576734370095,-59.79309423513437,1.1103775615922882,derived topology (terminal positions); inferred global alignment
62264,R1-R6,L,lamina,261,100.10860160379215,67.77812126681422,3.361287239184662,derived topology (terminal positions); inferred global alignment
64371,R1-R6,L,lamina,293,88.59290741795678,63.8184184200742,4.585274556922284,derived topology (terminal positions); inferred global alignment
71954,R1-R6,L,lamina,277,107.17498983610625,-53.82186722170889,3.767278409924399,derived topology (terminal positions); inferred global alignment
80659,R1-R6,L,lamina,706,-62.875348459434946,27.177926806952794,49.708855645808384,derived topology (terminal positions); inferred global alignment
81019,R1-R6,L,lamina,688,-45.20118611605214,41.90956840872043,34.21041612268797,derived topology (terminal positions); inferred global alignment
81895,R1-R6,L,lamina,243,111.59941106739826,7.647837343647039,4.56241783443204,derived topology (terminal positions); inferred global alignment
85347,R1-R6,L,lamina,300,95.01504760593512,7.303515541770447,7.152588578072889,derived topology (terminal positions); inferred global alignment
85710,R1-R6,L,lamina,16,138.74995672362576,32.28000916058915,0.2635262924192531,derived topology (terminal positions); inferred global alignment
86881,R1-R6,L,lamina,389,55.3600722224496,24.50270324703696,6.2335355284111245,derived topology (terminal positions); inferred global alignment
90751,R1-R6,L,lamina,271,102.24760645540815,10.053211230247149,2.8951880383262902,derived topology (terminal positions); inferred global alignment
94374,R1-R6,L,lamina,705,-60.531430724768015,37.14826137542094,47.96539155827138,derived topology (terminal positions); inferred global alignment
94627,R1-R6,L,lamina,670,-44.2991672289149,46.871492954289174,34.805765955644446,derived topology (terminal positions); inferred global alignment
94966,R1-R6,L,lamina,705,-51.23360313822377,40.63598405225232,39.64289351863301,derived topology (terminal positions); inferred global alignment
98254,R1-R6,L,lamina,216,119.6052258952172,17.083061276303724,2.4208545684137053,derived topology (terminal positions); inferred global alignment
99948,R1-R6,L,lamina,565,-17.067447996842006,64.39151972628427,17.3181893053246,derived topology (terminal positions); inferred global alignment
100082,R1-R6,L,lamina,111,132.84374683376552,51.74567952591989,1.748320222957829,derived topology (terminal positions); inferred global alignment
105027,R1-R6,L,lamina,414,30.980822800046056,60.84648095556362,4.758531821673425,derived topology (terminal positions); inferred global alignment
105055,R1-R6,L,lamina,294,92.76854893470114,57.446089597581796,1.396880634506588,derived topology (terminal positions); inferred global alignment
106241,R1-R6,L,lamina,419,37.74566625599522,17.532855416142116,2.657531956676646,derived topology (terminal positions); inferred global alignment
106498,R1-R6,L,lamina,389,44.95108434391524,22.707018160950746,4.95660136983295,derived topology (terminal positions); inferred global alignment
106723,R1-R6,L,lamina,111,133.9239031212034,50.93573295647818,2.7203336050104316,derived topology (terminal positions); inferred global alignment
109186,R1-R6,L,lamina,442,23.03806032600042,57.705302046995435,1.639303845104772,derived topology (terminal positions); inferred global alignment
109534,R1-R6,L,lamina,419,37.48681950494179,19.07728615961725,3.571779530841358,derived topology (terminal positions); inferred global alignment
112151,R1-R6,L,lamina,565,-12.407533854256286,65.95708733172124,14.567308736728325,derived topology (terminal positions); inferred global alignment
112510,R1-R6,L,lamina,327,77.56921976754528,39.51293278210448,2.9808709040020993,derived topology (terminal positions); inferred global alignment
113140,R1-R6,L,lamina,3,152.16822610025764,20.499077614225484,12.80940458312353,derived topology (terminal positions); inferred global alignment
113190,R1-R6,L,lamina,375,68.33143702953384,-135.6347162093999,57.61394791366097,derived topology (terminal positions); inferred global alignment
113681,R1-R6,L,lamina,688,-43.97511976542957,44.367467502703086,33.79024913339144,derived topology (terminal positions); inferred global alignment
114898,R1-R6,L,lamina,388,56.211828824015186,37.83062157073378,6.99721942285143,derived topology (terminal positions); inferred global alignment
115500,R1-R6,L,lamina,565,-14.820927587956959,63.029438425144285,14.691363187579496,derived topology (terminal positions); inferred global alignment
116643,R1-R6,L,lamina,194,120.8054871917677,-18.34389618047172,1.5471400253131227,derived topology (terminal positions); inferred global alignment
117185,R1-R6,L,lamina,375,72.94621405622173,-128.93498027362105,51.46875343651999,derived topology (terminal positions); inferred global alignment
117458,R1-R6,L,lamina,120,129.52804459509417,10.255413617614664,1.7246614801980267,derived topology (terminal positions); inferred global alignment
118712,R1-R6,L,lamina,325,74.75324312462946,51.20032559078717,5.793878452563732,derived topology (terminal positions); inferred global alignment
119621,R1-R6,L,lamina,266,98.60593859595222,53.16079468953681,4.826588048257656,derived topology (terminal positions); inferred global alignment
119915,R1-R6,L,lamina,326,83.61768791431653,47.34224704881113,3.784274405850002,derived topology (terminal positions); inferred global alignment
120431,R1-R6,L,lamina,5,141.2723496878989,8.70135740843424,2.6397223485652126,derived topology (terminal positions); inferred global alignment
120756,R1-R6,L,lamina,56,136.15682562976613,19.422652142624614,0.7875163929224535,derived topology (terminal positions); inferred global alignment
120790,R1-R6,L,lamina,326,84.94177081512339,45.49219233326088,5.307103223788328,derived topology (terminal positions); inferred global alignment
121804,R1-R6,L,lamina,325,81.26218587885411,52.76353612644559,1.8738053757051725,derived topology (terminal positions); inferred global alignment
121942,R1-R6,L,lamina,443,22.492683427757157,55.90299787296753,2.874828838342234,derived topology (terminal positions); inferred global alignment
122537,R1-R6,L,lamina,219,120.46418893093201,-13.082881532516364,3.6605689739247205,derived topology (terminal positions); inferred global alignment
122993,R1-R6,L,lamina,588,-25.537166474652466,60.778256063256194,22.81524943558111,derived topology (terminal positions); inferred global alignment
123051,R1-R6,L,lamina,375,63.6516565342249,-143.9706195110586,65.84027991194819,derived topology (terminal positions); inferred global alignment
123284,R1-R6,L,lamina,631,-29.56496055351215,51.000735837164136,22.354796545727893,derived topology (terminal positions); inferred global alignment
123821,R1-R6,L,lamina,219,118.78428440996257,-14.353405652377651,1.5543273222273588,derived topology (terminal positions); inferred global alignment
125251,R1-R6,L,lamina,383,51.55048750542864,65.80835395198855,2.539368622840585,derived topology (terminal positions); inferred global alignment
125797,R1-R6,L,lamina,9,146.32510266716946,-7.2644970263183,6.8762411365586305,derived topology (terminal positions); inferred global alignment
126234,R1-R6,L,lamina,418,33.03864682414603,33.93820960374228,4.941887618566734,derived topology (terminal positions); inferred global alignment
126245,R1-R6,L,lamina,358,67.6767698618083,33.29984558093469,3.0891476996471385,derived topology (terminal positions); inferred global alignment
126804,R1-R6,L,lamina,516,2.2016295441055576,68.38064776438439,5.600627728121752,derived topology (terminal positions); inferred global alignment
127113,R1-R6,L,lamina,708,-75.36506539400067,19.79537679309643,62.18969491461126,derived topology (terminal positions); inferred global alignment
127452,R1-R6,L,lamina,4,141.4282211958146,13.919270758806782,2.0917519452796927,derived topology (terminal positions); inferred global alignment
127968,R1-R6,L,lamina,389,43.68219071746671,20.59543575118001,7.231805751947472,derived topology (terminal positions); inferred global alignment
128828,R1-R6,L,lamina,294,91.06500243401513,59.94259760129685,2.234694717254399,derived topology (terminal positions); inferred global alignment
129922,R1-R6,L,lamina,247,111.71119835197177,-30.285137388978054,1.7685570671934152,derived topology (terminal positions); inferred global alignment
130601,R1-R6,L,lamina,418,36.36091311612878,26.288379346507156,3.4889409580436324,derived topology (terminal positions); inferred global alignment
131534,R1-R6,L,lamina,219,119.21806410821017,-15.331765376885633,1.6686549332296379,derived topology (terminal positions); inferred global alignment
131557,R1-R6,L,lamina,359,60.67783645280524,24.826274610240993,7.864600467730426,derived topology (terminal positions); inferred global alignment
131738,R1-R6,L,lamina,419,31.64178290822947,17.343859287740354,4.054402391148553,derived topology (terminal positions); inferred global alignment
131903,R1-R6,L,lamina,447,24.282363905948614,24.290080708170134,3.4056442932417132,derived topology (terminal positions); inferred global alignment
132007,R1-R6,L,lamina,91,132.2421463707636,43.28528222040418,1.2820147922186753,derived topology (terminal positions); inferred global alignment
132068,R1-R6,L,lamina,195,123.56850690554401,-22.461990011543612,3.5613780440558953,derived topology (terminal positions); inferred global alignment
132298,R1-R6,L,lamina,419,37.56112289844373,13.944094480382962,2.9857544148262667,derived topology (terminal positions); inferred global alignment
132372,R1-R6,L,lamina,314,92.24959274080037,-100.46747997042947,25.053912257085802,derived topology (terminal positions); inferred global alignment
132455,R1-R6,L,lamina,247,113.51791940769095,-30.36221414321748,2.6359297575395657,derived topology (terminal positions); inferred global alignment
132648,R1-R6,L,lamina,194,121.72480548412842,-19.56766301897802,1.864862337335071,derived topology (terminal positions); inferred global alignment
133087,R1-R6,L,lamina,246,108.94896830141641,-24.99134580316758,3.4869209096659057,derived topology (terminal positions); inferred global alignment
133677,R1-R6,L,lamina,190,121.01092465191056,21.352058481552866,3.3384313690852805,derived topology (terminal positions); inferred global alignment
134296,R1-R6,L,lamina,277,105.45474253177707,-51.592052698867036,2.3681746522952607,derived topology (terminal positions); inferred global alignment
134400,R1-R6,L,lamina,214,116.7093948818568,29.74079676452271,3.4485324481194763,derived topology (terminal positions); inferred global alignment
134754,R1-R6,L,lamina,448,23.570669834157464,13.706005251673451,6.182366212971671,derived topology (terminal positions); inferred global alignment
136648,R1-R6,L,lamina,419,31.506447346697605,20.013256426079977,5.588379421057512,derived topology (terminal positions); inferred global alignment
137264,R1-R6,L,lamina,243,108.18087126573592,12.509196274002498,3.275119276955834,derived topology (terminal positions); inferred global alignment
137613,R1-R6,L,lamina,344,83.29502655851579,-106.70646339652669,29.67934574995942,derived topology (terminal positions); inferred global alignment
137760,R1-R6,L,lamina,294,95.53271088611899,59.74127586894433,2.694308451656542,derived topology (terminal positions); inferred global alignment
137803,R1-R6,L,lamina,383,48.00983721892044,66.50585837865319,1.145576361562899,derived topology (terminal positions); inferred global alignment
138203,R1-R6,L,lamina,314,94.49483239533136,-87.4987419740162,12.151073414756072,derived topology (terminal positions); inferred global alignment
138551,R1-R6,L,lamina,412,32.83363395321794,64.96664821140797,2.905267403883566,derived topology (terminal positions); inferred global alignment
138658,R1-R6,L,lamina,195,122.06707877895877,-25.793448482274748,0.1914220316121736,derived topology (terminal positions); inferred global alignment
138712,R1-R6,L,lamina,285,98.5171542560193,-74.45114028303476,5.278856802116138,derived topology (terminal positions); inferred global alignment
138903,R1-R6,L,lamina,100,131.72336568152025,-0.45497065112621027,1.641643035496529,derived topology (terminal positions); inferred global alignment
139004,R1-R6,L,lamina,299,89.26195206518562,11.200622682203978,5.894300662914342,derived topology (terminal positions); inferred global alignment
139010,R1-R6,L,lamina,352,68.33212827770082,68.49321519203068,3.6814468363623667,derived topology (terminal positions); inferred global alignment
139702,R1-R6,L,lamina,1,155.488422406762,25.470381544903564,16.004848046473008,derived topology (terminal positions); inferred global alignment
139898,R1-R6,L,lamina,504,7.839040025242561,-17.510720597884717,2.614956455906034,derived topology (terminal positions); inferred global alignment
139907,R1-R6,L,lamina,199,120.59280173304484,-48.03893282652466,1.7633646951038002,derived topology (terminal positions); inferred global alignment
140113,R1-R6,L,lamina,220,115.37136720005321,-22.047882877688387,3.3420310301444527,derived topology (terminal positions); inferred global alignment
140267,R1-R6,L,lamina,530,5.443470129568979,-17.34676967310507,1.086306166020616,derived topology (terminal positions); inferred global alignment
140350,R1-R6,L,lamina,281,102.32741636737828,-67.07722980864226,1.4036976935749792,derived topology (terminal positions); inferred global alignment
140381,R1-R6,L,lamina,215,119.57225189496968,22.71817200847582,3.0957052189898886,derived topology (terminal positions); inferred global alignment
140384,R1-R6,L,lamina,463,13.482103805544753,71.54072975311858,2.932448791296432,derived topology (terminal positions); inferred global alignment
141998,R1-R6,L,lamina,503,8.373798553225214,-4.248763319326617,1.6005052151028163,derived topology (terminal positions); inferred global alignment
142104,R1-R6,L,lamina,389,47.86583088018387,30.962311507235636,5.8153539074535585,derived topology (terminal positions); inferred global alignment
142186,R1-R6,L,lamina,383,52.26039615524052,67.42346822747376,3.211006443327183,derived topology (terminal positions); inferred global alignment
143100,R1-R6,L,lamina,381,42.512399330186796,72.0704661321823,6.708102177960411,derived topology (terminal positions); inferred global alignment
143307,R1-R6,L,lamina,413,35.35189422843758,64.02458223578523,0.9421759909892483,derived topology (terminal positions); inferred global alignment
143318,R1-R6,L,lamina,476,18.661266544069207,-5.118200093890815,6.049170888428709,derived topology (terminal positions); inferred global alignment
143555,R1-R6,L,lamina,195,123.92514253692359,-24.127835698360336,2.342791290822152,derived topology (terminal positions); inferred global alignment
143565,R1-R6,L,lamina,449,23.659937574980823,-5.339542424454888,1.7141961557468304,derived topology (terminal positions); inferred global alignment
143727,R1-R6,L,lamina,495,10.85416408001933,53.18353179479428,2.06447057836627,derived topology (terminal positions); inferred global alignment
143912,R1-R6,L,lamina,275,99.62981687524078,-38.93125604199418,4.014898377385514,derived topology (terminal positions); inferred global alignment
144614,R1-R6,L,lamina,4,140.03406529653682,15.338311889419163,0.8094841951303652,derived topology (terminal positions); inferred global alignment
145240,R1-R6,L,lamina,357,65.44603579422329,45.072529879478324,1.535652337866899,derived topology (terminal positions); inferred global alignment
145344,R1-R6,L,lamina,298,87.92507669307187,24.873738322784053,6.599845112397758,derived topology (terminal positions); inferred global alignment
145890,R1-R6,L,lamina,448,21.903453902267557,5.4646219931707485,3.381312717078809,derived topology (terminal positions); inferred global alignment
146193,R1-R6,L,lamina,241,113.30672869387217,28.33268915362986,4.56654368290699,derived topology (terminal positions); inferred global alignment
146396,R1-R6,L,lamina,285,100.39002367138963,-81.7047410510539,9.321047680470054,derived topology (terminal positions); inferred global alignment
146443,R1-R6,L,lamina,251,109.74655500771047,-56.03417087886078,1.7904805226943235,derived topology (terminal positions); inferred global alignment
146475,R1-R6,L,lamina,300,91.68211963776629,5.819271522255766,5.544079835486307,derived topology (terminal positions); inferred global alignment
146526,R1-R6,L,lamina,242,112.95192257474491,21.347657913267096,2.343215628562831,derived topology (terminal positions); inferred global alignment
146690,R1-R6,L,lamina,223,118.51629157543431,-42.58505260358752,2.868926787132872,derived topology (terminal positions); inferred global alignment
146762,R1-R6,L,lamina,476,15.038115952602226,-2.086153466922785,2.6368932400116667,derived topology (terminal positions); inferred global alignment
147069,R1-R6,L,lamina,388,51.36069479394085,41.126394913276556,3.8308139519851077,derived topology (terminal positions); inferred global alignment
147161,R1-R6,L,lamina,299,96.8806765691136,14.082517508537693,4.219621625620994,derived topology (terminal positions); inferred global alignment
147713,R1-R6,L,lamina,270,102.35076966229349,25.597591867265205,5.355030129612843,derived topology (terminal positions); inferred global alignment
147931,R1-R6,L,lamina,298,92.42566594580842,32.8445212110778,3.794620778862268,derived topology (terminal positions); inferred global alignment
148249,R1-R6,L,lamina,271,103.3664848220576,12.009631880408236,4.593702016035732,derived topology (terminal positions); inferred global alignment
148269,R1-R6,L,lamina,147,130.1690272399689,-18.967517962662406,2.5074942485397758,derived topology (terminal positions); inferred global alignment
148358,R1-R6,L,lamina,325,76.54127821714017,54.51723696799807,3.3390831693277283,derived topology (terminal positions); inferred global alignment
148955,R1-R6,L,lamina,357,70.8768886100498,43.019044146411204,6.296829915220345,derived topology (terminal positions); inferred global alignment
149222,R1-R6,L,lamina,169,125.24996155356263,-13.16726743839495,1.2502038382526377,derived topology (terminal positions); inferred global alignment
149316,R1-R6,L,lamina,273,104.63852548911608,-14.287294928040104,5.5237890406712395,derived topology (terminal positions); inferred global alignment
149505,R1-R6,L,lamina,269,101.01495871048412,28.154521125556542,4.13172664010391,derived topology (terminal positions); inferred global alignment
149613,R1-R6,L,lamina,277,106.65514661193544,-51.32902626776705,3.5350177364513073,derived topology (terminal positions); inferred global alignment
149729,R1-R6,L,lamina,449,22.15455355059722,-8.23952099620144,2.757010605356277,derived topology (terminal positions); inferred global alignment
149928,R1-R6,L,lamina,503,9.761732370031446,-1.4618367227019373,3.738887115040499,derived topology (terminal positions); inferred global alignment
150110,R1-R6,L,lamina,255,109.89484963420358,-66.82278931053469,1.6612187925343136,derived topology (terminal positions); inferred global alignment
150365,R1-R6,L,lamina,269,103.55568394788625,30.116036072165674,1.3807741642530929,derived topology (terminal positions); inferred global alignment
150546,R1-R6,L,lamina,631,-32.56733632913803,53.61294998756344,26.08503725214234,derived topology (terminal positions); inferred global alignment
150894,R1-R6,L,lamina,503,10.235964154263591,-5.94609638568398,0.942177571362195,derived topology (terminal positions); inferred global alignment
150995,R1-R6,L,lamina,300,97.27610172909456,3.88857003473478,5.485819311365374,derived topology (terminal positions); inferred global alignment
151389,R1-R6,L,lamina,9,140.97555276208692,-7.890366737083432,2.1659694333011434,derived topology (terminal positions); inferred global alignment
151670,R1-R6,L,lamina,375,64.92634022006267,-138.9733260619455,60.8358957475016,derived topology (terminal positions); inferred global alignment
151839,R1-R6,L,lamina,448,23.498263906901876,10.103413053687504,2.7082947865004328,derived topology (terminal positions); inferred global alignment
152117,R1-R6,L,lamina,285,99.94772117421854,-80.84427492437497,8.692673334092639,derived topology (terminal positions); inferred global alignment
152331,R1-R6,L,lamina,344,83.8370764317015,-103.59239684370888,26.662299974914152,derived topology (terminal positions); inferred global alignment
152710,R1-R6,L,lamina,293,87.04185450066961,62.044395300985606,5.9876514879201075,derived topology (terminal positions); inferred global alignment
153279,R1-R6,L,lamina,418,35.63248557734833,29.363060806900865,0.3292270960647137,derived topology (terminal positions); inferred global alignment
153336,R1-R6,L,lamina,300,96.25872245873583,0.6560587197065122,3.253971808274781,derived topology (terminal positions); inferred global alignment
153443,R1-R6,L,lamina,299,88.9197350041744,12.777994848623385,5.054532420454031,derived topology (terminal positions); inferred global alignment
153860,R1-R6,L,lamina,217,118.36690266997294,8.17152938647907,2.6480404763805683,derived topology (terminal positions); inferred global alignment
154032,R1-R6,L,lamina,357,57.071762804119686,45.522418680904366,7.753377133884733,derived topology (terminal positions); inferred global alignment
154115,R1-R6,L,lamina,300,89.87766876750479,-2.820655318478747,4.520809220692646,derived topology (terminal positions); inferred global alignment
154180,R1-R6,L,lamina,242,110.17945036967241,17.834910326997917,5.431494457655738,derived topology (terminal positions); inferred global alignment
154370,R1-R6,L,lamina,448,26.187448077584136,11.033171422235634,3.815501798870932,derived topology (terminal positions); inferred global alignment
154595,R1-R6,L,lamina,476,16.33250476759096,5.74152895838031,5.404372204173915,derived topology (terminal positions); inferred global alignment
154812,R1-R6,L,lamina,476,19.59701130420457,3.473821301640047,4.721670812114067,derived topology (terminal positions); inferred global alignment
155062,R1-R6,L,lamina,165,124.33027027264433,21.45078234531848,2.0477429555223745,derived topology (terminal positions); inferred global alignment
155213,R1-R6,L,lamina,383,46.679996617302535,65.5970713906166,2.676652748691841,derived topology (terminal positions); inferred global alignment
155295,R1-R6,L,lamina,709,-75.49264894692512,14.8791934455142,62.30624026967614,derived topology (terminal positions); inferred global alignment
155314,R1-R6,L,lamina,123,129.59137745188923,-9.478346608771178,1.7269845527928616,derived topology (terminal positions); inferred global alignment
155458,R1-R6,L,lamina,418,39.755327213991464,34.98712030185762,6.770404529084075,derived topology (terminal positions); inferred global alignment
155571,R1-R6,L,lamina,217,118.63155235170993,3.657874015559355,2.2838702600632943,derived topology (terminal positions); inferred global alignment
155606,R1-R6,L,lamina,631,-34.17280851118129,56.70720175550509,28.829681039948245,derived topology (terminal positions); inferred global alignment
155763,R1-R6,L,lamina,300,89.43452691497271,5.109899045224711,5.885098615060542,derived topology (terminal positions); inferred global alignment
155907,R1-R6,L,lamina,217,116.07239975016108,8.877389901419688,3.5334316553058773,derived topology (terminal positions); inferred global alignment
156131,R1-R6,L,lamina,375,69.63699331327514,-125.16345234991792,47.288325003102536,derived topology (terminal positions); inferred global alignment
156150,R1-R6,L,lamina,9,146.67015595507007,-5.835355157377952,7.165841899636575,derived topology (terminal positions); inferred global alignment
156520,R1-R6,L,lamina,502,8.673521134877127,2.940542126839614,3.0226497897827156,derived topology (terminal positions); inferred global alignment
156722,R1-R6,L,lamina,196,122.95584494572888,-34.674500480457084,1.9450509519620784,derived topology (terminal positions); inferred global alignment
156922,R1-R6,L,lamina,448,29.018385777473505,6.703701250963272,4.579764452877101,derived topology (terminal positions); inferred global alignment
156923,R1-R6,L,lamina,300,86.62128157340612,-3.9873490625987924,7.772936499959984,derived topology (terminal positions); inferred global alignment
157182,R1-R6,L,lamina,299,95.96901198760222,20.60606148137987,5.685999935707944,derived topology (terminal positions); inferred global alignment
157513,R1-R6,L,lamina,355,71.07679678989705,57.56071327676874,6.496189918164723,derived topology (terminal positions); inferred global alignment
157517,R1-R6,L,lamina,285,105.08236811472113,-86.3997310382314,13.538378077681555,derived topology (terminal positions); inferred global alignment
157625,R1-R6,L,lamina,285,103.60273639397207,-78.78369720350133,5.838414370159532,derived topology (terminal positions); inferred global alignment
157702,R1-R6,L,lamina,196,120.24444462355859,-34.64996199900449,2.6879448856872448,derived topology (terminal positions); inferred global alignment
157743,R1-R6,L,lamina,476,13.91778745732239,-0.39306579124327834,2.267107995812992,derived topology (terminal positions); inferred global alignment
158053,R1-R6,L,lamina,448,20.601374481365816,6.709473043032837,4.024723403524101,derived topology (terminal positions); inferred global alignment
158215,R1-R6,L,lamina,223,117.5772984551537,-42.768735304723705,2.5271628495103964,derived topology (terminal positions); inferred global alignment
158223,R1-R6,L,lamina,227,116.24322864154564,-59.4752013089641,1.5532325876744093,derived topology (terminal positions); inferred global alignment
158243,R1-R6,L,lamina,549,0.8231020882972402,27.49822467583586,0.13322540321798926,derived topology (terminal positions); inferred global alignment
158269,R1-R6,L,lamina,242,108.64222112412438,25.43537494113865,3.616142595322669,derived topology (terminal positions); inferred global alignment
158541,R1-R6,L,lamina,270,100.06285758381141,16.97850755617498,4.7672065665558785,derived topology (terminal positions); inferred global alignment
158804,R1-R6,L,lamina,530,4.179033026933624,-18.987125389746925,0.9895397858827185,derived topology (terminal positions); inferred global alignment
158820,R1-R6,L,lamina,553,0.9591595813302902,-1.1296792145793668,2.9627745732898867,derived topology (terminal positions); inferred global alignment
159116,R1-R6,L,lamina,253,113.50599786505086,-61.75970459983447,2.0099642759036636,derived topology (terminal positions); inferred global alignment
159469,R1-R6,L,lamina,588,-25.420646699513185,61.010229362883656,22.802740923387045,derived topology (terminal positions); inferred global alignment
159483,R1-R6,L,lamina,242,111.15563018931283,20.625395173847057,2.511153023673835,derived topology (terminal positions); inferred global alignment
159499,R1-R6,L,lamina,119,130.4956114339216,15.632082818171172,1.2471425033561638,derived topology (terminal positions); inferred global alignment
159542,R1-R6,L,lamina,449,19.907918927386525,-5.676355394199552,4.751994843248012,derived topology (terminal positions); inferred global alignment
159645,R1-R6,L,lamina,11,141.54264765569297,-15.041310466509191,2.0882718369692257,derived topology (terminal positions); inferred global alignment
159689,R1-R6,L,lamina,285,100.22104446167785,-75.76128516517447,4.380627342409604,derived topology (terminal positions); inferred global alignment
160007,R1-R6,L,lamina,325,74.01394091762388,51.907117435116824,6.180826831134115,derived topology (terminal positions); inferred global alignment
160091,R1-R6,L,lamina,271,101.11229718866649,10.664225641550932,3.997742420141631,derived topology (terminal positions); inferred global alignment
160118,R1-R6,L,lamina,216,117.89037887619281,14.156264657620522,1.7201404630643276,derived topology (terminal positions); inferred global alignment
160224,R1-R6,L,lamina,476,10.826659133863828,0.28127482804813236,5.235470896485544,derived topology (terminal positions); inferred global alignment
160494,R1-R6,L,lamina,224,117.08072144741857,-49.4175765416358,0.8160026106578908,derived topology (terminal positions); inferred global alignment
160517,R1-R6,L,lamina,330,83.11611487438549,-1.3217411331014497,7.746686791284565,derived topology (terminal positions); inferred global alignment
160611,R1-R6,L,lamina,1,151.38446340059377,26.316498408515574,11.902232347019247,derived topology (terminal positions); inferred global alignment
161510,R1-R6,L,lamina,418,29.298513852372693,26.698937792420853,6.926009611981433,derived topology (terminal positions); inferred global alignment
161667,R1-R6,L,lamina,588,-20.52056080833104,60.679276597901705,18.278744846145578,derived topology (terminal positions); inferred global alignment
161979,R1-R6,L,lamina,185,120.84934391358686,47.68448249593755,1.7216076445234962,derived topology (terminal positions); inferred global alignment
161992,R1-R6,L,lamina,330,87.04768894548377,-9.732060124417051,7.322498703206131,derived topology (terminal positions); inferred global alignment
162249,R1-R6,L,lamina,448,28.538085495130147,8.263027901188282,4.0660461424845415,derived topology (terminal positions); inferred global alignment
162441,R1-R6,L,lamina,300,88.09728634955329,-1.5890972485343366,5.316115204438488,derived topology (terminal positions); inferred global alignment
162702,R1-R6,L,lamina,284,107.75263081784253,-71.74445216979291,4.199001434037601,derived topology (terminal positions); inferred global alignment
162759,R1-R6,L,lamina,299,92.5448707544665,21.945288537654356,6.209241851671594,derived topology (terminal positions); inferred global alignment
162879,R1-R6,L,lamina,299,93.73300186683197,8.15971623229627,7.628201942722424,derived topology (terminal positions); inferred global alignment
163266,R1-R6,L,lamina,329,83.71829037758802,1.6941526953844361,8.523305333603002,derived topology (terminal positions); inferred global alignment
163538,R1-R6,L,lamina,503,8.476806280506615,-6.6943759451339,1.907435747390304,derived topology (terminal positions); inferred global alignment
163586,R1-R6,L,lamina,475,19.573148256521712,15.833752315964741,4.788117934621161,derived topology (terminal positions); inferred global alignment
163604,R1-R6,L,lamina,579,-3.304257264235943,-19.831166467935503,2.0129305934255135,derived topology (terminal positions); inferred global alignment
163632,R1-R6,L,lamina,388,43.646792508819814,40.5936849461465,6.16348773611953,derived topology (terminal positions); inferred global alignment
163784,R1-R6,L,lamina,242,113.64049087704964,20.312566401494006,3.5801227292699784,derived topology (terminal positions); inferred global alignment
163986,R1-R6,L,lamina,270,103.05892004633992,16.3052793842991,4.064326920969245,derived topology (terminal positions); inferred global alignment
164012,R1-R6,L,lamina,270,96.84829709709464,21.477057235654943,6.677700300333754,derived topology (terminal positions); inferred global alignment
164130,R1-R6,L,lamina,344,76.81952908850951,-121.83926357702033,44.725944250199426,derived topology (terminal positions); inferred global alignment
164176,R1-R6,L,lamina,330,85.39816875176601,-7.145332696026707,5.670582751466275,derived topology (terminal positions); inferred global alignment
164265,R1-R6,L,lamina,442,21.884954233527317,57.679508283533266,2.7529157508599624,derived topology (terminal positions); inferred global alignment
164274,R1-R6,L,lamina,664,-10.152054115053076,-19.27757383362,0.9803430035518135,derived topology (terminal positions); inferred global alignment
164381,R1-R6,L,lamina,11,146.82198997803727,-13.34269156077757,7.391614784808409,derived topology (terminal positions); inferred global alignment
164396,R1-R6,L,lamina,447,24.044447781957622,25.288676338376387,4.422106718987861,derived topology (terminal positions); inferred global alignment
164439,R1-R6,L,lamina,375,74.11786418281712,-135.80027519081435,58.43314640812643,derived topology (terminal positions); inferred global alignment
164530,R1-R6,L,lamina,295,96.39567160742084,52.47435618524099,3.7295405012507317,derived topology (terminal positions); inferred global alignment
164608,R1-R6,L,lamina,499,8.640839462805708,30.97638829952284,2.9867662603112772,derived topology (terminal positions); inferred global alignment
164656,R1-R6,L,lamina,344,76.13047820951127,-131.09707268431464,54.00926186731998,derived topology (terminal positions); inferred global alignment
164952,R1-R6,L,lamina,553,2.30456944106227,-3.7398385143156827,1.4615807280283937,derived topology (terminal positions); inferred global alignment
164958,R1-R6,L,lamina,531,6.145417498542905,-28.616770260802955,2.6910407993166103,derived topology (terminal positions); inferred global alignment
165053,R1-R6,L,lamina,555,0.9624462949171999,-20.72256436586722,0.5633330523981173,derived topology (terminal positions); inferred global alignment
165113,R1-R6,L,lamina,325,73.81307310075712,56.52655574036939,6.539973400839369,derived topology (terminal positions); inferred global alignment
165150,R1-R6,L,lamina,197,123.75336337977296,-38.32293882595809,1.615496934648109,derived topology (terminal positions); inferred global alignment
165775,R1-R6,L,lamina,555,1.3277217941460933,-22.66323879498341,2.537907797299453,derived topology (terminal positions); inferred global alignment
165793,R1-R6,L,lamina,356,60.85773645479733,49.603912464205855,4.417816338204025,derived topology (terminal positions); inferred global alignment
165962,R1-R6,L,lamina,300,89.71943870715579,7.885873271549042,8.144089897367529,derived topology (terminal positions); inferred global alignment
166003,R1-R6,L,lamina,221,118.86125028566843,-33.18362140555286,1.3863675133388698,derived topology (terminal positions); inferred global alignment
166269,R1-R6,L,lamina,193,122.49593210701875,-6.14110906479067,2.8499780852787726,derived topology (terminal positions); inferred global alignment
166306,R1-R6,L,lamina,528,2.369739517251581,1.3871447968361692,2.6218494341483036,derived topology (terminal positions); inferred global alignment
166307,R1-R6,L,lamina,356,62.07578450104438,50.90009556762625,2.7498692267295746,derived topology (terminal positions); inferred global alignment
166478,R1-R6,L,lamina,502,14.42962927591605,6.4064477948687015,4.8003017552116445,derived topology (terminal positions); inferred global alignment
166648,R1-R6,L,lamina,579,-0.32513145527246223,-23.25265166659574,2.5568115331114876,derived topology (terminal positions); inferred global alignment
166851,R1-R6,L,lamina,356,60.64493518879609,51.189339918464846,4.0603564119234505,derived topology (terminal positions); inferred global alignment
166892,R1-R6,L,lamina,125,130.6565105004106,-21.03700605809435,1.3952123689417937,derived topology (terminal positions); inferred global alignment
167113,R1-R6,L,lamina,417,39.74741215139413,36.9116316112163,5.461247120875355,derived topology (terminal positions); inferred global alignment
167541,R1-R6,L,lamina,504,11.22751092495578,-11.055791276518514,4.843726332588305,derived topology (terminal positions); inferred global alignment
167646,R1-R6,L,lamina,19,137.1994203317147,22.92116112478415,1.819990509255649,derived topology (terminal positions); inferred global alignment
167882,R1-R6,L,lamina,330,76.31932039894012,-13.749591074050265,6.4556963913608785,derived topology (terminal positions); inferred global alignment
168181,R1-R6,L,lamina,270,103.40197497442742,22.584180389999943,2.2317922873899785,derived topology (terminal positions); inferred global alignment
168295,R1-R6,L,lamina,276,105.02763139304564,-46.01293596270276,1.9807194481888764,derived topology (terminal positions); inferred global alignment
168450,R1-R6,L,lamina,314,90.87080593118398,-107.78450384323605,32.433195106083566,derived topology (terminal positions); inferred global alignment
168480,R1-R6,L,lamina,705,-63.64637065329332,34.931190679806505,50.76098637343867,derived topology (terminal positions); inferred global alignment
168809,R1-R6,L,lamina,477,12.773097218537842,-10.057670516806215,3.7836993833178107,derived topology (terminal positions); inferred global alignment
168994,R1-R6,L,lamina,152,129.11941506023055,-46.79990666385293,0.8030613253756965,derived topology (terminal positions); inferred global alignment
169002,R1-R6,L,lamina,552,3.360540033508215,3.617812068501726,2.6419855287489735,derived topology (terminal positions); inferred global alignment
169021,R1-R6,L,lamina,243,108.9164818832312,12.104705668347595,2.527679836029758,derived topology (terminal positions); inferred global alignment
169043,R1-R6,L,lamina,580,-2.3903654184872494,-28.694921263177466,0.9312070209740945,derived topology (terminal positions); inferred global alignment
169064,R1-R6,L,lamina,198,120.97315664031763,-44.42339298800279,1.317636737824974,derived topology (terminal positions); inferred global alignment
169066,R1-R6,L,lamina,556,2.3789996969237706,-29.849131385991562,3.0168040357426884,derived topology (terminal positions); inferred global alignment
169327,R1-R6,L,lamina,242,107.99766933535045,22.805349477286896,3.438873106904585,derived topology (terminal positions); inferred global alignment
169406,R1-R6,L,lamina,328,83.93603406358997,29.613166986796998,6.165416520078708,derived topology (terminal positions); inferred global alignment
169600,R1-R6,L,lamina,375,70.37665704422461,-126.87335985620687,49.069756968079275,derived topology (terminal positions); inferred global alignment
170017,R1-R6,L,lamina,243,107.89406205766409,10.098746305893224,4.127392562344707,derived topology (terminal positions); inferred global alignment
170041,R1-R6,L,lamina,502,6.480522075188972,4.333847633970751,3.5067352544152812,derived topology (terminal positions); inferred global alignment
170249,R1-R6,L,lamina,215,119.69147342998735,25.93691463250634,2.3392551448511902,derived topology (terminal positions); inferred global alignment
170471,R1-R6,L,lamina,531,4.286634700224354,-25.973325265949033,0.5703787081152253,derived topology (terminal positions); inferred global alignment
170546,R1-R6,L,lamina,169,127.44024844631834,-11.153673866457764,1.7962008205817737,derived topology (terminal positions); inferred global alignment
170621,R1-R6,L,lamina,225,115.91596534740737,-54.743396227261144,1.8120367475958417,derived topology (terminal positions); inferred global alignment
170761,R1-R6,L,lamina,581,-1.8182610149921743,-33.32575581072929,0.40653888155561374,derived topology (terminal positions); inferred global alignment
170811,R1-R6,L,lamina,332,80.82584574494238,-38.46148142502535,1.7420804597660258,derived topology (terminal positions); inferred global alignment
170880,R1-R6,L,lamina,530,5.469902919703465,-15.00039846972714,3.248551065491779,derived topology (terminal positions); inferred global alignment
170914,R1-R6,L,lamina,299,95.44409965145098,16.434672052300076,2.5316715774519167,derived topology (terminal positions); inferred global alignment
171038,R1-R6,L,lamina,299,99.43106109443494,15.243484542494416,6.445370290309709,derived topology (terminal positions); inferred global alignment
171059,R1-R6,L,lamina,0,143.80299297083167,31.410144789120835,4.826647886750154,derived topology (terminal positions); inferred global alignment
171521,R1-R6,L,lamina,528,4.957757454471711,0.18156302901791438,0.23385172334402893,derived topology (terminal positions); inferred global alignment
171535,R1-R6,L,lamina,501,7.539118670704475,13.043597565413158,3.8135973807158994,derived topology (terminal positions); inferred global alignment
184878,R1-R6,L,lamina,356,63.62358991041709,51.67128123363368,1.0434772509746535,derived topology (terminal positions); inferred global alignment
184928,R1-R6,L,lamina,531,6.314966125754246,-22.96746507929544,3.709277396518295,derived topology (terminal positions); inferred global alignment
185139,R1-R6,L,lamina,329,87.37670419760332,6.488083115816523,8.028859504167473,derived topology (terminal positions); inferred global alignment
185214,R1-R6,L,lamina,330,77.82759442184715,-11.502238007610337,3.749422135948195,derived topology (terminal positions); inferred global alignment
185356,R1-R6,L,lamina,588,-19.721379390648437,61.40987260301563,17.974279593285395,derived topology (terminal positions); inferred global alignment
185394,R1-R6,L,lamina,328,78.76206735969235,31.177910943017288,6.285066949525131,derived topology (terminal positions); inferred global alignment
186093,R1-R6,L,lamina,244,112.18915254193574,1.081401340215046,1.0696763498165187,derived topology (terminal positions); inferred global alignment
186102,R1-R6,L,lamina,565,-12.844861972619697,66.35973002620067,15.161240181825637,derived topology (terminal positions); inferred global alignment
186202,R1-R6,L,lamina,324,78.45513959717405,58.60019406929317,1.5093722556293963,derived topology (terminal positions); inferred global alignment
186498,R1-R6,L,lamina,328,81.32382161977651,27.715619029443097,3.095559018594414,derived topology (terminal positions); inferred global alignment
186660,R1-R6,L,lamina,269,99.59375154679395,27.677854667760993,5.424105289834088,derived topology (terminal positions); inferred global alignment
186700,R1-R6,L,lamina,167,126.58877750480715,6.667170222057578,2.3222397480659858,derived topology (terminal positions); inferred global alignment
186706,R1-R6,L,lamina,81,134.36949406449673,-9.328956015622994,1.1383975860117095,derived topology (terminal positions); inferred global alignment
186714,R1-R6,L,lamina,217,119.54872570378896,5.342644036836712,2.0425946984333416,derived topology (terminal positions); inferred global alignment
186960,R1-R6,L,lamina,191,118.52098110671719,11.484480858330006,4.216542291592086,derived topology (terminal positions); inferred global alignment
187142,R1-R6,L,lamina,253,112.25196054281021,-62.78603457164758,0.9893824775621598,derived topology (terminal positions); inferred global alignment
187280,R1-R6,L,lamina,293,87.66805799625679,61.27884283563612,5.492835819054507,derived topology (terminal positions); inferred global alignment
187372,R1-R6,L,lamina,588,-18.79362528096395,57.582881663256615,15.358254620723827,derived topology (terminal positions); inferred global alignment
187599,R1-R6,L,lamina,328,85.02096816520687,24.234793853982474,5.217811991933872,derived topology (terminal positions); inferred global alignment
187801,R1-R6,L,lamina,577,0.5533904099124314,-8.506398767010142,2.9774631734028545,derived topology (terminal positions); inferred global alignment
188053,R1-R6,L,lamina,331,75.92012765571472,-24.772367897864953,3.990343343138215,derived topology (terminal positions); inferred global alignment
188390,R1-R6,L,lamina,360,72.58303075178851,-2.9707069184588706,8.66206192980663,derived topology (terminal positions); inferred global alignment
188433,R1-R6,L,lamina,588,-20.199576625877327,58.462135333239225,16.99682502916833,derived topology (terminal positions); inferred global alignment
188583,R1-R6,L,lamina,605,-3.931583465764973,-38.78685628582437,1.2005328527832342,derived topology (terminal positions); inferred global alignment
188637,R1-R6,L,lamina,447,20.307864246964428,19.74264293322873,4.379948328894594,derived topology (terminal positions); inferred global alignment
189297,R1-R6,L,lamina,577,0.5494881127302094,-8.706504469221528,3.0574669654995486,derived topology (terminal positions); inferred global alignment
189607,R1-R6,L,lamina,387,53.83264202438584,46.805983981936436,4.684553870554369,derived topology (terminal positions); inferred global alignment
189675,R1-R6,L,lamina,329,82.78953708094474,10.510132132452114,3.1799040945703365,derived topology (terminal positions); inferred global alignment
189800,R1-R6,L,lamina,502,5.8195528260551015,5.8787939053919205,3.8498256077471997,derived topology (terminal positions); inferred global alignment
190112,R1-R6,L,lamina,360,65.35394311702925,6.998538410717918,6.53252685794784,derived topology (terminal positions); inferred global alignment
190139,R1-R6,L,lamina,329,78.48105888839562,6.374473552421348,3.222584607445803,derived topology (terminal positions); inferred global alignment
190189,R1-R6,L,lamina,475,16.00245362414455,11.827350042236572,0.713229957866897,derived topology (terminal positions); inferred global alignment
190442,R1-R6,L,lamina,2,153.09608278923162,22.624377446015895,13.606894490132563,derived topology (terminal positions); inferred global alignment
190611,R1-R6,L,lamina,360,73.26730215478538,2.003397637789311,8.74818621186949,derived topology (terminal positions); inferred global alignment
190732,R1-R6,L,lamina,329,79.49508295778145,7.710468817727883,1.6200431810245708,derived topology (terminal positions); inferred global alignment
191025,R1-R6,L,lamina,170,123.69407183055995,-21.118657967061274,2.6308675511510553,derived topology (terminal positions); inferred global alignment
191245,R1-R6,L,lamina,300,96.68731683103388,-2.841329532004081,4.924940851243925,derived topology (terminal positions); inferred global alignment
191445,R1-R6,L,lamina,387,54.10618226594357,46.97780289580845,4.938974692682092,derived topology (terminal positions); inferred global alignment
191587,R1-R6,L,lamina,314,91.36244363755371,-109.95749783954224,34.57318185010933,derived topology (terminal positions); inferred global alignment
191691,R1-R6,L,lamina,416,30.806625941678234,45.4961801044128,5.620162814086294,derived topology (terminal positions); inferred global alignment
191693,R1-R6,L,lamina,587,-3.978473202149317,-54.90681320418429,1.8436294491525351,derived topology (terminal positions); inferred global alignment
191894,R1-R6,L,lamina,331,80.14392693247893,-16.670619151386752,7.540159658533311,derived topology (terminal positions); inferred global alignment
192058,R1-R6,L,lamina,697,-14.2709338505463,-3.9196108262463043,2.088518585804981,derived topology (terminal positions); inferred global alignment
192360,R1-R6,L,lamina,630,-8.725637804256621,-46.18006690622103,2.3406903256520577,derived topology (terminal positions); inferred global alignment
192428,R1-R6,L,lamina,359,58.7957464259943,21.295014152857544,6.685100511794711,derived topology (terminal positions); inferred global alignment
192579,R1-R6,L,lamina,299,89.25273350047786,20.804542155507114,6.2930356091839235,derived topology (terminal positions); inferred global alignment
192804,R1-R6,L,lamina,2,154.44741887110973,21.312865032849963,14.993223484054468,derived topology (terminal positions); inferred global alignment
192818,R1-R6,L,lamina,331,77.62531630821594,-28.98144828934524,5.276892353635308,derived topology (terminal positions); inferred global alignment
192896,R1-R6,L,lamina,297,96.1619459882736,40.421996306728566,3.2173957175908257,derived topology (terminal positions); inferred global alignment
192913,R1-R6,L,lamina,604,-5.0965707897450585,-34.584683428791244,1.2968671569493324,derived topology (terminal positions); inferred global alignment
193225,R1-R6,L,lamina,329,77.98116238541866,9.383253062296657,1.873947574651084,derived topology (terminal positions); inferred global alignment
193289,R1-R6,L,lamina,166,124.12861574228658,11.231751047793098,2.2113043783957913,derived topology (terminal positions); inferred global alignment
193397,R1-R6,L,lamina,2,141.27986052339088,22.817351154359073,1.843257105430524,derived topology (terminal positions); inferred global alignment
193445,R1-R6,L,lamina,330,86.22007096474852,-11.903397173820936,7.288375659903263,derived topology (terminal positions); inferred global alignment
193471,R1-R6,L,lamina,358,63.74173582861145,37.51247918720614,4.90349412013507,derived topology (terminal positions); inferred global alignment
193490,R1-R6,L,lamina,143,127.40488864985315,7.595459004378336,1.449501057595444,derived topology (terminal positions); inferred global alignment
193568,R1-R6,L,lamina,603,-5.757945197387514,-26.17796287399311,2.3513139417697944,derived topology (terminal positions); inferred global alignment
193675,R1-R6,L,lamina,217,114.32700386371674,6.559444658063215,3.3279126284840665,derived topology (terminal positions); inferred global alignment
193924,R1-R6,L,lamina,419,36.459378297591634,19.361034814676024,3.3915648251427992,derived topology (terminal positions); inferred global alignment
193955,R1-R6,L,lamina,550,1.5144842381409305,18.7954470522577,1.8811670871334518,derived topology (terminal positions); inferred global alignment
194288,R1-R6,L,lamina,609,-11.083387786701877,-52.58417013552142,6.4373837336218696,derived topology (terminal positions); inferred global alignment
194414,R1-R6,L,lamina,419,32.49165319455768,21.18511203736547,5.903723599332051,derived topology (terminal positions); inferred global alignment
194439,R1-R6,L,lamina,328,72.11977485240341,27.007989430825614,7.997217130789956,derived topology (terminal positions); inferred global alignment
194527,R1-R6,L,lamina,448,22.421036923233167,3.8499564093265684,4.2990897495812606,derived topology (terminal positions); inferred global alignment
194576,R1-R6,L,lamina,297,95.35822733963035,41.30384062453757,2.8262313350483566,derived topology (terminal positions); inferred global alignment
194643,R1-R6,L,lamina,330,79.10542366689096,-7.9489958616800545,0.851520929811243,derived topology (terminal positions); inferred global alignment
194825,R1-R6,L,lamina,217,112.53802582422055,5.722934813482578,4.993156021451037,derived topology (terminal positions); inferred global alignment
194834,R1-R6,L,lamina,390,51.824370521927854,11.85872359493505,3.6006525003687657,derived topology (terminal positions); inferred global alignment
194924,R1-R6,L,lamina,330,74.52064979190085,-1.9070832082694251,8.365388062761747,derived topology (terminal positions); inferred global alignment
194942,R1-R6,L,lamina,529,3.1865882361749485,-11.172376122799358,2.519939653244725,derived topology (terminal positions); inferred global alignment
195041,R1-R6,L,lamina,626,-6.3969492684929605,-32.27139539477293,0.960341546927886,derived topology (terminal positions); inferred global alignment
195181,R1-R6,L,lamina,718,-21.262140878154966,-22.92446437034689,8.064695185507464,derived topology (terminal positions); inferred global alignment
195245,R1-R6,L,lamina,331,77.07561539509527,-18.306263699061795,6.527893935987916,derived topology (terminal positions); inferred global alignment
195268,R1-R6,L,lamina,626,-6.234819083050738,-30.891041508388064,2.3282342845100468,derived topology (terminal positions); inferred global alignment
195269,R1-R6,L,lamina,144,127.92962172546422,1.3499914605953192,1.4780690540113737,derived topology (terminal positions); inferred global alignment
195319,R1-R6,L,lamina,301,87.81024656801188,-13.878161691073425,5.316437414647617,derived topology (terminal positions); inferred global alignment
195767,R1-R6,L,lamina,609,-8.420541276512736,-51.20018256871149,3.700891654795953,derived topology (terminal positions); inferred global alignment
196101,R1-R6,L,lamina,375,56.78441555607185,-102.13211907080232,25.252781315926658,derived topology (terminal positions); inferred global alignment
196215,R1-R6,L,lamina,528,2.1083632859169725,0.3857155593062051,2.6336388373016395,derived topology (terminal positions); inferred global alignment
196358,R1-R6,L,lamina,646,-8.362156481113018,-26.925652718302047,1.9162307396035552,derived topology (terminal positions); inferred global alignment
196541,R1-R6,L,lamina,626,-6.274274291684819,-34.16461797489256,1.1208503700672516,derived topology (terminal positions); inferred global alignment
196639,R1-R6,L,lamina,324,74.31284635807583,57.10390173473326,5.9116702532337895,derived topology (terminal positions); inferred global alignment
196850,R1-R6,L,lamina,144,128.28688674293528,1.6614785005882284,1.565906951432614,derived topology (terminal positions); inferred global alignment
196968,R1-R6,L,lamina,330,74.55691999587684,-11.933947274847464,6.39831628367636,derived topology (terminal positions); inferred global alignment
197030,R1-R6,L,lamina,300,90.7152857282877,-7.180849522695374,7.956660485298621,derived topology (terminal positions); inferred global alignment
197095,R1-R6,L,lamina,271,102.34984771160524,2.389425057980619,5.144747202589749,derived topology (terminal positions); inferred global alignment
197214,R1-R6,L,lamina,329,75.7158557647646,8.678553963988671,4.181976801414855,derived topology (terminal positions); inferred global alignment
197320,R1-R6,L,lamina,239,109.48004184696632,46.52071011074723,1.948236521452374,derived topology (terminal positions); inferred global alignment
197328,R1-R6,L,lamina,599,-2.830263159929288,-3.2159099315442266,1.8516082625710695,derived topology (terminal positions); inferred global alignment
197440,R1-R6,L,lamina,606,-4.437805824989155,-40.08591546668647,1.8606299657478542,derived topology (terminal positions); inferred global alignment
198058,R1-R6,L,lamina,191,121.27536729694162,10.848557711936627,1.6676608745463846,derived topology (terminal positions); inferred global alignment
198067,R1-R6,L,lamina,609,-8.9586504800929,-54.379105925876104,5.098931116048212,derived topology (terminal positions); inferred global alignment
198132,R1-R6,L,lamina,329,75.85021950015768,5.573665109941556,5.462214742605697,derived topology (terminal positions); inferred global alignment
198255,R1-R6,L,lamina,328,83.40397826673487,27.319994607898593,4.243479872249684,derived topology (terminal positions); inferred global alignment
198403,R1-R6,L,lamina,330,79.13285204238335,-7.010348830146436,1.5223161817917388,derived topology (terminal positions); inferred global alignment
198426,R1-R6,L,lamina,609,-17.07771542674608,-58.04160079737931,13.958749964758738,derived topology (terminal positions); inferred global alignment
198866,R1-R6,L,lamina,360,70.47848776712245,5.096614890440104,7.42149358433535,derived topology (terminal positions); inferred global alignment
199024,R1-R6,L,lamina,241,110.1737392814224,33.396725161967396,1.5520533555367122,derived topology (terminal positions); inferred global alignment
199213,R1-R6,L,lamina,503,10.98594278225788,-6.275416015351039,1.706528454288218,derived topology (terminal positions); inferred global alignment
199296,R1-R6,L,lamina,669,-12.277270182651662,-42.146385278459114,3.332181445755363,derived topology (terminal positions); inferred global alignment
199327,R1-R6,L,lamina,390,44.654197516863825,8.406907941587084,4.658380879652064,derived topology (terminal positions); inferred global alignment
199365,R1-R6,L,lamina,357,62.997153396931154,39.53800410435919,4.538624998026831,derived topology (terminal positions); inferred global alignment
199510,R1-R6,L,lamina,330,74.37046245495537,-5.428246160060157,6.2156644862868475,derived topology (terminal positions); inferred global alignment
199515,R1-R6,L,lamina,477,16.653632988505272,-8.08671853301684,3.833444199649771,derived topology (terminal positions); inferred global alignment
199525,R1-R6,L,lamina,707,-15.57791696172798,21.23551178384563,2.7657008718863647,derived topology (terminal positions); inferred global alignment
199554,R1-R6,L,lamina,390,55.69100315302558,11.807681442545281,6.920348033135476,derived topology (terminal positions); inferred global alignment
199774,R1-R6,L,lamina,576,-1.2421266683932544,1.7222729715206277,1.7803201724668682,derived topology (terminal positions); inferred global alignment
199877,R1-R6,L,lamina,705,-44.41635883414611,34.6201248031718,31.653357610059487,derived topology (terminal positions); inferred global alignment
200017,R1-R6,L,lamina,300,95.55534662522393,-1.5986429287942943,3.2576321170602602,derived topology (terminal positions); inferred global alignment
200047,R1-R6,L,lamina,300,98.69536473309834,-1.466287865833507,5.993499270995085,derived topology (terminal positions); inferred global alignment
200061,R1-R6,L,lamina,447,19.334128816752475,18.339850128044056,5.793047615354174,derived topology (terminal positions); inferred global alignment
200316,R1-R6,L,lamina,717,-13.080682665941282,-19.90804110136127,1.288446527971268,derived topology (terminal positions); inferred global alignment
200318,R1-R6,L,lamina,360,69.39651499654443,-3.6289264171451077,6.294931152423369,derived topology (terminal positions); inferred global alignment
200377,R1-R6,L,lamina,526,3.924965960781172,20.815371648915338,2.332198493926163,derived topology (terminal positions); inferred global alignment
200837,R1-R6,L,lamina,330,71.31169716335971,-6.9081505237284615,8.66590546399105,derived topology (terminal positions); inferred global alignment
200879,R1-R6,L,lamina,272,101.64919115599696,-12.95779755732681,6.549826605301242,derived topology (terminal positions); inferred global alignment
201157,R1-R6,L,lamina,332,81.25107130316552,-32.719166295756445,4.507660868512229,derived topology (terminal positions); inferred global alignment
201180,R1-R6,L,lamina,301,97.59995161877421,-10.283911517533264,6.536361377828547,derived topology (terminal positions); inferred global alignment
201505,R1-R6,L,lamina,630,-16.964299131930034,-50.70541198584592,10.674866082642477,derived topology (terminal positions); inferred global alignment
201547,R1-R6,L,lamina,475,21.123153166028672,13.331997878938825,5.082010595758919,derived topology (terminal positions); inferred global alignment
201643,R1-R6,L,lamina,668,-9.367627244683916,-36.74626684551557,0.638382068612364,derived topology (terminal positions); inferred global alignment
202047,R1-R6,L,lamina,244,112.79838289899769,-2.119631545953468,2.814014117876911,derived topology (terminal positions); inferred global alignment
202099,R1-R6,L,lamina,528,6.023288892273065,-0.9608573172848657,1.7751293789774938,derived topology (terminal positions); inferred global alignment
202302,R1-R6,L,lamina,329,75.6827994178645,13.800302057944581,6.142242159877555,derived topology (terminal positions); inferred global alignment
202314,R1-R6,L,lamina,298,96.42804018162116,29.627017949370096,3.469667342062599,derived topology (terminal positions); inferred global alignment
202407,R1-R6,L,lamina,324,73.59304531466171,60.018194502753936,6.302828194304053,derived topology (terminal positions); inferred global alignment
202556,R1-R6,L,lamina,587,-14.976416136638804,-67.71587813426643,17.62315711725277,derived topology (terminal positions); inferred global alignment
202687,R1-R6,L,lamina,332,77.65249985829806,-33.029625655983345,4.552516306531488,derived topology (terminal positions); inferred global alignment
202809,R1-R6,L,lamina,273,102.42176527355016,-16.825761883001455,3.0365897805213784,derived topology (terminal positions); inferred global alignment
202848,R1-R6,L,lamina,476,12.248215964030408,-0.45900228074720995,3.897152912763564,derived topology (terminal positions); inferred global alignment
203074,R1-R6,L,lamina,302,90.68670944576411,-32.4508956087155,4.642409569050196,derived topology (terminal positions); inferred global alignment
203300,R1-R6,L,lamina,587,-8.423045274358685,-59.79450133680979,7.506987895302609,derived topology (terminal positions); inferred global alignment
203358,R1-R6,L,lamina,218,112.77281312839898,-4.915789201235573,4.767703711707892,derived topology (terminal positions); inferred global alignment
203987,R1-R6,L,lamina,121,129.36755805976992,4.3837103877532195,2.0380722288083684,derived topology (terminal positions); inferred global alignment
203996,R1-R6,L,lamina,142,128.77884198932037,12.99374072665602,1.7618429365213495,derived topology (terminal positions); inferred global alignment
204183,R1-R6,L,lamina,650,-12.121251969769446,-45.697965382747604,4.185337166970747,derived topology (terminal positions); inferred global alignment
204219,R1-R6,L,lamina,328,78.60135978427789,23.382160036875643,2.0399531704485203,derived topology (terminal positions); inferred global alignment
204279,R1-R6,L,lamina,719,-18.35524937691632,-26.194496525464196,5.139364285368682,derived topology (terminal positions); inferred global alignment
204323,R1-R6,L,lamina,684,-11.169292425731058,-26.454161263346315,1.178940822605415,derived topology (terminal positions); inferred global alignment
204403,R1-R6,L,lamina,359,61.04738970359261,17.653927590910964,3.598088214612053,derived topology (terminal positions); inferred global alignment
204560,R1-R6,L,lamina,302,90.69737542241333,-22.649915885046642,6.2404299066731275,derived topology (terminal positions); inferred global alignment
204865,R1-R6,L,lamina,4,141.38996096660642,13.656261053356577,2.1737029272972075,derived topology (terminal positions); inferred global alignment
205151,R1-R6,L,lamina,360,62.30823585183133,6.613902989226613,6.542578658240727,derived topology (terminal positions); inferred global alignment
205204,R1-R6,L,lamina,329,73.86578327963235,6.472895917462699,6.6169144047351764,derived topology (terminal positions); inferred global alignment
205324,R1-R6,L,lamina,168,125.10091763878224,-1.9097829319633999,2.2336165490900517,derived topology (terminal positions); inferred global alignment
205364,R1-R6,L,lamina,330,76.00186978711768,-8.840714195223757,3.8862106557730605,derived topology (terminal positions); inferred global alignment
205595,R1-R6,L,lamina,99,131.42243796977576,5.808879828612592,1.8776654541919278,derived topology (terminal positions); inferred global alignment
205660,R1-R6,L,lamina,302,86.71175114545368,-27.703316780988388,6.355740034955618,derived topology (terminal positions); inferred global alignment
205741,R1-R6,L,lamina,332,78.43514918164804,-33.493693534132234,3.7943884035506126,derived topology (terminal positions); inferred global alignment
205775,R1-R6,L,lamina,523,6.176291085913917,39.9946684532895,1.3908434232504063,derived topology (terminal positions); inferred global alignment
205783,R1-R6,L,lamina,6,147.60140182561184,8.099859599676824,8.245344273167094,derived topology (terminal positions); inferred global alignment
206078,R1-R6,L,lamina,245,109.44772925933322,-7.20001722756005,4.808149908174369,derived topology (terminal positions); inferred global alignment
206365,R1-R6,L,lamina,684,-11.360637534306264,-24.569878294597153,0.7267710920108302,derived topology (terminal positions); inferred global alignment
206389,R1-R6,L,lamina,329,76.26672396054367,12.21654906719678,4.6283557694096,derived topology (terminal positions); inferred global alignment
206491,R1-R6,L,lamina,387,45.80909010084057,50.356113003874455,4.496226471102988,derived topology (terminal positions); inferred global alignment
206525,R1-R6,L,lamina,418,39.60990154284848,22.953480800443472,7.858487467238869,derived topology (terminal positions); inferred global alignment
206706,R1-R6,L,lamina,301,87.86784182486795,-10.0457588527703,7.109040781785414,derived topology (terminal positions); inferred global alignment
206708,R1-R6,L,lamina,708,-59.28615887439757,19.193963486156203,46.10479994721533,derived topology (terminal positions); inferred global alignment
206792,R1-R6,L,lamina,688,-39.86796144890073,41.488197680426254,28.975047529557838,derived topology (terminal positions); inferred global alignment
206859,R1-R6,L,lamina,329,79.08414668227833,15.982928565680371,6.736405158837514,derived topology (terminal positions); inferred global alignment
206901,R1-R6,L,lamina,217,114.00794492723001,4.444386876831775,3.7263251229219523,derived topology (terminal positions); inferred global alignment
207032,R1-R6,L,lamina,111,137.88059682250824,52.09079139237473,6.74039063448194,derived topology (terminal positions); inferred global alignment
207066,R1-R6,L,lamina,477,19.038004341887188,-16.213538189337854,5.24253433686288,derived topology (terminal positions); inferred global alignment
207316,R1-R6,L,lamina,434,26.0642439490683,-123.097641745504,48.26902807629415,derived topology (terminal positions); inferred global alignment
207371,R1-R6,L,lamina,548,2.4592989346201932,31.3550289762782,2.941508368401347,derived topology (terminal positions); inferred global alignment
207386,R1-R6,L,lamina,709,-62.818683793789546,15.005276921593564,49.63239614700926,derived topology (terminal positions); inferred global alignment
207489,R1-R6,L,lamina,332,80.30811287205401,-30.739331512660517,6.284718609485674,derived topology (terminal positions); inferred global alignment
207756,R1-R6,L,lamina,217,116.70291079978003,0.49169589080853554,5.233161064065562,derived topology (terminal positions); inferred global alignment
207757,R1-R6,L,lamina,558,0.02198557089484865,-40.80457040899439,1.9615664359415377,derived topology (terminal positions); inferred global alignment
207793,R1-R6,L,lamina,301,91.0191389952978,-11.895137183178615,3.6473987298655297,derived topology (terminal positions); inferred global alignment
207953,R1-R6,L,lamina,6,138.82203944923958,7.193524935185024,0.9611506646552779,derived topology (terminal positions); inferred global alignment
208224,R1-R6,L,lamina,331,78.76837525702112,-27.0585746722217,3.058100956308347,derived topology (terminal positions); inferred global alignment
208361,R1-R6,L,lamina,331,85.65318623006101,-19.515834344977193,7.445839970609324,derived topology (terminal positions); inferred global alignment
208463,R1-R6,L,lamina,331,77.84517315927498,-20.968407643204454,3.8184857570903197,derived topology (terminal positions); inferred global alignment
208551,R1-R6,L,lamina,1,153.2001372520391,27.36617495629431,13.788580949122528,derived topology (terminal positions); inferred global alignment
208714,R1-R6,L,lamina,415,36.30989997667059,54.47452837370625,0.8316392012205168,derived topology (terminal positions); inferred global alignment
208798,R1-R6,L,lamina,527,5.745470962795615,9.094817153312624,1.1642681032314144,derived topology (terminal positions); inferred global alignment
208955,R1-R6,L,lamina,301,92.25738224831113,-21.53538181790121,6.633376513416251,derived topology (terminal positions); inferred global alignment
209050,R1-R6,L,lamina,554,3.330707494976892,-13.911014905872403,2.9042915271037386,derived topology (terminal positions); inferred global alignment
209128,R1-R6,L,lamina,329,73.45483719778403,3.783518496655386,8.44163478965943,derived topology (terminal positions); inferred global alignment
209143,R1-R6,L,lamina,582,-2.1818486785097804,-38.54578662372866,0.1658491920968428,derived topology (terminal positions); inferred global alignment
209330,R1-R6,L,lamina,240,111.02707181430469,41.452094529734,1.2261390333129139,derived topology (terminal positions); inferred global alignment
209384,R1-R6,L,lamina,718,-12.402971048666132,-23.648555676166723,1.482439815871156,derived topology (terminal positions); inferred global alignment
209435,R1-R6,L,lamina,642,-8.84598200775838,-9.27498871391328,0.8910330216666221,derived topology (terminal positions); inferred global alignment
209539,R1-R6,L,lamina,239,108.94802454054141,49.02806498082909,3.4704369153310335,derived topology (terminal positions); inferred global alignment
209551,R1-R6,L,lamina,386,44.92900498173563,52.030171256932306,4.852769893705549,derived topology (terminal positions); inferred global alignment
209706,R1-R6,L,lamina,331,82.82910360749733,-17.10259770190416,7.694904543588814,derived topology (terminal positions); inferred global alignment
209777,R1-R6,L,lamina,650,-9.14385197937294,-44.254480196339465,0.9188930483532102,derived topology (terminal positions); inferred global alignment
209848,R1-R6,L,lamina,669,-10.173104528249382,-38.169670885529904,1.6036716707485281,derived topology (terminal positions); inferred global alignment
209891,R1-R6,L,lamina,168,125.7306676017514,-1.4717084484197507,2.522083181138449,derived topology (terminal positions); inferred global alignment
219629,R1-R6,L,lamina,720,-14.715842637315845,-28.863255208007065,1.5812381112065212,derived topology (terminal positions); inferred global alignment
219824,R1-R6,L,lamina,720,-15.06328717526921,-31.353906453024194,2.701056385995154,derived topology (terminal positions); inferred global alignment
219838,R1-R6,L,lamina,331,79.5934700057746,-27.38322436523337,3.189435661427481,derived topology (terminal positions); inferred global alignment
220037,R1-R6,L,lamina,4,140.17141105930494,16.349524864432883,1.7531722579460605,derived topology (terminal positions); inferred global alignment
220057,R1-R6,L,lamina,331,80.63560295133647,-24.28105544938298,0.7692479705371846,derived topology (terminal positions); inferred global alignment
220364,R1-R6,L,lamina,405,42.00418396266159,-127.34490068156767,50.463274060782744,derived topology (terminal positions); inferred global alignment
220429,R1-R6,L,lamina,609,-18.633593662668588,-57.247623081295345,15.03195374300693,derived topology (terminal positions); inferred global alignment
220473,R1-R6,L,lamina,416,33.314477511908635,48.12774310027161,2.260511006818613,derived topology (terminal positions); inferred global alignment
220977,R1-R6,L,lamina,302,98.1573473508056,-26.05818954003411,5.6584870131739295,derived topology (terminal positions); inferred global alignment
220998,R1-R6,L,lamina,273,100.71410578966876,-24.69782114177825,5.7143363523077095,derived topology (terminal positions); inferred global alignment
221231,R1-R6,L,lamina,705,-46.678349582313814,40.862910715774134,35.364097616339464,derived topology (terminal positions); inferred global alignment
221359,R1-R6,L,lamina,120,131.11606092498596,8.617502743647485,1.6438602635140767,derived topology (terminal positions); inferred global alignment
221435,R1-R6,L,lamina,300,88.8237811740099,-6.617170486838311,8.203950071289125,derived topology (terminal positions); inferred global alignment
221443,R1-R6,L,lamina,477,13.671131720849573,-14.398453180718542,3.4929327758323483,derived topology (terminal positions); inferred global alignment
221696,R1-R6,L,lamina,247,109.37010369452875,-34.94389880032114,3.5926577557876387,derived topology (terminal positions); inferred global alignment
222160,R1-R6,L,lamina,375,61.49356515276759,-128.72451642795392,50.68534362190317,derived topology (terminal positions); inferred global alignment
222203,R1-R6,L,lamina,471,17.198586198759052,45.68811860749769,1.9942724299267471,derived topology (terminal positions); inferred global alignment
222227,R1-R6,L,lamina,301,96.1046922465262,-19.226908210946146,5.277612897253725,derived topology (terminal positions); inferred global alignment
222373,R1-R6,L,lamina,475,16.171221658311552,12.329232507188962,0.21473189552860053,derived topology (terminal positions); inferred global alignment
222377,R1-R6,L,lamina,273,101.24941818579117,-19.322118778963155,2.231988355031428,derived topology (terminal positions); inferred global alignment
222392,R1-R6,L,lamina,450,26.507666664791024,-15.989676586753085,4.668871643321408,derived topology (terminal positions); inferred global alignment
222555,R1-R6,L,lamina,477,12.001923044249153,-9.51353121534663,4.72274898100706,derived topology (terminal positions); inferred global alignment
222566,R1-R6,L,lamina,332,80.80931372233022,-35.550527054705434,1.7370403836402133,derived topology (terminal positions); inferred global alignment
222717,R1-R6,L,lamina,360,64.35314902180471,-0.22802148859051097,0.7895656942072241,derived topology (terminal positions); inferred global alignment
222727,R1-R6,L,lamina,301,90.15276457888133,-17.525994959237305,3.856053427451287,derived topology (terminal positions); inferred global alignment
222736,R1-R6,L,lamina,168,122.99867187857886,-4.754899796070959,3.024121365419033,derived topology (terminal positions); inferred global alignment
223214,R1-R6,L,lamina,419,38.12752191661641,9.01484814262676,7.562318284203801,derived topology (terminal positions); inferred global alignment
223295,R1-R6,L,lamina,500,7.375990865337997,22.18778511999761,4.136500924089589,derived topology (terminal positions); inferred global alignment
223379,R1-R6,L,lamina,218,117.24645154564152,-5.604758818348027,0.6017629489879696,derived topology (terminal positions); inferred global alignment
223483,R1-R6,L,lamina,303,89.21207223259452,-34.42286740212243,6.151687158377853,derived topology (terminal positions); inferred global alignment
223529,R1-R6,L,lamina,366,59.844233591279156,-61.96506246576424,4.7806120434188335,derived topology (terminal positions); inferred global alignment
223583,R1-R6,L,lamina,434,30.9875201652754,-107.11157648426398,31.67872756032392,derived topology (terminal positions); inferred global alignment
223736,R1-R6,L,lamina,400,49.89388892715746,-71.06431315159939,0.8044938657228404,derived topology (terminal positions); inferred global alignment
223852,R1-R6,L,lamina,301,91.89953528771684,-17.721705626176085,2.99290091327297,derived topology (terminal positions); inferred global alignment
224317,R1-R6,L,lamina,707,-54.7057537312231,23.16576104116721,41.532188986608574,derived topology (terminal positions); inferred global alignment
224517,R1-R6,L,lamina,218,119.98476938343961,-4.266473921094779,2.5781397279472476,derived topology (terminal positions); inferred global alignment
224590,R1-R6,L,lamina,668,-9.50594515410728,-35.35665604686019,1.2082795486613858,derived topology (terminal positions); inferred global alignment
224606,R1-R6,L,lamina,687,-14.90040408957151,-35.86360469084396,3.709896525019792,derived topology (terminal positions); inferred global alignment
224640,R1-R6,L,lamina,361,66.30696927411445,-10.153824025254082,7.1624414718479406,derived topology (terminal positions); inferred global alignment
224708,R1-R6,L,lamina,704,-20.760573505901476,-34.8174814248934,8.75677173454721,derived topology (terminal positions); inferred global alignment
224744,R1-R6,L,lamina,333,81.12550636407545,-43.4960547433126,3.328633582757015,derived topology (terminal positions); inferred global alignment
225011,R1-R6,L,lamina,333,73.93478821952382,-41.96631373210676,7.52514809211384,derived topology (terminal positions); inferred global alignment
225208,R1-R6,L,lamina,609,-13.847676447747048,-55.13916721565093,9.804554958483829,derived topology (terminal positions); inferred global alignment
225285,R1-R6,L,lamina,300,95.8756214511294,-4.263260856637469,5.50389671775046,derived topology (terminal positions); inferred global alignment
225293,R1-R6,L,lamina,434,27.05432109029384,-127.74724596266728,52.671532367436356,derived topology (terminal positions); inferred global alignment
225294,R1-R6,L,lamina,332,77.73304531070661,-37.224261592904895,2.1427602098672476,derived topology (terminal positions); inferred global alignment
225440,R1-R6,L,lamina,434,26.65218944153355,-129.93016379025315,54.89064173689455,derived topology (terminal positions); inferred global alignment
225513,R1-R6,L,lamina,587,-23.830914617452862,-67.29490014559688,24.584066361543073,derived topology (terminal positions); inferred global alignment
225796,R1-R6,L,lamina,564,-25.281643707984287,-83.84306466949201,35.67521843867557,derived topology (terminal positions); inferred global alignment
226019,R1-R6,L,lamina,194,121.6698224368132,-13.733580508204204,4.08392723495436,derived topology (terminal positions); inferred global alignment
226103,R1-R6,L,lamina,359,70.18626245185226,12.213814028188839,8.04234672187895,derived topology (terminal positions); inferred global alignment
226144,R1-R6,L,lamina,359,65.24178438052928,10.050037573785069,7.998378714485216,derived topology (terminal positions); inferred global alignment
226430,R1-R6,L,lamina,332,83.44883671837532,-38.321111059919346,3.816774628492932,derived topology (terminal positions); inferred global alignment
226554,R1-R6,L,lamina,233,107.80227864499729,65.80816878162312,3.681012785997574,derived topology (terminal positions); inferred global alignment
226697,R1-R6,L,lamina,650,-19.913239833526134,-49.71032348906596,12.946151039764331,derived topology (terminal positions); inferred global alignment
227051,R1-R6,L,lamina,122,130.4082638907282,-4.2482703811748985,1.3166279598786643,derived topology (terminal positions); inferred global alignment
227082,R1-R6,L,lamina,399,45.81097033841104,-69.38707092283887,3.3563467061664767,derived topology (terminal positions); inferred global alignment
227291,R1-R6,L,lamina,119,130.59157803540484,17.545488980534692,1.1278158677451207,derived topology (terminal positions); inferred global alignment
227406,R1-R6,L,lamina,587,-25.524517909229644,-75.29231665927726,30.536476772769518,derived topology (terminal positions); inferred global alignment
227829,R1-R6,L,lamina,704,-20.314253053519764,-33.549125555279616,8.085597703543574,derived topology (terminal positions); inferred global alignment
227891,R1-R6,L,lamina,273,104.04065650115726,-24.04402914863794,4.401365682677281,derived topology (terminal positions); inferred global alignment
227928,R1-R6,L,lamina,332,85.79302502920852,-36.56843494300176,5.944424044937295,derived topology (terminal positions); inferred global alignment
228013,R1-R6,L,lamina,303,88.79376741849606,-42.224989567125334,5.219246936625849,derived topology (terminal positions); inferred global alignment
228404,R1-R6,L,lamina,576,-2.6995854871960745,0.32665680173459694,0.5289454090430604,derived topology (terminal positions); inferred global alignment
228425,R1-R6,L,lamina,298,89.23763028012871,23.742413068309716,6.541207048057826,derived topology (terminal positions); inferred global alignment
228450,R1-R6,L,lamina,333,78.61457601441597,-43.92181360680043,2.9450780185511425,derived topology (terminal positions); inferred global alignment
228662,R1-R6,L,lamina,272,98.15430278228109,-4.859835689670615,5.594302953067413,derived topology (terminal positions); inferred global alignment
228726,R1-R6,L,lamina,703,-11.809774308447416,-29.571381557813712,0.5612913801959788,derived topology (terminal positions); inferred global alignment
228750,R1-R6,L,lamina,434,35.398278939368595,-92.68337660461675,16.937685047249577,derived topology (terminal positions); inferred global alignment
228779,R1-R6,L,lamina,303,92.66235074602619,-43.16217290046887,3.961348709924623,derived topology (terminal positions); inferred global alignment
229256,R1-R6,L,lamina,301,96.02038469268857,-19.758912797855675,5.672571928051309,derived topology (terminal positions); inferred global alignment
229268,R1-R6,L,lamina,447,21.458309534426995,19.617603484954724,3.3297814907103875,derived topology (terminal positions); inferred global alignment
229342,R1-R6,L,lamina,630,-25.02199010279692,-56.06070697958082,20.150451133988977,derived topology (terminal positions); inferred global alignment
229525,R1-R6,L,lamina,274,102.87535048701649,-31.037857428917505,0.6164670943635127,derived topology (terminal positions); inferred global alignment
229536,R1-R6,L,lamina,405,37.93361317693453,-136.8168748129046,60.47730477593119,derived topology (terminal positions); inferred global alignment
229672,R1-R6,L,lamina,434,17.6052901464708,-131.97368114169757,58.98525595250889,derived topology (terminal positions); inferred global alignment
230015,R1-R6,L,lamina,360,66.90172946034346,8.344698531766728,8.15782814567929,derived topology (terminal positions); inferred global alignment
230362,R1-R6,L,lamina,434,25.488416543515335,-130.98580801008336,56.127339189027644,derived topology (terminal positions); inferred global alignment
230557,R1-R6,L,lamina,272,108.0072213401068,-5.6698184173807755,4.6628624219079695,derived topology (terminal positions); inferred global alignment
230811,R1-R6,L,lamina,302,94.4784876567368,-25.001934429864612,3.73296429447473,derived topology (terminal positions); inferred global alignment
231317,R1-R6,L,lamina,330,75.89009911192383,-15.789454606580152,8.43144121142166,derived topology (terminal positions); inferred global alignment
231406,R1-R6,L,lamina,710,-13.360309357053538,11.893357074758082,1.1043306492531788,derived topology (terminal positions); inferred global alignment
231440,R1-R6,L,lamina,434,24.41166486634524,-111.31724378143146,37.23855718101451,derived topology (terminal positions); inferred global alignment
231557,R1-R6,L,lamina,405,41.40219565596599,-141.00550174513583,64.08482584448345,derived topology (terminal positions); inferred global alignment
231602,R1-R6,L,lamina,587,-32.435803675668,-80.00054266137427,38.86237639005379,derived topology (terminal positions); inferred global alignment
232672,R1-R6,L,lamina,272,105.59202145022121,-6.320033534388447,2.1680977308973364,derived topology (terminal positions); inferred global alignment
232837,R1-R6,L,lamina,719,-20.029432988006874,-25.253631106464926,6.849433094105136,derived topology (terminal positions); inferred global alignment
232845,R1-R6,L,lamina,434,32.56788565305078,-120.74268430019076,45.08782081615935,derived topology (terminal positions); inferred global alignment
233051,R1-R6,L,lamina,268,103.32672279565602,36.21066654231916,4.274515008148518,derived topology (terminal positions); inferred global alignment
233156,R1-R6,L,lamina,273,101.56560685623728,-17.298396160484113,3.0399945386269462,derived topology (terminal positions); inferred global alignment
233182,R1-R6,L,lamina,332,78.6487499737931,-40.9174878626658,4.093895374738479,derived topology (terminal positions); inferred global alignment
233413,R1-R6,L,lamina,405,44.01207810235219,-132.18237344659468,55.0311758682359,derived topology (terminal positions); inferred global alignment
233532,R1-R6,L,lamina,599,-1.9131312690034719,-3.816326598693721,2.8094904093284865,derived topology (terminal positions); inferred global alignment
233616,R1-R6,L,lamina,360,68.62017377443371,3.7195517257422788,5.110025525962692,derived topology (terminal positions); inferred global alignment
233617,R1-R6,L,lamina,669,-19.737895625263633,-41.70362040119472,9.975967312264498,derived topology (terminal positions); inferred global alignment
233626,R1-R6,L,lamina,434,33.35003491063532,-112.42449216959005,36.73763152526146,derived topology (terminal positions); inferred global alignment
234101,R1-R6,L,lamina,217,117.61129546849813,2.438014397584689,3.2219521987388027,derived topology (terminal positions); inferred global alignment
234221,R1-R6,L,lamina,193,119.88016035232721,-10.049770720563869,2.5952868178466515,derived topology (terminal positions); inferred global alignment
234248,R1-R6,L,lamina,355,65.79673842636407,56.07018190058679,2.143184373796452,derived topology (terminal positions); inferred global alignment
234395,R1-R6,L,lamina,669,-16.362335876846487,-40.69614454147251,6.477152402509156,derived topology (terminal positions); inferred global alignment
234656,R1-R6,L,lamina,293,90.88897644335047,62.75802402678238,2.1250685299726944,derived topology (terminal positions); inferred global alignment
247908,R1-R6,L,lamina,334,81.15853480822591,-54.56207304108041,1.5475747543001186,derived topology (terminal positions); inferred global alignment
248381,R1-R6,L,lamina,193,123.17483831292279,-7.121374716372212,2.078365421453132,derived topology (terminal positions); inferred global alignment
248777,R1-R6,L,lamina,3,146.03312270667578,18.691970327930033,6.537415809122589,derived topology (terminal positions); inferred global alignment
249951,R1-R6,L,lamina,330,85.01441849922809,-7.974300584171133,5.171139822640477,derived topology (terminal positions); inferred global alignment
251580,R1-R6,L,lamina,365,67.34994895417456,-56.525699858005495,2.967368055782182,derived topology (terminal positions); inferred global alignment
253115,R1-R6,L,lamina,405,40.45907324918618,-130.80852499288952,54.12133363310381,derived topology (terminal positions); inferred global alignment
253354,R1-R6,L,lamina,405,48.54422844274271,-81.47972046913792,4.134458432744543,derived topology (terminal positions); inferred global alignment
253433,R1-R6,L,lamina,3,143.01695493574488,19.098031758816614,3.551998617480826,derived topology (terminal positions); inferred global alignment
254633,R1-R6,L,lamina,75,135.30180961516862,23.77748350012713,0.556308349086738,derived topology (terminal positions); inferred global alignment
257206,R1-R6,L,lamina,370,61.35667693284893,-72.08391999697452,3.2838195177407483,derived topology (terminal positions); inferred global alignment
257325,R1-R6,L,lamina,560,2.0464515149687443,-49.23072223284806,1.786697322792634,derived topology (terminal positions); inferred global alignment
284838,R1-R6,L,lamina,706,-54.84306365303799,26.77520277330015,41.67080797009473,derived topology (terminal positions); inferred global alignment
522784,R1-R6,L,lamina,330,72.62907492482113,-8.370863936870974,7.227861425914415,derived topology (terminal positions); inferred global alignment
524826,R1-R6,L,lamina,314,98.14049037573932,-78.82820358086406,6.080199861577418,derived topology (terminal positions); inferred global alignment
529308,R1-R6,L,lamina,471,17.598826921659217,44.9889425706132,2.7995575847038854,derived topology (terminal positions); inferred global alignment
531525,R1-R6,L,lamina,524,6.586126708002986,31.274432949972194,3.1223380702581207,derived topology (terminal positions); inferred global alignment
533625,R1-R6,L,lamina,330,81.81873936618486,0.40005890202920724,8.966756249415548,derived topology (terminal positions); inferred global alignment
535008,R1-R6,L,lamina,413,36.34080523110528,61.79035881318371,1.5463105686843324,derived topology (terminal positions); inferred global alignment
539300,R1-R6,L,lamina,502,11.372672107470137,10.001698450186094,4.539024688496142,derived topology (terminal positions); inferred global alignment
541946,R1-R6,L,lamina,466,17.248007772716996,64.38359915678465,1.3583177891411897,derived topology (terminal positions); inferred global alignment
542027,R1-R6,L,lamina,709,-79.98953429983023,13.942727997271415,66.80990757876712,derived topology (terminal positions); inferred global alignment
542028,R1-R6,L,lamina,709,-81.10421105336265,15.22494364564623,67.91860288001243,derived topology (terminal positions); inferred global alignment
542165,R1-R6,L,lamina,575,-1.2371852087217832,5.865989805396115,2.115597388909892,derived topology (terminal positions); inferred global alignment
544021,R1-R6,L,lamina,705,-46.58935755947512,35.30099664210978,33.90885915701803,derived topology (terminal positions); inferred global alignment
544024,R1-R6,L,lamina,705,-51.22759512583731,40.38488749378879,39.56766250722,derived topology (terminal positions); inferred global alignment
544040,R1-R6,L,lamina,70,145.08403484614448,47.35930064070191,10.999451024306223,derived topology (terminal positions); inferred global alignment
544041,R1-R6,L,lamina,71,135.1366761439225,39.079462497113084,1.0914681156075827,derived topology (terminal positions); inferred global alignment
544042,R1-R6,L,lamina,213,115.45265667618321,41.1390939108894,2.405631110864528,derived topology (terminal positions); inferred global alignment
544043,R1-R6,L,lamina,139,129.88083789862316,31.810434971463607,1.7097990360470527,derived topology (terminal positions); inferred global alignment
544044,R1-R6,L,lamina,160,124.07763168360654,47.775668534517514,1.8101026701126783,derived topology (terminal positions); inferred global alignment
544733,R1-R6,L,lamina,381,46.84315518502294,71.91923184675957,2.4409126315233505,derived topology (terminal positions); inferred global alignment
544900,R1-R6,L,lamina,705,-52.12301197539641,28.500724465836274,38.9663832991134,derived topology (terminal positions); inferred global alignment
544903,R1-R6,L,lamina,705,-52.083271526947655,36.48897383228698,39.52535605931182,derived topology (terminal positions); inferred global alignment
545694,R1-R6,L,lamina,568,-2.864343434692941,48.42244319380358,1.7940227464834366,derived topology (terminal positions); inferred global alignment
546057,R1-R6,L,lamina,524,6.376631855417266,35.123244488270316,2.078457139051346,derived topology (terminal positions); inferred global alignment
546077,R1-R6,L,lamina,670,-37.822697659908016,46.64151739911384,28.61852805649347,derived topology (terminal positions); inferred global alignment
546078,R1-R6,L,lamina,262,98.94736220779863,66.61331500986937,4.484487850457512,derived topology (terminal positions); inferred global alignment
546097,R1-R6,L,lamina,610,-19.66223879977342,55.759191378176745,15.306999400664754,derived topology (terminal positions); inferred global alignment
546314,R1-R6,L,lamina,33,151.72514765733428,40.65080282483202,14.98598782521768,derived topology (terminal positions); inferred global alignment
546315,R1-R6,L,lamina,36,137.17849518270765,25.963480759864186,0.8551963025153103,derived topology (terminal positions); inferred global alignment
546942,R1-R6,L,lamina,610,-7.684644389618967,50.258339034879896,2.8088903379546335,derived topology (terminal positions); inferred global alignment
547654,R1-R6,L,lamina,389,49.51469569849018,29.486240633206616,4.203030843024854,derived topology (terminal positions); inferred global alignment
548005,R1-R6,L,lamina,688,-49.40154310558064,42.32805454917737,38.377347758730934,derived topology (terminal positions); inferred global alignment
549496,R1-R6,L,lamina,705,-57.56421866340416,39.088586472238006,45.40547783091564,derived topology (terminal positions); inferred global alignment
549781,R1-R6,L,lamina,16,139.89801277388057,33.79992143050348,1.893391656245406,derived topology (terminal positions); inferred global alignment
550028,R1-R6,L,lamina,359,68.05378403766925,18.17914675525968,3.4309387549444836,derived topology (terminal positions); inferred global alignment
550418,R1-R6,L,lamina,295,94.32170153041429,51.027191555888045,3.287551132960549,derived topology (terminal positions); inferred global alignment
550419,R1-R6,L,lamina,326,73.4139525156899,44.64971797403291,6.847809499743495,derived topology (terminal positions); inferred global alignment
550431,R1-R6,L,lamina,700,-11.992970770519577,-17.133111037288202,0.6156375060919281,derived topology (terminal positions); inferred global alignment
550444,R1-R6,L,lamina,16,152.25452475330536,36.24320257011942,14.208226463822216,derived topology (terminal positions); inferred global alignment
550445,R1-R6,L,lamina,0,156.11557038229935,32.82235876738442,17.009227556613904,derived topology (terminal positions); inferred global alignment
550446,R1-R6,L,lamina,16,145.3384175069886,33.606051218750906,6.875529242662909,derived topology (terminal positions); inferred global alignment
550474,R1-R6,L,lamina,266,99.3806774957219,50.8539083331425,4.6711261133530915,derived topology (terminal positions); inferred global alignment
550477,R1-R6,L,lamina,240,109.96348589927295,39.90057159908862,1.4947427033263796,derived topology (terminal positions); inferred global alignment
550683,R1-R6,L,lamina,326,83.26340357276646,48.243478178379675,3.6368054155854472,derived topology (terminal positions); inferred global alignment
550684,R1-R6,L,lamina,296,89.97824023761078,47.42648892598639,3.0387899329335446,derived topology (terminal positions); inferred global alignment
550771,R1-R6,L,lamina,297,94.25398251510275,41.189562629982625,1.92388272153542,derived topology (terminal positions); inferred global alignment
550772,R1-R6,L,lamina,296,88.71169720981409,46.7832449863202,4.40691796568577,derived topology (terminal positions); inferred global alignment
550907,R1-R6,L,lamina,528,5.566554769534974,3.0180145005376735,2.8748212729572535,derived topology (terminal positions); inferred global alignment
551112,R1-R6,L,lamina,51,137.98028775349985,40.6516278414743,2.0483392483176672,derived topology (terminal positions); inferred global alignment
551664,R1-R6,L,lamina,300,100.05041271213628,1.031130359431957,7.063310633236379,derived topology (terminal positions); inferred global alignment
551858,R1-R6,L,lamina,16,144.79477256358248,33.62811675924999,6.3441372843545665,derived topology (terminal positions); inferred global alignment
551892,R1-R6,L,lamina,357,68.64597320313851,45.79191273619426,4.498230036168631,derived topology (terminal positions); inferred global alignment
552086,R1-R6,L,lamina,209,115.5251350510527,56.56742621539648,2.1718563899137324,derived topology (terminal positions); inferred global alignment
552298,R1-R6,L,lamina,670,-41.82050723673487,46.38264491939974,32.29695552709095,derived topology (terminal positions); inferred global alignment
552629,R1-R6,L,lamina,471,18.858252808310837,46.60023839492384,2.820755869493255,derived topology (terminal positions); inferred global alignment
552758,R1-R6,L,lamina,300,94.40460872268635,2.0972390925683397,2.1668199890861186,derived topology (terminal positions); inferred global alignment
552786,R1-R6,L,lamina,610,-27.59689095775488,55.72176739208024,22.4162516739651,derived topology (terminal positions); inferred global alignment
552981,R1-R6,L,lamina,271,103.8521038994501,5.763366932219559,1.7029448572755443,derived topology (terminal positions); inferred global alignment
552988,R1-R6,L,lamina,251,109.41661188878804,-56.68555722588936,2.2992544637469616,derived topology (terminal positions); inferred global alignment
552990,R1-R6,L,lamina,705,-72.31784557973613,37.07005734474139,59.62246831255892,derived topology (terminal positions); inferred global alignment
552992,R1-R6,L,lamina,705,-54.766135981932706,38.43779688409865,42.5331523472898,derived topology (terminal positions); inferred global alignment
553232,R1-R6,L,lamina,136,129.6523254660193,45.698393302542456,0.9733297925840012,derived topology (terminal positions); inferred global alignment
553315,R1-R6,L,lamina,437,25.291237248219623,69.95116982427282,1.010925158816222,derived topology (terminal positions); inferred global alignment
553389,R1-R6,L,lamina,70,146.79363315703242,48.83797205051077,13.156358435706682,derived topology (terminal positions); inferred global alignment
553459,R1-R6,L,lamina,268,103.03948865767319,37.6133368050853,2.897151194237348,derived topology (terminal positions); inferred global alignment
553497,R1-R6,L,lamina,417,41.40622838645825,35.8307576414361,7.432891605541026,derived topology (terminal positions); inferred global alignment
553521,R1-R6,L,lamina,239,111.76051515968916,47.41240342158755,0.8791849102090065,derived topology (terminal positions); inferred global alignment
553528,R1-R6,L,lamina,51,142.51744777792027,39.72401796324634,6.234401901596189,derived topology (terminal positions); inferred global alignment
553762,R1-R6,L,lamina,670,-46.509867795763526,45.555492726230355,36.563312281800926,derived topology (terminal positions); inferred global alignment
553763,R1-R6,L,lamina,705,-48.719931420064796,35.22979500632067,35.99913757311306,derived topology (terminal positions); inferred global alignment
553958,R1-R6,L,lamina,708,-66.08673685184051,19.354858977483982,52.906526624016,derived topology (terminal positions); inferred global alignment
553986,R1-R6,L,lamina,356,62.4408066109313,48.57097620126288,3.9730830169247824,derived topology (terminal positions); inferred global alignment
559391,R1-R6,L,lamina,502,11.517207741761702,5.327455241176392,1.906890041704304,derived topology (terminal positions); inferred global alignment
559719,R1-R6,L,lamina,630,-13.043679189134807,-49.92557733061213,6.715732197113587,derived topology (terminal positions); inferred global alignment
559720,R1-R6,L,lamina,650,-19.514579910037796,-48.21606675563554,11.942722937263115,derived topology (terminal positions); inferred global alignment
559837,R1-R6,L,lamina,299,89.45685047891888,19.322163446686535,5.033209295761792,derived topology (terminal positions); inferred global alignment
559866,R1-R6,L,lamina,525,6.644472381159943,25.510993242107276,2.236399594492746,derived topology (terminal positions); inferred global alignment
560067,R1-R6,L,lamina,175,124.46560349300228,-46.87642311666978,1.5395300590264813,derived topology (terminal positions); inferred global alignment
560362,R1-R6,L,lamina,503,10.079445076848678,-9.897761683065283,4.716944265852106,derived topology (terminal positions); inferred global alignment
560811,R1-R6,L,lamina,516,-0.12717883582664058,66.60975942643296,5.879210152762499,derived topology (terminal positions); inferred global alignment
560851,R1-R6,L,lamina,94,132.36093678891058,30.74946599264955,2.3411437793043786,derived topology (terminal positions); inferred global alignment
561260,R1-R6,L,lamina,503,12.754483414227629,-2.6152625642008642,4.0304763987701975,derived topology (terminal positions); inferred global alignment
562673,R1-R6,L,lamina,577,-1.6622110656661135,-6.523269014177155,0.9773880110632236,derived topology (terminal positions); inferred global alignment
567465,R1-R6,L,lamina,224,114.63917767993925,-50.33741866833242,2.9504012699948423,derived topology (terminal positions); inferred global alignment
573065,R1-R6,L,lamina,588,-19.205908018120994,57.72927093364073,15.795102741821408,derived topology (terminal positions); inferred global alignment
576689,R1-R6,L,lamina,187,122.8910011010419,37.197951789940475,2.1512648479032426,derived topology (terminal positions); inferred global alignment
581985,R1-R6,L,lamina,709,-69.30357220858652,16.288391942806676,56.134463169895334,derived topology (terminal positions); inferred global alignment
585330,R1-R6,L,lamina,327,82.80879165051124,39.43946530463775,3.4949676673651435,derived topology (terminal positions); inferred global alignment
589144,R1-R6,L,lamina,435,26.36776658796139,74.17374869017661,1.9254623271465314,derived topology (terminal positions); inferred global alignment
589145,R1-R6,L,lamina,436,23.46721869560168,71.44462664281329,1.3313208291045195,derived topology (terminal positions); inferred global alignment
595659,R1-R6,L,lamina,332,86.18356849386365,-35.07105811666442,6.608994713239167,derived topology (terminal positions); inferred global alignment
901327,R1-R6,L,lamina,387,53.82528673858032,44.043951121937376,5.71889251167853,derived topology (terminal positions); inferred global alignment
901328,R1-R6,L,lamina,387,53.85190266502421,43.92516187008366,5.810460031027505,derived topology (terminal positions); inferred global alignment
903074,R1-R6,L,lamina,294,91.71747453379054,57.038079743888986,2.1981987534509964,derived topology (terminal positions); inferred global alignment
903097,R1-R6,L,lamina,651,-35.56245665326907,50.11975500140148,27.632650874788688,derived topology (terminal positions); inferred global alignment
916062,R1-R6,L,lamina,688,-43.3893083218846,40.96673723072282,32.21580988452369,derived topology (terminal positions); inferred global alignment
916063,R1-R6,L,lamina,705,-44.011613158001396,38.8099610039217,32.199457609574026,derived topology (terminal positions); inferred global alignment
926390,R1-R6,L,lamina,156,130.9202149325095,63.689936954808,6.872367384792421,derived topology (terminal positions); inferred global alignment
928976,R1-R6,L,lamina,688,-46.69167588929764,44.22676207254844,36.310246941624726,derived topology (terminal positions); inferred global alignment
928980,R1-R6,L,lamina,651,-33.30893442545889,48.09754317916976,24.814011293243365,derived topology (terminal positions); inferred global alignment
928982,R1-R6,L,lamina,688,-48.288506540898126,45.153715981578635,38.11945435865514,derived topology (terminal positions); inferred global alignment
929386,R1-R6,L,lamina,527,4.577425808488428,9.549525371403952,0.23116444942157383,derived topology (terminal positions); inferred global alignment
929510,R1-R6,L,lamina,516,2.11316011031402,69.09585022713203,6.279598074332709,derived topology (terminal positions); inferred global alignment
929773,R1-R6,L,lamina,357,71.44918756372593,43.03312154176231,6.863804303264771,derived topology (terminal positions); inferred global alignment
929775,R1-R6,L,lamina,388,53.90320595055027,38.21975358821114,4.69515201486804,derived topology (terminal positions); inferred global alignment
929778,R1-R6,L,lamina,389,54.77176250107423,27.653087068994218,6.070420259838376,derived topology (terminal positions); inferred global alignment
930009,R1-R6,L,lamina,389,52.27419815367741,18.02661078886526,7.902271688181138,derived topology (terminal positions); inferred global alignment
930159,R1-R6,L,lamina,299,91.56582193973009,19.58030421035488,4.089083583439036,derived topology (terminal positions); inferred global alignment
930474,R1-R6,L,lamina,266,100.13053058306494,52.417607227739914,3.3884254142373798,derived topology (terminal positions); inferred global alignment
930524,R1-R6,L,lamina,405,54.447775361024895,-106.4111039113875,29.491198103932167,derived topology (terminal positions); inferred global alignment
930652,R1-R6,L,lamina,389,44.36022599384246,24.232288297996135,4.933307677673829,derived topology (terminal positions); inferred global alignment
930654,R1-R6,L,lamina,418,38.30955720280906,28.97596689608236,2.848962599393349,derived topology (terminal positions); inferred global alignment
930655,R1-R6,L,lamina,388,42.53993910049057,34.34095429240545,7.590006218343903,derived topology (terminal positions); inferred global alignment
930657,R1-R6,L,lamina,417,41.94065544874724,37.490392936797235,7.0386109156920424,derived topology (terminal positions); inferred global alignment
930796,R1-R6,L,lamina,344,89.01786667041779,-111.09321111614936,35.07509475002122,derived topology (terminal positions); inferred global alignment
930900,R1-R6,L,lamina,216,115.90611776111878,13.910462920401125,2.5198178073580793,derived topology (terminal positions); inferred global alignment
953017,R1-R6,L,lamina,269,102.97360918577576,34.20316158536774,2.7519115823271147,derived topology (terminal positions); inferred global alignment
953376,R1-R6,L,lamina,665,-9.51324816044405,-24.532511019868974,0.47800555811137985,derived topology (terminal positions); inferred global alignment
953381,R1-R6,L,lamina,328,77.72474384222623,21.816698312598312,3.822950582298395,derived topology (terminal positions); inferred global alignment
953401,R1-R6,L,lamina,0,146.87055829520347,27.97275922767692,7.495812830138055,derived topology (terminal positions); inferred global alignment
953560,R1-R6,L,lamina,357,69.06588833369243,42.34729175426967,4.664067649016051,derived topology (terminal positions); inferred global alignment
953789,R1-R6,L,lamina,705,-53.17543043027078,29.948031130001446,40.006468968986354,derived topology (terminal positions); inferred global alignment
524599,R1-R6,L,lamina,705,-57.28643774167281,31.342165415625185,44.151731913872375,derived topology (terminal positions); inferred global alignment
534766,R1-R6,L,lamina,328,77.20217529921844,28.72903715526059,4.586958215033639,derived topology (terminal positions); inferred global alignment
544904,R1-R6,L,lamina,705,-57.302777590415616,32.375332623720894,44.2219151155234,derived topology (terminal positions); inferred global alignment
545099,R1-R6,L,lamina,389,51.71291943691767,23.429006918969492,3.1492553545523396,derived topology (terminal positions); inferred global alignment
546096,R1-R6,L,lamina,588,-21.289418531138466,59.117968079690854,18.25888885239925,derived topology (terminal positions); inferred global alignment
546313,R1-R6,L,lamina,161,125.88855724955606,43.05120177404451,0.33372699624689195,derived topology (terminal positions); inferred global alignment
546316,R1-R6,L,lamina,94,133.1716915813238,32.13233316054252,0.7972989405797146,derived topology (terminal positions); inferred global alignment
546317,R1-R6,L,lamina,138,127.00368985415277,36.4723269600123,2.4224699607043294,derived topology (terminal positions); inferred global alignment
548171,R1-R6,L,lamina,18,137.9140841455296,26.85632549936175,1.4745813604856721,derived topology (terminal positions); inferred global alignment
548172,R1-R6,L,lamina,33,138.65071877083886,38.26736904561798,2.6059774470161363,derived topology (terminal positions); inferred global alignment
549668,R1-R6,L,lamina,213,114.81694084360565,39.68785793722735,2.6914719877348734,derived topology (terminal positions); inferred global alignment
549669,R1-R6,L,lamina,72,134.7683494882857,38.25008214087202,1.594731908106091,derived topology (terminal positions); inferred global alignment
549780,R1-R6,L,lamina,33,153.3485984423481,42.840604982241985,17.287968448509346,derived topology (terminal positions); inferred global alignment
549782,R1-R6,L,lamina,51,143.51555787089328,40.72907208542151,7.332381478698315,derived topology (terminal positions); inferred global alignment
550420,R1-R6,L,lamina,325,78.4687402124602,51.22470697924076,3.0761664939114834,derived topology (terminal positions); inferred global alignment
550686,R1-R6,L,lamina,234,113.0696408549338,63.7536251089746,1.8961638506811747,derived topology (terminal positions); inferred global alignment
550867,R1-R6,L,lamina,319,72.45420638167326,73.11819144854424,7.377340114041395,derived topology (terminal positions); inferred global alignment
551309,R1-R6,L,lamina,406,35.37781697417661,76.13407368950779,0.46387606979297796,derived topology (terminal positions); inferred global alignment
551580,R1-R6,L,lamina,705,-58.29615531469108,36.505396093369356,45.65739686255826,derived topology (terminal positions); inferred global alignment
552755,R1-R6,L,lamina,356,61.805606809509364,49.748638026723256,3.5490452446720218,derived topology (terminal positions); inferred global alignment
552793,R1-R6,L,lamina,345,68.70922937191546,78.58531109739283,4.093360894084315,derived topology (terminal positions); inferred global alignment
552983,R1-R6,L,lamina,358,65.70929538779802,36.094882542000455,3.563275218501647,derived topology (terminal positions); inferred global alignment
552991,R1-R6,L,lamina,705,-52.23406898162777,38.633033712782606,40.10415384712786,derived topology (terminal positions); inferred global alignment
553433,R1-R6,L,lamina,16,139.87759720041066,31.36803075667068,1.713092818519157,derived topology (terminal positions); inferred global alignment
553514,R1-R6,L,lamina,326,80.69437557508773,46.463258070750506,0.9944399745478073,derived topology (terminal positions); inferred global alignment
553619,R1-R6,L,lamina,189,121.00539743683223,24.364103304362608,2.186030847790632,derived topology (terminal positions); inferred global alignment
553777,R1-R6,L,lamina,631,-30.21910914007229,54.16152431207946,24.158819588148862,derived topology (terminal positions); inferred global alignment
553837,R1-R6,L,lamina,280,106.54682721611093,-64.10547678496944,3.0014043210671453,derived topology (terminal positions); inferred global alignment
554019,R1-R6,L,lamina,705,-58.51189256170548,36.026761632554056,45.800551159436125,derived topology (terminal positions); inferred global alignment
554055,R1-R6,L,lamina,707,-58.47253340138461,24.29291734252707,45.326529823394196,derived topology (terminal positions); inferred global alignment
556436,R1-R6,L,lamina,194,124.10148958404662,-15.315952869217144,3.082620258029845,derived topology (terminal positions); inferred global alignment
556495,R1-R6,L,lamina,151,127.96407589171173,-40.10546601341183,2.2802228915339575,derived topology (terminal positions); inferred global alignment
575902,R1-R6,L,lamina,436,22.56766622814053,72.65954344736572,2.112035810497652,derived topology (terminal positions); inferred global alignment
589450,R1-R6,L,lamina,375,61.81088902231865,-144.04058159470307,65.96400996493516,derived topology (terminal positions); inferred global alignment
589783,R1-R6,L,lamina,530,8.131406593571896,-20.836680913541667,4.329532349006559,derived topology (terminal positions); inferred global alignment
901169,R1-R6,L,lamina,177,124.95134560289324,-53.51601197634427,1.090239028279036,derived topology (terminal positions); inferred global alignment
901182,R1-R6,L,lamina,11,149.63570399099567,-15.445423425037689,10.15576587475561,derived topology (terminal positions); inferred global alignment
901568,R1-R6,L,lamina,708,-70.67310251249096,20.732046216855807,57.52153818081192,derived topology (terminal positions); inferred global alignment
901573,R1-R6,L,lamina,707,-60.37981110426574,22.834634223475053,47.20305256921787,derived topology (terminal positions); inferred global alignment
926600,R1-R6,L,lamina,670,-61.97404027527335,50.78894602719488,52.86097295190547,derived topology (terminal positions); inferred global alignment
928981,R1-R6,L,lamina,705,-55.9823074429907,40.03557720648979,44.07562318828992,derived topology (terminal positions); inferred global alignment
929772,R1-R6,L,lamina,327,72.32557438272437,35.07248867392676,7.928714425637094,derived topology (terminal positions); inferred global alignment
930196,R1-R6,L,lamina,241,112.16268067591673,32.52658209415467,0.7221019378519096,derived topology (terminal positions); inferred global alignment
930653,R1-R6,L,lamina,358,64.52117964471344,32.8904103145536,0.23414642351507187,derived topology (terminal positions); inferred global alignment
930670,R1-R6,L,lamina,140,129.3373462615952,29.715388061955128,2.1605136538648986,derived topology (terminal positions); inferred global alignment
930778,R1-R6,L,lamina,187,123.47679961500003,38.75013851980799,1.368080228647638,derived topology (terminal positions); inferred global alignment
953016,R1-R6,L,lamina,188,120.83204676080123,35.758853613893486,2.8917576248648977,derived topology (terminal positions); inferred global alignment
11139,R1-R6,L,lamina,688,-67.89571208016805,49.261157554581466,58.052401300567546,derived topology (terminal positions); inferred global alignment
15983,R1-R6,L,lamina,631,-35.106730478195985,53.43514803901601,28.39103352883263,derived topology (terminal positions); inferred global alignment
16357,R1-R6,L,lamina,1,144.07967140504633,26.558346650896794,4.636812202266788,derived topology (terminal positions); inferred global alignment
18040,R1-R6,L,lamina,237,112.62674744562563,56.20684966835713,1.2499348628633464,derived topology (terminal positions); inferred global alignment
21134,R1-R6,L,lamina,388,46.763852494716915,32.7871968887496,5.717615097371596,derived topology (terminal positions); inferred global alignment
21622,R1-R6,L,lamina,565,-15.614254988579063,62.11971313872962,14.966508894980253,derived topology (terminal positions); inferred global alignment
25245,R1-R6,L,lamina,294,93.25972924680364,58.63020368968958,0.3243644047778782,derived topology (terminal positions); inferred global alignment
25633,R1-R6,L,lamina,163,125.86523637407439,30.701931721093537,2.5683493899836716,derived topology (terminal positions); inferred global alignment
30787,R1-R6,L,lamina,90,149.55884859011013,52.26703958381823,17.145581942807855,derived topology (terminal positions); inferred global alignment
34437,R1-R6,L,lamina,241,111.96383522316876,35.23739076841406,2.786152444200651,derived topology (terminal positions); inferred global alignment
41731,R1-R6,L,lamina,688,-51.18564083045287,44.74732417835599,40.750249345025885,derived topology (terminal positions); inferred global alignment
60877,R1-R6,L,lamina,541,-3.7587176805006948,67.37470535028245,9.080792456058719,derived topology (terminal positions); inferred global alignment
61428,R1-R6,L,lamina,51,157.52319336227788,45.88777820322425,22.176322441925297,derived topology (terminal positions); inferred global alignment
62176,R1-R6,L,lamina,133,128.65017108688414,58.01476778297109,2.9295662485231087,derived topology (terminal positions); inferred global alignment
65600,R1-R6,L,lamina,70,135.5352988768691,44.96098538129509,1.80896305155167,derived topology (terminal positions); inferred global alignment
68548,R1-R6,L,lamina,565,-14.290100719749262,63.73496623074265,14.613734036083233,derived topology (terminal positions); inferred global alignment
77260,R1-R6,L,lamina,214,119.04929400225558,29.637086491591205,3.781771064289184,derived topology (terminal positions); inferred global alignment
80352,R1-R6,L,lamina,9,144.64490242618666,-5.143882357901056,5.252346957025177,derived topology (terminal positions); inferred global alignment
83396,R1-R6,L,lamina,7,145.18420454754892,3.9231353608902,5.906339427190712,derived topology (terminal positions); inferred global alignment
90792,R1-R6,L,lamina,141,126.90732906141392,22.81025248090338,2.3547491073751226,derived topology (terminal positions); inferred global alignment
96819,R1-R6,L,lamina,9,143.91394609531477,-4.404130265811047,4.781911383250679,derived topology (terminal positions); inferred global alignment
99878,R1-R6,L,lamina,463,15.742520124645651,70.56438835769502,0.4729563899828356,derived topology (terminal positions); inferred global alignment
100150,R1-R6,L,lamina,239,109.03484526800355,45.45485386765949,2.651448236310243,derived topology (terminal positions); inferred global alignment
103699,R1-R6,L,lamina,651,-41.02326265136031,49.20243525651348,32.49617388374313,derived topology (terminal positions); inferred global alignment
104699,R1-R6,L,lamina,389,53.787401180780485,29.547076620875806,6.2704013168664865,derived topology (terminal positions); inferred global alignment
109875,R1-R6,L,lamina,419,31.5026733359283,17.955345445293602,4.406608284871511,derived topology (terminal positions); inferred global alignment
111273,R1-R6,L,lamina,7,147.29978459252663,3.5136471631274535,7.885436357188678,derived topology (terminal positions); inferred global alignment
112479,R1-R6,L,lamina,5,145.29503968067834,9.026933678301877,6.016248746238771,derived topology (terminal positions); inferred global alignment
113330,R1-R6,L,lamina,588,-27.702000649795394,61.873637732149874,25.237892745993456,derived topology (terminal positions); inferred global alignment
114811,R1-R6,L,lamina,541,1.057512871315339,61.27769549832314,1.6637243895308942,derived topology (terminal positions); inferred global alignment
117246,R1-R6,L,lamina,196,120.27670590925848,-30.847368040605,2.820550209747817,derived topology (terminal positions); inferred global alignment
119508,R1-R6,L,lamina,3,139.018120195907,19.03244464997385,0.6251556744378413,derived topology (terminal positions); inferred global alignment
120107,R1-R6,L,lamina,588,-23.9434187738902,59.39764847586314,20.811729609297807,derived topology (terminal positions); inferred global alignment
120772,R1-R6,L,lamina,244,116.02600676194234,0.7141794178321172,4.618851907103746,derived topology (terminal positions); inferred global alignment
122190,R1-R6,L,lamina,565,-16.028823017639525,63.73988170752868,16.09268472839126,derived topology (terminal positions); inferred global alignment
124187,R1-R6,L,lamina,708,-77.9303389403846,20.31790789985419,64.76450270721898,derived topology (terminal positions); inferred global alignment
124429,R1-R6,L,lamina,162,125.49236947096611,37.59804100040142,1.1671580580675698,derived topology (terminal positions); inferred global alignment
127349,R1-R6,L,lamina,272,106.50005962792301,-8.899670316559048,3.782988158245708,derived topology (terminal positions); inferred global alignment
127689,R1-R6,L,lamina,164,126.8341071772773,29.4890387141553,2.5675423355502702,derived topology (terminal positions); inferred global alignment
128178,R1-R6,L,lamina,344,85.82322814768473,-107.91108312131172,31.254533724629002,derived topology (terminal positions); inferred global alignment
130091,R1-R6,L,lamina,475,14.042337577213551,11.608685534229194,2.259768815727001,derived topology (terminal positions); inferred global alignment
130137,R1-R6,L,lamina,344,75.87120347240493,-128.9248899887828,51.86219841891346,derived topology (terminal positions); inferred global alignment
130222,R1-R6,L,lamina,193,123.92156707506703,-9.135278072002265,1.6840330156512449,derived topology (terminal positions); inferred global alignment
132288,R1-R6,L,lamina,147,128.57932801530552,-23.606529564260565,2.508231169001289,derived topology (terminal positions); inferred global alignment
132733,R1-R6,L,lamina,280,106.46745143789222,-63.358045226676396,2.986917639285586,derived topology (terminal positions); inferred global alignment
133691,R1-R6,L,lamina,219,113.12108777694391,-17.265106827413316,4.845968491412508,derived topology (terminal positions); inferred global alignment
134911,R1-R6,L,lamina,245,110.02673581475912,-13.139494202276826,2.1241754693967336,derived topology (terminal positions); inferred global alignment
135227,R1-R6,L,lamina,610,-35.188943119867176,58.10817628235133,30.36222910545985,derived topology (terminal positions); inferred global alignment
138429,R1-R6,L,lamina,283,105.42103751931398,-69.45954521276656,1.9767454696988902,derived topology (terminal positions); inferred global alignment
139947,R1-R6,L,lamina,271,102.22324160394479,3.552572258951324,4.052118974987988,derived topology (terminal positions); inferred global alignment
140141,R1-R6,L,lamina,161,126.92002718256177,43.78459870570647,1.1179158016150845,derived topology (terminal positions); inferred global alignment
140195,R1-R6,L,lamina,477,13.612123577928323,-12.89705795080564,2.6789468067059827,derived topology (terminal positions); inferred global alignment
140617,R1-R6,L,lamina,194,124.65259547593115,-17.217688232276902,2.47171426317552,derived topology (terminal positions); inferred global alignment
141616,R1-R6,L,lamina,22,138.07604407776574,9.51088128993213,0.6344066266386342,derived topology (terminal positions); inferred global alignment
142473,R1-R6,L,lamina,670,-44.08085929208886,47.84251790629817,34.90663951218521,derived topology (terminal positions); inferred global alignment
143352,R1-R6,L,lamina,477,16.08565911037457,-8.30457234453682,3.573912529599963,derived topology (terminal positions); inferred global alignment
143558,R1-R6,L,lamina,171,124.73250807342716,-28.51928848812885,2.144053013007637,derived topology (terminal positions); inferred global alignment
144223,R1-R6,L,lamina,10,154.50086985097664,-9.264530555982681,15.024617274429845,derived topology (terminal positions); inferred global alignment
144943,R1-R6,L,lamina,712,-88.53165338355076,3.713974444498072,75.34860465931553,derived topology (terminal positions); inferred global alignment
145245,R1-R6,L,lamina,111,146.09915466422314,57.988373988027476,16.3956666956522,derived topology (terminal positions); inferred global alignment
145528,R1-R6,L,lamina,316,73.06938165037862,76.68267456748984,6.729880560050076,derived topology (terminal positions); inferred global alignment
145979,R1-R6,L,lamina,447,23.104225276048126,15.099124707310633,5.968359951545733,derived topology (terminal positions); inferred global alignment
146132,R1-R6,L,lamina,269,105.05390367383862,35.97370463799322,4.759505541656132,derived topology (terminal positions); inferred global alignment
149491,R1-R6,L,lamina,253,114.31496284581803,-62.50540808022226,2.8152787673490884,derived topology (terminal positions); inferred global alignment
150007,R1-R6,L,lamina,505,7.515896251393663,-24.003400830826397,2.4226083280668202,derived topology (terminal positions); inferred global alignment
150159,R1-R6,L,lamina,217,114.23158646207852,3.3218036420532977,4.0431331910196375,derived topology (terminal positions); inferred global alignment
150591,R1-R6,L,lamina,477,13.3750696658635,-11.837404027991829,2.715117653500959,derived topology (terminal positions); inferred global alignment
150703,R1-R6,L,lamina,1,147.66172155947663,25.904438729060008,8.17230214617371,derived topology (terminal positions); inferred global alignment
151192,R1-R6,L,lamina,216,114.72138162185504,16.06020563535282,2.8164621473483322,derived topology (terminal positions); inferred global alignment
151605,R1-R6,L,lamina,252,111.54101260467294,-60.23697728400496,1.0121527138419633,derived topology (terminal positions); inferred global alignment
151672,R1-R6,L,lamina,102,131.54385475927796,-12.23376731508506,1.727025529416133,derived topology (terminal positions); inferred global alignment
152224,R1-R6,L,lamina,219,117.29901722303283,-16.152242935808523,0.8904781410991748,derived topology (terminal positions); inferred global alignment
153586,R1-R6,L,lamina,505,8.982976542012807,-20.55220795658092,4.63018760940928,derived topology (terminal positions); inferred global alignment
153792,R1-R6,L,lamina,278,105.10359398894964,-57.7505810208005,1.6015451953390816,derived topology (terminal positions); inferred global alignment
154309,R1-R6,L,lamina,1,157.62132795206372,26.25968700038635,18.135418432033696,derived topology (terminal positions); inferred global alignment
154606,R1-R6,L,lamina,142,128.02121518003952,15.325356239547496,1.0114254454712488,derived topology (terminal positions); inferred global alignment
154985,R1-R6,L,lamina,13,144.96123817468907,-21.576620297434598,5.465787309627618,derived topology (terminal positions); inferred global alignment
155724,R1-R6,L,lamina,504,8.82179881145867,-12.532641115120144,3.221879736908184,derived topology (terminal positions); inferred global alignment
156348,R1-R6,L,lamina,270,105.59209249226876,19.724100114629238,2.250969058837658,derived topology (terminal positions); inferred global alignment
156525,R1-R6,L,lamina,242,110.43373327619287,18.882196963880432,4.353816517206255,derived topology (terminal positions); inferred global alignment
157249,R1-R6,L,lamina,120,129.2573728273867,11.97461046481993,2.6336472186123383,derived topology (terminal positions); inferred global alignment
158733,R1-R6,L,lamina,148,128.5243192817727,-24.67268073687998,2.646426268357878,derived topology (terminal positions); inferred global alignment
160416,R1-R6,L,lamina,89,135.43434127523125,-42.47278483012321,0.8121601133810262,derived topology (terminal positions); inferred global alignment
164003,R1-R6,L,lamina,325,73.3885458546995,53.66133045183301,6.456161580723421,derived topology (terminal positions); inferred global alignment
164411,R1-R6,L,lamina,37,137.43874647448308,20.140645881233866,0.9340757037028184,derived topology (terminal positions); inferred global alignment
164836,R1-R6,L,lamina,194,122.21818599529473,-17.559891984927727,0.21856107545726072,derived topology (terminal positions); inferred global alignment
165030,R1-R6,L,lamina,173,126.73508299037556,-38.928433237131486,0.9365825073303584,derived topology (terminal positions); inferred global alignment
167066,R1-R6,L,lamina,244,110.08971781953431,2.1721893564384382,2.2696712904944416,derived topology (terminal positions); inferred global alignment
167170,R1-R6,L,lamina,145,127.10901585807865,-7.634534922794494,1.809363289135203,derived topology (terminal positions); inferred global alignment
168001,R1-R6,L,lamina,314,96.9624715376101,-83.91625165216583,9.325758753631478,derived topology (terminal positions); inferred global alignment
171385,R1-R6,L,lamina,330,78.85439088870535,-12.545206618508422,4.313861343805153,derived topology (terminal positions); inferred global alignment
172181,R1-R6,L,lamina,344,83.80504392994517,-109.5624164800025,32.57531724576657,derived topology (terminal positions); inferred global alignment
172612,R1-R6,L,lamina,86,134.25362571041737,-32.99277831907426,0.7685227490554837,derived topology (terminal positions); inferred global alignment
173096,R1-R6,L,lamina,194,121.45635759532176,-18.90404676755178,1.3756980050152325,derived topology (terminal positions); inferred global alignment
173151,R1-R6,L,lamina,329,82.7842815785001,15.383667063310906,6.761650463084751,derived topology (terminal positions); inferred global alignment
174144,R1-R6,L,lamina,327,86.28827827389065,36.718966362911864,6.501728845922749,derived topology (terminal positions); inferred global alignment
174547,R1-R6,L,lamina,476,21.397624127377746,-0.11933055854937884,5.35594271201762,derived topology (terminal positions); inferred global alignment
177217,R1-R6,L,lamina,4,147.77622999187776,15.180015603320555,8.288473705787254,derived topology (terminal positions); inferred global alignment
178222,R1-R6,L,lamina,254,112.89712358925138,-65.21658558704173,1.5263475089076746,derived topology (terminal positions); inferred global alignment
178605,R1-R6,L,lamina,12,145.5859754075126,-19.666879089949855,6.1874157044576545,derived topology (terminal positions); inferred global alignment
179596,R1-R6,L,lamina,583,-1.296453741748408,-42.52774771548823,0.960699386029386,derived topology (terminal positions); inferred global alignment
179725,R1-R6,L,lamina,174,125.88813308735797,-42.17308758253559,0.9891599344884753,derived topology (terminal positions); inferred global alignment
180270,R1-R6,L,lamina,173,124.86140697842117,-36.470739291083206,2.24085834520452,derived topology (terminal positions); inferred global alignment
180511,R1-R6,L,lamina,358,61.13984835389411,33.76866982530735,3.668982361424392,derived topology (terminal positions); inferred global alignment
180893,R1-R6,L,lamina,144,128.47948379023788,-2.2362277654170204,2.4735087463026586,derived topology (terminal positions); inferred global alignment
181854,R1-R6,L,lamina,85,135.39845147748596,-29.58873748152074,1.24109045799828,derived topology (terminal positions); inferred global alignment
181885,R1-R6,L,lamina,12,144.55499355411672,-16.564284363659734,5.360327618514036,derived topology (terminal positions); inferred global alignment
182279,R1-R6,L,lamina,290,95.32347158613285,70.39935523193824,2.379066231918571,derived topology (terminal positions); inferred global alignment
183065,R1-R6,L,lamina,347,59.93285425365718,76.7465328162442,4.688446256822891,derived topology (terminal positions); inferred global alignment
184412,R1-R6,L,lamina,328,79.9967852769562,18.215906970932387,6.774641044624528,derived topology (terminal positions); inferred global alignment
184540,R1-R6,L,lamina,159,124.85397876648408,50.51023652450493,1.1162330757354648,derived topology (terminal positions); inferred global alignment
184599,R1-R6,L,lamina,319,77.87839296683423,72.20155203611425,1.9740161959656495,derived topology (terminal positions); inferred global alignment
188423,R1-R6,L,lamina,288,90.05090318832873,72.55275442371257,2.968120902727523,derived topology (terminal positions); inferred global alignment
194274,R1-R6,L,lamina,362,72.58317267333621,-29.46964199072371,8.327508898164739,derived topology (terminal positions); inferred global alignment
196036,R1-R6,L,lamina,1,157.08610300121768,27.560049205154233,17.67454170524734,derived topology (terminal positions); inferred global alignment
199025,R1-R6,L,lamina,389,54.380667055085944,26.865146438919894,5.43457579314104,derived topology (terminal positions); inferred global alignment
200610,R1-R6,L,lamina,331,80.56095800517207,-17.546441279948265,6.695107188109709,derived topology (terminal positions); inferred global alignment
200714,R1-R6,L,lamina,130,130.12555989119355,-44.57012135892262,1.2452719751683394,derived topology (terminal positions); inferred global alignment
200775,R1-R6,L,lamina,386,54.08546885141368,55.749450091938016,5.090113689277852,derived topology (terminal positions); inferred global alignment
202862,R1-R6,L,lamina,272,98.2215527782847,-7.8152581927576374,5.355244936998264,derived topology (terminal positions); inferred global alignment
202937,R1-R6,L,lamina,363,71.23193545326083,-39.96321203205574,7.3935907098536315,derived topology (terminal positions); inferred global alignment
202995,R1-R6,L,lamina,272,101.64152825524603,-8.771545646343316,2.7802112386141857,derived topology (terminal positions); inferred global alignment
207106,R1-R6,L,lamina,7,138.4635022643328,2.0763618264323545,1.067438758019162,derived topology (terminal positions); inferred global alignment
208731,R1-R6,L,lamina,405,35.77625849984541,-136.92128824299078,61.01721252857015,derived topology (terminal positions); inferred global alignment
211022,R1-R6,L,lamina,267,105.18237936429871,45.304767766327096,2.8743986696608483,derived topology (terminal positions); inferred global alignment
211083,R1-R6,L,lamina,301,90.50069233153064,-15.049349934801196,2.519815945509927,derived topology (terminal positions); inferred global alignment
211562,R1-R6,L,lamina,587,-18.283830047760247,-70.72459678321869,22.09319083875482,derived topology (terminal positions); inferred global alignment
211579,R1-R6,L,lamina,389,54.98079203771319,19.902196855869065,7.9234919898748375,derived topology (terminal positions); inferred global alignment
213272,R1-R6,L,lamina,332,76.17142042302298,-39.525503143786,4.469633475495995,derived topology (terminal positions); inferred global alignment
214850,R1-R6,L,lamina,4,149.18736754692202,16.296356589186974,9.81319880687037,derived topology (terminal positions); inferred global alignment
222926,R1-R6,L,lamina,7,142.48256878929135,2.686828283767569,2.9987797602373503,derived topology (terminal positions); inferred global alignment
223188,R1-R6,L,lamina,298,88.82004782386196,32.22612000947259,5.22320043597858,derived topology (terminal positions); inferred global alignment
228773,R1-R6,L,lamina,705,-66.48845968758418,28.087898372644762,53.33774690686088,derived topology (terminal positions); inferred global alignment
229003,R1-R6,L,lamina,434,25.31449148703085,-99.34287381275092,25.673419958672515,derived topology (terminal positions); inferred global alignment
229092,R1-R6,L,lamina,434,31.38517793851723,-89.54884949242735,14.383223105301461,derived topology (terminal positions); inferred global alignment
229591,R1-R6,L,lamina,103,133.32105448615962,-16.31822341735648,1.4007983225468061,derived topology (terminal positions); inferred global alignment
232495,R1-R6,L,lamina,434,31.809351807578988,-85.16972753687598,10.095156146829819,derived topology (terminal positions); inferred global alignment
234193,R1-R6,L,lamina,434,39.66674869899694,-77.18400374758836,4.47538427484394,derived topology (terminal positions); inferred global alignment
236514,R1-R6,L,lamina,610,-20.09986323792667,53.74479505732119,14.73629043512798,derived topology (terminal positions); inferred global alignment
237998,R1-R6,L,lamina,247,110.57534551996054,-35.05293078941542,3.1479068292215873,derived topology (terminal positions); inferred global alignment
238201,R1-R6,L,lamina,275,104.34631116041709,-43.12155017755647,3.1760171256172973,derived topology (terminal positions); inferred global alignment
241409,R1-R6,L,lamina,360,55.39632539489346,0.31848558994293596,9.25407053174916,derived topology (terminal positions); inferred global alignment
252127,R1-R6,L,lamina,710,-75.47195408733096,11.323956116118184,62.28474860057289,derived topology (terminal positions); inferred global alignment
341642,R1-R6,L,lamina,540,-100.98200279272056,-183.47500062138772,159.96304740290142,derived topology (terminal positions); inferred global alignment
18979,R8d,L,medulla,181,124.75952045840336,61.79688124835442,2.7814814796381286,derived topology (terminal positions); inferred global alignment
151830568,R8_unclear,L,medulla,717,-114.45452816525507,-16.71320637772014,101.25982378048174,derived topology (terminal positions); inferred global alignment
48360,R8d,L,medulla,435,23.698904419697683,72.80553695686453,1.0786403724815565,derived topology (terminal positions); inferred global alignment
230819,R7d,L,medulla,436,25.185517478560833,70.99001430560196,1.2726963976495573,derived topology (terminal positions); inferred global alignment
170982,R7p,L,medulla,397,56.156180151871645,-41.61074488611566,22.89381941383324,derived topology (terminal positions); inferred global alignment
191685,R7y,L,medulla,364,63.070006120299944,-39.31269083326173,12.333213506775339,derived topology (terminal positions); inferred global alignment
218571,R8y,L,medulla,413,45.78164504330093,56.95483533478384,11.965292843816332,derived topology (terminal positions); inferred global alignment
296114,R8_unclear,L,medulla,708,-39.55306426041423,24.15345135340833,26.900541132582262,derived topology (terminal positions); inferred global alignment
222886,R8p,L,medulla,501,20.397269310552105,15.429432001075398,10.735927415563896,derived topology (terminal positions); inferred global alignment
217341,R7_unclear,L,medulla,79,130.22136231283923,3.0661684739841393,4.678623379437028,derived topology (terminal positions); inferred global alignment
564498,R8_unclear,L,medulla,79,133.39222723345176,2.275596820474995,1.6949966104109502,derived topology (terminal positions); inferred global alignment
93749,R7d,L,medulla,134,129.22299754641574,51.953323837647645,0.6845668260078265,derived topology (terminal positions); inferred global alignment
156494,R8d,L,medulla,134,127.47953161184427,53.41351852274045,1.6115658641112829,derived topology (terminal positions); inferred global alignment
228188,R7p,L,medulla,457,36.06111682448312,-49.47739394772076,19.047457159892218,derived topology (terminal positions); inferred global alignment
256432,R7p,L,medulla,455,32.31396982357644,-51.0622245439709,10.549027286468274,derived topology (terminal positions); inferred global alignment
382341,R7d,L,medulla,610,-21.119657649827005,62.31558294495512,20.58658457758971,derived topology (terminal positions); inferred global alignment
434494,R8d,L,medulla,567,-15.63548272498069,64.6995965774339,19.865151628085698,derived topology (terminal positions); inferred global alignment
274702,R7p,L,medulla,473,37.07839695657358,26.318911260738393,22.051345745257976,derived topology (terminal positions); inferred global alignment
944807,R7p,L,medulla,548,31.100665265897767,27.867184299352395,30.77375055918724,derived topology (terminal positions); inferred global alignment
230161,R7_unclear,L,medulla,366,64.6809638850558,-58.17897125716082,3.995659776378883,derived topology (terminal positions); inferred global alignment
195034,R8p,L,medulla,202,127.72634913663784,-61.70124910829502,6.394039045326577,derived topology (terminal positions); inferred global alignment
209737,R8_unclear,L,medulla,421,40.022066924027456,-13.535551717599011,4.8567212810832014,derived topology (terminal positions); inferred global alignment
252748,R7y,L,medulla,445,25.761772838302377,40.85513388578945,1.275473191935347,derived topology (terminal positions); inferred global alignment
940773,R8y,L,medulla,132,140.9936820086097,-57.75524840030937,11.805638758724053,derived topology (terminal positions); inferred global alignment
246572,R8_unclear,L,medulla,476,33.539172201480135,0.004046743804545283,17.480722047648293,derived topology (terminal positions); inferred global alignment
80568,R7d,L,medulla,235,111.87892369912097,61.45605727927847,0.8952721009139719,derived topology (terminal positions); inferred global alignment
281286,R7y,L,medulla,570,-4.100102321547695,38.74469948720537,1.9473178776247726,derived topology (terminal positions); inferred global alignment
213231,R8y,L,medulla,384,48.04533268792646,61.38803634886044,2.4089416269925525,derived topology (terminal positions); inferred global alignment
213947,R7y,L,medulla,253,108.38582996111964,-60.39936441266029,3.5781643431669243,derived topology (terminal positions); inferred global alignment
205628,R7y,L,medulla,344,72.20008507895473,-69.34617930477687,11.022437730460295,derived topology (terminal positions); inferred global alignment
253227,R7_unclear,L,medulla,470,22.054276023128764,48.572430375477914,7.090136945286141,derived topology (terminal positions); inferred global alignment
189380,R8y,L,medulla,66,152.48992259249974,-33.64116103529446,16.91011094376309,derived topology (terminal positions); inferred global alignment
285358,R8y,L,medulla,552,20.415809562522035,4.111873163902324,19.528898365931543,derived topology (terminal positions); inferred global alignment
241064,R7p,L,medulla,378,54.93104818771716,61.052442014976755,15.454197820909608,derived topology (terminal positions); inferred global alignment
209436,R8d,L,medulla,463,13.821835840748044,71.38010692675486,2.557263210527921,derived topology (terminal positions); inferred global alignment
227465,R7d,L,medulla,463,13.21354485069633,69.6874320649771,3.073140387415121,derived topology (terminal positions); inferred global alignment
197503,R8p,L,medulla,554,27.947803479637237,-9.777969543838928,27.192469974082606,derived topology (terminal positions); inferred global alignment
213780,R8p,L,medulla,418,40.82591097801033,28.13142526770843,5.499545933213577,derived topology (terminal positions); inferred global alignment
217974,R7_unclear,L,medulla,240,96.21790288470393,32.66898907894463,16.99269441670031,derived topology (terminal positions); inferred global alignment
952955,R7p,L,medulla,144,77.87752856471633,-2.990181212502581,51.08914178914891,derived topology (terminal positions); inferred global alignment
223939,R7p,L,medulla,415,39.66291067074819,48.805000970568436,7.189320412456705,derived topology (terminal positions); inferred global alignment
886175749,R7_unclear,L,medulla,609,-21.36920276642563,-63.67718440892741,20.60166575591701,derived topology (terminal positions); inferred global alignment
160966,R8_unclear,L,medulla,8,172.77424776654584,-4.555540549331914,33.353896756200186,derived topology (terminal positions); inferred global alignment
285645,R8y,L,medulla,677,-11.24564269129634,6.634391656457815,0.9167214727348094,derived topology (terminal positions); inferred global alignment
232609,R8y,L,medulla,474,59.04503760828522,15.321785019304178,43.75380902857819,derived topology (terminal positions); inferred global alignment
20428,R8_unclear,L,medulla,610,-27.247067549248683,65.16007445794845,27.014747032342246,derived topology (terminal positions); inferred global alignment
297034,R7d,L,medulla,569,-25.00721990292236,62.452876210912464,30.029646988953523,derived topology (terminal positions); inferred global alignment
285105,R8y,L,medulla,489,15.879579371403388,-72.8593904355605,2.4554795457427248,derived topology (terminal positions); inferred global alignment
179214,R7p,L,medulla,291,83.11959256894045,52.21898676273337,18.60943532999674,derived topology (terminal positions); inferred global alignment
214701,R7p,L,medulla,324,76.17022943919459,49.76014446001563,10.12495662472109,derived topology (terminal positions); inferred global alignment
190467,R8_unclear,L,medulla,214,90.77284518406299,25.429933881938624,27.819047937371476,derived topology (terminal positions); inferred global alignment
50306,R8d,L,medulla,112,140.48392772341475,50.602572858667834,9.55627743073354,derived topology (terminal positions); inferred global alignment
120585,R7d,L,medulla,90,136.40499946740613,49.422943275142806,3.9385522197530034,derived topology (terminal positions); inferred global alignment
178146,R8_unclear,L,medulla,199,117.54361016343412,-46.421998710045465,5.195774603415968,derived topology (terminal positions); inferred global alignment
187035,R8p,L,medulla,224,112.01444182734231,-48.24741844618852,5.852080542833823,derived topology (terminal positions); inferred global alignment
164290,R8p,L,medulla,183,120.19911507682633,54.53308536146647,2.2889186885265858,derived topology (terminal positions); inferred global alignment
243260,R8d,L,medulla,464,13.555612225677272,70.4241094341557,3.0108497420643285,derived topology (terminal positions); inferred global alignment
249597,R7d,L,medulla,464,14.059629993035323,68.2042149173391,2.2389436505488494,derived topology (terminal positions); inferred global alignment
248649,R8y,L,medulla,504,32.879085238920794,-16.15620230231931,23.21709383772743,derived topology (terminal positions); inferred global alignment
144537152,R7p,L,medulla,669,-38.153382391848325,-58.046619467592,33.61103136452566,derived topology (terminal positions); inferred global alignment
230791,R7_unclear,L,medulla,431,39.185396296608246,-66.86907372505885,6.416490439791688,derived topology (terminal positions); inferred global alignment
190095,R8y,L,medulla,324,73.62477743493173,41.79141707482305,18.481577646243736,derived topology (terminal positions); inferred global alignment
311820,R8_unclear,L,medulla,702,-12.879474760759848,-27.25092206235611,1.7303256669141307,derived topology (terminal positions); inferred global alignment
199857,R8y,L,medulla,336,66.23699922737964,-33.07345404431478,32.96883750229437,derived topology (terminal positions); inferred global alignment
367869,R8p,L,medulla,522,5.723303933119261,43.7343286455209,1.6350367877892744,derived topology (terminal positions); inferred global alignment
189982,R8p,L,medulla,140,117.78151389108868,22.521653172372595,12.178182674067891,derived topology (terminal positions); inferred global alignment
107589294,R8p,L,medulla,714,-115.72236803231068,-10.479978525857003,102.6020707665313,derived topology (terminal positions); inferred global alignment
179253,R8_unclear,L,medulla,302,70.92584261094419,-24.554859034809517,22.43773906275048,derived topology (terminal positions); inferred global alignment
136576,R7y,L,medulla,318,71.66671999431641,60.43569169535482,15.847997489768582,derived topology (terminal positions); inferred global alignment
230746,R7y,L,medulla,354,65.19640636072766,61.41908106276094,1.0731135863137176,derived topology (terminal positions); inferred global alignment
349344,R8y,L,medulla,465,13.921313247518121,69.17047535908831,2.9901474066685974,derived topology (terminal positions); inferred global alignment
258779,R7p,L,medulla,367,62.48425574766665,-53.065241286154865,12.782468060643822,derived topology (terminal positions); inferred global alignment
271522,R7_unclear,L,medulla,492,14.35134546120883,61.8930153131674,4.816514069699791,derived topology (terminal positions); inferred global alignment
213800,R8p,L,medulla,403,47.33962803235521,-73.54257175216219,2.636763929900831,derived topology (terminal positions); inferred global alignment
549993,R8_unclear,L,medulla,88,155.2275987510213,-47.06824022467452,21.48990536400316,derived topology (terminal positions); inferred global alignment
517961,R7_unclear,L,medulla,274,100.67459211904708,-30.800582081202357,2.8148078469938125,derived topology (terminal positions); inferred global alignment
213652,R8_unclear,L,medulla,257,107.05831495832837,-68.07345588379715,4.855817950462459,derived topology (terminal positions); inferred global alignment
193253,R7p,L,medulla,549,18.163517205002726,25.642659525654278,17.36655794289378,derived topology (terminal positions); inferred global alignment
226310,R8_unclear,L,medulla,196,117.23412369792314,-32.43270908137727,5.035311010373136,derived topology (terminal positions); inferred global alignment
192572,R8_unclear,L,medulla,153,139.92009363856818,-53.946683809595996,11.918706552270464,derived topology (terminal positions); inferred global alignment
226235,R8y,L,medulla,399,56.57275026098252,-50.89536408802204,19.629187844720626,derived topology (terminal positions); inferred global alignment
361956,R8p,L,medulla,543,-4.08893337807929,57.829265312403436,5.952754756706519,derived topology (terminal positions); inferred global alignment
113034,R7p,L,medulla,121,115.68478708862582,3.526846253119785,15.572314569244933,derived topology (terminal positions); inferred global alignment
564200,R8p,L,medulla,386,49.8013154168252,49.2411718067254,5.144528350255374,derived topology (terminal positions); inferred global alignment
114920257,R8y,L,medulla,713,-19.679810513958955,-2.7978393970225466,6.520547337508538,derived topology (terminal positions); inferred global alignment
201499,R8_unclear,L,medulla,371,66.30044587521813,-70.64737363533332,3.74805374477712,derived topology (terminal positions); inferred global alignment
186734,R7y,L,medulla,14,144.94746836554094,-26.7196005439558,5.507507531181404,derived topology (terminal positions); inferred global alignment
163982,R7p,L,medulla,199,121.97581329061086,-49.48951815720588,0.9645159984315441,derived topology (terminal positions); inferred global alignment
294150,R8y,L,medulla,473,22.068738871886985,33.26585529641166,5.93491304946781,derived topology (terminal positions); inferred global alignment
218213,R7p,L,medulla,305,89.34494643825795,-49.42852745691407,5.739344154772798,derived topology (terminal positions); inferred global alignment
327688,R8p,L,medulla,536,7.84281166365006,-51.22406926404788,3.615234950688985,derived topology (terminal positions); inferred global alignment
940723,R7y,L,medulla,649,-9.768200279282581,-41.552189522723786,1.703327878665151,derived topology (terminal positions); inferred global alignment
240922,R8p,L,medulla,453,38.42497345293424,-44.66875362479502,14.332764946882808,derived topology (terminal positions); inferred global alignment
552028,R7p,L,medulla,414,47.38327344346614,46.852917607163825,17.275908295708774,derived topology (terminal positions); inferred global alignment
192547,R7y,L,medulla,289,68.27432164219168,33.90919072266184,45.13111920000706,derived topology (terminal positions); inferred global alignment
551510,R7_unclear,L,medulla,40,138.56798703420134,5.986806079507106,1.789663264403392,derived topology (terminal positions); inferred global alignment
262418,R8y,L,medulla,377,51.83959061572869,73.558597496841,3.919016873478409,derived topology (terminal positions); inferred global alignment
536955,R8p,L,medulla,200,118.26807511774254,-51.92441998301257,4.031086135389101,derived topology (terminal positions); inferred global alignment
203454,R7p,L,medulla,249,81.31755950869439,-31.045684269376764,33.822740366861204,derived topology (terminal positions); inferred global alignment
220834,R7_unclear,L,medulla,362,66.29068167205973,-23.711861764026587,8.448880667901339,derived topology (terminal positions); inferred global alignment
193090,R7y,L,medulla,46,153.21048042179729,-21.003884494541634,15.659899111192539,derived topology (terminal positions); inferred global alignment
187977,R8y,L,medulla,225,90.0189192436069,-38.58700319686725,31.612751638023852,derived topology (terminal positions); inferred global alignment
228115,R7y,L,medulla,500,36.82271848164541,20.451165578155514,27.61569350222412,derived topology (terminal positions); inferred global alignment
172906,R8p,L,medulla,123,124.64774554030078,-9.967145696787398,6.620421979127441,derived topology (terminal positions); inferred global alignment
495862,R7y,L,medulla,689,-42.63280626797764,45.15748657963495,34.23264346027505,derived topology (terminal positions); inferred global alignment
185194,R8p,L,medulla,305,83.4515288919086,-47.661444903697834,11.409260939063655,derived topology (terminal positions); inferred global alignment
241133,R8y,L,medulla,165,99.97369029292895,16.123274055720984,26.241769979121738,derived topology (terminal positions); inferred global alignment
230369,R8y,L,medulla,323,62.75185869961638,33.65141542034415,34.14077877818965,derived topology (terminal positions); inferred global alignment
940825,R7_unclear,L,medulla,334,76.29297157230471,-41.517096269631175,12.698556657126424,derived topology (terminal positions); inferred global alignment
215610,R8y,L,medulla,255,106.12023851773702,-65.69420441204977,5.497220958929854,derived topology (terminal positions); inferred global alignment
248617,R7_unclear,L,medulla,403,55.74228970050963,-54.879547382168944,21.591861186337965,derived topology (terminal positions); inferred global alignment
194082,R8p,L,medulla,154,134.74734360409002,-56.184931591524254,6.976048276618385,derived topology (terminal positions); inferred global alignment
250138,R7_unclear,L,medulla,278,102.10088365262555,-54.70383999069783,3.0841759969279505,derived topology (terminal positions); inferred global alignment
248699,R8y,L,medulla,363,65.19726402259873,-41.894548216044804,1.5049667271117424,derived topology (terminal positions); inferred global alignment
211308,R7_unclear,L,medulla,374,69.47727012757869,-68.4076620328876,10.126198422653385,derived topology (terminal positions); inferred global alignment
224514,R8y,L,medulla,452,40.09066739440284,-36.7470777344923,16.117597685799915,derived topology (terminal positions); inferred global alignment
166739,R7d,L,medulla,232,105.86226365729806,64.78827693573403,6.5930260033342085,derived topology (terminal positions); inferred global alignment
175437,R8d,L,medulla,232,104.90714165666782,66.61183067725209,6.708039331464875,derived topology (terminal positions); inferred global alignment
16681,R8d,L,medulla,379,49.04082917045275,73.56118970908628,0.6797170039048379,derived topology (terminal positions); inferred global alignment
198216,R7d,L,medulla,376,53.21788877553477,71.71304043534613,6.883664309989036,derived topology (terminal positions); inferred global alignment
199725,R7y,L,medulla,479,54.414556574839324,-20.308310481335667,40.29336256831273,derived topology (terminal positions); inferred global alignment
193391,R8y,L,medulla,250,109.36892109358557,-50.45341994333595,2.37765765550011,derived topology (terminal positions); inferred global alignment
163471,R7y,L,medulla,565,-14.477903403797654,60.9048063408907,13.429759861489535,derived topology (terminal positions); inferred global alignment
157975,R7d,L,medulla,465,20.092423850725446,68.19194477665721,4.019016631455523,derived topology (terminal positions); inferred global alignment
326968,R8y,L,medulla,530,12.626735375688241,-16.84334534709512,8.009832151404533,derived topology (terminal positions); inferred global alignment
201197,R7y,L,medulla,363,63.14035770381612,-32.154426986689295,11.232168301307265,derived topology (terminal positions); inferred global alignment
201768,R7y,L,medulla,401,60.53169698618289,-34.10680932053777,40.34196791229906,derived topology (terminal positions); inferred global alignment
226251,R8y,L,medulla,308,81.50168238191928,-54.312182848013975,16.104401121568483,derived topology (terminal positions); inferred global alignment
109759,R7p,L,medulla,216,113.85991541537481,15.041579901844703,3.7545981636848555,derived topology (terminal positions); inferred global alignment
273705,R7y,L,medulla,252,108.25174152513824,-57.306454203777534,3.782878741754822,derived topology (terminal positions); inferred global alignment
209073,R7p,L,medulla,41,144.2216172830707,2.987811202977533,6.699892696465145,derived topology (terminal positions); inferred global alignment
399751849,R8_unclear,L,medulla,609,-12.245799335123124,-58.32701573515941,10.134444957740294,derived topology (terminal positions); inferred global alignment
207543,R8y,L,medulla,215,98.98232688689772,23.27102720621542,18.631541979761156,derived topology (terminal positions); inferred global alignment
197602,R8y,L,medulla,290,82.03777275652675,57.729369882687855,16.44011988519502,derived topology (terminal positions); inferred global alignment
109191385,R8_unclear,L,medulla,509,12.963315036064074,-48.01722860733766,4.327700459206647,derived topology (terminal positions); inferred global alignment
979067112,R8_unclear,L,medulla,719,-99.35593341584512,-37.47780625542788,86.89849445367062,derived topology (terminal positions); inferred global alignment
276191,R8y,L,medulla,402,55.086455077781146,-69.79536276389395,7.440046854302434,derived topology (terminal positions); inferred global alignment
125711602,R8y,L,medulla,518,-6.1689095859403835,67.68015128612186,13.967623577283717,derived topology (terminal positions); inferred global alignment
175941,R7y,L,medulla,304,89.08804676505403,-43.233660269848414,5.8124617867064545,derived topology (terminal positions); inferred global alignment
940947,R8y,L,medulla,712,-93.72135262914581,-1.6116981680037363,80.62093774489429,derived topology (terminal positions); inferred global alignment
241537,R8y,L,medulla,520,-13.340915892174365,65.95610777136534,22.1968320149683,derived topology (terminal positions); inferred global alignment
223268,R7p,L,medulla,425,51.793871338994286,-36.69377215510757,24.116670550906463,derived topology (terminal positions); inferred global alignment
150748,R7p,L,medulla,119,77.58763499063464,8.37784747704837,54.28968705412486,derived topology (terminal positions); inferred global alignment
940816,R8y,L,medulla,300,73.77192276537602,0.6924870376088527,19.24189894543617,derived topology (terminal positions); inferred global alignment
546284,R8_unclear,L,medulla,151,120.6437028542346,-39.34850614485748,8.723184216602034,derived topology (terminal positions); inferred global alignment
15625,R8y,L,medulla,233,110.2416971800127,66.67818943689038,1.1421948011799918,derived topology (terminal positions); inferred global alignment
214271,R7y,L,medulla,418,46.816596731751,28.936738004821684,11.291822968729802,derived topology (terminal positions); inferred global alignment
276532,R7p,L,medulla,596,19.84318268097043,13.657899705194403,24.725782124745777,derived topology (terminal positions); inferred global alignment
929757,R8y,L,medulla,34,145.20752937043062,34.5020513916904,7.929054264115191,derived topology (terminal positions); inferred global alignment
940924,R8p,L,medulla,415,42.125430515288656,51.45800652551019,7.360910021271002,derived topology (terminal positions); inferred global alignment
529972,R7p,L,medulla,393,53.64108098642612,-29.16912880487096,9.32826539325024,derived topology (terminal positions); inferred global alignment
35426,R8y,L,medulla,382,49.95534153518729,65.94818978971153,3.253752216458058,derived topology (terminal positions); inferred global alignment
314582,R7y,L,medulla,523,22.098166529734925,36.43210801585979,17.655852133507942,derived topology (terminal positions); inferred global alignment
941799,R7_unclear,L,medulla,525,30.12526584344787,23.2091598929493,25.594625798878795,derived topology (terminal positions); inferred global alignment
344037,R8d,L,medulla,517,-1.380137681872597,69.80584816365885,10.44534420371638,derived topology (terminal positions); inferred global alignment
233868,R8d,L,medulla,317,77.8128305874035,70.9058682575209,4.762303117550496,derived topology (terminal positions); inferred global alignment
587543,R8y,L,medulla,478,16.843405127235002,-22.49203866197702,1.0001821276794813,derived topology (terminal positions); inferred global alignment
131092,R7_unclear,L,medulla,209,116.29382589473397,57.18112380995285,1.229664102201843,derived topology (terminal positions); inferred global alignment
243510,R7p,L,medulla,454,38.022679480201205,-42.28215175709267,17.69642717298204,derived topology (terminal positions); inferred global alignment
926391,R7d,L,medulla,315,73.8285169196455,69.2481304241408,9.930423378005754,derived topology (terminal positions); inferred global alignment
209559,R7_unclear,L,medulla,147,124.72951175101292,-20.71681009187616,4.165630853620569,derived topology (terminal positions); inferred global alignment
212652,R7_unclear,L,medulla,450,50.14758376349735,-15.198934387460767,26.120383179129014,derived topology (terminal positions); inferred global alignment
327374,R7p,L,medulla,404,51.409241281395396,-69.38370337291416,7.464687912819629,derived topology (terminal positions); inferred global alignment
226503,R8_unclear,L,medulla,411,40.41864121193187,67.21015568423641,5.045585701622162,derived topology (terminal positions); inferred global alignment
146572401,R8_unclear,L,medulla,586,-14.788716314707003,-67.14418849481002,18.967232903981294,derived topology (terminal positions); inferred global alignment
27224,R8_unclear,L,medulla,689,-51.38736578668207,55.86748415388213,47.24780530421944,derived topology (terminal positions); inferred global alignment
20107,R7p,L,medulla,102,129.11150145558835,-11.741470805178558,4.144796011239148,derived topology (terminal positions); inferred global alignment
902183,R7y,L,medulla,595,-1.2845748805560362,22.873283459635587,3.3745946691216875,derived topology (terminal positions); inferred global alignment
517139,R8y,L,medulla,245,88.92216548971365,-9.54075224714186,22.625310985181613,derived topology (terminal positions); inferred global alignment
186017,R8d,L,medulla,346,59.48803307910349,71.64414414762801,7.632979844918409,derived topology (terminal positions); inferred global alignment
287874,R7y,L,medulla,484,20.3337934127417,-56.61042280108317,5.410405555654579,derived topology (terminal positions); inferred global alignment
929394,R8_unclear,L,medulla,16,140.12424976437973,31.778457154232093,1.7079222401658287,derived topology (terminal positions); inferred global alignment
255164,R7p,L,medulla,178,132.45892361987524,-56.96993126295921,6.492426276845903,derived topology (terminal positions); inferred global alignment
38099,R8_unclear,L,medulla,347,61.55890589238777,72.5065177143543,4.8933433197784515,derived topology (terminal positions); inferred global alignment
180392,R7d,L,medulla,208,116.15619384992938,59.212612624106335,1.7263927599931768,derived topology (terminal positions); inferred global alignment
263316,R8y,L,medulla,496,25.32075356529021,44.60803814761205,16.846524158075315,derived topology (terminal positions); inferred global alignment
149000,R7y,L,medulla,160,83.69897987250806,29.460530949390773,45.84921160304074,derived topology (terminal positions); inferred global alignment
479913,R7p,L,medulla,588,-16.943023577189265,59.88436154036629,14.814588157701513,derived topology (terminal positions); inferred global alignment
901416,R7_unclear,L,medulla,43,155.0225886678488,-6.105872378845111,17.51450266760111,derived topology (terminal positions); inferred global alignment
550441,R7p,L,medulla,224,111.98051218650711,-45.44806547835588,7.255322679186342,derived topology (terminal positions); inferred global alignment
552251,R8d,L,medulla,71,144.7554089980515,42.963567431079504,10.278898326052417,derived topology (terminal positions); inferred global alignment
195479,R7p,L,medulla,200,122.77820805710162,-52.85252657905719,0.7098333294118662,derived topology (terminal positions); inferred global alignment
240453,R7y,L,medulla,377,53.93290260324406,64.16905354808381,13.166075562478488,derived topology (terminal positions); inferred global alignment
249575,R7_unclear,L,medulla,429,43.23473276728876,-52.941926641700285,17.309673561338048,derived topology (terminal positions); inferred global alignment
189584,R7_unclear,L,medulla,288,74.09443158769821,44.26178132398853,34.47526762601522,derived topology (terminal positions); inferred global alignment
102892315,R7y,L,medulla,671,-30.264622108300046,48.31878992462486,24.517508279570205,derived topology (terminal positions); inferred global alignment
212813,R8p,L,medulla,238,103.70685720824689,45.2176337647011,10.090623804303567,derived topology (terminal positions); inferred global alignment
204411,R7_unclear,L,medulla,132,138.52181404524856,-54.72320734763025,8.113914436545725,derived topology (terminal positions); inferred global alignment
939901,R8_unclear,L,medulla,703,-60.3738343045399,-42.88601847250059,49.99766093641058,derived topology (terminal positions); inferred global alignment
133878,R7p,L,medulla,238,98.77561202285436,42.837822651125904,15.45321098441868,derived topology (terminal positions); inferred global alignment
145705,R7y,L,medulla,170,98.5831440227542,-17.58508841645011,27.43692947375161,derived topology (terminal positions); inferred global alignment
199480,R8p,L,medulla,33,145.9510409428441,37.23535704678351,8.548756900565964,derived topology (terminal positions); inferred global alignment
190616,R8y,L,medulla,160,127.11668454905723,47.82938408327849,1.3044252226695467,derived topology (terminal positions); inferred global alignment
105398229,R8p,L,medulla,630,-14.555878740069119,-53.89280550444729,10.068966478638098,derived topology (terminal positions); inferred global alignment
229266,R8y,L,medulla,527,20.191284417878975,10.1286404487004,15.445494086764699,derived topology (terminal positions); inferred global alignment
930274,R7_unclear,L,medulla,190,85.26646680674747,11.711998158867555,37.525204270357634,derived topology (terminal positions); inferred global alignment
219581,R8_unclear,L,medulla,334,71.5791270059271,-38.43449406443724,17.37355382151214,derived topology (terminal positions); inferred global alignment
206226,R8y,L,medulla,326,72.54899066050213,36.623546926942694,12.678221248182144,derived topology (terminal positions); inferred global alignment
205557,R7y,L,medulla,188,95.6063500052978,26.392552317502066,27.454081998698392,derived topology (terminal positions); inferred global alignment
533743,R8_unclear,L,medulla,430,45.166938505664504,-61.523546493682446,13.173958554890419,derived topology (terminal positions); inferred global alignment
146970722,R8y,L,medulla,564,-8.458635571227745,-65.92043754286217,11.27062909007303,derived topology (terminal positions); inferred global alignment
202873,R7d,L,medulla,407,38.50384398214884,70.0661841443031,5.467958771246792,derived topology (terminal positions); inferred global alignment
202543,R7y,L,medulla,143,103.0033809146802,6.166021434956088,25.89100613012921,derived topology (terminal positions); inferred global alignment
172017212,R7_unclear,L,medulla,586,-2.13354213749939,-52.75495148321567,0.19673254999078477,derived topology (terminal positions); inferred global alignment
902833,R8p,L,medulla,219,93.16837185744086,-15.35163900181752,24.381442599538442,derived topology (terminal positions); inferred global alignment
204945,R7y,L,medulla,265,92.143155196401,44.37932682424405,17.395572243274085,derived topology (terminal positions); inferred global alignment
210576,R7y,L,medulla,420,49.64307622605857,-0.639871324148932,14.128242015266592,derived topology (terminal positions); inferred global alignment
230035,R7y,L,medulla,487,17.557625585942,-66.61117861784211,1.6252050003725134,derived topology (terminal positions); inferred global alignment
200620,R8y,L,medulla,240,80.78171484934597,28.150026727984333,32.942912659994896,derived topology (terminal positions); inferred global alignment
155515,R7d,L,medulla,182,120.58471592427341,59.20450683742439,1.7508860871583396,derived topology (terminal positions); inferred global alignment
156306,R8p,L,medulla,169,117.76640076088856,-12.848262569145655,8.188228340738283,derived topology (terminal positions); inferred global alignment
251029,R8_unclear,L,medulla,314,86.92789673750893,-71.38312496181842,7.379347329402904,derived topology (terminal positions); inferred global alignment
225507,R8y,L,medulla,266,95.52894018224478,47.5148370234316,9.723143629855814,derived topology (terminal positions); inferred global alignment
199879,R8_unclear,L,medulla,404,56.63254798429055,-71.69918586111781,8.917302646020364,derived topology (terminal positions); inferred global alignment
424522,R8p,L,medulla,568,-12.374312250558148,54.87461632238889,13.045114670585155,derived topology (terminal positions); inferred global alignment
239492,R8_unclear,L,medulla,368,67.38863785582552,-59.34457918024722,9.493516692658963,derived topology (terminal positions); inferred global alignment
211412,R7y,L,medulla,432,39.54747348914198,-68.58447924621814,6.39015819302874,derived topology (terminal positions); inferred global alignment
153617321,R8y,L,medulla,634,-40.0134503898353,57.19756268115002,39.62148845798994,derived topology (terminal positions); inferred global alignment
411418,R7y,L,medulla,705,-21.38238537227521,33.2309149229439,8.996735531963845,derived topology (terminal positions); inferred global alignment
445737,R8y,L,medulla,494,6.691123494787227,60.57515914475579,3.87594199427705,derived topology (terminal positions); inferred global alignment
217399,R7_unclear,L,medulla,480,35.60113849276162,-29.762269008458674,22.388691046596787,derived topology (terminal positions); inferred global alignment
953790,R7_unclear,L,medulla,251,101.82704869202024,-50.21651281084816,11.150521682386582,derived topology (terminal positions); inferred global alignment
136538,R7y,L,medulla,196,95.61609920444585,-26.361013953266905,27.416834041146114,derived topology (terminal positions); inferred global alignment
158643,R7_unclear,L,medulla,270,77.9018981966049,14.635435956074101,26.16108204300779,derived topology (terminal positions); inferred global alignment
214991,R8y,L,medulla,17,156.1144061665691,28.32598108762692,17.56849188798737,derived topology (terminal positions); inferred global alignment
204478,R7d,L,medulla,380,48.353533130266364,70.00294993097765,2.9396954002832096,derived topology (terminal positions); inferred global alignment
257495,R8y,L,medulla,709,-17.476801539117986,15.846114734870392,4.394596282378153,derived topology (terminal positions); inferred global alignment
561132,R7_unclear,L,medulla,7,156.86895628865278,0.18737802469224119,17.4823136524169,derived topology (terminal positions); inferred global alignment
269731,R7_unclear,L,medulla,355,66.88299058125243,46.79421112674047,11.281001829996233,derived topology (terminal positions); inferred global alignment
199223,R8y,L,medulla,31,146.6765215502669,-29.34758580635936,8.075133714061993,derived topology (terminal positions); inferred global alignment
214617,R8_unclear,L,medulla,450,53.757968641590935,-15.867248980434752,29.566226128647074,derived topology (terminal positions); inferred global alignment
264894,R7y,L,medulla,467,23.233679188868457,62.58808602230759,7.0614914975737,derived topology (terminal positions); inferred global alignment
241789,R7d,L,medulla,435,29.243782090888374,69.5772384964025,5.98166913328908,derived topology (terminal positions); inferred global alignment
107606481,R7_unclear,L,medulla,673,-39.60385816915132,40.774121094224746,32.301947907118524,derived topology (terminal positions); inferred global alignment
119561,R7y,L,medulla,294,84.1675896855063,47.809425118382165,14.117970221746544,derived topology (terminal positions); inferred global alignment
369772,R7p,L,medulla,536,7.462312152661141,-49.97662025739789,4.1007648858955985,derived topology (terminal positions); inferred global alignment
116059,R7_unclear,L,medulla,135,128.7804389561402,49.03141542418483,0.5271514085904833,derived topology (terminal positions); inferred global alignment
185621,R8_unclear,L,medulla,254,112.29296341302938,-63.65349352825755,1.1761888695445284,derived topology (terminal positions); inferred global alignment
299044,R7y,L,medulla,446,38.06409938037659,30.61918148251073,13.588331280967445,derived topology (terminal positions); inferred global alignment
997019444,R7p,L,medulla,650,-24.237767963245005,-54.75650493143166,19.291502657934164,derived topology (terminal positions); inferred global alignment
561131,R8_unclear,L,medulla,7,156.22879449498055,-0.5398296794519196,16.952470119330464,derived topology (terminal positions); inferred global alignment
343992,R8y,L,medulla,455,26.12248766917285,-57.3702058690793,1.809653415431667,derived topology (terminal positions); inferred global alignment
132253,R7p,L,medulla,49,150.2030132197076,-35.659644904269115,13.046820834995174,derived topology (terminal positions); inferred global alignment
91636,R7_unclear,L,medulla,346,58.22399799360942,67.95123700226002,11.31842840939024,derived topology (terminal positions); inferred global alignment
135017,R7y,L,medulla,267,101.72715679332512,47.171765009476516,1.7580217970987926,derived topology (terminal positions); inferred global alignment
570921,R8d,L,medulla,653,-46.24383987407238,58.15352722933203,44.16175937665932,derived topology (terminal positions); inferred global alignment
224148,R7p,L,medulla,244,88.36318857844512,-1.395541147563495,23.12439964482842,derived topology (terminal positions); inferred global alignment
325020,R8_unclear,L,medulla,595,20.575086574036753,21.192267935603407,25.29632721565863,derived topology (terminal positions); inferred global alignment
171475,R7y,L,medulla,328,76.4754408221193,26.0409617126122,3.542296666291135,derived topology (terminal positions); inferred global alignment
182960,R8p,L,medulla,216,80.67528186827867,9.945868544043815,37.321830809217694,derived topology (terminal positions); inferred global alignment
902881,R7d,L,medulla,516,-1.736356950962886,66.86207243673934,7.398301705711504,derived topology (terminal positions); inferred global alignment
209150,R8_unclear,L,medulla,419,40.70501358915388,15.807214196806587,5.210696013261258,derived topology (terminal positions); inferred global alignment
187844,R7y,L,medulla,356,60.30024731098241,30.996303885061742,21.326629830138334,derived topology (terminal positions); inferred global alignment
901366,R8_unclear,L,medulla,1,159.5109483819736,26.036099786571373,20.02197192156888,derived topology (terminal positions); inferred global alignment
119447215,R7y,L,medulla,708,-80.58748565977591,34.268109440282565,69.14811559372906,derived topology (terminal positions); inferred global alignment
181547,R8p,L,medulla,130,147.6658489036706,-52.03873903213316,17.82318171203527,derived topology (terminal positions); inferred global alignment
552497,R7p,L,medulla,320,74.82980100609704,64.75827944221928,7.905306462075065,derived topology (terminal positions); inferred global alignment
249265,R8_unclear,L,medulla,428,43.33773716680602,-56.30820178744887,12.48378457783113,derived topology (terminal positions); inferred global alignment
327707,R8p,L,medulla,481,20.147711674436266,-45.01647164639703,4.573410350273174,derived topology (terminal positions); inferred global alignment
941001,R8p,L,medulla,309,84.48209512078047,-58.256136067001854,12.965729653161304,derived topology (terminal positions); inferred global alignment
303930,R7p,L,medulla,517,3.3643148897080124,62.10355428642655,1.617674960635284,derived topology (terminal positions); inferred global alignment
66114,R8d,L,medulla,0,151.4929390617416,29.54364286484815,12.011476858165485,derived topology (terminal positions); inferred global alignment
135310853,R8p,L,medulla,654,-16.224035153726717,33.45971776888351,7.628531165754382,derived topology (terminal positions); inferred global alignment
197732,R7p,L,medulla,204,121.61844233812926,-62.48214773660459,0.765898525580192,derived topology (terminal positions); inferred global alignment
238466,R8_unclear,L,medulla,159,123.78432260873521,50.23761566311998,2.2103388739572742,derived topology (terminal positions); inferred global alignment
375903649,R8y,L,medulla,550,48.96890187381977,13.128106142544215,48.638371278041085,derived topology (terminal positions); inferred global alignment
205753,R7y,L,medulla,189,97.68953733572013,24.270851485090486,24.60406909447074,derived topology (terminal positions); inferred global alignment
547666,R7y,L,medulla,311,88.11412791712895,-59.869128626468786,12.814934451174084,derived topology (terminal positions); inferred global alignment
204215,R7y,L,medulla,12,158.01707579229702,-18.464672902047226,18.491407819035615,derived topology (terminal positions); inferred global alignment
210748,R8y,L,medulla,109,144.33088680772326,-50.23990098323948,12.70079453908293,derived topology (terminal positions); inferred global alignment
198852,R8_unclear,L,medulla,329,71.54096279370856,6.6653219439509845,8.716567519160593,derived topology (terminal positions); inferred global alignment
223079,R7y,L,medulla,576,39.65569869431094,2.879605798465377,41.924117282927455,derived topology (terminal positions); inferred global alignment
266401,R8p,L,medulla,534,13.90804971874367,-39.80403154755085,10.483997879543562,derived topology (terminal positions); inferred global alignment
251450,R8_unclear,L,medulla,480,35.994687111225204,-30.697654259078128,22.298747260090536,derived topology (terminal positions); inferred global alignment
171954,R7y,L,medulla,149,124.75633142369561,-33.74056047664593,4.213958491369789,derived topology (terminal positions); inferred global alignment
551553,R7p,L,medulla,353,61.34764154064984,54.230478298283906,11.979596627749658,derived topology (terminal positions); inferred global alignment
940974,R7p,L,medulla,704,-51.56773239116758,-49.9533700414023,42.935734259894694,derived topology (terminal positions); inferred global alignment
126121965,R7p,L,medulla,510,10.190142837648338,-54.53508920101058,0.5915136243846828,derived topology (terminal positions); inferred global alignment
227168,R8p,L,medulla,391,59.13712396012944,-6.23449782634395,10.17140838741715,derived topology (terminal positions); inferred global alignment
940981,R8y,L,medulla,691,-82.91587295807328,37.281279109364526,72.32155361442786,derived topology (terminal positions); inferred global alignment
271892,R8_unclear,L,medulla,410,32.92357885641914,70.1193749473788,2.633914195356324,derived topology (terminal positions); inferred global alignment
267881,R7p,L,medulla,279,82.44737028183715,-38.67877118918158,30.74861727802611,derived topology (terminal positions); inferred global alignment
117405,R7y,L,medulla,97,124.26680386495588,17.457252545680483,8.975719717989808,derived topology (terminal positions); inferred global alignment
218638,R7y,L,medulla,117,129.23718986218103,26.959992226599528,2.302687936592219,derived topology (terminal positions); inferred global alignment
218542,R8y,L,medulla,392,58.25733908558455,-21.2822942639146,9.645160022994183,derived topology (terminal positions); inferred global alignment
197435,R8y,L,medulla,141,109.02644950746037,19.31028705488928,19.934451403469588,derived topology (terminal positions); inferred global alignment
931023,R8_unclear,L,medulla,451,43.61388405198331,-28.01246626410843,19.42288216923388,derived topology (terminal positions); inferred global alignment
211213,R7y,L,medulla,339,76.43948563713828,-59.17306143885204,12.198309209984135,derived topology (terminal positions); inferred global alignment
176577,R7p,L,medulla,400,61.88474244117991,-25.906497471556772,46.98233214475671,derived topology (terminal positions); inferred global alignment
47841,R7_unclear,L,medulla,268,97.65568709205658,38.30859417524784,6.171428741487826,derived topology (terminal positions); inferred global alignment
209812,R7y,L,medulla,394,51.63939358007177,-44.468351014983206,3.5294096113963334,derived topology (terminal positions); inferred global alignment
910541605,R8p,L,medulla,556,10.425678830945024,-26.09052287568797,9.62856442715956,derived topology (terminal positions); inferred global alignment
115351,R7y,L,medulla,191,113.22375447767689,8.489188057305748,9.062824860152723,derived topology (terminal positions); inferred global alignment
205730,R7y,L,medulla,51,137.88128651652247,38.98877903292456,1.6737928192607625,derived topology (terminal positions); inferred global alignment
270064,R7y,L,medulla,697,-14.132940242542361,-4.487458432250322,1.8788541824052236,derived topology (terminal positions); inferred global alignment
184838,R8y,L,medulla,217,81.19008730430336,3.43061481165509,36.40893965581585,derived topology (terminal positions); inferred global alignment
350172,R8y,L,medulla,628,-11.257806490037495,-43.507313564220446,5.0912851429777275,derived topology (terminal positions); inferred global alignment
287954,R8p,L,medulla,440,33.519938612046225,53.981521269626676,13.934966978083661,derived topology (terminal positions); inferred global alignment
200777,R8_unclear,L,medulla,579,25.045351412158446,-18.93529700385994,27.36701362388487,derived topology (terminal positions); inferred global alignment
83146,R7d,L,medulla,351,65.25706875218555,68.09378954750541,2.6810823780653013,derived topology (terminal positions); inferred global alignment
205148,R7_unclear,L,medulla,5,147.66647834352872,8.849519409066724,8.360053046652293,derived topology (terminal positions); inferred global alignment
244691,R8y,L,medulla,295,87.1446076733804,49.733256871963285,7.279715403384389,derived topology (terminal positions); inferred global alignment
218577,R8p,L,medulla,265,97.24359282503664,51.91920578615795,8.41157438972284,derived topology (terminal positions); inferred global alignment
927272,R8y,L,medulla,433,37.75302792572711,-73.36234601682678,2.6922103182917487,derived topology (terminal positions); inferred global alignment
237546,R8_unclear,L,medulla,367,62.49228110762897,-61.506124613164786,4.656498495263998,derived topology (terminal positions); inferred global alignment
125026495,R8_unclear,L,medulla,690,-39.81485096663057,40.48113924893697,31.2335076933356,derived topology (terminal positions); inferred global alignment
192516,R8y,L,medulla,186,88.8406004425365,31.21887351869201,35.85770663277718,derived topology (terminal positions); inferred global alignment
270048,R7_unclear,L,medulla,526,27.206896277615172,16.947843924386493,22.51803736274553,derived topology (terminal positions); inferred global alignment
322574,R8y,L,medulla,483,19.705967939586095,-52.92909441244699,5.081726315150084,derived topology (terminal positions); inferred global alignment
238882,R8y,L,medulla,557,25.864536459649436,-27.381777005698623,25.75122363305735,derived topology (terminal positions); inferred global alignment
378488,R8_unclear,L,medulla,544,1.9678585604098373,51.513572658173004,1.0329891589463107,derived topology (terminal positions); inferred global alignment
520718,R8y,L,medulla,107,136.9289209940655,-38.995855078291655,4.232048842848541,derived topology (terminal positions); inferred global alignment
186807,R7p,L,medulla,174,92.94345006722416,-33.04151369664176,34.52513930824564,derived topology (terminal positions); inferred global alignment
561699,R8_unclear,L,medulla,278,102.52431542671056,-57.332856261220506,1.0142762861300019,derived topology (terminal positions); inferred global alignment
560623,R8y,L,medulla,54,136.13615343995605,29.05743418921613,0.2798631733171207,derived topology (terminal positions); inferred global alignment
223467,R8p,L,medulla,505,46.87941674695915,-18.835227235495722,37.74925393452876,derived topology (terminal positions); inferred global alignment
196418,R8_unclear,L,medulla,328,71.8695088485834,25.35876543345814,7.997008953239887,derived topology (terminal positions); inferred global alignment
176210,R7p,L,medulla,171,110.62871665339712,-26.133344883093805,15.316692263542299,derived topology (terminal positions); inferred global alignment
155165,R7p,L,medulla,210,114.71245206621936,52.310858190041294,3.367777761489626,derived topology (terminal positions); inferred global alignment
178296437,R7y,L,medulla,561,1.3464299333034901,-49.788211088350906,1.7394316847736446,derived topology (terminal positions); inferred global alignment
568213,R7p,L,medulla,45,155.02922137279933,-15.904426027461152,17.492771864245245,derived topology (terminal positions); inferred global alignment
167204,R8p,L,medulla,210,115.71605527685466,51.919891123993125,2.902087127265762,derived topology (terminal positions); inferred global alignment
929803,R8p,L,medulla,92,134.27113389055273,40.27452497032317,1.1703311222398398,derived topology (terminal positions); inferred global alignment
263136,R7_unclear,L,medulla,472,30.548685992805133,34.28568222290835,15.940664672675933,derived topology (terminal positions); inferred global alignment
100636,R7d,L,medulla,319,76.90256770262573,68.60409249780594,4.938888495802743,derived topology (terminal positions); inferred global alignment
207849,R7p,L,medulla,103,132.58593604414966,-17.457700362460884,0.7151170828831909,derived topology (terminal positions); inferred global alignment
219132,R8y,L,medulla,601,19.151673949684508,-13.086223467442855,24.097417368901404,derived topology (terminal positions); inferred global alignment
343521,R8y,L,medulla,551,9.241340701171104,12.366095896947924,8.356918180603493,derived topology (terminal positions); inferred global alignment
420306,R8y,L,medulla,670,-14.96472766180699,39.05647997508015,4.714858977181208,derived topology (terminal positions); inferred global alignment
242227,R8d,L,medulla,349,65.61043486945134,72.6983135172379,1.634542178371754,derived topology (terminal positions); inferred global alignment
287401,R7p,L,medulla,553,5.340455116476939,-3.5555105432692056,4.486654536678911,derived topology (terminal positions); inferred global alignment
172949,R7_unclear,L,medulla,86,153.0638711652055,-40.60127454295934,19.798175121927954,derived topology (terminal positions); inferred global alignment
192577,R7y,L,medulla,402,56.45452312058386,-48.298007099420225,26.95391248398493,derived topology (terminal positions); inferred global alignment
165242,R8d,L,medulla,259,98.97490052087466,66.54559760616375,6.763413310535155,derived topology (terminal positions); inferred global alignment
109685312,R8y,L,medulla,716,-20.869531794107445,-14.274494474611343,7.67005825316218,derived topology (terminal positions); inferred global alignment
200852,R8_unclear,L,medulla,155,138.58697395874486,-59.90159097048166,10.851923312403937,derived topology (terminal positions); inferred global alignment
102407322,R8_unclear,L,medulla,492,9.257209143280157,65.00157862931954,1.7625717310753966,derived topology (terminal positions); inferred global alignment
202218,R7p,L,medulla,280,95.50176380197578,-57.21891184048538,10.514664739318277,derived topology (terminal positions); inferred global alignment
210673,R7_unclear,L,medulla,116,130.61796860954053,32.23928248846755,1.0514781228418728,derived topology (terminal positions); inferred global alignment
238217,R8y,L,medulla,525,39.32919168540501,22.160270549357207,34.8560217316489,derived topology (terminal positions); inferred global alignment
401270,R8_unclear,L,medulla,296,81.53959933067367,40.11772576784854,13.815210508289132,derived topology (terminal positions); inferred global alignment
230916,R7_unclear,L,medulla,422,41.12257976245924,-26.500633295030266,6.138404545689116,derived topology (terminal positions); inferred global alignment
201060,R7_unclear,L,medulla,23,159.45814975653872,1.5396207342979402,21.10044445198508,derived topology (terminal positions); inferred global alignment
221606,R7_unclear,L,medulla,175,125.84955433800451,-46.67762593438685,0.6142437724587555,derived topology (terminal positions); inferred global alignment
162645,R7y,L,medulla,21,156.32868301851533,11.911852991072573,17.819005185246073,derived topology (terminal positions); inferred global alignment
216399,R8_unclear,L,medulla,208,116.67167322684475,61.18686398765291,1.1760822550151175,derived topology (terminal positions); inferred global alignment
356468,R8y,L,medulla,592,-15.250554660907156,46.58012024382557,13.56977469945014,derived topology (terminal positions); inferred global alignment
235387,R8p,L,medulla,279,89.87403036424952,-51.916584717677374,16.441901875204735,derived topology (terminal positions); inferred global alignment
315938,R7y,L,medulla,612,-25.766189981746862,56.70455218492893,24.52627722720479,derived topology (terminal positions); inferred global alignment
294784,R7_unclear,L,medulla,667,-9.868729845250456,-34.56413033718867,1.683375489072067,derived topology (terminal positions); inferred global alignment
901620,R7d,L,medulla,2,157.2044137031021,22.238988945348915,17.71334841437217,derived topology (terminal positions); inferred global alignment
277713,R8y,L,medulla,352,66.49599187892238,65.56390864261985,3.46241282099581,derived topology (terminal positions); inferred global alignment
106383624,R8y,L,medulla,674,-67.29095618700059,33.513356128099865,57.44616758250703,derived topology (terminal positions); inferred global alignment
139431,R8p,L,medulla,121,118.49417054929512,3.13585195800567,12.77180826185571,derived topology (terminal positions); inferred global alignment
207875,R8y,L,medulla,477,50.61335647064735,-9.961819757503704,34.57664328954907,derived topology (terminal positions); inferred global alignment
147975,R7y,L,medulla,16,143.00703392058136,31.68976960879489,4.514639755171775,derived topology (terminal positions); inferred global alignment
197943,R8y,L,medulla,51,142.1756527942269,41.20918357469105,6.131890318116108,derived topology (terminal positions); inferred global alignment
210918,R8y,L,medulla,339,71.11413358528849,-45.91818526123521,26.452665808546822,derived topology (terminal positions); inferred global alignment
123674560,R7p,L,medulla,629,-14.199300767592348,-50.13350034452238,9.336541383074008,derived topology (terminal positions); inferred global alignment
250661,R7_unclear,L,medulla,440,36.99477643223095,55.81737224436066,15.247274814155166,derived topology (terminal positions); inferred global alignment
481236,R7_unclear,L,medulla,670,-23.939410781686078,46.318424015638406,16.254128025541362,derived topology (terminal positions); inferred global alignment
546240,R8p,L,medulla,69,144.06352340199658,-42.74950415964253,8.426930645907683,derived topology (terminal positions); inferred global alignment
82664,R7y,L,medulla,138,119.43874630675401,34.418459368864035,10.073955549646662,derived topology (terminal positions); inferred global alignment
210652,R7_unclear,L,medulla,329,65.8990617567019,5.8878202174747205,14.362645537553574,derived topology (terminal positions); inferred global alignment
172993,R7y,L,medulla,323,78.13006811869711,58.87930106223179,4.655632791907242,derived topology (terminal positions); inferred global alignment
227124,R7_unclear,L,medulla,571,47.95067152959057,23.42539058986327,51.152446742614636,derived topology (terminal positions); inferred global alignment
246150,R8p,L,medulla,432,42.809281637951045,-68.69113566544219,8.78815364421257,derived topology (terminal positions); inferred global alignment
561509,R7y,L,medulla,164,118.88392711629109,23.8549974797626,7.723175606295382,derived topology (terminal positions); inferred global alignment
249473,R7y,L,medulla,22,141.68955069935208,9.497074098467841,3.1296829163806845,derived topology (terminal positions); inferred global alignment
309364,R7y,L,medulla,511,16.070119504269975,-51.745557420239244,9.021734855132324,derived topology (terminal positions); inferred global alignment
272266,R8p,L,medulla,443,37.137212647253925,46.66296237085823,14.512664767796775,derived topology (terminal positions); inferred global alignment
187221,R7y,L,medulla,298,76.48098415956535,20.820677864815444,18.47447283057771,derived topology (terminal positions); inferred global alignment
102627895,R8p,L,medulla,629,-24.867140560307064,-58.637051841850536,22.977752138958977,derived topology (terminal positions); inferred global alignment
416483361,R8y,L,medulla,510,13.300239676707264,-55.33005763489084,3.6991363529024697,derived topology (terminal positions); inferred global alignment
126832166,R8_unclear,L,medulla,585,-21.21940566907159,-68.55343103585909,26.562531493137357,derived topology (terminal positions); inferred global alignment
346748,R8_unclear,L,medulla,487,13.738244417340141,-68.16271126360921,2.4986771535316725,derived topology (terminal positions); inferred global alignment
160620,R7d,L,medulla,345,57.9440560879653,69.39143921366454,10.983391022358802,derived topology (terminal positions); inferred global alignment
262967,R8_unclear,L,medulla,398,49.27912801257878,-66.05604254893878,0.5282425985942821,derived topology (terminal positions); inferred global alignment
252296,R8p,L,medulla,461,27.361727329696286,-71.66372299483729,2.9615433481789717,derived topology (terminal positions); inferred global alignment
111388882,R8y,L,medulla,699,-99.28215397688028,-11.683019768872143,87.03815775382762,derived topology (terminal positions); inferred global alignment
204910,R8_unclear,L,medulla,235,108.20157942784192,59.517489901029535,4.18013678668591,derived topology (terminal positions); inferred global alignment
414132,R8y,L,medulla,618,-8.156504456962594,12.699196497221637,1.448840609573577,derived topology (terminal positions); inferred global alignment
562203,R8p,L,medulla,15,155.4242876697681,-30.735855599912412,15.976053014572003,derived topology (terminal positions); inferred global alignment
235927,R7_unclear,L,medulla,370,68.83693375549842,-56.19618742696132,16.817265382268932,derived topology (terminal positions); inferred global alignment
175873,R8y,L,medulla,237,104.40324757358702,50.5998697733132,8.793984569928632,derived topology (terminal positions); inferred global alignment
230203,R8y,L,medulla,126,125.56083533635157,-24.058854211687024,6.844830746427834,derived topology (terminal positions); inferred global alignment
219198,R8y,L,medulla,192,110.22928893065338,-0.021666016064938773,12.001863926309,derived topology (terminal positions); inferred global alignment
235851,R7_unclear,L,medulla,281,97.3551219114236,-61.17770767378826,8.12468335520877,derived topology (terminal positions); inferred global alignment
259716,R7_unclear,L,medulla,575,0.2210320936702459,8.43017319879413,2.4905506499891223,derived topology (terminal positions); inferred global alignment
166476,R8p,L,medulla,106,132.4287103668953,-34.83633631910557,2.3010179770115764,derived topology (terminal positions); inferred global alignment
212138,R7p,L,medulla,332,77.59843608214541,-34.71637641825705,3.223393697264515,derived topology (terminal positions); inferred global alignment
298798,R8p,L,medulla,555,4.028060758486859,-19.97539889779388,3.1598207215816774,derived topology (terminal positions); inferred global alignment
211712,R7p,L,medulla,478,44.460809742988154,-18.14758873647475,28.82281619643781,derived topology (terminal positions); inferred global alignment
236655,R8_unclear,L,medulla,405,53.25478176560308,-75.10496086589879,4.674505687715076,derived topology (terminal positions); inferred global alignment
241517,R7y,L,medulla,617,9.552421344892984,16.9234705381164,16.335375174502524,derived topology (terminal positions); inferred global alignment
192442,R8p,L,medulla,152,130.96248129656092,-47.41507174516232,2.4807755922368893,derived topology (terminal positions); inferred global alignment
205544,R8_unclear,L,medulla,401,47.24810523409713,-71.50654721627373,2.301027758423529,derived topology (terminal positions); inferred global alignment
213792,R7p,L,medulla,197,107.1697035413012,-35.1672718164659,15.55593200144346,derived topology (terminal positions); inferred global alignment
204437,R8y,L,medulla,70,138.14352946564486,44.73349836182974,3.5826762866809916,derived topology (terminal positions); inferred global alignment
317842,R7y,L,medulla,497,16.373878885087628,43.715870351654075,7.127162486507473,derived topology (terminal positions); inferred global alignment
176211,R8p,L,medulla,331,66.31493806881636,-19.065139579604477,14.49714920827035,derived topology (terminal positions); inferred global alignment
526099,R7_unclear,L,medulla,8,152.4914752150362,-2.7964654432546148,12.998171009201336,derived topology (terminal positions); inferred global alignment
240894,R7y,L,medulla,527,21.656742329501256,8.55043510728054,16.94417761854139,derived topology (terminal positions); inferred global alignment
102573,R7p,L,medulla,26,147.33187561301912,-9.443184928116297,8.754136595804631,derived topology (terminal positions); inferred global alignment
298413,R8y,L,medulla,466,22.57813560537771,67.20880299690528,6.701414801830293,derived topology (terminal positions); inferred global alignment
55348,R7_unclear,L,medulla,4,145.3423280825312,15.060819727197128,5.851704876658306,derived topology (terminal positions); inferred global alignment
190066,R8_unclear,L,medulla,449,39.22092080497835,-5.906558525494231,14.729834324273849,derived topology (terminal positions); inferred global alignment
137585,R8p,L,medulla,294,87.63461827137304,54.844002118132266,6.679802786887797,derived topology (terminal positions); inferred global alignment
302317,R7p,L,medulla,530,4.891761889844837,-17.938487733851197,0.278649489931739,derived topology (terminal positions); inferred global alignment
262110,R7_unclear,L,medulla,538,-3.4975325456656776,-64.13846238033163,9.69119643925734,derived topology (terminal positions); inferred global alignment
209189,R8_unclear,L,medulla,312,81.18020951654898,-60.54492814109886,17.331823304038373,derived topology (terminal positions); inferred global alignment
369808,R7p,L,medulla,486,21.16998569983383,-63.15212595202182,5.511032050507974,derived topology (terminal positions); inferred global alignment
92057,R7y,L,medulla,44,144.1589884472732,-11.412003018295527,6.633718846908885,derived topology (terminal positions); inferred global alignment
192334,R7y,L,medulla,287,80.44628153299598,54.228562343682896,23.68001405958045,derived topology (terminal positions); inferred global alignment
186746,R8y,L,medulla,173,124.63551493642858,-37.68916530254212,1.5017712360186553,derived topology (terminal positions); inferred global alignment
369560,R8_unclear,L,medulla,613,-45.617484404795604,65.27648465020783,47.78471820427407,derived topology (terminal positions); inferred global alignment
185880,R7p,L,medulla,326,68.97036866481174,30.40380060948222,19.834796433046737,derived topology (terminal positions); inferred global alignment
255082,R8y,L,medulla,373,57.3643446402274,-64.29989972739921,14.077484238725036,derived topology (terminal positions); inferred global alignment
147115580,R8y,L,medulla,705,-25.062804950409898,36.67949491141184,13.862776088003487,derived topology (terminal positions); inferred global alignment
144346,R7_unclear,L,medulla,358,65.64897440816597,23.728710320930865,9.020439631004614,derived topology (terminal positions); inferred global alignment
221457,R8p,L,medulla,142,109.30477515017714,13.205272471807852,19.61219843358417,derived topology (terminal positions); inferred global alignment
253522,R7_unclear,L,medulla,313,82.36748584193172,-63.518841052783515,15.250465367870431,derived topology (terminal positions); inferred global alignment
223717,R7p,L,medulla,421,57.94298052807339,-12.384861525206334,22.638327629610995,derived topology (terminal positions); inferred global alignment
512962,R8p,L,medulla,26,157.2310623114401,-10.193476272777225,18.6814070130582,derived topology (terminal positions); inferred global alignment
215448,R7_unclear,L,medulla,172,108.35548507085781,-28.13244395629216,18.23577535437944,derived topology (terminal positions); inferred global alignment
179390,R8d,L,medulla,260,101.58024622596847,68.49932024287583,2.5062311916515796,derived topology (terminal positions); inferred global alignment
220072,R8_unclear,L,medulla,364,63.556692938006194,-48.4363978904722,3.29460737249315,derived topology (terminal positions); inferred global alignment
940850,R7y,L,medulla,506,12.060407794849873,-32.21821708037142,2.6560368844950557,derived topology (terminal positions); inferred global alignment
940785,R7y,L,medulla,495,13.75300284541835,54.94350981263868,4.004395586766097,derived topology (terminal positions); inferred global alignment
205329,R8_unclear,L,medulla,320,68.32956610650989,48.80431011326852,24.899230028778966,derived topology (terminal positions); inferred global alignment
219689,R8_unclear,L,medulla,53,136.261299552591,34.51062188513756,1.8189068005201383,derived topology (terminal positions); inferred global alignment
203389,R8p,L,medulla,2,147.20903431587362,22.536370054227874,7.719259313925425,derived topology (terminal positions); inferred global alignment
275947,R7p,L,medulla,140,114.29717822005759,21.570127368459197,15.752400868997888,derived topology (terminal positions); inferred global alignment
211509,R8p,L,medulla,385,52.70703432616795,54.61926565507124,6.088970310314587,derived topology (terminal positions); inferred global alignment
174491,R7y,L,medulla,110,143.57565839027438,-52.37361427340545,11.606771965844057,derived topology (terminal positions); inferred global alignment
304735,R8y,L,medulla,692,-11.608957936324742,18.964167510527158,1.224988577899323,derived topology (terminal positions); inferred global alignment
386701,R8y,L,medulla,587,-6.348462047613253,-59.33836622778802,5.5981731617799815,derived topology (terminal positions); inferred global alignment
210753,R8y,L,medulla,306,90.52258445230557,-56.52486971484607,3.3184222037757904,derived topology (terminal positions); inferred global alignment
203010,R8_unclear,L,medulla,400,55.684395457651576,-57.65604561290548,14.985745689723394,derived topology (terminal positions); inferred global alignment
276602,R8_unclear,L,medulla,414,38.16985600736443,59.53170256462729,2.6557684987694508,derived topology (terminal positions); inferred global alignment
267808,R8p,L,medulla,427,37.83117029130953,-58.738088441351785,4.871641934385717,derived topology (terminal positions); inferred global alignment
215687,R7_unclear,L,medulla,67,148.35919619949482,-37.021127160717086,12.833526512183925,derived topology (terminal positions); inferred global alignment
583028,R8_unclear,L,medulla,20,152.6534875996661,17.04113059685106,14.096348225459037,derived topology (terminal positions); inferred global alignment
246286,R7p,L,medulla,368,70.12492472728509,-50.769693475454574,18.493730970904018,derived topology (terminal positions); inferred global alignment
228491,R8p,L,medulla,396,58.40158616589346,-43.65995149950604,18.25334544419014,derived topology (terminal positions); inferred global alignment
183347,R8_unclear,L,medulla,177,127.66469771209422,-53.909019184500465,1.7026921326612328,derived topology (terminal positions); inferred global alignment
163572,R7_unclear,L,medulla,25,163.80293101590303,-4.868653351800977,25.211454507823802,derived topology (terminal positions); inferred global alignment
360710,R7y,L,medulla,706,-29.631788961002158,34.16026747977709,18.28797812522451,derived topology (terminal positions); inferred global alignment
272789,R7_unclear,L,medulla,512,13.51002753182302,-59.794490190922545,4.024932016262005,derived topology (terminal positions); inferred global alignment
246650,R7y,L,medulla,453,25.321189604903616,-46.821202594681374,1.4644547807115809,derived topology (terminal positions); inferred global alignment
1000116295,R8y,L,medulla,569,-13.58606721549016,51.12322007668661,14.041105972016842,derived topology (terminal positions); inferred global alignment
210489,R7y,L,medulla,109,138.3544546057745,-46.523665207364324,5.676222101081602,derived topology (terminal positions); inferred global alignment
251563,R7d,L,medulla,491,4.628949740446579,68.07632871980188,5.817062020865927,derived topology (terminal positions); inferred global alignment
202807,R7y,L,medulla,310,84.03299000680704,-50.841388748572875,21.16844944678733,derived topology (terminal positions); inferred global alignment
208965,R7_unclear,L,medulla,282,102.07187592590493,-66.42753301384549,2.509995627992899,derived topology (terminal positions); inferred global alignment
356457,R7y,L,medulla,514,5.049008858985296,-65.2103565246118,4.556906768966768,derived topology (terminal positions); inferred global alignment
209005,R7y,L,medulla,343,72.16026492933062,-60.471770540170155,17.6218068640992,derived topology (terminal positions); inferred global alignment
204450,R8_unclear,L,medulla,175,128.17173168713163,-49.726473497276594,3.301897945384376,derived topology (terminal positions); inferred global alignment
715040348,R8_unclear,L,medulla,693,-98.46993125118176,31.0850938106391,87.97272763981837,derived topology (terminal positions); inferred global alignment
548355,R7y,L,medulla,213,104.2330826750794,35.184169574479824,14.074544622594948,derived topology (terminal positions); inferred global alignment
253423,R7_unclear,L,medulla,419,39.45773868797281,14.16989866203046,4.403763677222821,derived topology (terminal positions); inferred global alignment
229426,R7_unclear,L,medulla,365,62.081877452726474,-45.84258279665528,12.038381166507904,derived topology (terminal positions); inferred global alignment
284030,R8p,L,medulla,599,3.9515621413519497,-3.2417192767764957,8.630757434884623,derived topology (terminal positions); inferred global alignment
245910,R7_unclear,L,medulla,411,39.258658032676166,64.18561598814664,5.658539705660171,derived topology (terminal positions); inferred global alignment
249057,R8y,L,medulla,570,-3.2391792738666965,40.956536973743,2.567463728220536,derived topology (terminal positions); inferred global alignment
953130,R7y,L,medulla,31,159.76884886020855,-31.81482327594729,21.35292001382013,derived topology (terminal positions); inferred global alignment
282573,R8_unclear,L,medulla,272,96.4411339063442,-6.832624833503066,7.011820123968484,derived topology (terminal positions); inferred global alignment
22842,R8d,L,medulla,345,69.03918142544588,72.82511231224638,6.860007814699127,derived topology (terminal positions); inferred global alignment
199181,R8p,L,medulla,446,30.681783950773585,30.291691900385015,6.399186693468537,derived topology (terminal positions); inferred global alignment
185229,R7_unclear,L,medulla,131,139.34879291633007,-51.306070188756934,8.637957500120198,derived topology (terminal positions); inferred global alignment
282924,R7p,L,medulla,621,-6.311797849093239,-6.1254107466947705,0.4334205872513634,derived topology (terminal positions); inferred global alignment
553513,R8y,L,medulla,351,59.1713102632956,68.03388072846545,6.024153545869944,derived topology (terminal positions); inferred global alignment
148701,R7y,L,medulla,104,132.8664435177018,-24.17965934015157,1.131403888633296,derived topology (terminal positions); inferred global alignment
563688,R8_unclear,L,medulla,353,63.681663191599924,61.684593678217006,4.180338996696349,derived topology (terminal positions); inferred global alignment
199547,R7p,L,medulla,124,102.66941502141776,-15.241816622255296,28.621501362098737,derived topology (terminal positions); inferred global alignment
549570,R8y,L,medulla,170,125.4345069778658,-19.148490401928665,0.7756004295609683,derived topology (terminal positions); inferred global alignment
224065,R8d,L,medulla,436,31.167461298427213,71.60429977940267,6.577036413307281,derived topology (terminal positions); inferred global alignment
202586,R8_unclear,L,medulla,22,150.05782297160522,9.513855751608448,11.48258471134571,derived topology (terminal positions); inferred global alignment
186061,R8_unclear,L,medulla,37,152.20843329243357,20.07215350350717,14.724589440529439,derived topology (terminal positions); inferred global alignment
250050,R8y,L,medulla,607,-32.428170924028564,-67.06575407962276,35.0992011661321,derived topology (terminal positions); inferred global alignment
102772245,R7y,L,medulla,715,-98.86838593983545,-11.442511205968993,85.66669584441641,derived topology (terminal positions); inferred global alignment
181456,R7p,L,medulla,152,130.5309696660231,-44.10130459228567,2.517394565870739,derived topology (terminal positions); inferred global alignment
205464,R7p,L,medulla,193,101.1689562725586,-8.959325386114372,21.075762641531842,derived topology (terminal positions); inferred global alignment
183486,R7p,L,medulla,52,136.0791515602242,35.52852439762607,0.7412223850372474,derived topology (terminal positions); inferred global alignment
202999,R8_unclear,L,medulla,321,72.91534906747589,54.96173506244557,15.526639579645673,derived topology (terminal positions); inferred global alignment
237423,R8y,L,medulla,313,89.43261261907107,-70.71959877550684,5.162766772665841,derived topology (terminal positions); inferred global alignment
187005,R8y,L,medulla,174,123.8199509155491,-44.12177007867201,2.339347704650842,derived topology (terminal positions); inferred global alignment
223607,R8y,L,medulla,274,81.56925782928822,-27.635759033095535,22.165306715818325,derived topology (terminal positions); inferred global alignment
926939,R8_unclear,L,medulla,499,31.40670134717695,24.95968962253189,23.41290827063506,derived topology (terminal positions); inferred global alignment
194217,R8y,L,medulla,221,97.522975351635,-28.12406724669021,20.555372189010296,derived topology (terminal positions); inferred global alignment
198865,R7p,L,medulla,475,27.760593710310765,11.630265352381887,11.691216945467437,derived topology (terminal positions); inferred global alignment
288239,R8p,L,medulla,573,-0.38863047932106554,20.985117099926565,1.9878377442218929,derived topology (terminal positions); inferred global alignment
228825,R8y,L,medulla,131,134.72677330484296,-50.56292845735973,4.17860519896329,derived topology (terminal positions); inferred global alignment
444911,R7y,L,medulla,688,-38.67521204416013,52.633727482365444,33.057151438966876,derived topology (terminal positions); inferred global alignment
524574,R8y,L,medulla,475,40.24403234181905,9.874068210148886,24.285755820715842,derived topology (terminal positions); inferred global alignment
223878,R7y,L,medulla,449,43.9936814999205,-4.1080631157473375,19.66236569160074,derived topology (terminal positions); inferred global alignment
196784,R7p,L,medulla,28,151.9953536310193,-17.078963287395805,13.400482554260188,derived topology (terminal positions); inferred global alignment
200367,R8_unclear,L,medulla,229,118.79952718099273,-64.6489558268836,1.1829923033059944,derived topology (terminal positions); inferred global alignment
248138,R7_unclear,L,medulla,405,57.15981543895145,-70.68148689818838,10.42839052905215,derived topology (terminal positions); inferred global alignment
264939,R8d,L,medulla,490,9.560967009768483,70.71699128210257,3.6355374823413182,derived topology (terminal positions); inferred global alignment
407846,R7y,L,medulla,601,13.852327335718101,-15.676709304508742,18.563994606918513,derived topology (terminal positions); inferred global alignment
246729,R8_unclear,L,medulla,389,51.832434314488665,24.86539154708086,2.689929177214126,derived topology (terminal positions); inferred global alignment
552314,R8p,L,medulla,209,115.13280296792982,56.3059001123732,2.6400347187668847,derived topology (terminal positions); inferred global alignment
177684,R7y,L,medulla,68,151.81169609931996,-41.72572016353762,16.464433148397774,derived topology (terminal positions); inferred global alignment
322799,R8p,L,medulla,486,21.804638841048217,-65.89351110691344,5.818055257739499,derived topology (terminal positions); inferred global alignment
294532,R8d,L,medulla,516,-0.4131593022469531,69.75750949747554,8.210579789473247,derived topology (terminal positions); inferred global alignment
174521,R7y,L,medulla,114,130.2879913824028,40.927954530231965,1.1368975139138249,derived topology (terminal positions); inferred global alignment
239301,R8p,L,medulla,423,48.43380381727135,-33.384425266889096,14.488887577742837,derived topology (terminal positions); inferred global alignment
383862,R8y,L,medulla,580,0.2523037511619819,-29.04026686445864,2.760939775053519,derived topology (terminal positions); inferred global alignment
190339,R7y,L,medulla,223,106.73040091845783,-41.45460811947096,11.506809335134761,derived topology (terminal positions); inferred global alignment
246903,R8y,L,medulla,204,129.44677080688945,-63.95685508640418,7.22616435741705,derived topology (terminal positions); inferred global alignment
252679,R8_unclear,L,medulla,507,21.316687248013878,-36.808915150099295,12.17394151906118,derived topology (terminal positions); inferred global alignment
199014,R8y,L,medulla,263,95.52208375692086,56.81216477863903,10.737056880071894,derived topology (terminal positions); inferred global alignment
97156,R7p,L,medulla,123,116.83457760497419,-9.245878316964255,14.447694221177178,derived topology (terminal positions); inferred global alignment
230257,R7y,L,medulla,597,39.43731170792687,8.660694477450635,44.14073366599847,derived topology (terminal positions); inferred global alignment
187169,R8y,L,medulla,21,156.281447851213,13.183888627749296,17.704260031679286,derived topology (terminal positions); inferred global alignment
562262,R7p,L,medulla,127,128.92868955657224,-32.27192917531275,2.421270061044345,derived topology (terminal positions); inferred global alignment
174365,R7_unclear,L,medulla,273,68.92725381310301,-14.934857191921227,34.849779068619576,derived topology (terminal positions); inferred global alignment
332711,R7y,L,medulla,519,1.417808634928278,58.28797831481442,3.9206310285865436,derived topology (terminal positions); inferred global alignment
220217,R8p,L,medulla,264,83.01786905052924,44.11074396300086,26.611537253004872,derived topology (terminal positions); inferred global alignment
550276,R8_unclear,L,medulla,276,95.75801624949115,-42.1567391530527,9.279794677451076,derived topology (terminal positions); inferred global alignment
287830,R7y,L,medulla,577,14.522634242886923,-6.109533878424392,16.757260893934163,derived topology (terminal positions); inferred global alignment
178385,R8_unclear,L,medulla,30,161.4521443900839,-27.42705840734003,22.94017327039111,derived topology (terminal positions); inferred global alignment
213952,R8y,L,medulla,434,33.507325402912066,-75.24954977040534,1.9844801276139645,derived topology (terminal positions); inferred global alignment
310742,R8p,L,medulla,441,26.353229541475535,60.21052773457102,2.3949598621202712,derived topology (terminal positions); inferred global alignment
216194,R8_unclear,L,medulla,370,61.453530517143605,-67.79353160980378,5.650490547534503,derived topology (terminal positions); inferred global alignment
535245,R7_unclear,L,medulla,125,110.41871706529494,-20.110482908967494,20.972183381684232,derived topology (terminal positions); inferred global alignment
203683,R8y,L,medulla,459,22.932711463554234,-69.3153019457021,1.5540174454734452,derived topology (terminal positions); inferred global alignment
243103,R8p,L,medulla,500,52.727052321842265,18.691157241542353,43.58642598967727,derived topology (terminal positions); inferred global alignment
175039,R7_unclear,L,medulla,349,59.5874830613826,49.85721508187962,24.645194439115162,derived topology (terminal positions); inferred global alignment
211728,R8_unclear,L,medulla,13,171.65543376493835,-23.9093607945114,32.174544877044816,derived topology (terminal positions); inferred global alignment
208603,R8_unclear,L,medulla,357,61.535774870850275,38.101675447100234,6.459644740682727,derived topology (terminal positions); inferred global alignment
553450,R7y,L,medulla,201,110.26599696085017,-47.32567624727858,14.570809006253254,derived topology (terminal positions); inferred global alignment
953725,R7y,L,medulla,258,86.6914981830221,55.61046855383519,24.067027919185396,derived topology (terminal positions); inferred global alignment
143595,R8_unclear,L,medulla,27,167.41433043372507,-12.992039786295555,28.814655582511683,derived topology (terminal positions); inferred global alignment
231089,R8y,L,medulla,442,26.072730120466773,56.06003476793524,2.690781452286473,derived topology (terminal positions); inferred global alignment
174637,R8y,L,medulla,101,133.120373548287,-7.011887464399039,1.0536448122176112,derived topology (terminal positions); inferred global alignment
517472,R7_unclear,L,medulla,277,94.65937911916001,-46.97270171600865,10.678179103791678,derived topology (terminal positions); inferred global alignment
574779,R8d,L,medulla,565,-18.059569257750084,67.07487699325817,19.61434863375276,derived topology (terminal positions); inferred global alignment
174482,R8p,L,medulla,49,139.4898284282438,-31.359443139903025,2.200148833587798,derived topology (terminal positions); inferred global alignment
235075,R8_unclear,L,medulla,227,114.45847814965441,-58.754155522930425,3.472099499381741,derived topology (terminal positions); inferred global alignment
203200,R7p,L,medulla,590,-13.31758214278959,54.75084480552849,12.552685040788155,derived topology (terminal positions); inferred global alignment
255982,R7p,L,medulla,262,99.85401740978268,62.13233803020494,5.62951777710642,derived topology (terminal positions); inferred global alignment
194458,R8y,L,medulla,304,90.17339561690072,-45.49935655534667,3.4925457375936055,derived topology (terminal positions); inferred global alignment
282023,R8_unclear,L,medulla,669,-22.801586739150636,-48.16209696992021,15.352511917465385,derived topology (terminal positions); inferred global alignment
562483,R7p,L,medulla,10,147.93212733351893,-9.775553330414324,8.436027530667758,derived topology (terminal positions); inferred global alignment
161831,R8_unclear,L,medulla,43,145.68971222058542,-6.922211542651088,8.152762578331176,derived topology (terminal positions); inferred global alignment
239295,R7y,L,medulla,552,8.533174958847113,6.171823514773985,7.809407587190519,derived topology (terminal positions); inferred global alignment
170184,R8p,L,medulla,301,81.82382067674143,-12.792491475657533,11.399776249555723,derived topology (terminal positions); inferred global alignment
236273,R8p,L,medulla,574,29.86737757486867,13.395451938200136,32.08247882636072,derived topology (terminal positions); inferred global alignment
276371,R7_unclear,L,medulla,430,45.47187457077518,-59.498934530323695,14.818393610184248,derived topology (terminal positions); inferred global alignment
195948,R8y,L,medulla,288,85.73591077843516,66.68202859510808,9.676380151565313,derived topology (terminal positions); inferred global alignment
456570,R8p,L,medulla,185,120.13607769307363,45.43860291041933,3.9119196652977477,derived topology (terminal positions); inferred global alignment
259576,R8d,L,medulla,409,40.56557477566372,71.13552251113842,5.114579614407601,derived topology (terminal positions); inferred global alignment
120417,R7y,L,medulla,99,123.56571602205071,6.47801363840205,9.66966759228468,derived topology (terminal positions); inferred global alignment
356500,R7y,L,medulla,633,-24.48377634527847,48.28643698160283,19.560868292770227,derived topology (terminal positions); inferred global alignment
280885,R7p,L,medulla,225,113.58292388867076,-52.16268429510969,4.430747516915936,derived topology (terminal positions); inferred global alignment
370769,R7y,L,medulla,562,-10.513218895969345,-60.39406542206661,12.774757458484224,derived topology (terminal positions); inferred global alignment
134797345,R8_unclear,L,medulla,672,-36.91381087386962,47.7517497019151,31.657344946709852,derived topology (terminal positions); inferred global alignment
223989,R8p,L,medulla,491,4.786116932834872,70.2596574736198,6.996048794507904,derived topology (terminal positions); inferred global alignment
252015,R7_unclear,L,medulla,226,116.0142242479015,-55.675939278211644,2.3312626215259438,derived topology (terminal positions); inferred global alignment
184421,R7_unclear,L,medulla,96,133.7186808286992,24.046572692527544,0.8128721354187823,derived topology (terminal positions); inferred global alignment
549704,R7_unclear,L,medulla,369,66.54534338900547,-63.11151785073957,7.797163962085838,derived topology (terminal positions); inferred global alignment
357240,R8_unclear,L,medulla,606,-4.626386190560893,-40.09781558942204,1.8295651514994562,derived topology (terminal positions); inferred global alignment
235427,R8y,L,medulla,519,6.671389295624316,56.569748143484034,1.8629429589207065,derived topology (terminal positions); inferred global alignment
118693190,R7_unclear,L,medulla,684,-11.483405220059495,-25.91763972812303,0.7078444858742868,derived topology (terminal positions); inferred global alignment
140400,R7_unclear,L,medulla,236,105.67607913172962,56.36041039524926,6.457394878454081,derived topology (terminal positions); inferred global alignment
118906,R7p,L,medulla,139,105.01129532894767,26.95045202144418,24.610817475015402,derived topology (terminal positions); inferred global alignment
209761,R7y,L,medulla,1,148.98626400852987,26.270393460379342,9.503952272076365,derived topology (terminal positions); inferred global alignment
209213,R8_unclear,L,medulla,6,144.51552057282908,6.18893761587616,5.01786892976225,derived topology (terminal positions); inferred global alignment
243760,R8p,L,medulla,572,10.89032614600621,24.057564391430326,13.66446714580582,derived topology (terminal positions); inferred global alignment
103505,R7y,L,medulla,42,137.06875464393573,-2.5292199425830684,0.5017016336115342,derived topology (terminal positions); inferred global alignment
108471184,R8y,L,medulla,608,-22.46396658245375,-66.42161928757402,25.075040040954853,derived topology (terminal positions); inferred global alignment
543525,R8d,L,medulla,52,141.83777500458527,37.828192482426516,5.7714000362015385,derived topology (terminal positions); inferred global alignment
184275,R8_unclear,L,medulla,273,73.2921180213517,-16.33114220370479,30.345647979940722,derived topology (terminal positions); inferred global alignment
270825,R7y,L,medulla,618,-7.441521888760818,11.309524146071132,1.3965236927311233,derived topology (terminal positions); inferred global alignment
339478,R7_unclear,L,medulla,581,31.33935342414709,-22.34039916530188,35.332717059228756,derived topology (terminal positions); inferred global alignment
128354016,R7_unclear,L,medulla,690,-37.304488977695684,38.26164160233653,27.986415998545034,derived topology (terminal positions); inferred global alignment
210821,R8y,L,medulla,340,74.56303035472793,-62.805868351123756,11.141386763590514,derived topology (terminal positions); inferred global alignment
215705,R7_unclear,L,medulla,399,48.932209548441215,-67.57441120981872,1.5095332375185613,derived topology (terminal positions); inferred global alignment
282681,R7y,L,medulla,335,75.57398309249572,-47.79226349876202,12.013753393287677,derived topology (terminal positions); inferred global alignment
549996,R7_unclear,L,medulla,87,156.456266259436,-44.36996455667095,22.919895790292767,derived topology (terminal positions); inferred global alignment
234286,R7p,L,medulla,416,43.88337186262409,41.53049646982279,10.889212458720213,derived topology (terminal positions); inferred global alignment
176950,R8y,L,medulla,212,110.63297046192073,42.88063011544672,7.372050108658067,derived topology (terminal positions); inferred global alignment
927179,R7y,L,medulla,237,103.14211021204954,51.17114313093517,9.53215023817906,derived topology (terminal positions); inferred global alignment
212116208,R7_unclear,L,medulla,582,-2.457432123092673,-37.630291000667626,0.7904452491340107,derived topology (terminal positions); inferred global alignment
202172,R8y,L,medulla,246,85.52586508070931,-19.327221013141273,26.125826322592363,derived topology (terminal positions); inferred global alignment
550614,R7_unclear,L,medulla,239,111.30994367612914,45.325581496728795,1.2788151160615657,derived topology (terminal positions); inferred global alignment
355669,R7_unclear,L,medulla,672,-46.10810580043817,51.13838568809209,41.190263441376075,derived topology (terminal positions); inferred global alignment
225746,R7_unclear,L,medulla,439,30.03605877971718,61.603492869207855,7.695273938690278,derived topology (terminal positions); inferred global alignment
228925,R7p,L,medulla,186,119.42989752843346,43.12891714993984,3.036727790322179,derived topology (terminal positions); inferred global alignment
203679,R7_unclear,L,medulla,250,92.76582160488344,-40.78179776100165,21.587761892772708,derived topology (terminal positions); inferred global alignment
357482,R7_unclear,L,medulla,513,13.354870547446353,-64.76841321979366,4.055718233083285,derived topology (terminal positions); inferred global alignment
563493,R8p,L,medulla,102,133.48523462138468,-12.696634599440765,0.7665491457931217,derived topology (terminal positions); inferred global alignment
235131,R7y,L,medulla,631,-12.997865179739392,48.41962753175695,6.539500031463637,derived topology (terminal positions); inferred global alignment
195035,R8_unclear,L,medulla,18,140.01211154639986,25.414483577630858,1.4511777660237628,derived topology (terminal positions); inferred global alignment
211262,R8y,L,medulla,422,53.39060357500468,-25.040606659778664,18.303095696163876,derived topology (terminal positions); inferred global alignment
252435,R7_unclear,L,medulla,398,50.235852828897904,-63.18596859773011,3.5533891395896013,derived topology (terminal positions); inferred global alignment
105332586,R8_unclear,L,medulla,598,-0.22396634600600862,3.3266834557234324,4.465524491181927,derived topology (terminal positions); inferred global alignment
472748,R7p,L,medulla,490,8.269720258183028,68.84751711843903,2.301454845701757,derived topology (terminal positions); inferred global alignment
193308,R8p,L,medulla,327,69.7424856934361,31.154731421536656,11.976561731834318,derived topology (terminal positions); inferred global alignment
235359,R8p,L,medulla,416,46.18351348635511,43.536122166173385,11.756158629928281,derived topology (terminal positions); inferred global alignment
271938,R8y,L,medulla,502,29.295178481803582,6.694792696091543,19.647343731038333,derived topology (terminal positions); inferred global alignment
316496,R8_unclear,L,medulla,470,21.2950075034844,51.65783523487193,5.213437279481151,derived topology (terminal positions); inferred global alignment
185567,R8_unclear,L,medulla,333,75.64377562533541,-43.59774485512854,5.180295735521167,derived topology (terminal positions); inferred global alignment
181193,R8p,L,medulla,393,56.61676983642991,-30.49486077131186,10.115214060303117,derived topology (terminal positions); inferred global alignment
122322,R8d,L,medulla,437,22.041716152925154,70.8719583031,2.568670002639862,derived topology (terminal positions); inferred global alignment
333372,R8y,L,medulla,514,3.1304201920164587,-69.86853820594229,7.9333612631375265,derived topology (terminal positions); inferred global alignment
156073,R7y,L,medulla,13,140.60129474276158,-22.881344285306255,1.287107650627186,derived topology (terminal positions); inferred global alignment
443190,R7p,L,medulla,607,-9.389958338098367,-47.41541757807048,5.035840021066366,derived topology (terminal positions); inferred global alignment
254537,R8y,L,medulla,460,32.43764369113026,-67.64114337039508,8.550085508956084,derived topology (terminal positions); inferred global alignment
78767,R7d,L,medulla,183,123.09084846095448,56.66343352419122,1.3358674034674205,derived topology (terminal positions); inferred global alignment
196262,R8p,L,medulla,281,98.78629044766596,-59.653803826184514,8.280690026174668,derived topology (terminal positions); inferred global alignment
207474,R7y,L,medulla,241,102.84407737728449,29.60717099293117,9.070857694865925,derived topology (terminal positions); inferred global alignment
202177,R8_unclear,L,medulla,223,101.46979334346364,-39.94002014952184,16.97442662759805,derived topology (terminal positions); inferred global alignment
177710,R8y,L,medulla,267,94.02140051794525,42.18769001987918,10.85258802517498,derived topology (terminal positions); inferred global alignment
535247,R7p,L,medulla,169,108.54257982941976,-12.559930011634608,17.38470068361184,derived topology (terminal positions); inferred global alignment
247490110,R8_unclear,L,medulla,439,30.494234742772953,64.9221810335171,6.2725841083993945,derived topology (terminal positions); inferred global alignment
268640,R7y,L,medulla,503,23.825418252601246,-3.0750248835412193,14.322427840500806,derived topology (terminal positions); inferred global alignment
195492,R8y,L,medulla,335,74.90708071133756,-50.192626226055076,10.122088864420686,derived topology (terminal positions); inferred global alignment
179305,R7_unclear,L,medulla,198,117.42911733460323,-43.15044640811345,4.938699282028188,derived topology (terminal positions); inferred global alignment
397076641,R8_unclear,L,medulla,635,-46.6955948496026,58.04319016210354,47.988859189304286,derived topology (terminal positions); inferred global alignment
234548,R7y,L,medulla,485,27.42646551828868,-54.02790249529555,14.343172460392298,derived topology (terminal positions); inferred global alignment
591900,R8p,L,medulla,341,79.2562251910701,-72.59351926125855,1.5799757021678433,derived topology (terminal positions); inferred global alignment
82994,R7y,L,medulla,263,95.87987902684876,52.921425668596854,13.470033149198587,derived topology (terminal positions); inferred global alignment
277902,R7_unclear,L,medulla,662,-10.193447217176725,-9.954264766898012,0.49629610389456597,derived topology (terminal positions); inferred global alignment
209941,R7_unclear,L,medulla,275,100.09785005693473,-38.088800546222586,3.918477641007964,derived topology (terminal positions); inferred global alignment
124821,R8p,L,medulla,222,109.72862069189517,-37.25181550795345,8.165751374200324,derived topology (terminal positions); inferred global alignment
335801,R7p,L,medulla,535,19.19513781713377,-43.23322430423986,15.683703003637165,derived topology (terminal positions); inferred global alignment
244376,R7p,L,medulla,341,82.3428892899857,-65.78863135612913,8.58195198816021,derived topology (terminal positions); inferred global alignment
530540,R7y,L,medulla,331,73.37197271774622,-20.807038731911817,7.33324877632686,derived topology (terminal positions); inferred global alignment
290217,R7_unclear,L,medulla,598,2.055404555539269,2.91016312153137,6.775544866301791,derived topology (terminal positions); inferred global alignment
207310,R7y,L,medulla,243,95.90518279923381,9.125125194631092,15.839700791003178,derived topology (terminal positions); inferred global alignment
562515,R7y,L,medulla,303,86.74201708465328,-35.58611555532742,7.2906187102525735,derived topology (terminal positions); inferred global alignment
247117,R7p,L,medulla,452,25.818456979501413,-40.465671585346385,1.3690190859637508,derived topology (terminal positions); inferred global alignment
561489,R7y,L,medulla,64,145.9288767026405,-19.297452542411293,9.616478116572077,derived topology (terminal positions); inferred global alignment
192103,R7y,L,medulla,340,70.54506451925454,-43.30247623150887,30.74196201593184,derived topology (terminal positions); inferred global alignment
306289,R8_unclear,L,medulla,513,9.886369501878697,-64.7631276812821,1.5589687877780927,derived topology (terminal positions); inferred global alignment
500764638,R8y,L,medulla,611,-28.990593886407297,62.03970744392973,28.28899683877124,derived topology (terminal positions); inferred global alignment
228277,R8p,L,medulla,531,40.55628971422598,-22.12613945578124,36.065030884126294,derived topology (terminal positions); inferred global alignment
383712,R8_unclear,L,medulla,612,-35.67571837982135,62.71906826399685,36.046663170635384,derived topology (terminal positions); inferred global alignment
220269,R8p,L,medulla,239,93.65861466312639,36.68461002330164,20.347018678258866,derived topology (terminal positions); inferred global alignment
79698,R7y,L,medulla,591,-23.631046590992625,58.378434490631506,24.996516611939697,derived topology (terminal positions); inferred global alignment
187437,R7_unclear,L,medulla,202,120.20745694826178,-57.988723323901745,2.1107055903421577,derived topology (terminal positions); inferred global alignment
210174,R8_unclear,L,medulla,447,29.55100871022058,18.6663833289033,5.4893530631113245,derived topology (terminal positions); inferred global alignment
351115,R8p,L,medulla,671,-22.816371657773885,41.53537612827419,14.476967159495667,derived topology (terminal positions); inferred global alignment
363173,R7_unclear,L,medulla,564,-12.10287557048646,-67.73064574441702,15.309545605925267,derived topology (terminal positions); inferred global alignment
206218,R7p,L,medulla,391,55.96603053730564,-6.7063505684808,6.976814121316218,derived topology (terminal positions); inferred global alignment
200599,R7y,L,medulla,148,119.63055922355701,-23.25468724906937,10.100451121129227,derived topology (terminal positions); inferred global alignment
196863,R8_unclear,L,medulla,24,145.23060259675844,-0.4049055483523809,6.665630900714807,derived topology (terminal positions); inferred global alignment
257997,R7p,L,medulla,622,28.386126167155986,-8.892963149280916,35.27847727079184,derived topology (terminal positions); inferred global alignment
322928,R7y,L,medulla,630,-32.07376214714688,-61.15487826367587,28.74450949459265,derived topology (terminal positions); inferred global alignment
245550,R8y,L,medulla,417,50.416088537093785,31.00827602643977,17.594162827794925,derived topology (terminal positions); inferred global alignment
560183,R8_unclear,L,medulla,187,101.65864203905582,34.27438596278556,21.12900905347387,derived topology (terminal positions); inferred global alignment
148849,R7y,L,medulla,69,139.26046115697244,-40.59353830447901,3.1623456899364775,derived topology (terminal positions); inferred global alignment
160035,R8d,L,medulla,133,131.82180449802615,55.87792279885917,3.1258039072718473,derived topology (terminal positions); inferred global alignment
175694,R8y,L,medulla,553,52.87667343166284,0.24066508331367964,52.170918669861095,derived topology (terminal positions); inferred global alignment
584035,R7y,L,medulla,6,150.18722815280807,6.546545964376189,10.678612414475399,derived topology (terminal positions); inferred global alignment
102376094,R8y,L,medulla,614,-30.374346262357818,50.806953454791795,29.381507891184523,derived topology (terminal positions); inferred global alignment
224972,R7y,L,medulla,292,91.46318753281383,63.13271443976964,2.875626405858427,derived topology (terminal positions); inferred global alignment
251184,R8y,L,medulla,110,146.6870026288966,-55.45193666511354,15.84291829115215,derived topology (terminal positions); inferred global alignment
257453,R7p,L,medulla,574,-0.5211021664387232,13.870321669098395,2.0292520939766403,derived topology (terminal positions); inferred global alignment
229138,R8p,L,medulla,425,36.83705257748748,-52.07594065852522,2.727909924192065,derived topology (terminal positions); inferred global alignment
182204,R8p,L,medulla,261,94.51605457148204,61.41475571442449,11.359623544999327,derived topology (terminal positions); inferred global alignment
411454,R8_unclear,L,medulla,590,-7.917168208567858,49.22741352281829,4.829126670241889,derived topology (terminal positions); inferred global alignment
588096,R7p,L,medulla,505,37.17259535398527,-20.797047825246064,27.852959217455837,derived topology (terminal positions); inferred global alignment
179830,R8p,L,medulla,248,96.95603712435033,-35.213491182157405,15.253071427042467,derived topology (terminal positions); inferred global alignment
188796,R7p,L,medulla,308,87.41541449667399,-55.430472844115094,11.54375323743242,derived topology (terminal positions); inferred global alignment
940701,R7p,L,medulla,710,-20.220854033740423,8.851805797373231,7.2969889400035735,derived topology (terminal positions); inferred global alignment
412593,R7y,L,medulla,580,5.15795200311927,-27.429924347752106,7.37176297737944,derived topology (terminal positions); inferred global alignment
231589,R7p,L,medulla,297,86.36364229371375,35.257766609122854,8.011656790993195,derived topology (terminal positions); inferred global alignment
466400404,R8y,L,medulla,369,67.09535660535178,-65.7429273367434,5.518959262938934,derived topology (terminal positions); inferred global alignment
256317,R7y,L,medulla,578,18.130432316853124,-12.24277401133849,20.46779394377966,derived topology (terminal positions); inferred global alignment
168504,R8y,L,medulla,241,108.39712252782624,31.565880759169346,3.184239410489001,derived topology (terminal positions); inferred global alignment
104489,R7y,L,medulla,101,126.88443357382505,-5.486348881778636,6.376618838198987,derived topology (terminal positions); inferred global alignment
252716,R7p,L,medulla,461,30.55508806474078,-67.68676010039334,7.554768685656458,derived topology (terminal positions); inferred global alignment
183489,R7p,L,medulla,19,140.47725458209817,20.951594309660408,2.057373449195361,derived topology (terminal positions); inferred global alignment
236542,R7p,L,medulla,227,111.10169093647482,-57.241351481293144,7.153866164527363,derived topology (terminal positions); inferred global alignment
240534,R7p,L,medulla,433,44.85479102613691,-64.31757587368408,14.02768455692887,derived topology (terminal positions); inferred global alignment
168127,R8y,L,medulla,189,109.99652441791595,25.464047080263928,12.243809441742652,derived topology (terminal positions); inferred global alignment
240940,R7_unclear,L,medulla,545,-4.415274159034766,49.121447338584474,5.450225350288406,derived topology (terminal positions); inferred global alignment
217227,R7p,L,medulla,219,76.41060161695447,-12.450763323860341,41.2375499821363,derived topology (terminal positions); inferred global alignment
164001,R8y,L,medulla,143,125.98906166765599,6.61003650239271,3.033194308476054,derived topology (terminal positions); inferred global alignment
224548,R7_unclear,L,medulla,448,48.29574678750047,5.189979451485485,23.8906255121832,derived topology (terminal positions); inferred global alignment
222516,R7y,L,medulla,412,44.41074182415433,52.791842137122664,15.959552648462509,derived topology (terminal positions); inferred global alignment
206630,R7y,L,medulla,65,150.204299425523,-24.187557650845335,13.863482633865098,derived topology (terminal positions); inferred global alignment
187999,R8p,L,medulla,424,51.874311035264235,-38.98492185920503,18.785147205553702,derived topology (terminal positions); inferred global alignment
1035284341,R8p,L,medulla,621,-6.727871677656367,-5.737793106759139,0.33409142780272805,derived topology (terminal positions); inferred global alignment
194838,R7y,L,medulla,392,49.57806163093934,-24.186696682989734,0.5208948772662098,derived topology (terminal positions); inferred global alignment
543995,R8y,L,medulla,47,153.25576833066714,-26.49394868113882,15.774006941116184,derived topology (terminal positions); inferred global alignment
207647,R7p,L,medulla,142,105.94229325659998,12.034995289785362,23.074191681614277,derived topology (terminal positions); inferred global alignment
524567,R8_unclear,L,medulla,68,148.24767040211862,-40.09321590681802,12.560008422738619,derived topology (terminal positions); inferred global alignment
234691,R7y,L,medulla,551,8.582605601381736,11.314923421409532,7.8293772179391,derived topology (terminal positions); inferred global alignment
251769,R8y,L,medulla,532,8.651623795047605,-34.39452944663908,4.0479950919860705,derived topology (terminal positions); inferred global alignment
190355,R8p,L,medulla,163,116.151578464046,28.103385129824012,11.022256565935384,derived topology (terminal positions); inferred global alignment
104468,R7_unclear,L,medulla,38,136.49386299736685,17.859895613072556,1.530455304438829,derived topology (terminal positions); inferred global alignment
223173,R7y,L,medulla,424,45.17595460622806,-39.348910529471055,13.10423281508141,derived topology (terminal positions); inferred global alignment
161539,R7p,L,medulla,211,111.54520144189047,49.7277737611409,5.967888129168708,derived topology (terminal positions); inferred global alignment
208377,R7p,L,medulla,98,128.6475719861444,12.34410336602764,4.58442411339327,derived topology (terminal positions); inferred global alignment
191642,R8p,L,medulla,277,83.77244087320432,-40.5959755038021,23.283422976710806,derived topology (terminal positions); inferred global alignment
553439,R8_unclear,L,medulla,206,119.44446762062279,64.28136500177737,2.0441198645046494,derived topology (terminal positions); inferred global alignment
273995,R8_unclear,L,medulla,376,43.13783132289953,77.56208573448481,6.142260729655001,derived topology (terminal positions); inferred global alignment
204956,R8p,L,medulla,355,63.99759382839304,56.556283696151716,1.4114764378358458,derived topology (terminal positions); inferred global alignment
144839,R7_unclear,L,medulla,348,69.26090643041857,51.65147653880929,24.047085220967986,derived topology (terminal positions); inferred global alignment
242206,R8p,L,medulla,390,59.12390207897627,10.120435865101742,9.94225897966578,derived topology (terminal positions); inferred global alignment
410617,R7p,L,medulla,456,26.31759517773883,-59.9462368030485,2.5435630436770826,derived topology (terminal positions); inferred global alignment
259241,R8p,L,medulla,420,60.258801035244964,3.3943609504676577,24.87724278051378,derived topology (terminal positions); inferred global alignment
940946,R7y,L,medulla,713,-92.84478070057493,-1.7324366130375817,79.64606756342252,derived topology (terminal positions); inferred global alignment
195947,R7_unclear,L,medulla,255,108.78652020979108,-61.394680288612236,5.8931681674880965,derived topology (terminal positions); inferred global alignment
940821,R7p,L,medulla,714,-116.327482066005,-9.107393991257686,103.16099512483828,derived topology (terminal positions); inferred global alignment
198312,R7y,L,medulla,222,77.21713730520818,-26.1482503406381,42.5148291358774,derived topology (terminal positions); inferred global alignment
212832,R8p,L,medulla,332,78.33227592670946,-36.04197852518733,1.8118852550377709,derived topology (terminal positions); inferred global alignment
395681,R8p,L,medulla,545,-4.693853735599589,53.643387691033155,7.906382112792759,derived topology (terminal positions); inferred global alignment
201940,R7_unclear,L,medulla,228,117.2514061357156,-63.08255226030586,0.5696172839525309,derived topology (terminal positions); inferred global alignment
199174,R8_unclear,L,medulla,111,131.7285168567614,52.32793644733292,1.3116545476456667,derived topology (terminal positions); inferred global alignment
227998,R8y,L,medulla,44,151.59579789408957,-12.74054282593459,14.076327780650987,derived topology (terminal positions); inferred global alignment
265205,R8p,L,medulla,533,28.56006288181691,-33.18889772836199,24.687766355022806,derived topology (terminal positions); inferred global alignment
202377,R7y,L,medulla,256,97.35255240946006,-52.367942038797366,21.390792845127137,derived topology (terminal positions); inferred global alignment
219749,R8y,L,medulla,299,69.52469974257565,12.537918810637652,23.700286168670324,derived topology (terminal positions); inferred global alignment
229321,R8_unclear,L,medulla,285,97.4140577211931,-70.44462999067277,6.650683150464121,derived topology (terminal positions); inferred global alignment
191338,R8y,L,medulla,365,59.35361939667571,-36.64195630977147,21.618602049897888,derived topology (terminal positions); inferred global alignment
84717,R7_unclear,L,medulla,120,130.17755636866252,9.080487281010752,1.5927995459236253,derived topology (terminal positions); inferred global alignment
178007,R7y,L,medulla,141,105.17710703005369,18.746766254852346,23.822619237158367,derived topology (terminal positions); inferred global alignment
167683,R8d,L,medulla,289,89.55758360898236,69.57743567137571,4.005562268774826,derived topology (terminal positions); inferred global alignment
482164,R8_unclear,L,medulla,412,38.924217254189635,63.913534380789805,4.012465034946123,derived topology (terminal positions); inferred global alignment
549663,R7_unclear,L,medulla,63,155.99870285330894,-14.088311882805547,19.696504906033194,derived topology (terminal positions); inferred global alignment
218368,R8y,L,medulla,249,107.12390024899284,-44.566183325426856,4.710435520582807,derived topology (terminal positions); inferred global alignment
931529,R7p,L,medulla,544,-1.9258489095003455,53.742090614264754,3.5726903341230045,derived topology (terminal positions); inferred global alignment
197063,R8p,L,medulla,193,106.98559469630928,-9.69891876415628,15.27604061607858,derived topology (terminal positions); inferred global alignment
279855,R7_unclear,L,medulla,413,37.56278262536385,60.819873268012856,3.0634439216560496,derived topology (terminal positions); inferred global alignment
170543,R8y,L,medulla,45,146.0146808353582,-16.29995635424508,8.470697965326504,derived topology (terminal positions); inferred global alignment
228492,R8p,L,medulla,426,45.16239184073986,-49.031197391785646,14.09064419650053,derived topology (terminal positions); inferred global alignment
276518,R7_unclear,L,medulla,469,27.526798328530397,47.35676948390334,14.671662485689076,derived topology (terminal positions); inferred global alignment
543527,R7d,L,medulla,33,142.25173473565286,36.19298734653074,4.756260491153119,derived topology (terminal positions); inferred global alignment
485322,R7y,L,medulla,466,16.43160271234195,65.66905125569814,0.5148192818678426,derived topology (terminal positions); inferred global alignment
209454,R7p,L,medulla,314,84.23950884468826,-68.0723788035878,11.515723339467907,derived topology (terminal positions); inferred global alignment
358818,R8y,L,medulla,631,-10.99621720786267,45.17425931793029,2.9445667694646276,derived topology (terminal positions); inferred global alignment
300145,R7d,L,medulla,654,-49.59694219687826,54.65600781997644,47.16164389192078,derived topology (terminal positions); inferred global alignment
206301,R7p,L,medulla,333,73.83868450304963,-28.82720134205841,18.753941218705304,derived topology (terminal positions); inferred global alignment
173398,R7p,L,medulla,547,5.0147725488907895,35.787519571712046,5.3913584841666236,derived topology (terminal positions); inferred global alignment
513323,R8y,L,medulla,5,163.93153039879002,10.542226290811099,24.42646011567148,derived topology (terminal positions); inferred global alignment
232297,R7y,L,medulla,387,52.4800140094728,39.374133480559735,8.6626911849564,derived topology (terminal positions); inferred global alignment
563950,R7y,L,medulla,50,137.71899425583638,-35.445142631326156,0.34864993429923763,derived topology (terminal positions); inferred global alignment
173303,R7p,L,medulla,357,63.67389319298844,42.12426364680638,1.9049260665229566,derived topology (terminal positions); inferred global alignment
195829,R7p,L,medulla,302,90.59029483787086,-28.171479380038832,2.4491218954773446,derived topology (terminal positions); inferred global alignment
33421,R7y,L,medulla,32,145.50678126176473,-32.71660037508137,6.905256533743425,derived topology (terminal positions); inferred global alignment
202004,R8y,L,medulla,64,168.3321324315994,-19.828865056299314,31.99823374996307,derived topology (terminal positions); inferred global alignment
468185,R7p,L,medulla,687,-49.14425959601854,-55.82935678706596,42.750395879901255,derived topology (terminal positions); inferred global alignment
176520,R7p,L,medulla,154,133.03184132190268,-52.86804223340107,4.151531367016744,derived topology (terminal positions); inferred global alignment
366488,R7_unclear,L,medulla,540,-1.4635710007596572,-67.2642627759467,7.263680258816686,derived topology (terminal positions); inferred global alignment
158143,R7p,L,medulla,330,64.83425784329694,-8.411941515899997,15.022776760990556,derived topology (terminal positions); inferred global alignment
203464,R7p,L,medulla,301,85.81307505509997,-14.889864943235848,7.205521860408119,derived topology (terminal positions); inferred global alignment
211580,R7_unclear,L,medulla,18,147.10520125218073,24.43413096332887,8.609859271943288,derived topology (terminal positions); inferred global alignment
166473,R7y,L,medulla,108,144.9857282488137,-44.466876525216364,12.325417884633667,derived topology (terminal positions); inferred global alignment
277131,R7y,L,medulla,494,6.955347936567222,56.15936324248377,3.4545266197535476,derived topology (terminal positions); inferred global alignment
214551,R8_unclear,L,medulla,256,107.73267967541898,-66.5562339606035,4.22052182188446,derived topology (terminal positions); inferred global alignment
170815,R7y,L,medulla,81,84.19182359109439,-8.704013634925309,50.719160638286006,derived topology (terminal positions); inferred global alignment
521181,R7y,L,medulla,192,105.89054522382396,-0.6967697340855763,16.36524521035526,derived topology (terminal positions); inferred global alignment
360088,R7_unclear,L,medulla,557,3.300742571806495,-34.787495881506864,2.7363217893478775,derived topology (terminal positions); inferred global alignment
218003,R8y,L,medulla,374,63.24386565789389,-74.57628312555114,3.077346694114477,derived topology (terminal positions); inferred global alignment
130575,R7_unclear,L,medulla,47,158.9714445987974,-25.855746200320862,21.433654222775463,derived topology (terminal positions); inferred global alignment
248000,R8p,L,medulla,337,75.59131296739865,-56.9499997574173,10.260337324391301,derived topology (terminal positions); inferred global alignment
246047,R7d,L,medulla,518,-11.156088439337253,63.83360931091367,16.67070273923831,derived topology (terminal positions); inferred global alignment
518104,R8p,L,medulla,129,131.90522967373107,-41.44939410976354,0.6128033469678769,derived topology (terminal positions); inferred global alignment
372067,R8y,L,medulla,577,14.67731751615839,-6.288887528969438,16.8993529683341,derived topology (terminal positions); inferred global alignment
242403,R7p,L,medulla,589,-9.300970160887886,53.00797105806138,6.256557666849259,derived topology (terminal positions); inferred global alignment
117358,R7d,L,medulla,260,98.38131620721994,64.1689122779052,7.860661299431675,derived topology (terminal positions); inferred global alignment
524955,R8_unclear,L,medulla,149,112.02994055039964,-29.601263526737032,17.1662765771688,derived topology (terminal positions); inferred global alignment
292315,R8y,L,medulla,488,13.408110354208567,-71.194698941675,3.4602447033438177,derived topology (terminal positions); inferred global alignment
200000413,R7p,L,medulla,579,-0.6542860065846412,-20.873535733333412,1.6730856444880648,derived topology (terminal positions); inferred global alignment
181599,R8p,L,medulla,297,81.95582719262383,33.708127264849445,12.591011730125004,derived topology (terminal positions); inferred global alignment
532645,R8y,L,medulla,86,144.05210122995447,-36.16778824850107,9.774052247267662,derived topology (terminal positions); inferred global alignment
746770334,R7p,L,medulla,533,14.209104444717468,-37.632058747326,9.690803316137691,derived topology (terminal positions); inferred global alignment
276093,R7y,L,medulla,468,24.08213019568734,53.25837367638296,10.424734767668982,derived topology (terminal positions); inferred global alignment
246994,R8y,L,medulla,280,102.4161163370316,-62.91145989760826,1.5618892335862211,derived topology (terminal positions); inferred global alignment
188826,R8p,L,medulla,244,91.88905623809033,-0.24087306207791032,19.542164782001937,derived topology (terminal positions); inferred global alignment
223871,R8_unclear,L,medulla,234,108.72617639609118,63.87009817400873,2.7601854629650306,derived topology (terminal positions); inferred global alignment
517962,R8_unclear,L,medulla,197,101.59008204306355,-32.75092253823026,21.577831140240203,derived topology (terminal positions); inferred global alignment
209937,R7_unclear,L,medulla,229,115.97597089376026,-64.70879792943755,1.6422148332595514,derived topology (terminal positions); inferred global alignment
260572,R7p,L,medulla,426,38.95434263557572,-54.64355066821914,5.77915177458503,derived topology (terminal positions); inferred global alignment
318084,R7p,L,medulla,481,32.695704680285445,-37.744000549196805,19.07178841848145,derived topology (terminal positions); inferred global alignment
475836077,R7y,L,medulla,619,-5.71474532149135,5.3087375651537005,1.5034314769192738,derived topology (terminal positions); inferred global alignment
105083813,R8_unclear,L,medulla,539,-5.4606138169637575,-69.1264535647887,12.799244590931094,derived topology (terminal positions); inferred global alignment
235171,R7p,L,medulla,390,57.41728467853392,8.928005939648813,8.220984536462923,derived topology (terminal positions); inferred global alignment
452552,R8y,L,medulla,655,-46.63466630468132,48.42560920370378,43.57558436900616,derived topology (terminal positions); inferred global alignment
179884,R8p,L,medulla,162,115.57717305776922,33.77760308749565,11.413250813129027,derived topology (terminal positions); inferred global alignment
199937,R8_unclear,L,medulla,3,141.9006022744916,19.61885814223554,2.600213021602628,derived topology (terminal positions); inferred global alignment
250789,R8_unclear,L,medulla,179,131.26193182073874,-62.16380162765574,6.174741187691913,derived topology (terminal positions); inferred global alignment
252276,R7y,L,medulla,716,-18.372090644666983,-12.666362066797245,5.53833978709918,derived topology (terminal positions); inferred global alignment
279790,R8y,L,medulla,482,25.805693974638288,-50.18613275584919,9.965095618085005,derived topology (terminal positions); inferred global alignment
548189,R7d,L,medulla,0,147.9335145313213,28.37752284836579,8.493836448521757,derived topology (terminal positions); inferred global alignment
350367,R7y,L,medulla,566,-11.497347056506939,58.539221024587924,10.85493440201025,derived topology (terminal positions); inferred global alignment
392816,R8y,L,medulla,663,-8.871790704823738,-17.188232102528254,2.0742718023602307,derived topology (terminal positions); inferred global alignment
197773,R8p,L,medulla,330,69.69274002928195,-9.540515741044505,10.233712790549081,derived topology (terminal positions); inferred global alignment
232029,R8y,L,medulla,146,99.87744666666671,-12.677830848892045,29.049164235793036,derived topology (terminal positions); inferred global alignment
160040,R7_unclear,L,medulla,163,114.94193101129719,29.818300408856658,11.477278316396204,derived topology (terminal positions); inferred global alignment
447720,R8y,L,medulla,408,33.89205764270565,73.13854428836854,1.7246741668195285,derived topology (terminal positions); inferred global alignment
230363,R8p,L,medulla,262,103.55933120340063,65.01036595474866,1.4756151491892968,derived topology (terminal positions); inferred global alignment
231394,R7_unclear,L,medulla,602,27.35239945085322,-18.41007827525535,32.327446114698645,derived topology (terminal positions); inferred global alignment
198911,R8y,L,medulla,87,152.81526299877646,-45.68013437743632,20.10820186892335,derived topology (terminal positions); inferred global alignment
289085,R8y,L,medulla,578,-0.18061501343266428,-14.013577469497175,2.114291195969779,derived topology (terminal positions); inferred global alignment
132777,R7y,L,medulla,194,119.00418309467801,-18.057967883633818,3.252940440116137,derived topology (terminal positions); inferred global alignment
277695,R8y,L,medulla,526,9.081556572676973,18.479658962097773,4.332198132132506,derived topology (terminal positions); inferred global alignment
203581,R7_unclear,L,medulla,24,138.76763149634718,0.07952954171814386,0.18736745779146308,derived topology (terminal positions); inferred global alignment
160020,R7_unclear,L,medulla,321,70.20394277969982,56.082514925178906,16.004934296732007,derived topology (terminal positions); inferred global alignment
227167,R7d,L,medulla,290,90.46483409092956,65.65743621083293,5.018076414743375,derived topology (terminal positions); inferred global alignment
240672,R8_unclear,L,medulla,431,33.649969377266885,-70.34603259152202,2.4496992087085294,derived topology (terminal positions); inferred global alignment
475707,R7_unclear,L,medulla,493,11.863962187192158,61.19986021819069,2.1142192995608364,derived topology (terminal positions); inferred global alignment
218466,R7y,L,medulla,509,39.63776057626323,-34.69672362427015,34.04034578305076,derived topology (terminal positions); inferred global alignment
224899,R8y,L,medulla,394,50.92156746141323,-47.2754279153806,1.7856647268866357,derived topology (terminal positions); inferred global alignment
364207,R8p,L,medulla,547,3.976193957178559,38.267470903584446,3.2243697617094025,derived topology (terminal positions); inferred global alignment
222629,R7_unclear,L,medulla,504,38.33392695522423,-12.727525721638248,28.81395358732007,derived topology (terminal positions); inferred global alignment
208510,R8p,L,medulla,62,138.9870778257664,-9.965516991634225,2.6726340594362417,derived topology (terminal positions); inferred global alignment
207738,R7y,L,medulla,417,40.475586811536665,36.07144819407611,6.559319564323093,derived topology (terminal positions); inferred global alignment
189604,R8_unclear,L,medulla,139,126.03039674356489,31.04491941620216,3.5041323857768987,derived topology (terminal positions); inferred global alignment
244412,R8p,L,medulla,456,30.347412292876946,-54.60356680130704,9.210035148473088,derived topology (terminal positions); inferred global alignment
324294,R7y,L,medulla,585,-8.40650216077556,-55.899949928632665,8.555215424526338,derived topology (terminal positions); inferred global alignment
253051,R8_unclear,L,medulla,41,167.124625894044,1.8543260249168891,29.602364247074448,derived topology (terminal positions); inferred global alignment
26406,R7_unclear,L,medulla,234,105.13239468436522,59.23905784845464,8.247113893591294,derived topology (terminal positions); inferred global alignment
186254,R7y,L,medulla,220,92.24662222721328,-21.129432182324294,25.549786714837147,derived topology (terminal positions); inferred global alignment
193978,R7p,L,medulla,361,62.235846063934346,-18.67235401440793,2.852872879908973,derived topology (terminal positions); inferred global alignment
162985,R7y,L,medulla,217,80.58876571818016,3.405970879565937,37.01064425993045,derived topology (terminal positions); inferred global alignment
174634,R8_unclear,L,medulla,125,112.46891427288733,-21.45189723038106,18.82731236509938,derived topology (terminal positions); inferred global alignment
253311,R7y,L,medulla,524,20.313500686664526,30.857169882956466,15.826491438083552,derived topology (terminal positions); inferred global alignment
174103,R7y,L,medulla,146,124.49936662976111,-14.253320764370692,4.3795092623263585,derived topology (terminal positions); inferred global alignment
173712,R8p,L,medulla,168,124.05470220474186,-3.763239928749636,1.8820944412339662,derived topology (terminal positions); inferred global alignment
231323,R8y,L,medulla,269,97.57684398160322,28.47250010243166,6.603875405593286,derived topology (terminal positions); inferred global alignment
442854,R8y,L,medulla,706,-18.70848262895622,28.7919650540494,6.117317598583477,derived topology (terminal positions); inferred global alignment
170401,R8_unclear,L,medulla,268,102.92541219279886,40.053599881323244,0.6639360239228055,derived topology (terminal positions); inferred global alignment
187202,R8_unclear,L,medulla,270,79.57930516078335,16.132099300375877,24.221859547282243,derived topology (terminal positions); inferred global alignment
237294,R7_unclear,L,medulla,317,77.71923146765045,71.10296332327341,4.625467735413327,derived topology (terminal positions); inferred global alignment
164554120,R8p,L,medulla,668,-48.0581957292995,-61.13888181893506,45.39132490002807,derived topology (terminal positions); inferred global alignment
334114,R8y,L,medulla,651,-29.488404531117823,54.61990268869005,24.505367638192798,derived topology (terminal positions); inferred global alignment
188820,R8y,L,medulla,298,71.25001261115482,18.75904527541335,24.080031761403728,derived topology (terminal positions); inferred global alignment
78892,R8d,L,medulla,157,125.23781702061834,58.28222687384684,1.6871631121990973,derived topology (terminal positions); inferred global alignment
147436,R8y,L,medulla,75,134.40506649133465,23.08283913983319,1.1685538370887703,derived topology (terminal positions); inferred global alignment
263069,R7y,L,medulla,409,33.44345818741769,68.90590989908756,3.7901947633169666,derived topology (terminal positions); inferred global alignment
191686,R8p,L,medulla,343,69.54708497996008,-53.01696873014095,25.483869607618594,derived topology (terminal positions); inferred global alignment
205436,R7p,L,medulla,546,4.645892327972426,41.45601593682709,4.520955715921239,derived topology (terminal positions); inferred global alignment
550553,R7y,L,medulla,88,151.3616604809652,-45.450025408975876,17.308191373246338,derived topology (terminal positions); inferred global alignment
230099,R7p,L,medulla,441,24.808201393459775,59.03132843935675,2.794296652120697,derived topology (terminal positions); inferred global alignment
193316,R7_unclear,L,medulla,218,108.42590572055774,-6.022655719942631,9.160660375132226,derived topology (terminal positions); inferred global alignment
158048,R8_unclear,L,medulla,686,-64.84363774366163,-46.34985041956413,55.33585141542343,derived topology (terminal positions); inferred global alignment
218169,R8p,L,medulla,251,99.29456348839155,-47.36006999932089,14.816396279115901,derived topology (terminal positions); inferred global alignment
216744,R8_unclear,L,medulla,448,50.536270091888454,6.26703485350217,26.04351359047192,derived topology (terminal positions); inferred global alignment
240526,R7_unclear,L,medulla,428,37.71379149510135,-61.784725572563865,4.767037353706973,derived topology (terminal positions); inferred global alignment
221674,R8_unclear,L,medulla,58,135.79767540651486,10.091900433124252,0.6524312646562491,derived topology (terminal positions); inferred global alignment
194390,R7y,L,medulla,30,165.92731474818402,-28.23229818463659,27.472995228684706,derived topology (terminal positions); inferred global alignment
212421,R7y,L,medulla,434,43.44801926409926,-70.68355907932587,9.483338263962425,derived topology (terminal positions); inferred global alignment
186253,R7_unclear,L,medulla,269,84.14061630568389,24.223088036528093,20.632133582439113,derived topology (terminal positions); inferred global alignment
199017,R8_unclear,L,medulla,203,120.6928094373284,-60.57581182258968,1.6129209251553114,derived topology (terminal positions); inferred global alignment
238411,R8y,L,medulla,576,40.91855283499548,3.270101377089789,43.21037290370524,derived topology (terminal positions); inferred global alignment
238959,R7y,L,medulla,600,6.091712108637907,-9.52819020588172,10.78832325017784,derived topology (terminal positions); inferred global alignment
196799,R7p,L,medulla,498,17.30506592118146,39.08934801248109,7.745367827741891,derived topology (terminal positions); inferred global alignment
212396,R8y,L,medulla,283,100.62719208236796,-69.20184202104741,3.1103065609517415,derived topology (terminal positions); inferred global alignment
179650,R7y,L,medulla,502,30.644402110981993,5.749170527711357,20.975990657193616,derived topology (terminal positions); inferred global alignment
205410,R8_unclear,L,medulla,67,159.2197098257256,-39.444428493760995,23.90185624734334,derived topology (terminal positions); inferred global alignment
172875,R8y,L,medulla,271,92.77505275357137,6.48083799207509,10.709450983549202,derived topology (terminal positions); inferred global alignment
536457,R7p,L,medulla,162,123.33080701734491,39.93736444054706,2.827615846547155,derived topology (terminal positions); inferred global alignment
231611,R8p,L,medulla,77,135.09446538918868,13.644787603730556,0.4796897550611721,derived topology (terminal positions); inferred global alignment
449558,R7p,L,medulla,563,-3.9774222907603587,-58.671000680255915,5.025624700451727,derived topology (terminal positions); inferred global alignment
216296,R8y,L,medulla,566,-10.015840601273581,59.72397957785268,10.329789041307608,derived topology (terminal positions); inferred global alignment
251931,R7_unclear,L,medulla,572,11.629476392207103,28.7142920615973,13.804437540003558,derived topology (terminal positions); inferred global alignment
233096,R7y,L,medulla,382,49.39852094971552,68.26175114800132,0.8742321718221385,derived topology (terminal positions); inferred global alignment
215102,R8y,L,medulla,178,129.86099880890663,-58.64086795976098,4.386936044483443,derived topology (terminal positions); inferred global alignment
350714,R7y,L,medulla,608,-24.375509157128533,-60.48077032617127,22.90770594494943,derived topology (terminal positions); inferred global alignment
240887,R7_unclear,L,medulla,499,12.285700190376026,33.84211398439703,2.574478939101592,derived topology (terminal positions); inferred global alignment
527276,R7y,L,medulla,501,46.88078504366359,11.32729571860487,37.50922761403596,derived topology (terminal positions); inferred global alignment
348525,R8_unclear,L,medulla,593,-8.717473995503198,36.461943848158654,4.968732358277458,derived topology (terminal positions); inferred global alignment
166788,R8p,L,medulla,362,63.131673054009,-27.535549398997535,4.715148947210794,derived topology (terminal positions); inferred global alignment
182397,R8y,L,medulla,29,161.1618214172006,-22.32023342416462,22.570896388769256,derived topology (terminal positions); inferred global alignment
147687811,R8y,L,medulla,591,-29.246318989867603,58.5475928069912,29.582392352477676,derived topology (terminal positions); inferred global alignment
279886,R8_unclear,L,medulla,429,37.79157534347016,-65.99695707706061,3.3678861287656408,derived topology (terminal positions); inferred global alignment
439152,R8_unclear,L,medulla,718,-107.45554236416662,-32.2360235840351,94.75263029490621,derived topology (terminal positions); inferred global alignment
525696558,R8_unclear,L,medulla,711,-44.72889869838599,5.921320698139885,31.542998384977253,derived topology (terminal positions); inferred global alignment
329976,R8_unclear,L,medulla,467,16.72784155826872,63.11143612617935,0.6077467842796569,derived topology (terminal positions); inferred global alignment
213204317,R8p,L,medulla,602,-3.093679105458591,-24.206927023079402,2.2148375810057526,derived topology (terminal positions); inferred global alignment
175000,R8y,L,medulla,108,147.40564724899315,-48.16539102230007,16.023625212413243,derived topology (terminal positions); inferred global alignment
560981,R7p,L,medulla,386,50.25268767101436,51.72557663050122,2.830276935528276,derived topology (terminal positions); inferred global alignment
545250,R7y,L,medulla,359,67.38842155595827,16.873783901210647,2.992289945542958,derived topology (terminal positions); inferred global alignment
219152,R7y,L,medulla,136,128.3319658289379,45.57488312386895,0.7973610838784688,derived topology (terminal positions); inferred global alignment
15479,R8p,L,medulla,350,67.85546092899997,70.25764513494455,3.936240318407757,derived topology (terminal positions); inferred global alignment
347926,R8_unclear,L,medulla,704,-26.252636378990758,-34.67654407981473,14.120583853824101,derived topology (terminal positions); inferred global alignment
254980,R7y,L,medulla,556,19.32046913377023,-21.07447463510577,19.457030109532766,derived topology (terminal positions); inferred global alignment
192213,R8p,L,medulla,10,160.63386417978884,-11.076175497793793,21.121727729234255,derived topology (terminal positions); inferred global alignment
192216,R8_unclear,L,medulla,90,137.7450393111157,49.38241878011734,5.070998104722575,derived topology (terminal positions); inferred global alignment
281289,R8_unclear,L,medulla,546,-1.0892000369722155,47.24467068494028,3.797173620363342,derived topology (terminal positions); inferred global alignment
143069555,R8y,L,medulla,560,1.7018312398492554,-46.2364598725777,1.8754660894532746,derived topology (terminal positions); inferred global alignment
209091,R7y,L,medulla,444,48.787585092590994,33.32992061224105,28.50426552289716,derived topology (terminal positions); inferred global alignment
282213,R8_unclear,L,medulla,523,31.644068449126014,36.31020218090062,27.096065760863404,derived topology (terminal positions); inferred global alignment
342663,R8y,L,medulla,615,-9.593802858694119,30.53446052117939,3.35794965470269,derived topology (terminal positions); inferred global alignment
318682,R8_unclear,L,medulla,538,6.091235887775291,-61.12885808326612,2.598131132597897,derived topology (terminal positions); inferred global alignment
347976,R7_unclear,L,medulla,614,-8.093650316103435,33.79645136999329,1.4412018403586035,derived topology (terminal positions); inferred global alignment
243092,R8p,L,medulla,253,110.1393949485191,-60.57690021506735,2.0698216376123226,derived topology (terminal positions); inferred global alignment
201551,R8_unclear,L,medulla,4,153.45141170504877,16.60993739402333,14.07751796190534,derived topology (terminal positions); inferred global alignment
537449,R8_unclear,L,medulla,176,137.9473813848129,-58.75025292903329,14.366203680932802,derived topology (terminal positions); inferred global alignment
196526,R8_unclear,L,medulla,228,99.79404234733656,-53.41354277473578,20.05623694598247,derived topology (terminal positions); inferred global alignment
285891,R8p,L,medulla,438,21.854765689131092,70.48251452741734,3.110592048774868,derived topology (terminal positions); inferred global alignment
543117,R7y,L,medulla,187,115.29596891610106,37.203468599167465,7.193879212667087,derived topology (terminal positions); inferred global alignment
168384,R7_unclear,L,medulla,145,91.23958122563303,-6.8612305914935225,37.627102437636744,derived topology (terminal positions); inferred global alignment
50109,R7d,L,medulla,286,89.05671243497682,69.97975142753181,6.666551306560906,derived topology (terminal positions); inferred global alignment
193488629,R8_unclear,L,medulla,633,-24.847625918114645,48.289980627061425,19.862621204122735,derived topology (terminal positions); inferred global alignment
300607,R8_unclear,L,medulla,524,11.145389668792063,35.368816947580555,6.567840472814785,derived topology (terminal positions); inferred global alignment
549954,R8p,L,medulla,12,151.9231250421754,-18.23685693307717,12.398736750783078,derived topology (terminal positions); inferred global alignment
224208,R7y,L,medulla,395,50.74332030409276,-50.68014836429167,3.743394334174328,derived topology (terminal positions); inferred global alignment
166128,R7p,L,medulla,389,57.020035658559955,20.239739855428212,9.33176070241165,derived topology (terminal positions); inferred global alignment
199588,R8y,L,medulla,387,54.72528869679191,42.02310900864389,7.710932013888808,derived topology (terminal positions); inferred global alignment
407498,R8_unclear,L,medulla,715,-14.842338139795032,-10.296304238869741,1.6592641287264682,derived topology (terminal positions); inferred global alignment
216001,R8p,L,medulla,122,103.98723002922935,-3.1151197763594514,27.27499183737132,derived topology (terminal positions); inferred global alignment
139813,R7_unclear,L,medulla,195,100.87747360704249,-22.897896196151518,21.572444814980216,derived topology (terminal positions); inferred global alignment
287508,R7p,L,medulla,443,35.827938029390126,44.403529258473604,14.739206498965244,derived topology (terminal positions); inferred global alignment
184342,R8y,L,medulla,166,125.32270506466358,12.954463954993741,0.7077930349904046,derived topology (terminal positions); inferred global alignment
217026,R7p,L,medulla,295,81.38679854793546,42.700230200311196,16.24159349958158,derived topology (terminal positions); inferred global alignment
173272,R7_unclear,L,medulla,91,134.26747125967972,45.99514767343864,2.1417843075507585,derived topology (terminal positions); inferred global alignment
198583,R7y,L,medulla,245,95.88485281723653,-11.854557241319565,15.574203958021196,derived topology (terminal positions); inferred global alignment
251637,R7y,L,medulla,460,33.137545329742835,-61.944199654340586,12.318705744785593,derived topology (terminal positions); inferred global alignment
253956104,R7y,L,medulla,554,1.4962120244305908,-12.395487286052749,0.6196620422761292,derived topology (terminal positions); inferred global alignment
194970,R7_unclear,L,medulla,3,147.3033740482228,18.472347183308933,7.808947205156557,derived topology (terminal positions); inferred global alignment
253460,R7_unclear,L,medulla,599,32.35319747830836,-1.5143261031205884,37.07611920496188,derived topology (terminal positions); inferred global alignment
246600,R8p,L,medulla,201,124.01128442402128,-55.455000000014095,1.7281755519840727,derived topology (terminal positions); inferred global alignment
242807,R7_unclear,L,medulla,373,60.20776589501651,-67.88013281245344,9.562668841517107,derived topology (terminal positions); inferred global alignment
152273,R7d,L,medulla,158,126.87577429901663,54.716177677363824,1.219168609262465,derived topology (terminal positions); inferred global alignment
241322,R7y,L,medulla,165,92.606983918365,14.866206115036144,33.71428562868507,derived topology (terminal positions); inferred global alignment
179576,R8_unclear,L,medulla,100,128.0971006223423,0.43935918540447355,5.150820676946241,derived topology (terminal positions); inferred global alignment
142321,R7_unclear,L,medulla,381,50.259377670760884,65.28590723134255,5.9538893389775955,derived topology (terminal positions); inferred global alignment
233439,R7y,L,medulla,322,77.23178342667524,60.93845329965827,6.0023249864057275,derived topology (terminal positions); inferred global alignment
208600,R8p,L,medulla,361,62.97622474664923,-13.02984623634242,4.407499060086152,derived topology (terminal positions); inferred global alignment
250976,R8p,L,medulla,381,56.46672072253637,58.70759517194722,14.420009409084345,derived topology (terminal positions); inferred global alignment
337771,R8_unclear,L,medulla,548,9.852633922774466,30.54971028138907,9.529818855039666,derived topology (terminal positions); inferred global alignment
176752,R8_unclear,L,medulla,195,107.0525392191486,-23.90328924552895,15.319451107258717,derived topology (terminal positions); inferred global alignment
197153,R8p,L,medulla,366,61.63583922379845,-55.50713444290054,7.304532279464373,derived topology (terminal positions); inferred global alignment
156910,R7_unclear,L,medulla,20,149.40354914466758,15.84318604928213,10.989751491193884,derived topology (terminal positions); inferred global alignment
518409,R8p,L,medulla,226,113.38919999664344,-55.53154327335092,4.595531103949073,derived topology (terminal positions); inferred global alignment
254620,R8y,L,medulla,310,91.25530319110074,-67.02361748607053,3.4763784972995846,derived topology (terminal positions); inferred global alignment
190435,R8_unclear,L,medulla,325,76.91283572596257,46.88217551596286,7.676426784596589,derived topology (terminal positions); inferred global alignment
238694,R8_unclear,L,medulla,319,73.34366932581003,59.294098036244186,14.790162499281063,derived topology (terminal positions); inferred global alignment
183239,R8y,L,medulla,242,91.84257243287655,19.012196631470403,20.006090048784376,derived topology (terminal positions); inferred global alignment
282709,R7y,L,medulla,668,-43.79544113131364,-60.23541028440563,41.35091547441479,derived topology (terminal positions); inferred global alignment
196700,R7y,L,medulla,385,53.106026647201176,44.90436068683831,15.177763026474521,derived topology (terminal positions); inferred global alignment
225426,R7p,L,medulla,306,83.01938353388798,-44.957216741998025,16.985019903558904,derived topology (terminal positions); inferred global alignment
190633,R8_unclear,L,medulla,307,92.18217038470932,-62.22168558288459,0.9396544539445536,derived topology (terminal positions); inferred global alignment
209607,R7_unclear,L,medulla,17,138.89574484205042,29.20654681007567,0.34551650732631073,derived topology (terminal positions); inferred global alignment
153129,R7_unclear,L,medulla,406,42.125411816226205,67.20278136691256,10.735993431621724,derived topology (terminal positions); inferred global alignment
189202,R8p,L,medulla,397,48.75248047062537,-60.448748645625365,2.970775026061478,derived topology (terminal positions); inferred global alignment
347191,R7_unclear,L,medulla,508,13.721777404800726,-45.00306605088576,4.195410178532104,derived topology (terminal positions); inferred global alignment
194611,R8y,L,medulla,311,86.7628684906376,-64.12982608150011,9.852341967519061,derived topology (terminal positions); inferred global alignment
429430,R7_unclear,L,medulla,521,3.447567090340854,48.54670367949618,1.6424595405323057,derived topology (terminal positions); inferred global alignment
388026,R8y,L,medulla,138,125.50186255791829,37.47667211074017,3.3795418370308,derived topology (terminal positions); inferred global alignment
234503195,R8_unclear,L,medulla,710,-116.27090219930416,9.210987174788285,103.09379509717857,derived topology (terminal positions); inferred global alignment
331718,R8p,L,medulla,537,-0.9747533440798861,-63.17141381196508,8.982544065088092,derived topology (terminal positions); inferred global alignment
180340,R8y,L,medulla,484,46.582814023879116,-42.306217067798656,35.24699275268634,derived topology (terminal positions); inferred global alignment
168019,R7p,L,medulla,107,143.3268705857027,-39.91139052648916,10.503934477779882,derived topology (terminal positions); inferred global alignment
129970,R7p,L,medulla,66,154.6325000485547,-28.19357223019233,18.292023075468276,derived topology (terminal positions); inferred global alignment
218972,R7_unclear,L,medulla,176,127.59887806597742,-51.48043238846552,1.7603777432196548,derived topology (terminal positions); inferred global alignment
399862,R7y,L,medulla,615,-7.102641186090537,27.746250557204924,1.1237003176874276,derived topology (terminal positions); inferred global alignment
280250,R7d,L,medulla,613,-33.04944269697738,60.2679024676834,34.792622912402216,derived topology (terminal positions); inferred global alignment
195029,R8y,L,medulla,293,91.19803652828736,59.76261234145744,3.3424627403190392,derived topology (terminal positions); inferred global alignment
224866,R7_unclear,L,medulla,285,95.6823383200659,-67.69157589869324,9.482764813300312,derived topology (terminal positions); inferred global alignment
373411,R8y,L,medulla,528,12.386636090600511,0.5335475879996568,7.652130935626467,derived topology (terminal positions); inferred global alignment
72014,R7d,L,medulla,161,121.43289060369777,41.96644023557751,4.664057605443731,derived topology (terminal positions); inferred global alignment
239664,R7d,L,medulla,347,61.258551699728415,71.34011590515885,6.013410509233174,derived topology (terminal positions); inferred global alignment
291337,R8y,L,medulla,497,15.14214693216639,45.86745312597401,5.425246030903589,derived topology (terminal positions); inferred global alignment
282930,R7y,L,medulla,657,-9.114395648815886,17.207233575704553,1.7233154486572215,derived topology (terminal positions); inferred global alignment
418262,R7p,L,medulla,515,8.433332250080127,-68.61110446937029,1.9430383522443548,derived topology (terminal positions); inferred global alignment
196462,R7p,L,medulla,350,65.94295054044129,66.36284801143955,6.264640304690395,derived topology (terminal positions); inferred global alignment
222155,R7p,L,medulla,276,97.98856499683097,-44.60927917132557,6.121325887251058,derived topology (terminal positions); inferred global alignment
160370,R7_unclear,L,medulla,360,62.0396896617636,-2.856605329484689,4.254543196118338,derived topology (terminal positions); inferred global alignment
236375,R7d,L,medulla,543,-18.821019000803062,64.06080591090243,21.89186027211522,derived topology (terminal positions); inferred global alignment
198333,R8p,L,medulla,230,120.03169436044462,-66.4200784702396,2.415342453199961,derived topology (terminal positions); inferred global alignment
296369,R8_unclear,L,medulla,540,-0.9712197372318769,-70.99269670371544,9.486100662207432,derived topology (terminal positions); inferred global alignment
222692,R8_unclear,L,medulla,380,51.36582967566639,69.59312545804467,3.871768484241945,derived topology (terminal positions); inferred global alignment
198526,R7y,L,medulla,254,112.30754720832739,-63.40134345053279,1.38541848804063,derived topology (terminal positions); inferred global alignment
337586,R8y,L,medulla,549,1.3612763398549461,27.347544005152326,0.519605217555575,derived topology (terminal positions); inferred global alignment
552475,R7_unclear,L,medulla,437,32.04054151030407,65.60119103496996,9.01241513060758,derived topology (terminal positions); inferred global alignment
204362,R7y,L,medulla,477,48.098311030703144,-8.630727388304079,32.17278026780883,derived topology (terminal positions); inferred global alignment
541966,R7_unclear,L,medulla,48,162.5560017549548,-36.93473824773405,26.27896812039848,derived topology (terminal positions); inferred global alignment
940782,R7y,L,medulla,372,59.46262139388307,-65.21178496195553,11.31966160062684,derived topology (terminal positions); inferred global alignment
197702,R8p,L,medulla,32,160.57148012961693,-36.81756749989428,22.418989576046034,derived topology (terminal positions); inferred global alignment
926416,R8p,L,medulla,378,56.547192366940855,64.03776734095133,13.524529360140361,derived topology (terminal positions); inferred global alignment
548769,R8y,L,medulla,167,98.19464615242936,3.544994318257375,27.73746346597139,derived topology (terminal positions); inferred global alignment
301090,R7p,L,medulla,550,3.6261767014835797,19.02572819545659,3.132095260728277,derived topology (terminal positions); inferred global alignment
423656,R8p,L,medulla,457,26.72098054015767,-64.00983417861532,2.33034940362642,derived topology (terminal positions); inferred global alignment
102441204,R8p,L,medulla,588,-18.091591204900368,62.571250384634574,17.336331828050096,derived topology (terminal positions); inferred global alignment
245841,R7_unclear,L,medulla,307,92.07611900971065,-59.291529029269284,3.318231292465489,derived topology (terminal positions); inferred global alignment
216671,R7p,L,medulla,248,110.53031277234724,-39.690176047237095,0.962396931381902,derived topology (terminal positions); inferred global alignment
128741,R7p,L,medulla,85,134.43427544165093,-29.919502694908804,1.56058778135574,derived topology (terminal positions); inferred global alignment
205838,R7_unclear,L,medulla,173,119.26891673481896,-37.44249007769499,6.743210303283438,derived topology (terminal positions); inferred global alignment
233758,R7_unclear,L,medulla,529,35.95852455134815,-6.2547726844138865,31.35715903831207,derived topology (terminal positions); inferred global alignment
180153,R8d,L,medulla,207,117.85707199658847,63.60632600161788,0.9734944772458597,derived topology (terminal positions); inferred global alignment
122444,R7y,L,medulla,410,44.698780426262,56.98672892665026,16.255902862695333,derived topology (terminal positions); inferred global alignment
204652,R8y,L,medulla,383,57.30729870803316,47.86482612805718,20.464050279934806,derived topology (terminal positions); inferred global alignment
387106,R7y,L,medulla,542,-7.273387472210288,60.42483275392195,8.798072858317255,derived topology (terminal positions); inferred global alignment
283210,R7p,L,medulla,635,-11.71019758282445,31.58776080073658,4.127031486124627,derived topology (terminal positions); inferred global alignment
221057,R8y,L,medulla,120,106.73443728066854,6.289619613219189,24.836970229376597,derived topology (terminal positions); inferred global alignment
182631943,R8y,L,medulla,632,-25.10623298986401,53.24089976853104,20.937049957920486,derived topology (terminal positions); inferred global alignment
255526,R8y,L,medulla,462,22.486731845765853,-74.55208524338687,2.272323921926062,derived topology (terminal positions); inferred global alignment
940023,R8p,L,medulla,359,61.26824912606842,21.816037308664477,5.064670438820954,derived topology (terminal positions); inferred global alignment
218423,R8y,L,medulla,503,25.290950782502357,-2.8963625564585254,15.798302175545906,derived topology (terminal positions); inferred global alignment
206702,R7p,L,medulla,126,124.48954877043663,-28.4198833714259,6.819031168710587,derived topology (terminal positions); inferred global alignment
473822,R8p,L,medulla,650,-36.28084562889664,-62.72526817804068,33.72801945187211,derived topology (terminal positions); inferred global alignment
263036,R8y,L,medulla,444,41.55095409016232,39.382904444644076,19.211348188141454,derived topology (terminal positions); inferred global alignment
367955,R7p,L,medulla,652,-13.913719599352902,39.80598306853173,5.1114527192834,derived topology (terminal positions); inferred global alignment
195515,R8_unclear,L,medulla,354,61.393016459188956,52.13377808935506,10.685155135527351,derived topology (terminal positions); inferred global alignment
432394,R7y,L,medulla,594,2.469071581501481,25.72338949488977,7.673967155610545,derived topology (terminal positions); inferred global alignment
397708,R8p,L,medulla,511,9.733035632962974,-58.44594483623004,0.3954952992685142,derived topology (terminal positions); inferred global alignment
170039,R8y,L,medulla,147,103.56219412526988,-19.15492886894961,25.389628068284456,derived topology (terminal positions); inferred global alignment
308124,R8p,L,medulla,471,34.01300892984854,40.8475104654396,19.022683125361905,derived topology (terminal positions); inferred global alignment
253843,R8_unclear,L,medulla,282,95.7315305960151,-65.01354410110058,8.536608959744926,derived topology (terminal positions); inferred global alignment
166471,R8p,L,medulla,119,121.48568213776444,16.33619517220155,9.765523682132748,derived topology (terminal positions); inferred global alignment
255611,R7y,L,medulla,532,17.627498217173226,-28.79621323066231,13.729852561015589,derived topology (terminal positions); inferred global alignment
286761,R8_unclear,L,medulla,512,14.033513317499356,-62.84004898086183,4.824277879972534,derived topology (terminal positions); inferred global alignment
194567598,R7y,L,medulla,691,-46.97492877160461,30.833284374610034,35.853524345661185,derived topology (terminal positions); inferred global alignment
218896,R7y,L,medulla,179,136.31550299411788,-58.55324457789629,10.34237551298949,derived topology (terminal positions); inferred global alignment
268967,R7p,L,medulla,483,33.22176913176101,-44.80067133611261,20.752266616993833,derived topology (terminal positions); inferred global alignment
195343,R8y,L,medulla,156,126.20880557216978,58.75779045844069,0.4689035558122425,derived topology (terminal positions); inferred global alignment
226271,R7y,L,medulla,620,18.431724073276207,3.134263962182841,25.335262895295415,derived topology (terminal positions); inferred global alignment
182000,R8y,L,medulla,218,76.18556846364442,-6.46288091264405,41.375357893359244,derived topology (terminal positions); inferred global alignment
226490,R7y,L,medulla,458,25.482196316562757,-64.52419539224503,2.6619169089644825,derived topology (terminal positions); inferred global alignment
266965,R7y,L,medulla,528,14.32795998550315,0.10401660520101896,9.590082619125074,derived topology (terminal positions); inferred global alignment
271794,R7p,L,medulla,396,48.526506890663114,-57.24156333424923,2.2037337460919297,derived topology (terminal positions); inferred global alignment
543731,R8p,L,medulla,127,127.47029747964359,-30.15317430774492,4.664827524360025,derived topology (terminal positions); inferred global alignment
172064,R8y,L,medulla,292,91.8353929403054,64.42540181313089,1.632468895223689,derived topology (terminal positions); inferred global alignment
537157,R7_unclear,L,medulla,185,118.54910843192823,47.15675194951006,3.9778307021649475,derived topology (terminal positions); inferred global alignment
168375,R7y,L,medulla,293,89.56015171767115,59.28721147538387,4.761965001642338,derived topology (terminal positions); inferred global alignment
272201,R8y,L,medulla,575,9.833691938103122,7.02037404119984,12.034414285184601,derived topology (terminal positions); inferred global alignment
552083,R8d,L,medulla,286,86.68629312760997,71.44350554387296,7.392370365666303,derived topology (terminal positions); inferred global alignment
154885,R7p,L,medulla,379,54.53407352057635,56.273599497854626,18.727999516606005,derived topology (terminal positions); inferred global alignment
271955,R8p,L,medulla,508,33.23581313192281,-39.34921760514132,24.510394330948976,derived topology (terminal positions); inferred global alignment
375632,R7y,L,medulla,634,-13.314404656014474,37.28052670360323,6.317505161024758,derived topology (terminal positions); inferred global alignment
210590,R7p,L,medulla,476,59.0431941637363,2.9895835421085883,43.062785911322,derived topology (terminal positions); inferred global alignment
143958,R8p,L,medulla,97,133.95975204884007,16.506492723813142,1.6866225878100662,derived topology (terminal positions); inferred global alignment
276531,R7y,L,medulla,623,-7.933560040664361,-16.476724118646544,1.9352887680388586,derived topology (terminal positions); inferred global alignment
257837,R7p,L,medulla,531,10.849103729946826,-24.31744035173687,6.433633225811923,derived topology (terminal positions); inferred global alignment
268323,R7_unclear,L,medulla,641,-7.2385558438433435,-0.9956572127624373,2.156898379919477,derived topology (terminal positions); inferred global alignment
192992,R8p,L,medulla,23,149.60394693771048,3.446292289937927,11.08115618708915,derived topology (terminal positions); inferred global alignment
319131,R7p,L,medulla,459,32.80309060403809,-57.5581995124542,14.147003714325264,derived topology (terminal positions); inferred global alignment
288217,R8p,L,medulla,495,14.41530884317379,53.81177766817366,4.798085199651274,derived topology (terminal positions); inferred global alignment
98249,R8_unclear,L,medulla,406,42.674987455002345,71.34948449497283,8.322657635975506,derived topology (terminal positions); inferred global alignment
246870,R7p,L,medulla,496,13.251773651812137,51.19754760886541,3.5228534329822887,derived topology (terminal positions); inferred global alignment
262475,R7d,L,medulla,653,-42.48076377342541,58.71958992193049,41.46699906552325,derived topology (terminal positions); inferred global alignment
562685,R8y,L,medulla,171,77.46087906564017,-22.096983839783604,48.694541222096206,derived topology (terminal positions); inferred global alignment
173575,R8y,L,medulla,213,109.2372953867146,37.690654604255656,8.54907863488702,derived topology (terminal positions); inferred global alignment
901376,R8p,L,medulla,594,19.246321873442717,27.447558844846924,23.930948783777886,derived topology (terminal positions); inferred global alignment
40531,R7y,L,medulla,316,73.59163689964244,68.9038129895941,9.630624775119431,derived topology (terminal positions); inferred global alignment
27174,R7p,L,medulla,93,133.761682709703,37.79734055568843,0.9154373859543411,derived topology (terminal positions); inferred global alignment
217894,R7y,L,medulla,284,93.75098526204701,-62.18327018528033,13.640590718134696,derived topology (terminal positions); inferred global alignment
211421,R8y,L,medulla,529,46.02451862350061,-3.015409668839991,41.744498692282136,derived topology (terminal positions); inferred global alignment
199037,R7y,L,medulla,246,81.80126244566114,-18.012899144741812,29.99635970813013,derived topology (terminal positions); inferred global alignment
240437,R7p,L,medulla,427,44.36286099982253,-46.720260841496994,18.54920935709833,derived topology (terminal positions); inferred global alignment
45489,R7y,L,medulla,166,119.00788702924139,12.08918664032829,6.911295314918875,derived topology (terminal positions); inferred global alignment
300284,R7p,L,medulla,567,-4.379396112023386,52.251692521745404,3.089907863153653,derived topology (terminal positions); inferred global alignment
195624,R7p,L,medulla,388,58.23457475928497,25.953758835590406,15.010294589887904,derived topology (terminal positions); inferred global alignment
267198,R8_unclear,L,medulla,469,29.726992935004496,49.63533202416396,15.26454718060291,derived topology (terminal positions); inferred global alignment
427383,R8y,L,medulla,541,-2.1361594227692535,62.10960653305627,3.975717258695276,derived topology (terminal positions); inferred global alignment
318205,R8p,L,medulla,498,15.755119001656688,41.21117213843242,6.078574725419223,derived topology (terminal positions); inferred global alignment
532089,R8_unclear,L,medulla,9,162.4301512213192,-6.727780041865936,22.915776398943958,derived topology (terminal positions); inferred global alignment
224540,R8y,L,medulla,472,23.692966618198035,39.322274546016004,7.772784625196765,derived topology (terminal positions); inferred global alignment
273453,R8d,L,medulla,407,39.13124815924777,72.92923107283248,3.9714229504012377,derived topology (terminal positions); inferred global alignment
518099,R7p,L,medulla,128,133.30672148983726,-38.96028016985607,2.579845953887717,derived topology (terminal positions); inferred global alignment
211564,R7_unclear,L,medulla,29,162.50733803801367,-22.122374022637782,23.909701934932745,derived topology (terminal positions); inferred global alignment
531258,R7y,L,medulla,300,69.72684344256962,-0.3473333352270917,23.29849203859811,derived topology (terminal positions); inferred global alignment
216470,R8y,L,medulla,243,98.65684536182711,10.209590851138678,12.940392146731712,derived topology (terminal positions); inferred global alignment
210083,R7_unclear,L,medulla,312,82.10276475061092,-57.22835957878991,19.32823432228774,derived topology (terminal positions); inferred global alignment
229387,R7p,L,medulla,423,46.02308444206594,-31.845455330092907,13.252201070474216,derived topology (terminal positions); inferred global alignment
237843,R8p,L,medulla,342,82.44785291080751,-69.83953890674114,5.97863527940211,derived topology (terminal positions); inferred global alignment
233277,R7d,L,medulla,408,38.34325987564226,69.25328725079251,5.046707371367009,derived topology (terminal positions); inferred global alignment
563593,R8_unclear,L,medulla,252,94.38991349445705,-49.52124703763942,19.680671847425746,derived topology (terminal positions); inferred global alignment
532565,R7_unclear,L,medulla,327,80.10136952019414,37.24627781238126,0.4269211554713983,derived topology (terminal positions); inferred global alignment
176209,R8_unclear,L,medulla,104,133.9945843156245,-21.286025466499428,1.9746266617926092,derived topology (terminal positions); inferred global alignment
196319,R7p,L,medulla,122,117.20918118835615,-3.0995857836782785,14.053488665017536,derived topology (terminal positions); inferred global alignment
352776,R7p,L,medulla,438,20.970247234274815,66.96872620577241,4.1639766254615225,derived topology (terminal positions); inferred global alignment
523007,R7y,L,medulla,89,150.64424624426024,-51.666051035145465,17.866992415776313,derived topology (terminal positions); inferred global alignment
224531,R8y,L,medulla,322,81.2945994039993,61.91292881452483,4.665428193317726,derived topology (terminal positions); inferred global alignment
301829,R8_unclear,L,medulla,558,1.5177491061320225,-37.96719309444165,1.251524659353541,derived topology (terminal positions); inferred global alignment
222178,R8p,L,medulla,303,75.157010965483,-30.53692038093419,19.899690866443404,derived topology (terminal positions); inferred global alignment
534024,R8p,L,medulla,148,118.23685567982957,-26.851170255895106,10.660509437460028,derived topology (terminal positions); inferred global alignment
227462,R7p,L,medulla,474,49.63962690343447,17.778554577551677,34.05751350589925,derived topology (terminal positions); inferred global alignment
189379,R8y,L,medulla,164,121.8510700731598,25.61600822861082,4.305042903056925,derived topology (terminal positions); inferred global alignment
323823,R7y,L,medulla,632,-12.459651913263627,43.46964678012582,4.958287651262901,derived topology (terminal positions); inferred global alignment
216071,R7p,L,medulla,168,100.90392657008047,-2.9046173346980013,25.04296843876445,derived topology (terminal positions); inferred global alignment
583771,R8_unclear,L,medulla,50,156.97513909454779,-42.22834684756757,20.45868267525297,derived topology (terminal positions); inferred global alignment
154168,R7y,L,medulla,242,88.03469163012048,17.047645862284423,24.163275733038912,derived topology (terminal positions); inferred global alignment
217903,R7y,L,medulla,558,25.157374394188963,-25.878095004919867,27.632971662108062,derived topology (terminal positions); inferred global alignment
549662,R8_unclear,L,medulla,11,156.91735747990853,-15.59449703164374,17.428020728629136,derived topology (terminal positions); inferred global alignment
193889,R8_unclear,L,medulla,338,79.34612235417205,-66.80329081271901,2.0803371774227295,derived topology (terminal positions); inferred global alignment
183163,R7y,L,medulla,15,150.55947534023034,-31.070946262790798,11.203656042366662,derived topology (terminal positions); inferred global alignment
233658,R8_unclear,L,medulla,344,72.85201237109932,-71.53591012939775,9.064902116160377,derived topology (terminal positions); inferred global alignment
275478,R8y,L,medulla,316,74.56865012117872,64.35399027139638,13.015110500490445,derived topology (terminal positions); inferred global alignment
205816,R8_unclear,L,medulla,375,69.07832504384292,-69.091390168263,10.069000329132956,derived topology (terminal positions); inferred global alignment
221500,R8y,L,medulla,445,41.690291347067976,33.11889428450127,18.9716513741157,derived topology (terminal positions); inferred global alignment
203344,R8p,L,medulla,28,168.9009377220013,-17.245190301113592,30.301000362398053,derived topology (terminal positions); inferred global alignment
679610194,R8_unclear,L,medulla,720,-21.051236600169233,-31.53847385561943,8.122678427694213,derived topology (terminal positions); inferred global alignment
589572,R8y,L,medulla,506,14.762292752417551,-30.893019243648506,5.665335751452925,derived topology (terminal positions); inferred global alignment
203048,R7_unclear,L,medulla,9,143.1626698356321,-6.285625933188632,3.6440684190011154,derived topology (terminal positions); inferred global alignment
180030,R8y,L,medulla,105,133.04103266673582,-27.112410161633054,1.0349176499820807,derived topology (terminal positions); inferred global alignment
222691,R7y,L,medulla,555,31.143991025624594,-14.697804543075717,30.75996536885972,derived topology (terminal positions); inferred global alignment
192128,R8y,L,medulla,48,165.9914744931256,-34.04016066627845,28.90646938179758,derived topology (terminal positions); inferred global alignment
410577,R8y,L,medulla,562,1.3683162290688102,-54.81666364783264,0.6066559392577415,derived topology (terminal positions); inferred global alignment
189843,R8y,L,medulla,40,157.67975442557545,6.964021751295712,20.155764663878273,derived topology (terminal positions); inferred global alignment
120431973,R8_unclear,L,medulla,561,-1.5887770118702207,-57.061319696509734,6.11202012887791,derived topology (terminal positions); inferred global alignment
205736,R7_unclear,L,medulla,375,70.38445345577252,-66.91270203177938,12.601793057123906,derived topology (terminal positions); inferred global alignment
562744,R8y,L,medulla,25,142.48936822833804,-4.141864171041291,3.902360235742016,derived topology (terminal positions); inferred global alignment
175249,R7y,L,medulla,215,97.29329967321786,21.16517019931003,20.604418702093593,derived topology (terminal positions); inferred global alignment
229929,R8p,L,medulla,275,83.02392652171,-33.13205232432772,21.60027000292268,derived topology (terminal positions); inferred global alignment
236568,R7_unclear,L,medulla,507,22.535867217760263,-35.23706644738569,13.838489788514062,derived topology (terminal positions); inferred global alignment
172965,R8p,L,medulla,194,109.9100003494055,-16.11196191815312,12.446794692073006,derived topology (terminal positions); inferred global alignment
127246,R7p,L,medulla,184,118.72007777256677,50.87754468234781,3.822323484660886,derived topology (terminal positions); inferred global alignment
368279,R8_unclear,L,medulla,559,6.087895046016584,-42.65152765574525,5.363471884482668,derived topology (terminal positions); inferred global alignment
251987,R8_unclear,L,medulla,563,-13.93849608158476,-68.76821494238429,18.760636462220795,derived topology (terminal positions); inferred global alignment
217192,R7y,L,medulla,118,130.9673659226751,21.166749305970068,1.4609815106958057,derived topology (terminal positions); inferred global alignment
223386,R8p,L,medulla,515,7.52009587687801,-72.6948012855326,6.016548960704921,derived topology (terminal positions); inferred global alignment
286374,R8y,L,medulla,616,-6.975239362875286,24.94326932967751,1.1932221355884534,derived topology (terminal positions); inferred global alignment
902740,R7_unclear,L,medulla,203,123.87671207252004,-60.58705959278149,1.5833679595335701,derived topology (terminal positions); inferred global alignment
276378,R8y,L,medulla,485,20.402054076462292,-60.44006648823288,4.9339010446699865,derived topology (terminal positions); inferred global alignment
355929,R7d,L,medulla,611,-23.024527610666468,60.0175069811188,22.439265873270376,derived topology (terminal positions); inferred global alignment
291469,R7_unclear,L,medulla,534,6.595216939892026,-41.120336203959056,4.1643248316049775,derived topology (terminal positions); inferred global alignment
262043,R7_unclear,L,medulla,587,-14.514435049439854,-62.04515273702668,13.89220794947297,derived topology (terminal positions); inferred global alignment
223411,R7p,L,medulla,451,27.557509104323884,-31.471757546265113,3.031960322505892,derived topology (terminal positions); inferred global alignment
176194,R7p,L,medulla,150,110.77208445157633,-32.98995357233354,18.755587101789846,derived topology (terminal positions); inferred global alignment
201020,R8_unclear,L,medulla,287,86.79163191107978,70.09370438846688,7.470507046807135,derived topology (terminal positions); inferred global alignment
217073,R8p,L,medulla,318,76.7781099088612,68.21841749839851,6.554529866183559,derived topology (terminal positions); inferred global alignment
86178,R7y,L,medulla,233,107.83197861174607,62.37168811063648,5.567036418355935,derived topology (terminal positions); inferred global alignment
46105,R7y,L,medulla,272,72.5994403839435,-6.405145803855687,30.852461821646493,derived topology (terminal positions); inferred global alignment
153480,R7_unclear,L,medulla,384,57.781785560091336,35.94300839042158,28.893257268836912,derived topology (terminal positions); inferred global alignment
147021,R7y,L,medulla,299,67.75858015882027,11.55207847462802,25.594437489757528,derived topology (terminal positions); inferred global alignment
44120,R8y,L,medulla,315,74.8555019353991,72.50402451888753,6.806469345398092,derived topology (terminal positions); inferred global alignment
205482,R7y,L,medulla,167,94.95913903619828,3.071568191512039,30.988804529427444,derived topology (terminal positions); inferred global alignment
200243,R7_unclear,L,medulla,283,98.87009371784288,-64.51542229746792,7.3662182306252815,derived topology (terminal positions); inferred global alignment
194385,R8_unclear,L,medulla,145,113.13914531453833,-6.770392094052904,15.731861258131385,derived topology (terminal positions); inferred global alignment
447195,R8p,L,medulla,589,-16.0705856422708,57.93405184436978,14.610376335741485,derived topology (terminal positions); inferred global alignment
241506,R7y,L,medulla,559,3.989319820380743,-43.14341940321616,3.208362505484599,derived topology (terminal positions); inferred global alignment
264836,R8p,L,medulla,571,-0.6700148273289983,32.90108025900291,1.6845196910691627,derived topology (terminal positions); inferred global alignment
247693,R8_unclear,L,medulla,372,65.39524219953925,-73.55124581938456,1.87310352316643,derived topology (terminal positions); inferred global alignment
312938,R8y,L,medulla,600,5.927640074172437,-9.566760740971981,10.62253333373072,derived topology (terminal positions); inferred global alignment
409488,R8p,L,medulla,521,8.682619152911663,49.146567139183794,3.886348752420175,derived topology (terminal positions); inferred global alignment
545069,R7p,L,medulla,130,143.70997941540114,-50.200001340714046,13.462956033011496,derived topology (terminal positions); inferred global alignment
159311,R7p,L,medulla,261,92.96922635400347,58.272821809357524,14.605566242299053,derived topology (terminal positions); inferred global alignment
211446,R7p,L,medulla,616,10.95237717443004,22.339516869961873,17.72584518117044,derived topology (terminal positions); inferred global alignment
213665,R7y,L,medulla,309,93.63649062253269,-65.6280842508562,2.369776086566771,derived topology (terminal positions); inferred global alignment
86197,R8_unclear,L,medulla,701,-88.01878002672437,-21.99652041991485,75.75299002288133,derived topology (terminal positions); inferred global alignment
218515,R7_unclear,L,medulla,153,147.73658246941005,-56.07117137546799,19.980768755033647,derived topology (terminal positions); inferred global alignment
562479,R8_unclear,L,medulla,360,65.34822990439443,-2.77278988445113,3.350866291591189,derived topology (terminal positions); inferred global alignment
174219,R8_unclear,L,medulla,42,157.45699414672384,-4.024780031031269,19.99172502560981,derived topology (terminal positions); inferred global alignment
206484,R7_unclear,L,medulla,247,83.67049191409433,-23.10230433396213,29.214099754848124,derived topology (terminal positions); inferred global alignment
257309,R8p,L,medulla,291,79.99645576144346,51.03879288037912,21.362724832133235,derived topology (terminal positions); inferred global alignment
264163,R7p,L,medulla,471,34.13563123471201,38.321862681015396,20.140823079792757,derived topology (terminal positions); inferred global alignment
248362,R7y,L,medulla,482,22.04927152876656,-48.95422880945159,6.848020937164002,derived topology (terminal positions); inferred global alignment
266406,R8_unclear,L,medulla,479,33.17869730148742,-25.116026276522692,18.71639044842373,derived topology (terminal positions); inferred global alignment
274268,R7y,L,medulla,520,5.430648099157558,51.93168980239507,1.3848500102221246,derived topology (terminal positions); inferred global alignment
256671,R8p,L,medulla,454,31.366987315887485,-47.66243553505997,9.14133150680432,derived topology (terminal positions); inferred global alignment
151170,R8_unclear,L,medulla,688,-41.18741593007128,54.328480488838636,36.08412224300353,derived topology (terminal positions); inferred global alignment
102544354,R8y,L,medulla,542,-8.957387943378237,64.32915982252916,12.148084763209543,derived topology (terminal positions); inferred global alignment
233614,R8y,L,medulla,395,49.89863460538878,-53.62706465561443,0.8616012101248979,derived topology (terminal positions); inferred global alignment
40159,R7p,L,medulla,62,137.26750337186348,-9.128192450271372,1.4379136852460015,derived topology (terminal positions); inferred global alignment
187136,R8p,L,medulla,356,64.56391978089083,44.00931299673753,7.866400719388394,derived topology (terminal positions); inferred global alignment
189471,R8y,L,medulla,236,103.75597086565543,54.85007339949542,8.870277761809694,derived topology (terminal positions); inferred global alignment
216404,R7_unclear,L,medulla,337,70.65790081396912,-37.252463459802414,30.446200026357275,derived topology (terminal positions); inferred global alignment
231879,R8_unclear,L,medulla,172,87.94297214215945,-24.97506855778378,38.827633276629946,derived topology (terminal positions); inferred global alignment
212397,R7y,L,medulla,177,130.02978916774657,-53.28087728596748,4.118349952075221,derived topology (terminal positions); inferred global alignment
281357,R8_unclear,L,medulla,660,-10.039207570118279,0.18846701062695653,0.12918389848653483,derived topology (terminal positions); inferred global alignment
316661,R7p,L,medulla,593,-0.8967512482812339,31.303568717820966,4.40480931407111,derived topology (terminal positions); inferred global alignment
470367,R7y,L,medulla,707,-15.824279380768331,24.62127605455941,3.3250952652427923,derived topology (terminal positions); inferred global alignment
177726,R8d,L,medulla,348,66.51037593134008,71.69944903708206,4.012334262940768,derived topology (terminal positions); inferred global alignment
340144,R7y,L,medulla,541,-7.198932374021425,61.603697109145806,8.398311001332434,derived topology (terminal positions); inferred global alignment
244344,R8_unclear,L,medulla,284,96.58538416970036,-67.86836533538327,7.937469368129547,derived topology (terminal positions); inferred global alignment
281759,R7_unclear,L,medulla,573,18.044111257330137,19.60154633652088,20.338333159946867,derived topology (terminal positions); inferred global alignment
929810,R8y,L,medulla,89,140.41701480064756,-44.98238454970446,5.773085386707738,derived topology (terminal positions); inferred global alignment
252506,R7_unclear,L,medulla,155,142.3840351125525,-56.93440363953843,13.609161964413104,derived topology (terminal positions); inferred global alignment
184481,R7_unclear,L,medulla,221,111.87252484056543,-30.933667396797148,5.95756427434248,derived topology (terminal positions); inferred global alignment
231905,R7y,L,medulla,488,21.06530367316305,-68.61030859993058,5.072230535160818,derived topology (terminal positions); inferred global alignment
560252,R8_unclear,L,medulla,190,90.02689966490966,12.57754742361371,32.68679296008399,derived topology (terminal positions); inferred global alignment
260823,R7p,L,medulla,539,2.5900470546381484,-62.5584979702987,2.430757162505402,derived topology (terminal positions); inferred global alignment
200293,R7p,L,medulla,214,112.66009133427104,31.923701530838787,4.994317680293806,derived topology (terminal positions); inferred global alignment
265066,R8p,L,medulla,535,26.915194223614563,-41.49596119282184,23.517617470465016,derived topology (terminal positions); inferred global alignment
249282,R8p,L,medulla,198,114.294177738119,-41.70507315426631,8.338746443912823,derived topology (terminal positions); inferred global alignment
189603,R8y,L,medulla,14,165.59122845706793,-30.930711104010477,26.575706408815822,derived topology (terminal positions); inferred global alignment
334854,R7p,L,medulla,522,8.085203580263524,46.421916362678175,3.563430694502996,derived topology (terminal positions); inferred global alignment
363743,R8p,L,medulla,458,33.061285114600324,-61.528010150584755,10.187131765973762,derived topology (terminal positions); inferred global alignment
194682,R8y,L,medulla,161,113.00014539601104,39.831328138994,13.35725517915668,derived topology (terminal positions); inferred global alignment
179235,R8y,L,medulla,188,81.5566689256226,22.355131042555307,42.0684034559801,derived topology (terminal positions); inferred global alignment
201937644,R8y,L,medulla,258,95.34251324547307,67.75205639577572,9.573927812449577,derived topology (terminal positions); inferred global alignment
187525,R7_unclear,L,medulla,100,123.98546643403722,1.270420803387921,9.3205209040409,derived topology (terminal positions); inferred global alignment
180167,R7p,L,medulla,296,78.81568057782236,32.43739552359444,20.938721994149716,derived topology (terminal positions); inferred global alignment
525157,R7y,L,medulla,11,141.42236944877794,-14.331577812654348,1.9076073337411168,derived topology (terminal positions); inferred global alignment
329201,R7_unclear,L,medulla,568,-2.890842500751674,47.79496731048346,1.2603198366007142,derived topology (terminal positions); inferred global alignment
308277,R8p,L,medulla,493,3.199261785487529,66.27450387108671,8.439833444863837,derived topology (terminal positions); inferred global alignment
182787,R8y,L,medulla,118,130.72180770285053,19.413496835299412,3.2303275755562546,derived topology (terminal positions); inferred global alignment
128682,R7y,L,medulla,447,56.83775161839877,14.052768172709651,33.02031233421958,derived topology (terminal positions); inferred global alignment
226000,R8y,L,medulla,124,126.60409252954878,-15.902557895170904,4.683471649160134,derived topology (terminal positions); inferred global alignment
444890,R8y,L,medulla,673,-32.728568484100634,37.902510789867485,24.89661348700624,derived topology (terminal positions); inferred global alignment
290333,R8y,L,medulla,388,52.48167512982239,35.847777599489675,3.8854067020981886,derived topology (terminal positions); inferred global alignment
144500,R7y,L,medulla,266,89.20518752882441,40.23472014846264,19.2340629013791,derived topology (terminal positions); inferred global alignment
211457,R7y,L,medulla,462,31.085241697655235,-69.87143427306647,7.521050574839074,derived topology (terminal positions); inferred global alignment
239925,R8_unclear,L,medulla,597,-0.9231219568727767,9.419570717425668,3.883163538643267,derived topology (terminal positions); inferred global alignment
208646,R7p,L,medulla,442,32.25766683753386,51.83217759111572,10.041786072746124,derived topology (terminal positions); inferred global alignment
167788,R8_unclear,L,medulla,211,113.11279076873751,47.50389997642564,5.178722595475937,derived topology (terminal positions); inferred global alignment
109883807,R8p,L,medulla,584,-10.815949090903601,-51.589401296249264,9.927453337995168,derived topology (terminal positions); inferred global alignment
514456,R8p,L,medulla,358,61.07845897470491,28.122959125562208,5.7990287353455585,derived topology (terminal positions); inferred global alignment
90083,R7p,L,medulla,264,94.79772172438382,49.263115467941105,14.713297847587606,derived topology (terminal positions); inferred global alignment
246518,R7_unclear,L,medulla,342,75.56924980315515,-64.63407610599609,11.46764058343973,derived topology (terminal positions); inferred global alignment
361541,R8_unclear,L,medulla,707,-83.27990634686181,42.70350182771129,72.92578138340487,derived topology (terminal positions); inferred global alignment
213296,R8p,L,medulla,83,136.04027301028864,-18.63188027286108,1.1748829760101354,derived topology (terminal positions); inferred global alignment
198888,R7y,L,medulla,133,127.01788283047875,54.52044549719686,1.8679376134405403,derived topology (terminal positions); inferred global alignment
107527,R7_unclear,L,medulla,27,158.44536883842238,-12.185028462700508,19.873288169042194,derived topology (terminal positions); inferred global alignment
183280,R8p,L,medulla,137,128.70861417136234,42.32857750855547,0.12781504551650694,derived topology (terminal positions); inferred global alignment
443103,R7y,L,medulla,709,-17.42555898413744,14.199224086226938,4.29583380818802,derived topology (terminal positions); inferred global alignment
155320,R8p,L,medulla,144,84.75230027214296,-2.217418159133484,44.180802940535855,derived topology (terminal positions); inferred global alignment
343647,R7y,L,medulla,592,-9.111877136355858,40.745915839045466,5.182351738876939,derived topology (terminal positions); inferred global alignment
515390,R7p,L,medulla,77,133.06818952714576,15.156070050458544,2.119689288776927,derived topology (terminal positions); inferred global alignment
210911,R8p,L,medulla,150,113.25126372708618,-34.845050505313075,15.924114119385784,derived topology (terminal positions); inferred global alignment
564194,R7y,L,medulla,151,125.22313816810518,-40.87380603724232,3.896958654785845,derived topology (terminal positions); inferred global alignment
228362,R7p,L,medulla,336,77.31135776554224,-54.13314029131569,9.314474521217992,derived topology (terminal positions); inferred global alignment
237424260,R8y,L,medulla,649,-41.937630172921004,-65.67286968546573,41.90570125547047,derived topology (terminal positions); inferred global alignment
901580,R7y,L,medulla,212,107.45005901249559,41.120496137151214,10.987527777718173,derived topology (terminal positions); inferred global alignment
175418,R8y,L,medulla,220,94.41308826656993,-22.298079130644172,23.261802069250127,derived topology (terminal positions); inferred global alignment
131177346,R8p,L,medulla,694,-19.348972738770442,9.341460834287826,7.1034312488136395,derived topology (terminal positions); inferred global alignment
216109,R7y,L,medulla,371,60.15529992484972,-59.7254353030682,14.948581473167124,derived topology (terminal positions); inferred global alignment
261456,R8y,L,medulla,468,16.2813988637576,58.82419141422974,1.2205686134718903,derived topology (terminal positions); inferred global alignment
943654,R7y,L,medulla,271,76.51719281695735,5.836733294173132,26.972659573717557,derived topology (terminal positions); inferred global alignment
318455,R8p,L,medulla,687,-51.45159198419728,-54.81786931396627,44.375670996717,derived topology (terminal positions); inferred global alignment
182196,R8y,L,medulla,65,141.89378888113018,-24.501987388418318,5.551267045302061,derived topology (terminal positions); inferred global alignment
189974,R8y,L,medulla,46,148.18016652116398,-21.136295719234464,10.63287702246625,derived topology (terminal positions); inferred global alignment
138631,R7y,L,medulla,325,70.44893923817618,39.23249006342685,17.481958449319688,derived topology (terminal positions); inferred global alignment
25360,R7y,L,medulla,383,47.76344248523215,60.38309541396938,6.400639802742744,derived topology (terminal positions); inferred global alignment
204799,R8p,L,medulla,247,93.77922876363064,-30.789759265268785,17.748916406791757,derived topology (terminal positions); inferred global alignment
165735,R8y,L,medulla,191,114.29138958678428,9.379322961987905,7.941256387838911,derived topology (terminal positions); inferred global alignment
164998,R7_unclear,L,medulla,352,62.250386554776156,58.238770034685665,10.532003381608888,derived topology (terminal positions); inferred global alignment
303054,R8d,L,medulla,652,-44.01621089548925,61.34103169525511,42.11998776549879,derived topology (terminal positions); inferred global alignment
197507,R7y,L,medulla,651,-24.617720289687853,51.91230235961114,18.999091628420146,derived topology (terminal positions); inferred global alignment
589693,R8p,L,medulla,596,-1.7670639969671669,15.745415851673902,3.1339404554237533,derived topology (terminal positions); inferred global alignment
233774,R7_unclear,L,medulla,338,79.59123470579583,-67.34826928662171,1.4913644597084015,derived topology (terminal positions); inferred global alignment
514178,R8d,L,medulla,19,163.43652023711655,22.490953380886744,24.877845106604692,derived topology (terminal positions); inferred global alignment
176031,R7d,L,medulla,259,99.55210149473015,66.40653890665511,6.514922510851416,derived topology (terminal positions); inferred global alignment
557582,R1-R6,R,lamina,606,-131.07064197722224,-40.614177066313154,1.396730548127972,derived topology (terminal positions); inferred global alignment
557710,R1-R6,R,lamina,473,-108.81356624018203,35.48798899575825,2.6095054256149304,derived topology (terminal positions); inferred global alignment
557711,R1-R6,R,lamina,524,-122.09229398853614,34.87097748258267,1.2596862918919383,derived topology (terminal positions); inferred global alignment
558021,R1-R6,R,lamina,719,-144.1030371537367,-25.64363042063731,4.8129425656139375,derived topology (terminal positions); inferred global alignment
558056,R1-R6,R,lamina,51,40.349790142010676,51.47015582216442,32.401869318039445,derived topology (terminal positions); inferred global alignment
558061,R1-R6,R,lamina,521,-123.24285033395084,50.45867498287828,2.0388934023366123,derived topology (terminal positions); inferred global alignment
558062,R1-R6,R,lamina,558,-123.90781519636894,-38.62938724577615,1.35271777681923,derived topology (terminal positions); inferred global alignment
558063,R1-R6,R,lamina,508,-113.66360655284052,-46.358054833516235,2.7031297969418513,derived topology (terminal positions); inferred global alignment
558064,R1-R6,R,lamina,497,-113.08428572472693,44.415219294023125,3.931798592227161,derived topology (terminal positions); inferred global alignment
558086,R1-R6,R,lamina,296,-34.384096260854264,48.60632350908851,1.3482501813605625,derived topology (terminal positions); inferred global alignment
558397,R1-R6,R,lamina,426,-88.46357970319188,-57.507446079421165,2.6380736168363303,derived topology (terminal positions); inferred global alignment
575356,R1-R6,R,lamina,610,-141.237292379606,49.61439396648337,8.522452623508208,derived topology (terminal positions); inferred global alignment
582038,R1-R6,R,lamina,0,59.777546959306434,32.59513985618126,46.50921064198295,derived topology (terminal positions); inferred global alignment
916522,R1-R6,R,lamina,471,-108.26919442490819,46.901322577478574,1.9247767544256171,derived topology (terminal positions); inferred global alignment
391127,R1-R6,R,lamina,277,-21.94420198233881,-54.5929250127244,1.8997183440159693,derived topology (terminal positions); inferred global alignment
403198,R1-R6,R,lamina,230,-5.7367443521840045,-70.03911028119191,4.626143459611199,derived topology (terminal positions); inferred global alignment
409143,R1-R6,R,lamina,304,-34.653556452941416,-44.2130560793949,3.5360364298807747,derived topology (terminal positions); inferred global alignment
412743,R1-R6,R,lamina,310,-28.351487044601427,-68.86906240869051,4.698611794867931,derived topology (terminal positions); inferred global alignment
338264,R1-R6,R,lamina,332,-46.83785184961606,-38.85870009223129,2.055595846272739,derived topology (terminal positions); inferred global alignment
294916,R1-R6,R,lamina,278,-24.762987653841783,-58.386275568233636,2.424122734811572,derived topology (terminal positions); inferred global alignment
294994,R1-R6,R,lamina,185,-2.818425638937299,50.42526961056023,1.8851769310269828,derived topology (terminal positions); inferred global alignment
295746,R1-R6,R,lamina,333,-45.650942513881844,-46.41328880167161,0.5515056753986218,derived topology (terminal positions); inferred global alignment
295907,R1-R6,R,lamina,299,-32.184265077861355,18.19325043056842,2.5070970829946493,derived topology (terminal positions); inferred global alignment
296415,R1-R6,R,lamina,324,-40.54875188975101,57.7443239937914,6.059699172204989,derived topology (terminal positions); inferred global alignment
298133,R1-R6,R,lamina,211,-10.586721215492311,48.89389646226733,2.471571556425598,derived topology (terminal positions); inferred global alignment
298170,R1-R6,R,lamina,133,6.5665907801214445,60.382949693602825,6.446171380483377,derived topology (terminal positions); inferred global alignment
298997,R1-R6,R,lamina,269,-19.502394613860616,28.123101100465416,4.738656784635796,derived topology (terminal positions); inferred global alignment
299748,R1-R6,R,lamina,333,-44.041427750532776,-41.9212023464427,5.033329483490773,derived topology (terminal positions); inferred global alignment
300706,R1-R6,R,lamina,90,8.727651710823224,48.860158011601925,2.276724396276901,derived topology (terminal positions); inferred global alignment
302886,R1-R6,R,lamina,207,-9.493631764538975,63.41504927145274,1.026465141399094,derived topology (terminal positions); inferred global alignment
304914,R1-R6,R,lamina,70,16.091599389046294,48.054347414273046,8.668476877345434,derived topology (terminal positions); inferred global alignment
304988,R1-R6,R,lamina,133,9.259495541866926,57.285851483540206,6.860337826995588,derived topology (terminal positions); inferred global alignment
307655,R1-R6,R,lamina,110,46.42550148457347,-64.12253090704274,42.94954390100456,derived topology (terminal positions); inferred global alignment
307717,R1-R6,R,lamina,389,-74.15025959162325,23.447534664176665,3.448004986785274,derived topology (terminal positions); inferred global alignment
308926,R1-R6,R,lamina,333,-40.02386583417141,-46.69120343140946,6.179850367679227,derived topology (terminal positions); inferred global alignment
309119,R1-R6,R,lamina,270,-21.58252454328987,22.276713905400413,2.122953047082559,derived topology (terminal positions); inferred global alignment
255269,R1-R6,R,lamina,477,-111.51041850042924,-7.250377976275835,4.864876041752639,derived topology (terminal positions); inferred global alignment
255306,R1-R6,R,lamina,476,-109.7112629070638,-1.768442781891435,2.1400299638409157,derived topology (terminal positions); inferred global alignment
255368,R1-R6,R,lamina,477,-109.23740012446738,-11.661297361322761,0.8181828691168346,derived topology (terminal positions); inferred global alignment
255381,R1-R6,R,lamina,295,-38.60213387571744,52.82147876863288,5.589935052058095,derived topology (terminal positions); inferred global alignment
255646,R1-R6,R,lamina,271,-27.121821883295645,11.992167552227446,6.2713150250037115,derived topology (terminal positions); inferred global alignment
255792,R1-R6,R,lamina,257,-14.1105286829469,-69.8917251044,0.5102914076003735,derived topology (terminal positions); inferred global alignment
255840,R1-R6,R,lamina,0,50.78238728652765,30.86913034660578,37.43193793037639,derived topology (terminal positions); inferred global alignment
255958,R1-R6,R,lamina,50,45.28905670436721,-46.817954103684094,35.703171375673094,derived topology (terminal positions); inferred global alignment
256306,R1-R6,R,lamina,111,6.226290094998575,52.71531505854049,1.8359540366876104,derived topology (terminal positions); inferred global alignment
257799,R1-R6,R,lamina,505,-119.2312483857628,-24.21263698977763,2.96113808082496,derived topology (terminal positions); inferred global alignment
257840,R1-R6,R,lamina,300,-37.2578876594734,-6.272831246500178,7.984299638810701,derived topology (terminal positions); inferred global alignment
257910,R1-R6,R,lamina,332,-46.30132069320068,-30.56042204234521,6.334615280752535,derived topology (terminal positions); inferred global alignment
258252,R1-R6,R,lamina,503,-111.86428240187871,-4.60751101324738,4.6449986007869795,derived topology (terminal positions); inferred global alignment
258546,R1-R6,R,lamina,333,-42.41574043520983,-43.24036794269956,4.973730599905674,derived topology (terminal positions); inferred global alignment
258735,R1-R6,R,lamina,299,-28.615915684872377,16.12598352049049,4.536517147018205,derived topology (terminal positions); inferred global alignment
258778,R1-R6,R,lamina,501,-114.63143707275162,16.482100953121407,1.8842595212131348,derived topology (terminal positions); inferred global alignment
258857,R1-R6,R,lamina,159,0.3701953811032439,50.982734603533366,0.6105451858203191,derived topology (terminal positions); inferred global alignment
258937,R1-R6,R,lamina,212,-6.4718746098637965,46.47380356281709,2.2870692475273127,derived topology (terminal positions); inferred global alignment
258943,R1-R6,R,lamina,3,67.53142754753821,19.115839123944934,54.15597517651288,derived topology (terminal positions); inferred global alignment
258996,R1-R6,R,lamina,474,-107.36182352127798,21.117413022877685,3.7580503926427244,derived topology (terminal positions); inferred global alignment
259113,R1-R6,R,lamina,363,-57.91693788099042,-42.91856391491128,3.524531195036613,derived topology (terminal positions); inferred global alignment
259396,R1-R6,R,lamina,332,-50.67762742189941,-34.98263816512255,4.840058340009945,derived topology (terminal positions); inferred global alignment
259538,R1-R6,R,lamina,332,-50.49500847556716,-41.09625486090959,5.986085799665706,derived topology (terminal positions); inferred global alignment
259724,R1-R6,R,lamina,326,-47.151679711663334,43.35447498238597,3.830920898671822,derived topology (terminal positions); inferred global alignment
259791,R1-R6,R,lamina,501,-120.23685902511309,14.373804762294634,4.156820852539884,derived topology (terminal positions); inferred global alignment
259795,R1-R6,R,lamina,270,-24.77295036647051,16.917425209864568,4.115172025769693,derived topology (terminal positions); inferred global alignment
223381,R1-R6,R,lamina,475,-107.83337669761372,9.157411682187227,4.04382044801256,derived topology (terminal positions); inferred global alignment
223472,R1-R6,R,lamina,419,-94.55990002433191,16.25500829939516,3.8867789409573836,derived topology (terminal positions); inferred global alignment
223501,R1-R6,R,lamina,89,46.23435869010423,-59.02455814354601,40.75802595589893,derived topology (terminal positions); inferred global alignment
223503,R1-R6,R,lamina,420,-91.86996782972395,-2.7432272591618685,3.475126925546828,derived topology (terminal positions); inferred global alignment
223761,R1-R6,R,lamina,506,-116.15157023977538,-30.814239916532966,2.5791335190915126,derived topology (terminal positions); inferred global alignment
223801,R1-R6,R,lamina,239,-14.663258654606494,44.442595441186135,2.2857251250924464,derived topology (terminal positions); inferred global alignment
223858,R1-R6,R,lamina,449,-96.3300451007571,-6.643627920309558,5.279597894973775,derived topology (terminal positions); inferred global alignment
223900,R1-R6,R,lamina,133,11.508818260384587,60.91993689472071,10.480257600099415,derived topology (terminal positions); inferred global alignment
224096,R1-R6,R,lamina,418,-85.64105046865077,29.577393993755926,5.0238543238572175,derived topology (terminal positions); inferred global alignment
224105,R1-R6,R,lamina,364,-65.97896226167498,-52.42177924244827,4.699971803044384,derived topology (terminal positions); inferred global alignment
224122,R1-R6,R,lamina,474,-109.14895934210452,22.21325175478832,1.7583084167718637,derived topology (terminal positions); inferred global alignment
224202,R1-R6,R,lamina,132,43.920280160705474,-72.74122523164242,44.545144861784344,derived topology (terminal positions); inferred global alignment
224212,R1-R6,R,lamina,230,-7.145562323291983,-70.20002314569601,4.073930720201536,derived topology (terminal positions); inferred global alignment
224259,R1-R6,R,lamina,447,-102.76508348955286,22.968990178920883,2.3397531105631866,derived topology (terminal positions); inferred global alignment
224319,R1-R6,R,lamina,448,-101.34651590229706,12.758455217942943,5.153890581075866,derived topology (terminal positions); inferred global alignment
224392,R1-R6,R,lamina,362,-57.020133145924035,-31.949397756204384,4.417441817686052,derived topology (terminal positions); inferred global alignment
224511,R1-R6,R,lamina,474,-109.55301933186192,18.149888140242663,5.570194557873767,derived topology (terminal positions); inferred global alignment
224526,R1-R6,R,lamina,450,-97.87415622991247,-16.530645821056922,5.214115300485257,derived topology (terminal positions); inferred global alignment
224615,R1-R6,R,lamina,16,38.58947618723748,40.95431448284862,27.44222624978845,derived topology (terminal positions); inferred global alignment
224718,R1-R6,R,lamina,570,-126.9683350235549,36.56554657039355,2.4716113582685346,derived topology (terminal positions); inferred global alignment
224737,R1-R6,R,lamina,331,-47.14715977799895,-29.524284217406205,5.506695587732926,derived topology (terminal positions); inferred global alignment
224746,R1-R6,R,lamina,610,-134.85674735225604,48.376363889913584,2.056576180446299,derived topology (terminal positions); inferred global alignment
224784,R1-R6,R,lamina,304,-39.499195871054,-45.017346407952374,6.848950740569224,derived topology (terminal positions); inferred global alignment
224908,R1-R6,R,lamina,448,-102.27153487946471,11.936117349062345,4.370614226984399,derived topology (terminal positions); inferred global alignment
225201,R1-R6,R,lamina,419,-88.0996034009161,16.876934466997284,2.6768572816771643,derived topology (terminal positions); inferred global alignment
178757,R1-R6,R,lamina,424,-95.55361697766054,-50.85516890647724,5.726444285186781,derived topology (terminal positions); inferred global alignment
178871,R1-R6,R,lamina,32,53.53427666821018,-44.239537199643,42.836276810682605,derived topology (terminal positions); inferred global alignment
178946,R1-R6,R,lamina,358,-67.94822666030252,36.32247687614229,7.3088260693956215,derived topology (terminal positions); inferred global alignment
178972,R1-R6,R,lamina,571,-127.0640736807067,34.26163087372193,1.4622580431899648,derived topology (terminal positions); inferred global alignment
178973,R1-R6,R,lamina,312,-30.469513359659736,-72.59969209561862,2.478337345916809,derived topology (terminal positions); inferred global alignment
179024,R1-R6,R,lamina,653,-136.53481616002108,34.25859017636797,1.309507085949008,derived topology (terminal positions); inferred global alignment
179046,R1-R6,R,lamina,688,-138.52186974137214,34.24733854091891,1.508219831881792,derived topology (terminal positions); inferred global alignment
179066,R1-R6,R,lamina,446,-102.22815014556866,34.62786877833298,2.5085606254901127,derived topology (terminal positions); inferred global alignment
179183,R1-R6,R,lamina,0,61.96870058950313,31.52685261836657,48.6360950998596,derived topology (terminal positions); inferred global alignment
179324,R1-R6,R,lamina,358,-66.15237709315586,30.93780828481459,4.958757507200407,derived topology (terminal positions); inferred global alignment
179422,R1-R6,R,lamina,710,-148.131040949146,12.219963884370708,8.903321166423792,derived topology (terminal positions); inferred global alignment
179515,R1-R6,R,lamina,395,-72.51611376715788,-52.56911904480347,4.545457221738017,derived topology (terminal positions); inferred global alignment
179561,R1-R6,R,lamina,472,-111.96855823663567,41.88797743278205,2.0133979052537887,derived topology (terminal positions); inferred global alignment
179682,R1-R6,R,lamina,307,-38.70867048098677,-60.98919532959683,5.877867177878076,derived topology (terminal positions); inferred global alignment
179777,R1-R6,R,lamina,334,-47.12243220180075,-52.51530495594437,1.4228078668774633,derived topology (terminal positions); inferred global alignment
179957,R1-R6,R,lamina,707,-142.5821572895414,21.006650012961007,3.564540184011006,derived topology (terminal positions); inferred global alignment
180074,R1-R6,R,lamina,334,-53.78339683858394,-53.937291340898696,7.6051413820538265,derived topology (terminal positions); inferred global alignment
180295,R1-R6,R,lamina,366,-65.77307917302048,-62.73772667997008,4.467565303722192,derived topology (terminal positions); inferred global alignment
180319,R1-R6,R,lamina,395,-77.34209342448146,-52.18713210835338,1.8900353831065637,derived topology (terminal positions); inferred global alignment
180351,R1-R6,R,lamina,337,-45.41505830710834,-64.77048596387564,1.5415160575215758,derived topology (terminal positions); inferred global alignment
180470,R1-R6,R,lamina,0,51.75648743698429,35.75149667537794,38.90376862441153,derived topology (terminal positions); inferred global alignment
180603,R1-R6,R,lamina,418,-91.5942920083202,26.733863635520905,3.1283100209241144,derived topology (terminal positions); inferred global alignment
180675,R1-R6,R,lamina,327,-41.097817142103615,40.08140755413919,5.761168600692395,derived topology (terminal positions); inferred global alignment
180682,R1-R6,R,lamina,389,-79.3391137718721,25.695951072372512,2.345798032561528,derived topology (terminal positions); inferred global alignment
180730,R1-R6,R,lamina,365,-62.95849778758008,-57.821581757867605,1.5750967927364319,derived topology (terminal positions); inferred global alignment
180854,R1-R6,R,lamina,263,-21.884313938402165,64.760663991326,1.0166022972340307,derived topology (terminal positions); inferred global alignment
181049,R1-R6,R,lamina,0,57.56873295331573,33.55431439021363,44.386269255018796,derived topology (terminal positions); inferred global alignment
181071,R1-R6,R,lamina,480,-106.92986774519622,-43.442015324623995,4.104672223054368,derived topology (terminal positions); inferred global alignment
181072,R1-R6,R,lamina,712,-147.68691965684656,1.9082004866572193,8.35134603512756,derived topology (terminal positions); inferred global alignment
181326,R1-R6,R,lamina,278,-27.37146693687813,-57.26618587715984,4.778996789713886,derived topology (terminal positions); inferred global alignment
181570,R1-R6,R,lamina,0,60.557095398801124,31.08074946807425,47.20759777493223,derived topology (terminal positions); inferred global alignment
181604,R1-R6,R,lamina,110,36.15199196838455,-61.73616421417973,32.64017121594726,derived topology (terminal positions); inferred global alignment
181606,R1-R6,R,lamina,388,-76.28557023422569,36.194496598296446,1.964122153170447,derived topology (terminal positions); inferred global alignment
181695,R1-R6,R,lamina,446,-101.85901901067768,31.5452980670483,0.6704566358153673,derived topology (terminal positions); inferred global alignment
181700,R1-R6,R,lamina,387,-70.05599487987851,50.347833673050815,7.59599997046848,derived topology (terminal positions); inferred global alignment
181852,R1-R6,R,lamina,0,50.05810289231046,39.29714111287766,37.99873779381239,derived topology (terminal positions); inferred global alignment
181882,R1-R6,R,lamina,479,-109.5532926223757,-34.64633607928203,1.9351561165398379,derived topology (terminal positions); inferred global alignment
181904,R1-R6,R,lamina,69,43.54118548480514,-53.771489836967646,36.40768526783528,derived topology (terminal positions); inferred global alignment
182046,R1-R6,R,lamina,365,-54.396440036004975,-56.88751329212632,7.044248096441943,derived topology (terminal positions); inferred global alignment
182173,R1-R6,R,lamina,357,-64.23065784633282,44.080359526733226,2.637493318325278,derived topology (terminal positions); inferred global alignment
182408,R1-R6,R,lamina,705,-148.175123863595,28.307377634429383,8.87860494182442,derived topology (terminal positions); inferred global alignment
182452,R1-R6,R,lamina,358,-55.86436591474872,37.87108026424158,7.62815527579353,derived topology (terminal positions); inferred global alignment
182470,R1-R6,R,lamina,324,-40.8311516717745,57.33605927978612,5.910840349217683,derived topology (terminal positions); inferred global alignment
182496,R1-R6,R,lamina,450,-100.16559891806126,-24.776569936381517,4.794379781208891,derived topology (terminal positions); inferred global alignment
182687,R1-R6,R,lamina,336,-42.92894081483899,-64.06015361679808,3.3896509657090137,derived topology (terminal positions); inferred global alignment
182701,R1-R6,R,lamina,384,-81.67008785162422,64.73511789063978,4.614918803052714,derived topology (terminal positions); inferred global alignment
182775,R1-R6,R,lamina,709,-147.44406346749093,15.465321397662214,8.111471221399444,derived topology (terminal positions); inferred global alignment
182958,R1-R6,R,lamina,32,50.793177020130486,-42.36974242892418,39.69273463054786,derived topology (terminal positions); inferred global alignment
183027,R1-R6,R,lamina,708,-149.90079138175997,20.17166933171784,10.631053832985678,derived topology (terminal positions); inferred global alignment
183081,R1-R6,R,lamina,324,-40.7962862841008,60.30303317647657,5.693883461041085,derived topology (terminal positions); inferred global alignment
183119,R1-R6,R,lamina,396,-77.30069879496672,-60.20186246805609,1.0063610100615772,derived topology (terminal positions); inferred global alignment
183120,R1-R6,R,lamina,295,-39.67576364364389,52.328113331429044,6.754356331540508,derived topology (terminal positions); inferred global alignment
183127,R1-R6,R,lamina,388,-71.71375832052651,32.21492610182156,7.859164355046993,derived topology (terminal positions); inferred global alignment
183150,R1-R6,R,lamina,358,-56.76714082260645,32.70762322560548,4.784871970434756,derived topology (terminal positions); inferred global alignment
183158,R1-R6,R,lamina,210,-9.562951097055162,54.60780854408337,0.9744021113426748,derived topology (terminal positions); inferred global alignment
183235,R1-R6,R,lamina,358,-60.03693671837836,32.76122611771761,1.5146369827461499,derived topology (terminal positions); inferred global alignment
183282,R1-R6,R,lamina,364,-59.39750352434424,-52.84614004372007,2.4248848620062033,derived topology (terminal positions); inferred global alignment
183287,R1-R6,R,lamina,0,48.60497255185187,38.83574201458505,36.47557985627556,derived topology (terminal positions); inferred global alignment
183443,R1-R6,R,lamina,418,-92.27859374542908,29.141679540394925,1.7162034430306052,derived topology (terminal positions); inferred global alignment
183466,R1-R6,R,lamina,497,-114.4692275357853,46.16592668926408,2.0752167131011174,derived topology (terminal positions); inferred global alignment
183494,R1-R6,R,lamina,418,-95.61209815322773,29.713965561373122,4.949230232680021,derived topology (terminal positions); inferred global alignment
183549,R1-R6,R,lamina,358,-66.59183323523165,31.659422697593225,5.165082935024361,derived topology (terminal positions); inferred global alignment
183556,R1-R6,R,lamina,364,-61.36324055923967,-52.96101812613942,1.5106698339695386,derived topology (terminal positions); inferred global alignment
183565,R1-R6,R,lamina,389,-76.70943348512388,26.12728992786105,0.8235006480241422,derived topology (terminal positions); inferred global alignment
183572,R1-R6,R,lamina,451,-98.10235886084452,-33.35804144562308,3.852461391885151,derived topology (terminal positions); inferred global alignment
183711,R1-R6,R,lamina,446,-104.0123834206126,27.88319917921749,4.903840935150659,derived topology (terminal positions); inferred global alignment
184043,R1-R6,R,lamina,506,-114.78011828393616,-34.225271484176524,1.821010435007733,derived topology (terminal positions); inferred global alignment
184121,R1-R6,R,lamina,707,-145.70208074890388,21.10726183320858,6.497277806925866,derived topology (terminal positions); inferred global alignment
184246,R1-R6,R,lamina,710,-147.07241528025608,10.349855067078533,7.72965794427015,derived topology (terminal positions); inferred global alignment
184261,R1-R6,R,lamina,284,-20.981671205318733,-71.52937120161597,1.575537777553313,derived topology (terminal positions); inferred global alignment
184339,R1-R6,R,lamina,326,-50.30168739077829,46.43602771123387,3.9998931549736088,derived topology (terminal positions); inferred global alignment
184414,R1-R6,R,lamina,269,-23.647586919305844,33.78351307120038,2.3611578107727187,derived topology (terminal positions); inferred global alignment
184548,R1-R6,R,lamina,311,-32.12392549395101,-71.9170580547224,0.898019024060282,derived topology (terminal positions); inferred global alignment
184628,R1-R6,R,lamina,480,-108.56492515515963,-40.00401102557939,1.566501481291621,derived topology (terminal positions); inferred global alignment
184640,R1-R6,R,lamina,572,-127.39184288305874,27.678991269957063,1.0474495889306923,derived topology (terminal positions); inferred global alignment
184798,R1-R6,R,lamina,355,-58.917511341167824,59.367576465878955,3.1282134238939574,derived topology (terminal positions); inferred global alignment
184825,R1-R6,R,lamina,358,-69.48911117254775,32.53225819639778,7.941847904329564,derived topology (terminal positions); inferred global alignment
184931,R1-R6,R,lamina,334,-41.94928257512425,-52.05541567048941,4.505304271467102,derived topology (terminal positions); inferred global alignment
185010,R1-R6,R,lamina,280,-21.314835205663684,-63.972432288596615,1.2637351251519735,derived topology (terminal positions); inferred global alignment
185086,R1-R6,R,lamina,283,-26.966370436646905,-70.61094041121966,4.467496751146387,derived topology (terminal positions); inferred global alignment
185207,R1-R6,R,lamina,357,-63.39983690449201,44.15862236003948,1.8214378657141814,derived topology (terminal positions); inferred global alignment
185234,R1-R6,R,lamina,424,-91.21172276825456,-50.61490689032783,2.57313113655799,derived topology (terminal positions); inferred global alignment
185326,R1-R6,R,lamina,269,-21.391028137826652,35.050535835640865,3.6700727451440107,derived topology (terminal positions); inferred global alignment
185389,R1-R6,R,lamina,473,-105.97345247255213,32.05372984143712,4.2791089065184105,derived topology (terminal positions); inferred global alignment
185400,R1-R6,R,lamina,499,-114.05317495428181,36.115386484373765,3.4171460686633783,derived topology (terminal positions); inferred global alignment
185595,R1-R6,R,lamina,399,-72.81940693860831,-67.86065893737467,4.0464379064494915,derived topology (terminal positions); inferred global alignment
185933,R1-R6,R,lamina,207,-10.366169058567131,62.00934815184624,1.9172964720251744,derived topology (terminal positions); inferred global alignment
186046,R1-R6,R,lamina,717,-148.96049184522576,-19.77648539068867,9.70359565519708,derived topology (terminal positions); inferred global alignment
186138,R1-R6,R,lamina,707,-150.5621202267735,23.915450629667433,11.280893972539243,derived topology (terminal positions); inferred global alignment
186290,R1-R6,R,lamina,610,-136.46614967836814,50.965331690620445,4.874660182744009,derived topology (terminal positions); inferred global alignment
186447,R1-R6,R,lamina,482,-111.92968322060261,-53.10932620326257,2.1796798043409416,derived topology (terminal positions); inferred global alignment
186518,R1-R6,R,lamina,472,-108.86875890748712,38.69429493271759,2.673443161336379,derived topology (terminal positions); inferred global alignment
186571,R1-R6,R,lamina,69,52.01505705271521,-54.50986194443632,44.553055633839534,derived topology (terminal positions); inferred global alignment
186631,R1-R6,R,lamina,566,-127.82968418736807,51.58218601119394,1.5436773352915047,derived topology (terminal positions); inferred global alignment
186656,R1-R6,R,lamina,327,-43.590898686308364,40.65557952728124,4.038516688714174,derived topology (terminal positions); inferred global alignment
186669,R1-R6,R,lamina,714,-142.62824552247147,-8.352934520012495,3.81803616049855,derived topology (terminal positions); inferred global alignment
186712,R1-R6,R,lamina,269,-21.21649040327489,34.40770052226604,3.1560840779532744,derived topology (terminal positions); inferred global alignment
186816,R1-R6,R,lamina,298,-38.79536136235027,29.82771437377275,5.667117750050713,derived topology (terminal positions); inferred global alignment
186886,R1-R6,R,lamina,451,-103.66610205945764,-32.62601763076869,2.3633072467922163,derived topology (terminal positions); inferred global alignment
186944,R1-R6,R,lamina,710,-145.33035113725737,11.36160611831726,6.0106927289830905,derived topology (terminal positions); inferred global alignment
187282,R1-R6,R,lamina,305,-34.253019147134566,-54.658232160137615,1.5808021256751623,derived topology (terminal positions); inferred global alignment
187301,R1-R6,R,lamina,714,-146.6263546731525,-8.531011045289082,7.591567616051162,derived topology (terminal positions); inferred global alignment
187303,R1-R6,R,lamina,50,44.095585384738555,-48.455850675963376,35.13513571521269,derived topology (terminal positions); inferred global alignment
187333,R1-R6,R,lamina,110,36.10702565051926,-57.75056713297044,30.987045705359485,derived topology (terminal positions); inferred global alignment
187441,R1-R6,R,lamina,452,-100.57822117907708,-36.21477934752311,4.697353019522644,derived topology (terminal positions); inferred global alignment
187476,R1-R6,R,lamina,297,-30.619174016642507,41.09985205233864,2.8255569930400477,derived topology (terminal positions); inferred global alignment
187626,R1-R6,R,lamina,449,-104.14470552822215,-2.4125612364568,5.0754613312517645,derived topology (terminal positions); inferred global alignment
187648,R1-R6,R,lamina,499,-114.24529613546653,34.446184693467984,2.3753512752887214,derived topology (terminal positions); inferred global alignment
187662,R1-R6,R,lamina,0,57.998371398082156,32.94931635301144,44.76148459464377,derived topology (terminal positions); inferred global alignment
187726,R1-R6,R,lamina,446,-98.96123583948292,32.902715655987166,2.7907399349821826,derived topology (terminal positions); inferred global alignment
187732,R1-R6,R,lamina,296,-28.030331615380994,50.5238892162773,5.756248670888153,derived topology (terminal positions); inferred global alignment
187953,R1-R6,R,lamina,506,-113.7516430915399,-31.796091764807624,3.0817890761283158,derived topology (terminal positions); inferred global alignment
188031,R1-R6,R,lamina,498,-115.22652125272401,41.43181294032701,1.569976251336306,derived topology (terminal positions); inferred global alignment
188039,R1-R6,R,lamina,452,-102.65853879701618,-42.03843144311216,1.6632060942501374,derived topology (terminal positions); inferred global alignment
188159,R1-R6,R,lamina,451,-95.44021212773902,-33.398274678036294,6.351467174129532,derived topology (terminal positions); inferred global alignment
188337,R1-R6,R,lamina,480,-107.5218652918207,-37.70238118682579,3.863901945789663,derived topology (terminal positions); inferred global alignment
188349,R1-R6,R,lamina,327,-53.181863061893765,40.33261245954073,7.326421230816097,derived topology (terminal positions); inferred global alignment
188441,R1-R6,R,lamina,269,-27.563363084455084,31.404772981137047,4.869386762276736,derived topology (terminal positions); inferred global alignment
188451,R1-R6,R,lamina,418,-88.0961297039182,26.368698256532504,4.221537110012224,derived topology (terminal positions); inferred global alignment
188498,R1-R6,R,lamina,333,-51.665333562115094,-47.91495387753821,5.653843415471914,derived topology (terminal positions); inferred global alignment
188552,R1-R6,R,lamina,418,-93.77840605729514,26.839840539003124,4.243062369734718,derived topology (terminal positions); inferred global alignment
188756,R1-R6,R,lamina,283,-19.443824097305644,-70.6943323243159,3.1566839830944033,derived topology (terminal positions); inferred global alignment
188822,R1-R6,R,lamina,16,50.47701293368205,42.3228474677473,39.24878583674768,derived topology (terminal positions); inferred global alignment
188877,R1-R6,R,lamina,710,-145.32152976216622,11.927916557646817,6.087124309534849,derived topology (terminal positions); inferred global alignment
188955,R1-R6,R,lamina,89,38.992329783650646,-53.52222490830349,32.01316336591331,derived topology (terminal positions); inferred global alignment
188981,R1-R6,R,lamina,296,-27.92339291122439,50.438261996858316,5.815570926569941,derived topology (terminal positions); inferred global alignment
189002,R1-R6,R,lamina,308,-37.81643705420386,-64.23775489834067,4.986958978488182,derived topology (terminal positions); inferred global alignment
189003,R1-R6,R,lamina,473,-106.0186132171915,34.58073217504934,4.297186626328229,derived topology (terminal positions); inferred global alignment
189122,R1-R6,R,lamina,311,-30.02300753516697,-70.78206398929717,3.0200293568432306,derived topology (terminal positions); inferred global alignment
189252,R1-R6,R,lamina,389,-70.928687068206,30.62977912127707,8.050004589226313,derived topology (terminal positions); inferred global alignment
189597,R1-R6,R,lamina,0,57.00939535497281,33.63599054869222,43.83734679521967,derived topology (terminal positions); inferred global alignment
189698,R1-R6,R,lamina,257,-15.057770542817586,-72.60840003096115,2.869143853432217,derived topology (terminal positions); inferred global alignment
189721,R1-R6,R,lamina,418,-91.31008051545459,25.696333439001794,4.075678634350381,derived topology (terminal positions); inferred global alignment
189807,R1-R6,R,lamina,358,-62.951891749784004,28.755020057946428,4.268385697646775,derived topology (terminal positions); inferred global alignment
189973,R1-R6,R,lamina,298,-30.899094672847106,32.44266199094408,3.938793023633924,derived topology (terminal positions); inferred global alignment
190069,R1-R6,R,lamina,479,-109.00228721079071,-29.68326244083683,3.2211914305357117,derived topology (terminal positions); inferred global alignment
190146,R1-R6,R,lamina,472,-109.07037279917486,40.78972154171941,1.099480575997622,derived topology (terminal positions); inferred global alignment
190197,R1-R6,R,lamina,451,-100.11743054897988,-28.035692294059633,3.841830957034897,derived topology (terminal positions); inferred global alignment
190275,R1-R6,R,lamina,257,-10.524908465303142,-76.56755749610386,7.925053053976758,derived topology (terminal positions); inferred global alignment
190289,R1-R6,R,lamina,324,-44.72224318563157,57.33062802992705,2.596216733253185,derived topology (terminal positions); inferred global alignment
27769,R1-R6,R,lamina,416,-88.18626555157094,49.52134583060174,2.7285643528296055,derived topology (terminal positions); inferred global alignment
28122,R1-R6,R,lamina,588,-130.84346410184696,53.4852748447745,1.886317260889839,derived topology (terminal positions); inferred global alignment
30266,R1-R6,R,lamina,469,-108.0315618514501,55.70089689074537,2.3370673649860887,derived topology (terminal positions); inferred global alignment
32275,R1-R6,R,lamina,356,-56.891694910981464,53.11257657020563,4.853415662270999,derived topology (terminal positions); inferred global alignment
35034,R1-R6,R,lamina,472,-111.48159551980812,38.59066090154421,2.798607494028175,derived topology (terminal positions); inferred global alignment
35739,R1-R6,R,lamina,356,-54.889487228237115,49.29199106766829,7.232580954252407,derived topology (terminal positions); inferred global alignment
36653,R1-R6,R,lamina,651,-138.90936297910866,39.419240979273674,2.8261363291980115,derived topology (terminal positions); inferred global alignment
39891,R1-R6,R,lamina,443,-102.4599437940679,53.08819152201193,1.0910109678685074,derived topology (terminal positions); inferred global alignment
40431,R1-R6,R,lamina,356,-54.44464328711683,52.962639706058326,7.232390023013801,derived topology (terminal positions); inferred global alignment
41658,R1-R6,R,lamina,386,-72.36808792901307,55.089144981100006,4.784206119705738,derived topology (terminal positions); inferred global alignment
46599,R1-R6,R,lamina,473,-111.15875483569702,34.071507698385204,1.3687465426328913,derived topology (terminal positions); inferred global alignment
53679,R1-R6,R,lamina,469,-109.16256784391263,57.677110410726925,1.454986848752789,derived topology (terminal positions); inferred global alignment
54109,R1-R6,R,lamina,354,-59.656580573311814,63.30126126051878,2.2239607918500597,derived topology (terminal positions); inferred global alignment
54944,R1-R6,R,lamina,626,-132.48917982144826,-32.745660281631245,0.578713719161248,derived topology (terminal positions); inferred global alignment
56469,R1-R6,R,lamina,444,-103.5826733780059,46.55285168422217,2.5825744177965677,derived topology (terminal positions); inferred global alignment
57717,R1-R6,R,lamina,238,-12.98619803760969,52.03280638990169,1.74322532366533,derived topology (terminal positions); inferred global alignment
63238,R1-R6,R,lamina,416,-85.39335209306674,45.81821429634559,6.013085542075164,derived topology (terminal positions); inferred global alignment
65463,R1-R6,R,lamina,542,-125.43491852437285,58.112140618483004,0.8503894655172941,derived topology (terminal positions); inferred global alignment
66667,R1-R6,R,lamina,706,-145.64423686840058,26.633753339042727,6.293112800137817,derived topology (terminal positions); inferred global alignment
68111,R1-R6,R,lamina,495,-115.61350882353831,53.81942755273732,1.45260308397373,derived topology (terminal positions); inferred global alignment
69383,R1-R6,R,lamina,470,-113.46389821210448,53.194190646415734,3.3770729485143343,derived topology (terminal positions); inferred global alignment
73765,R1-R6,R,lamina,471,-107.74762956638394,49.885581217676446,3.4607288005997137,derived topology (terminal positions); inferred global alignment
74160,R1-R6,R,lamina,385,-70.1288935615897,60.60534505841064,7.1281439895554755,derived topology (terminal positions); inferred global alignment
74274,R1-R6,R,lamina,708,-147.09452818136006,19.217583459333728,7.745068968272808,derived topology (terminal positions); inferred global alignment
74538,R1-R6,R,lamina,416,-96.02634548151987,50.443102980219486,5.607900267712871,derived topology (terminal positions); inferred global alignment
75311,R1-R6,R,lamina,545,-125.40253395884271,48.04402800530748,0.06136492031862082,derived topology (terminal positions); inferred global alignment
77619,R1-R6,R,lamina,325,-42.640429637311385,56.49515838372412,4.4522834014168575,derived topology (terminal positions); inferred global alignment
78857,R1-R6,R,lamina,355,-64.12914034839821,57.585066930736495,2.4566931577792617,derived topology (terminal positions); inferred global alignment
79144,R1-R6,R,lamina,628,-133.8632240061064,-42.23162419153729,1.508627923546656,derived topology (terminal positions); inferred global alignment
81033,R1-R6,R,lamina,385,-71.67212644749404,60.986243549203444,5.682972542877496,derived topology (terminal positions); inferred global alignment
81144,R1-R6,R,lamina,567,-128.71130456579448,48.48578303578681,1.6140189525545274,derived topology (terminal positions); inferred global alignment
83842,R1-R6,R,lamina,495,-114.70668747722198,56.35571671420085,2.3635904907281606,derived topology (terminal positions); inferred global alignment
84246,R1-R6,R,lamina,325,-51.768358776455756,54.99668326872551,5.454203409500625,derived topology (terminal positions); inferred global alignment
86331,R1-R6,R,lamina,542,-123.88240541375572,57.96929688782602,1.6576470709006461,derived topology (terminal positions); inferred global alignment
86821,R1-R6,R,lamina,610,-136.04024070363147,51.3289144789852,4.853374071632397,derived topology (terminal positions); inferred global alignment
90964,R1-R6,R,lamina,324,-52.48703238138336,58.610338201084495,6.124253130280591,derived topology (terminal positions); inferred global alignment
94155,R1-R6,R,lamina,468,-113.09878895488959,58.4854526383666,3.2852005634119856,derived topology (terminal positions); inferred global alignment
94868,R1-R6,R,lamina,356,-67.77443227012864,53.73237865069565,6.413211445282896,derived topology (terminal positions); inferred global alignment
94971,R1-R6,R,lamina,354,-57.481797610134436,62.54233034041175,4.216426835502015,derived topology (terminal positions); inferred global alignment
95164,R1-R6,R,lamina,326,-47.967152403292886,43.25438833510778,4.170871175443771,derived topology (terminal positions); inferred global alignment
95572,R1-R6,R,lamina,324,-53.97127354912459,58.588497744109254,7.602719221365709,derived topology (terminal positions); inferred global alignment
98910,R1-R6,R,lamina,469,-109.80290147888992,55.08818378631486,1.588226724051995,derived topology (terminal positions); inferred global alignment
99076,R1-R6,R,lamina,240,-17.44951066040607,38.89720434244839,3.116229503947796,derived topology (terminal positions); inferred global alignment
99298,R1-R6,R,lamina,712,-143.50348207307098,3.9042199241344764,4.478866390382892,derived topology (terminal positions); inferred global alignment
99767,R1-R6,R,lamina,355,-64.9135928718271,56.457042474811296,3.5387292362036207,derived topology (terminal positions); inferred global alignment
99945,R1-R6,R,lamina,499,-113.89600650141531,36.85093561826358,4.062371552690858,derived topology (terminal positions); inferred global alignment
101326,R1-R6,R,lamina,355,-68.37065932251387,55.021903362961616,7.280628466214061,derived topology (terminal positions); inferred global alignment
104411,R1-R6,R,lamina,384,-72.52285942766753,61.93610009705788,4.960266070409067,derived topology (terminal positions); inferred global alignment
105486,R1-R6,R,lamina,385,-74.54243922758639,58.082740135565764,3.0613255650798554,derived topology (terminal positions); inferred global alignment
106548,R1-R6,R,lamina,297,-31.120035895441,34.79201581649323,5.434167394809874,derived topology (terminal positions); inferred global alignment
108869,R1-R6,R,lamina,355,-62.20849124206942,56.06283084540622,1.938359516637954,derived topology (terminal positions); inferred global alignment
110262,R1-R6,R,lamina,293,-30.354879377690338,63.32927889036798,2.915125941942317,derived topology (terminal positions); inferred global alignment
110383,R1-R6,R,lamina,295,-37.00763396659272,51.50736010028342,4.663835351650436,derived topology (terminal positions); inferred global alignment
110823,R1-R6,R,lamina,542,-124.43905483039347,56.22545346743409,1.402457114841208,derived topology (terminal positions); inferred global alignment
111864,R1-R6,R,lamina,497,-115.80874626498814,44.81730568237038,1.6438517033253808,derived topology (terminal positions); inferred global alignment
111987,R1-R6,R,lamina,425,-89.01806439150263,-56.62443919830216,2.7043924525464105,derived topology (terminal positions); inferred global alignment
112548,R1-R6,R,lamina,179,24.60935220514625,-74.84761035590363,29.5472021564621,derived topology (terminal positions); inferred global alignment
112574,R1-R6,R,lamina,336,-48.21284257503769,-63.719109073118396,2.20436199609318,derived topology (terminal positions); inferred global alignment
113341,R1-R6,R,lamina,416,-95.57811776087185,47.81025468541932,4.894751059641245,derived topology (terminal positions); inferred global alignment
113562,R1-R6,R,lamina,268,-26.996232012298933,38.80900857297744,4.641063735666695,derived topology (terminal positions); inferred global alignment
113829,R1-R6,R,lamina,179,23.265926406501748,-76.20099378299416,29.210798050540294,derived topology (terminal positions); inferred global alignment
114343,R1-R6,R,lamina,455,-105.36890750877684,-56.16976432575929,4.3649596425982935,derived topology (terminal positions); inferred global alignment
114630,R1-R6,R,lamina,387,-82.6668946014941,48.45885343952822,5.678607395795171,derived topology (terminal positions); inferred global alignment
114750,R1-R6,R,lamina,525,-121.33966545271221,28.75484174396069,2.0479356764374392,derived topology (terminal positions); inferred global alignment
116281,R1-R6,R,lamina,366,-60.190512658796045,-62.70874417308466,1.3224616512417655,derived topology (terminal positions); inferred global alignment
116544,R1-R6,R,lamina,292,-32.27964081684027,66.76252172774323,1.4228676709328514,derived topology (terminal positions); inferred global alignment
116989,R1-R6,R,lamina,336,-50.94321922128198,-61.6988389921679,4.969903584330399,derived topology (terminal positions); inferred global alignment
117721,R1-R6,R,lamina,356,-58.37290769570544,48.65641881438826,4.630473202762379,derived topology (terminal positions); inferred global alignment
117958,R1-R6,R,lamina,336,-51.88774158172646,-61.23410813294847,6.005525386594678,derived topology (terminal positions); inferred global alignment
118233,R1-R6,R,lamina,606,-130.36428988916748,-43.673794889261714,1.743364888266927,derived topology (terminal positions); inferred global alignment
118538,R1-R6,R,lamina,705,-148.3654399647843,28.835018855802286,9.01376106083013,derived topology (terminal positions); inferred global alignment
118726,R1-R6,R,lamina,386,-76.99213587666208,51.33373997078631,3.084307139172655,derived topology (terminal positions); inferred global alignment
118789,R1-R6,R,lamina,33,46.77461913986308,45.71536196516435,36.66717442570508,derived topology (terminal positions); inferred global alignment
119183,R1-R6,R,lamina,688,-150.75450794429537,34.72551909434345,12.475487048253852,derived topology (terminal positions); inferred global alignment
119683,R1-R6,R,lamina,33,45.25595238280489,47.97070503346694,35.89001009717871,derived topology (terminal positions); inferred global alignment
119737,R1-R6,R,lamina,416,-96.0950627368634,45.49723148744518,6.170155782049705,derived topology (terminal positions); inferred global alignment
119809,R1-R6,R,lamina,699,-139.77121413273233,-12.793282210062372,1.5568307784501383,derived topology (terminal positions); inferred global alignment
119870,R1-R6,R,lamina,417,-94.72729068128824,44.22754737244123,5.531973908030574,derived topology (terminal positions); inferred global alignment
120634,R1-R6,R,lamina,615,-132.89470014499605,27.819263136020158,0.9288389659755952,derived topology (terminal positions); inferred global alignment
120673,R1-R6,R,lamina,615,-132.0135406921657,30.82708510278066,2.269901656864584,derived topology (terminal positions); inferred global alignment
121475,R1-R6,R,lamina,549,-123.73925772139515,30.16731716902023,3.035547088801459,derived topology (terminal positions); inferred global alignment
121591,R1-R6,R,lamina,454,-98.36438415805787,-54.46459363795803,3.2200339121757144,derived topology (terminal positions); inferred global alignment
121826,R1-R6,R,lamina,454,-105.30866704465654,-52.579319079189126,3.9761674353801544,derived topology (terminal positions); inferred global alignment
122205,R1-R6,R,lamina,582,-129.57789100587166,-40.138176919881474,2.1528172997397608,derived topology (terminal positions); inferred global alignment
122209,R1-R6,R,lamina,425,-90.98146776528084,-56.58266038070434,2.2476136405831806,derived topology (terminal positions); inferred global alignment
122376,R1-R6,R,lamina,368,-55.027685885676526,-68.06026391080049,6.240129950447512,derived topology (terminal positions); inferred global alignment
122963,R1-R6,R,lamina,51,44.27795675172223,49.18700930978621,35.40170973799823,derived topology (terminal positions); inferred global alignment
123344,R1-R6,R,lamina,268,-22.001462729656083,42.8400309883156,2.340489698716853,derived topology (terminal positions); inferred global alignment
123705,R1-R6,R,lamina,525,-122.16458104040498,28.97814241559769,2.3851554389993965,derived topology (terminal positions); inferred global alignment
123919,R1-R6,R,lamina,387,-71.63505243459409,46.0821135715674,5.61293138847562,derived topology (terminal positions); inferred global alignment
124209,R1-R6,R,lamina,132,40.09703725089862,-70.25134385909456,39.993085349382994,derived topology (terminal positions); inferred global alignment
124475,R1-R6,R,lamina,572,-127.1987752254912,27.39529435394033,1.3443619671153157,derived topology (terminal positions); inferred global alignment
124529,R1-R6,R,lamina,387,-80.23119257930331,47.58208879476975,3.1555952889001526,derived topology (terminal positions); inferred global alignment
124779,R1-R6,R,lamina,297,-36.69702504706333,43.47956093571297,5.089071948579855,derived topology (terminal positions); inferred global alignment
124814,R1-R6,R,lamina,719,-144.58681318883544,-26.302424859393312,5.284406201957053,derived topology (terminal positions); inferred global alignment
124986,R1-R6,R,lamina,425,-90.1515797303796,-53.1635655197893,1.2746045909123067,derived topology (terminal positions); inferred global alignment
125377,R1-R6,R,lamina,525,-119.61363664097489,29.62380825053479,3.434543004185015,derived topology (terminal positions); inferred global alignment
125796,R1-R6,R,lamina,367,-60.84936804100186,-65.92529429195771,0.6352355685045384,derived topology (terminal positions); inferred global alignment
126035,R1-R6,R,lamina,469,-109.86431050678928,55.07005766692126,1.5927429560719166,derived topology (terminal positions); inferred global alignment
126946,R1-R6,R,lamina,473,-109.59496540749006,29.242930954450763,4.001459729168369,derived topology (terminal positions); inferred global alignment
127008,R1-R6,R,lamina,425,-90.54543727988661,-53.13381298141008,1.2474636613736256,derived topology (terminal positions); inferred global alignment
127181,R1-R6,R,lamina,355,-58.195975162062986,57.41141969080042,3.5397351145823572,derived topology (terminal positions); inferred global alignment
127446,R1-R6,R,lamina,688,-155.61099372699047,36.64446697924411,17.611133606845048,derived topology (terminal positions); inferred global alignment
127924,R1-R6,R,lamina,297,-29.192328212059188,42.27842313839919,4.647665162643881,derived topology (terminal positions); inferred global alignment
127946,R1-R6,R,lamina,453,-104.73041004883333,-48.930903005597955,3.3504321914710995,derived topology (terminal positions); inferred global alignment
128839,R1-R6,R,lamina,356,-55.898968916523906,49.13910049644087,6.372275122716735,derived topology (terminal positions); inferred global alignment
129195,R1-R6,R,lamina,307,-31.959326182935353,-61.83849950047332,1.13496808700892,derived topology (terminal positions); inferred global alignment
129641,R1-R6,R,lamina,482,-112.81103842629875,-53.02027279562511,2.99083492394682,derived topology (terminal positions); inferred global alignment
129935,R1-R6,R,lamina,51,39.7249439841959,52.31287975876205,32.14472815462369,derived topology (terminal positions); inferred global alignment
129956,R1-R6,R,lamina,297,-32.99356748410438,38.071450382725054,1.7696545293765322,derived topology (terminal positions); inferred global alignment
130185,R1-R6,R,lamina,388,-70.05269784244008,41.95061866523072,7.993601222947514,derived topology (terminal positions); inferred global alignment
130195,R1-R6,R,lamina,367,-68.7571278277451,-66.75960686268145,7.4650311696625815,derived topology (terminal positions); inferred global alignment
130244,R1-R6,R,lamina,366,-54.57528166531958,-62.67880635415649,6.805225363042419,derived topology (terminal positions); inferred global alignment
130266,R1-R6,R,lamina,610,-138.48819500943733,49.807837473647346,5.959589760905686,derived topology (terminal positions); inferred global alignment
130316,R1-R6,R,lamina,179,23.192850323088166,-75.79832598820721,28.914077017803507,derived topology (terminal positions); inferred global alignment
130335,R1-R6,R,lamina,604,-131.7314253428808,-34.618599950175835,1.5524937414688469,derived topology (terminal positions); inferred global alignment
130526,R1-R6,R,lamina,326,-44.95297136560812,49.95649960532204,3.1812171132671074,derived topology (terminal positions); inferred global alignment
130687,R1-R6,R,lamina,446,-97.2789121060616,36.13439306744056,5.897066675482567,derived topology (terminal positions); inferred global alignment
130716,R1-R6,R,lamina,395,-77.4155005653139,-55.62260306213091,1.7198478793070822,derived topology (terminal positions); inferred global alignment
130726,R1-R6,R,lamina,325,-39.9775867809361,52.1031153653874,6.713702331151617,derived topology (terminal positions); inferred global alignment
130906,R1-R6,R,lamina,263,-20.02757839456296,64.57303326513016,2.7343406983660374,derived topology (terminal positions); inferred global alignment
130926,R1-R6,R,lamina,16,51.97952404327505,43.4875058048319,41.00047178690781,derived topology (terminal positions); inferred global alignment
130931,R1-R6,R,lamina,367,-56.956171627773784,-66.70988254516537,4.569878009992785,derived topology (terminal positions); inferred global alignment
131004,R1-R6,R,lamina,16,54.105490648341714,44.386739159674505,43.290154113130995,derived topology (terminal positions); inferred global alignment
131064,R1-R6,R,lamina,179,20.016912322739216,-73.8850425193283,25.22152365746972,derived topology (terminal positions); inferred global alignment
131068,R1-R6,R,lamina,705,-152.97334470893927,28.803150213943777,13.61521894506843,derived topology (terminal positions); inferred global alignment
131175,R1-R6,R,lamina,1,67.91224823698127,26.895052381580808,54.539205669785424,derived topology (terminal positions); inferred global alignment
131317,R1-R6,R,lamina,688,-155.02708050438196,39.29113513569791,17.835426354866872,derived topology (terminal positions); inferred global alignment
131433,R1-R6,R,lamina,297,-37.2850559610375,36.82984353761691,5.115022367282194,derived topology (terminal positions); inferred global alignment
131480,R1-R6,R,lamina,416,-92.50013555750277,49.69055762772492,2.0871429157932173,derived topology (terminal positions); inferred global alignment
131820,R1-R6,R,lamina,16,48.70434439629108,43.297701937048835,37.79923029936006,derived topology (terminal positions); inferred global alignment
131873,R1-R6,R,lamina,325,-54.0997338110133,54.105253394990505,7.710295921725646,derived topology (terminal positions); inferred global alignment
131928,R1-R6,R,lamina,570,-128.4013263473963,39.65806002354266,1.074183066306514,derived topology (terminal positions); inferred global alignment
132061,R1-R6,R,lamina,155,30.484064406118137,-71.70119146719132,32.48336072535251,derived topology (terminal positions); inferred global alignment
132065,R1-R6,R,lamina,706,-144.75710627076472,25.660444759549193,5.403498227196192,derived topology (terminal positions); inferred global alignment
132460,R1-R6,R,lamina,296,-38.017329774612065,47.97314071511084,4.825212757587977,derived topology (terminal positions); inferred global alignment
132986,R1-R6,R,lamina,521,-119.803485336242,47.893183495224186,2.2774283230781514,derived topology (terminal positions); inferred global alignment
133043,R1-R6,R,lamina,239,-17.42685585086803,43.96646898968959,3.8757507876321484,derived topology (terminal positions); inferred global alignment
133163,R1-R6,R,lamina,132,32.81277781182901,-66.82153324488944,31.963468756053665,derived topology (terminal positions); inferred global alignment
133305,R1-R6,R,lamina,416,-96.12437123876256,48.467969353695246,5.3832372122071765,derived topology (terminal positions); inferred global alignment
133423,R1-R6,R,lamina,500,-118.13008689212944,27.74295701979984,2.690875941203352,derived topology (terminal positions); inferred global alignment
133458,R1-R6,R,lamina,110,39.747279197019836,-64.13277964793791,36.93570735295119,derived topology (terminal positions); inferred global alignment
133732,R1-R6,R,lamina,523,-122.76864939481172,37.376495209008006,2.824869559591437,derived topology (terminal positions); inferred global alignment
133810,R1-R6,R,lamina,240,-16.654618003850068,42.739956830323024,3.019182458762753,derived topology (terminal positions); inferred global alignment
133979,R1-R6,R,lamina,709,-149.20947429985767,16.245625729676775,9.95329232789875,derived topology (terminal positions); inferred global alignment
134015,R1-R6,R,lamina,338,-52.31689330376834,-67.93572256052128,6.295717244354009,derived topology (terminal positions); inferred global alignment
134097,R1-R6,R,lamina,155,34.02396725449161,-73.44168172608875,36.41433949346052,derived topology (terminal positions); inferred global alignment
134298,R1-R6,R,lamina,132,32.878315246189715,-69.42283559408217,33.39189999324123,derived topology (terminal positions); inferred global alignment
134340,R1-R6,R,lamina,497,-118.83160295895736,45.46070616220474,2.4360229497787103,derived topology (terminal positions); inferred global alignment
134402,R1-R6,R,lamina,132,43.24941277306094,-71.71495142674061,43.460590041922025,derived topology (terminal positions); inferred global alignment
134403,R1-R6,R,lamina,500,-114.3477220939902,28.204208686852247,3.388291596064372,derived topology (terminal positions); inferred global alignment
134478,R1-R6,R,lamina,338,-47.346943778297714,-67.67450353966157,1.6338160965915165,derived topology (terminal positions); inferred global alignment
134560,R1-R6,R,lamina,132,36.21058936692067,-70.67769583740774,36.868749777188455,derived topology (terminal positions); inferred global alignment
134618,R1-R6,R,lamina,582,-128.28602423185467,-39.28683736698026,0.8574352361471259,derived topology (terminal positions); inferred global alignment
134739,R1-R6,R,lamina,155,30.42364102133834,-71.99568979606946,32.58563283133506,derived topology (terminal positions); inferred global alignment
135144,R1-R6,R,lamina,572,-128.393372636705,29.67093102782771,1.6124094007141023,derived topology (terminal positions); inferred global alignment
135230,R1-R6,R,lamina,0,55.657069505633544,40.76838056541443,43.787634399460565,derived topology (terminal positions); inferred global alignment
135295,R1-R6,R,lamina,417,-87.93808356638361,43.389180148076115,4.090611690542724,derived topology (terminal positions); inferred global alignment
135296,R1-R6,R,lamina,90,29.400964402301526,54.79414044560562,23.52618740436871,derived topology (terminal positions); inferred global alignment
135562,R1-R6,R,lamina,355,-67.72028265248716,58.745770163017674,6.077794261276854,derived topology (terminal positions); inferred global alignment
135638,R1-R6,R,lamina,388,-77.72543405525064,39.771455517714365,1.8917865126059645,derived topology (terminal positions); inferred global alignment
135682,R1-R6,R,lamina,705,-151.5087562861257,34.00080472213238,12.945470626930838,derived topology (terminal positions); inferred global alignment
135741,R1-R6,R,lamina,269,-26.661305384709983,35.97177067694085,5.884510635564587,derived topology (terminal positions); inferred global alignment
135902,R1-R6,R,lamina,711,-144.65103122335267,7.830542978342448,5.461117747518713,derived topology (terminal positions); inferred global alignment
135953,R1-R6,R,lamina,473,-106.80186804877175,29.256695047667733,5.1461594226461,derived topology (terminal positions); inferred global alignment
136470,R1-R6,R,lamina,335,-40.93089903277039,-59.20290937339882,5.233199903814129,derived topology (terminal positions); inferred global alignment
136578,R1-R6,R,lamina,132,33.708516632264605,-67.82043187307809,33.24072983130298,derived topology (terminal positions); inferred global alignment
136915,R1-R6,R,lamina,560,-125.43778964319459,-47.25734520237323,0.7416124898356901,derived topology (terminal positions); inferred global alignment
137106,R1-R6,R,lamina,70,37.530017315036545,53.247083954066255,30.38930565050508,derived topology (terminal positions); inferred global alignment
137126,R1-R6,R,lamina,388,-74.41979144796072,42.267041649879694,4.976738424893804,derived topology (terminal positions); inferred global alignment
137154,R1-R6,R,lamina,33,49.091377476182075,46.48070051273114,39.103977899465235,derived topology (terminal positions); inferred global alignment
137169,R1-R6,R,lamina,473,-111.85618440984383,30.137977511373485,3.545234270621499,derived topology (terminal positions); inferred global alignment
137689,R1-R6,R,lamina,33,45.07367416797722,48.42627918001715,35.87288935340629,derived topology (terminal positions); inferred global alignment
137704,R1-R6,R,lamina,647,-135.2715715402273,-34.53242027420331,1.5874393321833087,derived topology (terminal positions); inferred global alignment
137717,R1-R6,R,lamina,473,-111.83458928229291,33.803709367049265,1.8394593712337088,derived topology (terminal positions); inferred global alignment
137951,R1-R6,R,lamina,688,-142.72773125970633,33.49176791195681,4.355050971771782,derived topology (terminal positions); inferred global alignment
138018,R1-R6,R,lamina,326,-44.72197269654309,46.26546026698136,1.8372850847540867,derived topology (terminal positions); inferred global alignment
138168,R1-R6,R,lamina,297,-28.365943382017626,39.981914742976905,4.781924724289256,derived topology (terminal positions); inferred global alignment
138169,R1-R6,R,lamina,454,-101.09905284112077,-55.698363236574025,2.070419656602286,derived topology (terminal positions); inferred global alignment
138265,R1-R6,R,lamina,582,-128.13088489649016,-40.40653115320317,1.9817049385832306,derived topology (terminal positions); inferred global alignment
138297,R1-R6,R,lamina,357,-58.96931474080426,45.13308050765845,2.9205813788420594,derived topology (terminal positions); inferred global alignment
138452,R1-R6,R,lamina,357,-68.77730670545681,45.926402711453655,7.464966657797135,derived topology (terminal positions); inferred global alignment
138632,R1-R6,R,lamina,325,-46.24922613755221,55.282889769961386,1.1975719821582886,derived topology (terminal positions); inferred global alignment
138650,R1-R6,R,lamina,132,31.7844722987806,-64.11125454816558,29.77690862575214,derived topology (terminal positions); inferred global alignment
138691,R1-R6,R,lamina,455,-98.15138539390034,-55.900584897839074,3.976955142251554,derived topology (terminal positions); inferred global alignment
138696,R1-R6,R,lamina,356,-59.89003133319268,51.62201481862877,1.7530727643053974,derived topology (terminal positions); inferred global alignment
138900,R1-R6,R,lamina,132,40.31289144013272,-68.87333036183672,39.53606067281363,derived topology (terminal positions); inferred global alignment
139050,R1-R6,R,lamina,297,-33.50073774482436,43.90190285546221,4.082815557781151,derived topology (terminal positions); inferred global alignment
139102,R1-R6,R,lamina,417,-85.42016079580853,38.2203777345653,5.742098491312228,derived topology (terminal positions); inferred global alignment
139128,R1-R6,R,lamina,335,-48.83153705997681,-60.05223250551582,2.9174694034509483,derived topology (terminal positions); inferred global alignment
139146,R1-R6,R,lamina,336,-46.04562567127249,-64.49605713024208,1.5272549432314388,derived topology (terminal positions); inferred global alignment
139344,R1-R6,R,lamina,396,-77.8111110706783,-58.94005993999033,1.0256769416854543,derived topology (terminal positions); inferred global alignment
139366,R1-R6,R,lamina,426,-90.68682993423593,-57.97495823462904,1.2378514021718485,derived topology (terminal positions); inferred global alignment
139491,R1-R6,R,lamina,69,45.616028442148334,-50.63094993125873,37.23970140452629,derived topology (terminal positions); inferred global alignment
139520,R1-R6,R,lamina,268,-22.984108475607485,39.05240988495419,1.5823436845433356,derived topology (terminal positions); inferred global alignment
139554,R1-R6,R,lamina,155,29.755489148424402,-69.32929310219181,30.674903490771776,derived topology (terminal positions); inferred global alignment
139653,R1-R6,R,lamina,388,-82.45990388749419,41.384956836780866,6.403261359353672,derived topology (terminal positions); inferred global alignment
139711,R1-R6,R,lamina,0,53.04580025403753,38.41267365749723,40.684182004409294,derived topology (terminal positions); inferred global alignment
139757,R1-R6,R,lamina,417,-87.52636410241028,38.000273431324956,4.005101505742664,derived topology (terminal positions); inferred global alignment
139895,R1-R6,R,lamina,388,-79.50246019072408,41.11708690667698,3.9745173780739216,derived topology (terminal positions); inferred global alignment
139923,R1-R6,R,lamina,179,22.80374071260063,-74.60194156816257,27.907086754118048,derived topology (terminal positions); inferred global alignment
140027,R1-R6,R,lamina,441,-105.51485320096,60.258031465905766,4.028897221873949,derived topology (terminal positions); inferred global alignment
140056,R1-R6,R,lamina,337,-41.563032408729256,-66.15143585011121,4.542585603486655,derived topology (terminal positions); inferred global alignment
140288,R1-R6,R,lamina,16,51.229390436431984,43.06848366310431,40.166377261939196,derived topology (terminal positions); inferred global alignment
140313,R1-R6,R,lamina,387,-78.96615158625926,43.678620881290115,4.219169368561856,derived topology (terminal positions); inferred global alignment
140331,R1-R6,R,lamina,445,-99.78595100325091,42.19440922981542,2.1353394821896674,derived topology (terminal positions); inferred global alignment
140411,R1-R6,R,lamina,615,-132.9728422381521,29.401368949186516,0.655563928011698,derived topology (terminal positions); inferred global alignment
140538,R1-R6,R,lamina,69,52.46988506296708,-53.66957971563191,44.70193871085543,derived topology (terminal positions); inferred global alignment
140682,R1-R6,R,lamina,521,-119.65967438683572,50.44868259045647,2.082950634580978,derived topology (terminal positions); inferred global alignment
140802,R1-R6,R,lamina,580,-129.39205810135266,-28.31226573989111,1.2101038508008266,derived topology (terminal positions); inferred global alignment
140928,R1-R6,R,lamina,240,-16.016411628979697,40.96407604650341,1.4003316627472695,derived topology (terminal positions); inferred global alignment
141070,R1-R6,R,lamina,471,-109.9373777569977,49.297823889550315,1.9288622557202195,derived topology (terminal positions); inferred global alignment
141327,R1-R6,R,lamina,482,-109.23509285671662,-52.31113663730387,0.6775979180219025,derived topology (terminal positions); inferred global alignment
141503,R1-R6,R,lamina,388,-81.54186181632815,35.79040044330739,5.047864873930808,derived topology (terminal positions); inferred global alignment
141655,R1-R6,R,lamina,155,30.312255285605715,-70.23830615259175,31.59926205703215,derived topology (terminal positions); inferred global alignment
141770,R1-R6,R,lamina,356,-60.122295005038104,52.475346591660106,1.5700636057907091,derived topology (terminal positions); inferred global alignment
141885,R1-R6,R,lamina,0,55.45668080066277,38.17075491652555,42.9877973033858,derived topology (terminal positions); inferred global alignment
141942,R1-R6,R,lamina,549,-126.73203842935686,26.390007898429747,1.8521114279903532,derived topology (terminal positions); inferred global alignment
142011,R1-R6,R,lamina,416,-88.59633684945786,45.864513829562455,3.44972711894426,derived topology (terminal positions); inferred global alignment
142087,R1-R6,R,lamina,396,-72.49553265617443,-59.62393711054825,4.36760193849923,derived topology (terminal positions); inferred global alignment
142123,R1-R6,R,lamina,397,-74.30797183194846,-63.21064234150015,2.4962197258452576,derived topology (terminal positions); inferred global alignment
142204,R1-R6,R,lamina,387,-81.53901862234505,45.11913233865743,5.03386226878782,derived topology (terminal positions); inferred global alignment
142405,R1-R6,R,lamina,525,-119.63830320650791,28.20775115357105,2.3360126125782132,derived topology (terminal positions); inferred global alignment
142459,R1-R6,R,lamina,705,-152.1222441977136,31.868992300765054,12.967361582246456,derived topology (terminal positions); inferred global alignment
142620,R1-R6,R,lamina,336,-48.07966215536074,-63.29303452767047,1.9670234350937652,derived topology (terminal positions); inferred global alignment
142647,R1-R6,R,lamina,388,-74.54053968052558,37.58552370766687,2.5098305182902294,derived topology (terminal positions); inferred global alignment
142885,R1-R6,R,lamina,453,-101.76195287824146,-47.27769024401762,0.7781942577319461,derived topology (terminal positions); inferred global alignment
143163,R1-R6,R,lamina,33,48.21593634508535,50.01807046691766,39.373637743586485,derived topology (terminal positions); inferred global alignment
143260,R1-R6,R,lamina,698,-139.08519829221981,-9.45645821718595,0.8047578156559648,derived topology (terminal positions); inferred global alignment
143338,R1-R6,R,lamina,110,33.466607864587445,-61.19940874401941,30.0141169972501,derived topology (terminal positions); inferred global alignment
143405,R1-R6,R,lamina,356,-65.50573059678199,50.01466729070008,4.359811468814445,derived topology (terminal positions); inferred global alignment
143537,R1-R6,R,lamina,417,-94.02998662913477,40.04054962305544,3.3176986153565022,derived topology (terminal positions); inferred global alignment
143639,R1-R6,R,lamina,605,-131.64754708490443,-37.73692702188132,0.9002568132253519,derived topology (terminal positions); inferred global alignment
143657,R1-R6,R,lamina,670,-138.6569447049866,35.19539965490928,1.6657669799279282,derived topology (terminal positions); inferred global alignment
143862,R1-R6,R,lamina,366,-67.22416815385137,-61.446552381483336,5.904143668805822,derived topology (terminal positions); inferred global alignment
143866,R1-R6,R,lamina,424,-91.91052552279598,-49.87297861686689,2.2276553499634555,derived topology (terminal positions); inferred global alignment
144091,R1-R6,R,lamina,16,50.99915397861001,45.20999855727774,40.559561772655506,derived topology (terminal positions); inferred global alignment
144116,R1-R6,R,lamina,132,28.386403894224273,-62.96070529458321,26.22593018622797,derived topology (terminal positions); inferred global alignment
144213,R1-R6,R,lamina,500,-116.1199733663797,26.834618300536885,1.299345111722821,derived topology (terminal positions); inferred global alignment
144290,R1-R6,R,lamina,132,33.056050728582676,-68.76500326608826,33.18062514755258,derived topology (terminal positions); inferred global alignment
144333,R1-R6,R,lamina,416,-86.54800947300355,46.80335619363867,4.549258993386642,derived topology (terminal positions); inferred global alignment
144411,R1-R6,R,lamina,50,45.342066439036685,-48.728570883113186,36.39580439357535,derived topology (terminal positions); inferred global alignment
144513,R1-R6,R,lamina,509,-113.38024443637511,-50.48850544560804,2.9786145159388893,derived topology (terminal positions); inferred global alignment
144603,R1-R6,R,lamina,297,-30.4224541085434,35.80516522475028,4.863285984563661,derived topology (terminal positions); inferred global alignment
144647,R1-R6,R,lamina,132,39.62189230820353,-72.57957900602227,40.76839537279177,derived topology (terminal positions); inferred global alignment
144674,R1-R6,R,lamina,132,37.45407367513748,-67.71163241641018,36.46276920331947,derived topology (terminal positions); inferred global alignment
144675,R1-R6,R,lamina,388,-75.58626503220333,33.96842141864071,4.2944699330512455,derived topology (terminal positions); inferred global alignment
144693,R1-R6,R,lamina,417,-85.70444659230164,42.039567277303796,5.287700666765113,derived topology (terminal positions); inferred global alignment
144920,R1-R6,R,lamina,336,-46.34539730196428,-61.64475666738645,1.3428525817220118,derived topology (terminal positions); inferred global alignment
145170,R1-R6,R,lamina,297,-36.62513615644755,36.73201844142629,4.661863362948123,derived topology (terminal positions); inferred global alignment
145226,R1-R6,R,lamina,0,50.61086943988964,39.84106116231959,38.676344235638275,derived topology (terminal positions); inferred global alignment
145255,R1-R6,R,lamina,132,36.627829905132444,-71.64144795594083,37.742898231932074,derived topology (terminal positions); inferred global alignment
145501,R1-R6,R,lamina,454,-98.57623166607706,-51.18886794984241,3.8179531151815067,derived topology (terminal positions); inferred global alignment
145623,R1-R6,R,lamina,0,54.71248159488705,37.12292526142994,42.05377466798319,derived topology (terminal positions); inferred global alignment
145632,R1-R6,R,lamina,297,-38.88874380834981,37.838031868480705,6.080285055575397,derived topology (terminal positions); inferred global alignment
145741,R1-R6,R,lamina,0,52.25106994538304,41.9458261224181,40.856025058361055,derived topology (terminal positions); inferred global alignment
145806,R1-R6,R,lamina,132,37.09363230306646,-65.0736349494464,34.99266406518325,derived topology (terminal positions); inferred global alignment
145877,R1-R6,R,lamina,69,46.92928648696761,-52.70998474033975,39.15849893051848,derived topology (terminal positions); inferred global alignment
145900,R1-R6,R,lamina,132,36.870863432679656,-71.5957462757426,37.92109250659135,derived topology (terminal positions); inferred global alignment
145927,R1-R6,R,lamina,155,33.637947381837606,-74.47756398955622,36.627200988581905,derived topology (terminal positions); inferred global alignment
145993,R1-R6,R,lamina,297,-33.51705125932326,37.35951044473865,2.5027705439102252,derived topology (terminal positions); inferred global alignment
146074,R1-R6,R,lamina,357,-56.820192464642616,47.736890973115344,6.150669223334155,derived topology (terminal positions); inferred global alignment
146139,R1-R6,R,lamina,357,-65.23458434916088,44.313966561736706,3.660124427560508,derived topology (terminal positions); inferred global alignment
146356,R1-R6,R,lamina,473,-110.16482303710472,30.521500956151463,2.692818392073799,derived topology (terminal positions); inferred global alignment
146484,R1-R6,R,lamina,336,-49.79152773756044,-61.262180768845255,4.032714476745241,derived topology (terminal positions); inferred global alignment
146567,R1-R6,R,lamina,33,48.186495919242304,48.11668491685793,38.71146419977355,derived topology (terminal positions); inferred global alignment
146613,R1-R6,R,lamina,69,50.66922981588347,-53.96184240177309,43.10092682365709,derived topology (terminal positions); inferred global alignment
146782,R1-R6,R,lamina,33,46.60850286355307,45.54797988613104,36.4629688421874,derived topology (terminal positions); inferred global alignment
146814,R1-R6,R,lamina,453,-102.7835227177051,-49.75417076285003,2.158091106951815,derived topology (terminal positions); inferred global alignment
146865,R1-R6,R,lamina,398,-73.51119568775351,-65.75295917977455,3.359683856159559,derived topology (terminal positions); inferred global alignment
146883,R1-R6,R,lamina,0,53.326882561722385,40.557986396419345,41.485038958435936,derived topology (terminal positions); inferred global alignment
147009,R1-R6,R,lamina,398,-71.04454449015203,-66.9533639908224,5.764553986844229,derived topology (terminal positions); inferred global alignment
147093,R1-R6,R,lamina,132,40.580929496364234,-70.57115965825881,40.57136327444353,derived topology (terminal positions); inferred global alignment
147159,R1-R6,R,lamina,33,48.57909227546719,45.93543801856629,38.466671789686224,derived topology (terminal positions); inferred global alignment
147214,R1-R6,R,lamina,155,36.92796621686948,-73.26621538166776,38.856453001773154,derived topology (terminal positions); inferred global alignment
147235,R1-R6,R,lamina,335,-42.389623632184914,-60.142719031262516,3.967610888909074,derived topology (terminal positions); inferred global alignment
147308,R1-R6,R,lamina,706,-140.07207081939788,25.35727799471575,1.0302141363266153,derived topology (terminal positions); inferred global alignment
147324,R1-R6,R,lamina,480,-106.19864188377159,-40.047910825272275,3.829285200336117,derived topology (terminal positions); inferred global alignment
147499,R1-R6,R,lamina,445,-104.6540274564548,42.09101077087335,3.0620318901402124,derived topology (terminal positions); inferred global alignment
147722,R1-R6,R,lamina,89,48.71582882744423,-57.303997460005554,42.44099999228853,derived topology (terminal positions); inferred global alignment
147824,R1-R6,R,lamina,0,54.92284613916513,40.73084281333463,43.06925422279749,derived topology (terminal positions); inferred global alignment
147841,R1-R6,R,lamina,705,-147.62085353856247,33.58923719016581,9.20916677614744,derived topology (terminal positions); inferred global alignment
147879,R1-R6,R,lamina,709,-148.16463445085532,16.24346302458339,8.920006046832277,derived topology (terminal positions); inferred global alignment
147896,R1-R6,R,lamina,471,-108.82537780699222,46.07801252367502,1.8450995700453443,derived topology (terminal positions); inferred global alignment
147982,R1-R6,R,lamina,387,-76.63553865336074,47.408204378996764,0.4448941933741768,derived topology (terminal positions); inferred global alignment
148016,R1-R6,R,lamina,297,-38.175797104729384,43.536182199119494,6.245390236347952,derived topology (terminal positions); inferred global alignment
148058,R1-R6,R,lamina,132,39.74383275173432,-68.33159602276497,38.783425111426624,derived topology (terminal positions); inferred global alignment
148168,R1-R6,R,lamina,132,38.78479624985586,-71.23851763051869,39.35191050028723,derived topology (terminal positions); inferred global alignment
148271,R1-R6,R,lamina,132,35.00240006760724,-64.32609589596608,32.778405125195754,derived topology (terminal positions); inferred global alignment
148402,R1-R6,R,lamina,498,-116.59089773132433,42.44474340626247,1.8679075468930357,derived topology (terminal positions); inferred global alignment
148405,R1-R6,R,lamina,416,-92.2902108373259,46.81795392909362,2.334879793591244,derived topology (terminal positions); inferred global alignment
148435,R1-R6,R,lamina,483,-107.13919073903651,-56.732606272384665,2.758278960666623,derived topology (terminal positions); inferred global alignment
148462,R1-R6,R,lamina,454,-102.53442235914326,-53.48287485914125,1.066616101426107,derived topology (terminal positions); inferred global alignment
148524,R1-R6,R,lamina,709,-149.1729892510388,13.56522050193614,9.896172767275232,derived topology (terminal positions); inferred global alignment
148570,R1-R6,R,lamina,240,-14.995958131824935,43.29604793917776,2.8931502211856266,derived topology (terminal positions); inferred global alignment
148582,R1-R6,R,lamina,483,-110.19347342097024,-55.39210491494553,1.1260961484081062,derived topology (terminal positions); inferred global alignment
148960,R1-R6,R,lamina,387,-80.25926639761283,48.887565726536465,3.48996891418911,derived topology (terminal positions); inferred global alignment
149091,R1-R6,R,lamina,296,-33.90488179061602,44.564572132629316,3.485357910952435,derived topology (terminal positions); inferred global alignment
149112,R1-R6,R,lamina,69,46.841981994891015,-50.8705024447225,38.480378392472176,derived topology (terminal positions); inferred global alignment
149153,R1-R6,R,lamina,388,-80.08952548787406,34.36392494860827,4.777811966133697,derived topology (terminal positions); inferred global alignment
149177,R1-R6,R,lamina,426,-93.49193042052477,-57.257276937806715,3.574407231075128,derived topology (terminal positions); inferred global alignment
149211,R1-R6,R,lamina,496,-115.35018684490316,52.59187055465531,2.0167782008621415,derived topology (terminal positions); inferred global alignment
149354,R1-R6,R,lamina,454,-105.09524339487048,-55.044410236771334,3.8667883512169827,derived topology (terminal positions); inferred global alignment
149381,R1-R6,R,lamina,388,-74.81352328388397,38.38313028994305,2.229041737552695,derived topology (terminal positions); inferred global alignment
149391,R1-R6,R,lamina,297,-33.638883188924254,38.192629009854386,1.714431786267185,derived topology (terminal positions); inferred global alignment
149481,R1-R6,R,lamina,387,-78.27816027948673,44.766079727021015,2.9416200026862276,derived topology (terminal positions); inferred global alignment
149496,R1-R6,R,lamina,482,-111.9995851954166,-50.89393050486686,2.5081014133794737,derived topology (terminal positions); inferred global alignment
149618,R1-R6,R,lamina,387,-81.01660726943845,44.001809462522736,5.235765810901362,derived topology (terminal positions); inferred global alignment
149659,R1-R6,R,lamina,424,-87.60123691088435,-49.9413246923229,3.424268730548967,derived topology (terminal positions); inferred global alignment
149669,R1-R6,R,lamina,549,-124.73235354545614,25.748368848186168,1.900889262098562,derived topology (terminal positions); inferred global alignment
149772,R1-R6,R,lamina,367,-67.79808946792143,-64.24154906781797,6.551901630822332,derived topology (terminal positions); inferred global alignment
149833,R1-R6,R,lamina,368,-62.3368760658302,-67.4270771624834,1.4124528182366474,derived topology (terminal positions); inferred global alignment
149835,R1-R6,R,lamina,155,31.75555071270354,-73.3668030373448,34.44272425432976,derived topology (terminal positions); inferred global alignment
149842,R1-R6,R,lamina,338,-40.8952835294461,-68.27296790567718,5.187870796735388,derived topology (terminal positions); inferred global alignment
149946,R1-R6,R,lamina,367,-54.98638508275332,-65.55829207068936,6.398890353697912,derived topology (terminal positions); inferred global alignment
149970,R1-R6,R,lamina,705,-152.6490463004294,30.93380674230316,13.352201995925876,derived topology (terminal positions); inferred global alignment
150090,R1-R6,R,lamina,155,38.47715090802876,-73.98929329120718,40.563430133077446,derived topology (terminal positions); inferred global alignment
150216,R1-R6,R,lamina,710,-150.1833760906543,12.615077190714326,10.992909168912478,derived topology (terminal positions); inferred global alignment
150229,R1-R6,R,lamina,385,-78.88851511855326,59.65565266853777,1.700017271987593,derived topology (terminal positions); inferred global alignment
150246,R1-R6,R,lamina,388,-82.39470162041201,36.656556549085664,5.551857128211139,derived topology (terminal positions); inferred global alignment
150271,R1-R6,R,lamina,610,-138.8389894873597,52.27903578047433,7.526714779415778,derived topology (terminal positions); inferred global alignment
150510,R1-R6,R,lamina,418,-93.01717520400493,34.54149423930725,5.365323187294875,derived topology (terminal positions); inferred global alignment
151089,R1-R6,R,lamina,705,-147.01317675609823,28.547584556735913,7.695489493319051,derived topology (terminal positions); inferred global alignment
151110,R1-R6,R,lamina,454,-101.26789785278018,-51.631084180024935,2.0442028387757123,derived topology (terminal positions); inferred global alignment
151158,R1-R6,R,lamina,471,-107.7890149135271,49.302959964112524,3.0330693501726618,derived topology (terminal positions); inferred global alignment
151171,R1-R6,R,lamina,326,-48.73783058820143,45.502579940588944,2.8677544066468696,derived topology (terminal positions); inferred global alignment
151186,R1-R6,R,lamina,366,-64.89040737257793,-61.86968171854929,3.542535153989592,derived topology (terminal positions); inferred global alignment
151261,R1-R6,R,lamina,388,-80.80731953170772,35.72944670788698,4.4319395443895795,derived topology (terminal positions); inferred global alignment
151347,R1-R6,R,lamina,365,-55.4668680234414,-58.24970922283367,5.989357113385868,derived topology (terminal positions); inferred global alignment
151381,R1-R6,R,lamina,651,-140.61831463942468,42.624123873067916,5.2811217969646345,derived topology (terminal positions); inferred global alignment
151427,R1-R6,R,lamina,33,44.57833754070518,46.27443273055918,34.714281464501035,derived topology (terminal positions); inferred global alignment
151450,R1-R6,R,lamina,417,-92.85704442126058,37.0657502393585,3.954991145838114,derived topology (terminal positions); inferred global alignment
151583,R1-R6,R,lamina,308,-32.07236543533739,-65.57989616693175,0.9123825156968449,derived topology (terminal positions); inferred global alignment
151748,R1-R6,R,lamina,388,-81.70850886947792,37.23157982889925,4.761447642271531,derived topology (terminal positions); inferred global alignment
151838,R1-R6,R,lamina,33,46.56751127901569,48.766658616944376,37.39289734785911,derived topology (terminal positions); inferred global alignment
151951,R1-R6,R,lamina,335,-45.64546939073758,-60.481821140960236,1.6697375165608923,derived topology (terminal positions); inferred global alignment
152023,R1-R6,R,lamina,297,-34.088922810716895,40.92492386575593,1.4417874735705336,derived topology (terminal positions); inferred global alignment
152254,R1-R6,R,lamina,337,-45.18976210244611,-67.33539386396566,1.499031791669674,derived topology (terminal positions); inferred global alignment
152276,R1-R6,R,lamina,16,52.25143911034914,44.20838781200037,41.4591561473707,derived topology (terminal positions); inferred global alignment
152300,R1-R6,R,lamina,510,-117.92840953681815,-53.549707658812736,2.0293948264452375,derived topology (terminal positions); inferred global alignment
152361,R1-R6,R,lamina,445,-99.79549607156275,38.24377198554731,3.571713329618408,derived topology (terminal positions); inferred global alignment
152458,R1-R6,R,lamina,417,-85.80189829066427,42.659232581272185,5.422519722990996,derived topology (terminal positions); inferred global alignment
152518,R1-R6,R,lamina,706,-139.51716835877616,24.37314433549888,1.7465304309375,derived topology (terminal positions); inferred global alignment
152678,R1-R6,R,lamina,471,-110.31984740837143,46.73904553294187,0.666446365880234,derived topology (terminal positions); inferred global alignment
152685,R1-R6,R,lamina,482,-112.43827544185113,-53.32507061955201,2.732102089579229,derived topology (terminal positions); inferred global alignment
152696,R1-R6,R,lamina,110,42.11502401328646,-65.74934730382913,39.78573352070472,derived topology (terminal positions); inferred global alignment
152796,R1-R6,R,lamina,718,-138.94402895446234,-23.021307469032802,0.6581118198873078,derived topology (terminal positions); inferred global alignment
153025,R1-R6,R,lamina,388,-79.9282566844153,33.497658645228334,5.379981081495992,derived topology (terminal positions); inferred global alignment
153037,R1-R6,R,lamina,33,51.20373975290141,47.23312991458184,41.340865667950006,derived topology (terminal positions); inferred global alignment
153057,R1-R6,R,lamina,366,-57.173306045271836,-62.11778421309742,4.181003666831623,derived topology (terminal positions); inferred global alignment
153105,R1-R6,R,lamina,425,-86.86703630638682,-54.67919405759271,3.6735827959623895,derived topology (terminal positions); inferred global alignment
153107,R1-R6,R,lamina,0,53.58163217352923,41.65892851000085,42.03910880129063,derived topology (terminal positions); inferred global alignment
153113,R1-R6,R,lamina,424,-85.1688987973823,-46.05781620387949,5.7344769708244545,derived topology (terminal positions); inferred global alignment
153223,R1-R6,R,lamina,706,-141.97922597209867,26.50992987347177,2.6365216510740512,derived topology (terminal positions); inferred global alignment
153335,R1-R6,R,lamina,0,59.17162857677751,36.99979876727754,46.42323777321447,derived topology (terminal positions); inferred global alignment
153447,R1-R6,R,lamina,397,-70.31986537427704,-61.85327322960693,6.647549029781187,derived topology (terminal positions); inferred global alignment
153450,R1-R6,R,lamina,355,-62.49232269859935,57.88670832230965,0.796499077827299,derived topology (terminal positions); inferred global alignment
153609,R1-R6,R,lamina,334,-44.019256655617625,-54.829339124271144,2.498025467048195,derived topology (terminal positions); inferred global alignment
153711,R1-R6,R,lamina,629,-131.7773490573254,-44.43565125383242,1.035612633615355,derived topology (terminal positions); inferred global alignment
153773,R1-R6,R,lamina,365,-61.57055360135393,-59.54012738911162,2.0233975710569427,derived topology (terminal positions); inferred global alignment
153840,R1-R6,R,lamina,33,43.55305263315779,45.08728751426259,33.39494768049552,derived topology (terminal positions); inferred global alignment
153932,R1-R6,R,lamina,297,-30.3520608469137,42.242819875246965,3.688299026495434,derived topology (terminal positions); inferred global alignment
154002,R1-R6,R,lamina,718,-138.516589685639,-23.174937230377356,1.0586042798000428,derived topology (terminal positions); inferred global alignment
154050,R1-R6,R,lamina,387,-71.03761295933772,43.21742358087139,7.3770046741545885,derived topology (terminal positions); inferred global alignment
154056,R1-R6,R,lamina,480,-108.54514536379185,-42.573334092119204,2.3651845093924733,derived topology (terminal positions); inferred global alignment
154163,R1-R6,R,lamina,367,-62.04725593797276,-63.975682266170075,1.7393782691690203,derived topology (terminal positions); inferred global alignment
154221,R1-R6,R,lamina,0,53.828912800496056,36.86974164861395,41.13875083838189,derived topology (terminal positions); inferred global alignment
154335,R1-R6,R,lamina,387,-74.29820188868953,42.777247961083575,5.438831295597842,derived topology (terminal positions); inferred global alignment
154508,R1-R6,R,lamina,358,-65.18574226961601,34.90356298746828,4.205738286243867,derived topology (terminal positions); inferred global alignment
154535,R1-R6,R,lamina,497,-116.6998958196985,47.39473869581414,1.1169639414446169,derived topology (terminal positions); inferred global alignment
154627,R1-R6,R,lamina,335,-49.387343357380665,-57.96806062832692,3.3618695778048497,derived topology (terminal positions); inferred global alignment
154752,R1-R6,R,lamina,418,-92.71050014341441,30.97865397605166,2.4033820084758593,derived topology (terminal positions); inferred global alignment
154809,R1-R6,R,lamina,483,-108.54441031612299,-55.76491085113688,1.5175433089413572,derived topology (terminal positions); inferred global alignment
154853,R1-R6,R,lamina,334,-52.517790147954315,-55.49934885978853,6.61401134559569,derived topology (terminal positions); inferred global alignment
154944,R1-R6,R,lamina,132,33.20770107876142,-70.00809010895371,33.99221973394059,derived topology (terminal positions); inferred global alignment
155015,R1-R6,R,lamina,297,-34.879912630150905,41.35560747615306,2.306822006558321,derived topology (terminal positions); inferred global alignment
155036,R1-R6,R,lamina,417,-91.3941986888303,43.001731591375005,2.683419323681997,derived topology (terminal positions); inferred global alignment
155061,R1-R6,R,lamina,445,-100.19739756788547,38.86421474220724,2.832523232964717,derived topology (terminal positions); inferred global alignment
155167,R1-R6,R,lamina,416,-90.72109530521615,47.289894734811874,1.2760223112681788,derived topology (terminal positions); inferred global alignment
155460,R1-R6,R,lamina,368,-59.87723054628526,-67.40943579076605,1.6694350907344115,derived topology (terminal positions); inferred global alignment
155466,R1-R6,R,lamina,388,-73.26752314383012,37.11453341517882,3.8528052209191332,derived topology (terminal positions); inferred global alignment
155478,R1-R6,R,lamina,308,-31.95250725833794,-66.05514645292128,1.228087255294781,derived topology (terminal positions); inferred global alignment
155502,R1-R6,R,lamina,307,-31.580307528975716,-63.0077825606218,1.5614423599158216,derived topology (terminal positions); inferred global alignment
155591,R1-R6,R,lamina,452,-103.06207583285494,-40.31836153715636,1.6076366856278999,derived topology (terminal positions); inferred global alignment
155615,R1-R6,R,lamina,0,58.7622441110025,28.922587737571764,45.38364945972202,derived topology (terminal positions); inferred global alignment
155782,R1-R6,R,lamina,336,-44.14234768861008,-61.19257540848835,2.6743317490277163,derived topology (terminal positions); inferred global alignment
155814,R1-R6,R,lamina,0,60.14457099319456,32.5834704160786,46.87455157589433,derived topology (terminal positions); inferred global alignment
155865,R1-R6,R,lamina,367,-65.31786417010629,-65.29316018148296,3.9433915000891417,derived topology (terminal positions); inferred global alignment
155887,R1-R6,R,lamina,213,-11.588829790701567,38.112577836472965,3.518967427737708,derived topology (terminal positions); inferred global alignment
155899,R1-R6,R,lamina,445,-101.91784176454291,38.46021001141541,2.8089514140637757,derived topology (terminal positions); inferred global alignment
156157,R1-R6,R,lamina,417,-90.40204669920857,40.65169266991138,0.4141661757076441,derived topology (terminal positions); inferred global alignment
156227,R1-R6,R,lamina,713,-142.341848502422,-3.4990586713804377,3.2967081541883543,derived topology (terminal positions); inferred global alignment
156262,R1-R6,R,lamina,418,-87.91266897018917,34.780613408133895,5.759377168383549,derived topology (terminal positions); inferred global alignment
156286,R1-R6,R,lamina,707,-146.2797559489419,23.9633583546149,7.059194167516638,derived topology (terminal positions); inferred global alignment
156382,R1-R6,R,lamina,418,-83.39274247822328,30.731832731561294,7.340162715631516,derived topology (terminal positions); inferred global alignment
156385,R1-R6,R,lamina,0,54.22782443571221,41.24795019419318,42.540826692018406,derived topology (terminal positions); inferred global alignment
156485,R1-R6,R,lamina,395,-83.48759905607251,-54.20959865014008,6.662236982670818,derived topology (terminal positions); inferred global alignment
156536,R1-R6,R,lamina,367,-60.4136160043627,-64.31012734566333,1.602229456937911,derived topology (terminal positions); inferred global alignment
156599,R1-R6,R,lamina,367,-62.59172918566882,-66.77524413298426,1.6953984705200198,derived topology (terminal positions); inferred global alignment
156662,R1-R6,R,lamina,0,55.41822891432409,33.71387069660152,42.26198533422721,derived topology (terminal positions); inferred global alignment
156693,R1-R6,R,lamina,179,20.64758543050759,-76.62199452294614,27.42078185383043,derived topology (terminal positions); inferred global alignment
156731,R1-R6,R,lamina,388,-76.74950030522535,33.215453981090114,4.810839958453138,derived topology (terminal positions); inferred global alignment
156766,R1-R6,R,lamina,327,-42.728134352650336,39.52600534134629,4.050510069802939,derived topology (terminal positions); inferred global alignment
156842,R1-R6,R,lamina,0,52.73881242328541,40.780023937286565,40.98039111705986,derived topology (terminal positions); inferred global alignment
157132,R1-R6,R,lamina,396,-81.35477653552216,-59.51048911503442,4.508411480187687,derived topology (terminal positions); inferred global alignment
157171,R1-R6,R,lamina,417,-84.9754707504836,39.23206207352367,5.874038126330832,derived topology (terminal positions); inferred global alignment
157256,R1-R6,R,lamina,416,-94.18121494354841,44.75082527753408,5.136308355723138,derived topology (terminal positions); inferred global alignment
157288,R1-R6,R,lamina,445,-104.8864266385306,37.371067868932016,5.024401665056542,derived topology (terminal positions); inferred global alignment
157327,R1-R6,R,lamina,497,-114.54425872334716,48.2276632153956,2.7827819804305958,derived topology (terminal positions); inferred global alignment
157387,R1-R6,R,lamina,720,-139.98448209990994,-29.792005001521023,0.7664229074739468,derived topology (terminal positions); inferred global alignment
157401,R1-R6,R,lamina,444,-101.7511081636654,44.97353924042262,3.3799048523892545,derived topology (terminal positions); inferred global alignment
157599,R1-R6,R,lamina,337,-52.05062691246191,-65.94894142281117,5.948363944558749,derived topology (terminal positions); inferred global alignment
157694,R1-R6,R,lamina,357,-60.44600627977908,40.02894505256965,4.009316467935872,derived topology (terminal positions); inferred global alignment
157900,R1-R6,R,lamina,445,-96.77690050964377,37.124371808146115,6.43545691965248,derived topology (terminal positions); inferred global alignment
157939,R1-R6,R,lamina,240,-15.924111423128458,36.72400095967699,3.8802545619034445,derived topology (terminal positions); inferred global alignment
158058,R1-R6,R,lamina,365,-59.75607047135303,-56.16382870251265,2.142246797565112,derived topology (terminal positions); inferred global alignment
158136,R1-R6,R,lamina,710,-148.68266016358632,10.496911888427082,9.333330869591208,derived topology (terminal positions); inferred global alignment
158147,R1-R6,R,lamina,324,-42.75120581499712,60.75234615747569,3.9263281035597903,derived topology (terminal positions); inferred global alignment
158195,R1-R6,R,lamina,356,-66.92851146002083,49.2858163224927,5.95837024502173,derived topology (terminal positions); inferred global alignment
158264,R1-R6,R,lamina,155,27.13705825560713,-74.61070940296581,31.41534116375846,derived topology (terminal positions); inferred global alignment
158277,R1-R6,R,lamina,70,38.29355989830695,53.19851729154871,31.097241510188987,derived topology (terminal positions); inferred global alignment
158278,R1-R6,R,lamina,425,-95.95519074259087,-53.436232687520004,5.508335344829047,derived topology (terminal positions); inferred global alignment
158279,R1-R6,R,lamina,366,-56.294866865926,-61.40644805326763,5.103961134330561,derived topology (terminal positions); inferred global alignment
158326,R1-R6,R,lamina,452,-104.45889212348075,-37.13145872265314,4.7036231825858215,derived topology (terminal positions); inferred global alignment
158334,R1-R6,R,lamina,713,-146.88924891978326,0.005938691859417561,7.8513855569768545,derived topology (terminal positions); inferred global alignment
158360,R1-R6,R,lamina,89,49.04948538478898,-59.19195491620886,43.42295960828168,derived topology (terminal positions); inferred global alignment
158527,R1-R6,R,lamina,417,-93.81761889972853,41.459320440925936,3.262003529436161,derived topology (terminal positions); inferred global alignment
158569,R1-R6,R,lamina,417,-92.1791490249064,39.30376946401884,1.816302324359522,derived topology (terminal positions); inferred global alignment
158644,R1-R6,R,lamina,90,28.403156691495838,56.29327146929406,23.127237930630407,derived topology (terminal positions); inferred global alignment
158781,R1-R6,R,lamina,388,-82.37231454959843,32.04435548396021,8.026432375119876,derived topology (terminal positions); inferred global alignment
158783,R1-R6,R,lamina,327,-47.814806655918524,42.26600227902846,4.795806047805105,derived topology (terminal positions); inferred global alignment
158975,R1-R6,R,lamina,417,-96.20731565809514,37.5477410890667,6.1743323305733195,derived topology (terminal positions); inferred global alignment
159001,R1-R6,R,lamina,296,-38.78809986421598,44.3242286543224,6.68224694832905,derived topology (terminal positions); inferred global alignment
159150,R1-R6,R,lamina,472,-109.3478326317746,41.40349572231041,0.8684241740570748,derived topology (terminal positions); inferred global alignment
159181,R1-R6,R,lamina,33,46.94447598880325,49.64697872314286,38.053398776237735,derived topology (terminal positions); inferred global alignment
159226,R1-R6,R,lamina,704,-139.31548645024233,-33.710314803405204,1.3982190440498579,derived topology (terminal positions); inferred global alignment
159276,R1-R6,R,lamina,155,32.36353386588371,-75.8822963034416,36.35159590908684,derived topology (terminal positions); inferred global alignment
159278,R1-R6,R,lamina,306,-35.82024959095847,-58.19286903285659,2.8265236927359343,derived topology (terminal positions); inferred global alignment
159352,R1-R6,R,lamina,398,-77.72822251899616,-65.61650242967718,1.278705128730254,derived topology (terminal positions); inferred global alignment
159478,R1-R6,R,lamina,444,-100.94308820297539,45.55940814047513,2.9030174472440677,derived topology (terminal positions); inferred global alignment
159480,R1-R6,R,lamina,69,50.611211630060026,-55.6355733022201,43.64785250516052,derived topology (terminal positions); inferred global alignment
159504,R1-R6,R,lamina,389,-74.49221121784939,28.20952310979391,3.8046165155890828,derived topology (terminal positions); inferred global alignment
159607,R1-R6,R,lamina,707,-142.33007110013463,21.8080413802692,3.0543707191346527,derived topology (terminal positions); inferred global alignment
159617,R1-R6,R,lamina,365,-57.382089226016355,-56.73370578547443,4.106439276668913,derived topology (terminal positions); inferred global alignment
159634,R1-R6,R,lamina,708,-145.98761956845783,17.56612472917367,6.734154351831281,derived topology (terminal positions); inferred global alignment
159657,R1-R6,R,lamina,110,32.69924201909379,-60.32845468410711,28.926876952831464,derived topology (terminal positions); inferred global alignment
159675,R1-R6,R,lamina,482,-106.15379244284404,-51.7819224128037,3.7918006355806955,derived topology (terminal positions); inferred global alignment
159829,R1-R6,R,lamina,445,-102.16881923791584,43.4170412185471,2.204834579503726,derived topology (terminal positions); inferred global alignment
159915,R1-R6,R,lamina,325,-42.71036638351184,51.007207021290945,4.802205455932113,derived topology (terminal positions); inferred global alignment
159923,R1-R6,R,lamina,713,-147.1520939911493,-3.0468526229024193,7.8669080762585235,derived topology (terminal positions); inferred global alignment
160070,R1-R6,R,lamina,497,-118.29570060486768,48.61318216666527,2.912179930402676,derived topology (terminal positions); inferred global alignment
160282,R1-R6,R,lamina,470,-112.15069140559493,50.34923257257909,2.9250503992478905,derived topology (terminal positions); inferred global alignment
160332,R1-R6,R,lamina,418,-85.6399035295049,28.140596843387453,5.265516351618715,derived topology (terminal positions); inferred global alignment
160413,R1-R6,R,lamina,388,-77.62322879184205,37.02876676132802,1.1634286227407933,derived topology (terminal positions); inferred global alignment
160478,R1-R6,R,lamina,398,-81.55264172039115,-66.34660310902872,4.76459197947196,derived topology (terminal positions); inferred global alignment
160539,R1-R6,R,lamina,323,-45.580369000654954,61.687441551102346,1.8473244719632953,derived topology (terminal positions); inferred global alignment
160569,R1-R6,R,lamina,670,-137.95623799443226,35.97044005238679,0.6543296030036155,derived topology (terminal positions); inferred global alignment
160577,R1-R6,R,lamina,267,-23.826983531163577,45.807858677585706,2.206907570713421,derived topology (terminal positions); inferred global alignment
160580,R1-R6,R,lamina,444,-103.89285222722944,45.904492502531944,3.2664355756385537,derived topology (terminal positions); inferred global alignment
160613,R1-R6,R,lamina,472,-112.48016704535974,43.58203406292862,3.4508131209000092,derived topology (terminal positions); inferred global alignment
160659,R1-R6,R,lamina,481,-110.2863464423103,-46.68416554453871,0.552749688178929,derived topology (terminal positions); inferred global alignment
160661,R1-R6,R,lamina,50,55.95674352480373,-52.090571523056745,47.51435561132287,derived topology (terminal positions); inferred global alignment
160807,R1-R6,R,lamina,418,-85.02595461215058,28.037683004686873,5.882688580078568,derived topology (terminal positions); inferred global alignment
160867,R1-R6,R,lamina,285,-26.844152900461488,-75.28786011387044,4.969575266155538,derived topology (terminal positions); inferred global alignment
160940,R1-R6,R,lamina,365,-58.01018288886632,-58.91944140761777,3.6772715190434044,derived topology (terminal positions); inferred global alignment
160957,R1-R6,R,lamina,387,-76.35831882691802,48.580247009791925,1.3385080430629526,derived topology (terminal positions); inferred global alignment
161039,R1-R6,R,lamina,132,26.589492974546857,-65.21140140010569,25.82319132764585,derived topology (terminal positions); inferred global alignment
161041,R1-R6,R,lamina,418,-90.26794554225884,31.118132700210236,1.4525540860482216,derived topology (terminal positions); inferred global alignment
161052,R1-R6,R,lamina,334,-46.06555543403857,-55.31100802496064,1.7284310534834564,derived topology (terminal positions); inferred global alignment
161067,R1-R6,R,lamina,454,-104.45285952373166,-51.52715186496072,3.658431597847204,derived topology (terminal positions); inferred global alignment
161197,R1-R6,R,lamina,334,-47.39272856781786,-54.27440501907592,1.388589447760256,derived topology (terminal positions); inferred global alignment
161248,R1-R6,R,lamina,445,-100.19044200213082,42.93624956150394,2.259300571231585,derived topology (terminal positions); inferred global alignment
161308,R1-R6,R,lamina,472,-112.97317944937143,43.740063863924284,3.9096722121380107,derived topology (terminal positions); inferred global alignment
161329,R1-R6,R,lamina,69,48.81595415714435,-55.23985732990282,41.83669222970875,derived topology (terminal positions); inferred global alignment
161441,R1-R6,R,lamina,418,-89.79413217633967,28.907543533211314,1.189653711475117,derived topology (terminal positions); inferred global alignment
161469,R1-R6,R,lamina,16,52.37948028516621,42.4405167537175,41.12241049140965,derived topology (terminal positions); inferred global alignment
161477,R1-R6,R,lamina,367,-57.561130929404825,-63.929282819774734,4.166803045857365,derived topology (terminal positions); inferred global alignment
161494,R1-R6,R,lamina,417,-88.36593510494342,39.549807017649755,2.5145852386835683,derived topology (terminal positions); inferred global alignment
161549,R1-R6,R,lamina,365,-53.93920748640603,-55.231284934148334,7.816259418640371,derived topology (terminal positions); inferred global alignment
161635,R1-R6,R,lamina,354,-61.97122837092466,63.43455108567473,1.0560164995351444,derived topology (terminal positions); inferred global alignment
161645,R1-R6,R,lamina,418,-85.41510971968742,33.576776322578134,6.5124071192611215,derived topology (terminal positions); inferred global alignment
161738,R1-R6,R,lamina,389,-77.53458935238717,31.04339115582161,5.703538887217552,derived topology (terminal positions); inferred global alignment
161874,R1-R6,R,lamina,0,62.53436364267476,30.838524388751473,49.17574923081628,derived topology (terminal positions); inferred global alignment
161910,R1-R6,R,lamina,709,-148.92503929240937,14.540610195073999,9.571662306592932,derived topology (terminal positions); inferred global alignment
161919,R1-R6,R,lamina,16,49.91576310096285,42.4724727553786,38.743343465225934,derived topology (terminal positions); inferred global alignment
161934,R1-R6,R,lamina,707,-149.7563061541811,23.008196680599422,10.401601282275104,derived topology (terminal positions); inferred global alignment
161959,R1-R6,R,lamina,521,-120.3160728363187,50.78395840350233,1.7811657352108736,derived topology (terminal positions); inferred global alignment
162175,R1-R6,R,lamina,714,-149.47674811433052,-7.043229545354767,10.162792662173791,derived topology (terminal positions); inferred global alignment
162203,R1-R6,R,lamina,0,57.180420231192656,39.07662082759435,44.86373467276073,derived topology (terminal positions); inferred global alignment
162238,R1-R6,R,lamina,445,-103.48532261790936,40.05363403213844,2.1499217639961423,derived topology (terminal positions); inferred global alignment
162241,R1-R6,R,lamina,0,55.55581891913505,38.99443759138166,43.260723941840936,derived topology (terminal positions); inferred global alignment
162310,R1-R6,R,lamina,688,-141.12718107425417,32.40267184010621,2.7106367916389793,derived topology (terminal positions); inferred global alignment
162488,R1-R6,R,lamina,415,-91.23727085730036,53.66850146139926,1.1196569397557683,derived topology (terminal positions); inferred global alignment
162588,R1-R6,R,lamina,710,-148.0514591689755,10.164506782587184,8.717792289960968,derived topology (terminal positions); inferred global alignment
162695,R1-R6,R,lamina,33,48.14477003870593,46.9727480433162,38.330001046485386,derived topology (terminal positions); inferred global alignment
162768,R1-R6,R,lamina,472,-110.12017391749376,44.01973509110132,2.9733518233390597,derived topology (terminal positions); inferred global alignment
162778,R1-R6,R,lamina,470,-111.6491775539177,50.323227770623056,2.6312249394787792,derived topology (terminal positions); inferred global alignment
162841,R1-R6,R,lamina,712,-140.44821365607459,2.096473230575059,1.115972076148204,derived topology (terminal positions); inferred global alignment
162880,R1-R6,R,lamina,0,55.41560096122549,39.952942039232646,43.34816713082535,derived topology (terminal positions); inferred global alignment
162923,R1-R6,R,lamina,655,-135.73102971897703,26.878401743093438,1.9807595765086565,derived topology (terminal positions); inferred global alignment
163229,R1-R6,R,lamina,418,-94.1271417532534,34.65484533667072,6.029173984462966,derived topology (terminal positions); inferred global alignment
163342,R1-R6,R,lamina,89,49.16527555629021,-56.700326963667834,42.666948652014575,derived topology (terminal positions); inferred global alignment
163362,R1-R6,R,lamina,446,-96.79149987600283,33.99721201840647,5.193076172744813,derived topology (terminal positions); inferred global alignment
163372,R1-R6,R,lamina,445,-100.59865586419097,41.52159911265647,1.138110180093604,derived topology (terminal positions); inferred global alignment
163436,R1-R6,R,lamina,335,-47.476233351954534,-58.353603288611865,1.4267485934527442,derived topology (terminal positions); inferred global alignment
163502,R1-R6,R,lamina,416,-90.24385766364499,50.528787421965085,2.025265810610112,derived topology (terminal positions); inferred global alignment
163628,R1-R6,R,lamina,366,-63.68639591699266,-60.43886035867849,2.8520022528829374,derived topology (terminal positions); inferred global alignment
163636,R1-R6,R,lamina,69,41.10459900763962,-51.942654099663685,33.45065696930081,derived topology (terminal positions); inferred global alignment
163637,R1-R6,R,lamina,593,-130.63938540823443,31.900532037847743,1.668216552431419,derived topology (terminal positions); inferred global alignment
163740,R1-R6,R,lamina,710,-147.14227586587288,9.305766058142154,7.919987336049233,derived topology (terminal positions); inferred global alignment
163772,R1-R6,R,lamina,367,-55.35078261756778,-66.37291326820642,6.0857727637133605,derived topology (terminal positions); inferred global alignment
163976,R1-R6,R,lamina,687,-137.0980186287357,-35.41264155632172,0.8020442394298218,derived topology (terminal positions); inferred global alignment
163985,R1-R6,R,lamina,0,56.76222477105483,32.612231776992004,43.50295326808356,derived topology (terminal positions); inferred global alignment
164042,R1-R6,R,lamina,324,-51.14958115660424,59.46513133269394,4.7493101157569555,derived topology (terminal positions); inferred global alignment
164063,R1-R6,R,lamina,472,-108.1100300800469,43.27825006295657,3.0165445718325765,derived topology (terminal positions); inferred global alignment
164072,R1-R6,R,lamina,708,-150.60553656985812,18.854744277622114,11.243548532387546,derived topology (terminal positions); inferred global alignment
164080,R1-R6,R,lamina,366,-59.54978075526093,-60.82713047003573,2.196883131644668,derived topology (terminal positions); inferred global alignment
164126,R1-R6,R,lamina,366,-57.1801729202887,-59.99335986020648,4.666644847690517,derived topology (terminal positions); inferred global alignment
164168,R1-R6,R,lamina,543,-126.77432382005668,55.247746556949565,1.5410051516379144,derived topology (terminal positions); inferred global alignment
164312,R1-R6,R,lamina,89,49.124557804224665,-58.426539732439984,43.21369487424061,derived topology (terminal positions); inferred global alignment
164404,R1-R6,R,lamina,0,60.35133072543886,39.38861579290306,48.02850474158206,derived topology (terminal positions); inferred global alignment
164492,R1-R6,R,lamina,534,-120.1952549155221,-45.06823621281282,1.1317467900349478,derived topology (terminal positions); inferred global alignment
164572,R1-R6,R,lamina,306,-38.39247881026236,-59.38965301831129,5.449208932619694,derived topology (terminal positions); inferred global alignment
164580,R1-R6,R,lamina,481,-108.48498952158242,-44.72160599794929,2.7847940466659247,derived topology (terminal positions); inferred global alignment
164583,R1-R6,R,lamina,388,-71.4772848327985,39.120122793777966,5.64379283197223,derived topology (terminal positions); inferred global alignment
164676,R1-R6,R,lamina,388,-74.8366681399606,33.3952562256912,5.110254548707439,derived topology (terminal positions); inferred global alignment
164765,R1-R6,R,lamina,480,-110.7173334914439,-42.45346427755732,1.9151166041640035,derived topology (terminal positions); inferred global alignment
164771,R1-R6,R,lamina,714,-152.20509747786238,-7.226627840376504,12.89725712502785,derived topology (terminal positions); inferred global alignment
164892,R1-R6,R,lamina,285,-23.22456433970843,-76.57983392798529,3.826258482440666,derived topology (terminal positions); inferred global alignment
164976,R1-R6,R,lamina,560,-125.98552699226038,-48.4952662621692,0.9943373973121394,derived topology (terminal positions); inferred global alignment
165120,R1-R6,R,lamina,624,-131.32109440469156,-24.873683405268157,2.020152311158148,derived topology (terminal positions); inferred global alignment
165215,R1-R6,R,lamina,325,-43.47865033000109,54.956025824149094,3.0358839792041366,derived topology (terminal positions); inferred global alignment
165379,R1-R6,R,lamina,416,-87.73712609731332,50.00081992921364,3.3299907699694358,derived topology (terminal positions); inferred global alignment
165451,R1-R6,R,lamina,669,-135.89503725740207,-38.29157816035116,1.5308486611822538,derived topology (terminal positions); inferred global alignment
165524,R1-R6,R,lamina,240,-12.815081066701417,38.184077013663526,2.939052815185269,derived topology (terminal positions); inferred global alignment
165529,R1-R6,R,lamina,357,-56.88807333815002,44.54995759180748,4.762713160084545,derived topology (terminal positions); inferred global alignment
165536,R1-R6,R,lamina,395,-81.5286421619002,-56.38335124220706,5.267181515407053,derived topology (terminal positions); inferred global alignment
165548,R1-R6,R,lamina,51,44.52213471787887,52.10608746630546,36.52948241576122,derived topology (terminal positions); inferred global alignment
165686,R1-R6,R,lamina,509,-114.67866548475419,-51.60732142787829,1.8423470658779366,derived topology (terminal positions); inferred global alignment
165723,R1-R6,R,lamina,451,-100.67557087301013,-34.85389920487208,3.358515542050647,derived topology (terminal positions); inferred global alignment
165753,R1-R6,R,lamina,713,-145.86896875965581,-1.4224056366697275,6.571097004979736,derived topology (terminal positions); inferred global alignment
165771,R1-R6,R,lamina,389,-77.1013021106234,29.063420183731573,3.7009949524137733,derived topology (terminal positions); inferred global alignment
165791,R1-R6,R,lamina,719,-144.4279642871728,-26.52201488607524,5.1408527818689915,derived topology (terminal positions); inferred global alignment
165904,R1-R6,R,lamina,388,-80.07799305162762,31.84050754437586,6.897196006376176,derived topology (terminal positions); inferred global alignment
166002,R1-R6,R,lamina,418,-89.14811856652864,30.83465399194367,1.8804975002322444,derived topology (terminal positions); inferred global alignment
166006,R1-R6,R,lamina,708,-150.24895524618242,18.071951776244827,10.909139838181236,derived topology (terminal positions); inferred global alignment
166154,R1-R6,R,lamina,0,53.87803334510457,35.853095052054535,41.01395274101349,derived topology (terminal positions); inferred global alignment
166263,R1-R6,R,lamina,714,-149.11015777715892,-5.370032948560151,9.834113399186155,derived topology (terminal positions); inferred global alignment
166309,R1-R6,R,lamina,470,-107.85715243991086,52.29931519244028,2.3114237255141545,derived topology (terminal positions); inferred global alignment
166326,R1-R6,R,lamina,655,-136.3748128608185,25.033631889421127,0.3010446973180813,derived topology (terminal positions); inferred global alignment
166373,R1-R6,R,lamina,132,30.19977685305001,-63.78415170824635,28.214949393842044,derived topology (terminal positions); inferred global alignment
166393,R1-R6,R,lamina,453,-102.4196788239822,-48.01129584984998,0.9116019015559664,derived topology (terminal positions); inferred global alignment
166398,R1-R6,R,lamina,293,-38.89735073614495,61.6429846965095,5.793374536906471,derived topology (terminal positions); inferred global alignment
166426,R1-R6,R,lamina,472,-107.46028129890954,40.610726774629306,2.714379572017842,derived topology (terminal positions); inferred global alignment
166487,R1-R6,R,lamina,367,-67.13459714206267,-65.49021005760987,5.750141230027038,derived topology (terminal positions); inferred global alignment
166646,R1-R6,R,lamina,712,-149.1876898961064,2.9668826750754946,9.871514644867872,derived topology (terminal positions); inferred global alignment
166649,R1-R6,R,lamina,445,-105.12181262771807,39.42752789212818,3.876365005805705,derived topology (terminal positions); inferred global alignment
166661,R1-R6,R,lamina,337,-53.753961477812716,-66.5532498038293,7.6590373286369395,derived topology (terminal positions); inferred global alignment
166686,R1-R6,R,lamina,0,56.71005751577212,36.54393189972811,43.92023361890564,derived topology (terminal positions); inferred global alignment
166746,R1-R6,R,lamina,132,40.38721297735391,-71.71079657915817,40.969718402571765,derived topology (terminal positions); inferred global alignment
167031,R1-R6,R,lamina,712,-149.8603335594417,1.015659924657589,10.589723633504175,derived topology (terminal positions); inferred global alignment
167153,R1-R6,R,lamina,705,-141.003183254024,31.221884783679652,2.378307265083776,derived topology (terminal positions); inferred global alignment
167157,R1-R6,R,lamina,334,-52.20032648660127,-53.22003044185182,6.025164109865587,derived topology (terminal positions); inferred global alignment
167200,R1-R6,R,lamina,357,-66.20858731250043,42.87313469739443,4.713080397708511,derived topology (terminal positions); inferred global alignment
167205,R1-R6,R,lamina,508,-118.59453628947392,-44.8830198588305,2.5366077997828413,derived topology (terminal positions); inferred global alignment
167300,R1-R6,R,lamina,298,-33.48853348188884,31.2025377513074,2.01119531094636,derived topology (terminal positions); inferred global alignment
167312,R1-R6,R,lamina,110,44.67982523846334,-61.50302097471059,40.33465478503879,derived topology (terminal positions); inferred global alignment
167365,R1-R6,R,lamina,510,-114.73838517122235,-53.19994609324839,2.2350202783292663,derived topology (terminal positions); inferred global alignment
167374,R1-R6,R,lamina,541,-124.15979401946382,58.9790924942937,1.3695250745863958,derived topology (terminal positions); inferred global alignment
167445,R1-R6,R,lamina,334,-49.872337662745196,-50.13181097735133,5.0520858911430695,derived topology (terminal positions); inferred global alignment
167499,R1-R6,R,lamina,357,-64.01143905686851,40.91840381290368,3.8088472459731517,derived topology (terminal positions); inferred global alignment
167574,R1-R6,R,lamina,356,-60.74806318953697,48.08311242008755,3.9799111787084307,derived topology (terminal positions); inferred global alignment
167595,R1-R6,R,lamina,90,26.51590137207127,55.80426556087647,21.200966887216392,derived topology (terminal positions); inferred global alignment
167760,R1-R6,R,lamina,326,-50.985748971521446,42.68333087179272,6.398879938233999,derived topology (terminal positions); inferred global alignment
167977,R1-R6,R,lamina,711,-145.9892759491887,6.88451138932871,6.651124846407252,derived topology (terminal positions); inferred global alignment
168003,R1-R6,R,lamina,387,-69.68362197395571,49.36401337120236,7.637890450591819,derived topology (terminal positions); inferred global alignment
168021,R1-R6,R,lamina,706,-144.54069514567976,24.647835902338922,5.371908610724416,derived topology (terminal positions); inferred global alignment
168050,R1-R6,R,lamina,285,-27.42390228286216,-74.30562112359388,5.112953081579261,derived topology (terminal positions); inferred global alignment
168099,R1-R6,R,lamina,70,28.958404369994767,51.92782428482004,21.90655907808137,derived topology (terminal positions); inferred global alignment
168153,R1-R6,R,lamina,713,-149.68498928272442,-2.4283884833797926,10.351556597463569,derived topology (terminal positions); inferred global alignment
168254,R1-R6,R,lamina,446,-99.01769285373467,35.54921325223619,4.2766861869794255,derived topology (terminal positions); inferred global alignment
168283,R1-R6,R,lamina,306,-34.49938225278419,-57.630396156241346,1.7330839886317506,derived topology (terminal positions); inferred global alignment
168290,R1-R6,R,lamina,709,-149.98813221807495,16.011659597967864,10.696165964180535,derived topology (terminal positions); inferred global alignment
168312,R1-R6,R,lamina,482,-110.03920066834607,-49.75746151514722,2.5300673568321077,derived topology (terminal positions); inferred global alignment
168323,R1-R6,R,lamina,714,-144.72913621562765,-6.424668927418442,5.396352774300118,derived topology (terminal positions); inferred global alignment
168391,R1-R6,R,lamina,710,-149.2811827668301,9.470766261390068,10.009012831229944,derived topology (terminal positions); inferred global alignment
168393,R1-R6,R,lamina,89,42.04233125563849,-58.97521426563855,36.918516584860726,derived topology (terminal positions); inferred global alignment
168411,R1-R6,R,lamina,472,-106.61813416911082,42.82333353309963,3.944245751760512,derived topology (terminal positions); inferred global alignment
168476,R1-R6,R,lamina,397,-73.84575219785658,-63.875425324086144,3.005516825323157,derived topology (terminal positions); inferred global alignment
168733,R1-R6,R,lamina,32,50.29428944015201,-41.40342012603672,38.97076111772468,derived topology (terminal positions); inferred global alignment
168735,R1-R6,R,lamina,33,38.289041830813616,44.09706906590954,28.063511865841754,derived topology (terminal positions); inferred global alignment
168739,R1-R6,R,lamina,0,58.980233703193136,31.73894204658969,45.66132089290637,derived topology (terminal positions); inferred global alignment
168804,R1-R6,R,lamina,418,-92.31028435235083,28.36700273024374,2.131987606259761,derived topology (terminal positions); inferred global alignment
168848,R1-R6,R,lamina,453,-104.92620843231188,-46.26477535796621,3.839397931925285,derived topology (terminal positions); inferred global alignment
168954,R1-R6,R,lamina,719,-140.6079297785624,-25.095549135256608,1.6178593469964955,derived topology (terminal positions); inferred global alignment
168963,R1-R6,R,lamina,204,14.634872599746416,-77.75226766821497,23.88237353357598,derived topology (terminal positions); inferred global alignment
169024,R1-R6,R,lamina,50,53.69847691318023,-47.59566747320237,43.974407983027334,derived topology (terminal positions); inferred global alignment
169216,R1-R6,R,lamina,649,-135.24362066962732,-41.16049253415284,0.9810212426334066,derived topology (terminal positions); inferred global alignment
169293,R1-R6,R,lamina,336,-51.70826259657698,-62.48467058160179,5.590445378851644,derived topology (terminal positions); inferred global alignment
169524,R1-R6,R,lamina,425,-84.28737387369665,-52.60794366834634,6.488149100457729,derived topology (terminal positions); inferred global alignment
169619,R1-R6,R,lamina,333,-48.869397852701454,-47.18210113397216,2.763474692044842,derived topology (terminal positions); inferred global alignment
169729,R1-R6,R,lamina,357,-59.264102028605485,41.176791769851626,3.5647559539265434,derived topology (terminal positions); inferred global alignment
169969,R1-R6,R,lamina,293,-28.886286054801914,63.464602969442666,4.38214159307936,derived topology (terminal positions); inferred global alignment
169971,R1-R6,R,lamina,717,-141.89099978102928,-17.63702177340098,2.781838216650065,derived topology (terminal positions); inferred global alignment
170002,R1-R6,R,lamina,509,-116.92233225808951,-51.504022321780816,0.9027676351706451,derived topology (terminal positions); inferred global alignment
170061,R1-R6,R,lamina,0,63.052753533787225,33.79906871559832,49.86965430482073,derived topology (terminal positions); inferred global alignment
170153,R1-R6,R,lamina,453,-104.04639228382148,-48.42246258564741,2.571077700350513,derived topology (terminal positions); inferred global alignment
170165,R1-R6,R,lamina,521,-120.65031710817934,48.45249703400528,1.2857583653277866,derived topology (terminal positions); inferred global alignment
170206,R1-R6,R,lamina,389,-71.25504240725928,27.954112554264913,6.317604949464956,derived topology (terminal positions); inferred global alignment
170339,R1-R6,R,lamina,89,47.339756856335015,-59.57121650233125,41.989368126797956,derived topology (terminal positions); inferred global alignment
170352,R1-R6,R,lamina,298,-37.83876322232701,32.76892836118428,5.8726672444059504,derived topology (terminal positions); inferred global alignment
170415,R1-R6,R,lamina,0,62.76916496519428,30.187532671721463,49.395299361292004,derived topology (terminal positions); inferred global alignment
170476,R1-R6,R,lamina,155,25.545573828925114,-66.67807655499816,25.714563329373625,derived topology (terminal positions); inferred global alignment
170500,R1-R6,R,lamina,365,-57.19997908438782,-59.497750321108875,4.651954382680995,derived topology (terminal positions); inferred global alignment
170521,R1-R6,R,lamina,707,-150.4336947600286,21.361994440111122,11.131239380203091,derived topology (terminal positions); inferred global alignment
170755,R1-R6,R,lamina,16,50.16565178957626,44.045556070155314,39.41383592024073,derived topology (terminal positions); inferred global alignment
170768,R1-R6,R,lamina,469,-111.03506177130328,56.69488568277889,0.8622868304760319,derived topology (terminal positions); inferred global alignment
170825,R1-R6,R,lamina,706,-145.46747203833206,26.952766711111856,6.152309278754182,derived topology (terminal positions); inferred global alignment
170871,R1-R6,R,lamina,89,46.2800803474358,-58.375765541001876,40.549808094128835,derived topology (terminal positions); inferred global alignment
170886,R1-R6,R,lamina,298,-33.20139219483856,31.944502630983646,2.726627861953715,derived topology (terminal positions); inferred global alignment
170952,R1-R6,R,lamina,334,-43.794342091680875,-51.42774388196236,3.222292288783622,derived topology (terminal positions); inferred global alignment
170965,R1-R6,R,lamina,50,51.049069005565215,-49.733173356804926,42.09722438439211,derived topology (terminal positions); inferred global alignment
170971,R1-R6,R,lamina,708,-151.2876856803279,19.327456051534522,11.938326106366063,derived topology (terminal positions); inferred global alignment
171026,R1-R6,R,lamina,422,-96.36386658065751,-25.034438746901753,7.029341616702732,derived topology (terminal positions); inferred global alignment
171071,R1-R6,R,lamina,711,-148.53022623448533,8.544723804852937,9.401527812737699,derived topology (terminal positions); inferred global alignment
171095,R1-R6,R,lamina,335,-43.99754546661996,-57.287410874565154,2.688412075606093,derived topology (terminal positions); inferred global alignment
171110,R1-R6,R,lamina,418,-94.02393238008712,31.856305532716046,3.9823689375463567,derived topology (terminal positions); inferred global alignment
171211,R1-R6,R,lamina,707,-144.16528045528554,21.88378333334986,4.845018093940557,derived topology (terminal positions); inferred global alignment
171223,R1-R6,R,lamina,295,-37.613646647684256,52.726965218317886,4.664934199908432,derived topology (terminal positions); inferred global alignment
171349,R1-R6,R,lamina,397,-75.8774622248111,-62.78455258197528,1.072816858893805,derived topology (terminal positions); inferred global alignment
171361,R1-R6,R,lamina,720,-145.78470582135944,-27.849701318704447,6.677453070309703,derived topology (terminal positions); inferred global alignment
171427,R1-R6,R,lamina,334,-48.1833158721519,-51.963157147281564,2.573742700889839,derived topology (terminal positions); inferred global alignment
171430,R1-R6,R,lamina,16,50.988612590336615,45.87716651081029,40.762399471890696,derived topology (terminal positions); inferred global alignment
171491,R1-R6,R,lamina,358,-58.30432617129593,37.66316877656052,5.8582679290452715,derived topology (terminal positions); inferred global alignment
171492,R1-R6,R,lamina,397,-70.80094484167881,-64.71420689790946,6.158013336787694,derived topology (terminal positions); inferred global alignment
171541,R1-R6,R,lamina,708,-148.32016414567437,18.937328003333846,8.959398311595638,derived topology (terminal positions); inferred global alignment
171647,R1-R6,R,lamina,155,33.24802097696467,-70.63969112011333,34.37607038826577,derived topology (terminal positions); inferred global alignment
171660,R1-R6,R,lamina,334,-49.45672159308978,-53.06671099042117,3.311482516302518,derived topology (terminal positions); inferred global alignment
171933,R1-R6,R,lamina,453,-105.14270675292391,-50.2038898136098,4.243720503666803,derived topology (terminal positions); inferred global alignment
171989,R1-R6,R,lamina,334,-46.72503704791656,-51.304089897362374,2.3454155140642436,derived topology (terminal positions); inferred global alignment
172026,R1-R6,R,lamina,636,-133.38638352932293,25.925981464610363,1.9435750825550215,derived topology (terminal positions); inferred global alignment
172113,R1-R6,R,lamina,388,-68.67077830857868,38.07574375715503,8.342051553090082,derived topology (terminal positions); inferred global alignment
172331,R1-R6,R,lamina,90,26.65384756890404,54.8691793797591,20.96976370860664,derived topology (terminal positions); inferred global alignment
172359,R1-R6,R,lamina,452,-98.1562203230709,-41.749157026124344,3.503642062881788,derived topology (terminal positions); inferred global alignment
172476,R1-R6,R,lamina,452,-103.68800663102536,-38.61555912908144,3.0787386910259045,derived topology (terminal positions); inferred global alignment
172641,R1-R6,R,lamina,523,-123.2871173518981,40.46218709388963,1.9188575522349134,derived topology (terminal positions); inferred global alignment
172852,R1-R6,R,lamina,446,-97.24965208026353,32.06933364362563,4.409953988063125,derived topology (terminal positions); inferred global alignment
172887,R1-R6,R,lamina,481,-109.24503227177726,-46.037006268595896,1.2662912129037929,derived topology (terminal positions); inferred global alignment
172972,R1-R6,R,lamina,480,-111.70987060005022,-43.24054059072824,3.0864616023452545,derived topology (terminal positions); inferred global alignment
173034,R1-R6,R,lamina,481,-113.15093353718422,-47.93885093765357,3.330387815078486,derived topology (terminal positions); inferred global alignment
173105,R1-R6,R,lamina,285,-23.775900656115006,-73.57120622978611,1.4543861660945003,derived topology (terminal positions); inferred global alignment
173142,R1-R6,R,lamina,335,-41.899878866620284,-56.57121927219391,4.846562179606748,derived topology (terminal positions); inferred global alignment
173173,R1-R6,R,lamina,0,58.80568670409198,29.604603261521024,45.425588350795536,derived topology (terminal positions); inferred global alignment
173196,R1-R6,R,lamina,711,-145.2133870378865,6.272970690638069,5.871120303501225,derived topology (terminal positions); inferred global alignment
173289,R1-R6,R,lamina,446,-104.81673607170984,36.338882241209426,5.218456703791552,derived topology (terminal positions); inferred global alignment
173324,R1-R6,R,lamina,389,-77.30126400620726,29.47366288791517,4.120094994862832,derived topology (terminal positions); inferred global alignment
173383,R1-R6,R,lamina,713,-147.2269766614598,-1.4636892008948688,7.91868978637268,derived topology (terminal positions); inferred global alignment
173454,R1-R6,R,lamina,508,-116.9128067942636,-47.1383239980395,1.2100779569946993,derived topology (terminal positions); inferred global alignment
173459,R1-R6,R,lamina,357,-62.159069729862324,41.1543076616514,2.770412692931918,derived topology (terminal positions); inferred global alignment
173479,R1-R6,R,lamina,269,-22.009542113818178,33.6601931681197,2.1521780007899696,derived topology (terminal positions); inferred global alignment
173592,R1-R6,R,lamina,0,57.47731374190424,37.5443716136729,44.84900013376141,derived topology (terminal positions); inferred global alignment
173737,R1-R6,R,lamina,325,-44.62539113245979,56.429337058772276,2.927075225593647,derived topology (terminal positions); inferred global alignment
173844,R1-R6,R,lamina,712,-148.1031003972364,3.593650402530608,8.863530645437788,derived topology (terminal positions); inferred global alignment
173895,R1-R6,R,lamina,711,-146.89851202582543,7.294409121514334,7.589641779450549,derived topology (terminal positions); inferred global alignment
174019,R1-R6,R,lamina,712,-143.97172972675705,2.523523395633223,4.63752341531483,derived topology (terminal positions); inferred global alignment
174247,R1-R6,R,lamina,366,-63.23778530297286,-61.051840452444814,2.146149232883873,derived topology (terminal positions); inferred global alignment
174329,R1-R6,R,lamina,481,-109.84153213626534,-47.35982603546148,0.2696309851438396,derived topology (terminal positions); inferred global alignment
174496,R1-R6,R,lamina,396,-76.28793514302694,-60.63158024579443,1.4444734109381943,derived topology (terminal positions); inferred global alignment
174537,R1-R6,R,lamina,336,-45.70343252944089,-63.50038195348622,0.6850710550846668,derived topology (terminal positions); inferred global alignment
174659,R1-R6,R,lamina,327,-49.70177974938047,42.09442644623311,5.5292872650347356,derived topology (terminal positions); inferred global alignment
174663,R1-R6,R,lamina,472,-107.45393548515224,40.261108667922706,2.797999864862428,derived topology (terminal positions); inferred global alignment
174688,R1-R6,R,lamina,269,-22.896081677128272,34.57974322104918,2.9649439803913387,derived topology (terminal positions); inferred global alignment
174812,R1-R6,R,lamina,418,-92.99385706951676,32.38954521698877,3.543780622955931,derived topology (terminal positions); inferred global alignment
174905,R1-R6,R,lamina,446,-103.52543622611628,36.491793235302744,4.694249440828009,derived topology (terminal positions); inferred global alignment
174987,R1-R6,R,lamina,155,23.916733623376487,-68.61097562402193,25.277057019358864,derived topology (terminal positions); inferred global alignment
175197,R1-R6,R,lamina,333,-51.091173633603205,-49.58646101238297,5.800806484774365,derived topology (terminal positions); inferred global alignment
175235,R1-R6,R,lamina,709,-146.3181571344076,14.56083394164099,6.965588359907004,derived topology (terminal positions); inferred global alignment
175268,R1-R6,R,lamina,357,-63.1860297491044,40.02501697371346,4.156819822476916,derived topology (terminal positions); inferred global alignment
175271,R1-R6,R,lamina,451,-96.98924872729731,-28.217119388997776,5.669545369865855,derived topology (terminal positions); inferred global alignment
175351,R1-R6,R,lamina,389,-74.2852573120163,29.26868090907207,4.765900114514186,derived topology (terminal positions); inferred global alignment
175353,R1-R6,R,lamina,716,-147.67976962124877,-12.861242806377739,8.565354496935159,derived topology (terminal positions); inferred global alignment
175659,R1-R6,R,lamina,397,-71.17854500861502,-62.6632661041051,5.66217460235064,derived topology (terminal positions); inferred global alignment
175721,R1-R6,R,lamina,357,-64.7046438100537,46.89098026439294,4.331981845057151,derived topology (terminal positions); inferred global alignment
175955,R1-R6,R,lamina,298,-38.204533428734536,33.244834820399156,6.453683940493695,derived topology (terminal positions); inferred global alignment
176027,R1-R6,R,lamina,418,-88.23585449936394,25.693128249493395,4.701967314827921,derived topology (terminal positions); inferred global alignment
176089,R1-R6,R,lamina,481,-106.57133408087941,-45.71040058286863,3.633439232943739,derived topology (terminal positions); inferred global alignment
176200,R1-R6,R,lamina,327,-42.210136242709126,32.76120228654498,6.4416610587795535,derived topology (terminal positions); inferred global alignment
176266,R1-R6,R,lamina,719,-145.9367347553536,-27.35105835753994,6.753505925246561,derived topology (terminal positions); inferred global alignment
176758,R1-R6,R,lamina,395,-70.34033076680291,-56.54506183504145,6.96725296181904,derived topology (terminal positions); inferred global alignment
176791,R1-R6,R,lamina,89,52.66218641373304,-58.426295604550795,46.53558542803393,derived topology (terminal positions); inferred global alignment
176814,R1-R6,R,lamina,451,-100.78155654113054,-30.87882707228739,1.0468953444019802,derived topology (terminal positions); inferred global alignment
176907,R1-R6,R,lamina,305,-38.94901443363152,-55.43279360164986,6.184517058864289,derived topology (terminal positions); inferred global alignment
177035,R1-R6,R,lamina,50,61.86430636383254,-49.566380261083935,52.36947824407313,derived topology (terminal positions); inferred global alignment
177038,R1-R6,R,lamina,520,-120.8892007939669,53.19886752673914,0.6243650943569797,derived topology (terminal positions); inferred global alignment
177040,R1-R6,R,lamina,305,-37.577146890025034,-54.60541028851567,4.650803553379836,derived topology (terminal positions); inferred global alignment
177060,R1-R6,R,lamina,424,-91.77591902832631,-46.55198568217418,2.028151896525511,derived topology (terminal positions); inferred global alignment
177094,R1-R6,R,lamina,479,-109.03676843792695,-36.628550874834666,3.9828149621054085,derived topology (terminal positions); inferred global alignment
177234,R1-R6,R,lamina,365,-66.44193185302669,-57.44136044464614,5.030624611021347,derived topology (terminal positions); inferred global alignment
177405,R1-R6,R,lamina,365,-57.37910161890369,-55.55966560070057,4.485367359622468,derived topology (terminal positions); inferred global alignment
177411,R1-R6,R,lamina,357,-67.7503524171734,38.82979492332357,7.949211336904815,derived topology (terminal positions); inferred global alignment
177426,R1-R6,R,lamina,452,-101.32282806662597,-41.33431001953658,0.5609651102402776,derived topology (terminal positions); inferred global alignment
177485,R1-R6,R,lamina,386,-83.45237230016072,52.26000339550087,6.703822215174979,derived topology (terminal positions); inferred global alignment
177494,R1-R6,R,lamina,453,-98.44697875036599,-44.570950910230366,4.606534748485112,derived topology (terminal positions); inferred global alignment
177525,R1-R6,R,lamina,298,-31.37815979389346,30.938732817059034,2.477755831411053,derived topology (terminal positions); inferred global alignment
177537,R1-R6,R,lamina,264,-20.66674602968154,61.31210971274363,2.0502381175181617,derived topology (terminal positions); inferred global alignment
177613,R1-R6,R,lamina,446,-96.29474400597006,31.581515582548565,5.397184941096497,derived topology (terminal positions); inferred global alignment
177749,R1-R6,R,lamina,628,-132.4758766323455,-41.3230917829156,0.3833082486117762,derived topology (terminal positions); inferred global alignment
177811,R1-R6,R,lamina,481,-110.59506458155033,-49.0663868654604,2.0729766094059654,derived topology (terminal positions); inferred global alignment
177882,R1-R6,R,lamina,480,-107.76706782390859,-38.555936743341725,3.0689166154919016,derived topology (terminal positions); inferred global alignment
177922,R1-R6,R,lamina,365,-69.15940058381884,-57.8980973518982,7.7565088137369695,derived topology (terminal positions); inferred global alignment
177938,R1-R6,R,lamina,453,-105.22613446747478,-48.073119059416506,3.7185363612998454,derived topology (terminal positions); inferred global alignment
178191,R1-R6,R,lamina,418,-94.23662801323866,28.248738228360022,3.86486940734242,derived topology (terminal positions); inferred global alignment
178239,R1-R6,R,lamina,335,-41.80722283710766,-60.85607664992881,4.770808792272518,derived topology (terminal positions); inferred global alignment
178240,R1-R6,R,lamina,364,-55.13189332859901,-51.21603782998245,6.25295927150411,derived topology (terminal positions); inferred global alignment
190484,R1-R6,R,lamina,395,-76.59266784248416,-53.75422497980146,0.34498531885201733,derived topology (terminal positions); inferred global alignment
190584,R1-R6,R,lamina,451,-101.47228646432734,-27.72486256993789,3.882521211788869,derived topology (terminal positions); inferred global alignment
190739,R1-R6,R,lamina,422,-93.85818818820296,-30.07807374137205,3.486624734775214,derived topology (terminal positions); inferred global alignment
190823,R1-R6,R,lamina,335,-41.561050879844885,-56.362373988180046,5.244064686704244,derived topology (terminal positions); inferred global alignment
190850,R1-R6,R,lamina,314,-27.892997645585886,-75.57672134547997,5.029326322715812,derived topology (terminal positions); inferred global alignment
190910,R1-R6,R,lamina,451,-99.13669437986434,-35.484523533161926,4.558752249074319,derived topology (terminal positions); inferred global alignment
190960,R1-R6,R,lamina,422,-94.04433151153142,-22.649313316233442,7.23429716445404,derived topology (terminal positions); inferred global alignment
190995,R1-R6,R,lamina,397,-83.04058315828729,-64.00955737487996,6.2761525081063345,derived topology (terminal positions); inferred global alignment
191181,R1-R6,R,lamina,334,-51.373467551244715,-54.50921857021651,5.268508838524618,derived topology (terminal positions); inferred global alignment
191215,R1-R6,R,lamina,334,-51.11353808102474,-50.557181469720895,5.784109379552604,derived topology (terminal positions); inferred global alignment
191279,R1-R6,R,lamina,396,-69.32358358619564,-58.61287884871775,7.5590577681831705,derived topology (terminal positions); inferred global alignment
191289,R1-R6,R,lamina,333,-51.24413053052508,-43.316178170807724,5.948304453951812,derived topology (terminal positions); inferred global alignment
191746,R1-R6,R,lamina,389,-75.11273680733284,31.196257150634196,6.135849475441246,derived topology (terminal positions); inferred global alignment
191875,R1-R6,R,lamina,709,-146.9979284561477,13.934003341467882,7.692343113663644,derived topology (terminal positions); inferred global alignment
192038,R1-R6,R,lamina,473,-113.06161510107215,35.971036162824674,4.052264888994951,derived topology (terminal positions); inferred global alignment
192233,R1-R6,R,lamina,69,50.50071054390774,-52.21596654468793,42.37509457502137,derived topology (terminal positions); inferred global alignment
192376,R1-R6,R,lamina,506,-113.86402194934504,-31.994363718363765,2.885583976511158,derived topology (terminal positions); inferred global alignment
192467,R1-R6,R,lamina,473,-111.17220223342073,36.5412763036439,3.4987144889860984,derived topology (terminal positions); inferred global alignment
192509,R1-R6,R,lamina,419,-88.56237716305203,15.327136819982917,2.2653526366525933,derived topology (terminal positions); inferred global alignment
192549,R1-R6,R,lamina,340,-40.259770327233156,-72.71519685027928,5.797216645712431,derived topology (terminal positions); inferred global alignment
192580,R1-R6,R,lamina,451,-104.50780019048503,-27.456390153147247,5.106000153634991,derived topology (terminal positions); inferred global alignment
192698,R1-R6,R,lamina,706,-151.70087446939044,27.745491632770804,12.435750991914638,derived topology (terminal positions); inferred global alignment
192892,R1-R6,R,lamina,389,-83.52885500738381,25.743212191346824,6.522913521674144,derived topology (terminal positions); inferred global alignment
192900,R1-R6,R,lamina,364,-65.39921353007819,-54.00132860417617,4.75997912540546,derived topology (terminal positions); inferred global alignment
192920,R1-R6,R,lamina,473,-109.35795928516639,31.086921544160976,2.2496989080950858,derived topology (terminal positions); inferred global alignment
193066,R1-R6,R,lamina,505,-112.8903031248363,-27.22593632657762,4.096621661010518,derived topology (terminal positions); inferred global alignment
193127,R1-R6,R,lamina,365,-62.60049190956742,-58.562899941288876,1.5792638774357957,derived topology (terminal positions); inferred global alignment
193152,R1-R6,R,lamina,356,-60.99553211248321,53.907029539919,2.032720086316671,derived topology (terminal positions); inferred global alignment
193213,R1-R6,R,lamina,450,-99.65477049228059,-21.947829245149887,2.6044622111462936,derived topology (terminal positions); inferred global alignment
193234,R1-R6,R,lamina,132,45.34849597659219,-69.8893983628294,44.50387201827777,derived topology (terminal positions); inferred global alignment
193352,R1-R6,R,lamina,365,-62.731818619389365,-56.39026004719395,1.7392522990451635,derived topology (terminal positions); inferred global alignment
193361,R1-R6,R,lamina,133,11.632589741784798,63.0651043217023,11.87971300751077,derived topology (terminal positions); inferred global alignment
193406,R1-R6,R,lamina,356,-60.703169408565394,51.7137829797733,0.9405343219367222,derived topology (terminal positions); inferred global alignment
193437,R1-R6,R,lamina,364,-67.85400716347293,-54.23389705794081,7.046591005132111,derived topology (terminal positions); inferred global alignment
193560,R1-R6,R,lamina,333,-48.82827791478721,-43.796393691367214,3.7481513740028607,derived topology (terminal positions); inferred global alignment
193581,R1-R6,R,lamina,453,-98.32968823040085,-45.58270607777506,4.001249509461984,derived topology (terminal positions); inferred global alignment
193740,R1-R6,R,lamina,498,-113.97988456566412,39.98338776550685,2.6317003101879624,derived topology (terminal positions); inferred global alignment
193768,R1-R6,R,lamina,472,-109.46111187469478,37.642940135949594,3.4704479375742396,derived topology (terminal positions); inferred global alignment
193842,R1-R6,R,lamina,478,-106.65132425355114,-24.78689948858804,3.748765320377585,derived topology (terminal positions); inferred global alignment
193946,R1-R6,R,lamina,522,-123.13333054326753,46.00318676332316,1.9099338480788681,derived topology (terminal positions); inferred global alignment
194113,R1-R6,R,lamina,450,-99.04676284147646,-23.884283882447424,4.475515717703323,derived topology (terminal positions); inferred global alignment
194123,R1-R6,R,lamina,365,-58.87659262051518,-57.51197357770485,2.535400139497991,derived topology (terminal positions); inferred global alignment
194135,R1-R6,R,lamina,358,-63.11863470057638,36.336753292217814,3.880266115247529,derived topology (terminal positions); inferred global alignment
194169,R1-R6,R,lamina,451,-105.39247169851134,-34.76522887930871,4.986404816303411,derived topology (terminal positions); inferred global alignment
194242,R1-R6,R,lamina,446,-98.64333303152111,29.69615006551499,3.909326107780197,derived topology (terminal positions); inferred global alignment
194508,R1-R6,R,lamina,707,-144.16601936407514,22.392022712921317,4.8031939195820454,derived topology (terminal positions); inferred global alignment
194550,R1-R6,R,lamina,32,57.06840475476734,-44.30337544741137,46.254791596806115,derived topology (terminal positions); inferred global alignment
194618,R1-R6,R,lamina,442,-101.05305026734237,60.06930801945099,1.9077332729129584,derived topology (terminal positions); inferred global alignment
194703,R1-R6,R,lamina,309,-36.21694017352658,-66.83700991759618,3.405831114681099,derived topology (terminal positions); inferred global alignment
194708,R1-R6,R,lamina,236,-14.607207009868844,57.96951548756977,1.5196916753036762,derived topology (terminal positions); inferred global alignment
194791,R1-R6,R,lamina,711,-143.27513375287776,5.308068591768783,4.112183641192459,derived topology (terminal positions); inferred global alignment
194863,R1-R6,R,lamina,706,-146.55682160689318,24.68252923924888,7.32533447355746,derived topology (terminal positions); inferred global alignment
195015,R1-R6,R,lamina,447,-97.96752363814358,26.317548884117073,6.5478529468558975,derived topology (terminal positions); inferred global alignment
195084,R1-R6,R,lamina,357,-61.26066918955341,38.811138950601695,5.06842663634884,derived topology (terminal positions); inferred global alignment
195249,R1-R6,R,lamina,364,-55.239578589121265,-49.483486199375356,6.448203187188922,derived topology (terminal positions); inferred global alignment
195263,R1-R6,R,lamina,334,-42.30997958304174,-52.88671002587216,3.939069478010721,derived topology (terminal positions); inferred global alignment
195318,R1-R6,R,lamina,472,-108.99691502769996,37.83438619139602,3.409213842651096,derived topology (terminal positions); inferred global alignment
195340,R1-R6,R,lamina,446,-97.15896595459535,27.5384256218278,6.467781983252248,derived topology (terminal positions); inferred global alignment
195359,R1-R6,R,lamina,398,-80.83515894773733,-66.19331263593642,4.055618354190635,derived topology (terminal positions); inferred global alignment
195361,R1-R6,R,lamina,499,-115.60812124032915,33.659483885545114,0.9108776460212826,derived topology (terminal positions); inferred global alignment
195415,R1-R6,R,lamina,298,-28.100735349373224,28.248237432380396,5.152500431605873,derived topology (terminal positions); inferred global alignment
195449,R1-R6,R,lamina,365,-56.94125098806152,-56.549687102601425,4.575430882604891,derived topology (terminal positions); inferred global alignment
195538,R1-R6,R,lamina,449,-100.68526462801302,-4.004325745954592,2.951423108397045,derived topology (terminal positions); inferred global alignment
195641,R1-R6,R,lamina,447,-94.46090053789858,22.792733625150106,7.438903124793238,derived topology (terminal positions); inferred global alignment
195769,R1-R6,R,lamina,396,-70.38946913244169,-60.61278296157059,6.593459508960863,derived topology (terminal positions); inferred global alignment
195782,R1-R6,R,lamina,473,-111.04318082424693,35.237002604580404,2.2358648717360383,derived topology (terminal positions); inferred global alignment
195827,R1-R6,R,lamina,298,-28.764537937800306,24.441643018305342,6.491930378381638,derived topology (terminal positions); inferred global alignment
196114,R1-R6,R,lamina,357,-68.23881689739144,47.14433904818366,7.401683942417618,derived topology (terminal positions); inferred global alignment
196127,R1-R6,R,lamina,472,-110.70457016122651,41.61409330173529,0.8009817140102554,derived topology (terminal positions); inferred global alignment
196367,R1-R6,R,lamina,389,-69.16502679703353,25.76133409544791,7.862060489976865,derived topology (terminal positions); inferred global alignment
196623,R1-R6,R,lamina,418,-95.44550125991368,26.18918199634705,5.944939985995861,derived topology (terminal positions); inferred global alignment
196764,R1-R6,R,lamina,364,-65.10451614398437,-48.991518128154325,4.462616071125959,derived topology (terminal positions); inferred global alignment
197058,R1-R6,R,lamina,69,50.197941227384405,-55.47492216970884,43.20450396928525,derived topology (terminal positions); inferred global alignment
197098,R1-R6,R,lamina,358,-65.95529251073786,34.98526230891919,4.922056060922707,derived topology (terminal positions); inferred global alignment
197230,R1-R6,R,lamina,479,-106.27370495938581,-28.807139573085163,5.407857920352609,derived topology (terminal positions); inferred global alignment
197277,R1-R6,R,lamina,474,-106.84479514368886,26.650714723455554,4.396637310169663,derived topology (terminal positions); inferred global alignment
197280,R1-R6,R,lamina,389,-80.83608684614475,24.07673347223246,4.029990676666659,derived topology (terminal positions); inferred global alignment
197334,R1-R6,R,lamina,523,-120.44899749720209,37.587924234348456,2.504138648370832,derived topology (terminal positions); inferred global alignment
197521,R1-R6,R,lamina,363,-55.92632755101086,-45.42364362418186,5.938843891404549,derived topology (terminal positions); inferred global alignment
197591,R1-R6,R,lamina,298,-30.632364108086964,28.369752090804184,2.6672870603262018,derived topology (terminal positions); inferred global alignment
197698,R1-R6,R,lamina,419,-92.47700786831456,12.755096435057848,3.8399034870276694,derived topology (terminal positions); inferred global alignment
197851,R1-R6,R,lamina,451,-95.80582900692713,-34.4760808646475,6.406414033075708,derived topology (terminal positions); inferred global alignment
197939,R1-R6,R,lamina,451,-103.14163434871088,-30.41621312230628,2.000695390461663,derived topology (terminal positions); inferred global alignment
198018,R1-R6,R,lamina,480,-111.02831968806373,-43.878016405874995,3.3592610950836304,derived topology (terminal positions); inferred global alignment
198203,R1-R6,R,lamina,358,-60.2939925328239,27.134631638059837,5.790618902069873,derived topology (terminal positions); inferred global alignment
198309,R1-R6,R,lamina,473,-109.27832111697225,32.30970603262332,1.2162878959717232,derived topology (terminal positions); inferred global alignment
198383,R1-R6,R,lamina,285,-19.474590514977095,-73.85529452852496,3.2295275907350036,derived topology (terminal positions); inferred global alignment
198391,R1-R6,R,lamina,209,-7.37389484424925,58.28025697894005,1.4081258051222112,derived topology (terminal positions); inferred global alignment
198579,R1-R6,R,lamina,452,-101.19367244922586,-44.1697236539331,3.372696407348674,derived topology (terminal positions); inferred global alignment
198582,R1-R6,R,lamina,0,56.340956830963364,32.256123324141065,43.05748533534558,derived topology (terminal positions); inferred global alignment
198597,R1-R6,R,lamina,478,-111.27200613788128,-26.82972524346572,3.9048551698498013,derived topology (terminal positions); inferred global alignment
199022,R1-R6,R,lamina,212,-8.737824837709923,43.153112788043316,2.5347801637507903,derived topology (terminal positions); inferred global alignment
199115,R1-R6,R,lamina,422,-94.77554543778925,-29.165428257467326,4.231388929961022,derived topology (terminal positions); inferred global alignment
199361,R1-R6,R,lamina,569,-129.481789086771,43.19159012471476,1.1081137615097387,derived topology (terminal positions); inferred global alignment
199388,R1-R6,R,lamina,364,-57.559050439766395,-51.06779393794908,3.8405173671758357,derived topology (terminal positions); inferred global alignment
199418,R1-R6,R,lamina,419,-85.61172611258276,18.016548415054913,5.397521546053256,derived topology (terminal positions); inferred global alignment
199539,R1-R6,R,lamina,365,-64.60161391063993,-54.60390620013465,4.323733870263141,derived topology (terminal positions); inferred global alignment
199629,R1-R6,R,lamina,364,-60.350612449767716,-47.393127283633646,4.185978851909851,derived topology (terminal positions); inferred global alignment
199630,R1-R6,R,lamina,69,46.22955181488075,-53.20564245880047,38.678755747392565,derived topology (terminal positions); inferred global alignment
199676,R1-R6,R,lamina,556,-124.07716617582798,-26.032879696953618,1.684611355956742,derived topology (terminal positions); inferred global alignment
199721,R1-R6,R,lamina,397,-69.68592745630252,-63.19369482657166,7.116717781077192,derived topology (terminal positions); inferred global alignment
199749,R1-R6,R,lamina,293,-33.35276400395789,64.17360718818306,1.4829316343117456,derived topology (terminal positions); inferred global alignment
199791,R1-R6,R,lamina,333,-50.92527801355398,-45.79061859876461,4.7739301277770165,derived topology (terminal positions); inferred global alignment
199807,R1-R6,R,lamina,441,-102.44393871079455,61.840847900971816,0.6386171016843338,derived topology (terminal positions); inferred global alignment
199903,R1-R6,R,lamina,418,-96.08957715077317,26.696873610225403,6.212102230883301,derived topology (terminal positions); inferred global alignment
199968,R1-R6,R,lamina,450,-98.46978731522813,-19.065712531978026,3.3114595327372425,derived topology (terminal positions); inferred global alignment
200032,R1-R6,R,lamina,419,-95.45868730541527,13.25590153376503,5.589100610702723,derived topology (terminal positions); inferred global alignment
200147,R1-R6,R,lamina,447,-101.67016424839127,21.492247717617715,0.5842019861026909,derived topology (terminal positions); inferred global alignment
200228,R1-R6,R,lamina,305,-38.56789814347434,-52.44437899015749,5.678786906449189,derived topology (terminal positions); inferred global alignment
200280,R1-R6,R,lamina,421,-95.09219549441835,-19.583605823447353,6.232402739827335,derived topology (terminal positions); inferred global alignment
200562,R1-R6,R,lamina,499,-115.22882451625307,36.834103840526474,3.3457287492932837,derived topology (terminal positions); inferred global alignment
200577,R1-R6,R,lamina,446,-102.38767200553282,27.093824851743143,5.1431242487931055,derived topology (terminal positions); inferred global alignment
200734,R1-R6,R,lamina,479,-106.92688113664124,-29.509801505642017,4.448503214616074,derived topology (terminal positions); inferred global alignment
200981,R1-R6,R,lamina,523,-119.82568202811164,38.42529647877739,2.1867317456071365,derived topology (terminal positions); inferred global alignment
201043,R1-R6,R,lamina,446,-99.43080960845953,29.83449730974429,3.238109640782735,derived topology (terminal positions); inferred global alignment
201095,R1-R6,R,lamina,69,42.09131386337067,-51.23355431874465,34.10917960666066,derived topology (terminal positions); inferred global alignment
201097,R1-R6,R,lamina,333,-46.73868322336053,-48.58920739833281,2.188302531060935,derived topology (terminal positions); inferred global alignment
201174,R1-R6,R,lamina,508,-113.22268164611953,-43.863144647637874,3.8264020662007128,derived topology (terminal positions); inferred global alignment
201188,R1-R6,R,lamina,333,-53.17413860945957,-45.2989024215315,7.0718027251921125,derived topology (terminal positions); inferred global alignment
201263,R1-R6,R,lamina,306,-35.80605041157047,-60.17146553992309,3.244142096437114,derived topology (terminal positions); inferred global alignment
201331,R1-R6,R,lamina,269,-22.95452478905481,27.582005736535606,4.047451318879543,derived topology (terminal positions); inferred global alignment
201333,R1-R6,R,lamina,51,33.50490966340939,50.2683730575144,25.62953044198861,derived topology (terminal positions); inferred global alignment
201470,R1-R6,R,lamina,264,-22.53919949831147,59.93265095027457,1.3753006332641156,derived topology (terminal positions); inferred global alignment
201495,R1-R6,R,lamina,480,-110.58650679558392,-40.80194426400804,0.6229574165319932,derived topology (terminal positions); inferred global alignment
201498,R1-R6,R,lamina,451,-99.7817051171871,-34.008624193548755,2.972913774116407,derived topology (terminal positions); inferred global alignment
201702,R1-R6,R,lamina,422,-90.32572273075294,-31.480042544889972,2.507250365298884,derived topology (terminal positions); inferred global alignment
201718,R1-R6,R,lamina,710,-148.2426705458724,11.364204706192984,8.912510629595495,derived topology (terminal positions); inferred global alignment
201840,R1-R6,R,lamina,480,-111.26083697464294,-37.35420333013472,3.574020310764911,derived topology (terminal positions); inferred global alignment
201935,R1-R6,R,lamina,333,-46.99310006418037,-41.9310881844082,4.606079627395937,derived topology (terminal positions); inferred global alignment
202220,R1-R6,R,lamina,90,23.140092988197793,56.04787360339739,18.279162554646277,derived topology (terminal positions); inferred global alignment
202259,R1-R6,R,lamina,419,-92.6884902343057,22.802393124130433,6.9546166681158645,derived topology (terminal positions); inferred global alignment
202343,R1-R6,R,lamina,310,-33.78968318746827,-69.77962490764409,0.8441579570604936,derived topology (terminal positions); inferred global alignment
202393,R1-R6,R,lamina,524,-123.01484128177526,35.49378544737768,2.3126609609922903,derived topology (terminal positions); inferred global alignment
202531,R1-R6,R,lamina,334,-43.45557513914217,-50.66393442641055,4.000026343132047,derived topology (terminal positions); inferred global alignment
202651,R1-R6,R,lamina,450,-98.05764883500747,-25.671378425043617,6.511509829211782,derived topology (terminal positions); inferred global alignment
202780,R1-R6,R,lamina,419,-92.22384925528668,20.038126322084494,4.189361300378863,derived topology (terminal positions); inferred global alignment
202808,R1-R6,R,lamina,365,-65.78154708428046,-55.427466070114,4.846058426684943,derived topology (terminal positions); inferred global alignment
202852,R1-R6,R,lamina,268,-25.83685879985429,39.69408537243178,3.2494293318220677,derived topology (terminal positions); inferred global alignment
203093,R1-R6,R,lamina,446,-99.22179718957415,29.109260328025904,3.92368721773489,derived topology (terminal positions); inferred global alignment
203182,R1-R6,R,lamina,111,22.01242835483113,58.89747493730827,18.536132242365404,derived topology (terminal positions); inferred global alignment
203254,R1-R6,R,lamina,450,-99.86678821265897,-23.252579803792536,3.504839548934685,derived topology (terminal positions); inferred global alignment
203355,R1-R6,R,lamina,395,-70.8357793908864,-55.24792886567715,6.120021113162437,derived topology (terminal positions); inferred global alignment
203499,R1-R6,R,lamina,240,-15.879369796456565,43.53565904948825,3.325950953274156,derived topology (terminal positions); inferred global alignment
203507,R1-R6,R,lamina,331,-43.60520595015089,-28.846528455895765,5.437972364805776,derived topology (terminal positions); inferred global alignment
203567,R1-R6,R,lamina,420,-92.27905274335026,-6.442202075393595,7.132114550931568,derived topology (terminal positions); inferred global alignment
203576,R1-R6,R,lamina,712,-146.97285750511435,1.0265024705311365,7.72741344055738,derived topology (terminal positions); inferred global alignment
203577,R1-R6,R,lamina,69,49.53399614930153,-55.139611961423036,42.46323465351816,derived topology (terminal positions); inferred global alignment
203718,R1-R6,R,lamina,306,-36.824522412933675,-56.268086034786485,4.4278719031185005,derived topology (terminal positions); inferred global alignment
203763,R1-R6,R,lamina,155,31.73995833313211,-74.56066373561741,35.08583938683116,derived topology (terminal positions); inferred global alignment
203834,R1-R6,R,lamina,419,-95.93865032616647,14.576256508871209,5.492983227063907,derived topology (terminal positions); inferred global alignment
203946,R1-R6,R,lamina,340,-39.84565903472934,-71.80355713686707,6.2423537731798895,derived topology (terminal positions); inferred global alignment
203977,R1-R6,R,lamina,447,-103.8134172453102,15.10375145433151,6.192017093291481,derived topology (terminal positions); inferred global alignment
204005,R1-R6,R,lamina,333,-48.00493786801704,-44.504218325016396,2.6676951940287092,derived topology (terminal positions); inferred global alignment
204026,R1-R6,R,lamina,328,-39.79848649016595,25.747872630204704,6.545938252209679,derived topology (terminal positions); inferred global alignment
204143,R1-R6,R,lamina,69,46.406689220554114,-51.15727775943119,38.154466719441274,derived topology (terminal positions); inferred global alignment
204203,R1-R6,R,lamina,447,-98.51879615500565,23.697164845258747,4.198516464299714,derived topology (terminal positions); inferred global alignment
204232,R1-R6,R,lamina,479,-105.9926336147117,-31.02979320375155,4.334306267756446,derived topology (terminal positions); inferred global alignment
204260,R1-R6,R,lamina,419,-91.70014289999841,20.492474691345592,4.466073689291684,derived topology (terminal positions); inferred global alignment
204315,R1-R6,R,lamina,306,-35.337783190242945,-59.13531482169619,2.4045855921798287,derived topology (terminal positions); inferred global alignment
204442,R1-R6,R,lamina,230,1.2364802854451895,-76.42946717812812,14.040249575149778,derived topology (terminal positions); inferred global alignment
204563,R1-R6,R,lamina,447,-96.8648298946232,25.21051713416117,6.440201104548044,derived topology (terminal positions); inferred global alignment
204608,R1-R6,R,lamina,324,-41.15195301794945,60.54166536021386,5.393496759846971,derived topology (terminal positions); inferred global alignment
204616,R1-R6,R,lamina,447,-97.40202082647357,23.793846981301638,5.141303334276266,derived topology (terminal positions); inferred global alignment
204661,R1-R6,R,lamina,420,-90.0843156528046,8.074992186963524,7.605460308324787,derived topology (terminal positions); inferred global alignment
204768,R1-R6,R,lamina,498,-113.82583305115843,39.1181371914519,3.0848242978890483,derived topology (terminal positions); inferred global alignment
204826,R1-R6,R,lamina,324,-53.698484267288514,60.06337153326744,7.334507340955849,derived topology (terminal positions); inferred global alignment
204893,R1-R6,R,lamina,451,-104.42674753019239,-33.37936745046998,3.3927370887585333,derived topology (terminal positions); inferred global alignment
205031,R1-R6,R,lamina,327,-48.763416889903674,35.688236994814474,3.147079354197407,derived topology (terminal positions); inferred global alignment
205044,R1-R6,R,lamina,183,-5.120495280206121,56.93308445319627,1.6348514577516928,derived topology (terminal positions); inferred global alignment
205097,R1-R6,R,lamina,396,-72.37625785721717,-57.23054738591731,4.930913157724301,derived topology (terminal positions); inferred global alignment
205255,R1-R6,R,lamina,304,-37.79492921219105,-48.04482980554568,4.773885031036998,derived topology (terminal positions); inferred global alignment
205397,R1-R6,R,lamina,498,-119.18823953514597,41.668106278460826,2.860656609768539,derived topology (terminal positions); inferred global alignment
205494,R1-R6,R,lamina,355,-63.73165755657362,54.9324795242202,3.6248490314435977,derived topology (terminal positions); inferred global alignment
205514,R1-R6,R,lamina,451,-99.50611211998546,-29.114809072075097,3.212804159735022,derived topology (terminal positions); inferred global alignment
205547,R1-R6,R,lamina,498,-113.78996899054266,39.78664780652841,2.8649901698437463,derived topology (terminal positions); inferred global alignment
205562,R1-R6,R,lamina,155,27.264102626181042,-73.13157086243989,30.60880590846393,derived topology (terminal positions); inferred global alignment
205668,R1-R6,R,lamina,522,-121.1380337510222,43.66863833853925,1.4180774765642845,derived topology (terminal positions); inferred global alignment
205805,R1-R6,R,lamina,89,42.938387090182104,-53.89592248959137,35.87551206584858,derived topology (terminal positions); inferred global alignment
205864,R1-R6,R,lamina,295,-35.35819402840408,55.26861933468032,2.4439042223398038,derived topology (terminal positions); inferred global alignment
206146,R1-R6,R,lamina,364,-61.620344932784235,-49.71626291120316,1.7506965582871283,derived topology (terminal positions); inferred global alignment
206238,R1-R6,R,lamina,499,-117.62050492024959,32.04994686764913,2.024103684162709,derived topology (terminal positions); inferred global alignment
206364,R1-R6,R,lamina,265,-20.021652682032105,59.19745721032542,3.0670635567270947,derived topology (terminal positions); inferred global alignment
206404,R1-R6,R,lamina,266,-22.197836685024086,55.483905120959236,2.2396669098492565,derived topology (terminal positions); inferred global alignment
206413,R1-R6,R,lamina,133,7.13707978113716,56.28097666713931,4.544293611201466,derived topology (terminal positions); inferred global alignment
206415,R1-R6,R,lamina,298,-28.592375823021946,32.09083757346705,5.396816159032598,derived topology (terminal positions); inferred global alignment
206557,R1-R6,R,lamina,544,-126.26710313013993,50.98001479531004,1.0832016108325966,derived topology (terminal positions); inferred global alignment
206600,R1-R6,R,lamina,545,-125.0563118105967,48.16820874361699,0.3074208403475865,derived topology (terminal positions); inferred global alignment
206700,R1-R6,R,lamina,110,33.719280216088876,-62.47895102002372,30.863135981618008,derived topology (terminal positions); inferred global alignment
206711,R1-R6,R,lamina,419,-89.87960183953825,15.459305674055129,1.0503767331398552,derived topology (terminal positions); inferred global alignment
206816,R1-R6,R,lamina,447,-97.2495663591455,18.60969235131601,4.970890327841273,derived topology (terminal positions); inferred global alignment
206883,R1-R6,R,lamina,389,-80.85177970450253,23.28323135849459,4.362625704995738,derived topology (terminal positions); inferred global alignment
206916,R1-R6,R,lamina,447,-101.15569641825061,14.97375879209827,5.955579418136122,derived topology (terminal positions); inferred global alignment
206997,R1-R6,R,lamina,591,-130.81781849666478,40.2442986443037,1.8275735011610232,derived topology (terminal positions); inferred global alignment
207004,R1-R6,R,lamina,450,-101.91847639006309,-15.64045102435314,4.56821226179082,derived topology (terminal positions); inferred global alignment
207026,R1-R6,R,lamina,294,-37.02943300297537,58.11400130954057,3.9209436436566456,derived topology (terminal positions); inferred global alignment
207419,R1-R6,R,lamina,447,-99.40834002293084,21.011177983139277,2.251151169779885,derived topology (terminal positions); inferred global alignment
207579,R1-R6,R,lamina,364,-67.38228306650016,-50.868505149346745,6.029972438567229,derived topology (terminal positions); inferred global alignment
207615,R1-R6,R,lamina,333,-43.399523146675975,-45.3546880365929,3.0134936115895967,derived topology (terminal positions); inferred global alignment
207630,R1-R6,R,lamina,447,-98.47377720664608,15.773481278569918,6.041440750225242,derived topology (terminal positions); inferred global alignment
207661,R1-R6,R,lamina,89,48.46140166046426,-60.34200618221004,43.32490985617911,derived topology (terminal positions); inferred global alignment
207698,R1-R6,R,lamina,298,-31.52758570431265,25.19488316487519,4.342267515807189,derived topology (terminal positions); inferred global alignment
207780,R1-R6,R,lamina,522,-120.03528432416925,43.273120838897945,2.286733294542739,derived topology (terminal positions); inferred global alignment
207966,R1-R6,R,lamina,418,-90.03830414936147,23.520900946358292,6.230777496322669,derived topology (terminal positions); inferred global alignment
207972,R1-R6,R,lamina,451,-99.14227309117415,-26.454144719920276,5.680700600540194,derived topology (terminal positions); inferred global alignment
208014,R1-R6,R,lamina,447,-97.63652077227897,24.148691252501507,5.163930081470604,derived topology (terminal positions); inferred global alignment
208145,R1-R6,R,lamina,419,-91.6127362849339,18.975375495907663,2.9810884422254382,derived topology (terminal positions); inferred global alignment
208241,R1-R6,R,lamina,0,51.14228060927563,35.90305572497441,38.32360135586251,derived topology (terminal positions); inferred global alignment
208511,R1-R6,R,lamina,419,-84.21940001127604,18.566801504973476,6.894341188506613,derived topology (terminal positions); inferred global alignment
208618,R1-R6,R,lamina,299,-36.53770768612664,20.834585125506663,6.006314672496189,derived topology (terminal positions); inferred global alignment
208654,R1-R6,R,lamina,477,-113.30017893070959,-9.679990162648055,3.947123352505868,derived topology (terminal positions); inferred global alignment
208867,R1-R6,R,lamina,309,-38.76051143623893,-67.17584272126113,5.841404699955654,derived topology (terminal positions); inferred global alignment
208986,R1-R6,R,lamina,389,-82.13702263419547,23.097602383829788,5.598955874583012,derived topology (terminal positions); inferred global alignment
209039,R1-R6,R,lamina,292,-30.40811395338025,64.67099443956579,2.9685695613155723,derived topology (terminal positions); inferred global alignment
209074,R1-R6,R,lamina,450,-98.64465370460637,-22.42795683801519,3.689177992226165,derived topology (terminal positions); inferred global alignment
209124,R1-R6,R,lamina,295,-35.334285140403495,54.055115058489285,2.1606051301054494,derived topology (terminal positions); inferred global alignment
209142,R1-R6,R,lamina,257,-10.286981031714035,-72.75322455893162,5.247427727204389,derived topology (terminal positions); inferred global alignment
209174,R1-R6,R,lamina,397,-76.47241304091841,-61.46021450899433,1.8983791378949015,derived topology (terminal positions); inferred global alignment
209230,R1-R6,R,lamina,447,-99.81593341330517,24.259093846112567,3.823423837496192,derived topology (terminal positions); inferred global alignment
209310,R1-R6,R,lamina,451,-104.76841095585469,-30.765904818100203,3.342128535465981,derived topology (terminal positions); inferred global alignment
209338,R1-R6,R,lamina,418,-94.82101013072712,26.303370873279956,5.3819599229871296,derived topology (terminal positions); inferred global alignment
209453,R1-R6,R,lamina,389,-72.66762784265039,27.24127794669309,4.737467830809843,derived topology (terminal positions); inferred global alignment
209492,R1-R6,R,lamina,304,-39.62942660954315,-49.49674238920277,6.895882384948847,derived topology (terminal positions); inferred global alignment
209527,R1-R6,R,lamina,447,-103.19637605657806,21.850291059325645,1.8046655863613836,derived topology (terminal positions); inferred global alignment
209622,R1-R6,R,lamina,364,-55.587140814267315,-48.43736711319125,6.530020156074215,derived topology (terminal positions); inferred global alignment
209649,R1-R6,R,lamina,156,0.3540192880694377,60.30912299429115,1.2730882693084593,derived topology (terminal positions); inferred global alignment
209668,R1-R6,R,lamina,531,-119.56701813889384,-25.67934518891625,1.9001251556451646,derived topology (terminal positions); inferred global alignment
209676,R1-R6,R,lamina,33,36.3733924894472,43.524349181364016,26.06408233067119,derived topology (terminal positions); inferred global alignment
209742,R1-R6,R,lamina,363,-61.756779963303714,-43.22671142882154,0.3277286675018941,derived topology (terminal positions); inferred global alignment
209936,R1-R6,R,lamina,327,-47.205927103914796,36.11577390869189,1.8044301610702187,derived topology (terminal positions); inferred global alignment
209942,R1-R6,R,lamina,523,-122.17028768140608,37.62879285646274,2.3603456450703644,derived topology (terminal positions); inferred global alignment
209951,R1-R6,R,lamina,110,37.23583033951799,-58.07727618484718,32.15883648685877,derived topology (terminal positions); inferred global alignment
209962,R1-R6,R,lamina,446,-102.98936021265592,30.705694092390278,1.9900861470509335,derived topology (terminal positions); inferred global alignment
210030,R1-R6,R,lamina,480,-111.98534962332683,-38.181610167149785,3.214063034685658,derived topology (terminal positions); inferred global alignment
210040,R1-R6,R,lamina,478,-104.7995024550462,-25.559081853913444,5.752623189221984,derived topology (terminal positions); inferred global alignment
210271,R1-R6,R,lamina,422,-94.51492083785962,-34.24328167638698,6.588597977667411,derived topology (terminal positions); inferred global alignment
210531,R1-R6,R,lamina,355,-67.21643555731245,58.83814296965513,5.5930973242141615,derived topology (terminal positions); inferred global alignment
210557,R1-R6,R,lamina,310,-34.570547922406575,-69.05266256170643,1.8050653034504072,derived topology (terminal positions); inferred global alignment
210647,R1-R6,R,lamina,479,-106.05003078624496,-36.264149599514255,5.2591219380304794,derived topology (terminal positions); inferred global alignment
210714,R1-R6,R,lamina,394,-74.46997161667974,-48.97689690955298,3.1598176795179933,derived topology (terminal positions); inferred global alignment
210718,R1-R6,R,lamina,184,-2.985817667942655,51.59341338018901,1.4057091179180388,derived topology (terminal positions); inferred global alignment
210803,R1-R6,R,lamina,419,-90.90068149670068,10.386217392624792,5.763945355171445,derived topology (terminal positions); inferred global alignment
210822,R1-R6,R,lamina,394,-70.59388410204166,-49.56112083649583,6.805462408375116,derived topology (terminal positions); inferred global alignment
210861,R1-R6,R,lamina,447,-104.03158862496949,20.07422955280789,2.516649673432958,derived topology (terminal positions); inferred global alignment
210910,R1-R6,R,lamina,447,-97.0380275876318,24.549084338718053,5.881517646411749,derived topology (terminal positions); inferred global alignment
210947,R1-R6,R,lamina,479,-110.02418598687382,-35.91731283306701,3.161608143875988,derived topology (terminal positions); inferred global alignment
210955,R1-R6,R,lamina,214,-10.332717415588597,33.79201678654684,1.81222052863175,derived topology (terminal positions); inferred global alignment
210988,R1-R6,R,lamina,422,-93.11680401098167,-24.27387109348729,5.363864092274549,derived topology (terminal positions); inferred global alignment
211067,R1-R6,R,lamina,396,-81.97549258361381,-56.82899660887762,5.6895790722796455,derived topology (terminal positions); inferred global alignment
211137,R1-R6,R,lamina,311,-30.05955554091996,-71.38007944712261,2.8891386018683693,derived topology (terminal positions); inferred global alignment
211203,R1-R6,R,lamina,453,-98.54103361320293,-46.873183376300744,3.17856017884589,derived topology (terminal positions); inferred global alignment
211220,R1-R6,R,lamina,364,-62.156181056401365,-49.14485676755097,2.432589329248938,derived topology (terminal positions); inferred global alignment
211367,R1-R6,R,lamina,567,-127.09737400049724,49.44865904635615,1.4720724653765815,derived topology (terminal positions); inferred global alignment
211538,R1-R6,R,lamina,328,-51.168215262552195,30.723985971235116,7.427967739238484,derived topology (terminal positions); inferred global alignment
211661,R1-R6,R,lamina,523,-121.68800059354768,41.8617381954962,1.9955465814890587,derived topology (terminal positions); inferred global alignment
211676,R1-R6,R,lamina,332,-45.0052988418632,-37.389027740936406,1.3218687859830793,derived topology (terminal positions); inferred global alignment
211800,R1-R6,R,lamina,422,-94.50849905659756,-31.82926737420827,4.877275504947458,derived topology (terminal positions); inferred global alignment
211843,R1-R6,R,lamina,419,-90.46904493209732,18.191610633272077,2.056187332100555,derived topology (terminal positions); inferred global alignment
211877,R1-R6,R,lamina,450,-102.93211790373721,-25.5868650099262,5.557025241879556,derived topology (terminal positions); inferred global alignment
212058,R1-R6,R,lamina,364,-58.908336712102134,-52.30996920161004,2.617281006333938,derived topology (terminal positions); inferred global alignment
212100,R1-R6,R,lamina,305,-37.51916827773051,-52.04714679327737,4.779648298173142,derived topology (terminal positions); inferred global alignment
212392,R1-R6,R,lamina,299,-34.89446555227231,16.81683327013297,1.9849864783517472,derived topology (terminal positions); inferred global alignment
212425,R1-R6,R,lamina,363,-63.33832492210565,-45.31980211345683,2.8563109436333947,derived topology (terminal positions); inferred global alignment
212478,R1-R6,R,lamina,450,-101.31389982222493,-20.1007337651083,0.2848762843806792,derived topology (terminal positions); inferred global alignment
212598,R1-R6,R,lamina,450,-98.41009448102585,-19.180644532784672,3.330802885584547,derived topology (terminal positions); inferred global alignment
212759,R1-R6,R,lamina,451,-105.76354241769315,-30.13210388620156,4.479457023972034,derived topology (terminal positions); inferred global alignment
212768,R1-R6,R,lamina,448,-96.3706604746421,11.671328505632063,6.645253164436669,derived topology (terminal positions); inferred global alignment
212928,R1-R6,R,lamina,363,-65.60742925255462,-46.80331520581828,5.520233863124506,derived topology (terminal positions); inferred global alignment
212934,R1-R6,R,lamina,364,-62.93125636801071,-53.69293769815438,2.7264894673637734,derived topology (terminal positions); inferred global alignment
213407,R1-R6,R,lamina,419,-91.3422883262163,13.277165009745584,2.9452322130808235,derived topology (terminal positions); inferred global alignment
213496,R1-R6,R,lamina,450,-102.03088723053315,-17.225652819488623,3.0043049100481634,derived topology (terminal positions); inferred global alignment
213644,R1-R6,R,lamina,333,-48.36325844836226,-42.592654160600624,4.4386704292447465,derived topology (terminal positions); inferred global alignment
213653,R1-R6,R,lamina,450,-105.6085257106613,-18.59872926006057,4.331608356718326,derived topology (terminal positions); inferred global alignment
213691,R1-R6,R,lamina,332,-47.98535121916758,-37.06230751123416,1.7621071341281753,derived topology (terminal positions); inferred global alignment
213832,R1-R6,R,lamina,262,-20.54785287066146,65.67800577982125,2.378212741207783,derived topology (terminal positions); inferred global alignment
213870,R1-R6,R,lamina,295,-33.48905648167757,51.50993121591714,2.6755186762999257,derived topology (terminal positions); inferred global alignment
213940,R1-R6,R,lamina,451,-102.48723275802692,-29.14840901777679,2.6368822674353356,derived topology (terminal positions); inferred global alignment
213950,R1-R6,R,lamina,342,-40.95198415400556,-75.37257662204304,5.060835097852935,derived topology (terminal positions); inferred global alignment
214005,R1-R6,R,lamina,419,-91.1469088973231,9.50703439116045,6.655470945394665,derived topology (terminal positions); inferred global alignment
214052,R1-R6,R,lamina,363,-57.5216215625181,-43.87725676512686,3.968357475715499,derived topology (terminal positions); inferred global alignment
214133,R1-R6,R,lamina,421,-97.37389321401966,-14.846430301191285,6.768365267459609,derived topology (terminal positions); inferred global alignment
214275,R1-R6,R,lamina,90,22.20757291131204,54.387759211973844,16.69318802041194,derived topology (terminal positions); inferred global alignment
214339,R1-R6,R,lamina,479,-109.7064933280994,-30.891019034294764,1.8834614031037544,derived topology (terminal positions); inferred global alignment
214342,R1-R6,R,lamina,357,-57.32395542630193,43.79932235087238,4.278318352211407,derived topology (terminal positions); inferred global alignment
214368,R1-R6,R,lamina,447,-96.09250911747506,19.90716867167968,5.653945366893374,derived topology (terminal positions); inferred global alignment
214391,R1-R6,R,lamina,548,-124.84108864464608,36.444884402365794,2.6653126201354373,derived topology (terminal positions); inferred global alignment
214451,R1-R6,R,lamina,499,-113.65077079856192,31.717119078876646,3.509633758159763,derived topology (terminal positions); inferred global alignment
214549,R1-R6,R,lamina,448,-94.06138619339734,8.236967989242533,7.596664130979066,derived topology (terminal positions); inferred global alignment
214576,R1-R6,R,lamina,524,-120.30109559911298,32.57997810823343,1.669608368965944,derived topology (terminal positions); inferred global alignment
214739,R1-R6,R,lamina,364,-56.02522497152568,-50.07480951141513,5.529094920197686,derived topology (terminal positions); inferred global alignment
214802,R1-R6,R,lamina,235,-17.176314199049422,62.414791428951894,2.4477452998104154,derived topology (terminal positions); inferred global alignment
214855,R1-R6,R,lamina,364,-55.770242941705646,-47.71517758664113,6.739936111613638,derived topology (terminal positions); inferred global alignment
214873,R1-R6,R,lamina,419,-92.15249066357207,14.244683786942756,2.4078964276641988,derived topology (terminal positions); inferred global alignment
214928,R1-R6,R,lamina,184,-6.075020189092584,52.2042464460627,2.1923226486849057,derived topology (terminal positions); inferred global alignment
214932,R1-R6,R,lamina,419,-91.86649465577648,11.253014782772778,5.035785189523391,derived topology (terminal positions); inferred global alignment
214973,R1-R6,R,lamina,269,-21.37548439447019,32.14810465227487,1.4242902722363233,derived topology (terminal positions); inferred global alignment
215034,R1-R6,R,lamina,451,-102.31412527650315,-28.416647977269914,3.284288966848238,derived topology (terminal positions); inferred global alignment
215145,R1-R6,R,lamina,569,-127.99806599217898,43.01399686353135,0.41460354083662826,derived topology (terminal positions); inferred global alignment
215153,R1-R6,R,lamina,50,61.82709441457881,-50.48887289660967,52.58649771357929,derived topology (terminal positions); inferred global alignment
215193,R1-R6,R,lamina,364,-69.00605969609879,-50.864318759894665,7.648094980175392,derived topology (terminal positions); inferred global alignment
215273,R1-R6,R,lamina,363,-58.28352060549797,-43.30227276153374,3.1490430868563415,derived topology (terminal positions); inferred global alignment
215274,R1-R6,R,lamina,305,-38.1862524990251,-53.43532593994955,5.169278481129973,derived topology (terminal positions); inferred global alignment
215295,R1-R6,R,lamina,421,-93.21362978079895,-18.065504063461322,3.8331060314854195,derived topology (terminal positions); inferred global alignment
215350,R1-R6,R,lamina,446,-104.07006984421753,27.270963921347636,5.474010418218132,derived topology (terminal positions); inferred global alignment
215368,R1-R6,R,lamina,419,-91.82215939806434,21.38857250261407,5.366951046571605,derived topology (terminal positions); inferred global alignment
215412,R1-R6,R,lamina,298,-30.177294014166826,29.079761210278747,2.9870339519674656,derived topology (terminal positions); inferred global alignment
215477,R1-R6,R,lamina,299,-34.36080336113204,21.054014647094544,5.316934152415664,derived topology (terminal positions); inferred global alignment
215550,R1-R6,R,lamina,419,-92.17976488306422,21.835847586251365,5.885812791110182,derived topology (terminal positions); inferred global alignment
215648,R1-R6,R,lamina,421,-96.6919893056083,-16.225281310985807,6.153169923893068,derived topology (terminal positions); inferred global alignment
215715,R1-R6,R,lamina,477,-106.59307362059002,-11.213167457783142,3.496662903253006,derived topology (terminal positions); inferred global alignment
215854,R1-R6,R,lamina,282,-24.814188217667272,-68.60221665275823,2.2538389827568457,derived topology (terminal positions); inferred global alignment
215865,R1-R6,R,lamina,357,-58.909242212533705,40.40309124774048,4.388117627227847,derived topology (terminal positions); inferred global alignment
215880,R1-R6,R,lamina,522,-119.69013934536005,45.78567911682062,1.938566206745477,derived topology (terminal positions); inferred global alignment
215948,R1-R6,R,lamina,270,-20.565322745729596,24.917724617996974,4.930000458300761,derived topology (terminal positions); inferred global alignment
215954,R1-R6,R,lamina,269,-23.808194097888467,26.811707008580377,4.935952169880228,derived topology (terminal positions); inferred global alignment
215994,R1-R6,R,lamina,363,-55.77729221119908,-41.29419522306474,5.964047825751828,derived topology (terminal positions); inferred global alignment
216233,R1-R6,R,lamina,450,-97.4065306041723,-21.001561371472253,4.2526867323679225,derived topology (terminal positions); inferred global alignment
216275,R1-R6,R,lamina,364,-60.277239185991164,-51.535708763315554,1.1065080104642222,derived topology (terminal positions); inferred global alignment
216292,R1-R6,R,lamina,450,-103.82000823511001,-14.830694742295542,5.813509584081129,derived topology (terminal positions); inferred global alignment
216313,R1-R6,R,lamina,419,-86.54254224347281,21.033674169919333,6.400498482992096,derived topology (terminal positions); inferred global alignment
216331,R1-R6,R,lamina,447,-96.66219401974988,17.644011869251024,5.966933321988041,derived topology (terminal positions); inferred global alignment
216488,R1-R6,R,lamina,267,-25.82040937797442,48.75313517875441,3.2710700460683237,derived topology (terminal positions); inferred global alignment
216522,R1-R6,R,lamina,155,23.87313002090579,-65.09985677758117,23.512328518685568,derived topology (terminal positions); inferred global alignment
216609,R1-R6,R,lamina,570,-128.88611732909828,40.75183701181838,2.2228919033098555,derived topology (terminal positions); inferred global alignment
216742,R1-R6,R,lamina,474,-105.2863243806312,25.676389479671787,5.204442245742537,derived topology (terminal positions); inferred global alignment
216807,R1-R6,R,lamina,448,-96.7216544148544,11.065986479890935,6.003451235132226,derived topology (terminal positions); inferred global alignment
216822,R1-R6,R,lamina,588,-131.80017899512413,53.21132875483324,1.8357823230748886,derived topology (terminal positions); inferred global alignment
216866,R1-R6,R,lamina,449,-100.04316250796862,-11.877633362621278,5.305280498055703,derived topology (terminal positions); inferred global alignment
216880,R1-R6,R,lamina,451,-101.43966232407264,-26.461696198244077,5.146061418258525,derived topology (terminal positions); inferred global alignment
216884,R1-R6,R,lamina,479,-110.06411423052667,-28.48898188729928,4.268293280311,derived topology (terminal positions); inferred global alignment
216886,R1-R6,R,lamina,419,-92.8275858421963,16.180797088538252,2.153213816819809,derived topology (terminal positions); inferred global alignment
216964,R1-R6,R,lamina,448,-94.67627943226529,6.740680087530417,7.0104808528411455,derived topology (terminal positions); inferred global alignment
217011,R1-R6,R,lamina,327,-53.707357577081105,36.53269970017726,7.455190632470765,derived topology (terminal positions); inferred global alignment
217087,R1-R6,R,lamina,479,-112.15298245139076,-33.89035422865574,2.46155428969094,derived topology (terminal positions); inferred global alignment
217093,R1-R6,R,lamina,448,-97.65408920349859,12.674052360763834,6.437843463634221,derived topology (terminal positions); inferred global alignment
217174,R1-R6,R,lamina,394,-69.53375798754021,-44.252697712007425,7.797740127176061,derived topology (terminal positions); inferred global alignment
217182,R1-R6,R,lamina,478,-111.63610971658801,-27.085320936662807,4.272100882183199,derived topology (terminal positions); inferred global alignment
217270,R1-R6,R,lamina,298,-35.03381404700346,26.811685288389718,3.0492891508634874,derived topology (terminal positions); inferred global alignment
217313,R1-R6,R,lamina,156,2.412961928576138,62.45078194491404,4.206768231998418,derived topology (terminal positions); inferred global alignment
217391,R1-R6,R,lamina,447,-105.96914709164,20.349310325899626,4.348080357079247,derived topology (terminal positions); inferred global alignment
217396,R1-R6,R,lamina,332,-52.86955021071068,-39.568555028100334,7.15660226920532,derived topology (terminal positions); inferred global alignment
217432,R1-R6,R,lamina,419,-88.70940449412788,19.513993072522066,3.8996691583336704,derived topology (terminal positions); inferred global alignment
217437,R1-R6,R,lamina,451,-100.35481370125669,-29.60823907696604,2.320494260791096,derived topology (terminal positions); inferred global alignment
217578,R1-R6,R,lamina,633,-134.9907671660714,35.881246337275925,1.222601521476047,derived topology (terminal positions); inferred global alignment
217664,R1-R6,R,lamina,89,40.38417146904581,-55.257051433649025,33.918075787152716,derived topology (terminal positions); inferred global alignment
217776,R1-R6,R,lamina,451,-105.21691873957894,-31.68442432234288,3.683911253615358,derived topology (terminal positions); inferred global alignment
217841,R1-R6,R,lamina,267,-21.71962311068028,46.44989104426086,1.6124350440729291,derived topology (terminal positions); inferred global alignment
217917,R1-R6,R,lamina,419,-94.4861470045804,19.22674384823903,4.901030617751014,derived topology (terminal positions); inferred global alignment
217930,R1-R6,R,lamina,419,-84.58994530719865,12.829638627069238,6.929659597597739,derived topology (terminal positions); inferred global alignment
217999,R1-R6,R,lamina,500,-117.93243596411162,28.963885893579565,3.6571740248812925,derived topology (terminal positions); inferred global alignment
218044,R1-R6,R,lamina,419,-91.91798748020416,11.739547279454518,4.578243177612508,derived topology (terminal positions); inferred global alignment
218299,R1-R6,R,lamina,448,-99.17295380745793,11.046018310284245,4.223464618408646,derived topology (terminal positions); inferred global alignment
218302,R1-R6,R,lamina,421,-95.42439951368722,-10.686849629731753,6.624981653062509,derived topology (terminal positions); inferred global alignment
218503,R1-R6,R,lamina,281,-19.663983533551082,-66.65330824763595,2.9123423382912814,derived topology (terminal positions); inferred global alignment
218527,R1-R6,R,lamina,363,-59.20940066447019,-41.37811541690611,2.869011256811499,derived topology (terminal positions); inferred global alignment
218561,R1-R6,R,lamina,358,-65.14173459979337,27.1308835416402,6.699517870276914,derived topology (terminal positions); inferred global alignment
218625,R1-R6,R,lamina,447,-98.69532935136532,21.09951653218076,2.967978005281742,derived topology (terminal positions); inferred global alignment
218757,R1-R6,R,lamina,304,-38.412992212463735,-50.360360561271236,6.122364395953783,derived topology (terminal positions); inferred global alignment
218763,R1-R6,R,lamina,394,-74.45637327355733,-47.199019009093156,2.423816885574187,derived topology (terminal positions); inferred global alignment
218764,R1-R6,R,lamina,590,-130.0728019361287,45.69749086699097,0.8368023770982776,derived topology (terminal positions); inferred global alignment
218836,R1-R6,R,lamina,478,-110.99764293986374,-18.543773657139837,4.692796429721235,derived topology (terminal positions); inferred global alignment
218870,R1-R6,R,lamina,364,-56.43597566373092,-52.35765381363366,5.027019433554704,derived topology (terminal positions); inferred global alignment
218945,R1-R6,R,lamina,475,-103.98152772841004,13.837899482477006,6.224073285261692,derived topology (terminal positions); inferred global alignment
218947,R1-R6,R,lamina,447,-95.88203719494888,20.50347931993321,5.789260496247262,derived topology (terminal positions); inferred global alignment
218953,R1-R6,R,lamina,478,-106.29851765542311,-21.80557041698559,3.94661337320269,derived topology (terminal positions); inferred global alignment
219035,R1-R6,R,lamina,0,57.485491533200445,31.38484494663439,44.15104406417308,derived topology (terminal positions); inferred global alignment
219120,R1-R6,R,lamina,593,-131.75547472126001,35.27132471362022,1.9315063976551154,derived topology (terminal positions); inferred global alignment
219220,R1-R6,R,lamina,447,-96.12943145322544,23.577445016778928,6.13843745738952,derived topology (terminal positions); inferred global alignment
219269,R1-R6,R,lamina,269,-27.19455858494981,29.881405790892686,4.820721667910623,derived topology (terminal positions); inferred global alignment
219277,R1-R6,R,lamina,450,-100.1777553716345,-16.414582330617772,4.034089937042951,derived topology (terminal positions); inferred global alignment
219280,R1-R6,R,lamina,475,-108.6861323677195,15.34486439756222,3.136130808555697,derived topology (terminal positions); inferred global alignment
219321,R1-R6,R,lamina,230,-6.790932059848338,-76.592165450178,10.362225865873413,derived topology (terminal positions); inferred global alignment
219410,R1-R6,R,lamina,304,-39.2010915732438,-48.823680573833265,6.301702349514405,derived topology (terminal positions); inferred global alignment
219443,R1-R6,R,lamina,450,-96.53034831786314,-23.15881180169904,5.856501311027443,derived topology (terminal positions); inferred global alignment
219458,R1-R6,R,lamina,358,-62.50762962407396,38.17119796759069,5.468368894187182,derived topology (terminal positions); inferred global alignment
219542,R1-R6,R,lamina,478,-109.9245516964516,-24.248519905667816,1.1195977151031369,derived topology (terminal positions); inferred global alignment
219610,R1-R6,R,lamina,479,-106.50497651721614,-28.10316553124557,5.800445290724503,derived topology (terminal positions); inferred global alignment
219772,R1-R6,R,lamina,110,34.303779593158794,-56.37610117921958,28.823548625942205,derived topology (terminal positions); inferred global alignment
219913,R1-R6,R,lamina,500,-113.90748109320604,28.702375523265214,4.05282616156942,derived topology (terminal positions); inferred global alignment
219941,R1-R6,R,lamina,358,-57.826654667078614,28.34761685127273,5.795025387968818,derived topology (terminal positions); inferred global alignment
219942,R1-R6,R,lamina,418,-93.47064264952564,24.13679067376364,6.249728931423057,derived topology (terminal positions); inferred global alignment
220022,R1-R6,R,lamina,389,-75.66072827394734,25.023140913655237,1.3983078699545506,derived topology (terminal positions); inferred global alignment
220024,R1-R6,R,lamina,306,-28.079748834092157,-60.109525721964296,5.182464894976794,derived topology (terminal positions); inferred global alignment
220056,R1-R6,R,lamina,523,-122.70062376254127,38.9839066446666,1.530929630959955,derived topology (terminal positions); inferred global alignment
220079,R1-R6,R,lamina,478,-109.63819176481871,-17.961852101661943,5.184492408023322,derived topology (terminal positions); inferred global alignment
220136,R1-R6,R,lamina,419,-96.67286819663596,14.20437095829301,6.304554160018825,derived topology (terminal positions); inferred global alignment
220141,R1-R6,R,lamina,479,-110.1228508647665,-35.147845888447776,2.3966367659902628,derived topology (terminal positions); inferred global alignment
220146,R1-R6,R,lamina,342,-42.51244388901401,-75.16806460721665,3.495011460078302,derived topology (terminal positions); inferred global alignment
220199,R1-R6,R,lamina,422,-92.58540216575724,-26.66522396953523,3.0856366872901053,derived topology (terminal positions); inferred global alignment
220220,R1-R6,R,lamina,0,49.098854216350034,40.69495877541042,37.47243274151507,derived topology (terminal positions); inferred global alignment
220233,R1-R6,R,lamina,386,-79.80823380271853,51.65619189124437,3.8633656040865243,derived topology (terminal positions); inferred global alignment
220398,R1-R6,R,lamina,420,-95.60373328045036,4.578333451440806,6.474650501911772,derived topology (terminal positions); inferred global alignment
220460,R1-R6,R,lamina,474,-109.15565125654891,24.80064320847559,1.454109144248398,derived topology (terminal positions); inferred global alignment
220474,R1-R6,R,lamina,267,-26.2154576271842,50.00094115345101,4.177614288461716,derived topology (terminal positions); inferred global alignment
220491,R1-R6,R,lamina,110,39.84699293033633,-58.97416704315067,34.91894916274561,derived topology (terminal positions); inferred global alignment
220519,R1-R6,R,lamina,547,-125.32181589041704,41.40374077863153,2.1477225787543937,derived topology (terminal positions); inferred global alignment
220529,R1-R6,R,lamina,419,-92.97808035061999,16.74091337787405,2.3790755030634996,derived topology (terminal positions); inferred global alignment
220563,R1-R6,R,lamina,447,-99.50226302058526,22.496119485298536,2.6767492435084472,derived topology (terminal positions); inferred global alignment
220577,R1-R6,R,lamina,415,-94.86572149203792,54.30827641228952,4.070085362793309,derived topology (terminal positions); inferred global alignment
220652,R1-R6,R,lamina,546,-127.09185920663279,44.1691233510374,1.7672191863830187,derived topology (terminal positions); inferred global alignment
220701,R1-R6,R,lamina,295,-33.923690718936555,55.75687089134419,1.7565326945942124,derived topology (terminal positions); inferred global alignment
220731,R1-R6,R,lamina,421,-95.88527882564884,-12.630058627738837,5.881546953293313,derived topology (terminal positions); inferred global alignment
220899,R1-R6,R,lamina,447,-102.4568579597329,20.6586600709046,0.8377492436677059,derived topology (terminal positions); inferred global alignment
220908,R1-R6,R,lamina,477,-105.98401353518744,-14.23908454808481,4.67771136808699,derived topology (terminal positions); inferred global alignment
220955,R1-R6,R,lamina,299,-28.605752488461214,19.26840365328406,5.666281128815973,derived topology (terminal positions); inferred global alignment
221010,R1-R6,R,lamina,213,-8.149343552804133,39.24123698397241,0.8993505069803769,derived topology (terminal positions); inferred global alignment
221013,R1-R6,R,lamina,474,-107.47539995393134,23.6082615136683,2.6241379668136178,derived topology (terminal positions); inferred global alignment
221085,R1-R6,R,lamina,474,-107.21618562814169,19.219807875746703,5.32149247680295,derived topology (terminal positions); inferred global alignment
221134,R1-R6,R,lamina,182,-4.364697974650639,59.410965081188536,0.9476075122349134,derived topology (terminal positions); inferred global alignment
221206,R1-R6,R,lamina,449,-96.69306400107219,-5.081512866437464,5.208518373978251,derived topology (terminal positions); inferred global alignment
221284,R1-R6,R,lamina,477,-111.8378642291017,-11.247568900263733,1.9209853236578887,derived topology (terminal positions); inferred global alignment
221298,R1-R6,R,lamina,395,-74.65135641169526,-50.937996896539886,3.762010852311922,derived topology (terminal positions); inferred global alignment
221343,R1-R6,R,lamina,451,-99.67880200461691,-31.959444991856657,1.8882253584629727,derived topology (terminal positions); inferred global alignment
221368,R1-R6,R,lamina,423,-86.06569637118538,-37.35226870357037,5.134316747509101,derived topology (terminal positions); inferred global alignment
221491,R1-R6,R,lamina,333,-50.8867878695579,-46.49049968467792,4.687144698457386,derived topology (terminal positions); inferred global alignment
221530,R1-R6,R,lamina,447,-102.89943690418869,24.932935552377185,4.212111609994444,derived topology (terminal positions); inferred global alignment
221558,R1-R6,R,lamina,257,-13.827061229807278,-73.44976237536855,3.756821010121973,derived topology (terminal positions); inferred global alignment
221575,R1-R6,R,lamina,89,51.438184755408614,-60.35036403987062,46.07165860980408,derived topology (terminal positions); inferred global alignment
221586,R1-R6,R,lamina,285,-19.334975657629293,-72.31856606656336,3.2361387247225055,derived topology (terminal positions); inferred global alignment
221590,R1-R6,R,lamina,328,-44.304202468864126,30.635668027634402,5.886068263556912,derived topology (terminal positions); inferred global alignment
221670,R1-R6,R,lamina,69,45.37984895624186,-50.47995010585978,36.968687214612224,derived topology (terminal positions); inferred global alignment
221775,R1-R6,R,lamina,0,58.04347550116347,35.000127943829625,45.017001674792844,derived topology (terminal positions); inferred global alignment
221825,R1-R6,R,lamina,448,-104.3263465167428,12.205975762556259,5.325197126536186,derived topology (terminal positions); inferred global alignment
221856,R1-R6,R,lamina,478,-110.75869595471839,-26.01470668803611,2.9764197686440754,derived topology (terminal positions); inferred global alignment
221858,R1-R6,R,lamina,364,-63.012813811211835,-50.419614201375055,1.9305964519488334,derived topology (terminal positions); inferred global alignment
221973,R1-R6,R,lamina,419,-85.52739937798891,21.685492001087862,7.561959815136632,derived topology (terminal positions); inferred global alignment
221995,R1-R6,R,lamina,300,-35.51657640962531,4.697566310609659,4.774956430492931,derived topology (terminal positions); inferred global alignment
222071,R1-R6,R,lamina,500,-114.45446706280819,26.393098725368656,2.2043877268297214,derived topology (terminal positions); inferred global alignment
222085,R1-R6,R,lamina,256,-15.088124459024783,-68.74873299675868,0.6853083767278754,derived topology (terminal positions); inferred global alignment
222200,R1-R6,R,lamina,420,-94.91178009755642,-3.3814244773520925,5.8023976978662315,derived topology (terminal positions); inferred global alignment
222230,R1-R6,R,lamina,0,41.91668669073714,38.809456067077704,30.05868113583153,derived topology (terminal positions); inferred global alignment
222286,R1-R6,R,lamina,479,-112.81454484524303,-33.09839932014564,2.866765859030678,derived topology (terminal positions); inferred global alignment
222446,R1-R6,R,lamina,447,-100.3821864269543,16.648012309166067,4.446865731783653,derived topology (terminal positions); inferred global alignment
222510,R1-R6,R,lamina,524,-121.2312626511891,35.06788338971914,1.307339419585664,derived topology (terminal positions); inferred global alignment
222546,R1-R6,R,lamina,269,-24.884654870947877,28.56535987572966,3.757283320574218,derived topology (terminal positions); inferred global alignment
222625,R1-R6,R,lamina,363,-67.06523380174545,-45.261144592666476,6.001791708561471,derived topology (terminal positions); inferred global alignment
222665,R1-R6,R,lamina,364,-65.39496763718317,-51.68939407092009,4.021615206706754,derived topology (terminal positions); inferred global alignment
222669,R1-R6,R,lamina,285,-21.238049591467387,-74.78117712817841,2.352658646730149,derived topology (terminal positions); inferred global alignment
222683,R1-R6,R,lamina,110,36.05757732654834,-57.41478329035544,30.824329109638885,derived topology (terminal positions); inferred global alignment
222714,R1-R6,R,lamina,257,-16.81233084482666,-70.3785951114016,2.286235306988642,derived topology (terminal positions); inferred global alignment
222845,R1-R6,R,lamina,336,-41.1060228756987,-62.38637664964253,5.0669629795847015,derived topology (terminal positions); inferred global alignment
222991,R1-R6,R,lamina,298,-29.72654620362102,26.02066625056033,4.692583264541233,derived topology (terminal positions); inferred global alignment
223138,R1-R6,R,lamina,51,42.75171412443629,50.43760024365464,34.30868354163515,derived topology (terminal positions); inferred global alignment
223187,R1-R6,R,lamina,478,-107.46458932310655,-25.02233128835415,3.174484385455251,derived topology (terminal positions); inferred global alignment
223227,R1-R6,R,lamina,450,-101.73634995650525,-23.58736629427141,3.3945894801517698,derived topology (terminal positions); inferred global alignment
225270,R1-R6,R,lamina,364,-61.07916246183511,-48.35335848921779,3.111708880184958,derived topology (terminal positions); inferred global alignment
225536,R1-R6,R,lamina,363,-61.387310927713955,-38.45158287831971,4.742512570910546,derived topology (terminal positions); inferred global alignment
225548,R1-R6,R,lamina,449,-98.0020707481917,-12.570999536732584,6.797580350572528,derived topology (terminal positions); inferred global alignment
225553,R1-R6,R,lamina,477,-106.43520164233394,-15.831740173555202,5.336638542297412,derived topology (terminal positions); inferred global alignment
225677,R1-R6,R,lamina,156,1.6908240214103927,60.40659839971138,2.2801525126576183,derived topology (terminal positions); inferred global alignment
225718,R1-R6,R,lamina,89,47.85701278397981,-57.56253707192067,41.72283222709867,derived topology (terminal positions); inferred global alignment
225763,R1-R6,R,lamina,450,-101.39413939360615,-20.800462369378703,0.6328017096778314,derived topology (terminal positions); inferred global alignment
225973,R1-R6,R,lamina,449,-98.64877692770253,-12.677257146189188,6.572560971598744,derived topology (terminal positions); inferred global alignment
225983,R1-R6,R,lamina,450,-100.80903268129117,-17.90540846860126,2.4178455160718317,derived topology (terminal positions); inferred global alignment
226131,R1-R6,R,lamina,270,-28.69816823178111,22.084964480107125,6.194126621419724,derived topology (terminal positions); inferred global alignment
226294,R1-R6,R,lamina,475,-111.70777215911119,8.79096821615548,4.08234402389507,derived topology (terminal positions); inferred global alignment
226350,R1-R6,R,lamina,475,-107.81721130801061,11.937070679046258,2.325695558396173,derived topology (terminal positions); inferred global alignment
226351,R1-R6,R,lamina,333,-43.58743349610123,-48.17561718389181,3.1207010106139683,derived topology (terminal positions); inferred global alignment
226450,R1-R6,R,lamina,363,-54.768788889250565,-42.63652749713493,6.685184882578394,derived topology (terminal positions); inferred global alignment
226498,R1-R6,R,lamina,422,-91.69246436980876,-27.639605872189655,1.764480093541596,derived topology (terminal positions); inferred global alignment
226703,R1-R6,R,lamina,132,43.653049609387935,-71.4423593473718,43.686248877255366,derived topology (terminal positions); inferred global alignment
226877,R1-R6,R,lamina,450,-98.99407904332054,-14.208076125242266,6.523595352812455,derived topology (terminal positions); inferred global alignment
226914,R1-R6,R,lamina,448,-105.47596720334735,7.988069158107677,3.861932838449045,derived topology (terminal positions); inferred global alignment
226980,R1-R6,R,lamina,389,-73.02228738777225,25.109518993729743,4.002780607163815,derived topology (terminal positions); inferred global alignment
227003,R1-R6,R,lamina,447,-101.96456473924255,20.061141863258495,0.9011136858353652,derived topology (terminal positions); inferred global alignment
227022,R1-R6,R,lamina,478,-113.3218662211226,-21.130882091887983,3.8652377705323424,derived topology (terminal positions); inferred global alignment
227063,R1-R6,R,lamina,478,-110.63184502984089,-25.956135323760872,2.890049718187001,derived topology (terminal positions); inferred global alignment
227155,R1-R6,R,lamina,447,-95.58209234698603,21.7212161496031,6.129204140678007,derived topology (terminal positions); inferred global alignment
227247,R1-R6,R,lamina,449,-102.47986589794007,-7.450847771653269,1.0839179736941784,derived topology (terminal positions); inferred global alignment
227264,R1-R6,R,lamina,420,-96.54933234481055,-0.5430682109282193,6.051216517337933,derived topology (terminal positions); inferred global alignment
227270,R1-R6,R,lamina,449,-102.53473315319866,-8.45520428833856,1.8903676227411264,derived topology (terminal positions); inferred global alignment
227338,R1-R6,R,lamina,386,-78.01535383110391,51.64545788374296,2.916359334412511,derived topology (terminal positions); inferred global alignment
227397,R1-R6,R,lamina,631,-143.81020022177034,47.02545490526316,9.727889231228792,derived topology (terminal positions); inferred global alignment
227444,R1-R6,R,lamina,475,-110.57556193849935,15.753160063303447,3.2643243936933906,derived topology (terminal positions); inferred global alignment
227449,R1-R6,R,lamina,448,-103.25225119755137,7.543997190577894,1.6213588498463765,derived topology (terminal positions); inferred global alignment
227523,R1-R6,R,lamina,447,-102.40732730143924,22.520129039357307,1.7779577402272224,derived topology (terminal positions); inferred global alignment
227548,R1-R6,R,lamina,450,-97.77250656834637,-20.427546762240038,3.816783699973971,derived topology (terminal positions); inferred global alignment
227615,R1-R6,R,lamina,448,-100.17486498755842,8.447308976562285,1.6796265817063076,derived topology (terminal positions); inferred global alignment
227733,R1-R6,R,lamina,305,-39.450757523727624,-50.78746181237982,7.043794125186726,derived topology (terminal positions); inferred global alignment
227738,R1-R6,R,lamina,241,-14.044521282974912,29.772421731388505,2.9305046751633923,derived topology (terminal positions); inferred global alignment
227890,R1-R6,R,lamina,525,-120.89341817859423,23.877959952410258,2.88135778989961,derived topology (terminal positions); inferred global alignment
227936,R1-R6,R,lamina,281,-21.00215627945181,-67.1890156774299,1.7941136374908715,derived topology (terminal positions); inferred global alignment
228072,R1-R6,R,lamina,328,-48.192523484079516,30.775202766116458,5.975787180079687,derived topology (terminal positions); inferred global alignment
228104,R1-R6,R,lamina,448,-100.22991590130268,8.99508833025871,1.9693536671021874,derived topology (terminal positions); inferred global alignment
228116,R1-R6,R,lamina,478,-107.15818686541627,-23.59700278218323,2.894642187862342,derived topology (terminal positions); inferred global alignment
228238,R1-R6,R,lamina,448,-101.16669563840172,6.414719933862006,1.2851042657822789,derived topology (terminal positions); inferred global alignment
228312,R1-R6,R,lamina,419,-85.53013531674974,16.20587873756037,5.144873904291179,derived topology (terminal positions); inferred global alignment
228322,R1-R6,R,lamina,448,-99.75286307841452,9.818660463332535,2.898205221015553,derived topology (terminal positions); inferred global alignment
228366,R1-R6,R,lamina,327,-48.80405240992139,37.09895052337705,2.532398050431326,derived topology (terminal positions); inferred global alignment
228393,R1-R6,R,lamina,332,-51.55869092571126,-39.60778497146333,5.978532897500693,derived topology (terminal positions); inferred global alignment
228464,R1-R6,R,lamina,477,-104.69904783169186,-12.048793308338048,5.3285272925068625,derived topology (terminal positions); inferred global alignment
228514,R1-R6,R,lamina,450,-103.69419455942695,-17.287869293157136,3.5943038285595468,derived topology (terminal positions); inferred global alignment
228647,R1-R6,R,lamina,505,-114.78825332305752,-23.805006790131735,2.1178759774551925,derived topology (terminal positions); inferred global alignment
228686,R1-R6,R,lamina,333,-53.60060019566286,-44.713666706413846,7.606063293341645,derived topology (terminal positions); inferred global alignment
228729,R1-R6,R,lamina,16,41.57827226347926,41.65044998939681,30.501846565684097,derived topology (terminal positions); inferred global alignment
228744,R1-R6,R,lamina,478,-108.10717388648473,-19.586334000992462,4.027051198625241,derived topology (terminal positions); inferred global alignment
228837,R1-R6,R,lamina,448,-96.49526200523346,7.347142333643128,5.143926784578468,derived topology (terminal positions); inferred global alignment
228852,R1-R6,R,lamina,501,-113.98460259794624,19.954875247405372,4.535189302496383,derived topology (terminal positions); inferred global alignment
228999,R1-R6,R,lamina,363,-62.381120373547716,-46.43809597024611,3.380551631312149,derived topology (terminal positions); inferred global alignment
229030,R1-R6,R,lamina,215,-11.739143117897434,27.50542464463815,3.9095658997935385,derived topology (terminal positions); inferred global alignment
229141,R1-R6,R,lamina,420,-90.15533981450646,5.715503719994828,5.247115074278812,derived topology (terminal positions); inferred global alignment
229215,R1-R6,R,lamina,358,-61.88051785664745,28.163329292335593,4.635464881095249,derived topology (terminal positions); inferred global alignment
229216,R1-R6,R,lamina,298,-31.8496846211683,24.485573772081707,4.910941784936301,derived topology (terminal positions); inferred global alignment
229346,R1-R6,R,lamina,478,-109.32684069122129,-21.529593922475605,1.7446146410252483,derived topology (terminal positions); inferred global alignment
229397,R1-R6,R,lamina,448,-102.44031303280681,8.773887548417266,1.4147968046421757,derived topology (terminal positions); inferred global alignment
229503,R1-R6,R,lamina,475,-108.13168498692691,17.92873430322456,5.736059094684955,derived topology (terminal positions); inferred global alignment
229612,R1-R6,R,lamina,610,-138.29660978838803,52.079907055350986,6.981218930865759,derived topology (terminal positions); inferred global alignment
229757,R1-R6,R,lamina,306,-30.231153999301846,-58.79761920111853,2.795410132082604,derived topology (terminal positions); inferred global alignment
229798,R1-R6,R,lamina,304,-39.12511228804249,-44.12128765021727,6.874802656870709,derived topology (terminal positions); inferred global alignment
229898,R1-R6,R,lamina,299,-29.29145130171797,20.742175739839087,6.206197195742443,derived topology (terminal positions); inferred global alignment
229984,R1-R6,R,lamina,424,-85.0400272236031,-51.19689761404178,6.26911368216693,derived topology (terminal positions); inferred global alignment
230004,R1-R6,R,lamina,324,-52.5948826763383,60.255489712928956,6.26390385637271,derived topology (terminal positions); inferred global alignment
230080,R1-R6,R,lamina,279,-24.63388949420176,-60.11901738388615,2.2091592558837436,derived topology (terminal positions); inferred global alignment
230162,R1-R6,R,lamina,450,-104.69496812239109,-15.545383314044685,5.5963952950198035,derived topology (terminal positions); inferred global alignment
230194,R1-R6,R,lamina,230,-9.308370604554739,-71.36823491679944,5.037909190421802,derived topology (terminal positions); inferred global alignment
230216,R1-R6,R,lamina,475,-113.24853456942344,12.613590377442021,3.1832921719735956,derived topology (terminal positions); inferred global alignment
230223,R1-R6,R,lamina,478,-109.1327400763965,-19.18695031993946,4.043166283655699,derived topology (terminal positions); inferred global alignment
230232,R1-R6,R,lamina,89,50.155504360032864,-56.728394107741366,43.61479762413068,derived topology (terminal positions); inferred global alignment
230271,R1-R6,R,lamina,332,-45.267880998312656,-40.54565575411282,3.7759638276526486,derived topology (terminal positions); inferred global alignment
230323,R1-R6,R,lamina,358,-61.31602850763744,35.85814161103437,3.080052100776598,derived topology (terminal positions); inferred global alignment
230349,R1-R6,R,lamina,474,-108.77272316330422,22.841644033550466,1.5754901591956736,derived topology (terminal positions); inferred global alignment
230379,R1-R6,R,lamina,363,-64.90499794034794,-47.1741309127296,5.283277447682879,derived topology (terminal positions); inferred global alignment
230655,R1-R6,R,lamina,478,-106.85006818222601,-26.36386331731498,4.523263803603118,derived topology (terminal positions); inferred global alignment
230859,R1-R6,R,lamina,419,-87.95002661119389,13.456762894712417,3.82807461172705,derived topology (terminal positions); inferred global alignment
231160,R1-R6,R,lamina,133,8.546361174028831,60.17984501835507,7.657649883522253,derived topology (terminal positions); inferred global alignment
231164,R1-R6,R,lamina,363,-54.59222092940779,-43.951181356883694,6.880279902303813,derived topology (terminal positions); inferred global alignment
231173,R1-R6,R,lamina,475,-109.52477401066722,7.4001420414105095,5.157169258977126,derived topology (terminal positions); inferred global alignment
231175,R1-R6,R,lamina,448,-99.02487974168474,7.2911906319799655,2.6271821791047674,derived topology (terminal positions); inferred global alignment
231238,R1-R6,R,lamina,449,-96.24527276456377,-8.339069807360644,5.576096189585446,derived topology (terminal positions); inferred global alignment
231252,R1-R6,R,lamina,474,-113.29008037159912,22.285591804474034,3.4885713224563415,derived topology (terminal positions); inferred global alignment
231340,R1-R6,R,lamina,447,-101.4725956031061,17.445380603228347,3.467724147067529,derived topology (terminal positions); inferred global alignment
231342,R1-R6,R,lamina,477,-110.81175992132744,-13.242049902473967,1.570417609543263,derived topology (terminal positions); inferred global alignment
231397,R1-R6,R,lamina,385,-69.57408820627113,59.99277237537395,7.623787083080179,derived topology (terminal positions); inferred global alignment
231700,R1-R6,R,lamina,298,-39.65869204178399,29.54017181624506,6.505546352585604,derived topology (terminal positions); inferred global alignment
231708,R1-R6,R,lamina,389,-76.723700132454,24.05545697095692,1.3404129189211653,derived topology (terminal positions); inferred global alignment
231722,R1-R6,R,lamina,183,-4.96650411189178,55.190738461274826,1.2172835930937795,derived topology (terminal positions); inferred global alignment
231740,R1-R6,R,lamina,299,-30.142024791094308,19.98287257705715,5.08657973153051,derived topology (terminal positions); inferred global alignment
231741,R1-R6,R,lamina,364,-59.34810455008,-48.94253999572153,3.2280106000806907,derived topology (terminal positions); inferred global alignment
231762,R1-R6,R,lamina,422,-87.67684346832198,-24.94406407118532,4.955250871203699,derived topology (terminal positions); inferred global alignment
231849,R1-R6,R,lamina,448,-103.51278738729695,6.1556372349864565,2.37876458605269,derived topology (terminal positions); inferred global alignment
231906,R1-R6,R,lamina,420,-95.19155377117798,-3.551979544435507,6.124929455261704,derived topology (terminal positions); inferred global alignment
231972,R1-R6,R,lamina,363,-60.9347705915139,-45.870206556313114,2.7218701633576443,derived topology (terminal positions); inferred global alignment
232088,R1-R6,R,lamina,449,-101.13647016838124,-10.75337698209475,3.973245426951249,derived topology (terminal positions); inferred global alignment
232191,R1-R6,R,lamina,447,-100.34791830368607,16.42462613505448,4.670803006292115,derived topology (terminal positions); inferred global alignment
232251,R1-R6,R,lamina,159,-1.9890582329342692,50.39719300742403,1.8983007233025802,derived topology (terminal positions); inferred global alignment
232304,R1-R6,R,lamina,363,-53.49175097554766,-41.11199209107264,8.207387623490852,derived topology (terminal positions); inferred global alignment
232332,R1-R6,R,lamina,332,-41.691714998035664,-31.832281992270183,6.7996203793705785,derived topology (terminal positions); inferred global alignment
232444,R1-R6,R,lamina,414,-88.91221031586116,58.13388457945471,2.3273221568708737,derived topology (terminal positions); inferred global alignment
232463,R1-R6,R,lamina,363,-57.08214114230792,-46.23929857545075,5.3089000464228455,derived topology (terminal positions); inferred global alignment
232502,R1-R6,R,lamina,449,-99.37278901442139,-5.673435483340436,2.505897754919782,derived topology (terminal positions); inferred global alignment
232670,R1-R6,R,lamina,449,-97.27776298085155,-2.074625205612663,6.414731501738672,derived topology (terminal positions); inferred global alignment
232800,R1-R6,R,lamina,299,-31.764689496633725,17.324018058208633,1.9996397635309915,derived topology (terminal positions); inferred global alignment
232820,R1-R6,R,lamina,448,-102.51662658153089,9.728417891423078,2.29326989323261,derived topology (terminal positions); inferred global alignment
232843,R1-R6,R,lamina,299,-39.922998638986904,15.249179750162387,6.80645058557151,derived topology (terminal positions); inferred global alignment
232860,R1-R6,R,lamina,449,-100.33102685973319,-8.709821330122042,2.2901646994589733,derived topology (terminal positions); inferred global alignment
233126,R1-R6,R,lamina,270,-22.501500228192647,23.142276382948353,2.669638907145933,derived topology (terminal positions); inferred global alignment
233196,R1-R6,R,lamina,300,-34.58971500887483,6.487014238398436,6.1024141666171445,derived topology (terminal positions); inferred global alignment
233330,R1-R6,R,lamina,419,-89.5410247134439,8.833670184622385,7.399414461885258,derived topology (terminal positions); inferred global alignment
233451,R1-R6,R,lamina,364,-65.1924224679733,-47.80544213180519,5.274195126824403,derived topology (terminal positions); inferred global alignment
233549,R1-R6,R,lamina,570,-127.31227272546828,39.4651535826816,1.395968170127483,derived topology (terminal positions); inferred global alignment
233556,R1-R6,R,lamina,505,-115.11377995296407,-22.88724552284215,2.615543946149405,derived topology (terminal positions); inferred global alignment
233651,R1-R6,R,lamina,230,-4.607778989520831,-73.79110469849859,8.401346440766376,derived topology (terminal positions); inferred global alignment
233788,R1-R6,R,lamina,269,-21.636364056605437,35.03171244031658,3.572001687410031,derived topology (terminal positions); inferred global alignment
233819,R1-R6,R,lamina,450,-101.01696490464731,-19.15094418548414,1.1884000267957302,derived topology (terminal positions); inferred global alignment
233991,R1-R6,R,lamina,420,-92.95179032453188,1.593437536353616,2.611858858814701,derived topology (terminal positions); inferred global alignment
234033,R1-R6,R,lamina,257,-17.508645066457404,-72.00592965440774,3.660026579578911,derived topology (terminal positions); inferred global alignment
234097,R1-R6,R,lamina,478,-108.3466347285993,-18.777140944898346,4.664188970466334,derived topology (terminal positions); inferred global alignment
234341,R1-R6,R,lamina,356,-67.56471170721355,50.73469446996838,6.082801729780649,derived topology (terminal positions); inferred global alignment
234351,R1-R6,R,lamina,448,-97.759228142354,5.592503510088755,4.368222324932122,derived topology (terminal positions); inferred global alignment
234381,R1-R6,R,lamina,589,-131.7843578921428,48.44952186178999,0.9280658820531191,derived topology (terminal positions); inferred global alignment
234388,R1-R6,R,lamina,449,-97.5255560112681,-9.185195653342875,4.723285161505055,derived topology (terminal positions); inferred global alignment
234409,R1-R6,R,lamina,299,-38.03597051509584,11.202301310437244,6.765771159408596,derived topology (terminal positions); inferred global alignment
234456,R1-R6,R,lamina,477,-109.54585774111183,-10.075175225970748,1.8701723826019383,derived topology (terminal positions); inferred global alignment
234462,R1-R6,R,lamina,478,-108.98600356860706,-20.319662590663985,2.995361129045537,derived topology (terminal positions); inferred global alignment
234473,R1-R6,R,lamina,299,-29.65552351734904,14.369117583271297,3.8022413489225,derived topology (terminal positions); inferred global alignment
234601,R1-R6,R,lamina,547,-125.73818886210702,38.779693597339914,0.6317705101403044,derived topology (terminal positions); inferred global alignment
234698,R1-R6,R,lamina,501,-115.2299995300825,15.704025555635736,1.345545079431269,derived topology (terminal positions); inferred global alignment
234733,R1-R6,R,lamina,477,-106.30708980306915,-12.913591162600737,3.8581172359489004,derived topology (terminal positions); inferred global alignment
234745,R1-R6,R,lamina,450,-102.91626365379682,-20.329672070719493,1.3406397578157223,derived topology (terminal positions); inferred global alignment
234804,R1-R6,R,lamina,239,-15.127359338269649,46.43414185750473,0.512580108330681,derived topology (terminal positions); inferred global alignment
234815,R1-R6,R,lamina,474,-113.23783816734368,23.752967190017383,3.1402459880461127,derived topology (terminal positions); inferred global alignment
234884,R1-R6,R,lamina,364,-66.24498321481416,-49.7314944236349,5.159303038506411,derived topology (terminal positions); inferred global alignment
234990,R1-R6,R,lamina,299,-32.48261889441756,15.058924403127168,1.053640520907442,derived topology (terminal positions); inferred global alignment
235167,R1-R6,R,lamina,449,-98.2327106329451,-7.544006623817439,3.4536834814867237,derived topology (terminal positions); inferred global alignment
235374,R1-R6,R,lamina,331,-43.596758332991485,-26.81589291104289,3.798747222828017,derived topology (terminal positions); inferred global alignment
235381,R1-R6,R,lamina,500,-117.56834489967252,24.542825592750997,1.4928483762012397,derived topology (terminal positions); inferred global alignment
235419,R1-R6,R,lamina,447,-102.70396094500344,16.78539744672913,4.253618859484242,derived topology (terminal positions); inferred global alignment
235514,R1-R6,R,lamina,268,-26.033855325275248,40.273037303766166,3.331267357164912,derived topology (terminal positions); inferred global alignment
235593,R1-R6,R,lamina,424,-83.75523521122722,-48.49735547979911,6.7668334613703465,derived topology (terminal positions); inferred global alignment
235624,R1-R6,R,lamina,333,-46.33670672415156,-45.75267487463585,0.7286432548105294,derived topology (terminal positions); inferred global alignment
235625,R1-R6,R,lamina,295,-29.770687119381357,52.803248158746136,3.668835163545354,derived topology (terminal positions); inferred global alignment
235657,R1-R6,R,lamina,505,-116.34258451390926,-27.975729409858076,2.8252881292478773,derived topology (terminal positions); inferred global alignment
235662,R1-R6,R,lamina,419,-84.56543570935798,19.31463691046223,6.882191989181591,derived topology (terminal positions); inferred global alignment
235886,R1-R6,R,lamina,299,-36.51216971675927,17.148028923380213,3.5981942130754554,derived topology (terminal positions); inferred global alignment
235956,R1-R6,R,lamina,421,-97.24979515776258,-14.202621410764433,6.713991901734861,derived topology (terminal positions); inferred global alignment
236135,R1-R6,R,lamina,298,-33.86564662962991,27.17659716117241,2.159719240662448,derived topology (terminal positions); inferred global alignment
236155,R1-R6,R,lamina,389,-68.99180904886899,24.5300753195306,8.068348483288638,derived topology (terminal positions); inferred global alignment
236312,R1-R6,R,lamina,364,-54.154272309196564,-51.875009493544724,7.2386465582082655,derived topology (terminal positions); inferred global alignment
236314,R1-R6,R,lamina,363,-67.90926655320638,-42.583929791493205,6.507219635145997,derived topology (terminal positions); inferred global alignment
236349,R1-R6,R,lamina,448,-94.65069315017081,9.694975287957403,7.285609848361106,derived topology (terminal positions); inferred global alignment
236356,R1-R6,R,lamina,449,-102.92696212662008,-7.151098463336548,1.3637210054021802,derived topology (terminal positions); inferred global alignment
236405,R1-R6,R,lamina,209,-6.200337305459158,57.03553276043374,2.511107397395906,derived topology (terminal positions); inferred global alignment
236508,R1-R6,R,lamina,447,-99.00703031932429,15.830632099456324,5.727534864171886,derived topology (terminal positions); inferred global alignment
236556,R1-R6,R,lamina,419,-96.68463039437665,17.049393544273137,6.077530890731967,derived topology (terminal positions); inferred global alignment
236625,R1-R6,R,lamina,90,26.35123028719927,57.08841111873322,21.604042789423197,derived topology (terminal positions); inferred global alignment
236649,R1-R6,R,lamina,111,14.66327043267303,54.8608999969694,10.196071825499525,derived topology (terminal positions); inferred global alignment
236651,R1-R6,R,lamina,299,-32.85918606601025,8.983010161793029,6.900741032394914,derived topology (terminal positions); inferred global alignment
236675,R1-R6,R,lamina,501,-113.53426407170264,14.305048321515006,3.497913007000552,derived topology (terminal positions); inferred global alignment
236740,R1-R6,R,lamina,478,-105.60645407890533,-22.863443113951398,4.417089002385701,derived topology (terminal positions); inferred global alignment
236768,R1-R6,R,lamina,449,-95.50257541730235,-4.357274187676739,6.578110125655471,derived topology (terminal positions); inferred global alignment
236789,R1-R6,R,lamina,389,-81.22307881920585,20.3964669117424,6.508555701831419,derived topology (terminal positions); inferred global alignment
236798,R1-R6,R,lamina,448,-100.43953043136472,6.413061291590776,1.6915788606490714,derived topology (terminal positions); inferred global alignment
236951,R1-R6,R,lamina,264,-24.93891356527788,60.4573450496695,2.375138682954006,derived topology (terminal positions); inferred global alignment
236958,R1-R6,R,lamina,339,-40.94999184892126,-70.0435941638329,5.1856008567578264,derived topology (terminal positions); inferred global alignment
237058,R1-R6,R,lamina,0,53.470190330015356,38.26325045182997,41.06540805454325,derived topology (terminal positions); inferred global alignment
237221,R1-R6,R,lamina,475,-109.92733674145322,16.93631386799642,4.409712699765805,derived topology (terminal positions); inferred global alignment
237247,R1-R6,R,lamina,525,-121.08444678909262,22.730060251147886,3.993824541347275,derived topology (terminal positions); inferred global alignment
237355,R1-R6,R,lamina,395,-82.18943785617029,-53.42177397970339,5.3927095341798745,derived topology (terminal positions); inferred global alignment
237376,R1-R6,R,lamina,448,-98.76873707608726,3.3561133667283025,5.130011460878947,derived topology (terminal positions); inferred global alignment
237500,R1-R6,R,lamina,447,-104.9865179423823,16.024629007492454,5.910496965830335,derived topology (terminal positions); inferred global alignment
237524,R1-R6,R,lamina,449,-101.82349918742206,-4.175636125734913,2.641345614011908,derived topology (terminal positions); inferred global alignment
237820,R1-R6,R,lamina,594,-129.6884484506184,29.617108256401192,1.6104946711830888,derived topology (terminal positions); inferred global alignment
237943,R1-R6,R,lamina,89,44.77796150200592,-57.11362572483044,38.686080032469484,derived topology (terminal positions); inferred global alignment
238018,R1-R6,R,lamina,420,-91.78113752292643,0.9449037399267362,1.2799116387521408,derived topology (terminal positions); inferred global alignment
238379,R1-R6,R,lamina,526,-120.14250052819958,21.32146985732917,3.007074772015526,derived topology (terminal positions); inferred global alignment
238382,R1-R6,R,lamina,420,-94.34986331789321,0.23495713993269923,3.771955206910674,derived topology (terminal positions); inferred global alignment
238485,R1-R6,R,lamina,328,-40.53030991867685,21.87339119170455,6.622972953531045,derived topology (terminal positions); inferred global alignment
238565,R1-R6,R,lamina,450,-104.9666800828166,-16.552518422257567,4.973041999316314,derived topology (terminal positions); inferred global alignment
238602,R1-R6,R,lamina,420,-94.4163011944748,5.790845652172986,6.542876874225323,derived topology (terminal positions); inferred global alignment
238687,R1-R6,R,lamina,477,-111.30134523857528,-9.580996315572744,2.6321036437808023,derived topology (terminal positions); inferred global alignment
238701,R1-R6,R,lamina,242,-17.81019241950891,27.878442915612855,5.565934795568798,derived topology (terminal positions); inferred global alignment
238773,R1-R6,R,lamina,504,-114.33119407358392,-15.841536790345907,2.115119373396667,derived topology (terminal positions); inferred global alignment
238844,R1-R6,R,lamina,590,-130.26977679995068,46.981751857048565,1.4962873236461192,derived topology (terminal positions); inferred global alignment
238908,R1-R6,R,lamina,420,-93.3657446074826,-1.6033425696924033,3.4772490030893315,derived topology (terminal positions); inferred global alignment
238982,R1-R6,R,lamina,502,-112.87693387591082,7.2137463449310095,3.8854004495558203,derived topology (terminal positions); inferred global alignment
239038,R1-R6,R,lamina,474,-107.60399621833659,18.38638522824732,5.863842116193591,derived topology (terminal positions); inferred global alignment
239111,R1-R6,R,lamina,299,-35.45695893799771,11.66345971000401,4.806546641464592,derived topology (terminal positions); inferred global alignment
239455,R1-R6,R,lamina,110,50.092000061899824,-68.01482591475141,47.916149402414064,derived topology (terminal positions); inferred global alignment
239494,R1-R6,R,lamina,500,-117.06600168571157,23.687654851697864,1.9869010363906112,derived topology (terminal positions); inferred global alignment
239568,R1-R6,R,lamina,298,-28.216950695955532,25.09700240084389,6.436524310390332,derived topology (terminal positions); inferred global alignment
239681,R1-R6,R,lamina,281,-27.37813470446138,-66.53611223412473,4.8312987399771155,derived topology (terminal positions); inferred global alignment
239816,R1-R6,R,lamina,322,-46.695119241141995,66.2366492651879,0.33552983444132883,derived topology (terminal positions); inferred global alignment
239862,R1-R6,R,lamina,264,-23.911258733875094,60.51286518846922,1.4284233270483477,derived topology (terminal positions); inferred global alignment
239884,R1-R6,R,lamina,362,-55.42201607943401,-37.122416201946166,7.962117451416742,derived topology (terminal positions); inferred global alignment
240208,R1-R6,R,lamina,0,49.3641220900258,36.35347199713539,36.65599631687322,derived topology (terminal positions); inferred global alignment
240340,R1-R6,R,lamina,477,-109.0077314776515,-12.722983363833052,1.3192847274347586,derived topology (terminal positions); inferred global alignment
240901,R1-R6,R,lamina,525,-121.76093566741291,28.073564036256492,1.4042001297430249,derived topology (terminal positions); inferred global alignment
240903,R1-R6,R,lamina,475,-108.37630709484735,12.897763356235393,1.7298722876443569,derived topology (terminal positions); inferred global alignment
241034,R1-R6,R,lamina,501,-116.37638438447343,19.014148616673634,2.8415815874052877,derived topology (terminal positions); inferred global alignment
241081,R1-R6,R,lamina,332,-45.67268458728424,-35.6765293394949,1.3400743353791538,derived topology (terminal positions); inferred global alignment
241176,R1-R6,R,lamina,110,52.117821815615216,-65.80035704597567,48.84224778577733,derived topology (terminal positions); inferred global alignment
241339,R1-R6,R,lamina,386,-74.95714818588145,53.50950872086342,2.331027955718531,derived topology (terminal positions); inferred global alignment
241524,R1-R6,R,lamina,309,-28.68918339571215,-67.83218924871797,4.264827396457074,derived topology (terminal positions); inferred global alignment
241777,R1-R6,R,lamina,332,-50.80109720467338,-31.64527468102191,6.959852619736855,derived topology (terminal positions); inferred global alignment
241990,R1-R6,R,lamina,449,-98.07963579207606,-1.226797492936439,6.6025609736568,derived topology (terminal positions); inferred global alignment
242034,R1-R6,R,lamina,155,22.830576750435725,-66.21917642167917,23.10776502799566,derived topology (terminal positions); inferred global alignment
242049,R1-R6,R,lamina,477,-110.0080220503684,-7.684022739870639,4.198940671123167,derived topology (terminal positions); inferred global alignment
242052,R1-R6,R,lamina,357,-56.323352732480885,38.40308799070826,7.597847698497704,derived topology (terminal positions); inferred global alignment
242123,R1-R6,R,lamina,413,-88.05071530186959,62.701338333078134,2.8547112543312068,derived topology (terminal positions); inferred global alignment
242172,R1-R6,R,lamina,420,-94.51164907992779,3.812946143767132,5.145516068597043,derived topology (terminal positions); inferred global alignment
242204,R1-R6,R,lamina,449,-100.80521704837952,-1.6535013989960328,5.216596467343465,derived topology (terminal positions); inferred global alignment
242591,R1-R6,R,lamina,303,-36.12699390815132,-41.33363730244738,3.802013473683161,derived topology (terminal positions); inferred global alignment
242604,R1-R6,R,lamina,448,-100.26827412634654,4.912062596760518,3.0253955200513687,derived topology (terminal positions); inferred global alignment
243109,R1-R6,R,lamina,230,-2.69478773647608,-73.34755755732266,9.112558467537195,derived topology (terminal positions); inferred global alignment
243194,R1-R6,R,lamina,420,-90.03408673755135,-1.228259342927383,1.8011094736963806,derived topology (terminal positions); inferred global alignment
243317,R1-R6,R,lamina,449,-98.46586589029872,-2.1227996333965145,5.640857656772929,derived topology (terminal positions); inferred global alignment
243365,R1-R6,R,lamina,475,-107.39907349023153,8.968350556780898,4.448734174656,derived topology (terminal positions); inferred global alignment
243427,R1-R6,R,lamina,264,-23.219235851582674,62.57284368668774,1.3717050428576636,derived topology (terminal positions); inferred global alignment
243626,R1-R6,R,lamina,477,-110.42532961800218,-15.643723069237907,3.7820418502592346,derived topology (terminal positions); inferred global alignment
243690,R1-R6,R,lamina,299,-31.431285465621304,14.299785926308909,2.3300530143796716,derived topology (terminal positions); inferred global alignment
243753,R1-R6,R,lamina,295,-33.872072525287045,51.44060111800535,2.813844275271521,derived topology (terminal positions); inferred global alignment
243799,R1-R6,R,lamina,505,-117.89805186271167,-28.92808152947415,4.054374874200352,derived topology (terminal positions); inferred global alignment
244285,R1-R6,R,lamina,475,-111.03120556849132,13.137358195437479,1.1407255205899485,derived topology (terminal positions); inferred global alignment
244325,R1-R6,R,lamina,475,-107.02269072577252,13.85255453302548,3.3190870557404963,derived topology (terminal positions); inferred global alignment
244840,R1-R6,R,lamina,295,-36.7262736600799,54.747148485440114,3.59676106100856,derived topology (terminal positions); inferred global alignment
245328,R1-R6,R,lamina,363,-61.86637782317664,-44.512424296938505,1.3886435790501295,derived topology (terminal positions); inferred global alignment
245479,R1-R6,R,lamina,500,-115.52920597375189,21.187683869886218,4.514947345463582,derived topology (terminal positions); inferred global alignment
245519,R1-R6,R,lamina,476,-110.92132431605602,4.054499733386984,3.8089454615066107,derived topology (terminal positions); inferred global alignment
245544,R1-R6,R,lamina,501,-115.30374234229407,17.60136483975727,1.8556033217101253,derived topology (terminal positions); inferred global alignment
245647,R1-R6,R,lamina,332,-39.97938040922341,-36.33850756980048,6.2765452418109815,derived topology (terminal positions); inferred global alignment
245659,R1-R6,R,lamina,357,-57.82346697367444,38.771601873959156,6.344231545716153,derived topology (terminal positions); inferred global alignment
246097,R1-R6,R,lamina,89,41.89407756594717,-58.9801333313463,36.78703287949994,derived topology (terminal positions); inferred global alignment
246167,R1-R6,R,lamina,332,-46.12629347324399,-34.0517862266798,2.844799775575809,derived topology (terminal positions); inferred global alignment
246168,R1-R6,R,lamina,500,-117.53696441521876,27.5282422709274,2.1894393584584293,derived topology (terminal positions); inferred global alignment
246171,R1-R6,R,lamina,110,50.710170288138,-65.47586724490716,47.41946796599602,derived topology (terminal positions); inferred global alignment
246198,R1-R6,R,lamina,450,-102.05040102099616,-17.67896981685379,2.560462082863136,derived topology (terminal positions); inferred global alignment
246479,R1-R6,R,lamina,448,-99.54575959103482,3.400228012961205,4.700746980676182,derived topology (terminal positions); inferred global alignment
246592,R1-R6,R,lamina,269,-22.476741766563222,31.53354786144778,0.23879034857284367,derived topology (terminal positions); inferred global alignment
246608,R1-R6,R,lamina,299,-34.957174310769716,18.566483378199223,3.242014913873431,derived topology (terminal positions); inferred global alignment
246672,R1-R6,R,lamina,132,42.169877378197185,-67.5483410415733,40.63687764677839,derived topology (terminal positions); inferred global alignment
246675,R1-R6,R,lamina,332,-52.92325934377012,-35.743701803446704,6.790274481791058,derived topology (terminal positions); inferred global alignment
246774,R1-R6,R,lamina,501,-112.48353927598846,18.927450970421695,4.861309433099867,derived topology (terminal positions); inferred global alignment
246805,R1-R6,R,lamina,110,44.56573145030761,-66.6330590372851,42.36409886285473,derived topology (terminal positions); inferred global alignment
247085,R1-R6,R,lamina,332,-48.81129011019095,-34.33892222209527,3.631585099026406,derived topology (terminal positions); inferred global alignment
247099,R1-R6,R,lamina,501,-112.43823329399322,17.13077043259258,4.163467424264989,derived topology (terminal positions); inferred global alignment
247831,R1-R6,R,lamina,526,-119.72014728344371,17.305404776758564,2.149415678105543,derived topology (terminal positions); inferred global alignment
247854,R1-R6,R,lamina,387,-69.41208118073952,46.27973741844551,7.755292809162811,derived topology (terminal positions); inferred global alignment
248024,R1-R6,R,lamina,111,14.27828535067485,58.44821822914343,11.644889370713491,derived topology (terminal positions); inferred global alignment
248129,R1-R6,R,lamina,89,47.895512127210225,-60.05141622189455,42.690044324714485,derived topology (terminal positions); inferred global alignment
248455,R1-R6,R,lamina,157,0.45524017205421785,55.81736728468669,1.2252601213144314,derived topology (terminal positions); inferred global alignment
248480,R1-R6,R,lamina,0,56.615128725246265,29.989582343327587,43.238922418744984,derived topology (terminal positions); inferred global alignment
248502,R1-R6,R,lamina,474,-110.44175891123467,19.55916585015018,4.14843120661942,derived topology (terminal positions); inferred global alignment
248530,R1-R6,R,lamina,299,-36.614090041184355,17.99228147414885,4.062163224589571,derived topology (terminal positions); inferred global alignment
248547,R1-R6,R,lamina,475,-108.49029154557027,9.996905023896751,2.9823630191391794,derived topology (terminal positions); inferred global alignment
248984,R1-R6,R,lamina,110,44.76592397927264,-62.95460314816924,40.962637645417885,derived topology (terminal positions); inferred global alignment
249095,R1-R6,R,lamina,363,-59.30768878658027,-39.782693794643016,4.017894510190238,derived topology (terminal positions); inferred global alignment
249143,R1-R6,R,lamina,332,-40.67144443328856,-37.504714365066405,5.593164221085821,derived topology (terminal positions); inferred global alignment
249190,R1-R6,R,lamina,389,-82.13754694027352,22.027114866455502,6.111514066039496,derived topology (terminal positions); inferred global alignment
249253,R1-R6,R,lamina,306,-33.449469409498576,-56.161520001086885,2.399934634480005,derived topology (terminal positions); inferred global alignment
249638,R1-R6,R,lamina,299,-36.32842058252822,10.434280499062076,6.305714676065658,derived topology (terminal positions); inferred global alignment
249982,R1-R6,R,lamina,0,49.741816381704126,37.53278566192335,37.26745773710833,derived topology (terminal positions); inferred global alignment
250033,R1-R6,R,lamina,477,-109.31060426899558,-9.43423349769013,2.5507766497021938,derived topology (terminal positions); inferred global alignment
250160,R1-R6,R,lamina,501,-116.88265313406272,11.671412141689357,4.520489995596638,derived topology (terminal positions); inferred global alignment
250496,R1-R6,R,lamina,550,-125.54043087757942,19.09402140033531,1.4651748680217236,derived topology (terminal positions); inferred global alignment
250816,R1-R6,R,lamina,531,-120.80744349453803,-27.121841973354154,0.9365657246888546,derived topology (terminal positions); inferred global alignment
250817,R1-R6,R,lamina,504,-116.82895205426038,-15.68272368548938,0.39105674355261133,derived topology (terminal positions); inferred global alignment
250922,R1-R6,R,lamina,421,-92.59123473744796,-8.772658446084154,6.767232798986859,derived topology (terminal positions); inferred global alignment
250935,R1-R6,R,lamina,448,-102.65375684537494,0.5748215013551747,7.111410523637599,derived topology (terminal positions); inferred global alignment
250978,R1-R6,R,lamina,571,-129.19199619228073,33.52870740307236,0.8133264152862985,derived topology (terminal positions); inferred global alignment
251000,R1-R6,R,lamina,593,-131.02288383103732,35.58876080959463,2.0421245608562395,derived topology (terminal positions); inferred global alignment
251210,R1-R6,R,lamina,527,-119.56965120031397,9.934490160115027,1.860750129883568,derived topology (terminal positions); inferred global alignment
251377,R1-R6,R,lamina,358,-56.92899591789617,34.70229580121881,5.003417580753622,derived topology (terminal positions); inferred global alignment
251415,R1-R6,R,lamina,267,-20.627329566754398,45.785915961120125,2.8454365747620693,derived topology (terminal positions); inferred global alignment
251540,R1-R6,R,lamina,420,-88.68097931449573,4.882511513528999,4.791499869019969,derived topology (terminal positions); inferred global alignment
251641,R1-R6,R,lamina,313,-34.08560631454124,-73.6882329870093,1.2783555462345375,derived topology (terminal positions); inferred global alignment
252406,R1-R6,R,lamina,230,-8.569640452445881,-72.38492375370708,6.000620349417631,derived topology (terminal positions); inferred global alignment
252599,R1-R6,R,lamina,476,-109.77912130800301,-3.4130712445913156,3.7645976350831405,derived topology (terminal positions); inferred global alignment
252785,R1-R6,R,lamina,612,-132.76485887932688,42.27062356458858,1.0649994231672446,derived topology (terminal positions); inferred global alignment
253015,R1-R6,R,lamina,298,-36.51934954914556,22.87874435352878,7.173984587370662,derived topology (terminal positions); inferred global alignment
253020,R1-R6,R,lamina,358,-54.2343770341778,31.481819822520574,7.432487542758115,derived topology (terminal positions); inferred global alignment
253039,R1-R6,R,lamina,307,-29.472070782073317,-60.921007661068444,3.7828463540607493,derived topology (terminal positions); inferred global alignment
253095,R1-R6,R,lamina,69,51.90908713276515,-56.93124230431209,45.34328960865744,derived topology (terminal positions); inferred global alignment
253153,R1-R6,R,lamina,330,-40.52303269121248,-3.7305031162815667,7.307259965555131,derived topology (terminal positions); inferred global alignment
253356,R1-R6,R,lamina,293,-33.546258289161926,62.200079889254425,0.6063321722704423,derived topology (terminal positions); inferred global alignment
253500,R1-R6,R,lamina,646,-135.01230626452963,-30.213928158221023,1.3930936210812723,derived topology (terminal positions); inferred global alignment
253550,R1-R6,R,lamina,110,49.10090509612144,-63.17392756562444,45.060749188958994,derived topology (terminal positions); inferred global alignment
253573,R1-R6,R,lamina,363,-55.71492507776602,-40.38839103843883,6.367175700711232,derived topology (terminal positions); inferred global alignment
253920,R1-R6,R,lamina,155,23.640345888552076,-67.86899731311689,24.645968726744165,derived topology (terminal positions); inferred global alignment
254000,R1-R6,R,lamina,477,-108.54558010166608,-16.358049570863912,4.713317906371912,derived topology (terminal positions); inferred global alignment
254083,R1-R6,R,lamina,474,-109.13719828634427,21.82509879969793,2.10089985795817,derived topology (terminal positions); inferred global alignment
254317,R1-R6,R,lamina,0,53.08312490839059,39.7185084617147,41.03051772823291,derived topology (terminal positions); inferred global alignment
254654,R1-R6,R,lamina,547,-126.65510391771528,38.169986813855076,1.7185860638589647,derived topology (terminal positions); inferred global alignment
254774,R1-R6,R,lamina,449,-104.50672061496785,-4.148272109229641,3.9347936129226966,derived topology (terminal positions); inferred global alignment
260750,R1-R6,R,lamina,89,36.62700212544445,-54.984266796117915,30.335910286270998,derived topology (terminal positions); inferred global alignment
261561,R1-R6,R,lamina,328,-41.37518605645256,18.876541421632425,7.946345818649729,derived topology (terminal positions); inferred global alignment
261897,R1-R6,R,lamina,279,-25.541098570030847,-61.467381755027894,3.0200547229809196,derived topology (terminal positions); inferred global alignment
262035,R1-R6,R,lamina,475,-110.8375487594327,9.70220682827311,2.9298986527361004,derived topology (terminal positions); inferred global alignment
262121,R1-R6,R,lamina,136,2.171040867408692,45.75339473293848,0.7975117850470466,derived topology (terminal positions); inferred global alignment
262386,R1-R6,R,lamina,503,-116.07656608068966,-6.464365045454042,1.3064295107243138,derived topology (terminal positions); inferred global alignment
262422,R1-R6,R,lamina,304,-32.52305241614279,-48.78986364693295,1.5173641064183965,derived topology (terminal positions); inferred global alignment
262451,R1-R6,R,lamina,364,-53.990317965677356,-50.53711426203295,7.446363921530476,derived topology (terminal positions); inferred global alignment
263053,R1-R6,R,lamina,474,-112.68533797906021,23.215936237495665,2.6308584063294727,derived topology (terminal positions); inferred global alignment
264822,R1-R6,R,lamina,573,-126.9571470874247,24.556656035710724,3.066340612575361,derived topology (terminal positions); inferred global alignment
264911,R1-R6,R,lamina,389,-77.78019145733793,21.863081364377102,3.582537390626741,derived topology (terminal positions); inferred global alignment
264983,R1-R6,R,lamina,363,-54.768725914111826,-46.72332135041154,7.539145286060372,derived topology (terminal positions); inferred global alignment
265940,R1-R6,R,lamina,501,-115.60683636631072,13.283236049508139,3.023624358636765,derived topology (terminal positions); inferred global alignment
266082,R1-R6,R,lamina,185,-5.78226976062443,46.73905894797544,2.849047545241748,derived topology (terminal positions); inferred global alignment
266263,R1-R6,R,lamina,270,-26.436804262852817,25.63988904486867,6.360963597398117,derived topology (terminal positions); inferred global alignment
266266,R1-R6,R,lamina,0,58.13611785775696,27.938993236931218,44.778048287474114,derived topology (terminal positions); inferred global alignment
266498,R1-R6,R,lamina,394,-81.54277176070673,-45.73709817400177,4.825108935959296,derived topology (terminal positions); inferred global alignment
266923,R1-R6,R,lamina,332,-47.03808145265728,-32.63236659967286,4.33797794702937,derived topology (terminal positions); inferred global alignment
267030,R1-R6,R,lamina,304,-32.53855555615901,-46.356041091558595,1.1475165918864627,derived topology (terminal positions); inferred global alignment
267345,R1-R6,R,lamina,300,-33.754141747409626,5.454483492041918,4.932396889335969,derived topology (terminal positions); inferred global alignment
268165,R1-R6,R,lamina,307,-29.912876511079006,-63.474103933845676,3.279600352286467,derived topology (terminal positions); inferred global alignment
268252,R1-R6,R,lamina,304,-36.26070123461278,-43.81983515924224,4.777235080695487,derived topology (terminal positions); inferred global alignment
268787,R1-R6,R,lamina,110,44.477745058034074,-64.34755676874711,41.26792584741713,derived topology (terminal positions); inferred global alignment
269667,R1-R6,R,lamina,501,-115.91421517961552,18.47042385648747,2.366791086129945,derived topology (terminal positions); inferred global alignment
269807,R1-R6,R,lamina,1,54.489817119111976,26.5545303574405,41.11320811314139,derived topology (terminal positions); inferred global alignment
270341,R1-R6,R,lamina,389,-77.82106649738571,20.798033078891297,4.635617359385092,derived topology (terminal positions); inferred global alignment
270749,R1-R6,R,lamina,0,52.68295704471254,34.12810865559,39.589959044433066,derived topology (terminal positions); inferred global alignment
270922,R1-R6,R,lamina,448,-106.0754815104376,5.063033574521238,5.122623074879237,derived topology (terminal positions); inferred global alignment
271090,R1-R6,R,lamina,241,-12.8055040018059,29.299130681010734,3.8296531456982557,derived topology (terminal positions); inferred global alignment
272001,R1-R6,R,lamina,363,-54.133934466856715,-41.95132147517839,7.401807577783495,derived topology (terminal positions); inferred global alignment
272718,R1-R6,R,lamina,279,-26.537951721690135,-62.18987353749348,4.1660847616199606,derived topology (terminal positions); inferred global alignment
273202,R1-R6,R,lamina,309,-31.620207078905487,-67.24387472808505,1.450139289488251,derived topology (terminal positions); inferred global alignment
273650,R1-R6,R,lamina,476,-111.74828483095563,1.8041599589955652,2.2192993039049616,derived topology (terminal positions); inferred global alignment
273858,R1-R6,R,lamina,332,-44.206155103919215,-38.185486963513654,2.4015042500496726,derived topology (terminal positions); inferred global alignment
273981,R1-R6,R,lamina,0,59.40582921338465,28.956966276168213,46.02688802500025,derived topology (terminal positions); inferred global alignment
274060,R1-R6,R,lamina,502,-118.30571048093371,4.37085992682959,2.298614493317325,derived topology (terminal positions); inferred global alignment
274231,R1-R6,R,lamina,358,-61.312344977866516,33.78051430091632,1.021768991334948,derived topology (terminal positions); inferred global alignment
275562,R1-R6,R,lamina,133,6.015295100004209,56.513201184214026,3.5429530204766477,derived topology (terminal positions); inferred global alignment
275664,R1-R6,R,lamina,111,12.57068485960717,54.18474608783512,8.000509115716017,derived topology (terminal positions); inferred global alignment
277261,R1-R6,R,lamina,310,-29.994260977889212,-69.80672066445202,2.9539131751090753,derived topology (terminal positions); inferred global alignment
278420,R1-R6,R,lamina,210,-9.947897464887134,53.60129170303987,1.5182611594830882,derived topology (terminal positions); inferred global alignment
279588,R1-R6,R,lamina,215,-9.868799438527859,23.129745737443017,2.4023149244841493,derived topology (terminal positions); inferred global alignment
279957,R1-R6,R,lamina,209,-6.479489542130516,57.11040115640845,2.222120440197167,derived topology (terminal positions); inferred global alignment
280163,R1-R6,R,lamina,69,43.16538604002014,-49.780533339662895,34.646412685576756,derived topology (terminal positions); inferred global alignment
281950,R1-R6,R,lamina,69,42.80312944466701,-50.103374696433164,34.4023087294873,derived topology (terminal positions); inferred global alignment
282491,R1-R6,R,lamina,281,-24.823818334283224,-65.46870059952168,2.41365339290717,derived topology (terminal positions); inferred global alignment
284134,R1-R6,R,lamina,90,13.535283635847549,49.75743014733173,6.890464397259124,derived topology (terminal positions); inferred global alignment
284471,R1-R6,R,lamina,476,-108.34255230255297,0.4847848316467187,1.744535984687096,derived topology (terminal positions); inferred global alignment
285142,R1-R6,R,lamina,328,-44.56692609683434,28.175576089018673,3.533980092681267,derived topology (terminal positions); inferred global alignment
285516,R1-R6,R,lamina,280,-20.628544151419234,-64.96066225593344,2.235115340435202,derived topology (terminal positions); inferred global alignment
285873,R1-R6,R,lamina,476,-108.4318315157006,-5.187655399915048,5.767857624502655,derived topology (terminal positions); inferred global alignment
287362,R1-R6,R,lamina,241,-14.268965394786399,28.996768702879884,3.657824171419093,derived topology (terminal positions); inferred global alignment
288917,R1-R6,R,lamina,270,-25.307085856090993,19.4241592341967,2.7990906976893344,derived topology (terminal positions); inferred global alignment
291241,R1-R6,R,lamina,235,-11.925394276363718,61.92784633736963,2.83445007893524,derived topology (terminal positions); inferred global alignment
291915,R1-R6,R,lamina,269,-23.207438633506435,31.41494276378979,0.5489349853814115,derived topology (terminal positions); inferred global alignment
293022,R1-R6,R,lamina,132,50.26309127256711,-71.63782562850622,49.6970684344994,derived topology (terminal positions); inferred global alignment
293163,R1-R6,R,lamina,306,-31.560536288209505,-59.147775480198504,1.5816605430426924,derived topology (terminal positions); inferred global alignment
293198,R1-R6,R,lamina,573,-126.38462875685624,23.699017647936728,2.7184708658719585,derived topology (terminal positions); inferred global alignment
293677,R1-R6,R,lamina,328,-44.04460257767619,18.96656033805454,6.541978720416903,derived topology (terminal positions); inferred global alignment
311183,R1-R6,R,lamina,110,41.85187085656645,-65.17759720295642,39.284667793597,derived topology (terminal positions); inferred global alignment
313350,R1-R6,R,lamina,549,-125.9334022462196,24.67732483791044,2.9545995765113737,derived topology (terminal positions); inferred global alignment
315220,R1-R6,R,lamina,504,-116.47558087830328,-16.564018515554167,0.9044470687769848,derived topology (terminal positions); inferred global alignment
315655,R1-R6,R,lamina,473,-107.10970833320678,32.75484947345636,3.0177658484097436,derived topology (terminal positions); inferred global alignment
318645,R1-R6,R,lamina,422,-89.04796208721987,-23.051740329264316,6.11771204663834,derived topology (terminal positions); inferred global alignment
320010,R1-R6,R,lamina,110,43.18031995659649,-60.60415927552277,38.612372559500315,derived topology (terminal positions); inferred global alignment
320996,R1-R6,R,lamina,329,-41.3647534287706,12.764826931244778,5.9701553755458345,derived topology (terminal positions); inferred global alignment
321394,R1-R6,R,lamina,215,-9.093473166050323,27.069199695818224,1.9602395518314848,derived topology (terminal positions); inferred global alignment
323157,R1-R6,R,lamina,89,54.74469549833415,-64.56789878488327,50.79226107595695,derived topology (terminal positions); inferred global alignment
323443,R1-R6,R,lamina,304,-34.6479151772686,-48.073435382662225,1.7274657967548008,derived topology (terminal positions); inferred global alignment
327830,R1-R6,R,lamina,476,-110.87760864700657,-2.5443656895204754,2.991766628740198,derived topology (terminal positions); inferred global alignment
330468,R1-R6,R,lamina,283,-23.28376443746398,-69.4397813952444,0.9669177278294345,derived topology (terminal positions); inferred global alignment
330963,R1-R6,R,lamina,135,1.736760599712838,48.32467521252957,1.670492293319409,derived topology (terminal positions); inferred global alignment
334133,R1-R6,R,lamina,156,5.089153240102007,60.984658473734264,5.617576874593726,derived topology (terminal positions); inferred global alignment
338286,R1-R6,R,lamina,333,-41.726931951246655,-46.99355949701828,4.503497624180972,derived topology (terminal positions); inferred global alignment
339305,R1-R6,R,lamina,302,-39.34639254216695,-27.656998843380027,6.2817301461562165,derived topology (terminal positions); inferred global alignment
339571,R1-R6,R,lamina,69,56.69814453147774,-58.34012232938629,50.30551236099926,derived topology (terminal positions); inferred global alignment
340271,R1-R6,R,lamina,90,11.36271875089821,50.645044607173325,5.435612684249973,derived topology (terminal positions); inferred global alignment
341235,R1-R6,R,lamina,110,50.54416212274853,-67.21459629016323,47.977665676292304,derived topology (terminal positions); inferred global alignment
342454,R1-R6,R,lamina,156,0.7777392222072024,58.94018180128523,1.0353203644793356,derived topology (terminal positions); inferred global alignment
342951,R1-R6,R,lamina,332,-48.198870399743946,-31.71775140055326,5.538217375901689,derived topology (terminal positions); inferred global alignment
343189,R1-R6,R,lamina,111,15.189314875451586,54.00206616777035,10.430071526836919,derived topology (terminal positions); inferred global alignment
345133,R1-R6,R,lamina,70,14.304528859177509,45.23664255360206,5.821467201538644,derived topology (terminal positions); inferred global alignment
345140,R1-R6,R,lamina,327,-47.02181819454362,32.16596226521081,5.576549426059994,derived topology (terminal positions); inferred global alignment
345536,R1-R6,R,lamina,187,-5.1469774053111195,41.10138559926061,2.13128740655909,derived topology (terminal positions); inferred global alignment
350319,R1-R6,R,lamina,210,-11.192861711547216,52.81195029444774,2.991327240611295,derived topology (terminal positions); inferred global alignment
350634,R1-R6,R,lamina,187,-3.136702276755237,37.692034009604484,1.8417870826630363,derived topology (terminal positions); inferred global alignment
353577,R1-R6,R,lamina,241,-11.915258365153491,30.125337249725376,3.7422423120205806,derived topology (terminal positions); inferred global alignment
353733,R1-R6,R,lamina,298,-28.309672013752568,29.830879507883008,4.889984914247372,derived topology (terminal positions); inferred global alignment
354888,R1-R6,R,lamina,303,-36.50702768929856,-37.742893821513775,3.709810207479181,derived topology (terminal positions); inferred global alignment
358440,R1-R6,R,lamina,114,5.492653760717232,41.06418453295647,0.7311378250063613,derived topology (terminal positions); inferred global alignment
362253,R1-R6,R,lamina,303,-39.898075210349475,-40.879472531555734,7.073582143598188,derived topology (terminal positions); inferred global alignment
363474,R1-R6,R,lamina,333,-42.15734958217048,-42.67472559651604,5.5436382959351045,derived topology (terminal positions); inferred global alignment
364058,R1-R6,R,lamina,136,2.4069107429219088,47.77168197439195,1.4813124493675571,derived topology (terminal positions); inferred global alignment
369562,R1-R6,R,lamina,51,14.87485474777931,42.70184328943037,5.607100962013976,derived topology (terminal positions); inferred global alignment
378359,R1-R6,R,lamina,241,-18.16223610886191,31.15566306977892,3.766472555506245,derived topology (terminal positions); inferred global alignment
384145,R1-R6,R,lamina,270,-27.255005160083044,20.933772940060855,4.562245836284842,derived topology (terminal positions); inferred global alignment
387030,R1-R6,R,lamina,267,-22.18831404274424,45.704235309465844,2.0803257370540353,derived topology (terminal positions); inferred global alignment
387395,R1-R6,R,lamina,136,4.233196794821126,46.527004152649546,1.519795846764441,derived topology (terminal positions); inferred global alignment
463355,R1-R6,R,lamina,243,-13.947757413050162,17.286994222573732,5.007182162506871,derived topology (terminal positions); inferred global alignment
525719,R1-R6,R,lamina,336,-39.55369278516427,-63.61845672448955,6.617062885686479,derived topology (terminal positions); inferred global alignment
529917,R1-R6,R,lamina,293,-38.0469323555597,62.43857973393688,4.852960369948831,derived topology (terminal positions); inferred global alignment
533473,R1-R6,R,lamina,295,-36.41162838751319,54.197786667914635,3.2351873532391755,derived topology (terminal positions); inferred global alignment
533474,R1-R6,R,lamina,325,-47.46986067514477,54.12703277660531,1.0809324545127938,derived topology (terminal positions); inferred global alignment
534340,R1-R6,R,lamina,417,-92.12017163782943,43.584702725191825,3.472909965284249,derived topology (terminal positions); inferred global alignment
534343,R1-R6,R,lamina,387,-82.48162324891192,44.743509642228325,6.044107316187758,derived topology (terminal positions); inferred global alignment
534344,R1-R6,R,lamina,416,-85.16040934818353,46.113019494170516,6.096742160116622,derived topology (terminal positions); inferred global alignment
534345,R1-R6,R,lamina,417,-88.96693165139418,42.16372606853699,2.494279460545753,derived topology (terminal positions); inferred global alignment
534885,R1-R6,R,lamina,237,-13.555250553230607,57.134762650645676,1.5976085015057293,derived topology (terminal positions); inferred global alignment
535608,R1-R6,R,lamina,386,-78.40871595645922,52.476738307078186,2.336913343770308,derived topology (terminal positions); inferred global alignment
542436,R1-R6,R,lamina,499,-115.40202799757512,33.74022692538126,1.1129180499390288,derived topology (terminal positions); inferred global alignment
543153,R1-R6,R,lamina,636,-133.49715758719077,25.378876936639728,1.4767806936537649,derived topology (terminal positions); inferred global alignment
543154,R1-R6,R,lamina,706,-147.71514245625326,27.629528041886,8.479089238075396,derived topology (terminal positions); inferred global alignment
544395,R1-R6,R,lamina,155,40.82342678087505,-75.68910003198945,43.43582880293655,derived topology (terminal positions); inferred global alignment
546298,R1-R6,R,lamina,425,-95.19660849497183,-54.29692724718312,4.66885873945779,derived topology (terminal positions); inferred global alignment
546304,R1-R6,R,lamina,525,-120.07377722947692,26.740781857457968,1.3566613817884654,derived topology (terminal positions); inferred global alignment
547141,R1-R6,R,lamina,323,-51.61135516243764,61.92428048583948,5.365590002636976,derived topology (terminal positions); inferred global alignment
547142,R1-R6,R,lamina,385,-78.15669286851536,60.01970884907416,1.04650975875485,derived topology (terminal positions); inferred global alignment
547699,R1-R6,R,lamina,474,-106.24884901355296,24.890721116928066,4.031240050361421,derived topology (terminal positions); inferred global alignment
548359,R1-R6,R,lamina,454,-99.51475348349598,-54.88704611998604,2.3175782082183494,derived topology (terminal positions); inferred global alignment
548360,R1-R6,R,lamina,356,-67.52973921479973,54.28038525589431,6.356468933220948,derived topology (terminal positions); inferred global alignment
548910,R1-R6,R,lamina,594,-131.37421061957386,27.87360293606678,0.8208442782594778,derived topology (terminal positions); inferred global alignment
551085,R1-R6,R,lamina,524,-123.35777837959148,34.88367646016702,2.1940524055828297,derived topology (terminal positions); inferred global alignment
551254,R1-R6,R,lamina,613,-133.29641015478478,38.112786251334356,0.723118408681705,derived topology (terminal positions); inferred global alignment
551260,R1-R6,R,lamina,688,-153.53785693919104,37.52701393288049,15.840240503742892,derived topology (terminal positions); inferred global alignment
551441,R1-R6,R,lamina,419,-86.66498649405392,10.28317901359135,7.102602350036615,derived topology (terminal positions); inferred global alignment
551443,R1-R6,R,lamina,446,-103.01679175436779,35.36080670488063,3.4543028218707033,derived topology (terminal positions); inferred global alignment
551484,R1-R6,R,lamina,534,-122.91587112551747,-43.200393781806746,2.3125257985233842,derived topology (terminal positions); inferred global alignment
551485,R1-R6,R,lamina,534,-119.36125027807279,-43.68879285438882,2.273417768436566,derived topology (terminal positions); inferred global alignment
551486,R1-R6,R,lamina,472,-112.00524324898191,39.17153972337006,2.645073769122465,derived topology (terminal positions); inferred global alignment
551490,R1-R6,R,lamina,582,-128.76493112480614,-39.714701039246094,1.3777803331619245,derived topology (terminal positions); inferred global alignment
551491,R1-R6,R,lamina,628,-131.5502213258322,-40.92133168410587,1.285319136451619,derived topology (terminal positions); inferred global alignment
551493,R1-R6,R,lamina,711,-143.73688401010557,6.338879012983135,4.393148728648207,derived topology (terminal positions); inferred global alignment
551495,R1-R6,R,lamina,308,-29.299536504437775,-65.52168117808948,3.658497958555619,derived topology (terminal positions); inferred global alignment
552421,R1-R6,R,lamina,519,-123.17422927537086,55.159870712658794,2.026492227018618,derived topology (terminal positions); inferred global alignment
552431,R1-R6,R,lamina,358,-69.11270778384525,35.82021309908939,8.147018487206896,derived topology (terminal positions); inferred global alignment
176451088,R1-R6,R,lamina,51,16.6548360854205,40.42830430856149,6.5106025373839564,derived topology (terminal positions); inferred global alignment
867122111,R1-R6,R,lamina,476,-107.87887719201039,-0.27284513980584846,2.285668069019266,derived topology (terminal positions); inferred global alignment
876890618,R1-R6,R,lamina,572,-129.53813751644833,27.081711809673557,1.5243621717531446,derived topology (terminal positions); inferred global alignment
28592,R1-R6,R,lamina,470,-111.2780626695766,53.52372902806224,1.520469873249376,derived topology (terminal positions); inferred global alignment
37067,R1-R6,R,lamina,325,-41.64869006187202,50.634389047709384,5.86861178284748,derived topology (terminal positions); inferred global alignment
37850,R1-R6,R,lamina,471,-112.29465962504844,49.683893196637996,3.15944466469267,derived topology (terminal positions); inferred global alignment
40415,R1-R6,R,lamina,384,-73.58003845226801,64.05680398449434,3.6503165757930303,derived topology (terminal positions); inferred global alignment
45371,R1-R6,R,lamina,443,-103.29044623544985,53.203933938763534,1.6940297090409984,derived topology (terminal positions); inferred global alignment
55231,R1-R6,R,lamina,356,-64.60775986918736,50.52915077712835,3.326986529521718,derived topology (terminal positions); inferred global alignment
55303,R1-R6,R,lamina,614,-132.46690799563325,31.689490201876463,1.7116506053720086,derived topology (terminal positions); inferred global alignment
60778,R1-R6,R,lamina,588,-139.77608244407912,56.53629551068891,10.138952983887979,derived topology (terminal positions); inferred global alignment
65289,R1-R6,R,lamina,326,-48.553859502651804,46.9553755198817,2.2011022857371714,derived topology (terminal positions); inferred global alignment
67840,R1-R6,R,lamina,584,-127.62749941243916,-46.24781396540219,0.7359461592339394,derived topology (terminal positions); inferred global alignment
69459,R1-R6,R,lamina,520,-119.25702426989028,53.83571688392817,2.359819035881998,derived topology (terminal positions); inferred global alignment
72951,R1-R6,R,lamina,467,-113.18998697326847,61.97405807717763,3.0998892357124497,derived topology (terminal positions); inferred global alignment
74014,R1-R6,R,lamina,415,-94.59450311199463,52.93667696839085,4.172875604076039,derived topology (terminal positions); inferred global alignment
74535,R1-R6,R,lamina,544,-123.9578988862601,51.32607251852724,1.4214111281196362,derived topology (terminal positions); inferred global alignment
75773,R1-R6,R,lamina,565,-135.85712326894748,59.254462869038065,8.268778112531894,derived topology (terminal positions); inferred global alignment
77095,R1-R6,R,lamina,708,-150.08383974163124,20.065443230834518,10.799297251153684,derived topology (terminal positions); inferred global alignment
81286,R1-R6,R,lamina,707,-143.5572866925445,21.974533656729204,4.230338869939414,derived topology (terminal positions); inferred global alignment
84219,R1-R6,R,lamina,307,-36.06080859815164,-62.51277646226874,3.0818752299056835,derived topology (terminal positions); inferred global alignment
86366,R1-R6,R,lamina,325,-50.688061671132104,53.748092529312316,4.312474295274875,derived topology (terminal positions); inferred global alignment
88291,R1-R6,R,lamina,444,-102.90303700060397,48.8458337633828,1.271058329807224,derived topology (terminal positions); inferred global alignment
88858,R1-R6,R,lamina,444,-100.989068149293,48.03859229518483,0.80618184214853,derived topology (terminal positions); inferred global alignment
89397,R1-R6,R,lamina,671,-137.36660509493873,31.222161525796835,1.6963771433024781,derived topology (terminal positions); inferred global alignment
89884,R1-R6,R,lamina,322,-45.86111619128796,64.94164191005821,1.625270381208481,derived topology (terminal positions); inferred global alignment
94460,R1-R6,R,lamina,467,-112.58900385155684,62.11138588520792,2.4848801397590976,derived topology (terminal positions); inferred global alignment
95486,R1-R6,R,lamina,648,-135.09305099998033,-36.87243769157836,0.5561123974122214,derived topology (terminal positions); inferred global alignment
95852,R1-R6,R,lamina,497,-118.09988054002082,45.36400742166741,1.812927904564066,derived topology (terminal positions); inferred global alignment
98422,R1-R6,R,lamina,651,-144.1881035598081,40.69867047589022,8.113580080942656,derived topology (terminal positions); inferred global alignment
99504,R1-R6,R,lamina,594,-129.97530448112337,30.627987099539418,2.290385272824906,derived topology (terminal positions); inferred global alignment
102522,R1-R6,R,lamina,581,-128.22328780090396,-35.24828102922424,1.8052525959989445,derived topology (terminal positions); inferred global alignment
103581,R1-R6,R,lamina,651,-150.60766530753125,44.440635386968154,15.19634509572317,derived topology (terminal positions); inferred global alignment
104044,R1-R6,R,lamina,337,-50.147049401212854,-64.94390400106954,4.217184299647095,derived topology (terminal positions); inferred global alignment
639310351,R1-R6,R,lamina,610,-150.96674252241644,54.42322810265524,19.26253580117983,derived topology (terminal positions); inferred global alignment
234111,R1-R6,R,lamina,476,-105.68932399534218,1.6503045910820957,4.583171320835443,derived topology (terminal positions); inferred global alignment
234610,R1-R6,R,lamina,89,34.89798940022729,-56.454878338459,29.39819161570145,derived topology (terminal positions); inferred global alignment
234972,R1-R6,R,lamina,363,-57.84936500600698,-44.565379782817814,3.834959296125711,derived topology (terminal positions); inferred global alignment
235500,R1-R6,R,lamina,230,-5.2549703048349485,-71.79695842320659,6.348643075803376,derived topology (terminal positions); inferred global alignment
235515,R1-R6,R,lamina,241,-16.597240335837895,32.10218877292712,1.9729080679913582,derived topology (terminal positions); inferred global alignment
237062,R1-R6,R,lamina,645,-134.1388066870366,-26.38550525452042,2.139433236561836,derived topology (terminal positions); inferred global alignment
239193,R1-R6,R,lamina,305,-32.59245581271868,-52.78553107774753,0.9800183019906978,derived topology (terminal positions); inferred global alignment
239239,R1-R6,R,lamina,279,-22.77569359457985,-61.28612301636107,0.42490018264222323,derived topology (terminal positions); inferred global alignment
239298,R1-R6,R,lamina,230,-7.140282155479291,-71.94559757325932,5.7428464089834454,derived topology (terminal positions); inferred global alignment
239535,R1-R6,R,lamina,328,-42.906574249434286,23.75227458541074,3.6639846852391798,derived topology (terminal positions); inferred global alignment
239773,R1-R6,R,lamina,110,34.447220828303884,-62.89936685196585,31.703742731605946,derived topology (terminal positions); inferred global alignment
240349,R1-R6,R,lamina,32,49.60314652092646,-42.5025159981286,38.579147010086366,derived topology (terminal positions); inferred global alignment
106282,R1-R6,R,lamina,413,-88.08170935917052,62.68009781237347,2.8274170531018274,derived topology (terminal positions); inferred global alignment
107650,R1-R6,R,lamina,588,-133.5284240671802,54.77959894480837,4.112462936418745,derived topology (terminal positions); inferred global alignment
108118,R1-R6,R,lamina,455,-98.06970121732088,-57.717027679496574,3.4114985465359355,derived topology (terminal positions); inferred global alignment
108593,R1-R6,R,lamina,670,-144.28954829618763,40.016752493587205,7.890421236861515,derived topology (terminal positions); inferred global alignment
109342,R1-R6,R,lamina,651,-140.08618368834783,42.557025439188024,4.797651800004168,derived topology (terminal positions); inferred global alignment
109856,R1-R6,R,lamina,443,-100.56128274449304,51.373891791165796,2.8140339814546786,derived topology (terminal positions); inferred global alignment
110533,R1-R6,R,lamina,51,40.67571405917769,51.57357586613228,32.74303993732487,derived topology (terminal positions); inferred global alignment
110681,R1-R6,R,lamina,356,-57.52676846507869,51.49672569322043,4.108892461614304,derived topology (terminal positions); inferred global alignment
112766,R1-R6,R,lamina,495,-115.03765238622059,55.85581008739482,1.8060800755538091,derived topology (terminal positions); inferred global alignment
113238,R1-R6,R,lamina,51,43.9082615020986,49.54670494014116,35.14590524291647,derived topology (terminal positions); inferred global alignment
113364,R1-R6,R,lamina,455,-105.59171890335588,-58.11306529123209,4.133157077718,derived topology (terminal positions); inferred global alignment
114164,R1-R6,R,lamina,179,19.19792998103732,-76.88505594719578,26.512355296020473,derived topology (terminal positions); inferred global alignment
114539,R1-R6,R,lamina,610,-144.6448759119745,50.668930032054035,12.085151081758365,derived topology (terminal positions); inferred global alignment
115044,R1-R6,R,lamina,561,-125.19444519870041,-49.85449531764355,1.635768554961634,derived topology (terminal positions); inferred global alignment
115630,R1-R6,R,lamina,355,-60.50233967800267,56.5787399276772,1.805627495009124,derived topology (terminal positions); inferred global alignment
116809,R1-R6,R,lamina,337,-52.22468441132763,-64.7508538730892,6.2766936281612935,derived topology (terminal positions); inferred global alignment
116941,R1-R6,R,lamina,155,27.570348621253032,-72.13113178159861,30.273243165898705,derived topology (terminal positions); inferred global alignment
117610,R1-R6,R,lamina,308,-37.89083908970929,-65.40230406515448,4.937468295194994,derived topology (terminal positions); inferred global alignment
117632,R1-R6,R,lamina,443,-102.66586381761473,52.10242826049642,2.0341272531694337,derived topology (terminal positions); inferred global alignment
117823,R1-R6,R,lamina,367,-57.75474095617006,-66.0702420010818,3.662880370080427,derived topology (terminal positions); inferred global alignment
117856,R1-R6,R,lamina,70,36.01772125697006,53.42677740172409,29.02447391770756,derived topology (terminal positions); inferred global alignment
118254,R1-R6,R,lamina,323,-53.856934569305736,62.788579135297034,7.444142569918575,derived topology (terminal positions); inferred global alignment
118493,R1-R6,R,lamina,338,-41.70657836051517,-67.63744295006343,4.484921049760588,derived topology (terminal positions); inferred global alignment
118503,R1-R6,R,lamina,296,-33.79437865093788,47.60219861814322,0.7089766058380393,derived topology (terminal positions); inferred global alignment
119786,R1-R6,R,lamina,611,-132.75736908154192,44.47249374256936,0.22093943548074776,derived topology (terminal positions); inferred global alignment
120369,R1-R6,R,lamina,413,-94.62264791600106,64.53736423287906,4.004044345154535,derived topology (terminal positions); inferred global alignment
120782,R1-R6,R,lamina,703,-138.59869598950115,-28.666591867822355,0.6959471554508675,derived topology (terminal positions); inferred global alignment
121108,R1-R6,R,lamina,631,-149.24456740700703,50.50172213486543,16.085640541937394,derived topology (terminal positions); inferred global alignment
121284,R1-R6,R,lamina,367,-64.4631224705155,-64.34173586945776,3.31919297670333,derived topology (terminal positions); inferred global alignment
121621,R1-R6,R,lamina,268,-22.011793466532545,43.492333520166795,2.9655760794209756,derived topology (terminal positions); inferred global alignment
122582,R1-R6,R,lamina,179,23.577391419570446,-74.1099422234449,28.28023281428151,derived topology (terminal positions); inferred global alignment
122591,R1-R6,R,lamina,326,-46.37287254267767,45.6871272856089,1.4151604694618396,derived topology (terminal positions); inferred global alignment
122980,R1-R6,R,lamina,326,-43.716127385764736,49.73379428325341,3.7286662107984676,derived topology (terminal positions); inferred global alignment
123110,R1-R6,R,lamina,483,-111.63550678226156,-55.849889776192654,1.8584455018331676,derived topology (terminal positions); inferred global alignment
123853,R1-R6,R,lamina,628,-131.7570066847036,-40.88925312737697,1.0894255264275687,derived topology (terminal positions); inferred global alignment
123934,R1-R6,R,lamina,325,-42.884850169247215,56.04573521676142,4.011633618234037,derived topology (terminal positions); inferred global alignment
124162,R1-R6,R,lamina,33,48.00798986783447,46.96600902613731,38.19699427545133,derived topology (terminal positions); inferred global alignment
124623,R1-R6,R,lamina,387,-81.71534706078995,50.88778478259218,5.771299824763603,derived topology (terminal positions); inferred global alignment
124926,R1-R6,R,lamina,155,23.753969950360528,-71.88017821790694,27.06780524150403,derived topology (terminal positions); inferred global alignment
125168,R1-R6,R,lamina,717,-138.04953731625722,-19.713321346690346,1.6272962580768926,derived topology (terminal positions); inferred global alignment
125260,R1-R6,R,lamina,384,-80.51610936087582,64.4696723285465,3.4313087310827672,derived topology (terminal positions); inferred global alignment
125407,R1-R6,R,lamina,366,-56.58717644251346,-62.95295326037709,4.84617246913467,derived topology (terminal positions); inferred global alignment
125580,R1-R6,R,lamina,590,-130.12182156923467,44.26289877702818,1.5744714953815282,derived topology (terminal positions); inferred global alignment
125820,R1-R6,R,lamina,631,-137.42440128622658,44.33192714687288,2.826743988155399,derived topology (terminal positions); inferred global alignment
126103,R1-R6,R,lamina,500,-118.68161464084842,24.84191635001948,2.299144299265657,derived topology (terminal positions); inferred global alignment
126110,R1-R6,R,lamina,383,-75.08673620900258,65.93960986435323,2.292660466529571,derived topology (terminal positions); inferred global alignment
126118,R1-R6,R,lamina,179,15.007306221552483,-76.2466105700242,23.130782404248123,derived topology (terminal positions); inferred global alignment
127408,R1-R6,R,lamina,388,-81.5927028995559,40.01003188988567,4.994080499214124,derived topology (terminal positions); inferred global alignment
127429,R1-R6,R,lamina,455,-101.06098630216744,-58.029712427400526,0.40547926181122984,derived topology (terminal positions); inferred global alignment
127503,R1-R6,R,lamina,415,-91.81541509345801,52.98444374158472,1.9906649880804759,derived topology (terminal positions); inferred global alignment
128320,R1-R6,R,lamina,631,-143.02021380168327,49.090801923634736,9.94200760740314,derived topology (terminal positions); inferred global alignment
128517,R1-R6,R,lamina,716,-140.86715513431892,-13.270356321740143,2.131379443170432,derived topology (terminal positions); inferred global alignment
128999,R1-R6,R,lamina,398,-78.8025273323271,-67.58266444148809,2.2921601137695493,derived topology (terminal positions); inferred global alignment
129697,R1-R6,R,lamina,366,-61.17080870328294,-63.20413163000662,1.1386315680566845,derived topology (terminal positions); inferred global alignment
130179,R1-R6,R,lamina,297,-31.024882214336575,42.12902234971592,3.1244165374026878,derived topology (terminal positions); inferred global alignment
130353,R1-R6,R,lamina,708,-146.2739825329736,18.798388061690247,6.911740030705295,derived topology (terminal positions); inferred global alignment
131077,R1-R6,R,lamina,499,-117.3501000676361,30.894046176404494,2.9711897305619255,derived topology (terminal positions); inferred global alignment
131230,R1-R6,R,lamina,631,-153.48543767728694,49.269419548282826,19.62357635377181,derived topology (terminal positions); inferred global alignment
132951,R1-R6,R,lamina,335,-48.41187394939029,-57.08573758619671,2.8906100834764024,derived topology (terminal positions); inferred global alignment
133265,R1-R6,R,lamina,546,-124.98300711061579,42.02940108019974,1.9907158050984424,derived topology (terminal positions); inferred global alignment
133403,R1-R6,R,lamina,469,-106.29751106347697,58.0111579775452,4.1154473592821,derived topology (terminal positions); inferred global alignment
133466,R1-R6,R,lamina,296,-34.207484549560405,48.503353827003124,1.1440217277168014,derived topology (terminal positions); inferred global alignment
133997,R1-R6,R,lamina,670,-148.45159382556233,41.043549214979,12.085683631108491,derived topology (terminal positions); inferred global alignment
134055,R1-R6,R,lamina,453,-101.34186411471792,-50.68869846589409,2.6805481037099743,derived topology (terminal positions); inferred global alignment
134095,R1-R6,R,lamina,709,-145.93973546239533,13.363280602552496,6.7430061910853425,derived topology (terminal positions); inferred global alignment
134900,R1-R6,R,lamina,267,-23.289164556249403,45.160950385473164,2.618050521724265,derived topology (terminal positions); inferred global alignment
135114,R1-R6,R,lamina,498,-118.20568081137418,42.77275465293557,2.7534962597877923,derived topology (terminal positions); inferred global alignment
135195,R1-R6,R,lamina,444,-104.7176259799362,45.61154815574136,4.054147697953649,derived topology (terminal positions); inferred global alignment
135284,R1-R6,R,lamina,155,28.91547304443347,-75.62099130234051,33.43510786316883,derived topology (terminal positions); inferred global alignment
135511,R1-R6,R,lamina,51,46.56123525256629,50.18855051446576,37.87235384768535,derived topology (terminal positions); inferred global alignment
135599,R1-R6,R,lamina,424,-95.36848231428863,-47.32061910684751,4.924341293765265,derived topology (terminal positions); inferred global alignment
135997,R1-R6,R,lamina,335,-46.00434158903903,-59.65573720298035,0.7787436976034665,derived topology (terminal positions); inferred global alignment
136001,R1-R6,R,lamina,705,-145.27774632825907,31.327265605619132,6.182335211144001,derived topology (terminal positions); inferred global alignment
136267,R1-R6,R,lamina,326,-43.89042203962097,49.41406998804333,3.381120893751414,derived topology (terminal positions); inferred global alignment
136324,R1-R6,R,lamina,443,-103.1391135491892,51.310866882933915,2.9545821089133213,derived topology (terminal positions); inferred global alignment
136876,R1-R6,R,lamina,541,-126.425165821224,60.93808177694863,1.7080639163175841,derived topology (terminal positions); inferred global alignment
138077,R1-R6,R,lamina,307,-38.92680883573284,-62.57406549147025,5.9473707577692325,derived topology (terminal positions); inferred global alignment
138431,R1-R6,R,lamina,335,-47.10226917742079,-56.63407820727605,2.4483396403716644,derived topology (terminal positions); inferred global alignment
138436,R1-R6,R,lamina,0,54.29462223461378,34.76197883336266,41.26849031098932,derived topology (terminal positions); inferred global alignment
138580,R1-R6,R,lamina,322,-46.78601298774325,65.20118348141548,1.3034479370512957,derived topology (terminal positions); inferred global alignment
138612,R1-R6,R,lamina,356,-54.90033887931759,48.27232325185777,7.659202717836635,derived topology (terminal positions); inferred global alignment
139003,R1-R6,R,lamina,327,-45.915128440203596,39.252536312817135,1.6096064682993525,derived topology (terminal positions); inferred global alignment
139047,R1-R6,R,lamina,365,-58.77239107888077,-59.418066417701915,3.249434219093086,derived topology (terminal positions); inferred global alignment
139190,R1-R6,R,lamina,557,-125.80505421602945,-33.73420542659142,0.6251315089298549,derived topology (terminal positions); inferred global alignment
139435,R1-R6,R,lamina,388,-82.77852071080791,40.80959676244308,6.405647904543132,derived topology (terminal positions); inferred global alignment
139506,R1-R6,R,lamina,155,26.920148316180757,-71.1168532069971,29.164196603997677,derived topology (terminal positions); inferred global alignment
139521,R1-R6,R,lamina,688,-148.6295676263663,36.92733724155848,11.017879588996317,derived topology (terminal positions); inferred global alignment
139754,R1-R6,R,lamina,268,-26.363991099730832,39.11271422306007,3.9406405698171296,derived topology (terminal positions); inferred global alignment
139785,R1-R6,R,lamina,631,-145.39626677664992,46.17380391199319,11.008622861928243,derived topology (terminal positions); inferred global alignment
139997,R1-R6,R,lamina,417,-92.8182745447849,35.9374431432242,4.927355609475327,derived topology (terminal positions); inferred global alignment
140174,R1-R6,R,lamina,452,-95.88597638895308,-43.07155312775681,6.081323363216799,derived topology (terminal positions); inferred global alignment
140488,R1-R6,R,lamina,426,-93.47504374959146,-58.180372741062406,3.15377245857574,derived topology (terminal positions); inferred global alignment
140729,R1-R6,R,lamina,417,-92.57409298114796,40.04446664557938,1.8763767802992488,derived topology (terminal positions); inferred global alignment
140873,R1-R6,R,lamina,651,-142.38319016105496,40.3717120564898,6.286082502022134,derived topology (terminal positions); inferred global alignment
141252,R1-R6,R,lamina,90,31.528677896203277,57.84509759381713,26.611494852438312,derived topology (terminal positions); inferred global alignment
141440,R1-R6,R,lamina,204,10.329264744841709,-76.4581495573684,19.80010071313941,derived topology (terminal positions); inferred global alignment
141588,R1-R6,R,lamina,335,-51.37675687375078,-58.347907294710126,5.250156500950053,derived topology (terminal positions); inferred global alignment
141599,R1-R6,R,lamina,132,38.39175577434412,-65.17141384526613,36.22146317707839,derived topology (terminal positions); inferred global alignment
141915,R1-R6,R,lamina,296,-36.965659560967595,47.435526045391846,3.8120887353563666,derived topology (terminal positions); inferred global alignment
142160,R1-R6,R,lamina,688,-147.23732327705386,34.70859165424025,9.01671820409983,derived topology (terminal positions); inferred global alignment
142259,R1-R6,R,lamina,50,48.725609332155756,-48.663827229216686,39.55054813233681,derived topology (terminal positions); inferred global alignment
142954,R1-R6,R,lamina,710,-150.1451284786745,9.79723788736597,10.8334454363186,derived topology (terminal positions); inferred global alignment
143335,R1-R6,R,lamina,308,-36.55076100903398,-66.16039156699586,3.68853500573303,derived topology (terminal positions); inferred global alignment
143346,R1-R6,R,lamina,703,-138.59303765927137,-29.122636772418584,0.31058957618538746,derived topology (terminal positions); inferred global alignment
143561,R1-R6,R,lamina,709,-146.74253518243955,15.506834417901505,7.416004175230015,derived topology (terminal positions); inferred global alignment
143926,R1-R6,R,lamina,240,-12.844261393750863,41.511101340804544,2.1793325856621077,derived topology (terminal positions); inferred global alignment
144136,R1-R6,R,lamina,497,-113.58562507455073,47.53623244847907,3.2075107705070445,derived topology (terminal positions); inferred global alignment
144810,R1-R6,R,lamina,452,-98.99031234324757,-43.53159703316626,3.7214070424244463,derived topology (terminal positions); inferred global alignment
144844,R1-R6,R,lamina,325,-41.66920110092264,50.776130247362154,5.769404399854093,derived topology (terminal positions); inferred global alignment
145013,R1-R6,R,lamina,90,31.063966084240207,55.362619289566304,25.283661951929638,derived topology (terminal positions); inferred global alignment
145058,R1-R6,R,lamina,607,-129.756422665064,-45.815004883279414,1.0261064161188174,derived topology (terminal positions); inferred global alignment
145297,R1-R6,R,lamina,204,12.802821085804851,-77.39960595731657,22.25620923320068,derived topology (terminal positions); inferred global alignment
146070,R1-R6,R,lamina,132,30.83063449080771,-65.72023153850687,29.696203216509744,derived topology (terminal positions); inferred global alignment
146369,R1-R6,R,lamina,711,-147.5688130424881,5.157243719956535,8.334380471020125,derived topology (terminal positions); inferred global alignment
146375,R1-R6,R,lamina,179,23.32948728900844,-75.49784644800486,28.850334655474704,derived topology (terminal positions); inferred global alignment
146549,R1-R6,R,lamina,707,-155.9568852551854,23.407148876709822,16.614269270522477,derived topology (terminal positions); inferred global alignment
146700,R1-R6,R,lamina,387,-71.13359767990934,46.904875961200176,5.969799671118953,derived topology (terminal positions); inferred global alignment
146986,R1-R6,R,lamina,296,-34.011383229215795,44.72120115921337,3.3565866045720982,derived topology (terminal positions); inferred global alignment
146992,R1-R6,R,lamina,714,-144.1301458458098,-4.989202121003153,5.0075847396477835,derived topology (terminal positions); inferred global alignment
147160,R1-R6,R,lamina,418,-86.9933774987262,33.90846596223417,5.5682990630841465,derived topology (terminal positions); inferred global alignment
147738,R1-R6,R,lamina,387,-75.0506006698114,44.27247781598247,3.7709405561205376,derived topology (terminal positions); inferred global alignment
148025,R1-R6,R,lamina,418,-86.1359344287205,29.51191777631521,4.531730919226008,derived topology (terminal positions); inferred global alignment
148542,R1-R6,R,lamina,670,-142.58945890556282,37.05110886512522,5.290950850822938,derived topology (terminal positions); inferred global alignment
148929,R1-R6,R,lamina,268,-20.060978434997466,36.915836599111806,4.553646909192295,derived topology (terminal positions); inferred global alignment
149529,R1-R6,R,lamina,387,-74.80488918045576,47.9938215474753,2.337103060003054,derived topology (terminal positions); inferred global alignment
149763,R1-R6,R,lamina,309,-32.46118428753688,-68.24857604175786,0.6576467288029824,derived topology (terminal positions); inferred global alignment
150742,R1-R6,R,lamina,368,-66.7656478235514,-67.31383555447805,5.599566767729129,derived topology (terminal positions); inferred global alignment
150795,R1-R6,R,lamina,0,56.61235382028627,41.63076318994693,44.93835305972713,derived topology (terminal positions); inferred global alignment
150798,R1-R6,R,lamina,417,-90.61236560484261,38.520721426457094,1.8843898802791728,derived topology (terminal positions); inferred global alignment
150953,R1-R6,R,lamina,442,-105.22750961683127,59.06484203141388,3.5294337225811554,derived topology (terminal positions); inferred global alignment
151024,R1-R6,R,lamina,296,-29.59041468577312,46.191868286079696,4.01949738406768,derived topology (terminal positions); inferred global alignment
151553,R1-R6,R,lamina,357,-67.16467324239791,42.13647966607716,5.826222386397036,derived topology (terminal positions); inferred global alignment
151806,R1-R6,R,lamina,334,-40.64475613344055,-55.17752335451114,5.76537092250373,derived topology (terminal positions); inferred global alignment
151884,R1-R6,R,lamina,604,-130.18547293531068,-31.13502453286016,2.336862928087883,derived topology (terminal positions); inferred global alignment
152073,R1-R6,R,lamina,267,-27.31784122937661,45.34408381634866,5.175251145964857,derived topology (terminal positions); inferred global alignment
153212,R1-R6,R,lamina,688,-140.85442074577657,32.113966323522014,2.4967598853537165,derived topology (terminal positions); inferred global alignment
153410,R1-R6,R,lamina,445,-97.22815239739717,44.43410515907474,5.488495448309982,derived topology (terminal positions); inferred global alignment
153487,R1-R6,R,lamina,69,40.32817420830048,-48.198899573575034,31.468707028748195,derived topology (terminal positions); inferred global alignment
153634,R1-R6,R,lamina,353,-60.44226800155252,66.50879478427156,1.488350890820267,derived topology (terminal positions); inferred global alignment
153657,R1-R6,R,lamina,70,34.10654359310695,54.315842495462,27.578956078414496,derived topology (terminal positions); inferred global alignment
153702,R1-R6,R,lamina,417,-91.26256038286809,35.17946804075505,5.248732596798014,derived topology (terminal positions); inferred global alignment
153733,R1-R6,R,lamina,335,-43.812846926049325,-58.0447421422644,2.4904224199670404,derived topology (terminal positions); inferred global alignment
153981,R1-R6,R,lamina,314,-37.17262915527676,-75.46519354789199,4.260820920185741,derived topology (terminal positions); inferred global alignment
154284,R1-R6,R,lamina,388,-76.72822538847208,40.28143396628729,2.280149252887234,derived topology (terminal positions); inferred global alignment
154479,R1-R6,R,lamina,90,23.828235827136723,57.607356256803136,19.660168431863433,derived topology (terminal positions); inferred global alignment
154528,R1-R6,R,lamina,467,-109.90314571498281,63.597067933709376,0.8103678366657936,derived topology (terminal positions); inferred global alignment
154541,R1-R6,R,lamina,179,16.81026163841007,-74.75732699417995,23.314979568095783,derived topology (terminal positions); inferred global alignment
155292,R1-R6,R,lamina,204,8.013089321665433,-75.69594876221174,17.63845494562993,derived topology (terminal positions); inferred global alignment
155336,R1-R6,R,lamina,560,-124.24314969780025,-48.26288197400169,0.9687119574724748,derived topology (terminal positions); inferred global alignment
155384,R1-R6,R,lamina,110,46.15807663357732,-67.93398392815529,44.381262592407005,derived topology (terminal positions); inferred global alignment
155486,R1-R6,R,lamina,307,-29.99897130230768,-61.56178543275115,3.08172854949743,derived topology (terminal positions); inferred global alignment
156092,R1-R6,R,lamina,335,-52.24705002606143,-56.302647939865466,6.619526408149295,derived topology (terminal positions); inferred global alignment
156118,R1-R6,R,lamina,707,-152.63954989119557,22.626622613507227,13.274657049876554,derived topology (terminal positions); inferred global alignment
156476,R1-R6,R,lamina,426,-95.43667875263819,-57.979653162366894,5.094635956268871,derived topology (terminal positions); inferred global alignment
156541,R1-R6,R,lamina,16,49.500073198472734,43.809001915635505,38.70823496597384,derived topology (terminal positions); inferred global alignment
156624,R1-R6,R,lamina,418,-90.05842817500505,32.06728806876637,2.423576381230302,derived topology (terminal positions); inferred global alignment
156784,R1-R6,R,lamina,418,-88.82635399870856,29.729799667748274,1.8365425588369457,derived topology (terminal positions); inferred global alignment
156991,R1-R6,R,lamina,296,-32.20219820414103,48.79945245206604,1.2874662511156212,derived topology (terminal positions); inferred global alignment
157015,R1-R6,R,lamina,132,46.45389326309373,-69.44975475750473,45.32384588273977,derived topology (terminal positions); inferred global alignment
157656,R1-R6,R,lamina,467,-112.03135122483454,63.321538212651646,1.87535580674349,derived topology (terminal positions); inferred global alignment
157786,R1-R6,R,lamina,706,-143.70409561008057,27.061452408348956,4.433923859874625,derived topology (terminal positions); inferred global alignment
157788,R1-R6,R,lamina,327,-47.78193260401139,40.482315106373235,3.1307099650287777,derived topology (terminal positions); inferred global alignment
157793,R1-R6,R,lamina,132,44.81341650068532,-72.90351307971706,45.40392020362603,derived topology (terminal positions); inferred global alignment
158239,R1-R6,R,lamina,442,-104.05460003818439,59.83581475302234,2.740761651754276,derived topology (terminal positions); inferred global alignment
158350,R1-R6,R,lamina,335,-52.36215380721159,-58.94853145264135,6.207578584278536,derived topology (terminal positions); inferred global alignment
158374,R1-R6,R,lamina,334,-47.838097419292154,-53.4726294495977,1.655702585564002,derived topology (terminal positions); inferred global alignment
158490,R1-R6,R,lamina,418,-85.44835957159316,31.5699966565865,5.5328591893805354,derived topology (terminal positions); inferred global alignment
158545,R1-R6,R,lamina,482,-108.00051135339825,-53.965841814090226,2.5459497284310126,derived topology (terminal positions); inferred global alignment
158565,R1-R6,R,lamina,327,-44.63104175247327,42.27391715972216,4.8831348819266385,derived topology (terminal positions); inferred global alignment
158583,R1-R6,R,lamina,445,-98.1003393966271,41.05595321470761,3.612074240072452,derived topology (terminal positions); inferred global alignment
158999,R1-R6,R,lamina,395,-70.94627250516224,-55.799106283718814,6.149419712225226,derived topology (terminal positions); inferred global alignment
159233,R1-R6,R,lamina,179,25.772023106471323,-75.54299197031322,30.90122990335924,derived topology (terminal positions); inferred global alignment
159281,R1-R6,R,lamina,206,-11.081714703056122,64.71079240204735,2.4528693473988743,derived topology (terminal positions); inferred global alignment
159400,R1-R6,R,lamina,416,-94.23391939470599,50.87735652912116,4.187707352509528,derived topology (terminal positions); inferred global alignment
159830,R1-R6,R,lamina,0,57.79490850191226,41.09064816709789,45.93628079612711,derived topology (terminal positions); inferred global alignment
160137,R1-R6,R,lamina,445,-101.40809015192917,39.63975109948804,1.6486991078589845,derived topology (terminal positions); inferred global alignment
160257,R1-R6,R,lamina,389,-82.85430479882815,28.837627470229968,6.792965159621113,derived topology (terminal positions); inferred global alignment
160684,R1-R6,R,lamina,398,-74.62767760521707,-66.51847905556436,2.1626470132578084,derived topology (terminal positions); inferred global alignment
161545,R1-R6,R,lamina,446,-96.92847338564653,33.748833242673264,4.981470196526151,derived topology (terminal positions); inferred global alignment
162563,R1-R6,R,lamina,214,-11.521950642995101,36.370717983290575,4.28757168445147,derived topology (terminal positions); inferred global alignment
162834,R1-R6,R,lamina,711,-145.55152615509047,4.713938084991302,6.463272999614772,derived topology (terminal positions); inferred global alignment
162854,R1-R6,R,lamina,714,-140.73928598621382,-5.527416304647841,1.668448518692128,derived topology (terminal positions); inferred global alignment
163079,R1-R6,R,lamina,708,-144.16241639675104,20.420158118186933,5.075228804440924,derived topology (terminal positions); inferred global alignment
164177,R1-R6,R,lamina,33,50.32869768646735,46.72848628943142,40.362642368862886,derived topology (terminal positions); inferred global alignment
164500,R1-R6,R,lamina,292,-33.38309076768756,64.2759264262601,1.4138628402480078,derived topology (terminal positions); inferred global alignment
165147,R1-R6,R,lamina,179,17.136960601830722,-70.6063134000613,20.974197838948765,derived topology (terminal positions); inferred global alignment
165194,R1-R6,R,lamina,388,-76.8790885442807,34.652708970421735,3.3690311992046995,derived topology (terminal positions); inferred global alignment
165230,R1-R6,R,lamina,313,-37.5840300310022,-74.37399905005489,4.6559846315703,derived topology (terminal positions); inferred global alignment
165311,R1-R6,R,lamina,90,36.264156013778816,57.8594265628963,31.017812865619284,derived topology (terminal positions); inferred global alignment
165401,R1-R6,R,lamina,297,-29.877627239287456,34.54726832331791,6.215714533005639,derived topology (terminal positions); inferred global alignment
165467,R1-R6,R,lamina,269,-26.629408369092786,35.58201855861811,5.580004432942913,derived topology (terminal positions); inferred global alignment
165921,R1-R6,R,lamina,707,-142.2737068824457,22.810740545630196,2.920944559485802,derived topology (terminal positions); inferred global alignment
165929,R1-R6,R,lamina,716,-148.6332929391395,-14.58373408883569,9.311740000445708,derived topology (terminal positions); inferred global alignment
166255,R1-R6,R,lamina,709,-147.45548516270264,16.229547671893933,8.218230462463566,derived topology (terminal positions); inferred global alignment
166760,R1-R6,R,lamina,298,-37.60797605796052,34.07415624201418,6.584460090768545,derived topology (terminal positions); inferred global alignment
166913,R1-R6,R,lamina,365,-54.03103330167052,-59.64726758489881,7.6805546618032,derived topology (terminal positions); inferred global alignment
167017,R1-R6,R,lamina,631,-138.9009777735689,43.45288158341648,4.237194245204866,derived topology (terminal positions); inferred global alignment
167051,R1-R6,R,lamina,572,-129.80811729105483,26.377481351093465,2.213683593434088,derived topology (terminal positions); inferred global alignment
167228,R1-R6,R,lamina,269,-27.684686765290728,34.88200695750418,5.957420517993341,derived topology (terminal positions); inferred global alignment
167244,R1-R6,R,lamina,389,-80.95503065268281,27.069091522473084,4.2915550417336314,derived topology (terminal positions); inferred global alignment
168058,R1-R6,R,lamina,333,-46.20434451043221,-47.268685494405304,0.8003782887994741,derived topology (terminal positions); inferred global alignment
168219,R1-R6,R,lamina,15,49.92435185671157,-34.85652048671188,37.04029086084354,derived topology (terminal positions); inferred global alignment
168319,R1-R6,R,lamina,285,-21.15840154664184,-72.89775444090543,1.3765384486528123,derived topology (terminal positions); inferred global alignment
168659,R1-R6,R,lamina,70,39.43124242832691,53.24467642382832,32.1929944104341,derived topology (terminal positions); inferred global alignment
168863,R1-R6,R,lamina,267,-23.97790522034044,49.64017454334808,2.299919915366688,derived topology (terminal positions); inferred global alignment
170117,R1-R6,R,lamina,561,-125.75740124897497,-50.32216783656656,1.3162550723348982,derived topology (terminal positions); inferred global alignment
170251,R1-R6,R,lamina,241,-15.204267243747822,35.63800906431749,3.051055792946855,derived topology (terminal positions); inferred global alignment
171006,R1-R6,R,lamina,334,-46.34075862079338,-55.79339453971029,2.2119892346751064,derived topology (terminal positions); inferred global alignment
171300,R1-R6,R,lamina,426,-95.40350991182183,-59.13130448960677,4.9143283674533595,derived topology (terminal positions); inferred global alignment
171339,R1-R6,R,lamina,532,-120.7423509974198,-35.03454874720874,1.6600230564291167,derived topology (terminal positions); inferred global alignment
171703,R1-R6,R,lamina,326,-53.08676533049079,45.9831329710944,6.821523469620593,derived topology (terminal positions); inferred global alignment
171873,R1-R6,R,lamina,685,-137.04797449228192,-27.324040750947926,1.9181603376604057,derived topology (terminal positions); inferred global alignment
172194,R1-R6,R,lamina,133,13.964066292229063,60.402353285274344,12.384419430755264,derived topology (terminal positions); inferred global alignment
173211,R1-R6,R,lamina,291,-30.005778943447247,67.64662317303572,3.260416388033693,derived topology (terminal positions); inferred global alignment
173372,R1-R6,R,lamina,452,-101.06876075048743,-38.925853396001905,1.9444457551731333,derived topology (terminal positions); inferred global alignment
173461,R1-R6,R,lamina,50,51.089435395137684,-48.437512234990685,41.71996634571308,derived topology (terminal positions); inferred global alignment
174344,R1-R6,R,lamina,230,1.0578766273748954,-75.77665489028968,13.452415724118547,derived topology (terminal positions); inferred global alignment
175045,R1-R6,R,lamina,453,-98.95618817985999,-45.79433349751247,3.3817152741460896,derived topology (terminal positions); inferred global alignment
175184,R1-R6,R,lamina,715,-145.35600897841704,-8.957590046833744,6.258593493602039,derived topology (terminal positions); inferred global alignment
175203,R1-R6,R,lamina,333,-42.59966698582595,-49.31344930956557,4.588568743784747,derived topology (terminal positions); inferred global alignment
175506,R1-R6,R,lamina,240,-12.517516131120345,41.650476733707755,2.532228931556135,derived topology (terminal positions); inferred global alignment
175637,R1-R6,R,lamina,594,-131.37491684832608,27.22767218517496,1.3869349221722769,derived topology (terminal positions); inferred global alignment
175853,R1-R6,R,lamina,230,-5.697883892976506,-76.18643625380854,10.215053792649567,derived topology (terminal positions); inferred global alignment
176390,R1-R6,R,lamina,314,-32.709470066821154,-75.59084582366692,0.35339105107798974,derived topology (terminal positions); inferred global alignment
176678,R1-R6,R,lamina,389,-70.45615367881058,28.28330392702067,7.1812779977316055,derived topology (terminal positions); inferred global alignment
176827,R1-R6,R,lamina,314,-31.330178701395965,-75.91054806651894,1.6970741962448188,derived topology (terminal positions); inferred global alignment
177287,R1-R6,R,lamina,453,-97.3870536282606,-47.629153835760796,4.138891907535901,derived topology (terminal positions); inferred global alignment
177712,R1-R6,R,lamina,285,-18.64426126652006,-72.88439983184536,3.8888785562516848,derived topology (terminal positions); inferred global alignment
177793,R1-R6,R,lamina,365,-57.229017245670356,-57.424152488230106,4.184118421598478,derived topology (terminal positions); inferred global alignment
178249,R1-R6,R,lamina,389,-83.89001195810017,26.366659557675092,6.945842103101783,derived topology (terminal positions); inferred global alignment
178485,R1-R6,R,lamina,314,-30.09489075667092,-75.39624197236513,2.821526298499665,derived topology (terminal positions); inferred global alignment
178541,R1-R6,R,lamina,451,-104.42348718687367,-32.36613330775081,2.9877413106161788,derived topology (terminal positions); inferred global alignment
178965,R1-R6,R,lamina,15,56.88834851357656,-38.67001755054637,44.60123856702078,derived topology (terminal positions); inferred global alignment
180281,R1-R6,R,lamina,292,-36.10037855532761,66.26143027296159,2.9578201798477886,derived topology (terminal positions); inferred global alignment
180707,R1-R6,R,lamina,240,-12.431031746207239,37.315661782980904,3.8580231143134487,derived topology (terminal positions); inferred global alignment
181989,R1-R6,R,lamina,720,-139.50062819074546,-28.65689120732163,0.8136920885848524,derived topology (terminal positions); inferred global alignment
182071,R1-R6,R,lamina,16,55.11608268047762,45.8552246241941,44.67761076905738,derived topology (terminal positions); inferred global alignment
183688,R1-R6,R,lamina,418,-88.25962864497808,23.367335230465603,6.792326062276021,derived topology (terminal positions); inferred global alignment
183708,R1-R6,R,lamina,313,-30.96214639790266,-74.58827623973593,1.999415394308132,derived topology (terminal positions); inferred global alignment
184671,R1-R6,R,lamina,635,-133.95297409848882,30.76441083098397,1.8770725323857123,derived topology (terminal positions); inferred global alignment
185827,R1-R6,R,lamina,363,-57.960001009675686,-47.26752538910183,5.351652798819552,derived topology (terminal positions); inferred global alignment
186084,R1-R6,R,lamina,33,37.29603362403846,44.23228070357784,27.154290956441805,derived topology (terminal positions); inferred global alignment
186185,R1-R6,R,lamina,284,-24.499498071066725,-71.59140019169801,1.9430180874057388,derived topology (terminal positions); inferred global alignment
186788,R1-R6,R,lamina,389,-84.15036748145576,24.51395408888187,7.183754579772234,derived topology (terminal positions); inferred global alignment
186827,R1-R6,R,lamina,418,-89.77275429544031,24.002677897435753,5.786490311792546,derived topology (terminal positions); inferred global alignment
187654,R1-R6,R,lamina,451,-96.65341462559385,-32.96806220107527,5.066671760648945,derived topology (terminal positions); inferred global alignment
188187,R1-R6,R,lamina,337,-41.35420956821621,-67.03849924260146,4.8340112233125385,derived topology (terminal positions); inferred global alignment
188354,R1-R6,R,lamina,342,-39.891804437457324,-75.55909176448709,6.130087456883181,derived topology (terminal positions); inferred global alignment
188671,R1-R6,R,lamina,452,-101.50726390239412,-43.20638136489602,2.3923983563585867,derived topology (terminal positions); inferred global alignment
189786,R1-R6,R,lamina,69,60.841914397923986,-57.61952931498926,53.911144053448,derived topology (terminal positions); inferred global alignment
190201,R1-R6,R,lamina,257,-11.679636844047963,-71.89242359256959,3.6131810241284352,derived topology (terminal positions); inferred global alignment
191042,R1-R6,R,lamina,110,32.48126486775995,-61.433315589459866,29.26765634005488,derived topology (terminal positions); inferred global alignment
191387,R1-R6,R,lamina,327,-52.78115843786462,35.61908118238927,6.765223309354227,derived topology (terminal positions); inferred global alignment
191486,R1-R6,R,lamina,688,-142.47538605495384,32.84496222048984,4.038912625480492,derived topology (terminal positions); inferred global alignment
192760,R1-R6,R,lamina,70,27.131159632143024,52.80054768211893,20.61939261738946,derived topology (terminal positions); inferred global alignment
192835,R1-R6,R,lamina,364,-57.21495871456198,-53.50593342701492,4.645040984489658,derived topology (terminal positions); inferred global alignment
192928,R1-R6,R,lamina,132,45.1380812347561,-68.20473032632738,43.61747524395397,derived topology (terminal positions); inferred global alignment
193712,R1-R6,R,lamina,354,-68.30818873249791,61.75122272861727,6.645119143447285,derived topology (terminal positions); inferred global alignment
194046,R1-R6,R,lamina,292,-30.892876339605362,66.7100758384319,2.528077349787135,derived topology (terminal positions); inferred global alignment
194413,R1-R6,R,lamina,453,-104.10797343977319,-44.42847020934286,4.428376333105007,derived topology (terminal positions); inferred global alignment
194686,R1-R6,R,lamina,442,-98.07206972222787,56.91409509586689,3.9611210858360284,derived topology (terminal positions); inferred global alignment
194701,R1-R6,R,lamina,364,-57.789663465696854,-54.0743803153588,4.447339638558234,derived topology (terminal positions); inferred global alignment
194999,R1-R6,R,lamina,452,-103.45394683883931,-42.211283546171884,2.375482702097979,derived topology (terminal positions); inferred global alignment
195423,R1-R6,R,lamina,50,46.862884161224656,-44.65856123512224,36.610737517793645,derived topology (terminal positions); inferred global alignment
195941,R1-R6,R,lamina,257,-13.561143839620001,-72.24736241819271,2.6847122826700045,derived topology (terminal positions); inferred global alignment
196069,R1-R6,R,lamina,257,-9.43352270731365,-76.70202354221846,8.64599774813821,derived topology (terminal positions); inferred global alignment
197006,R1-R6,R,lamina,705,-151.12172054523484,33.26071464481929,12.337373455455296,derived topology (terminal positions); inferred global alignment
197165,R1-R6,R,lamina,89,38.627953520828186,-56.52168784071669,32.78715185206121,derived topology (terminal positions); inferred global alignment
197540,R1-R6,R,lamina,719,-143.64588597858622,-27.57650300951157,4.595718116033346,derived topology (terminal positions); inferred global alignment
198384,R1-R6,R,lamina,110,36.081847502943035,-57.4285292513711,30.851836837447753,derived topology (terminal positions); inferred global alignment
198428,R1-R6,R,lamina,50,50.87494364902415,-47.14953739423323,41.1372773121302,derived topology (terminal positions); inferred global alignment
198562,R1-R6,R,lamina,333,-44.85330702552705,-49.91850082689033,3.7035800486739254,derived topology (terminal positions); inferred global alignment
198997,R1-R6,R,lamina,447,-97.79747174137874,18.62446648512529,4.4846841902624615,derived topology (terminal positions); inferred global alignment
199576,R1-R6,R,lamina,295,-37.558129202035815,51.729107647825366,5.014172373723537,derived topology (terminal positions); inferred global alignment
199673,R1-R6,R,lamina,468,-110.66380649551479,59.47805436209683,0.7233099543964212,derived topology (terminal positions); inferred global alignment
200167,R1-R6,R,lamina,421,-93.4375631241229,-16.74448128693933,3.193815448236725,derived topology (terminal positions); inferred global alignment
200575,R1-R6,R,lamina,15,55.06891587964208,-37.223018201289946,42.522765776770385,derived topology (terminal positions); inferred global alignment
201902,R1-R6,R,lamina,307,-31.639165813932284,-62.79958911692188,1.4266656135835951,derived topology (terminal positions); inferred global alignment
203231,R1-R6,R,lamina,501,-116.67584625340373,14.660421991253884,1.5257388479218104,derived topology (terminal positions); inferred global alignment
205699,R1-R6,R,lamina,204,4.571095077332558,-75.13259368322637,15.055578787432914,derived topology (terminal positions); inferred global alignment
206110,R1-R6,R,lamina,230,-6.442785258110561,-73.28676991709769,7.223661378772309,derived topology (terminal positions); inferred global alignment
206683,R1-R6,R,lamina,306,-30.23475714707292,-57.84951383138529,2.858222783179056,derived topology (terminal positions); inferred global alignment
206752,R1-R6,R,lamina,449,-102.54786161322787,-10.520841840869656,3.8300804242739352,derived topology (terminal positions); inferred global alignment
208040,R1-R6,R,lamina,545,-125.66367353353402,46.6278955698928,1.4630014779095357,derived topology (terminal positions); inferred global alignment
208112,R1-R6,R,lamina,15,49.283325123080616,-36.79036024265412,36.76988894528587,derived topology (terminal positions); inferred global alignment
208512,R1-R6,R,lamina,441,-98.26832722632105,61.264901048683946,3.581985957933026,derived topology (terminal positions); inferred global alignment
208797,R1-R6,R,lamina,294,-29.37021055276268,59.50417386918235,3.8682207959379027,derived topology (terminal positions); inferred global alignment
208982,R1-R6,R,lamina,312,-27.800624839469847,-72.26353941661203,5.16765962617713,derived topology (terminal positions); inferred global alignment
210205,R1-R6,R,lamina,0,38.82757572170432,35.58466441618229,26.196240786138627,derived topology (terminal positions); inferred global alignment
210889,R1-R6,R,lamina,132,34.834623504883126,-66.82857652112773,33.73420421871269,derived topology (terminal positions); inferred global alignment
211536,R1-R6,R,lamina,32,50.514775314499715,-43.35758355515798,39.690611043669584,derived topology (terminal positions); inferred global alignment
211933,R1-R6,R,lamina,298,-36.8736579459254,25.746749797647016,5.082687832636909,derived topology (terminal positions); inferred global alignment
211934,R1-R6,R,lamina,447,-100.8392334180252,19.259203814752354,1.8406848284989077,derived topology (terminal positions); inferred global alignment
212067,R1-R6,R,lamina,15,46.048705654571066,-34.20503632646209,33.11037415942397,derived topology (terminal positions); inferred global alignment
212200,R1-R6,R,lamina,385,-77.26835760045935,58.9146952661259,0.7114278712664442,derived topology (terminal positions); inferred global alignment
213285,R1-R6,R,lamina,257,-11.52631248442507,-73.01532280885388,4.471340774953065,derived topology (terminal positions); inferred global alignment
213697,R1-R6,R,lamina,50,69.71368745643028,-52.66764370084162,60.76753848431516,derived topology (terminal positions); inferred global alignment
214015,R1-R6,R,lamina,590,-131.02179960218487,46.61675763520455,0.9956420022410217,derived topology (terminal positions); inferred global alignment
215272,R1-R6,R,lamina,421,-95.46686230693356,-13.268631993683845,5.237040515323122,derived topology (terminal positions); inferred global alignment
215360,R1-R6,R,lamina,132,38.6964462404508,-73.1962588706108,40.32602825633097,derived topology (terminal positions); inferred global alignment
215973,R1-R6,R,lamina,267,-25.61680534246645,48.522461878021794,3.0087860216344913,derived topology (terminal positions); inferred global alignment
215979,R1-R6,R,lamina,546,-124.06583525206449,42.668469558993095,1.8307221617072587,derived topology (terminal positions); inferred global alignment
217487,R1-R6,R,lamina,0,57.24587058802213,38.39299862735339,44.78481515199522,derived topology (terminal positions); inferred global alignment
217708,R1-R6,R,lamina,110,51.409779614863695,-69.9105701108869,49.94766220693512,derived topology (terminal positions); inferred global alignment
217952,R1-R6,R,lamina,0,60.33818227465646,30.76555685305213,46.97836792419804,derived topology (terminal positions); inferred global alignment
218545,R1-R6,R,lamina,389,-71.39789743854777,26.251716088172117,5.688897226800723,derived topology (terminal positions); inferred global alignment
219121,R1-R6,R,lamina,631,-136.76513624857137,42.7907137728107,2.2808823014642674,derived topology (terminal positions); inferred global alignment
220879,R1-R6,R,lamina,651,-139.20639984297793,43.04525833172845,4.436249550672659,derived topology (terminal positions); inferred global alignment
220887,R1-R6,R,lamina,501,-114.77706596902141,20.071321932799762,4.256549157097158,derived topology (terminal positions); inferred global alignment
221156,R1-R6,R,lamina,156,0.22146056821775062,62.38660480538671,3.24033936969409,derived topology (terminal positions); inferred global alignment
221903,R1-R6,R,lamina,15,51.63421513633547,-39.84779942815489,39.79520423413371,derived topology (terminal positions); inferred global alignment
222113,R1-R6,R,lamina,333,-39.73696385163505,-45.870698444175986,6.490304662161548,derived topology (terminal positions); inferred global alignment
222458,R1-R6,R,lamina,299,-38.470745062083935,13.10538209515564,6.003588283361031,derived topology (terminal positions); inferred global alignment
225923,R1-R6,R,lamina,284,-24.520857258446654,-71.01417034493599,2.0326944787931924,derived topology (terminal positions); inferred global alignment
226150,R1-R6,R,lamina,421,-95.01244824451217,-18.171065303738967,5.279730599027556,derived topology (terminal positions); inferred global alignment
226615,R1-R6,R,lamina,132,41.38651972560501,-68.73698721306953,40.434554586700024,derived topology (terminal positions); inferred global alignment
227430,R1-R6,R,lamina,299,-35.14990867449278,22.179639162458944,6.612883832863433,derived topology (terminal positions); inferred global alignment
230686,R1-R6,R,lamina,0,58.676385155810905,33.16067046821348,45.45451925919193,derived topology (terminal positions); inferred global alignment
231289,R1-R6,R,lamina,339,-42.41145755197309,-70.41018438698357,3.690944368680731,derived topology (terminal positions); inferred global alignment
231608,R1-R6,R,lamina,422,-84.3003256686072,-28.589925773224707,6.260111576977515,derived topology (terminal positions); inferred global alignment
232171,R1-R6,R,lamina,476,-103.04593618965032,0.2642018919169363,7.035485594743055,derived topology (terminal positions); inferred global alignment
232426,R1-R6,R,lamina,332,-44.346279956062475,-34.75755602968623,2.8496029133957044,derived topology (terminal positions); inferred global alignment
232559,R1-R6,R,lamina,610,-136.60683239540035,47.23688093842617,3.6605701862479565,derived topology (terminal positions); inferred global alignment
232906,R1-R6,R,lamina,0,56.17031748409585,35.66257157535613,43.250722605461725,derived topology (terminal positions); inferred global alignment
233502,R1-R6,R,lamina,110,45.58373200005397,-62.255307620921535,41.45152747023819,derived topology (terminal positions); inferred global alignment
233675,R1-R6,R,lamina,207,-8.725445160793072,63.330162168224675,0.4930476977160005,derived topology (terminal positions); inferred global alignment
234032,R1-R6,R,lamina,449,-96.55856286882687,-11.27482450778657,6.74085692656891,derived topology (terminal positions); inferred global alignment
234039,R1-R6,R,lamina,4,65.52548100414378,16.31771337719776,52.17067058788864,derived topology (terminal positions); inferred global alignment
234050,R1-R6,R,lamina,15,51.776137804534756,-41.65305047768492,40.460894677902246,derived topology (terminal positions); inferred global alignment
241494,R1-R6,R,lamina,89,59.42231548520019,-62.117481028391325,54.15107283275512,derived topology (terminal positions); inferred global alignment
241583,R1-R6,R,lamina,332,-49.1087456479017,-33.405677983294304,4.522496229653796,derived topology (terminal positions); inferred global alignment
241621,R1-R6,R,lamina,110,35.24579255755309,-58.162266173782434,30.332879902588328,derived topology (terminal positions); inferred global alignment
243273,R1-R6,R,lamina,208,-6.4936740810542375,59.87299286285347,2.214507269904138,derived topology (terminal positions); inferred global alignment
244159,R1-R6,R,lamina,183,-5.979039115210334,54.51492230168818,2.433991177971249,derived topology (terminal positions); inferred global alignment
244302,R1-R6,R,lamina,270,-24.590912946307512,20.027739917195163,1.9296899029179149,derived topology (terminal positions); inferred global alignment
245427,R1-R6,R,lamina,15,51.564434395318244,-35.80913035273914,38.81690899577752,derived topology (terminal positions); inferred global alignment
247706,R1-R6,R,lamina,299,-37.0234481199341,9.635890791877268,7.348392582358753,derived topology (terminal positions); inferred global alignment
248157,R1-R6,R,lamina,358,-58.215262881103605,26.490782517151683,7.1255185002283525,derived topology (terminal positions); inferred global alignment
250103,R1-R6,R,lamina,415,-87.66975466472097,55.97869399779488,3.3932283999510267,derived topology (terminal positions); inferred global alignment
250132,R1-R6,R,lamina,333,-50.21307692276246,-48.57623514978223,4.533269523858516,derived topology (terminal positions); inferred global alignment
250901,R1-R6,R,lamina,132,27.170943789699294,-66.8652632436303,27.245244236805718,derived topology (terminal positions); inferred global alignment
251406,R1-R6,R,lamina,69,49.58242667512164,-54.38737603944748,42.232220558799305,derived topology (terminal positions); inferred global alignment
252309,R1-R6,R,lamina,240,-12.242427456551638,40.99917759700539,2.553300587527227,derived topology (terminal positions); inferred global alignment
252946,R1-R6,R,lamina,362,-56.11093340663767,-32.959641607734994,5.429639654032475,derived topology (terminal positions); inferred global alignment
254018,R1-R6,R,lamina,89,40.66729090886996,-56.0944053783763,34.49111830789026,derived topology (terminal positions); inferred global alignment
255017,R1-R6,R,lamina,707,-139.43792290986656,22.14818767052324,0.40034842957874806,derived topology (terminal positions); inferred global alignment
256658,R1-R6,R,lamina,69,61.72555157657422,-56.87957976512063,54.498351264743455,derived topology (terminal positions); inferred global alignment
258418,R1-R6,R,lamina,241,-12.100299734274252,35.284747294852735,3.7132598256556313,derived topology (terminal positions); inferred global alignment
259247,R1-R6,R,lamina,279,-22.041367442613506,-60.43165731316179,0.7167107694517081,derived topology (terminal positions); inferred global alignment
259406,R1-R6,R,lamina,132,35.19402461510542,-66.3850986041883,33.84582623173887,derived topology (terminal positions); inferred global alignment
260000,R1-R6,R,lamina,2,59.16601917250563,21.876132463993326,45.79268970351457,derived topology (terminal positions); inferred global alignment
262399,R1-R6,R,lamina,278,-25.936399601084176,-56.70691133466831,3.3970882807460963,derived topology (terminal positions); inferred global alignment
263756,R1-R6,R,lamina,2,52.445433450066886,21.946387651082492,39.071766575330734,derived topology (terminal positions); inferred global alignment
264433,R1-R6,R,lamina,332,-42.90935333344231,-30.583881932719507,7.131669387070788,derived topology (terminal positions); inferred global alignment
266397,R1-R6,R,lamina,187,-5.654941764833204,36.674474667275845,3.1972880428070702,derived topology (terminal positions); inferred global alignment
268035,R1-R6,R,lamina,299,-39.79284594316949,19.649345469374662,7.6426362900552425,derived topology (terminal positions); inferred global alignment
270261,R1-R6,R,lamina,327,-47.404675470662625,33.8896937219121,3.9562577197941313,derived topology (terminal positions); inferred global alignment
273719,R1-R6,R,lamina,332,-53.67438669694715,-38.31404794377685,7.5772785814702575,derived topology (terminal positions); inferred global alignment
274218,R1-R6,R,lamina,89,53.56521081462826,-61.63663851619844,48.527976756868966,derived topology (terminal positions); inferred global alignment
274589,R1-R6,R,lamina,328,-41.98143760689412,26.442960428384787,4.533719941967516,derived topology (terminal positions); inferred global alignment
277430,R1-R6,R,lamina,328,-44.94174628954213,27.116399046330926,2.435898010532136,derived topology (terminal positions); inferred global alignment
277668,R1-R6,R,lamina,329,-41.36014044274023,7.44133865807469,5.314852790914084,derived topology (terminal positions); inferred global alignment
277862,R1-R6,R,lamina,132,46.51259784147028,-72.02460130111474,46.49067394219082,derived topology (terminal positions); inferred global alignment
279908,R1-R6,R,lamina,327,-46.96860037020318,33.22026181433287,4.524220291804022,derived topology (terminal positions); inferred global alignment
282660,R1-R6,R,lamina,257,-15.653398122255162,-71.31035809022262,1.8580122998219188,derived topology (terminal positions); inferred global alignment
293031,R1-R6,R,lamina,90,14.255500705557012,50.57416634518199,7.874227493456588,derived topology (terminal positions); inferred global alignment
293344,R1-R6,R,lamina,332,-48.812964412439925,-40.4323693370872,4.379585686147422,derived topology (terminal positions); inferred global alignment
299194,R1-R6,R,lamina,1,59.030851246031034,26.277174614065324,45.65144019552104,derived topology (terminal positions); inferred global alignment
300399,R1-R6,R,lamina,303,-33.59530166598415,-40.83387814774421,1.82020372482597,derived topology (terminal positions); inferred global alignment
300772,R1-R6,R,lamina,110,32.39587128503938,-56.15947720429558,26.954199911248033,derived topology (terminal positions); inferred global alignment
311428,R1-R6,R,lamina,90,20.89091081906369,52.42702888273522,14.714489042669038,derived topology (terminal positions); inferred global alignment
318729,R1-R6,R,lamina,302,-40.66761408860131,-30.177169494584714,7.7939424815979095,derived topology (terminal positions); inferred global alignment
327856,R1-R6,R,lamina,70,15.607553296680365,47.62618095495432,8.0307806051162,derived topology (terminal positions); inferred global alignment
364838,R1-R6,R,lamina,89,54.902210275495776,-58.66447920432182,48.73077415740726,derived topology (terminal positions); inferred global alignment
367667,R1-R6,R,lamina,133,1.1642808328771324,55.03200387510417,1.566706948061206,derived topology (terminal positions); inferred global alignment
372895,R1-R6,R,lamina,329,-40.9272321115576,11.601375945326296,5.8039565055279185,derived topology (terminal positions); inferred global alignment
375134,R1-R6,R,lamina,269,-21.906175312218807,26.557251431237948,5.125772725782805,derived topology (terminal positions); inferred global alignment
391704,R1-R6,R,lamina,242,-17.482917875431447,24.431499858442844,3.007320704428457,derived topology (terminal positions); inferred global alignment
545783,R1-R6,R,lamina,670,-140.65281868609992,38.66205904622767,4.086025323063405,derived topology (terminal positions); inferred global alignment
545786,R1-R6,R,lamina,670,-152.74461884690365,41.374063785120875,16.21738099316682,derived topology (terminal positions); inferred global alignment
546259,R1-R6,R,lamina,453,-98.17471161336277,-50.71082985029623,4.288118440216786,derived topology (terminal positions); inferred global alignment
546504,R1-R6,R,lamina,670,-147.25643320446704,37.441896583448816,9.968164503772964,derived topology (terminal positions); inferred global alignment
548369,R1-R6,R,lamina,418,-89.66013017515559,33.89312610350201,4.291619664111395,derived topology (terminal positions); inferred global alignment
548912,R1-R6,R,lamina,453,-104.11865619550657,-48.68448896787474,2.6954768718210027,derived topology (terminal positions); inferred global alignment
551489,R1-R6,R,lamina,453,-100.16198992721215,-45.08777798112537,3.2203549244174052,derived topology (terminal positions); inferred global alignment
551496,R1-R6,R,lamina,507,-116.66081022202928,-38.766999796198114,1.546683660655793,derived topology (terminal positions); inferred global alignment
551498,R1-R6,R,lamina,480,-109.39646986063792,-40.88771375632855,0.610887501345689,derived topology (terminal positions); inferred global alignment
553929,R1-R6,R,lamina,604,-131.43631067693357,-34.93252767127493,1.6726987456931097,derived topology (terminal positions); inferred global alignment
556913,R1-R6,R,lamina,712,-146.80165940918408,1.189388296201968,7.533824013301041,derived topology (terminal positions); inferred global alignment
558406,R1-R6,R,lamina,670,-146.01684916855487,37.607585730150994,8.763165504464183,derived topology (terminal positions); inferred global alignment
558630,R1-R6,R,lamina,688,-149.8322368243564,34.66861778009787,11.556258893136901,derived topology (terminal positions); inferred global alignment
558636,R1-R6,R,lamina,688,-144.3063607509671,35.92256952453769,6.6752859962856315,derived topology (terminal positions); inferred global alignment
558708,R1-R6,R,lamina,720,-142.43704859835657,-28.58505561800649,3.252202512459347,derived topology (terminal positions); inferred global alignment
562633,R1-R6,R,lamina,611,-132.74721133261846,46.00484940485081,1.451039392789832,derived topology (terminal positions); inferred global alignment
579938,R1-R6,R,lamina,712,-146.68080149449682,0.6040410019385938,7.520038617021165,derived topology (terminal positions); inferred global alignment
590270,R1-R6,R,lamina,631,-139.98779262407493,46.97946376990439,6.250440504314948,derived topology (terminal positions); inferred global alignment
900394,R1-R6,R,lamina,713,-143.40531461852098,-2.0544488732867654,4.068862807994355,derived topology (terminal positions); inferred global alignment
900587,R1-R6,R,lamina,626,-131.86341993880507,-31.66659016932207,1.8237668781651848,derived topology (terminal positions); inferred global alignment
901565,R1-R6,R,lamina,156,4.1706012565040425,62.98499655694065,5.81884594243263,derived topology (terminal positions); inferred global alignment
966201979,R1-R6,R,lamina,89,60.47581223193782,-63.08360333708171,55.48025934171678,derived topology (terminal positions); inferred global alignment
500124,R8_unclear,R,medulla,88,13.822433634762007,-48.22894871965111,9.791690514506103,derived topology (terminal positions); inferred global alignment
500184,R7R8_unclear,R,medulla,13,39.77551559836368,-22.421868663927192,26.419462737363848,derived topology (terminal positions); inferred global alignment
500365,R8_unclear,R,medulla,21,56.724787811583994,23.307549062698563,45.32229742864231,derived topology (terminal positions); inferred global alignment
500198,R8_unclear,R,medulla,52,17.504232084771232,40.267600260502746,8.293932090147846,derived topology (terminal positions); inferred global alignment
500106,R7R8_unclear,R,medulla,14,82.91067122493405,-26.53910173000419,69.55897341440765,derived topology (terminal positions); inferred global alignment
500250,R7R8_unclear,R,medulla,12,60.81392215299722,-17.273711595093786,47.46383533569981,derived topology (terminal positions); inferred global alignment
500266,R7R8_unclear,R,medulla,15,72.27226907171396,-30.27990400500833,58.93175911926175,derived topology (terminal positions); inferred global alignment
500174,R8y,R,medulla,130,5.289660006696565,-45.09955133182956,0.3085786563231129,derived topology (terminal positions); inferred global alignment
500225,R7R8_unclear,R,medulla,14,47.19218485866074,-25.77410198551798,33.83463841988735,derived topology (terminal positions); inferred global alignment
500238,R7R8_unclear,R,medulla,15,68.21058275009568,-35.60633435138663,55.255671193601515,derived topology (terminal positions); inferred global alignment
500335,R7R8_unclear,R,medulla,10,57.919819488215325,-10.154193832148742,44.55259776830922,derived topology (terminal positions); inferred global alignment
500259,R7R8_unclear,R,medulla,15,54.52023903754028,-30.429956128867524,41.19107607635135,derived topology (terminal positions); inferred global alignment
500160,R7R8_unclear,R,medulla,15,50.87638156045554,-35.95927861621624,38.167036416417616,derived topology (terminal positions); inferred global alignment
500239,R7R8_unclear,R,medulla,15,60.73643355154783,-33.744382478996656,47.621452761988195,derived topology (terminal positions); inferred global alignment
397834,R7R8_unclear,R,medulla,15,42.44578189573126,-30.891644865960448,29.154196767372333,derived topology (terminal positions); inferred global alignment
500107,R7R8_unclear,R,medulla,15,65.81055414775082,-28.178204341553222,52.46138788147554,derived topology (terminal positions); inferred global alignment
500164,R7R8_unclear,R,medulla,15,60.76317735983784,-42.090254567426115,49.19061317206027,derived topology (terminal positions); inferred global alignment
500309,R7R8_unclear,R,medulla,15,43.94884099268249,-32.30143472576043,30.774787681376264,derived topology (terminal positions); inferred global alignment
500261,R7R8_unclear,R,medulla,0,49.87302027592949,39.93301164511548,37.99208929424047,derived topology (terminal positions); inferred global alignment
500068,R7R8_unclear,R,medulla,110,31.91346458228236,-58.0542136556973,27.22349240244562,derived topology (terminal positions); inferred global alignment
113685261,R8_unclear,R,medulla,33,21.35762798774209,40.88336040268588,11.066728883567707,derived topology (terminal positions); inferred global alignment
125460179,R8_unclear,R,medulla,10,80.12107885500473,-18.924709588118905,67.30525874099632,derived topology (terminal positions); inferred global alignment
500171,R7R8_unclear,R,medulla,15,28.8709143124167,-33.396639753654945,16.135438142289505,derived topology (terminal positions); inferred global alignment
500130,R8_unclear,R,medulla,112,9.75266179889006,50.13822919043104,4.935110712682633,derived topology (terminal positions); inferred global alignment
500191,R8_unclear,R,medulla,20,15.943604240485413,17.519005959873272,3.504506018780217,derived topology (terminal positions); inferred global alignment
500308,R8_unclear,R,medulla,92,14.521354259533851,45.44242092873567,8.691344453576894,derived topology (terminal positions); inferred global alignment
500052,R7R8_unclear,R,medulla,50,34.465059992924324,-42.713507670201025,24.143823729957585,derived topology (terminal positions); inferred global alignment
500192,R7R8_unclear,R,medulla,50,32.83397056657971,-43.05647917778347,22.69886235478211,derived topology (terminal positions); inferred global alignment
500273,R8_unclear,R,medulla,135,22.57223274831709,55.65276466086835,20.73638168248676,derived topology (terminal positions); inferred global alignment
500115,R7R8_unclear,R,medulla,15,56.60260514940899,-39.10334037891794,44.41924568508765,derived topology (terminal positions); inferred global alignment
500096,R7R8_unclear,R,medulla,14,58.97115614833034,-24.66114848752284,45.622954651168584,derived topology (terminal positions); inferred global alignment
500180,R7R8_unclear,R,medulla,50,48.43710544122506,-48.23898819453804,39.13948637229745,derived topology (terminal positions); inferred global alignment
173847,R8p,R,medulla,246,-44.18675110521693,-23.059654671243308,29.498874189048482,derived topology (terminal positions); inferred global alignment
184585,R8_unclear,R,medulla,716,-144.3902234694244,-14.58706392788794,5.069657736866883,derived topology (terminal positions); inferred global alignment
185040,R8_unclear,R,medulla,682,-138.58217651106185,-16.309180297389663,1.3677127530467614,derived topology (terminal positions); inferred global alignment
191501,R8y,R,medulla,542,-127.06961931197304,65.19112779090032,8.105330502014368,derived topology (terminal positions); inferred global alignment
500142,R7R8_unclear,R,medulla,0,55.01428432880711,34.78970527568364,41.98564842304716,derived topology (terminal positions); inferred global alignment
106150728,R8_unclear,R,medulla,18,56.71232855000336,31.533743655629674,44.64721073641694,derived topology (terminal positions); inferred global alignment
155730,R7d,R,medulla,317,-49.72932864207131,74.45903968621317,3.280489651690723,derived topology (terminal positions); inferred global alignment
354642,R8d,R,medulla,316,-49.738287371927015,75.12813657313532,3.375695777452667,derived topology (terminal positions); inferred global alignment
182140,R8y,R,medulla,193,-45.41844325730318,-6.699190470076669,41.57211805671675,derived topology (terminal positions); inferred global alignment
409910,R8_unclear,R,medulla,90,17.488577914706255,52.79020361189908,11.758172886935235,derived topology (terminal positions); inferred global alignment
322221,R8_unclear,R,medulla,49,40.68322613209561,-55.3373548552874,37.26654598739436,derived topology (terminal positions); inferred global alignment
206102,R8y,R,medulla,358,-63.77985675400899,34.02623039691961,2.5498417256367394,derived topology (terminal positions); inferred global alignment
165946,R7d,R,medulla,708,-153.385226001789,20.57708409072462,14.138647161756257,derived topology (terminal positions); inferred global alignment
175523,R8d,R,medulla,675,-159.40578280297984,21.712264590451174,22.598790238930658,derived topology (terminal positions); inferred global alignment
142788,R7d,R,medulla,90,19.321786423400226,52.960217791311216,13.474238165020244,derived topology (terminal positions); inferred global alignment
468158,R8d,R,medulla,91,26.76420416201738,53.84030207640806,21.866866554695786,derived topology (terminal positions); inferred global alignment
500063,R7R8_unclear,R,medulla,110,32.82012372269503,-61.13272995015698,29.415243959318573,derived topology (terminal positions); inferred global alignment
223853,R8y,R,medulla,354,-60.82056333903719,59.5410655383736,3.004351807255931,derived topology (terminal positions); inferred global alignment
179268,R8y,R,medulla,192,-53.97177383811414,3.852883207821,50.17789035799325,derived topology (terminal positions); inferred global alignment
192345,R8y,R,medulla,595,-123.1885308593994,22.90773401123409,7.661024350880569,derived topology (terminal positions); inferred global alignment
194342,R8y,R,medulla,270,-44.85072040286736,19.20933123930159,22.171969198343884,derived topology (terminal positions); inferred global alignment
500199,R7R8_unclear,R,medulla,89,32.954927053455165,-50.83651945498851,25.4346765919147,derived topology (terminal positions); inferred global alignment
221224,R7_unclear,R,medulla,120,-39.53059194620273,10.07706105319148,44.65152750701889,derived topology (terminal positions); inferred global alignment
143605,R8y,R,medulla,442,-100.26683012824674,57.71335452912575,1.6256291046311397,derived topology (terminal positions); inferred global alignment
195315,R7p,R,medulla,692,-140.22470988725718,18.050859185353684,1.8189245447027902,derived topology (terminal positions); inferred global alignment
500202,R8_unclear,R,medulla,106,19.062879628676285,-43.703169605685936,16.33907448038791,derived topology (terminal positions); inferred global alignment
154123,R7d,R,medulla,689,-155.60216227893983,34.20146436986495,17.841043066669176,derived topology (terminal positions); inferred global alignment
154850,R8d,R,medulla,705,-157.97227483233598,35.07099833453336,19.416893170714875,derived topology (terminal positions); inferred global alignment
133318818,R7_unclear,R,medulla,11,32.93747910588942,-9.771686046180196,20.11342716905931,derived topology (terminal positions); inferred global alignment
234727,R8p,R,medulla,207,-17.342900780101772,59.13809993355199,9.458977606897458,derived topology (terminal positions); inferred global alignment
230159,R7p,R,medulla,243,-28.9038921481092,12.600661281607595,14.2080614178472,derived topology (terminal positions); inferred global alignment
200523,R8_unclear,R,medulla,686,-160.15102087783396,-37.00431811670812,23.26060362623708,derived topology (terminal positions); inferred global alignment
101414,R7y,R,medulla,660,-124.85010408781608,-0.9961621463443378,11.26101457221585,derived topology (terminal positions); inferred global alignment
161375,R7y,R,medulla,423,-77.58018871947732,-33.49902454007951,14.443553401951108,derived topology (terminal positions); inferred global alignment
187665,R7y,R,medulla,716,-157.0227902581409,-14.836782382594826,17.700205329889066,derived topology (terminal positions); inferred global alignment
108231286,R8_unclear,R,medulla,8,79.22983489488936,-6.735431871282158,66.03392069288152,derived topology (terminal positions); inferred global alignment
40328,R8_unclear,R,medulla,381,-79.18077003977876,71.58842936993389,1.908598844652145,derived topology (terminal positions); inferred global alignment
169341,R7y,R,medulla,192,-35.1143892477256,2.9430267931988783,31.305228723463202,derived topology (terminal positions); inferred global alignment
257257,R7p,R,medulla,168,-6.959714336962435,-3.594208585063284,6.7438949416498275,derived topology (terminal positions); inferred global alignment
224304,R8y,R,medulla,239,-23.633158934759074,41.7227610193193,10.233389968629012,derived topology (terminal positions); inferred global alignment
500090,R7R8_unclear,R,medulla,155,10.405065797360038,-57.35580725759431,8.091482903711183,derived topology (terminal positions); inferred global alignment
161557,R8p,R,medulla,352,-65.60898144992615,64.18963230649004,5.872133726963672,derived topology (terminal positions); inferred global alignment
188807,R8_unclear,R,medulla,491,-115.04674246026835,69.91938382404703,4.86741259276642,derived topology (terminal positions); inferred global alignment
246311,R7y,R,medulla,251,-21.296682601412577,-53.4806716672782,6.98916144893381,derived topology (terminal positions); inferred global alignment
553205,R8_unclear,R,medulla,274,-27.704608440992445,-30.096071917266123,5.105942394957619,derived topology (terminal positions); inferred global alignment
208835,R8p,R,medulla,474,-84.19503720235988,25.618443561541273,25.974558588799518,derived topology (terminal positions); inferred global alignment
196157,R8_unclear,R,medulla,522,-103.29383016107298,45.298368358088595,18.189367599746078,derived topology (terminal positions); inferred global alignment
193485,R7_unclear,R,medulla,691,-155.27393665293573,23.199638309005262,16.904938113334204,derived topology (terminal positions); inferred global alignment
500076,R7R8_unclear,R,medulla,50,27.11702764994382,-39.30835819685386,16.158733530446046,derived topology (terminal positions); inferred global alignment
233834,R8_unclear,R,medulla,143,-8.00214408881228,6.580034345300807,10.781717934637673,derived topology (terminal positions); inferred global alignment
150196,R7_unclear,R,medulla,627,-132.45748723639434,-36.92404016261361,0.5895493275108563,derived topology (terminal positions); inferred global alignment
225702,R8y,R,medulla,324,-51.29377125604984,57.49144818976888,5.21792725269384,derived topology (terminal positions); inferred global alignment
400334,R8_unclear,R,medulla,68,15.059035303534031,-41.2638682469436,7.2264837127106825,derived topology (terminal positions); inferred global alignment
182120,R8_unclear,R,medulla,301,-48.84017991046769,-13.425279795437937,15.787295979070533,derived topology (terminal positions); inferred global alignment
330359,R8_unclear,R,medulla,232,-20.074924073554996,67.0752514567658,5.519025486026942,derived topology (terminal positions); inferred global alignment
208338,R8p,R,medulla,172,-29.48475322458416,-34.36145410058317,29.297629447780626,derived topology (terminal positions); inferred global alignment
394316,R8_unclear,R,medulla,32,20.40329126410016,-36.30222780878864,8.9759857707829,derived topology (terminal positions); inferred global alignment
480615166,R7_unclear,R,medulla,32,23.631711823449322,-37.0598150206772,12.218354869159151,derived topology (terminal positions); inferred global alignment
95643,R8d,R,medulla,566,-134.9060763160315,63.04149060363606,11.943572691207937,derived topology (terminal positions); inferred global alignment
500088,R7R8_unclear,R,medulla,16,43.98508296578525,41.603543064194625,32.79446748304217,derived topology (terminal positions); inferred global alignment
500159,R7R8_unclear,R,medulla,16,46.61155050440392,43.89978283586077,35.98234298291068,derived topology (terminal positions); inferred global alignment
192378,R8p,R,medulla,683,-149.86357258573452,-20.16978092064869,12.619097680357601,derived topology (terminal positions); inferred global alignment
500158,R8_unclear,R,medulla,93,20.334600837048853,45.88803367634327,15.831736139550799,derived topology (terminal positions); inferred global alignment
500177,R7_unclear,R,medulla,51,19.128281318643204,45.6761496834202,10.796334380228451,derived topology (terminal positions); inferred global alignment
500100,R7R8_unclear,R,medulla,50,34.111667962457645,-44.62327587104818,24.441214223010817,derived topology (terminal positions); inferred global alignment
500104,R7R8_unclear,R,medulla,50,34.46207203176836,-43.50458343736353,24.384289064138642,derived topology (terminal positions); inferred global alignment
156632,R7p,R,medulla,448,-92.46925626345238,7.675224434475275,9.163298413915939,derived topology (terminal positions); inferred global alignment
210286,R7p,R,medulla,597,-88.76166568713126,9.351098876128043,42.0824580028753,derived topology (terminal positions); inferred global alignment
157200,R7p,R,medulla,662,-135.2582659396469,-9.787072439788648,1.015228331151475,derived topology (terminal positions); inferred global alignment
217398,R7p,R,medulla,680,-140.73295888371263,-7.180641105780106,3.4360624311525267,derived topology (terminal positions); inferred global alignment
107061,R7d,R,medulla,610,-143.00568198765447,60.54328900948288,16.40152384373079,derived topology (terminal positions); inferred global alignment
108053,R8d,R,medulla,591,-143.02616654191985,61.9431814650994,23.283607058025954,derived topology (terminal positions); inferred global alignment
277197,R8p,R,medulla,349,-64.93159955898646,71.74174216202132,3.8689480998731938,derived topology (terminal positions); inferred global alignment
500186,R8_unclear,R,medulla,26,26.583718137124464,-10.308756453294498,14.223534673179946,derived topology (terminal positions); inferred global alignment
197826,R8_unclear,R,medulla,656,-157.01197485644138,24.87789657096361,21.39545308172093,derived topology (terminal positions); inferred global alignment
229481,R8y,R,medulla,111,9.42280439289857,56.848715162899325,7.060904106775314,derived topology (terminal positions); inferred global alignment
208820,R7R8_unclear,R,medulla,89,29.747166623547898,-52.92549462314219,23.216693616596835,derived topology (terminal positions); inferred global alignment
195277,R8_unclear,R,medulla,307,-37.85121949635058,-61.17073797830123,5.001628130934237,derived topology (terminal positions); inferred global alignment
162357,R8p,R,medulla,309,-37.36432536624872,-68.97723886793644,4.5614182338493325,derived topology (terminal positions); inferred global alignment
500357,R8_unclear,R,medulla,11,41.94193665481424,-17.423460906871682,28.73768792928524,derived topology (terminal positions); inferred global alignment
207176,R8_unclear,R,medulla,155,14.189630277357637,-68.26893174588902,17.65428235144697,derived topology (terminal positions); inferred global alignment
190370,R7_unclear,R,medulla,357,-63.851420516537075,37.129984527067855,7.1037349116098625,derived topology (terminal positions); inferred global alignment
232477,R7_unclear,R,medulla,217,-11.854152153536695,6.109548895541611,3.2611061115463458,derived topology (terminal positions); inferred global alignment
186841,R8_unclear,R,medulla,607,-132.57652533050887,-45.50561695686313,1.8273803762041678,derived topology (terminal positions); inferred global alignment
193711,R8p,R,medulla,409,-87.39974638495033,73.43664748741674,3.826640247511227,derived topology (terminal positions); inferred global alignment
387377048,R8_unclear,R,medulla,7,73.21563847857277,10.802193681395572,60.43174250074711,derived topology (terminal positions); inferred global alignment
215911,R8y,R,medulla,269,-33.570764795618985,30.46698694434521,10.933083120211055,derived topology (terminal positions); inferred global alignment
197760,R8p,R,medulla,218,-56.68379280546404,-2.7560712947989736,48.12774833258901,derived topology (terminal positions); inferred global alignment
182032,R7y,R,medulla,488,-102.14502421047817,-63.76642680075022,9.226596834613849,derived topology (terminal positions); inferred global alignment
500305,R8_unclear,R,medulla,3,40.68411665356108,22.72822151810391,27.59712706280366,derived topology (terminal positions); inferred global alignment
230573,R7y,R,medulla,135,2.4054844628658287,50.552220476648394,0.9266849505209277,derived topology (terminal positions); inferred global alignment
368667,R7y,R,medulla,138,-20.253144418069198,34.29237545922032,23.304379966533464,derived topology (terminal positions); inferred global alignment
217052,R8p,R,medulla,208,-9.052899049197194,60.058719436798356,0.5790338577155598,derived topology (terminal positions); inferred global alignment
272229,R7y,R,medulla,95,2.982036392594239,26.490767642126002,4.584328600380008,derived topology (terminal positions); inferred global alignment
171516,R8y,R,medulla,577,-113.4911793971391,-7.40689127375276,14.824077981458291,derived topology (terminal positions); inferred global alignment
165585,R7p,R,medulla,543,-125.13791682292188,53.79768150068362,0.8529827513313828,derived topology (terminal positions); inferred global alignment
96906,R8d,R,medulla,463,-109.84646968652692,74.81799067016742,4.417574651514951,derived topology (terminal positions); inferred global alignment
168042,R7d,R,medulla,463,-110.51563539490914,71.79193472257067,1.3827711381541303,derived topology (terminal positions); inferred global alignment
205118,R8y,R,medulla,373,-58.4230301715705,-74.47842941853484,3.277181216003757,derived topology (terminal positions); inferred global alignment
177876,R7_unclear,R,medulla,517,-120.26972708108576,63.353440879902855,2.360554167421056,derived topology (terminal positions); inferred global alignment
211491,R8y,R,medulla,384,-75.15422164899658,54.376543066782205,9.435622382357836,derived topology (terminal positions); inferred global alignment
194774,R8_unclear,R,medulla,278,-31.00314745215203,-56.8950397327068,8.420565135743153,derived topology (terminal positions); inferred global alignment
191171,R8p,R,medulla,362,-63.794734080948054,-28.194238204063026,4.397093147431102,derived topology (terminal positions); inferred global alignment
176282,R8_unclear,R,medulla,508,-79.2217550015741,-41.21631839770575,37.4446801983955,derived topology (terminal positions); inferred global alignment
358150,R8y,R,medulla,95,7.454114514968282,28.16275676449236,0.4861340497771062,derived topology (terminal positions); inferred global alignment
259825,R8y,R,medulla,150,-13.538974733106038,-35.49606214564719,16.40508181496882,derived topology (terminal positions); inferred global alignment
158889,R7y,R,medulla,555,-101.07745728381292,-17.168633114597082,24.335298104735035,derived topology (terminal positions); inferred global alignment
544834,R7y,R,medulla,144,-13.842551627957683,-0.4348475722000943,16.58483226402421,derived topology (terminal positions); inferred global alignment
239832,R7y,R,medulla,337,-48.85447198849077,-61.56264694974735,5.3467597733452985,derived topology (terminal positions); inferred global alignment
211789,R8p,R,medulla,296,-57.493235798800846,41.414795308714496,25.171358424473432,derived topology (terminal positions); inferred global alignment
507558,R7_unclear,R,medulla,206,-12.704709681669343,64.83075236364448,4.069018300594815,derived topology (terminal positions); inferred global alignment
166891,R7y,R,medulla,655,-151.71354623678235,26.008704517070946,15.658811269643804,derived topology (terminal positions); inferred global alignment
187001,R8p,R,medulla,520,-120.15862110529807,54.934696291830036,2.2511783267399292,derived topology (terminal positions); inferred global alignment
172046,R7p,R,medulla,477,-97.75439971920792,-11.936570385021241,12.270710550026577,derived topology (terminal positions); inferred global alignment
192209,R8y,R,medulla,694,-160.00002826778956,12.486568560354396,21.84565841525086,derived topology (terminal positions); inferred global alignment
183627,R7_unclear,R,medulla,278,-45.604430991435855,-47.40716135503452,25.050728542699474,derived topology (terminal positions); inferred global alignment
193907,R8y,R,medulla,678,-158.7391265455407,3.9229012845131432,21.4654382747512,derived topology (terminal positions); inferred global alignment
192432,R8_unclear,R,medulla,500,-75.61193065274114,27.952078925680055,40.96523338213536,derived topology (terminal positions); inferred global alignment
219773,R7y,R,medulla,390,-70.42841301292034,9.38083117533573,6.52333630623077,derived topology (terminal positions); inferred global alignment
270939,R8_unclear,R,medulla,199,-4.137510227152347,-47.06849529416778,1.398120671905518,derived topology (terminal positions); inferred global alignment
82086,R8y,R,medulla,313,-33.39228226854151,-75.02072609585481,0.91150263221849,derived topology (terminal positions); inferred global alignment
240829,R8_unclear,R,medulla,216,-17.7630104091269,16.14240670841637,9.157823250092887,derived topology (terminal positions); inferred global alignment
213425473,R8_unclear,R,medulla,4,31.517922570301337,18.42456426694558,18.49288811210919,derived topology (terminal positions); inferred global alignment
218397,R8_unclear,R,medulla,702,-163.50290453194958,-25.107210663173,25.150107636301993,derived topology (terminal positions); inferred global alignment
241461,R8_unclear,R,medulla,151,2.4680508392850697,-42.580367351305604,0.565985785336937,derived topology (terminal positions); inferred global alignment
214309,R8y,R,medulla,164,-29.49337401780116,24.575989091845873,29.383194528934755,derived topology (terminal positions); inferred global alignment
187353,R7y,R,medulla,327,-55.50372478163241,33.8075364026815,9.952663679532339,derived topology (terminal positions); inferred global alignment
318644,R8y,R,medulla,121,-1.9745356834604664,2.8536135096952995,7.14753528047997,derived topology (terminal positions); inferred global alignment
181022,R8p,R,medulla,673,-146.96501684596888,30.905886345642365,11.073066516747927,derived topology (terminal positions); inferred global alignment
121841,R7d,R,medulla,673,-158.73985359276912,27.437563749840766,21.493786751256977,derived topology (terminal positions); inferred global alignment
155183,R8d,R,medulla,691,-161.69625011826992,28.144910128785686,24.096937134835933,derived topology (terminal positions); inferred global alignment
500097,R7_unclear,R,medulla,128,0.6986889904704867,-34.924810848089955,4.980255699190156,derived topology (terminal positions); inferred global alignment
178464,R8p,R,medulla,581,-97.8975845515896,-28.02070385782077,30.86284172257218,derived topology (terminal positions); inferred global alignment
196810,R8p,R,medulla,514,-117.63411132352486,-65.38032537442977,1.377142158767629,derived topology (terminal positions); inferred global alignment
217533,R8p,R,medulla,289,-41.95387179098164,66.006429068045,10.435849422329765,derived topology (terminal positions); inferred global alignment
168699,R7p,R,medulla,314,-39.3783228023271,-73.9190776233615,6.609996931586458,derived topology (terminal positions); inferred global alignment
206597,R7_unclear,R,medulla,307,-35.27577127317369,-61.929086594562925,2.3251121407104534,derived topology (terminal positions); inferred global alignment
199085,R8y,R,medulla,359,-62.36402079357159,19.930504616143686,1.9887650322163202,derived topology (terminal positions); inferred global alignment
500092,R8_unclear,R,medulla,66,46.30130286815826,-52.68630443451653,43.4807134756105,derived topology (terminal positions); inferred global alignment
500056,R8y,R,medulla,161,-3.1586347560877286,43.68930472366459,2.9357495488087713,derived topology (terminal positions); inferred global alignment
190143,R7p,R,medulla,429,-89.55773441407275,-67.85446607280137,0.9878383019777208,derived topology (terminal positions); inferred global alignment
212839,R7p,R,medulla,433,-83.17821306957997,-67.19593777274129,10.297902975586254,derived topology (terminal positions); inferred global alignment
193317,R8y,R,medulla,456,-100.21030964333762,-59.611824705045485,2.402961876477257,derived topology (terminal positions); inferred global alignment
175286,R8_unclear,R,medulla,713,-143.36511284584319,-1.6347604694251743,4.059536096639897,derived topology (terminal positions); inferred global alignment
184298,R7p,R,medulla,432,-80.72128534306734,-57.867216679577304,18.277139802247262,derived topology (terminal positions); inferred global alignment
200994,R7y,R,medulla,367,-59.62569067435143,-56.557556247692204,9.196479914476237,derived topology (terminal positions); inferred global alignment
209357,R7y,R,medulla,290,-60.99921325510632,44.47514562369852,37.78317758314534,derived topology (terminal positions); inferred global alignment
179124,R7_unclear,R,medulla,333,-60.762764385884374,-34.738215095378074,18.699688467820295,derived topology (terminal positions); inferred global alignment
254266,R7p,R,medulla,176,-18.534162565388634,-45.40814408445753,19.058812822120814,derived topology (terminal positions); inferred global alignment
170766,R8y,R,medulla,638,-132.26394782067717,13.498374243173965,2.466749403772004,derived topology (terminal positions); inferred global alignment
202662,R8_unclear,R,medulla,558,-86.25172610254592,-32.857357211968974,39.42825188579127,derived topology (terminal positions); inferred global alignment
200773,R7_unclear,R,medulla,292,-43.68715193912443,57.056690890541255,13.575444007323895,derived topology (terminal positions); inferred global alignment
178554,R8p,R,medulla,653,-143.70433996039822,38.82854348872579,9.564063336046255,derived topology (terminal positions); inferred global alignment
132081,R7_unclear,R,medulla,521,-99.74518466073621,43.55821748888647,22.514817787671326,derived topology (terminal positions); inferred global alignment
500245,R8d,R,medulla,53,39.45033894413976,47.835126306438134,32.89243619053336,derived topology (terminal positions); inferred global alignment
500282,R7d,R,medulla,33,38.84677080456264,46.78880934713947,29.469936006074196,derived topology (terminal positions); inferred global alignment
169088,R7y,R,medulla,454,-86.34613962370169,-41.99480881789612,19.112848017268526,derived topology (terminal positions); inferred global alignment
533913,R8p,R,medulla,476,-97.36421458057855,0.8020299724193538,12.725217564318523,derived topology (terminal positions); inferred global alignment
166165,R8p,R,medulla,265,-42.90085518956329,47.06689778475626,22.82919168745452,derived topology (terminal positions); inferred global alignment
30038,R8y,R,medulla,379,-81.69471829598226,76.35225563074137,4.8164125326683065,derived topology (terminal positions); inferred global alignment
221889,R7y,R,medulla,111,6.685731746341034,51.61551898758478,1.5989014888698556,derived topology (terminal positions); inferred global alignment
231360,R8y,R,medulla,294,-41.830741447007895,54.49609759467297,9.712971723605145,derived topology (terminal positions); inferred global alignment
390018,R7y,R,medulla,259,-32.02341514649281,65.86912205612927,10.972443146075346,derived topology (terminal positions); inferred global alignment
178085,R8_unclear,R,medulla,583,-93.99324547852214,-36.01054981683247,34.931985372067224,derived topology (terminal positions); inferred global alignment
134524,R7_unclear,R,medulla,450,-83.30535485791671,-18.118834113750484,18.39460917160586,derived topology (terminal positions); inferred global alignment
160815,R7p,R,medulla,605,-128.1977507663778,-39.06180158207138,2.8085123205687013,derived topology (terminal positions); inferred global alignment
208533,R8_unclear,R,medulla,436,-104.33054904577521,73.65345912746601,2.83884811440925,derived topology (terminal positions); inferred global alignment
227633,R8y,R,medulla,356,-61.593739878799646,46.50611535903222,5.462817401151837,derived topology (terminal positions); inferred global alignment
165894,R8y,R,medulla,580,-87.63230303913505,-25.379633245360885,40.724836321818735,derived topology (terminal positions); inferred global alignment
179689,R7_unclear,R,medulla,556,-77.2070512038359,-20.901936063141935,48.42704091021301,derived topology (terminal positions); inferred global alignment
150621,R7p,R,medulla,392,-70.66679128790834,-23.121348725709712,6.395221552260334,derived topology (terminal positions); inferred global alignment
155203,R7y,R,medulla,455,-96.16909670443363,-51.66746694576459,8.335263264062757,derived topology (terminal positions); inferred global alignment
149122,R7y,R,medulla,695,-156.9775810203497,4.802687469512783,18.579899589271132,derived topology (terminal positions); inferred global alignment
327269,R8p,R,medulla,165,-11.350958311789093,19.169680659844783,11.183128921620945,derived topology (terminal positions); inferred global alignment
500023,R8y,R,medulla,107,26.206192956025802,-59.20768176931286,29.496389427986234,derived topology (terminal positions); inferred global alignment
176714,R7p,R,medulla,352,-64.38442655085495,61.20387942649779,7.850185055873991,derived topology (terminal positions); inferred global alignment
195849,R8_unclear,R,medulla,243,-52.388512172312375,10.72977658867669,37.72444976477977,derived topology (terminal positions); inferred global alignment
81261,R8d,R,medulla,544,-130.5358658416448,68.76186355608728,17.955110549829918,derived topology (terminal positions); inferred global alignment
89100,R7d,R,medulla,541,-130.37135998624854,66.40280641170473,8.448242457174253,derived topology (terminal positions); inferred global alignment
500121,R8_unclear,R,medulla,38,12.719664058923726,16.23669448039932,1.4525035778573665,derived topology (terminal positions); inferred global alignment
323598,R7y,R,medulla,291,-34.99209883170016,65.90514643341922,2.827054729041602,derived topology (terminal positions); inferred global alignment
545388,R8p,R,medulla,223,-44.84193304358307,-42.623041137338475,36.34484497332983,derived topology (terminal positions); inferred global alignment
179782,R8d,R,medulla,435,-101.73209064696381,73.99537766492608,0.6501745172476276,derived topology (terminal positions); inferred global alignment
158650,R8p,R,medulla,413,-84.51658138128073,57.32037111457168,8.614028626575921,derived topology (terminal positions); inferred global alignment
174749,R8y,R,medulla,308,-42.0781887003245,-66.00547395682179,9.148421013629036,derived topology (terminal positions); inferred global alignment
168842,R8_unclear,R,medulla,659,-114.1097039808425,6.814522699407978,22.00558975619534,derived topology (terminal positions); inferred global alignment
188427,R8p,R,medulla,681,-154.51070034566524,-11.73129277053927,17.21751226256342,derived topology (terminal positions); inferred global alignment
201627,R7y,R,medulla,383,-71.88343747479936,59.29162641104258,9.146743557394636,derived topology (terminal positions); inferred global alignment
500201,R7_unclear,R,medulla,158,2.116976399496764,56.7983271309163,3.5213005654989966,derived topology (terminal positions); inferred global alignment
182805,R8y,R,medulla,679,-158.71184658972498,-3.0953067030773997,21.412565082836036,derived topology (terminal positions); inferred global alignment
162793,R7p,R,medulla,710,-142.60399586099794,11.159993235040744,3.2792348720678675,derived topology (terminal positions); inferred global alignment
184737,R8_unclear,R,medulla,485,-106.56582562663851,-61.34440932032336,3.572333137190389,derived topology (terminal positions); inferred global alignment
190626,R8p,R,medulla,305,-37.83849873743938,-53.67254282726223,4.816364550078275,derived topology (terminal positions); inferred global alignment
175231,R8p,R,medulla,533,-117.24023929775993,-38.56943240534281,4.213935668886881,derived topology (terminal positions); inferred global alignment
207755,R8_unclear,R,medulla,699,-170.0016680572951,-13.094314387096976,31.627393988949784,derived topology (terminal positions); inferred global alignment
148953,R8_unclear,R,medulla,398,-71.25795366824528,-59.79498525387666,8.681347469114465,derived topology (terminal positions); inferred global alignment
201146,R8y,R,medulla,612,-135.13569626390156,44.70107007031204,4.111636151343306,derived topology (terminal positions); inferred global alignment
500053,R8y,R,medulla,67,29.957138001436505,-48.529695210808015,25.54117744220114,derived topology (terminal positions); inferred global alignment
103892,R8y,R,medulla,669,-138.61350386989935,-41.78712685111482,3.271384744352805,derived topology (terminal positions); inferred global alignment
500235,R8_unclear,R,medulla,46,24.238131587630534,-22.94892801217158,13.04351279089511,derived topology (terminal positions); inferred global alignment
175575,R8y,R,medulla,590,-132.68908890185,49.62693144831623,4.3783608747364084,derived topology (terminal positions); inferred global alignment
216318,R8_unclear,R,medulla,433,-87.88218685423368,-73.34519726921309,2.7322414780681363,derived topology (terminal positions); inferred global alignment
213648,R7y,R,medulla,174,-28.94519978360698,-34.15741280584698,30.060190149192955,derived topology (terminal positions); inferred global alignment
217791,R8y,R,medulla,666,-161.34929175587735,-35.07318998723337,26.03717204825849,derived topology (terminal positions); inferred global alignment
164624,R8p,R,medulla,392,-71.11727402821272,-25.165011504343113,5.852349589187004,derived topology (terminal positions); inferred global alignment
500272,R7R8_unclear,R,medulla,14,67.78891692333272,-26.61104326749297,54.44024272460867,derived topology (terminal positions); inferred global alignment
546654,R7p,R,medulla,214,-65.80803374122479,24.829005214128145,57.80766555133037,derived topology (terminal positions); inferred global alignment
192611,R7y,R,medulla,356,-67.99871099225619,41.909466129392754,11.91755192600457,derived topology (terminal positions); inferred global alignment
175461,R7y,R,medulla,204,-5.345976409622104,-65.97154173100492,3.599198344690807,derived topology (terminal positions); inferred global alignment
175549,R7y,R,medulla,617,-114.30885299079193,18.17043495705721,18.59525816940006,derived topology (terminal positions); inferred global alignment
95971,R7d,R,medulla,407,-89.33823953255333,74.5662357475412,1.6954916001384426,derived topology (terminal positions); inferred global alignment
285915,R7_unclear,R,medulla,228,-7.692931919969894,-62.29467321428019,0.9111295884824883,derived topology (terminal positions); inferred global alignment
181509,R8p,R,medulla,363,-64.59242441964234,-41.59457562988926,3.5432105811450363,derived topology (terminal positions); inferred global alignment
191599,R7_unclear,R,medulla,559,-120.52018622079224,-42.92474847402526,4.743338776120666,derived topology (terminal positions); inferred global alignment
177356,R8y,R,medulla,394,-74.72788927331163,-44.11959580416982,3.5168286296539177,derived topology (terminal positions); inferred global alignment
227415,R7y,R,medulla,618,-125.53622706703132,12.01247123424854,7.365451828428337,derived topology (terminal positions); inferred global alignment
500059,R7y,R,medulla,116,-6.91893867870602,28.82689985104963,12.81186315985854,derived topology (terminal positions); inferred global alignment
178815,R7y,R,medulla,452,-91.70372297043822,-36.04908522059331,10.92318980918127,derived topology (terminal positions); inferred global alignment
213766,R7_unclear,R,medulla,197,-39.71960479187778,-29.999628292857874,36.88228477109054,derived topology (terminal positions); inferred global alignment
274238,R8_unclear,R,medulla,103,-4.408532095617794,-17.269213137890965,11.506083038239195,derived topology (terminal positions); inferred global alignment
189213,R8_unclear,R,medulla,375,-65.68129556613883,-74.51111964266148,5.812662162138962,derived topology (terminal positions); inferred global alignment
162002,R7_unclear,R,medulla,606,-130.07991027425714,-42.74890205603285,1.027327549956635,derived topology (terminal positions); inferred global alignment
167518,R7p,R,medulla,302,-55.67528262766802,-23.851319359663627,23.013152768155674,derived topology (terminal positions); inferred global alignment
189913,R7y,R,medulla,403,-71.34706904861433,-62.800220938855446,13.612854064701256,derived topology (terminal positions); inferred global alignment
194442,R8y,R,medulla,417,-83.21909239763644,39.649491532649286,7.550392452784035,derived topology (terminal positions); inferred global alignment
208419,R7_unclear,R,medulla,336,-51.855189851111156,-51.74335375909263,12.599562566204112,derived topology (terminal positions); inferred global alignment
214151,R7p,R,medulla,529,-103.7028848458335,-9.191743059364434,17.680007750135108,derived topology (terminal positions); inferred global alignment
185071,R8_unclear,R,medulla,512,-115.47012218766218,-60.84592585575252,0.8128535308186572,derived topology (terminal positions); inferred global alignment
500054,R8y,R,medulla,25,12.563363997427388,-3.4215069518682584,0.8780733199707373,derived topology (terminal positions); inferred global alignment
210104,R8y,R,medulla,515,-115.31258011079473,-67.26947040805842,0.9723890581486726,derived topology (terminal positions); inferred global alignment
172742,R7y,R,medulla,483,-104.88406660027586,-53.003773038469674,6.08809274818582,derived topology (terminal positions); inferred global alignment
419239,R7p,R,medulla,181,-10.467229035743365,58.06967109784464,7.140826063589147,derived topology (terminal positions); inferred global alignment
500041,R8d,R,medulla,407,-89.14754882722535,76.85820444778838,2.850099837232695,derived topology (terminal positions); inferred global alignment
108630,R8d,R,medulla,378,-73.91349242804465,77.1770187812304,3.8006300182749433,derived topology (terminal positions); inferred global alignment
142122,R7_unclear,R,medulla,379,-71.66991956609439,69.32455567792272,7.538563729258704,derived topology (terminal positions); inferred global alignment
336527,R8y,R,medulla,252,-15.943078143552782,-57.205355930488935,2.294806905865287,derived topology (terminal positions); inferred global alignment
198808,R8p,R,medulla,606,-128.55142680583015,-41.8738233488696,2.206274177044536,derived topology (terminal positions); inferred global alignment
274366,R8y,R,medulla,235,-26.101698829238636,59.20107478785589,11.797260944325355,derived topology (terminal positions); inferred global alignment
234695,R8y,R,medulla,136,3.666236536373063,46.893654388552534,1.097932226580349,derived topology (terminal positions); inferred global alignment
164547,R7y,R,medulla,257,-16.686177756975113,-69.23909118052326,2.146847688201145,derived topology (terminal positions); inferred global alignment
378897,R7_unclear,R,medulla,159,-9.441542974140198,48.92417553724534,9.468375546698379,derived topology (terminal positions); inferred global alignment
223181,R8y,R,medulla,320,-51.57493152427705,68.60557221201316,5.6050565136855885,derived topology (terminal positions); inferred global alignment
244506,R7p,R,medulla,289,-42.456332416216114,64.87082782770699,11.50450483033983,derived topology (terminal positions); inferred global alignment
136604,R8_unclear,R,medulla,644,-132.88931104973477,-19.67438081463451,1.7198299871104585,derived topology (terminal positions); inferred global alignment
237616,R8_unclear,R,medulla,303,-35.0457738191858,-39.14246553319243,1.9933815160711503,derived topology (terminal positions); inferred global alignment
210379,R7y,R,medulla,191,-21.198008284228365,8.631383557127798,17.32082243604524,derived topology (terminal positions); inferred global alignment
175582,R7_unclear,R,medulla,523,-89.12100137550726,35.09049054775758,32.69057343902883,derived topology (terminal positions); inferred global alignment
191765,R8_unclear,R,medulla,563,-122.16027613255963,-57.48808947279318,2.9750830019308268,derived topology (terminal positions); inferred global alignment
232728,R8p,R,medulla,267,-33.10727838003232,44.844718901838576,10.778617459294018,derived topology (terminal positions); inferred global alignment
180648,R8d,R,medulla,205,-14.009201030569358,68.42576813890119,5.637704559319808,derived topology (terminal positions); inferred global alignment
162618,R8_unclear,R,medulla,124,-59.382795546045465,-15.847510181146964,64.49867234669661,derived topology (terminal positions); inferred global alignment
405022,R8_unclear,R,medulla,69,26.487472688096247,-54.719412709522345,22.506018119847273,derived topology (terminal positions); inferred global alignment
349549,R7y,R,medulla,293,-39.88331624673579,57.95684262161205,8.193730709547546,derived topology (terminal positions); inferred global alignment
174126,R7y,R,medulla,509,-105.25125755380003,-47.10689995937648,11.692806599178951,derived topology (terminal positions); inferred global alignment
170342,R8y,R,medulla,569,-123.5967597455317,41.93527824936179,4.9099796183876645,derived topology (terminal positions); inferred global alignment
190676,R8_unclear,R,medulla,646,-122.33880510191761,-30.619183925313934,12.343913736097297,derived topology (terminal positions); inferred global alignment
500289,R8d,R,medulla,70,24.717178011818064,52.724656223003265,18.46556454381978,derived topology (terminal positions); inferred global alignment
228330,R8y,R,medulla,351,-71.56477788941436,62.42618526716468,12.838149145293173,derived topology (terminal positions); inferred global alignment
185848,R7_unclear,R,medulla,256,-16.48742115920279,-69.19514605279974,2.093351673415652,derived topology (terminal positions); inferred global alignment
175115,R8_unclear,R,medulla,380,-72.08556226434376,73.3571350381951,5.220796006882711,derived topology (terminal positions); inferred global alignment
60378,R7p,R,medulla,665,-135.64916726304142,-22.78455194833555,2.0640035651612614,derived topology (terminal positions); inferred global alignment
176290,R8_unclear,R,medulla,548,-89.48804966263953,36.539922703422846,35.92377091653524,derived topology (terminal positions); inferred global alignment
212852,R7y,R,medulla,489,-101.99670642173979,-67.01219994249894,8.485205031733635,derived topology (terminal positions); inferred global alignment
188834,R8p,R,medulla,575,-89.98572132768366,10.19926042388795,38.43095133774415,derived topology (terminal positions); inferred global alignment
209679,R8_unclear,R,medulla,696,-166.8223941284345,-0.6008264549621413,28.434647203593816,derived topology (terminal positions); inferred global alignment
244860,R8p,R,medulla,149,-18.93614268813628,-32.03799648358608,21.65732241687832,derived topology (terminal positions); inferred global alignment
415265,R7_unclear,R,medulla,54,10.596666670453473,29.399015426710005,0.6121017329418605,derived topology (terminal positions); inferred global alignment
178850,R8p,R,medulla,596,-81.73295199399182,19.158264640863756,49.16101447728368,derived topology (terminal positions); inferred global alignment
229604331,R8p,R,medulla,73,10.519432507071471,35.8510690618751,3.3673006317718803,derived topology (terminal positions); inferred global alignment
60232,R7d,R,medulla,490,-117.69574875206658,70.15814905472558,3.2494874971132313,derived topology (terminal positions); inferred global alignment
103791775,R7_unclear,R,medulla,3,27.005548764605777,19.018018121762935,13.631633996202067,derived topology (terminal positions); inferred global alignment
205845,R8p,R,medulla,487,-110.535581335743,-67.13531637642251,0.7343287732863661,derived topology (terminal positions); inferred global alignment
291433,R7p,R,medulla,200,-16.021491089351954,-48.78700336276598,12.59361065718495,derived topology (terminal positions); inferred global alignment
271764,R8_unclear,R,medulla,318,-55.31458602620727,73.16871002248244,8.845674703875915,derived topology (terminal positions); inferred global alignment
168655,R7_unclear,R,medulla,545,-124.7972792491735,49.36499455781357,1.418678161438337,derived topology (terminal positions); inferred global alignment
500006,R7_unclear,R,medulla,145,-0.48182321410499895,-6.271691499403167,3.2993653798241804,derived topology (terminal positions); inferred global alignment
333247,R8d,R,medulla,231,-21.827672738360413,68.80834083939062,7.185014785531244,derived topology (terminal positions); inferred global alignment
245079,R7_unclear,R,medulla,261,-32.7950112947746,62.98011412259557,11.502241074662043,derived topology (terminal positions); inferred global alignment
145289,R7p,R,medulla,495,-113.60742140565405,54.41358142073339,3.0086467729152067,derived topology (terminal positions); inferred global alignment
197844,R7y,R,medulla,299,-37.85661229837227,15.182505106706548,4.762006698701213,derived topology (terminal positions); inferred global alignment
153193,R8_unclear,R,medulla,450,-84.65777668081687,-19.427858235942637,16.94193548006047,derived topology (terminal positions); inferred global alignment
207336,R7y,R,medulla,270,-47.08873268681872,17.910014506125126,24.508715678186995,derived topology (terminal positions); inferred global alignment
255309,R7_unclear,R,medulla,123,-14.1737407316797,-5.743787156605912,19.70732952157368,derived topology (terminal positions); inferred global alignment
204114,R7y,R,medulla,415,-88.38970996664207,51.40727909553064,4.093976757498921,derived topology (terminal positions); inferred global alignment
208381,R8p,R,medulla,388,-73.91139907490168,36.782198644725845,3.338799988066273,derived topology (terminal positions); inferred global alignment
164588,R7y,R,medulla,530,-90.20140181635863,-14.934745959798317,31.34281780001384,derived topology (terminal positions); inferred global alignment
175475,R7d,R,medulla,232,-22.28861783966986,66.61041880224661,7.777882019327103,derived topology (terminal positions); inferred global alignment
188670,R7y,R,medulla,500,-97.49764055967732,23.701661997447875,19.105695755904158,derived topology (terminal positions); inferred global alignment
238722,R7y,R,medulla,471,-83.31438212172391,42.573842055638664,27.246438677951442,derived topology (terminal positions); inferred global alignment
194719,R8_unclear,R,medulla,516,-121.6601684418444,67.56329176643476,4.166009224519116,derived topology (terminal positions); inferred global alignment
165833,R7d,R,medulla,112,15.04397113765603,55.739572661442786,12.320545571485418,derived topology (terminal positions); inferred global alignment
170581,R8p,R,medulla,554,-99.38533231706259,-12.897583722701516,25.856710919363866,derived topology (terminal positions); inferred global alignment
182446,R8y,R,medulla,603,-128.08730975737257,-28.037035085647812,2.710561474670564,derived topology (terminal positions); inferred global alignment
348116,R7p,R,medulla,280,-25.75067865903508,-60.10483263878678,4.918422081951457,derived topology (terminal positions); inferred global alignment
176841,R7_unclear,R,medulla,456,-94.08533270540876,-51.19922756403282,12.80024220984451,derived topology (terminal positions); inferred global alignment
125318610,R7p,R,medulla,188,-12.516880380193115,31.81523165245782,8.729302152650375,derived topology (terminal positions); inferred global alignment
310264,R7d,R,medulla,260,-29.28803831936792,67.39040575683624,7.165156990344131,derived topology (terminal positions); inferred global alignment
232415,R8p,R,medulla,101,-36.51383859788811,-2.629993922289022,43.72780099869176,derived topology (terminal positions); inferred global alignment
163975,R7_unclear,R,medulla,702,-153.40713568906745,-27.164645660852916,15.118923796612183,derived topology (terminal positions); inferred global alignment
188934,R8_unclear,R,medulla,276,-32.056166050929924,-47.851480854281895,9.45147332897563,derived topology (terminal positions); inferred global alignment
171489,R7_unclear,R,medulla,570,-111.15820652906197,37.36801279250376,17.27953878277379,derived topology (terminal positions); inferred global alignment
205801,R7y,R,medulla,372,-66.61391456802464,-64.19448856336223,12.265280176571487,derived topology (terminal positions); inferred global alignment
173996,R7d,R,medulla,156,4.55771269744632,62.93452289925139,6.085560187361328,derived topology (terminal positions); inferred global alignment
555144,R7y,R,medulla,92,14.115654381643665,47.26934128910307,9.469350238474775,derived topology (terminal positions); inferred global alignment
185361,R8_unclear,R,medulla,660,-135.89424825801763,2.66307306368044,2.5813340273378027,derived topology (terminal positions); inferred global alignment
211484,R8_unclear,R,medulla,344,-43.64122673223815,-77.47887738162126,2.3511902302283962,derived topology (terminal positions); inferred global alignment
176885,R7p,R,medulla,426,-84.93036277726378,-51.25893027680488,9.691144909456847,derived topology (terminal positions); inferred global alignment
158684,R7_unclear,R,medulla,661,-132.90471966165904,-4.122477052302221,3.33482735263982,derived topology (terminal positions); inferred global alignment
500048,R7y,R,medulla,109,33.17525670784653,-55.74461918230282,28.667980244815432,derived topology (terminal positions); inferred global alignment
186718,R8_unclear,R,medulla,467,-102.67847892541594,62.0110971477726,7.584353819577488,derived topology (terminal positions); inferred global alignment
248552,R8_unclear,R,medulla,261,-31.555523146907156,63.837214471104986,10.002447541224543,derived topology (terminal positions); inferred global alignment
197753,R8_unclear,R,medulla,711,-164.96380921817087,8.705108388142532,25.708476668556838,derived topology (terminal positions); inferred global alignment
182684,R8p,R,medulla,466,-111.05826886659622,64.85582858981286,0.8913725711591908,derived topology (terminal positions); inferred global alignment
168855,R7p,R,medulla,550,-80.68454905911139,18.130828166145168,44.6645643129268,derived topology (terminal positions); inferred global alignment
230279,R7_unclear,R,medulla,696,-161.52279875348637,-0.6739748203040605,23.139037972765575,derived topology (terminal positions); inferred global alignment
394595,R7_unclear,R,medulla,69,14.17712451329622,-40.70913367635627,4.276948144290328,derived topology (terminal positions); inferred global alignment
133530,R7d,R,medulla,632,-151.06612172949312,53.63714449179761,20.994069600898484,derived topology (terminal positions); inferred global alignment
223711,R8p,R,medulla,139,-24.512753499600137,27.25182320377466,27.88620986775161,derived topology (terminal positions); inferred global alignment
216792,R8y,R,medulla,336,-54.132140349640025,-52.64924613722532,13.055324183864537,derived topology (terminal positions); inferred global alignment
500146,R7y,R,medulla,80,8.375412973254171,-3.1478516260828537,0.6519259966685369,derived topology (terminal positions); inferred global alignment
181245,R8_unclear,R,medulla,574,-118.61859922856867,16.39988790848031,9.827822498557149,derived topology (terminal positions); inferred global alignment
190138,R8p,R,medulla,657,-134.50265550671742,15.940649892150361,1.6120550486556169,derived topology (terminal positions); inferred global alignment
185450,R8_unclear,R,medulla,506,-101.9621347250148,-33.623483886648906,14.433969332206042,derived topology (terminal positions); inferred global alignment
221481,R7y,R,medulla,668,-141.59920576590972,-38.52183164905116,5.933453491544173,derived topology (terminal positions); inferred global alignment
553926,R8p,R,medulla,685,-146.5364275044232,-31.320957427193417,9.500729373480022,derived topology (terminal positions); inferred global alignment
206230,R8y,R,medulla,189,-38.81801573423894,22.173616849337254,35.154697598448124,derived topology (terminal positions); inferred global alignment
268762,R8y,R,medulla,188,-26.5093451723246,33.2346368806532,22.588439397154122,derived topology (terminal positions); inferred global alignment
175019,R7p,R,medulla,635,-130.8447656102975,29.758997813208335,3.8685210835563235,derived topology (terminal positions); inferred global alignment
168685,R7y,R,medulla,422,-90.38399823022519,-28.809968663540417,0.23823955649401377,derived topology (terminal positions); inferred global alignment
120819,R7y,R,medulla,569,-126.0916598030106,43.809019088774576,2.473508683150664,derived topology (terminal positions); inferred global alignment
137443,R7d,R,medulla,205,-12.947506357682599,65.37853109682165,4.495967553348085,derived topology (terminal positions); inferred global alignment
197717,R8y,R,medulla,718,-155.74846021719281,-22.34157250593589,16.438532339524972,derived topology (terminal positions); inferred global alignment
93836,R7d,R,medulla,567,-136.41603347943257,63.2428379355565,15.400504226007513,derived topology (terminal positions); inferred global alignment
185164,R8y,R,medulla,275,-52.3421286222988,-39.30941542745761,29.696550078415502,derived topology (terminal positions); inferred global alignment
525678,R8y,R,medulla,35,45.134741821703,37.34915749276212,34.71544338906732,derived topology (terminal positions); inferred global alignment
56477,R8d,R,medulla,490,-118.49660293315668,72.37208688552813,5.60306839214884,derived topology (terminal positions); inferred global alignment
199756,R7_unclear,R,medulla,538,-118.51634599452669,-57.47950279268857,3.1147175731249934,derived topology (terminal positions); inferred global alignment
236656,R7p,R,medulla,310,-41.88388733056175,-65.63362888289194,9.877958403422225,derived topology (terminal positions); inferred global alignment
164888,R7y,R,medulla,658,-104.00369758490014,10.088812432224781,32.069880495690605,derived topology (terminal positions); inferred global alignment
507689,R7_unclear,R,medulla,131,19.662852855420212,-61.20097915020626,19.61880219291373,derived topology (terminal positions); inferred global alignment
259122,R7p,R,medulla,166,-13.248994464346737,11.547512448046557,13.068184272820954,derived topology (terminal positions); inferred global alignment
337408,R8y,R,medulla,321,-45.86757779863254,69.22841876541185,0.6380307122593548,derived topology (terminal positions); inferred global alignment
200437,R7y,R,medulla,287,-50.096042543097354,58.72718444422625,23.000051604626925,derived topology (terminal positions); inferred global alignment
175753,R8y,R,medulla,125,-32.5965060530951,-20.327356611036112,37.75633705486988,derived topology (terminal positions); inferred global alignment
183057,R8_unclear,R,medulla,560,-115.13216815003418,-45.269599796656806,10.376349437169601,derived topology (terminal positions); inferred global alignment
183290,R8y,R,medulla,620,-127.82954554016986,-0.699776446868016,5.108980409059814,derived topology (terminal positions); inferred global alignment
208194,R8p,R,medulla,410,-83.98818932105024,68.90544764046392,7.130567493682199,derived topology (terminal positions); inferred global alignment
500089,R8_unclear,R,medulla,47,31.657254128443043,-36.30134903874602,23.284064278785532,derived topology (terminal positions); inferred global alignment
160181,R7p,R,medulla,365,-65.11974827378272,-46.390446349539545,11.733727154363763,derived topology (terminal positions); inferred global alignment
189707,R7y,R,medulla,647,-146.60051691634033,-36.72454498250349,12.576481749431597,derived topology (terminal positions); inferred global alignment
165045,R7y,R,medulla,571,-99.55419818208888,29.987381767117668,29.061561319204817,derived topology (terminal positions); inferred global alignment
221329,R7y,R,medulla,75,-0.14354090926440222,23.513186974028645,8.94567307416749,derived topology (terminal positions); inferred global alignment
162503,R7p,R,medulla,654,-139.64075899150544,31.934929154695382,4.509828514889386,derived topology (terminal positions); inferred global alignment
500072,R8_unclear,R,medulla,44,17.34004386768953,-13.047999662488406,6.081305132119152,derived topology (terminal positions); inferred global alignment
500112,R7d,R,medulla,72,31.365577288230995,50.71885727666731,26.54408935358423,derived topology (terminal positions); inferred global alignment
544926,R8y,R,medulla,80,-10.921400061967212,-0.06663486341614733,19.846100621661968,derived topology (terminal positions); inferred global alignment
190700,R8y,R,medulla,690,-151.6372728259525,27.990283392828424,13.398158550416083,derived topology (terminal positions); inferred global alignment
500163,R8_unclear,R,medulla,5,18.057340588970632,12.042860928974621,4.850529879886044,derived topology (terminal positions); inferred global alignment
324065,R8y,R,medulla,123,-4.180075355435584,-10.341797773823238,9.314296911330105,derived topology (terminal positions); inferred global alignment
240002,R8_unclear,R,medulla,120,-36.21389791151686,10.17413134104278,41.334328769418306,derived topology (terminal positions); inferred global alignment
247008,R7y,R,medulla,148,-2.70383303880088,-25.383091555343142,5.714089176113313,derived topology (terminal positions); inferred global alignment
165272,R7p,R,medulla,401,-71.28651251156226,-51.36528475122724,22.036680019980196,derived topology (terminal positions); inferred global alignment
183019,R8p,R,medulla,582,-110.74729279569709,-36.333569211679,17.64581380987741,derived topology (terminal positions); inferred global alignment
176548,R8_unclear,R,medulla,250,-43.08973266434538,-50.22870964564329,28.459033020700144,derived topology (terminal positions); inferred global alignment
162832,R7y,R,medulla,580,-89.05012534795114,-23.685267672299283,39.451415857692346,derived topology (terminal positions); inferred global alignment
176445,R7_unclear,R,medulla,664,-132.62060532828212,-20.19953032085988,3.4127512468845462,derived topology (terminal positions); inferred global alignment
226473,R8p,R,medulla,168,-17.983484220273482,-3.131964245808395,17.777343875116767,derived topology (terminal positions); inferred global alignment
500024,R8y,R,medulla,78,-0.05508476049336508,9.432296862366565,8.845061964255299,derived topology (terminal positions); inferred global alignment
181578,R7_unclear,R,medulla,283,-23.169058793655154,-70.06482868498037,0.6350582605908655,derived topology (terminal positions); inferred global alignment
140125,R7_unclear,R,medulla,537,-116.35242724104552,-56.5895057376523,4.908045658876295,derived topology (terminal positions); inferred global alignment
280106,R8y,R,medulla,178,6.124015585055815,-68.38241786055508,13.491169497849945,derived topology (terminal positions); inferred global alignment
217811,R7_unclear,R,medulla,487,-103.29669133889806,-62.466669660347335,8.0327416470175,derived topology (terminal positions); inferred global alignment
187469,R7y,R,medulla,445,-82.55876850552477,37.56686559496069,19.50094173707039,derived topology (terminal positions); inferred global alignment
212519,R8y,R,medulla,277,-26.08717360661558,-51.880185978273815,3.5939774981402595,derived topology (terminal positions); inferred global alignment
178324,R7_unclear,R,medulla,466,-110.4573579919225,64.4355601722811,0.8095549928662112,derived topology (terminal positions); inferred global alignment
200329,R7_unclear,R,medulla,479,-85.19022915998306,-31.902269710077128,24.792757168036417,derived topology (terminal positions); inferred global alignment
177139,R7p,R,medulla,675,-156.27429196580613,17.158812861607746,18.946038485713437,derived topology (terminal positions); inferred global alignment
184420,R7_unclear,R,medulla,484,-101.24106644692287,-55.96658340452768,9.491188155046837,derived topology (terminal positions); inferred global alignment
194683,R7y,R,medulla,609,-132.55257394569787,-54.51526598117438,3.462204370921781,derived topology (terminal positions); inferred global alignment
173510,R7y,R,medulla,667,-140.2417512118427,-33.910523300032295,4.337422109131261,derived topology (terminal positions); inferred global alignment
91212,R7d,R,medulla,376,-72.99859205720685,75.61603098118263,4.72106811106803,derived topology (terminal positions); inferred global alignment
244866,R8d,R,medulla,315,-57.65646110039361,75.90797124470892,11.127440990630456,derived topology (terminal positions); inferred global alignment
180334,R8_unclear,R,medulla,661,-135.39941152357954,-4.605093356841474,0.8954515774393972,derived topology (terminal positions); inferred global alignment
151435,R8d,R,medulla,652,-151.8639532689771,50.901071914806714,21.275789239902092,derived topology (terminal positions); inferred global alignment
184098,R8_unclear,R,medulla,546,-117.51689180558887,44.32709090399327,7.82426589165503,derived topology (terminal positions); inferred global alignment
162863,R7_unclear,R,medulla,535,-115.65865187989615,-47.725677854139136,5.834250653488677,derived topology (terminal positions); inferred global alignment
292488,R7y,R,medulla,238,-24.887839684419603,45.8212359280404,11.826328597765496,derived topology (terminal positions); inferred global alignment
177235,R7p,R,medulla,558,-116.87839054966764,-37.7741769995083,8.40950402593853,derived topology (terminal positions); inferred global alignment
131772,R7p,R,medulla,374,-67.58509392942372,-68.66796001242476,10.732746972077015,derived topology (terminal positions); inferred global alignment
236335,R8p,R,medulla,166,-8.859927740995403,12.238261939723351,8.641496789559337,derived topology (terminal positions); inferred global alignment
733559283,R8d,R,medulla,19,73.44737454130481,27.26619992853518,61.23400699023557,derived topology (terminal positions); inferred global alignment
197621,R7_unclear,R,medulla,195,-26.4659239090169,-22.23735561979173,22.822442304872308,derived topology (terminal positions); inferred global alignment
169455,R7_unclear,R,medulla,274,-47.13474736998388,-26.76944151924378,24.817307779340506,derived topology (terminal positions); inferred global alignment
117698645,R7y,R,medulla,0,29.891291252379077,29.97085586323311,16.521716738499148,derived topology (terminal positions); inferred global alignment
157053,R7_unclear,R,medulla,361,-61.22637338730299,-14.888839808890694,2.1498649943711308,derived topology (terminal positions); inferred global alignment
305390,R8_unclear,R,medulla,176,13.643905572709428,-65.64177708178185,20.385220270575697,derived topology (terminal positions); inferred global alignment
246727,R8y,R,medulla,236,-31.333977011463524,52.06996491515103,18.181962081134508,derived topology (terminal positions); inferred global alignment
169862,R7y,R,medulla,676,-158.11434114311234,10.89443860158244,20.83147159658778,derived topology (terminal positions); inferred global alignment
500187,R7_unclear,R,medulla,153,1.0983065771888008,-49.92970801387868,1.7317001523788642,derived topology (terminal positions); inferred global alignment
222271,R8y,R,medulla,534,-110.05597573386625,-43.3575567252614,11.352409091781091,derived topology (terminal positions); inferred global alignment
205833,R7y,R,medulla,236,-32.686783043274154,48.94702620848208,20.818061480279038,derived topology (terminal positions); inferred global alignment
500066,R7_unclear,R,medulla,44,11.450615763099009,-12.067854379585194,0.2772021012999729,derived topology (terminal positions); inferred global alignment
104861,R8y,R,medulla,382,-73.87776369708033,67.78294371615854,3.62599759939278,derived topology (terminal positions); inferred global alignment
182716,R8p,R,medulla,706,-156.0666240297249,32.14970897848212,17.75168554712454,derived topology (terminal positions); inferred global alignment
224926,R8y,R,medulla,405,-72.64257011390197,-75.18944527150512,4.385020588699341,derived topology (terminal positions); inferred global alignment
188935,R7p,R,medulla,493,-110.72632645481842,61.59284946854162,5.9182313686778505,derived topology (terminal positions); inferred global alignment
234040,R7y,R,medulla,419,-70.34455891929085,16.06465662844787,20.330260335283306,derived topology (terminal positions); inferred global alignment
230888,R8p,R,medulla,297,-46.50882349142413,38.748605382538585,13.407278528607405,derived topology (terminal positions); inferred global alignment
194507,R7y,R,medulla,604,-109.85529855473402,-28.56677546576155,21.46887694116729,derived topology (terminal positions); inferred global alignment
354271,R7p,R,medulla,105,5.791878427554735,-29.24978382451235,1.7974327102936691,derived topology (terminal positions); inferred global alignment
500144,R8_unclear,R,medulla,12,17.41541233782975,-20.26571651703278,4.501649921566994,derived topology (terminal positions); inferred global alignment
194886,R8p,R,medulla,719,-145.70451728803914,-27.562310741154203,6.57082986488684,derived topology (terminal positions); inferred global alignment
188192,R7_unclear,R,medulla,712,-145.23242036344107,1.4676514135015466,5.941317085868338,derived topology (terminal positions); inferred global alignment
221097,R8y,R,medulla,291,-33.43126158660163,67.740686981468,0.42621577366340896,derived topology (terminal positions); inferred global alignment
500025,R7y,R,medulla,149,-6.6572634088821445,-29.099183523279766,10.055110684196716,derived topology (terminal positions); inferred global alignment
196584,R8y,R,medulla,572,-106.48923099618642,28.884748513987933,21.894394316335624,derived topology (terminal positions); inferred global alignment
195271,R7y,R,medulla,659,-120.59643946070382,4.895369141428338,15.480154181374425,derived topology (terminal positions); inferred global alignment
162582,R7p,R,medulla,705,-145.76584515675665,29.862614988229755,6.4014605731541145,derived topology (terminal positions); inferred global alignment
175838,R8y,R,medulla,454,-99.84043097691475,-53.48952071214314,1.652080387155464,derived topology (terminal positions); inferred global alignment
158506,R8y,R,medulla,415,-90.82862980758873,55.31848744365999,0.6131329970603112,derived topology (terminal positions); inferred global alignment
171262,R8y,R,medulla,597,-124.22834923859531,10.75653837629796,6.61233636938331,derived topology (terminal positions); inferred global alignment
233162,R7y,R,medulla,295,-51.50173545767614,41.61156852431556,22.213813037717276,derived topology (terminal positions); inferred global alignment
200578,R8y,R,medulla,385,-77.1978815342337,59.43403261892898,0.18785020322358684,derived topology (terminal positions); inferred global alignment
166525,R7d,R,medulla,377,-83.65390926097233,74.67616464547696,6.516955772465128,derived topology (terminal positions); inferred global alignment
192091,R8_unclear,R,medulla,306,-44.09565383948178,-57.99072223045659,11.095467503103404,derived topology (terminal positions); inferred global alignment
331446,R8_unclear,R,medulla,84,8.114845115752999,-23.66277096660459,0.6522286958808226,derived topology (terminal positions); inferred global alignment
52606,R7y,R,medulla,324,-53.1035628760936,54.01113990931989,8.542407898685523,derived topology (terminal positions); inferred global alignment
29911,R8y,R,medulla,704,-153.394920006297,-33.87517202786675,15.089572782905154,derived topology (terminal positions); inferred global alignment
192931,R7p,R,medulla,648,-142.16872275176897,-41.35346832423128,8.787497464671501,derived topology (terminal positions); inferred global alignment
202313,R7_unclear,R,medulla,614,-132.2312213727165,34.63565890621853,1.4741777767512894,derived topology (terminal positions); inferred global alignment
345429,R8p,R,medulla,214,-9.758198739827598,33.163099205494696,1.1469002266160502,derived topology (terminal positions); inferred global alignment
207529,R7y,R,medulla,223,-17.21326666198142,-40.55782621132057,9.781772933770892,derived topology (terminal positions); inferred global alignment
140234,R8y,R,medulla,230,-6.563750782821515,-70.3909866607147,4.482193106761314,derived topology (terminal positions); inferred global alignment
182410,R8_unclear,R,medulla,523,-97.41382528248596,39.333014529547896,24.05128745861961,derived topology (terminal positions); inferred global alignment
168599,R8y,R,medulla,142,-43.41248301609331,13.844318205807065,46.14982652699383,derived topology (terminal positions); inferred global alignment
500033,R8_unclear,R,medulla,87,11.400398212729257,-39.35524208296777,4.001334321688929,derived topology (terminal positions); inferred global alignment
188047,R8y,R,medulla,367,-66.0375583302757,-61.881946510748946,5.945627716393586,derived topology (terminal positions); inferred global alignment
186286,R8_unclear,R,medulla,496,-106.55649540628652,50.700967148048235,10.012669661453819,derived topology (terminal positions); inferred global alignment
177676,R8p,R,medulla,601,-119.35303724827979,-16.8651648171891,11.444516233296085,derived topology (terminal positions); inferred global alignment
219509,R8y,R,medulla,141,-26.901901132074137,18.970245758669176,29.737196226357238,derived topology (terminal positions); inferred global alignment
189142,R7p,R,medulla,344,-53.96427171178064,-68.91138017448166,11.453586077044566,derived topology (terminal positions); inferred global alignment
225910,R7y,R,medulla,201,0.7514966608387326,-63.704282065976685,9.487868782759357,derived topology (terminal positions); inferred global alignment
214649,R7y,R,medulla,77,-46.73046317452257,12.721168242101808,55.51778586703794,derived topology (terminal positions); inferred global alignment
529932,R8p,R,medulla,400,-67.25937823555111,-55.42586221355302,18.266846640687113,derived topology (terminal positions); inferred global alignment
500110,R7_unclear,R,medulla,208,-10.000779668971397,58.849361902658224,2.1106772449971447,derived topology (terminal positions); inferred global alignment
195815,R8p,R,medulla,588,-132.4835184245844,56.88669543161049,5.512672137160873,derived topology (terminal positions); inferred global alignment
184015,R7y,R,medulla,331,-62.636376446752784,-20.536045669002224,16.773037946506708,derived topology (terminal positions); inferred global alignment
214639,R8y,R,medulla,343,-52.39085247503754,-75.45258215185632,6.434478455764066,derived topology (terminal positions); inferred global alignment
500091,R8y,R,medulla,24,22.052788555506723,-0.057112983698203584,9.612936100940702,derived topology (terminal positions); inferred global alignment
500038,R8_unclear,R,medulla,14,60.79062803020426,-44.346743817811365,51.00103370843115,derived topology (terminal positions); inferred global alignment
301710,R8p,R,medulla,138,0.6229093728015087,38.94030079095017,2.232808535727817,derived topology (terminal positions); inferred global alignment
152241,R8y,R,medulla,641,-105.21166735314276,-2.669233248372489,29.385332668610804,derived topology (terminal positions); inferred global alignment
165047904,R8_unclear,R,medulla,22,66.02849229497463,21.863463684451215,55.04541945267788,derived topology (terminal positions); inferred global alignment
161371,R8y,R,medulla,538,-115.72972785543747,-56.94186574999072,5.881538494529445,derived topology (terminal positions); inferred global alignment
198856,R8y,R,medulla,461,-95.07178516941113,-69.41640220086757,6.791364118789161,derived topology (terminal positions); inferred global alignment
510021779,R8y,R,medulla,17,26.739267915958706,29.55471697002561,14.285069138947952,derived topology (terminal positions); inferred global alignment
207162,R8p,R,medulla,241,-59.617468042384296,27.954271544804904,45.16398395447567,derived topology (terminal positions); inferred global alignment
209637,R8y,R,medulla,170,-41.37709999727615,-17.081711043356915,41.23427484706526,derived topology (terminal positions); inferred global alignment
284176,R7y,R,medulla,265,-28.041298391832797,54.04165342300948,6.4795045116542225,derived topology (terminal positions); inferred global alignment
187630,R8_unclear,R,medulla,329,-61.92925042245803,7.8284007764282695,15.709247649030752,derived topology (terminal positions); inferred global alignment
165818,R7p,R,medulla,629,-133.5402507125341,-45.752138215614536,1.4358664514830928,derived topology (terminal positions); inferred global alignment
92443,R7_unclear,R,medulla,583,-95.55314534673707,-34.020032996099005,33.86476889269662,derived topology (terminal positions); inferred global alignment
124437,R7_unclear,R,medulla,607,-127.0127402269212,-45.02325296282375,3.7752746181327237,derived topology (terminal positions); inferred global alignment
196872,R8_unclear,R,medulla,565,-131.22086583238527,61.23798031736266,6.2895744149133925,derived topology (terminal positions); inferred global alignment
212643,R7_unclear,R,medulla,396,-75.5758063831337,-54.72648194832114,4.749429790884852,derived topology (terminal positions); inferred global alignment
133275,R7_unclear,R,medulla,718,-157.02476393268955,-26.34454390922328,18.13208241419869,derived topology (terminal positions); inferred global alignment
189510,R8p,R,medulla,636,-130.60693645448566,25.368007693467625,4.132315955305036,derived topology (terminal positions); inferred global alignment
235090,R7_unclear,R,medulla,50,43.413851407974946,-48.272831935890245,34.43368782442784,derived topology (terminal positions); inferred global alignment
163682,R8d,R,medulla,632,-141.82770993530912,53.812114120305246,15.086618754618984,derived topology (terminal positions); inferred global alignment
168122,R8p,R,medulla,364,-61.347532034964274,-50.07246759210991,1.3783721124681,derived topology (terminal positions); inferred global alignment
183927,R7p,R,medulla,690,-153.49865576774187,30.413549175562583,15.773438436196,derived topology (terminal positions); inferred global alignment
189167,R7p,R,medulla,325,-55.649807775232034,47.637779302440414,11.288548529846572,derived topology (terminal positions); inferred global alignment
323053,R7y,R,medulla,161,-8.352454820872097,42.34793633393384,8.206285981937343,derived topology (terminal positions); inferred global alignment
111976,R7d,R,medulla,588,-135.99764334622589,61.19307706987156,10.853733498135847,derived topology (terminal positions); inferred global alignment
172160,R8_unclear,R,medulla,602,-68.2225494790935,-18.959607393924163,62.67540505886032,derived topology (terminal positions); inferred global alignment
183195,R8y,R,medulla,338,-52.79581556817895,-61.057730857985064,10.174683007129005,derived topology (terminal positions); inferred global alignment
182849,R7_unclear,R,medulla,643,-81.78230490704901,-11.889821372198499,52.843944921066026,derived topology (terminal positions); inferred global alignment
182027,R8y,R,medulla,390,-70.85345639049173,10.646487428925292,6.214058822392422,derived topology (terminal positions); inferred global alignment
206912,R8p,R,medulla,585,-129.6422520745757,-50.69951499240337,1.5618994267107624,derived topology (terminal positions); inferred global alignment
290410,R7y,R,medulla,140,-10.414043106048219,26.45000490752547,13.203402420691013,derived topology (terminal positions); inferred global alignment
169467,R8p,R,medulla,339,-48.459168052121626,-69.57178791893226,2.655168265862679,derived topology (terminal positions); inferred global alignment
500079,R8y,R,medulla,113,19.660415807033118,52.46218013833341,16.219533704695596,derived topology (terminal positions); inferred global alignment
205226,R8_unclear,R,medulla,489,-101.53512178716348,-68.84873490343631,8.383066468543303,derived topology (terminal positions); inferred global alignment
244530,R8_unclear,R,medulla,86,35.055178628012584,-56.419775386771214,35.53184503328384,derived topology (terminal positions); inferred global alignment
224816,R7_unclear,R,medulla,284,-26.512704897817606,-69.8139518302313,4.31545813543408,derived topology (terminal positions); inferred global alignment
177267,R8y,R,medulla,527,-107.05512070431438,11.13884374374011,14.431398556792992,derived topology (terminal positions); inferred global alignment
547239,R8y,R,medulla,687,-144.22138186688093,-37.232943249564656,7.037740158504038,derived topology (terminal positions); inferred global alignment
219699,R8_unclear,R,medulla,536,-119.33534509925492,-53.465607681972664,1.9913502538984131,derived topology (terminal positions); inferred global alignment
231014,R7p,R,medulla,326,-58.14345685159645,40.04410117057456,13.737607147222816,derived topology (terminal positions); inferred global alignment
183922,R8p,R,medulla,526,-98.66266577652968,19.803362903657042,22.801025949173418,derived topology (terminal positions); inferred global alignment
329492,R8y,R,medulla,116,-2.6526802233783826,29.984298825385405,8.415546831018972,derived topology (terminal positions); inferred global alignment
197415,R7p,R,medulla,414,-79.43430154787322,50.182554293762884,14.689344031596706,derived topology (terminal positions); inferred global alignment
185914,R8y,R,medulla,557,-107.27061902192497,-31.296832077561124,18.07286578706451,derived topology (terminal positions); inferred global alignment
176768,R7y,R,medulla,628,-145.8499207796057,-45.704095210220316,13.808194157256533,derived topology (terminal positions); inferred global alignment
190045,R7p,R,medulla,514,-110.42505792715849,-64.21845575634484,5.934053265537671,derived topology (terminal positions); inferred global alignment
191575,R7y,R,medulla,425,-74.84502352748898,-40.85725749284673,20.709121794719906,derived topology (terminal positions); inferred global alignment
173976,R8_unclear,R,medulla,421,-76.6789437084922,-15.945723768297915,13.955937747298277,derived topology (terminal positions); inferred global alignment
188303,R8_unclear,R,medulla,196,-50.00053067968351,-33.89207086538645,46.10379531400316,derived topology (terminal positions); inferred global alignment
59034,R7p,R,medulla,672,-148.71932785679235,34.77375805558073,12.619583788368082,derived topology (terminal positions); inferred global alignment
189261,R8y,R,medulla,615,-104.14359070316698,30.999729500728797,28.868094135821423,derived topology (terminal positions); inferred global alignment
500240,R8_unclear,R,medulla,185,-5.485991210011704,48.753565442119914,1.5710552633503685,derived topology (terminal positions); inferred global alignment
500036,R8_unclear,R,medulla,110,11.92457870723402,-56.073672911717935,10.390857276230541,derived topology (terminal positions); inferred global alignment
169605,R8_unclear,R,medulla,368,-58.51816317538472,-65.10590837832451,4.242930185643276,derived topology (terminal positions); inferred global alignment
261747,R7p,R,medulla,212,-14.678891563319588,44.51571391124674,6.172037591789554,derived topology (terminal positions); inferred global alignment
229290,R8_unclear,R,medulla,211,-41.32903857085783,41.01276565032795,34.02174757933785,derived topology (terminal positions); inferred global alignment
160698,R8_unclear,R,medulla,229,-10.052025620744821,-67.75543812269191,3.501016051619114,derived topology (terminal positions); inferred global alignment
190047,R7_unclear,R,medulla,532,-108.60699687999269,-31.257718413207048,12.932343317961005,derived topology (terminal positions); inferred global alignment
190540,R8_unclear,R,medulla,220,-24.496722991564397,-23.282757750521935,15.950925153600096,derived topology (terminal positions); inferred global alignment
212228,R7y,R,medulla,608,-134.95029791731434,-49.45083232553653,4.267058540242617,derived topology (terminal positions); inferred global alignment
376785,R8y,R,medulla,234,-16.937843551209596,62.76012213681585,2.961044847405636,derived topology (terminal positions); inferred global alignment
223848,R8p,R,medulla,709,-152.86391236243117,19.16389498389686,14.185205779577153,derived topology (terminal positions); inferred global alignment
313919,R8_unclear,R,medulla,29,73.5904601881962,-39.84968610581429,63.87578263711552,derived topology (terminal positions); inferred global alignment
225193,R8y,R,medulla,215,-14.877281967089715,24.519302322692,6.308317401987292,derived topology (terminal positions); inferred global alignment
215686,R8y,R,medulla,387,-68.75888461773182,44.65921760957079,8.775608077961119,derived topology (terminal positions); inferred global alignment
174598,R7_unclear,R,medulla,592,-122.94493657397,37.89835087761708,7.944921663766705,derived topology (terminal positions); inferred global alignment
171212,R7_unclear,R,medulla,474,-73.56748245102794,20.6959488491337,36.653439778020186,derived topology (terminal positions); inferred global alignment
215744,R8y,R,medulla,668,-144.43615853070168,-40.21868109408984,9.197249458659769,derived topology (terminal positions); inferred global alignment
500278,R8p,R,medulla,114,5.603636531897791,40.25319159815848,1.5201433221923661,derived topology (terminal positions); inferred global alignment
208049,R7p,R,medulla,202,-0.422825197821993,-62.372009473955494,5.424911512367074,derived topology (terminal positions); inferred global alignment
174196,R7_unclear,R,medulla,342,-47.37950074917446,-73.8064306849547,1.9110674126088416,derived topology (terminal positions); inferred global alignment
500279,R8_unclear,R,medulla,37,23.91114267985111,22.263652315721327,12.557359996509176,derived topology (terminal positions); inferred global alignment
188949,R7y,R,medulla,359,-62.99243653532007,18.69204471783978,1.5572979856803637,derived topology (terminal positions); inferred global alignment
193337,R7y,R,medulla,412,-89.25981815161778,63.150453878145676,3.3616472061537697,derived topology (terminal positions); inferred global alignment
80266,R7_unclear,R,medulla,646,-117.47737248480183,-28.6390477650776,17.08636155556166,derived topology (terminal positions); inferred global alignment
193264,R8_unclear,R,medulla,720,-140.35584228624424,-29.758790906304025,1.100549034913147,derived topology (terminal positions); inferred global alignment
187096,R8p,R,medulla,570,-104.98301188804712,37.12043743184519,23.457597427212303,derived topology (terminal positions); inferred global alignment
217495,R7y,R,medulla,189,-55.48433087982248,20.011658792257123,51.95994682141862,derived topology (terminal positions); inferred global alignment
343251,R7y,R,medulla,241,-26.805136140803356,30.87889660001173,12.234908896977252,derived topology (terminal positions); inferred global alignment
220913,R7_unclear,R,medulla,458,-100.41682629606296,-66.22294329030397,1.2196574727372478,derived topology (terminal positions); inferred global alignment
209144,R7y,R,medulla,476,-102.19753642884197,0.2587213256223727,7.883896286864937,derived topology (terminal positions); inferred global alignment
491526,R7d,R,medulla,258,-28.748028737235458,70.78101001609542,6.382285446411572,derived topology (terminal positions); inferred global alignment
168495,R8d,R,medulla,288,-32.95835912186126,72.99737234598976,0.4082873174572941,derived topology (terminal positions); inferred global alignment
198956,R7_unclear,R,medulla,461,-89.96741085155197,-63.67614905000638,14.129214186126255,derived topology (terminal positions); inferred global alignment
500178,R7p,R,medulla,160,-20.784585522321997,41.10426200182927,21.548629289112846,derived topology (terminal positions); inferred global alignment
225097,R7y,R,medulla,242,-14.909143036489247,23.278719109612858,0.19421482625166997,derived topology (terminal positions); inferred global alignment
230144,R7_unclear,R,medulla,400,-76.63018904013333,-68.87224582685207,2.1765091913799783,derived topology (terminal positions); inferred global alignment
167904,R7p,R,medulla,626,-128.4698981364209,-31.29958866370723,4.762900081377197,derived topology (terminal positions); inferred global alignment
222973,R8y,R,medulla,173,-23.3121421121579,-37.823695580479715,23.08258008254041,derived topology (terminal positions); inferred global alignment
149517,R7p,R,medulla,684,-140.51625290489767,-24.900211526124554,3.271049215917287,derived topology (terminal positions); inferred global alignment
188262,R8p,R,medulla,665,-135.48174625775715,-24.84062560036088,0.5455758896526619,derived topology (terminal positions); inferred global alignment
172830,R8_unclear,R,medulla,285,-22.172153238432706,-73.97046634424304,1.2087687487331251,derived topology (terminal positions); inferred global alignment
508737,R8d,R,medulla,72,33.684878882665544,51.32346273397039,28.84378392631284,derived topology (terminal positions); inferred global alignment
207779,R7p,R,medulla,410,-83.79412339203957,65.68378693992787,8.599536102986548,derived topology (terminal positions); inferred global alignment
228571,R7p,R,medulla,163,-41.271176655664554,26.11211044477792,41.68377755524404,derived topology (terminal positions); inferred global alignment
200456,R8y,R,medulla,438,-94.94771113980876,72.26449318585192,7.6498060735024,derived topology (terminal positions); inferred global alignment
428871,R8p,R,medulla,225,-13.243895870308236,-51.495684131150234,5.257945914946289,derived topology (terminal positions); inferred global alignment
170390,R8y,R,medulla,530,-92.5760049416544,-16.269843835769837,28.86256123788333,derived topology (terminal positions); inferred global alignment
189291,R7y,R,medulla,709,-161.33304078465403,14.352720242600293,21.980489278883923,derived topology (terminal positions); inferred global alignment
96833,R7d,R,medulla,315,-56.78370006189734,72.96263493577405,11.05330282843862,derived topology (terminal positions); inferred global alignment
199380,R7_unclear,R,medulla,666,-136.74721497625467,-27.761745498619376,1.4775039885958003,derived topology (terminal positions); inferred global alignment
244456,R8_unclear,R,medulla,206,-10.954588940230558,64.55040346632325,2.344797202270642,derived topology (terminal positions); inferred global alignment
201776,R8_unclear,R,medulla,399,-76.22858398376162,-68.21394496939674,0.918347232703885,derived topology (terminal positions); inferred global alignment
176590,R8_unclear,R,medulla,532,-117.44366791522425,-33.29951837707317,3.906455207350717,derived topology (terminal positions); inferred global alignment
189730,R7_unclear,R,medulla,644,-115.0942883091214,-18.106450773822147,19.52103834378722,derived topology (terminal positions); inferred global alignment
191677,R8p,R,medulla,465,-107.39942605037021,67.10775382741193,2.8603575604766145,derived topology (terminal positions); inferred global alignment
166716,R8_unclear,R,medulla,599,-88.1719590918849,-2.4675934284975307,42.65149772621665,derived topology (terminal positions); inferred global alignment
500109,R8_unclear,R,medulla,181,-2.563289837597125,60.97335547516315,1.36367644227334,derived topology (terminal positions); inferred global alignment
289268,R8_unclear,R,medulla,203,-3.712929761200648,-63.906342050356876,3.3147752191812674,derived topology (terminal positions); inferred global alignment
177915,R8_unclear,R,medulla,697,-148.919917606914,-6.053204817327479,10.642305440877745,derived topology (terminal positions); inferred global alignment
225698,R7p,R,medulla,453,-92.84246671703889,-41.69197355448338,10.726234943113575,derived topology (terminal positions); inferred global alignment
161842,R7_unclear,R,medulla,170,-55.88009289285806,-8.424320368856685,56.77361128207703,derived topology (terminal positions); inferred global alignment
401771,R8_unclear,R,medulla,201,-1.4907206811114904,-56.393023946516344,2.5940158414678156,derived topology (terminal positions); inferred global alignment
223619,R7y,R,medulla,246,-35.618159808651946,-19.17617889430321,21.175653955451143,derived topology (terminal positions); inferred global alignment
188862,R8p,R,medulla,281,-28.09070493451337,-65.7528403538583,5.563200045273529,derived topology (terminal positions); inferred global alignment
500154,R7_unclear,R,medulla,35,13.68616665320745,30.995680068875135,2.941048636762108,derived topology (terminal positions); inferred global alignment
192290,R7p,R,medulla,671,-145.1327489420102,36.265359379005744,8.470317974319952,derived topology (terminal positions); inferred global alignment
167438,R8p,R,medulla,529,-92.2832987599608,-9.433167642289677,29.10037877064235,derived topology (terminal positions); inferred global alignment
184575,R8y,R,medulla,366,-59.74843597961311,-58.05854710693372,4.33050143877527,derived topology (terminal positions); inferred global alignment
162110,R7p,R,medulla,551,-113.51307218658943,13.176203829341155,11.768304658028152,derived topology (terminal positions); inferred global alignment
453549,R7y,R,medulla,136,-2.1774241255835136,44.31215261179329,5.301387087821426,derived topology (terminal positions); inferred global alignment
181797,R7_unclear,R,medulla,600,-120.18363600025889,-9.813234099486007,10.624347377855262,derived topology (terminal positions); inferred global alignment
206335,R8p,R,medulla,635,-130.47512384068892,30.96766310676623,4.60006419481184,derived topology (terminal positions); inferred global alignment
120596,R7_unclear,R,medulla,398,-76.55391335300446,-64.13413324048467,2.3630831396165655,derived topology (terminal positions); inferred global alignment
194580,R8y,R,medulla,498,-108.38787987928885,43.088289061366794,8.533532970516209,derived topology (terminal positions); inferred global alignment
235929,R8y,R,medulla,649,-144.35325363319168,-48.49700787809284,12.673932353293354,derived topology (terminal positions); inferred global alignment
226658,R7p,R,medulla,96,-23.246513489431003,20.92093954707194,30.461846580946123,derived topology (terminal positions); inferred global alignment
163662,R7y,R,medulla,402,-72.15083860216845,-56.61871998151094,18.112144745806713,derived topology (terminal positions); inferred global alignment
553941,R7y,R,medulla,151,2.9059733629421913,-42.87887700291079,0.8347957033096467,derived topology (terminal positions); inferred global alignment
212151,R8y,R,medulla,412,-86.76328224814468,62.66395712019482,5.364161677357888,derived topology (terminal positions); inferred global alignment
196910,R8y,R,medulla,369,-65.32989293516137,-67.45798727585841,5.085310228148088,derived topology (terminal positions); inferred global alignment
253492,R8_unclear,R,medulla,271,-44.4994309995533,6.803347467631878,21.8122208920204,derived topology (terminal positions); inferred global alignment
197723,R8_unclear,R,medulla,81,-10.025809899675544,-5.834464281477361,18.934738055382795,derived topology (terminal positions); inferred global alignment
500257,R7y,R,medulla,70,17.781246979087896,51.16758431384866,11.891424327647735,derived topology (terminal positions); inferred global alignment
103357,R8d,R,medulla,611,-142.86560320554264,58.74936751726763,17.299769331819842,derived topology (terminal positions); inferred global alignment
134990,R7p,R,medulla,613,-103.09518873735334,35.720026347711645,29.896806568318183,derived topology (terminal positions); inferred global alignment
190367,R7_unclear,R,medulla,694,-160.37229434079268,7.309990070808782,22.04534303684839,derived topology (terminal positions); inferred global alignment
198232,R7y,R,medulla,439,-99.6317824343028,64.55923270175701,3.341934043954403,derived topology (terminal positions); inferred global alignment
218598,R8y,R,medulla,282,-24.126195053964572,-68.04658998160505,1.576469209571395,derived topology (terminal positions); inferred global alignment
177361,R7_unclear,R,medulla,219,-30.970657998555037,-12.574550563215686,22.522727630542665,derived topology (terminal positions); inferred global alignment
107473,R7y,R,medulla,519,-121.8258986753278,56.24603703884305,0.3247572371906962,derived topology (terminal positions); inferred global alignment
206934,R8_unclear,R,medulla,650,-141.12669715026723,-47.19883354814845,7.485570362361745,derived topology (terminal positions); inferred global alignment
195409,R7y,R,medulla,434,-84.47658736060997,-68.72352139807671,9.04780091600855,derived topology (terminal positions); inferred global alignment
155153,R8p,R,medulla,481,-92.10084416000197,-43.85414861392897,18.11985142954122,derived topology (terminal positions); inferred global alignment
180576,R7p,R,medulla,525,-82.33223901297947,24.59473197337374,39.154943929179076,derived topology (terminal positions); inferred global alignment
179326,R8y,R,medulla,446,-69.66831369138477,31.58162542650762,31.99546545677847,derived topology (terminal positions); inferred global alignment
187660,R8_unclear,R,medulla,604,-127.70884780381414,-35.23503920146992,3.5740758899053797,derived topology (terminal positions); inferred global alignment
152437,R7y,R,medulla,621,-127.39002405045755,-6.727901526773063,5.514304004642881,derived topology (terminal positions); inferred global alignment
500060,R8_unclear,R,medulla,159,-0.32724207812741213,51.89456629275829,0.7952535213039822,derived topology (terminal positions); inferred global alignment
168619,R7y,R,medulla,330,-63.42191154283292,-5.643428143054577,17.340564864988558,derived topology (terminal positions); inferred global alignment
127472,R8d,R,medulla,376,-80.17903320748515,77.82356686461596,2.847220069067521,derived topology (terminal positions); inferred global alignment
184304,R7_unclear,R,medulla,513,-109.74433008491874,-60.67589324397954,7.030142344358971,derived topology (terminal positions); inferred global alignment
217458,R8p,R,medulla,244,-26.955879770258683,0.5414585291413556,12.236899446042631,derived topology (terminal positions); inferred global alignment
195743,R7_unclear,R,medulla,303,-50.37344063153406,-32.641581034449146,18.48416651398212,derived topology (terminal positions); inferred global alignment
166193,R7p,R,medulla,706,-139.70941360162925,26.265608428686765,0.3694457128915687,derived topology (terminal positions); inferred global alignment
53122,R7d,R,medulla,406,-93.86228191237839,74.77420868857413,2.997558510435403,derived topology (terminal positions); inferred global alignment
176261,R8_unclear,R,medulla,478,-108.14276680865983,-22.704858109699632,1.9208018623538714,derived topology (terminal positions); inferred global alignment
32018,R7_unclear,R,medulla,619,-108.27469885455633,6.910027994680992,24.619038621064746,derived topology (terminal positions); inferred global alignment
206633,R7y,R,medulla,165,-30.361058880280737,17.52693951610869,30.263571584030334,derived topology (terminal positions); inferred global alignment
429596,R8y,R,medulla,119,-2.949385255013027,16.309528261089156,8.081271172998825,derived topology (terminal positions); inferred global alignment
200064,R7y,R,medulla,304,-33.23256861273777,-47.2675993002943,0.19555530180420236,derived topology (terminal positions); inferred global alignment
299722,R7y,R,medulla,167,-29.76329825687847,5.822306366230771,29.56860554372238,derived topology (terminal positions); inferred global alignment
555140,R8y,R,medulla,71,21.919753629366042,48.88992444452476,15.72419131195946,derived topology (terminal positions); inferred global alignment
327734,R8p,R,medulla,222,-16.768310180734346,-40.677943164082045,8.267450087830722,derived topology (terminal positions); inferred global alignment
180659,R7y,R,medulla,544,-124.99821221805101,49.92838648296906,1.6801113334328857,derived topology (terminal positions); inferred global alignment
121545026,R8_unclear,R,medulla,1,20.511765964093698,27.04734696147515,7.206206305125574,derived topology (terminal positions); inferred global alignment
185871,R8_unclear,R,medulla,693,-149.03102145462822,15.577737789289582,10.805322942979592,derived topology (terminal positions); inferred global alignment
291231,R7y,R,medulla,124,-16.152728415040272,-12.449670651713253,21.590221381217876,derived topology (terminal positions); inferred global alignment
186930,R7_unclear,R,medulla,360,-63.94828344679611,1.0725951037342942,2.4994404707389415,derived topology (terminal positions); inferred global alignment
190876,R7_unclear,R,medulla,279,-30.052951453471657,-56.1019748386215,8.894133590134233,derived topology (terminal positions); inferred global alignment
246922,R8_unclear,R,medulla,132,10.783509976241504,-60.61647365616675,11.271432461176083,derived topology (terminal positions); inferred global alignment
500028,R8d,R,medulla,258,-30.06851978518217,70.82928183681474,7.614819720315999,derived topology (terminal positions); inferred global alignment
290064,R7p,R,medulla,248,-22.512740066046284,-37.78464775360651,8.082266231208605,derived topology (terminal positions); inferred global alignment
202737,R8y,R,medulla,499,-95.66641064632438,33.72753379570104,20.848530868512427,derived topology (terminal positions); inferred global alignment
205328,R8p,R,medulla,541,-124.94537829213334,69.84710356688369,10.27821136380442,derived topology (terminal positions); inferred global alignment
188141,R7_unclear,R,medulla,602,-107.99783508558446,-21.83267501398436,22.804391438980705,derived topology (terminal positions); inferred global alignment
26388,R8y,R,medulla,350,-68.82735075395759,68.69217258595552,8.016156128524702,derived topology (terminal positions); inferred global alignment
352775,R8_unclear,R,medulla,83,9.21727138821889,-17.297251649024467,1.6339796993091007,derived topology (terminal positions); inferred global alignment
198959,R8_unclear,R,medulla,460,-91.46153198539504,-66.70639259905131,10.633503501797865,derived topology (terminal positions); inferred global alignment
170022,R7y,R,medulla,245,-46.64686713710619,-5.816960077946907,32.4505728038161,derived topology (terminal positions); inferred global alignment
170066,R7y,R,medulla,548,-118.72261467780731,34.725493805977486,6.647988645565052,derived topology (terminal positions); inferred global alignment
190724,R8_unclear,R,medulla,586,-126.71801231576629,-51.425226422816365,2.153332259967289,derived topology (terminal positions); inferred global alignment
183232,R8_unclear,R,medulla,703,-154.75714284217165,-29.489273594943384,16.407402912722215,derived topology (terminal positions); inferred global alignment
184747,R7p,R,medulla,319,-59.10679988470963,64.30066811742341,15.131939579882028,derived topology (terminal positions); inferred global alignment
122524,R7y,R,medulla,395,-69.53367820421037,-43.99550050054772,12.386481895284112,derived topology (terminal positions); inferred global alignment
280503,R7y,R,medulla,99,1.6124146580638268,5.650887347790522,5.539192795521185,derived topology (terminal positions); inferred global alignment
193355,R7y,R,medulla,147,-24.83099311456852,-15.937866321020708,28.007724519102254,derived topology (terminal positions); inferred global alignment
199908,R7y,R,medulla,262,-43.569877040620334,51.58308222358384,25.686847174837787,derived topology (terminal positions); inferred global alignment
301434,R7d,R,medulla,316,-57.19702461568614,71.15796401811536,11.811753816660186,derived topology (terminal positions); inferred global alignment
72423,R7p,R,medulla,520,-119.90488683094446,51.984420791890344,1.9747554163442793,derived topology (terminal positions); inferred global alignment
131993,R7y,R,medulla,612,-140.8156173463721,47.70445769255326,10.196425977465495,derived topology (terminal positions); inferred global alignment
551421,R7y,R,medulla,670,-152.44852622533833,45.27650686661275,17.58600548875609,derived topology (terminal positions); inferred global alignment
171685,R8p,R,medulla,680,-140.0307028700546,-7.540203355758925,2.7372896841362477,derived topology (terminal positions); inferred global alignment
197213,R7p,R,medulla,309,-36.066113138605076,-66.10226491978847,3.551381376597688,derived topology (terminal positions); inferred global alignment
195131,R8y,R,medulla,562,-125.5466147234792,-55.42327014590181,0.9516588285662587,derived topology (terminal positions); inferred global alignment
249887,R8y,R,medulla,102,-19.368160832732215,-10.576905937837846,26.49535043678808,derived topology (terminal positions); inferred global alignment
177547,R7p,R,medulla,222,-32.66424482297063,-32.37549764447545,25.079493968724872,derived topology (terminal positions); inferred global alignment
500139,R7_unclear,R,medulla,91,12.175354299273565,48.690138516941005,6.732172658395152,derived topology (terminal positions); inferred global alignment
258775,R7y,R,medulla,669,-148.69225549853232,-44.598123444729865,13.561776424902426,derived topology (terminal positions); inferred global alignment
176053,R7p,R,medulla,362,-65.1733452009922,-26.141276675443027,6.869474668107631,derived topology (terminal positions); inferred global alignment
391278,R8d,R,medulla,180,-6.353304199553122,63.02397243301004,2.4333162288717896,derived topology (terminal positions); inferred global alignment
140716,R8y,R,medulla,631,-139.81548597585532,51.7684319977886,9.574435409876974,derived topology (terminal positions); inferred global alignment
286828,R7_unclear,R,medulla,85,8.286166074817856,-30.052668258151346,1.7909780864963767,derived topology (terminal positions); inferred global alignment
424458,R7_unclear,R,medulla,9,15.967662912606698,-6.903553218994237,2.697941688228695,derived topology (terminal positions); inferred global alignment
172544,R7_unclear,R,medulla,566,-132.0439671597391,58.18178357491474,6.312236653608279,derived topology (terminal positions); inferred global alignment
198352,R7_unclear,R,medulla,389,-72.76613598147172,27.241486648102157,4.647277719761855,derived topology (terminal positions); inferred global alignment
163558,R8y,R,medulla,330,-63.388742770926626,-7.0825193199579495,17.151348742669285,derived topology (terminal positions); inferred global alignment
181992,R7p,R,medulla,305,-42.69329707314556,-49.8454402087871,10.398582708917548,derived topology (terminal positions); inferred global alignment
296129,R8y,R,medulla,213,-14.053425310930749,38.87791239131197,5.54669335716958,derived topology (terminal positions); inferred global alignment
157459,R8y,R,medulla,623,-109.68487359875485,-16.612204089471653,23.21559112699759,derived topology (terminal positions); inferred global alignment
209222,R7y,R,medulla,370,-60.95751758256457,-70.83856208596772,1.5695665740599682,derived topology (terminal positions); inferred global alignment
369735,R7y,R,medulla,127,2.4921609733072074,-34.902095296402145,3.4030860202072852,derived topology (terminal positions); inferred global alignment
500131,R7_unclear,R,medulla,13,20.058200209975084,-22.09758647022264,6.699782535923969,derived topology (terminal positions); inferred global alignment
553237,R8p,R,medulla,174,-27.95459531664087,-42.71538743832857,27.729943528658723,derived topology (terminal positions); inferred global alignment
167213,R8_unclear,R,medulla,712,-150.81575563956125,1.6102706284793316,11.490962859754386,derived topology (terminal positions); inferred global alignment
171852,R7_unclear,R,medulla,512,-94.74542847522056,-47.347844970664816,25.438476826701915,derived topology (terminal positions); inferred global alignment
192036,R7p,R,medulla,447,-98.72369913822557,20.33319180623083,2.989258343828992,derived topology (terminal positions); inferred global alignment
318691,R7_unclear,R,medulla,253,-20.289658853609936,-61.472310171944294,5.683338973016598,derived topology (terminal positions); inferred global alignment
192087,R7_unclear,R,medulla,586,-134.4360672575096,-58.46803371671481,8.29916889325777,derived topology (terminal positions); inferred global alignment
192634,R8y,R,medulla,537,-113.08638239443371,-53.11454430915401,8.740841418378555,derived topology (terminal positions); inferred global alignment
214580,R7y,R,medulla,355,-62.59834407070152,57.2822400572941,1.1113217755505247,derived topology (terminal positions); inferred global alignment
265464,R8y,R,medulla,323,-47.38504752151816,63.391267368176464,0.9549775076960104,derived topology (terminal positions); inferred global alignment
500043,R8_unclear,R,medulla,137,-7.721038126911331,41.776985415573705,10.463143027535422,derived topology (terminal positions); inferred global alignment
342123,R7p,R,medulla,267,-28.42185347390805,44.79835447836059,6.4066362358980244,derived topology (terminal positions); inferred global alignment
105138176,R8_unclear,R,medulla,48,44.557637023918545,-50.15869984311534,39.50256387275816,derived topology (terminal positions); inferred global alignment
186350,R8y,R,medulla,502,-80.84833389805921,7.885626356963388,35.700540192795216,derived topology (terminal positions); inferred global alignment
122037,R8p,R,medulla,510,-96.15261823716574,-48.531847082994496,21.11051415338429,derived topology (terminal positions); inferred global alignment
199524,R8p,R,medulla,507,-114.85668881733736,-39.983264953225515,1.5621035233881022,derived topology (terminal positions); inferred global alignment
184324,R7p,R,medulla,587,-130.2372792149995,-57.09769285805466,2.5352655393151626,derived topology (terminal positions); inferred global alignment
213641,R7p,R,medulla,210,-44.522221813921064,44.29331943057999,37.27855030501868,derived topology (terminal positions); inferred global alignment
183383,R8p,R,medulla,710,-147.8515721299811,11.961020172883552,8.5871229351201,derived topology (terminal positions); inferred global alignment
500058,R7y,R,medulla,88,29.340085050331794,-47.84254473488177,22.082438641082465,derived topology (terminal positions); inferred global alignment
197408,R8_unclear,R,medulla,340,-44.22875066448274,-70.87197578214537,2.42676771347109,derived topology (terminal positions); inferred global alignment
197255,R7p,R,medulla,351,-68.5484030219124,55.22176377180716,16.952974224162855,derived topology (terminal positions); inferred global alignment
196858,R7y,R,medulla,438,-94.97494932263933,67.9045279266411,6.995404866874651,derived topology (terminal positions); inferred global alignment
303535,R8p,R,medulla,105,7.697797563894142,-29.868119788112942,1.9580070003348087,derived topology (terminal positions); inferred global alignment
145562,R8y,R,medulla,617,-114.48085799428767,20.117622672512322,18.515825359932233,derived topology (terminal positions); inferred global alignment
500035,R8_unclear,R,medulla,131,11.044505747949898,-56.48413247134152,10.314661695490306,derived topology (terminal positions); inferred global alignment
142619,R8p,R,medulla,689,-151.85056383218347,36.61364615909486,15.251411024651222,derived topology (terminal positions); inferred global alignment
500007,R7y,R,medulla,102,-8.783755443056243,-9.565587846344954,16.043828228415528,derived topology (terminal positions); inferred global alignment
455385,R8y,R,medulla,128,3.8827602429365555,-36.39603713704265,1.4857210892929156,derived topology (terminal positions); inferred global alignment
170128,R7p,R,medulla,239,-34.08702349103895,42.5182248529499,19.83166340487796,derived topology (terminal positions); inferred global alignment
175010,R7p,R,medulla,272,-56.86304919864455,-2.679561617697336,34.38955390302813,derived topology (terminal positions); inferred global alignment
170186,R8_unclear,R,medulla,553,-120.45075898391244,-4.236208799421496,4.797631314120194,derived topology (terminal positions); inferred global alignment
229712,R7_unclear,R,medulla,430,-88.04737846289774,-65.79291424126426,5.116851550838324,derived topology (terminal positions); inferred global alignment
229653,R8p,R,medulla,325,-54.475083091780895,49.63298478436003,9.23440322128527,derived topology (terminal positions); inferred global alignment
201338,R8p,R,medulla,314,-35.585314017636776,-76.60657005455178,2.9714868195405697,derived topology (terminal positions); inferred global alignment
500016,R7y,R,medulla,79,-5.248855526392539,3.00983562173598,14.010831212864128,derived topology (terminal positions); inferred global alignment
249450,R8y,R,medulla,163,-16.010687754541607,30.811604464973044,15.992201564922981,derived topology (terminal positions); inferred global alignment
218297,R7_unclear,R,medulla,405,-72.36883390632543,-70.00488003108426,8.393187437879709,derived topology (terminal positions); inferred global alignment
177390,R8_unclear,R,medulla,304,-38.17761083090832,-44.561275196013604,5.832204302583855,derived topology (terminal positions); inferred global alignment
220387,R7_unclear,R,medulla,394,-71.35672414485481,-36.593158979235504,11.697849751529867,derived topology (terminal positions); inferred global alignment
553949,R8y,R,medulla,618,-90.03899550132091,15.900969540284027,42.98821371413623,derived topology (terminal positions); inferred global alignment
500021,R8d,R,medulla,158,6.448149939810563,58.143739103248606,7.772199526201116,derived topology (terminal positions); inferred global alignment
209239,R8_unclear,R,medulla,357,-65.56004155160898,38.94858985743476,6.314242834309714,derived topology (terminal positions); inferred global alignment
500045,R8_unclear,R,medulla,109,17.16423499666007,-59.107571895095745,18.276423632151204,derived topology (terminal positions); inferred global alignment
225979,R8y,R,medulla,311,-38.06897538315683,-72.30773599841037,5.180959473964377,derived topology (terminal positions); inferred global alignment
153687,R7_unclear,R,medulla,599,-115.23982149484353,-2.928282857552377,15.580365679234218,derived topology (terminal positions); inferred global alignment
251270,R7_unclear,R,medulla,226,-14.918427906289537,-56.96105122051674,6.341250926824395,derived topology (terminal positions); inferred global alignment
242286,R7p,R,medulla,121,-20.058195577343177,3.3674817944054274,25.179008313093732,derived topology (terminal positions); inferred global alignment
175744,R8_unclear,R,medulla,645,-120.75341091649483,-25.10960327854346,13.837929239703232,derived topology (terminal positions); inferred global alignment
244077,R7p,R,medulla,157,2.206282938652677,57.41179520854162,2.5020136951667395,derived topology (terminal positions); inferred global alignment
500236,R7R8_unclear,R,medulla,177,-1.5255753379951003,-53.53856847582045,1.3180171136777887,derived topology (terminal positions); inferred global alignment
129341,R7_unclear,R,medulla,420,-79.87054093012189,0.5229357651681608,10.715801468020631,derived topology (terminal positions); inferred global alignment
308871,R8_unclear,R,medulla,175,0.5992700734035878,-49.08181057406159,2.0942151864860286,derived topology (terminal positions); inferred global alignment
81670,R8d,R,medulla,672,-158.80804402854554,43.30471408959033,25.624065794762668,derived topology (terminal positions); inferred global alignment
314238106,R7_unclear,R,medulla,7,61.81997982425975,9.815156302174183,49.01345460156671,derived topology (terminal positions); inferred global alignment
175093,R7p,R,medulla,338,-58.56371488295387,-42.22830353831771,29.26366205763584,derived topology (terminal positions); inferred global alignment
146739402,R7p,R,medulla,73,9.241369762180625,33.89293062186514,1.0334580021036603,derived topology (terminal positions); inferred global alignment
193042,R7_unclear,R,medulla,470,-101.78929592854871,48.25539356731197,9.382543093379955,derived topology (terminal positions); inferred global alignment
181298,R8y,R,medulla,545,-125.15216732414598,47.03606960299037,1.036630866816832,derived topology (terminal positions); inferred global alignment
204787,R7p,R,medulla,578,-67.14777064394856,-11.441295558019409,61.24379656742081,derived topology (terminal positions); inferred global alignment
301517,R8y,R,medulla,126,-7.6307560641295495,-29.648352385370398,12.892220012453501,derived topology (terminal positions); inferred global alignment
237321,R7p,R,medulla,346,-66.2375031321426,70.56152008905231,8.072867370509757,derived topology (terminal positions); inferred global alignment
500075,R7_unclear,R,medulla,182,-3.7653863016589355,58.55909553158213,0.16354976322813922,derived topology (terminal positions); inferred global alignment
293361,R7y,R,medulla,209,-22.628407925580376,53.48787404016114,14.60057941142251,derived topology (terminal positions); inferred global alignment
181043,R8y,R,medulla,204,-3.8722966254905344,-74.05442122289502,11.374655739802865,derived topology (terminal positions); inferred global alignment
187397,R7y,R,medulla,354,-66.86056780382393,50.21942191830312,13.243888485132578,derived topology (terminal positions); inferred global alignment
172592,R8_unclear,R,medulla,567,-127.42801382374826,51.65752679782516,1.8728037198876628,derived topology (terminal positions); inferred global alignment
124853,R8p,R,medulla,427,-82.23320107754658,-55.06763073572504,11.393248470593463,derived topology (terminal positions); inferred global alignment
500057,R8_unclear,R,medulla,36,15.73362229375023,25.415359661323564,4.332148900994996,derived topology (terminal positions); inferred global alignment
564794,R7_unclear,R,medulla,21,63.7599850614052,20.2041480936338,51.72924062425097,derived topology (terminal positions); inferred global alignment
553917,R7_unclear,R,medulla,683,-151.8149452481031,-22.224031715077075,14.570270169046411,derived topology (terminal positions); inferred global alignment
500014,R8_unclear,R,medulla,266,-37.0913482533532,49.3015356586473,14.915647157050412,derived topology (terminal positions); inferred global alignment
189939,R7_unclear,R,medulla,698,-167.03819273443133,-11.008831126022168,28.71968049576952,derived topology (terminal positions); inferred global alignment
157462,R8_unclear,R,medulla,416,-79.50228919144394,47.00975212685729,11.346925136430038,derived topology (terminal positions); inferred global alignment
188018,R8p,R,medulla,493,-117.88009498061265,62.183440152777,1.771228787649051,derived topology (terminal positions); inferred global alignment
200003,R7_unclear,R,medulla,650,-144.20538515581202,-51.68007538135619,12.567826588463317,derived topology (terminal positions); inferred global alignment
500157,R8_unclear,R,medulla,15,46.807064479519696,-45.14784104002233,37.15936213634782,derived topology (terminal positions); inferred global alignment
113318,R7p,R,medulla,409,-86.16463976627554,69.17942440538192,5.639914747145825,derived topology (terminal positions); inferred global alignment
135626,R7_unclear,R,medulla,624,-117.99573092686343,-23.239561774858586,14.850853962191893,derived topology (terminal positions); inferred global alignment
201340,R8y,R,medulla,370,-58.320986424090016,-69.8832467441958,3.8461711250285426,derived topology (terminal positions); inferred global alignment
244865,R8_unclear,R,medulla,714,-168.8746829070668,-7.403397695938335,29.558100208813503,derived topology (terminal positions); inferred global alignment
167791,R7y,R,medulla,475,-98.3032849772843,12.879344384331043,11.768309242755349,derived topology (terminal positions); inferred global alignment
162942,R7p,R,medulla,715,-152.30222956532833,-10.635798421809834,12.974764117494907,derived topology (terminal positions); inferred global alignment
147205,R7_unclear,R,medulla,574,-119.43964538762113,14.757163214258025,8.910734149639136,derived topology (terminal positions); inferred global alignment
206627,R7y,R,medulla,682,-164.2263708810022,-16.936747196863713,26.938170903868578,derived topology (terminal positions); inferred global alignment
177772,R8y,R,medulla,528,-111.40964606436964,0.3525168847045106,9.994372404584043,derived topology (terminal positions); inferred global alignment
221822,R8_unclear,R,medulla,147,-15.282640878617975,-20.280565996711438,18.013164021931626,derived topology (terminal positions); inferred global alignment
214276,R7y,R,medulla,235,-17.450367209282575,60.11824253881409,3.5126134508866733,derived topology (terminal positions); inferred global alignment
500085,R7d,R,medulla,207,-12.523298659327693,64.44429539745956,4.199611251243341,derived topology (terminal positions); inferred global alignment
158332,R8_unclear,R,medulla,587,-125.93601675136117,-62.92249572018647,7.690055248862842,derived topology (terminal positions); inferred global alignment
133142,R7_unclear,R,medulla,387,-75.97678219391007,44.67537281936814,2.987005918584208,derived topology (terminal positions); inferred global alignment
198830,R7y,R,medulla,717,-151.94386668977853,-19.89280345112356,12.68317444713213,derived topology (terminal positions); inferred global alignment
43170,R8d,R,medulla,517,-123.21926193887485,69.50574789174605,8.304273411631526,derived topology (terminal positions); inferred global alignment
182839,R7y,R,medulla,486,-102.50188448624999,-58.73860009478547,9.739745960472115,derived topology (terminal positions); inferred global alignment
144274,R8y,R,medulla,458,-95.81774218053177,-64.41641737958805,6.122465393400999,derived topology (terminal positions); inferred global alignment
223312,R7_unclear,R,medulla,328,-48.79341296763989,24.221186557189608,2.632850321923736,derived topology (terminal positions); inferred global alignment
161455,R7y,R,medulla,547,-122.00793876140031,39.48575553377605,3.323172423947595,derived topology (terminal positions); inferred global alignment
154970,R8y,R,medulla,423,-76.71110742314482,-36.22063752536105,14.312696140701922,derived topology (terminal positions); inferred global alignment
208565,R7y,R,medulla,638,-80.1338465095104,13.045730542572226,54.49755160611829,derived topology (terminal positions); inferred global alignment
213663,R8y,R,medulla,355,-65.62964949562472,52.713428101486876,6.5347987232671265,derived topology (terminal positions); inferred global alignment
201435,R7_unclear,R,medulla,701,-158.0421131526441,-23.671008166895632,19.764274509755843,derived topology (terminal positions); inferred global alignment
150230,R7_unclear,R,medulla,424,-80.93355301481634,-38.44458639412314,13.62831037410607,derived topology (terminal positions); inferred global alignment
313080,R8_unclear,R,medulla,54,12.586281169395548,30.93745025564112,3.1188178169898384,derived topology (terminal positions); inferred global alignment
500135,R7R8_unclear,R,medulla,110,19.8127376169425,-51.133421457689295,13.415385839280127,derived topology (terminal positions); inferred global alignment
278360,R7d,R,medulla,134,6.913668317658704,52.02785700265926,4.233881620893344,derived topology (terminal positions); inferred global alignment
171668,R7p,R,medulla,518,-117.98624635976245,59.03361175982748,3.5515122366401917,derived topology (terminal positions); inferred global alignment
172712,R8y,R,medulla,640,-119.59963722514405,3.462880197510073,15.01043589804627,derived topology (terminal positions); inferred global alignment
202686,R7y,R,medulla,460,-88.29624855628015,-55.364572963673034,20.094835871264987,derived topology (terminal positions); inferred global alignment
185821,R8p,R,medulla,698,-158.917208913072,-9.271858441299198,20.533611360005132,derived topology (terminal positions); inferred global alignment
212084,R7_unclear,R,medulla,216,-21.039481249183062,15.728334883500654,12.434840950963883,derived topology (terminal positions); inferred global alignment
1019617211,R7_unclear,R,medulla,178,-0.3638256831437019,-57.74119377337118,1.2702597526513715,derived topology (terminal positions); inferred global alignment
180555,R8p,R,medulla,551,-113.64060468280421,13.453921754582352,11.65398605571299,derived topology (terminal positions); inferred global alignment
119304,R8_unclear,R,medulla,630,-137.68156219879404,-54.84901303739079,8.78663699304761,derived topology (terminal positions); inferred global alignment
230919,R7_unclear,R,medulla,536,-118.4281686197709,-49.93312581376596,4.211968549115351,derived topology (terminal positions); inferred global alignment
177924,R7y,R,medulla,560,-118.23291327280981,-47.63125686119201,6.932064164339942,derived topology (terminal positions); inferred global alignment
192419,R8_unclear,R,medulla,634,-138.3483028056208,36.482324348422665,4.935769575920776,derived topology (terminal positions); inferred global alignment
500017,R8d,R,medulla,233,-17.77807537394189,65.31639781426453,3.3746082982162386,derived topology (terminal positions); inferred global alignment
193919,R7p,R,medulla,465,-108.25479960577063,66.0446717127228,2.322134502558108,derived topology (terminal positions); inferred global alignment
500293,R7_unclear,R,medulla,36,12.00487621314717,23.193660575313448,2.1807778705503673,derived topology (terminal positions); inferred global alignment
217703,R8y,R,medulla,162,-52.45806155037737,30.80557084140612,52.83361184688334,derived topology (terminal positions); inferred global alignment
174586,R7y,R,medulla,255,-18.92839418795785,-68.19808298855308,4.641624707108217,derived topology (terminal positions); inferred global alignment
201400,R8y,R,medulla,616,-101.05932762183497,25.15342511320756,31.881199274682274,derived topology (terminal positions); inferred global alignment
180239,R7y,R,medulla,391,-72.7913447131199,-7.589760266700867,4.200686700550468,derived topology (terminal positions); inferred global alignment
235253,R8y,R,medulla,377,-74.95205496147462,77.33981858651136,2.5846013247845145,derived topology (terminal positions); inferred global alignment
238050,R8_unclear,R,medulla,85,13.657674266579264,-32.202522586026106,6.2501725174511495,derived topology (terminal positions); inferred global alignment
198133,R8y,R,medulla,633,-143.64674587008506,46.973047738998275,13.384877595391735,derived topology (terminal positions); inferred global alignment
183570,R8p,R,medulla,535,-113.21702773052567,-46.813078054304526,8.434358520878886,derived topology (terminal positions); inferred global alignment
160146,R7y,R,medulla,707,-143.51012215432644,23.727658723148192,4.311238860992125,derived topology (terminal positions); inferred global alignment
188291,R8_unclear,R,medulla,479,-74.82929677898318,-30.75807962819368,35.19574338698652,derived topology (terminal positions); inferred global alignment
171728,R8_unclear,R,medulla,299,-62.4168869923072,13.371736864736908,29.378330803892833,derived topology (terminal positions); inferred global alignment
191675,R8p,R,medulla,397,-76.79472548837477,-63.13936778370791,0.19062707487219063,derived topology (terminal positions); inferred global alignment
271230,R7y,R,medulla,104,-11.320528830111975,-21.71114941906734,18.459716317105624,derived topology (terminal positions); inferred global alignment
193278,R7_unclear,R,medulla,277,-25.411061119203296,-51.05676567549051,3.3017614144881597,derived topology (terminal positions); inferred global alignment
185421,R8y,R,medulla,642,-127.59564182054051,-8.078608597248037,7.007178837924111,derived topology (terminal positions); inferred global alignment
220920,R8y,R,medulla,300,-45.86079905718056,0.3062895340873045,12.733189769528579,derived topology (terminal positions); inferred global alignment
500113,R8p,R,medulla,133,9.948101707963147,59.92925851991187,8.631796176397984,derived topology (terminal positions); inferred global alignment
188019,R8y,R,medulla,559,-89.63394725230329,-38.77610911521284,35.89930701997145,derived topology (terminal positions); inferred global alignment
201393,R7p,R,medulla,634,-146.18014965140276,40.76687241560972,13.784574623674683,derived topology (terminal positions); inferred global alignment
500009,R7_unclear,R,medulla,213,-45.08977676870514,31.50857410101713,37.44405001847652,derived topology (terminal positions); inferred global alignment
179341,R8_unclear,R,medulla,497,-112.47862677443473,47.74788851199676,4.316129502626703,derived topology (terminal positions); inferred global alignment
152555,R7y,R,medulla,595,-88.57290835403306,21.00517403837972,42.32098116910657,derived topology (terminal positions); inferred global alignment
295542,R8y,R,medulla,117,-8.064774249896658,27.82463553852404,13.192782264207482,derived topology (terminal positions); inferred global alignment
201927,R7y,R,medulla,577,-112.13847351920626,-6.733091510503815,16.190160691837335,derived topology (terminal positions); inferred global alignment
195042,R8p,R,medulla,564,-125.89175199076772,-60.99319592622184,1.6281498938472465,derived topology (terminal positions); inferred global alignment
181039,R7y,R,medulla,524,-110.31839087740505,31.71825303942885,11.331921569320897,derived topology (terminal positions); inferred global alignment
283744,R8_unclear,R,medulla,328,-48.27812062406043,25.0938789819904,1.9655751563131045,derived topology (terminal positions); inferred global alignment
182488,R7y,R,medulla,417,-74.23063260139196,39.5510140470539,16.52322122250073,derived topology (terminal positions); inferred global alignment
187172,R7_unclear,R,medulla,565,-130.26183331937108,62.70922588119633,7.342706762260707,derived topology (terminal positions); inferred global alignment
298091,R8_unclear,R,medulla,254,-15.545206771913264,-63.15352965742662,1.5586387406203366,derived topology (terminal positions); inferred global alignment
266409,R7_unclear,R,medulla,186,-10.811053706784051,41.959841830046756,7.349918767918138,derived topology (terminal positions); inferred global alignment
178814,R8y,R,medulla,619,-128.4259571882922,6.453618295973409,4.462619025909984,derived topology (terminal positions); inferred global alignment
320325,R7y,R,medulla,93,-3.6182822004217954,35.44290671598104,10.869767215020984,derived topology (terminal positions); inferred global alignment
174285,R8_unclear,R,medulla,332,-58.46244652120094,-37.10112058272874,12.232950853546544,derived topology (terminal positions); inferred global alignment
500228,R7_unclear,R,medulla,110,18.137974069239817,-50.017118694003955,11.485010538082523,derived topology (terminal positions); inferred global alignment
221922,R7_unclear,R,medulla,491,-118.41059614274522,68.0724510062135,3.259845855976603,derived topology (terminal positions); inferred global alignment
178018,R7_unclear,R,medulla,397,-75.72674898442366,-60.84538417606828,2.7069299648878364,derived topology (terminal positions); inferred global alignment
200411,R8p,R,medulla,353,-68.49569126473946,56.88416416128413,11.212096883639925,derived topology (terminal positions); inferred global alignment
220987,R7p,R,medulla,218,-37.64269760706213,-2.3758321711540025,29.15053954736144,derived topology (terminal positions); inferred global alignment
234799,R7y,R,medulla,162,-52.96762150506574,29.105120127467973,53.61932107965556,derived topology (terminal positions); inferred global alignment
171919,R7y,R,medulla,553,-72.54553629857726,-1.6329918292722674,52.76077749945873,derived topology (terminal positions); inferred global alignment
161335,R8y,R,medulla,468,-108.75498357649064,60.77201196659409,1.623877982537535,derived topology (terminal positions); inferred global alignment
196019,R8y,R,medulla,469,-107.13300287297179,55.53709147726447,3.233162635538372,derived topology (terminal positions); inferred global alignment
217050,R8p,R,medulla,432,-86.38474058350991,-71.33207162990836,4.435786947016007,derived topology (terminal positions); inferred global alignment
217195,R7_unclear,R,medulla,143,-44.669978194611645,6.570831148624722,47.40256637996679,derived topology (terminal positions); inferred global alignment
194585,R7y,R,medulla,459,-92.7747851087617,-58.49447408397713,13.536420298062763,derived topology (terminal positions); inferred global alignment
240014,R8_unclear,R,medulla,488,-112.22893978202521,-68.45797217974703,2.464410892558956,derived topology (terminal positions); inferred global alignment
214772,R7y,R,medulla,221,-16.387061678963903,-32.70374852168764,7.796046064440889,derived topology (terminal positions); inferred global alignment
193987,R7y,R,medulla,276,-52.56321096603433,-36.541488782808855,31.754645266667193,derived topology (terminal positions); inferred global alignment
184391,R7_unclear,R,medulla,252,-37.52687361543862,-46.121139920408936,26.30639711362161,derived topology (terminal positions); inferred global alignment
237646,R7y,R,medulla,264,-27.850931608626432,58.34534884148048,5.921727236792013,derived topology (terminal positions); inferred global alignment
161450,R7y,R,medulla,508,-113.55566036350751,-44.90582513380566,3.0267376425304695,derived topology (terminal positions); inferred global alignment
500064,R7y,R,medulla,177,2.7892586350342157,-59.58181815678169,6.522929400103616,derived topology (terminal positions); inferred global alignment
373494,R7y,R,medulla,234,-34.39981886821601,52.86690425576275,22.968165174883048,derived topology (terminal positions); inferred global alignment
200177,R7d,R,medulla,345,-64.18595092313635,75.90898702360383,3.212517815622037,derived topology (terminal positions); inferred global alignment
181827,R8p,R,medulla,571,-126.52599987485725,33.61893193507622,1.8598747465249512,derived topology (terminal positions); inferred global alignment
188713,R8_unclear,R,medulla,256,-11.762724267248814,-72.036154686584,4.745959041493663,derived topology (terminal positions); inferred global alignment
226154,R7_unclear,R,medulla,312,-32.28912123869085,-72.15500143859326,1.0428823896742634,derived topology (terminal positions); inferred global alignment
209621,R7_unclear,R,medulla,693,-148.76046575868077,14.222728383601428,10.370363399588095,derived topology (terminal positions); inferred global alignment
415439,R8p,R,medulla,82,4.002097055956568,-13.993660419822499,4.76914120248463,derived topology (terminal positions); inferred global alignment
983968288,R8d,R,medulla,346,-58.21802330774541,76.27832301049612,3.8346143616952157,derived topology (terminal positions); inferred global alignment
190877,R8y,R,medulla,426,-89.32983043523532,-58.07953149854909,1.610542731488615,derived topology (terminal positions); inferred global alignment
183554,R8y,R,medulla,593,-120.48173845690448,36.3611583626596,10.766602557999104,derived topology (terminal positions); inferred global alignment
500313,R7_unclear,R,medulla,52,16.690815168272465,40.017658455071356,7.460642374995964,derived topology (terminal positions); inferred global alignment
181833,R7_unclear,R,medulla,510,-107.65880730790484,-52.15520548685861,9.047582010236262,derived topology (terminal positions); inferred global alignment
123582,R7_unclear,R,medulla,442,-101.13363042285741,58.462307594952,0.665698897296188,derived topology (terminal positions); inferred global alignment
248071,R8_unclear,R,medulla,145,2.3232342603333365,-6.978989778090743,0.4065089637266016,derived topology (terminal positions); inferred global alignment
500325,R8_unclear,R,medulla,34,24.819688055576236,35.353865374574056,13.669091252203552,derived topology (terminal positions); inferred global alignment
161711,R7y,R,medulla,446,-69.6362548192419,29.561117962503253,32.12915183052821,derived topology (terminal positions); inferred global alignment
203374,R8y,R,medulla,627,-132.3149239391246,-36.63386282027747,0.9078616238372303,derived topology (terminal positions); inferred global alignment
269309,R7y,R,medulla,118,-6.969359958829365,21.88236106869547,12.120290574757533,derived topology (terminal positions); inferred global alignment
17721,R7y,R,medulla,507,-112.42024027653332,-39.190946127677115,4.117495270210261,derived topology (terminal positions); inferred global alignment
179653,R7_unclear,R,medulla,301,-50.33464393390966,-11.894604866146853,17.466845433972118,derived topology (terminal positions); inferred global alignment
264266,R8p,R,medulla,210,-15.672571392924723,52.12215924187849,7.390403229966497,derived topology (terminal positions); inferred global alignment
193899,R7_unclear,R,medulla,585,-123.56032140795958,-50.38944431394712,4.694235188125726,derived topology (terminal positions); inferred global alignment
201738,R8y,R,medulla,717,-162.61583669607404,-18.571159982139598,23.29862410621371,derived topology (terminal positions); inferred global alignment
474155,R8y,R,medulla,115,-4.9968671295286455,36.14103508395069,10.243462222184766,derived topology (terminal positions); inferred global alignment
230664,R8d,R,medulla,345,-63.63431731097284,78.04116441051615,1.7198488561023062,derived topology (terminal positions); inferred global alignment
175276,R7y,R,medulla,364,-58.75199479865292,-48.175010497810426,4.199678050894584,derived topology (terminal positions); inferred global alignment
194972,R7y,R,medulla,273,-42.68877115685312,-15.627274461281814,20.384342710472175,derived topology (terminal positions); inferred global alignment
500369,R7_unclear,R,medulla,16,21.096276369405615,32.77189473136146,8.639987067248644,derived topology (terminal positions); inferred global alignment
500396,R8_unclear,R,medulla,55,65.80174969962181,28.148520205477155,55.71441709281032,derived topology (terminal positions); inferred global alignment
173953,R8p,R,medulla,715,-140.41697025056112,-10.647578857322516,1.0895393494610974,derived topology (terminal positions); inferred global alignment
169131,R7y,R,medulla,656,-136.15106588079334,20.82934404783458,0.4063303261902286,derived topology (terminal positions); inferred global alignment
174693,R8_unclear,R,medulla,360,-64.30668516321515,0.6593649744729962,2.813028934596359,derived topology (terminal positions); inferred global alignment
117364558,R8y,R,medulla,0,33.09881075588085,32.728172869972944,20.003066301083983,derived topology (terminal positions); inferred global alignment
169695,R7y,R,medulla,620,-87.18442065472047,3.374049512750973,45.80364022000331,derived topology (terminal positions); inferred global alignment
188341,R7_unclear,R,medulla,250,-41.63565868097277,-42.11811272556616,28.528208528809213,derived topology (terminal positions); inferred global alignment
194466,R7y,R,medulla,294,-47.34094807440229,48.821063035594925,17.394736125192892,derived topology (terminal positions); inferred global alignment
186297,R8p,R,medulla,272,-27.884278488792788,-5.993128713655043,5.222197275509619,derived topology (terminal positions); inferred global alignment
236419,R8y,R,medulla,327,-55.212068329414656,36.26209744083934,8.983772031124602,derived topology (terminal positions); inferred global alignment
223205,R7y,R,medulla,215,-40.63874174688678,20.821025742548105,32.330015306909694,derived topology (terminal positions); inferred global alignment
278442,R8y,R,medulla,317,-50.06762460911965,74.82314992803913,3.535607226886346,derived topology (terminal positions); inferred global alignment
199325,R8y,R,medulla,391,-74.01274383441557,-9.902183287456577,3.289501604505531,derived topology (terminal positions); inferred global alignment
200109,R8_unclear,R,medulla,279,-26.45840525023163,-59.190625765531834,4.250655626804906,derived topology (terminal positions); inferred global alignment
229910,R7y,R,medulla,122,-47.25005885360562,0.023922301824904985,52.46185663933115,derived topology (terminal positions); inferred global alignment
500099,R7R8_unclear,R,medulla,15,78.8795245434797,-35.48218553271515,65.84741679482292,derived topology (terminal positions); inferred global alignment
179617,R7p,R,medulla,467,-104.16497977087894,64.2605518800885,6.213651266539008,derived topology (terminal positions); inferred global alignment
500071,R7_unclear,R,medulla,183,-11.001559205102467,52.21463032169813,7.942601269384832,derived topology (terminal positions); inferred global alignment
190071,R7p,R,medulla,688,-152.1728149564272,38.51022112152853,14.897288549438981,derived topology (terminal positions); inferred global alignment
179644,R7p,R,medulla,582,-118.52913173714862,-35.90382292275459,10.061238923323305,derived topology (terminal positions); inferred global alignment
147777,R7y,R,medulla,378,-73.82466106304595,72.30535346214066,4.728615891078071,derived topology (terminal positions); inferred global alignment
224710,R7y,R,medulla,103,-39.03554725131246,-9.219777763793399,46.88346641094831,derived topology (terminal positions); inferred global alignment
175617,R7p,R,medulla,528,-96.97636969914697,1.4971917734014355,24.459544710737678,derived topology (terminal positions); inferred global alignment
500275,R7_unclear,R,medulla,211,-11.013302337927797,50.1057531111474,2.403087539219211,derived topology (terminal positions); inferred global alignment
173491,R7y,R,medulla,254,-14.157985734585687,-63.60622488068987,0.9388268881388571,derived topology (terminal positions); inferred global alignment
188346,R8y,R,medulla,475,-98.86947992662178,13.53195270275278,11.24174010590872,derived topology (terminal positions); inferred global alignment
177362,R8y,R,medulla,503,-73.29125388577066,-2.783839413903108,43.24627377102885,derived topology (terminal positions); inferred global alignment
118682,R7y,R,medulla,444,-93.66549222481513,45.65347802064516,8.505642477946935,derived topology (terminal positions); inferred global alignment
193998,R7y,R,medulla,169,-22.373688108441485,-9.362317785719366,22.300111489824403,derived topology (terminal positions); inferred global alignment
764391339,R7_unclear,R,medulla,18,14.828971173150535,25.55708537653667,2.3753940309279966,derived topology (terminal positions); inferred global alignment
182354,R8_unclear,R,medulla,556,-103.56343383050218,-25.16325646046828,21.75214093375824,derived topology (terminal positions); inferred global alignment
190271,R8_unclear,R,medulla,708,-153.30762867210092,21.452564279910273,14.200646380797412,derived topology (terminal positions); inferred global alignment
185489,R8_unclear,R,medulla,219,-30.579609985993223,-13.204754936540342,22.0692965100272,derived topology (terminal positions); inferred global alignment
173366,R7_unclear,R,medulla,369,-64.04236987704192,-60.26834931412367,10.654325448458536,derived topology (terminal positions); inferred global alignment
176239,R8y,R,medulla,273,-51.58166147252726,-19.12084346197009,28.89877619944229,derived topology (terminal positions); inferred global alignment
189143,R8y,R,medulla,444,-96.11293120817999,47.70631946182136,5.655457842459227,derived topology (terminal positions); inferred global alignment
185348,R8p,R,medulla,621,-81.89844155157712,-6.755601909363834,50.97680269038807,derived topology (terminal positions); inferred global alignment
209574,R7y,R,medulla,473,-93.42775219137559,32.45593474467015,16.681891666755966,derived topology (terminal positions); inferred global alignment
203973,R8p,R,medulla,371,-63.70479145114521,-72.54823206383806,2.8273463499081406,derived topology (terminal positions); inferred global alignment
170626,R7p,R,medulla,393,-67.94037381408043,-31.612509306583267,10.580399786059722,derived topology (terminal positions); inferred global alignment
237292,R8y,R,medulla,118,-4.559406130281715,22.252306618709653,9.69264351681274,derived topology (terminal positions); inferred global alignment
97657,R8d,R,medulla,610,-137.98465838420867,64.8931929477566,18.030298886003195,derived topology (terminal positions); inferred global alignment
171624,R8_unclear,R,medulla,431,-85.12187058281128,-69.40847699869295,5.847959271002673,derived topology (terminal positions); inferred global alignment
172955,R7y,R,medulla,557,-81.75706252675398,-26.378002932438026,44.0347418101063,derived topology (terminal positions); inferred global alignment
171496,R7p,R,medulla,137,-37.55966434317507,34.22057835949944,41.12140835645935,derived topology (terminal positions); inferred global alignment
453240,R7_unclear,R,medulla,175,-5.861557948055598,-45.26651012804772,5.937377245842174,derived topology (terminal positions); inferred global alignment
287685,R8d,R,medulla,348,-64.63830088780979,74.56302814728696,2.9078092032039127,derived topology (terminal positions); inferred global alignment
182865,R8p,R,medulla,319,-58.29057022097336,66.52755184042876,13.2897713859777,derived topology (terminal positions); inferred global alignment
144483228,R8_unclear,R,medulla,51,28.834432024037838,51.506804164225564,22.1106546233679,derived topology (terminal positions); inferred global alignment
500077,R8y,R,medulla,98,5.941868148885064,12.79075690972926,1.2208754507681159,derived topology (terminal positions); inferred global alignment
158327,R7_unclear,R,medulla,663,-138.61205466481033,-14.624351611828699,2.7036764394326607,derived topology (terminal positions); inferred global alignment
188374,R7p,R,medulla,449,-80.05584804401298,-5.628207366845567,21.583506868844363,derived topology (terminal positions); inferred global alignment
159789,R8_unclear,R,medulla,154,12.869585430218535,-64.1845675193241,15.678853724622613,derived topology (terminal positions); inferred global alignment
245567,R7_unclear,R,medulla,71,18.275990506024314,48.329018934275425,12.465715398455691,derived topology (terminal positions); inferred global alignment
145505,R8p,R,medulla,494,-116.21699077416858,57.36504605264573,0.894462753138708,derived topology (terminal positions); inferred global alignment
191865,R8p,R,medulla,626,-131.12641710762028,-32.84775341304349,1.7440701141427841,derived topology (terminal positions); inferred global alignment
547422,R7_unclear,R,medulla,196,-32.17230959462289,-27.72110346080657,28.702664828448096,derived topology (terminal positions); inferred global alignment
194976,R7p,R,medulla,584,-114.77221598593408,-44.07766296429414,13.717210113680741,derived topology (terminal positions); inferred global alignment
195327,R8y,R,medulla,707,-147.63026100598032,24.98148645537679,8.617631468397057,derived topology (terminal positions); inferred global alignment
500047,R8_unclear,R,medulla,62,9.923501841792671,-9.906740887818941,0.3166012391518345,derived topology (terminal positions); inferred global alignment
193994,R8p,R,medulla,655,-140.85162034123238,27.769127515219136,5.5417775168137,derived topology (terminal positions); inferred global alignment
565157,R7y,R,medulla,34,39.75634828218092,34.93881769982016,28.436376756200413,derived topology (terminal positions); inferred global alignment
554011,R7_unclear,R,medulla,343,-51.314805118318475,-70.35649270326057,7.893359903017376,derived topology (terminal positions); inferred global alignment
254418,R8y,R,medulla,263,-25.455251455879285,61.20627803626754,4.049140077446605,derived topology (terminal positions); inferred global alignment
169891,R7_unclear,R,medulla,275,-44.58921364422558,-34.26538453135739,22.658317012065773,derived topology (terminal positions); inferred global alignment
198478,R7p,R,medulla,193,-30.100222807487157,-6.078876019215018,26.34463355093511,derived topology (terminal positions); inferred global alignment
178416,R8_unclear,R,medulla,404,-72.27445370072297,-73.40041697252319,5.254343493096061,derived topology (terminal positions); inferred global alignment
206207,R7_unclear,R,medulla,649,-142.7178309990917,-43.6465411003838,8.771746978803433,derived topology (terminal positions); inferred global alignment
214653,R7y,R,medulla,575,-77.2178430106411,7.039529567843332,51.12300967741283,derived topology (terminal positions); inferred global alignment
211010,R8y,R,medulla,629,-141.97523044500957,-49.440405366739846,10.404555476740413,derived topology (terminal positions); inferred global alignment
203083,R8_unclear,R,medulla,372,-55.34255307389883,-72.04616937201419,6.6006375551028444,derived topology (terminal positions); inferred global alignment
184669,R7p,R,medulla,539,-122.48109430736397,-60.49905069806242,1.5079362247679178,derived topology (terminal positions); inferred global alignment
212322,R7y,R,medulla,380,-80.74963400433272,69.97315266102693,4.522721813367861,derived topology (terminal positions); inferred global alignment
210031,R7y,R,medulla,501,-89.10952463683425,15.044788538228666,27.404264396453172,derived topology (terminal positions); inferred global alignment
118589,R7p,R,medulla,637,-125.60290330654595,18.64644934501552,9.065141275934065,derived topology (terminal positions); inferred global alignment
89443,R7d,R,medulla,590,-138.6755754749695,57.80093835150561,14.440948290612205,derived topology (terminal positions); inferred global alignment
205414,R7y,R,medulla,641,-104.31536426318826,-2.652614323875397,30.281715878854598,derived topology (terminal positions); inferred global alignment
417677,R8p,R,medulla,227,-6.886522746343886,-60.8330582214988,1.8420816459601226,derived topology (terminal positions); inferred global alignment
219336,R8p,R,medulla,122,-2.7561542880303165,-2.845512768099503,7.878267133344153,derived topology (terminal positions); inferred global alignment
156811,R8_unclear,R,medulla,452,-100.99089369021411,-40.755213654336025,0.5450868984566184,derived topology (terminal positions); inferred global alignment
191248,R8_unclear,R,medulla,374,-62.645237685701865,-76.03947757399976,1.9456033180010954,derived topology (terminal positions); inferred global alignment
500022,R8_unclear,R,medulla,152,14.020796339482004,-65.33352476714121,22.477355246852987,derived topology (terminal positions); inferred global alignment
500070,R8y,R,medulla,100,1.4730573449012212,-0.5930587881396864,5.6946479377626895,derived topology (terminal positions); inferred global alignment
285050,R8y,R,medulla,96,1.9857776478627756,24.846325754415464,5.287680227853518,derived topology (terminal positions); inferred global alignment
482958,R8_unclear,R,medulla,127,-4.89129448055138,-32.0274645584823,10.022516554957392,derived topology (terminal positions); inferred global alignment
218502,R8p,R,medulla,418,-86.27976894693424,30.49483205510438,4.451010860550365,derived topology (terminal positions); inferred global alignment
181967,R8y,R,medulla,643,-129.22176400723072,-13.860525857059368,5.363659576404047,derived topology (terminal positions); inferred global alignment
212536,R8_unclear,R,medulla,518,-118.88093394885075,72.43853083613585,13.678912952425861,derived topology (terminal positions); inferred global alignment
175621,R7y,R,medulla,503,-99.25366082872344,-5.470803478020636,17.2171458275741,derived topology (terminal positions); inferred global alignment
227790,R7y,R,medulla,353,-69.46091481230401,46.12695541747578,21.179096001671684,derived topology (terminal positions); inferred global alignment
120506,R8_unclear,R,medulla,483,-88.79351717321505,-51.416571271006276,21.690074886152523,derived topology (terminal positions); inferred global alignment
192346,R8y,R,medulla,639,-78.92413601397284,13.802080151868601,55.91721191719969,derived topology (terminal positions); inferred global alignment
175900,R7p,R,medulla,601,-124.56293264677853,-15.383094429593909,6.358907008199951,derived topology (terminal positions); inferred global alignment
137307,R7d,R,medulla,492,-120.74972620147204,67.62296874260801,5.9665732367165685,derived topology (terminal positions); inferred global alignment
198954,R8_unclear,R,medulla,335,-47.6575471223791,-55.94996358001199,3.3033012727266478,derived topology (terminal positions); inferred global alignment
336619,R7y,R,medulla,76,7.259977820958838,20.651794501246776,1.9761296867638374,derived topology (terminal positions); inferred global alignment
169550,R7_unclear,R,medulla,142,-62.12683405637932,13.573984041617521,64.8657164029304,derived topology (terminal positions); inferred global alignment
181612,R7_unclear,R,medulla,581,-125.04705983583611,-32.44164888032209,3.3849358632892566,derived topology (terminal positions); inferred global alignment
217973,R7p,R,medulla,636,-128.90231173093886,24.306707637439555,5.731507702782624,derived topology (terminal positions); inferred global alignment
178159,R8p,R,medulla,637,-123.84800742349196,19.723319620985034,10.781420124929474,derived topology (terminal positions); inferred global alignment
201086,R8_unclear,R,medulla,171,-17.967609211604717,-26.51911055005927,17.7392854475122,derived topology (terminal positions); inferred global alignment
109362,R7d,R,medulla,436,-104.92936363017242,71.59783888225513,3.0491404049296738,derived topology (terminal positions); inferred global alignment
178387,R7_unclear,R,medulla,640,-129.29374662930954,2.0879019391729403,5.393877804889466,derived topology (terminal positions); inferred global alignment
543536,R8_unclear,R,medulla,31,49.797440018872734,-50.26208602728785,43.082065435179366,derived topology (terminal positions); inferred global alignment
204088,R8p,R,medulla,464,-108.4656427345544,72.14865345601119,3.702166998206161,derived topology (terminal positions); inferred global alignment
180161,R8y,R,medulla,598,-89.29836697428216,4.104576125116139,41.52738497837408,derived topology (terminal positions); inferred global alignment
198975,R7p,R,medulla,413,-83.06561656729889,54.88633929664359,11.356914562422059,derived topology (terminal positions); inferred global alignment
186817,R8p,R,medulla,692,-141.25691198709035,18.689221942138058,2.9616647421984346,derived topology (terminal positions); inferred global alignment
154706,R7_unclear,R,medulla,371,-62.75935270046918,-66.8740264617841,7.192350705812338,derived topology (terminal positions); inferred global alignment
193595,R8_unclear,R,medulla,401,-70.9222030679415,-65.48784277851337,9.236828826959705,derived topology (terminal positions); inferred global alignment
203440,R7y,R,medulla,399,-76.10503517987647,-64.69711041621177,4.345023441116928,derived topology (terminal positions); inferred global alignment
190788,R8_unclear,R,medulla,284,-26.043744300836813,-76.35920302253527,5.948712548135706,derived topology (terminal positions); inferred global alignment
500020,R8y,R,medulla,406,-91.40898976461133,78.48835082290027,2.751887149678011,derived topology (terminal positions); inferred global alignment
272501,R8p,R,medulla,298,-39.515203456803704,27.676997021238943,6.5383181717256855,derived topology (terminal positions); inferred global alignment
187144,R8y,R,medulla,658,-138.4877810404421,10.037296148628947,2.481414136243867,derived topology (terminal positions); inferred global alignment
196271,R8_unclear,R,medulla,108,21.510193128772528,-61.59315234353516,25.569725876207208,derived topology (terminal positions); inferred global alignment
208121,R8y,R,medulla,97,-32.78900329005259,16.963033381462292,39.906892315262624,derived topology (terminal positions); inferred global alignment
175562,R7y,R,medulla,427,-76.79572205435183,-47.62542460294899,20.530251189798157,derived topology (terminal positions); inferred global alignment
170836,R8p,R,medulla,310,-32.06500331870963,-69.93740934564599,0.8879220935168907,derived topology (terminal positions); inferred global alignment
251547,R7p,R,medulla,269,-59.77439769761765,26.201672628881873,37.46963255728132,derived topology (terminal positions); inferred global alignment
222820,R7_unclear,R,medulla,185,-41.46636223612357,40.12396586278209,38.55615825416222,derived topology (terminal positions); inferred global alignment
198412,R8p,R,medulla,671,-150.13134747754754,43.22959256320298,16.42067097562878,derived topology (terminal positions); inferred global alignment
196888,R8_unclear,R,medulla,540,-124.19652318918857,-64.49373312303105,3.1654779807752593,derived topology (terminal positions); inferred global alignment
171467,R8_unclear,R,medulla,484,-108.20022376763139,-59.44942907842215,1.734903712247743,derived topology (terminal positions); inferred global alignment
244156,R7p,R,medulla,115,-1.9272429101693405,36.79395669618987,7.112857156953785,derived topology (terminal positions); inferred global alignment
257944,R7p,R,medulla,22,58.51145415880889,11.223058808558372,46.10384892098512,derived topology (terminal positions); inferred global alignment
154574,R7y,R,medulla,350,-68.46985232263548,65.50410128454281,9.711295473439497,derived topology (terminal positions); inferred global alignment
203836,R8y,R,medulla,255,-17.68525401421202,-70.32089755572169,4.918782170705562,derived topology (terminal positions); inferred global alignment
272456,R8y,R,medulla,228,-11.828884743069352,-65.52504061091553,4.434537419089313,derived topology (terminal positions); inferred global alignment
209111,R8y,R,medulla,217,-28.02690445408095,6.850186949764676,19.44691982167256,derived topology (terminal positions); inferred global alignment
169579,R8d,R,medulla,286,-38.924842670669875,73.51774478976937,5.930164842542045,derived topology (terminal positions); inferred global alignment
267744,R7_unclear,R,medulla,198,-11.50552551300683,-42.73388692622943,7.707095150432384,derived topology (terminal positions); inferred global alignment
222656,R8p,R,medulla,167,-16.57843582637306,3.953085073508247,16.368594380156466,derived topology (terminal positions); inferred global alignment
172626,R7y,R,medulla,591,-132.24529980110685,42.27144067934136,1.366399867578768,derived topology (terminal positions); inferred global alignment
182454,R7p,R,medulla,568,-117.91275045499154,46.61771862963579,10.503883031040443,derived topology (terminal positions); inferred global alignment
200074,R8y,R,medulla,140,-55.20540960693884,22.24726664805865,58.191435846861545,derived topology (terminal positions); inferred global alignment
202183,R8y,R,medulla,428,-87.9435226550974,-63.73944056623924,3.317097755887326,derived topology (terminal positions); inferred global alignment
194093,R8y,R,medulla,451,-92.62047023151803,-31.01023050489659,8.933301404973356,derived topology (terminal positions); inferred global alignment
228692,R7_unclear,R,medulla,339,-48.33483640332162,-67.59113969999582,3.8874377773271354,derived topology (terminal positions); inferred global alignment
159592,R8y,R,medulla,264,-33.68903196143339,56.63307702667155,11.921993020086884,derived topology (terminal positions); inferred global alignment
209922,R8y,R,medulla,408,-94.63864005683723,76.49890238314174,4.72404493473281,derived topology (terminal positions); inferred global alignment
916989,R7R8_unclear,R,medulla,33,28.600490384197826,43.196793655054776,18.623510610686505,derived topology (terminal positions); inferred global alignment
210272,R7_unclear,R,medulla,563,-123.05482861455924,-59.08274934091108,2.776338132630328,derived topology (terminal positions); inferred global alignment
500102,R8_unclear,R,medulla,157,2.9485852985853,58.45561519263264,3.566568189225811,derived topology (terminal positions); inferred global alignment
237929,R7y,R,medulla,187,-19.25165264005672,35.75738717069673,15.750113086510316,derived topology (terminal positions); inferred global alignment
192904,R7y,R,medulla,478,-94.3053011455976,-21.03903219502807,15.84891812605937,derived topology (terminal positions); inferred global alignment
196908,R7_unclear,R,medulla,203,-1.2331124048904982,-64.7647834857049,4.947735747940075,derived topology (terminal positions); inferred global alignment
157901,R7y,R,medulla,542,-124.88594695624184,59.451717740408036,2.2439029911861947,derived topology (terminal positions); inferred global alignment
500012,R7y,R,medulla,78,-3.137029505231361,9.153105274303314,11.907438057664914,derived topology (terminal positions); inferred global alignment
198924,R7p,R,medulla,594,-90.76928055715757,27.133113974313943,40.119754551236845,derived topology (terminal positions); inferred global alignment
698356129,R7y,R,medulla,17,23.971176375969236,28.284407167496532,11.551313167860654,derived topology (terminal positions); inferred global alignment
189761,R7_unclear,R,medulla,179,6.701817457599873,-65.18534147062223,9.394425844823598,derived topology (terminal positions); inferred global alignment
190237,R7p,R,medulla,440,-97.49564091232143,62.233847069201246,4.980812071779701,derived topology (terminal positions); inferred global alignment
179722,R8_unclear,R,medulla,425,-77.63174762785489,-49.866212713303774,13.664232022914861,derived topology (terminal positions); inferred global alignment
199862,R8y,R,medulla,245,-37.27824458139159,-10.514528583956306,22.610054083662455,derived topology (terminal positions); inferred global alignment
154389,R7p,R,medulla,117,-25.677623710460594,25.873905417029682,30.888948672425002,derived topology (terminal positions); inferred global alignment
500030,R7y,R,medulla,240,-31.773605440881433,35.748688256961074,17.67278970388846,derived topology (terminal positions); inferred global alignment
125870,R7y,R,medulla,472,-105.33469802953235,41.060243513573376,4.80478306153235,derived topology (terminal positions); inferred global alignment
179020,R8p,R,medulla,333,-49.03786948652222,-47.07991641279769,2.9033222452380363,derived topology (terminal positions); inferred global alignment
221152,R8y,R,medulla,260,-30.26384677055541,68.27510838836918,7.785474378789377,derived topology (terminal positions); inferred global alignment
247044,R8y,R,medulla,326,-51.91600617190525,44.16183467568601,6.288163101581075,derived topology (terminal positions); inferred global alignment
131289,R8y,R,medulla,663,-162.7973066412202,-13.952354951402896,26.79735017216777,derived topology (terminal positions); inferred global alignment
106686,R8y,R,medulla,89,21.46787115310272,-61.98688915049764,22.84188899299071,derived topology (terminal positions); inferred global alignment
151959,R8_unclear,R,medulla,547,-114.8195329269326,39.394934373855605,10.504546258920529,derived topology (terminal positions); inferred global alignment
214134,R7y,R,medulla,704,-149.15284453880344,-32.928009158466054,10.803939331051202,derived topology (terminal positions); inferred global alignment
183646,R8_unclear,R,medulla,457,-92.03059074240633,-61.61209519235142,9.834474146805196,derived topology (terminal positions); inferred global alignment
188729,R8_unclear,R,medulla,513,-112.29935249401777,-62.587077548319414,4.041865139268869,derived topology (terminal positions); inferred global alignment
182558,R8p,R,medulla,521,-117.76916054058495,49.76477154138242,3.724889943256537,derived topology (terminal positions); inferred global alignment
553925,R8y,R,medulla,667,-141.84409833633688,-33.96993700194035,5.9202335794851,derived topology (terminal positions); inferred global alignment
500205,R7p,R,medulla,114,2.3724633004261477,39.65339669406518,3.4270697774721,derived topology (terminal positions); inferred global alignment
500148,R7_unclear,R,medulla,14,24.851481261153197,-21.942915012791016,12.062861493350281,derived topology (terminal positions); inferred global alignment
500207,R7_unclear,R,medulla,4,53.047402398155384,21.996273129973662,40.31192255694924,derived topology (terminal positions); inferred global alignment
169694,R8y,R,medulla,424,-82.79177168736305,-46.64050412219026,7.864775104859035,derived topology (terminal positions); inferred global alignment
500044,R8_unclear,R,medulla,79,9.405733968404846,2.8959559460705977,0.6985949584396663,derived topology (terminal positions); inferred global alignment
257464,R8_unclear,R,medulla,280,-33.059795605539435,-63.62696190482848,10.488869415194326,derived topology (terminal positions); inferred global alignment
230847,R7d,R,medulla,231,-20.98356279407421,67.33784091800081,6.799252891515798,derived topology (terminal positions); inferred global alignment
199906,R8_unclear,R,medulla,247,-38.6230642814274,-31.706184545109824,23.961267153479977,derived topology (terminal positions); inferred global alignment
125205,R7y,R,medulla,411,-84.8113030373171,58.69659654527678,11.535178911449687,derived topology (terminal positions); inferred global alignment
226094,R7y,R,medulla,687,-147.11223436571663,-38.76809299535205,10.181775700423977,derived topology (terminal positions); inferred global alignment
205785,R7p,R,medulla,266,-26.23363535716598,51.23482067648096,4.076027131340999,derived topology (terminal positions); inferred global alignment
213627,R8_unclear,R,medulla,592,-128.30811198098203,39.878285304217336,3.1595400255403336,derived topology (terminal positions); inferred global alignment
185994,R8p,R,medulla,480,-101.87046827987442,-38.60682848888775,8.366602544751059,derived topology (terminal positions); inferred global alignment
234642,R7y,R,medulla,368,-66.0222170714811,-52.922030228044264,16.13886954849744,derived topology (terminal positions); inferred global alignment
230756,R8y,R,medulla,292,-38.818877167220165,61.584871777515346,6.951090641693502,derived topology (terminal positions); inferred global alignment
331954,R8p,R,medulla,184,-25.214780192594496,47.18100492684688,21.97703924222015,derived topology (terminal positions); inferred global alignment
173239,R8y,R,medulla,221,-55.663565684220345,-31.406589639662247,47.08572737702897,derived topology (terminal positions); inferred global alignment
190791,R8y,R,medulla,700,-153.89037972090202,-17.10274937934453,15.529963833858924,derived topology (terminal positions); inferred global alignment
195284,R7_unclear,R,medulla,308,-40.064920982982954,-59.08534669541715,9.473095319466552,derived topology (terminal positions); inferred global alignment
353901,R8_unclear,R,medulla,153,4.770282583687006,-52.84826989538867,4.118959857603395,derived topology (terminal positions); inferred global alignment
172451,R8_unclear,R,medulla,477,-83.98767143789252,-12.817437760399836,26.054086468592036,derived topology (terminal positions); inferred global alignment
180906,R7_unclear,R,medulla,677,-147.2364288579462,7.362999677758085,9.91863776051616,derived topology (terminal positions); inferred global alignment
542726,R7y,R,medulla,313,-34.51393845806058,-72.35771768768386,2.4562107465194822,derived topology (terminal positions); inferred global alignment
215052,R7y,R,medulla,164,-31.41964379119315,23.22670300114029,31.44498416393401,derived topology (terminal positions); inferred global alignment
552718,R7p,R,medulla,184,-17.18850482976751,48.78268659898567,13.811493422171855,derived topology (terminal positions); inferred global alignment
238831,R8_unclear,R,medulla,420,-80.42512218626605,0.5915096237966175,10.161703530353519,derived topology (terminal positions); inferred global alignment
244510,R7_unclear,R,medulla,437,-103.99687235400745,69.93736861318827,2.2297223713365097,derived topology (terminal positions); inferred global alignment
500010,R7p,R,medulla,349,-64.50253445686945,70.44477663740211,4.500510212508313,derived topology (terminal positions); inferred global alignment
154851,R7_unclear,R,medulla,441,-92.94525427977678,57.3432491951299,9.93156473286217,derived topology (terminal positions); inferred global alignment
223086,R7y,R,medulla,386,-75.24790509456548,51.064051309905665,3.8318658808669444,derived topology (terminal positions); inferred global alignment
500039,R7y,R,medulla,119,-5.921320933417292,15.796885759252012,11.082135711885426,derived topology (terminal positions); inferred global alignment
207216,R8y,R,medulla,337,-47.75975505968341,-63.34034744831827,3.2592738435876982,derived topology (terminal positions); inferred global alignment
552804,R8y,R,medulla,471,-86.47367593044326,44.88306661271264,23.791367777439934,derived topology (terminal positions); inferred global alignment
172774,R7y,R,medulla,416,-86.63440072844787,47.325047422838935,4.290907192199209,derived topology (terminal positions); inferred global alignment
55945,R7d,R,medulla,464,-108.20684273600938,69.4624425294463,2.160992801852075,derived topology (terminal positions); inferred global alignment
233046,R7y,R,medulla,320,-51.62775468771187,64.25470231709784,8.476348980377056,derived topology (terminal positions); inferred global alignment
282538,R7y,R,medulla,139,-20.467978014568246,28.20054074306093,23.73204862153848,derived topology (terminal positions); inferred global alignment
215681,R7y,R,medulla,496,-111.66072862689735,50.513654354705835,4.9268150044205345,derived topology (terminal positions); inferred global alignment
206227,R8y,R,medulla,190,-53.5621698477872,16.808342967276193,49.674482892047344,derived topology (terminal positions); inferred global alignment
232966,R7_unclear,R,medulla,47,10.611086707368088,-25.031700531474883,0.7955027276775248,derived topology (terminal positions); inferred global alignment
206170,R8_unclear,R,medulla,605,-129.74743859110936,-39.296215761420314,1.705078919998863,derived topology (terminal positions); inferred global alignment
203264,R8y,R,medulla,146,-11.667599858811556,-13.58845801371626,14.406373233714367,derived topology (terminal positions); inferred global alignment
500301,R7_unclear,R,medulla,94,2.5016295906268198,31.944950631635255,4.738868091585691,derived topology (terminal positions); inferred global alignment
192249,R8y,R,medulla,594,-125.42275134859024,28.49399313428532,5.442441630609661,derived topology (terminal positions); inferred global alignment
181849,R7y,R,medulla,494,-104.95816800549525,52.31464735019033,13.032607239595837,derived topology (terminal positions); inferred global alignment
130709,R7d,R,medulla,133,8.480981815446683,57.41511905876138,6.16790328383026,derived topology (terminal positions); inferred global alignment
210852,R8p,R,medulla,262,-26.245594221111247,65.27297593320554,3.7549888166595458,derived topology (terminal positions); inferred global alignment
347656,R8_unclear,R,medulla,200,-6.756506407381963,-54.090068452114394,3.4061270790025717,derived topology (terminal positions); inferred global alignment
184164,R7_unclear,R,medulla,132,14.439424059698013,-63.53704138189157,15.726184988957078,derived topology (terminal positions); inferred global alignment
374816,R8p,R,medulla,331,-54.66360984368961,-25.246088701075283,8.49771423435352,derived topology (terminal positions); inferred global alignment
182510,R7p,R,medulla,615,-110.48768102929044,29.508699426926334,22.448928262473654,derived topology (terminal positions); inferred global alignment
238593,R8p,R,medulla,414,-82.32902064402299,52.55695381492916,10.945443841426066,derived topology (terminal positions); inferred global alignment
206395,R7y,R,medulla,373,-67.83936641264059,-68.11099856569828,10.543903426035099,derived topology (terminal positions); inferred global alignment
195986,R8_unclear,R,medulla,651,-138.16196604180226,41.4531316561111,2.591150943900481,derived topology (terminal positions); inferred global alignment
305056,R8_unclear,R,medulla,226,-12.424233341628124,-59.57185453465192,4.478848751890407,derived topology (terminal positions); inferred global alignment
175748,R7p,R,medulla,719,-146.32163440465803,-28.67080359950183,7.484221177501399,derived topology (terminal positions); inferred global alignment
171254,R7p,R,medulla,363,-65.70017410469504,-38.935493186980715,6.03012661780106,derived topology (terminal positions); inferred global alignment
205069,R8y,R,medulla,495,-113.37062977910108,52.80656820542611,3.832171913108288,derived topology (terminal positions); inferred global alignment
201198,R8p,R,medulla,283,-26.851523018745517,-72.0276002887621,4.748513738904506,derived topology (terminal positions); inferred global alignment
243724,R8p,R,medulla,242,-20.35449868422122,22.131047188350685,5.747828167828017,derived topology (terminal positions); inferred global alignment
237165,R7p,R,medulla,297,-45.920713709147364,37.247569088799395,13.034421137266408,derived topology (terminal positions); inferred global alignment
500031,R8p,R,medulla,212,-17.348492860465328,44.18095863875705,8.858480830759353,derived topology (terminal positions); inferred global alignment
119669,R7_unclear,R,medulla,443,-94.3546379000895,50.53311327890479,8.140199868854015,derived topology (terminal positions); inferred global alignment
185284,R8y,R,medulla,365,-66.2007112681097,-46.96980434118642,11.588831671887506,derived topology (terminal positions); inferred global alignment
175453,R8p,R,medulla,550,-105.32533878966454,21.8663431698221,20.00318002236506,derived topology (terminal positions); inferred global alignment
189519,R7y,R,medulla,504,-108.40828682154694,-15.682551776999015,8.030280921698395,derived topology (terminal positions); inferred global alignment
224969,R7_unclear,R,medulla,686,-146.06799147732713,-35.473152896147795,9.185122413522327,derived topology (terminal positions); inferred global alignment
179815,R7_unclear,R,medulla,699,-143.005460507748,-13.166681735495516,4.639728372982714,derived topology (terminal positions); inferred global alignment
181424,R7p,R,medulla,533,-104.41844006960658,-35.72045493019691,17.345946154236035,derived topology (terminal positions); inferred global alignment
228304,R8y,R,medulla,295,-46.84180352757457,51.74583061322273,13.878072911415892,derived topology (terminal positions); inferred global alignment
124394,R7y,R,medulla,651,-142.947334808321,43.44719927154397,7.713892183056232,derived topology (terminal positions); inferred global alignment
173995,R7p,R,medulla,593,-120.87029716664615,32.33424840497751,10.078934065045589,derived topology (terminal positions); inferred global alignment
175692,R7_unclear,R,medulla,497,-109.16989381730846,45.13893129503982,7.460095665176299,derived topology (terminal positions); inferred global alignment
196849,R7y,R,medulla,720,-156.79384294410866,-31.650010702795356,17.63140446061455,derived topology (terminal positions); inferred global alignment
125435,R7y,R,medulla,468,-99.01815506595602,54.66092137748683,12.407594297099706,derived topology (terminal positions); inferred global alignment
248365,R7_unclear,R,medulla,348,-57.88180529229402,69.25479984243431,7.261757920249993,derived topology (terminal positions); inferred global alignment
158414,R8d,R,medulla,492,-112.93760731055671,72.09034699314645,9.551026917140502,derived topology (terminal positions); inferred global alignment
209148,R8y,R,medulla,470,-87.7357274263896,49.82357940390612,22.583036810069856,derived topology (terminal positions); inferred global alignment
171951,R8p,R,medulla,396,-75.0347257909904,-57.14750531235501,2.8176490641902396,derived topology (terminal positions); inferred global alignment
223651,R7p,R,medulla,579,-127.40284591676047,-21.17948131272331,0.9686182898403715,derived topology (terminal positions); inferred global alignment
210420,R7y,R,medulla,502,-71.19859432407694,4.616044605423049,45.302734683797595,derived topology (terminal positions); inferred global alignment
179634,R7p,R,medulla,428,-78.94125021474375,-51.772889112562076,18.235574085325425,derived topology (terminal positions); inferred global alignment
156040,R8_unclear,R,medulla,509,-112.97607744460404,-51.19826285228691,3.386979369104438,derived topology (terminal positions); inferred global alignment
170170,R8p,R,medulla,77,-25.97548768548532,12.835790599087435,34.76983660966611,derived topology (terminal positions); inferred global alignment
196848,R8y,R,medulla,472,-93.85730786053458,42.73710881553895,16.36969337896594,derived topology (terminal positions); inferred global alignment
180538,R8y,R,medulla,670,-151.9241114492814,48.73226767855561,19.186053642881255,derived topology (terminal positions); inferred global alignment
193627,R8y,R,medulla,568,-132.93932236374434,58.5901066508442,12.689594090660332,derived topology (terminal positions); inferred global alignment
151704,R7y,R,medulla,639,-130.31540150016014,8.676057790472417,4.29518362839665,derived topology (terminal positions); inferred global alignment
214570,R7y,R,medulla,321,-46.66498898711261,67.35834649875035,1.6227702713348289,derived topology (terminal positions); inferred global alignment
189922,R8p,R,medulla,440,-97.84471171924527,64.64004296692738,3.9856362367272746,derived topology (terminal positions); inferred global alignment
105391,R7d,R,medulla,347,-64.25627010230929,72.45309387244818,4.619931740406331,derived topology (terminal positions); inferred global alignment
190447,R7_unclear,R,medulla,329,-53.98883032868898,10.361570032978802,7.748954089199786,derived topology (terminal positions); inferred global alignment
205543,R7p,R,medulla,388,-73.63392530584952,35.45111592859408,4.243842372685803,derived topology (terminal positions); inferred global alignment
500093,R7_unclear,R,medulla,5,15.848037532788382,11.55619735312181,2.593171630694707,derived topology (terminal positions); inferred global alignment
202322,R8p,R,medulla,202,0.6168317122743403,-65.93412060747502,8.948731545417145,derived topology (terminal positions); inferred global alignment
500083,R7R8_unclear,R,medulla,32,40.28075916862835,-41.64056479770366,29.41331653553253,derived topology (terminal positions); inferred global alignment
518995,R7_unclear,R,medulla,19,57.15141537121124,24.165643385688416,44.7574501115941,derived topology (terminal positions); inferred global alignment
198026,R7y,R,medulla,527,-119.71111599384946,9.696979157783835,1.7008136804365395,derived topology (terminal positions); inferred global alignment
231179,R8y,R,medulla,238,-22.978765981151795,49.51909407909364,8.583795536336932,derived topology (terminal positions); inferred global alignment
172943,R8p,R,medulla,695,-145.60212537034124,6.049788381729383,7.338313977224425,derived topology (terminal positions); inferred global alignment
189816,R8y,R,medulla,525,-116.90350941473531,25.93591293792415,4.592081093031464,derived topology (terminal positions); inferred global alignment
500018,R7y,R,medulla,100,0.939011352566034,-0.9080719447001842,6.275163743457018,derived topology (terminal positions); inferred global alignment
209900,R8p,R,medulla,383,-80.93468764887841,64.09291642682467,4.512703559784305,derived topology (terminal positions); inferred global alignment
219344,R7_unclear,R,medulla,480,-99.47633721622093,-38.51608779664458,10.72005531994009,derived topology (terminal positions); inferred global alignment
26864,R7y,R,medulla,408,-87.12337663570236,74.02577974426828,3.8851212149546335,derived topology (terminal positions); inferred global alignment
184684,R8y,R,medulla,473,-80.12274219470969,33.77660747322023,29.97499092652469,derived topology (terminal positions); inferred global alignment
173757,R8p,R,medulla,434,-78.38499674416099,-71.10375020436584,12.707602010867435,derived topology (terminal positions); inferred global alignment
168230,R8_unclear,R,medulla,453,-69.36535381847747,-39.263743429405004,33.31230527638202,derived topology (terminal positions); inferred global alignment
184570,R8_unclear,R,medulla,625,-114.98231381582056,-27.99464361401385,17.87019419758526,derived topology (terminal positions); inferred global alignment
182812,R7y,R,medulla,311,-43.13762128161852,-68.09669157951394,10.763111153859034,derived topology (terminal positions); inferred global alignment
174868,R8_unclear,R,medulla,531,-77.53358795228156,-22.654422892413656,43.96574082651385,derived topology (terminal positions); inferred global alignment
178727,R7y,R,medulla,522,-92.49286993795819,40.714143205512045,29.310211178055095,derived topology (terminal positions); inferred global alignment
177304,R7p,R,medulla,482,-94.44639348666666,-45.96120523158564,16.70843956892742,derived topology (terminal positions); inferred global alignment
239115,R7_unclear,R,medulla,511,-109.92739000568407,-54.18797610953246,7.474180752559571,derived topology (terminal positions); inferred global alignment
500328,R7_unclear,R,medulla,37,12.143622050481625,20.274009223461846,1.1748017363310546,derived topology (terminal positions); inferred global alignment
151988,R7p,R,medulla,247,-23.671887574530388,-30.322505792109446,9.148055461410404,derived topology (terminal positions); inferred global alignment
362596,R8_unclear,R,medulla,9,20.020306565808667,-5.905756764952233,6.656611712657408,derived topology (terminal positions); inferred global alignment
154116,R7_unclear,R,medulla,498,-95.47442628464455,38.53081105398229,21.168405011964214,derived topology (terminal positions); inferred global alignment
188850,R8p,R,medulla,654,-141.3486774114565,33.41100303017841,6.765635984941563,derived topology (terminal positions); inferred global alignment
202348,R7y,R,medulla,435,-95.7426690224858,70.86858160193374,6.700919732983103,derived topology (terminal positions); inferred global alignment
168576,R8_unclear,R,medulla,293,-43.47379989752646,58.65352791738505,11.040528948899048,derived topology (terminal positions); inferred global alignment
182002,R8_unclear,R,medulla,539,-120.82723510999377,-62.8016298743095,1.5116531593027391,derived topology (terminal positions); inferred global alignment
184463,R7_unclear,R,medulla,306,-36.846527231557275,-54.329229898272814,5.680773463316109,derived topology (terminal positions); inferred global alignment
186328,R7y,R,medulla,549,-105.96004908266139,26.302016048568607,19.379683856823075,derived topology (terminal positions); inferred global alignment
182263,R8_unclear,R,medulla,600,-121.86108378435931,-10.736833873842436,8.96266505961917,derived topology (terminal positions); inferred global alignment
116032876,R8p,R,medulla,76,3.470598616222432,19.282146435017694,5.29667816852297,derived topology (terminal positions); inferred global alignment
500125,R7_unclear,R,medulla,233,-21.498256590111666,64.52625196072927,7.125590500508327,derived topology (terminal positions); inferred global alignment
100772,R7y,R,medulla,598,-115.94694877742309,2.9081568063398526,14.894964934387435,derived topology (terminal positions); inferred global alignment
179992,R7p,R,medulla,334,-53.73346036033685,-44.2424158407008,12.011521165147398,derived topology (terminal positions); inferred global alignment
230813,R7y,R,medulla,385,-76.30003117772726,56.40888320567558,3.333458219967612,derived topology (terminal positions); inferred global alignment
220469,R7_unclear,R,medulla,713,-160.6770065206216,-6.346059649160701,21.74978051327117,derived topology (terminal positions); inferred global alignment
200097,R8y,R,medulla,179,3.263368702595301,-71.35330876730126,12.990189602395454,derived topology (terminal positions); inferred global alignment
161755,R7_unclear,R,medulla,296,-36.31625180324305,47.07826058572576,3.250635954729612,derived topology (terminal positions); inferred global alignment
169903,R7_unclear,R,medulla,375,-65.84073617560402,-72.31336730180335,7.459429941483082,derived topology (terminal positions); inferred global alignment
160256,R7p,R,medulla,625,-98.03510708903714,-26.445788509442185,34.87360981384647,derived topology (terminal positions); inferred global alignment
222812,R7y,R,medulla,332,-58.86370741828166,-28.963854286016964,14.915655960856215,derived topology (terminal positions); inferred global alignment
228767,R7y,R,medulla,381,-72.21105886903212,62.49535464845299,10.091317222240223,derived topology (terminal positions); inferred global alignment
500229,R8_unclear,R,medulla,27,86.39698416762627,-21.10294739134034,74.380624606103,derived topology (terminal positions); inferred global alignment
199062,R8_unclear,R,medulla,486,-107.57090388665327,-64.41253361742419,2.377327622407539,derived topology (terminal positions); inferred global alignment
216340,R7_unclear,R,medulla,199,-37.12803180558899,-37.186437572881346,35.08031012405352,derived topology (terminal positions); inferred global alignment
500162,R7_unclear,R,medulla,89,47.25412835676052,-59.672141944574854,41.95067806981255,derived topology (terminal positions); inferred global alignment
231386,R7_unclear,R,medulla,125,-18.218240600767615,-18.495051039621224,23.62045780199925,derived topology (terminal positions); inferred global alignment
196269,R8_unclear,R,medulla,441,-93.1612980343888,59.803560571345095,8.878531940381546,derived topology (terminal positions); inferred global alignment
101272,R7d,R,medulla,631,-141.87662595046655,50.91121067527236,10.198916118283906,derived topology (terminal positions); inferred global alignment
170037,R7y,R,medulla,220,-54.30427574579971,-17.68689934044679,46.212756327046314,derived topology (terminal positions); inferred global alignment
500027,R8y,R,medulla,249,-22.54389956512022,-45.78875159242227,7.902244481354389,derived topology (terminal positions); inferred global alignment
500084,R8p,R,medulla,160,-11.104123557746995,46.29242779700324,10.945147925770053,derived topology (terminal positions); inferred global alignment
169774,R7_unclear,R,medulla,481,-73.8907350875993,-29.764715700693692,39.99069348630733,derived topology (terminal positions); inferred global alignment
304227,R8p,R,medulla,186,-37.493097724862594,35.75436446402953,34.69653284404528,derived topology (terminal positions); inferred global alignment
160108,R7y,R,medulla,611,-136.85758452025985,46.996368498799505,4.594957977265325,derived topology (terminal positions); inferred global alignment
188142,R8y,R,medulla,519,-121.00720132587556,59.934012849468544,3.6548695540534024,derived topology (terminal positions); inferred global alignment
182414,R7_unclear,R,medulla,679,-138.76842358947283,-1.2389839576320347,1.888607442943608,derived topology (terminal positions); inferred global alignment
156733,R7p,R,medulla,172,-37.907447649784984,-24.410848044957586,38.611199362593744,derived topology (terminal positions); inferred global alignment
164792,R7p,R,medulla,657,-133.84630455047233,14.771528720032192,2.390061399519812,derived topology (terminal positions); inferred global alignment
179481,R8_unclear,R,medulla,677,-154.24818305606777,8.186611761335385,16.94421657456287,derived topology (terminal positions); inferred global alignment
545389,R7p,R,medulla,225,-49.5617696470195,-40.16949333439301,43.22802450241881,derived topology (terminal positions); inferred global alignment
184347,R8y,R,medulla,449,-98.96078780518243,-6.844475818805963,2.6465426877374587,derived topology (terminal positions); inferred global alignment
500108,R7p,R,medulla,237,-17.431449154341998,55.157244204429254,2.85285693195483,derived topology (terminal positions); inferred global alignment
224787,R8y,R,medulla,403,-71.91896743288486,-70.14705398532513,6.988646596403087,derived topology (terminal positions); inferred global alignment
245865,R8p,R,medulla,347,-65.89631176623398,75.65045150878223,4.065470390196284,derived topology (terminal positions); inferred global alignment
289631,R8_unclear,R,medulla,65,13.90496863943379,-27.050059162814833,4.624883114207986,derived topology (terminal positions); inferred global alignment
193756,R7_unclear,R,medulla,451,-98.5112006559574,-31.415765068817542,3.0286596274696316,derived topology (terminal positions); inferred global alignment
500339,R7_unclear,R,medulla,6,15.645526199686842,5.934124151803891,2.3756519351799246,derived topology (terminal positions); inferred global alignment
198541,R8_unclear,R,medulla,248,-41.64737306887734,-37.42442786234662,27.067621775733258,derived topology (terminal positions); inferred global alignment
188577,R8y,R,medulla,144,-34.94446437005293,3.6139803819623544,37.812312667446946,derived topology (terminal positions); inferred global alignment
195337,R7y,R,medulla,703,-156.00580107333678,-30.37197614373811,17.686656640601605,derived topology (terminal positions); inferred global alignment
181258,R8y,R,medulla,386,-70.95012379733865,49.53219143908232,7.856864486853249,derived topology (terminal positions); inferred global alignment
318568,R7y,R,medulla,8,17.997713640613853,0.20014649314349273,5.093798412758565,derived topology (terminal positions); inferred global alignment
183196,R7_unclear,R,medulla,457,-83.10892086083811,-45.44927291598184,26.46842199179219,derived topology (terminal positions); inferred global alignment
164234,R8y,R,medulla,555,-103.27012560979676,-18.834035109203217,21.99526915894172,derived topology (terminal positions); inferred global alignment
151738,R7p,R,medulla,714,-154.77314126674327,-8.310842270443707,15.555109781490042,derived topology (terminal positions); inferred global alignment
148349,R7p,R,medulla,630,-138.18251204957096,-49.45135631473484,5.711121849166906,derived topology (terminal positions); inferred global alignment
170084,R7y,R,medulla,572,-124.53656928844038,27.05170607816059,3.961594147673489,derived topology (terminal positions); inferred global alignment
500103,R7p,R,medulla,227,-11.950022219301609,-58.278559885074586,3.833496174001305,derived topology (terminal positions); inferred global alignment
216254,R8p,R,medulla,253,-20.897001658529774,-61.66233055878944,6.275862343594809,derived topology (terminal positions); inferred global alignment
500029,R8_unclear,R,medulla,177,3.6037830750806563,-59.05429084636815,6.505184837372782,derived topology (terminal positions); inferred global alignment
221145,R7y,R,medulla,681,-161.58420825540853,-12.575580617415497,24.290969710309877,derived topology (terminal positions); inferred global alignment
154095,R7_unclear,R,medulla,697,-145.62325166775662,-4.861694129284724,7.243452868800604,derived topology (terminal positions); inferred global alignment
199271,R8_unclear,R,medulla,459,-96.75186474055232,-67.87690403995961,4.7333165708346,derived topology (terminal positions); inferred global alignment
230104,R7y,R,medulla,340,-54.01761848575549,-58.88226591141678,15.75359583684271,derived topology (terminal positions); inferred global alignment
500080,R7_unclear,R,medulla,12,31.83061254503255,-17.808594766929993,18.476009999466477,derived topology (terminal positions); inferred global alignment
200269,R8_unclear,R,medulla,701,-141.26196558722077,-22.151001933203744,2.9158866545086304,derived topology (terminal positions); inferred global alignment
202801,R8y,R,medulla,628,-136.22294563197562,-42.634994569461405,3.718366307114945,derived topology (terminal positions); inferred global alignment
270069,R7p,R,medulla,384,-79.7753816059605,61.41710180031206,3.368031554621539,derived topology (terminal positions); inferred global alignment
149415,R7y,R,medulla,685,-142.94505734149044,-31.074158543995203,5.968515232675695,derived topology (terminal positions); inferred global alignment
386786,R8d,R,medulla,259,-31.38204785631981,69.37251990201034,8.923006817528545,derived topology (terminal positions); inferred global alignment
178250,R8p,R,medulla,389,-65.7259517918786,25.177571083913925,11.29258652275541,derived topology (terminal positions); inferred global alignment
456264,R8y,R,medulla,187,-17.23438929563578,36.958916871752464,13.53007786469583,derived topology (terminal positions); inferred global alignment
221365,R8p,R,medulla,504,-67.74064638177971,-12.887614307767869,48.77676193473414,derived topology (terminal positions); inferred global alignment
184403,R8p,R,medulla,448,-97.26765627191105,7.542635716645492,4.365242752681998,derived topology (terminal positions); inferred global alignment
156939,R8p,R,medulla,622,-106.19174506768056,-10.216824386962527,26.740111072295523,derived topology (terminal positions); inferred global alignment
208170,R8_unclear,R,medulla,251,-22.69137872665535,-53.906158184864914,8.229680366885656,derived topology (terminal positions); inferred global alignment
221309,R7y,R,medulla,540,-123.23904985576863,-61.56641931489997,2.7132372771085262,derived topology (terminal positions); inferred global alignment
177395,R7_unclear,R,medulla,485,-105.33566950838741,-58.77886177695389,6.017161137894008,derived topology (terminal positions); inferred global alignment
223132,R8y,R,medulla,561,-101.4358722740952,-46.2644007729607,24.282509356214486,derived topology (terminal positions); inferred global alignment
500042,R8p,R,medulla,237,-23.30468570334373,54.41800165797504,8.737988746400415,derived topology (terminal positions); inferred global alignment
391173,R7_unclear,R,medulla,154,7.990631381862116,-58.496785408528574,8.185303764889214,derived topology (terminal positions); inferred global alignment
196694,R7p,R,medulla,288,-39.31240959940397,67.71357246630119,8.173897992390787,derived topology (terminal positions); inferred global alignment
184834,R7p,R,medulla,506,-109.52732761448519,-33.98770804396677,6.8934226792145425,derived topology (terminal positions); inferred global alignment
166197,R7y,R,medulla,552,-102.0029966184706,3.8565350722818383,23.26625785864566,derived topology (terminal positions); inferred global alignment
240706,R7p,R,medulla,285,-32.00500035971806,-68.18752305106075,10.543071485184312,derived topology (terminal positions); inferred global alignment
126130,R7p,R,medulla,431,-83.7559782651592,-62.15389628659263,11.86666823352676,derived topology (terminal positions); inferred global alignment
198310,R8_unclear,R,medulla,443,-95.87684091402284,53.0766579550263,5.93958484484428,derived topology (terminal positions); inferred global alignment
185012,R8p,R,medulla,334,-56.29135370014615,-44.725418022650764,13.440071066366892,derived topology (terminal positions); inferred global alignment
163919,R7y,R,medulla,499,-78.90501532853948,32.41360893899368,37.63349242330122,derived topology (terminal positions); inferred global alignment
176902,R8_unclear,R,medulla,511,-103.12916408057043,-56.21434678611374,13.309236178887067,derived topology (terminal positions); inferred global alignment
369883,R7_unclear,R,medulla,81,7.553400577648617,-9.225884660079481,1.5755596757717156,derived topology (terminal positions); inferred global alignment
378365,R7y,R,medulla,150,-0.40202143328612294,-39.48121307171328,3.5921066733201257,derived topology (terminal positions); inferred global alignment
142925,R7p,R,medulla,341,-53.10401745940347,-65.36560062079049,11.109704632729324,derived topology (terminal positions); inferred global alignment
500248,R8_unclear,R,medulla,16,16.72768080460314,33.632449479607025,4.398676025924078,derived topology (terminal positions); inferred global alignment
190231,R7y,R,medulla,281,-26.06422214839808,-64.97286199274406,3.7489853624529945,derived topology (terminal positions); inferred global alignment
192314,R8p,R,medulla,578,-112.38413099223939,-14.173395981694696,15.929337482000044,derived topology (terminal positions); inferred global alignment
204303,R8y,R,medulla,609,-137.7907758207004,-56.70136412298438,8.729275115332802,derived topology (terminal positions); inferred global alignment
175143,R7y,R,medulla,616,-112.78794411533262,23.487994828543503,20.121940526525123,derived topology (terminal positions); inferred global alignment
182359,R7d,R,medulla,180,-7.18050544360149,62.82639239579775,3.2650684576664655,derived topology (terminal positions); inferred global alignment
194026,R7p,R,medulla,516,-125.3612767195814,65.97813069181119,4.580733307591001,derived topology (terminal positions); inferred global alignment
378399,R8p,R,medulla,224,-13.62814048429069,-49.41261305679239,5.065111616987841,derived topology (terminal positions); inferred global alignment
220831,R7p,R,medulla,418,-83.17118594025709,28.822101769443805,7.5453371725789635,derived topology (terminal positions); inferred global alignment
139978,R8d,R,medulla,613,-150.14170926184718,55.8730051153193,25.180743569925323,derived topology (terminal positions); inferred global alignment
156216,R7_unclear,R,medulla,271,-61.63760413537609,6.283100964536792,38.95822381127143,derived topology (terminal positions); inferred global alignment
189891,R8y,R,medulla,422,-80.28249607218797,-28.846562945350797,10.266511177948367,derived topology (terminal positions); inferred global alignment
183887,R8_unclear,R,medulla,579,-117.00212052188422,-20.13989550528119,11.380786395916966,derived topology (terminal positions); inferred global alignment
178601,R7_unclear,R,medulla,623,-132.05502735771836,-17.923834381607815,0.8120759946530084,derived topology (terminal positions); inferred global alignment
197814,R8y,R,medulla,674,-140.00878697825507,22.08014717830091,2.7920624533372576,derived topology (terminal positions); inferred global alignment
177798,R8y,R,medulla,482,-106.43395045895275,-50.66541387144387,3.836516541242276,derived topology (terminal positions); inferred global alignment
247925,R8_unclear,R,medulla,182,-7.258429031737265,56.49636529176252,3.9225510311363423,derived topology (terminal positions); inferred global alignment
967550825,R7d,R,medulla,2,66.94627456139287,25.61801044063905,53.660740726887994,derived topology (terminal positions); inferred global alignment
208872,R7y,R,medulla,534,-107.44233669240032,-41.600984830353404,14.244289730319203,derived topology (terminal positions); inferred global alignment
500013,R7R8_unclear,R,medulla,0,58.221015643888705,37.16391217383138,45.51368121288344,derived topology (terminal positions); inferred global alignment
193884,R8_unclear,R,medulla,302,-46.64746654872107,-28.585009160253126,13.550872850599326,derived topology (terminal positions); inferred global alignment
226765,R8y,R,medulla,402,-77.26585815736905,-73.74306884229578,0.7581280949437637,derived topology (terminal positions); inferred global alignment
386265,R8_unclear,R,medulla,28,82.72758550810954,-27.795478862077324,71.0586250738304,derived topology (terminal positions); inferred global alignment
234991,R8p,R,medulla,287,-39.72667327471347,71.02737385883638,7.264342465401924,derived topology (terminal positions); inferred global alignment
159591,R7p,R,medulla,554,-112.067082601474,-12.455391216718048,13.170200700199304,derived topology (terminal positions); inferred global alignment
99511,R7y,R,medulla,366,-61.39261242716931,-61.35258393278766,0.7287885693058735,derived topology (terminal positions); inferred global alignment
204361,R8p,R,medulla,430,-80.68338105451078,-65.55391184866845,10.813292528108594,derived topology (terminal positions); inferred global alignment
178611,R7p,R,medulla,596,-103.44546338381029,16.148989958422305,27.40632949418442,derived topology (terminal positions); inferred global alignment
151977,R7y,R,medulla,622,-132.40626343664388,-12.16732388939198,0.4539737127720055,derived topology (terminal positions); inferred global alignment
179569,R8y,R,medulla,395,-71.4153833542307,-53.21426714871913,5.470689139209004,derived topology (terminal positions); inferred global alignment
500182,R8d,R,medulla,156,6.162369449665107,60.81642696838044,6.598969374460261,derived topology (terminal positions); inferred global alignment
223747,R7y,R,medulla,322,-54.20010410872172,58.77125994035139,10.920658174194553,derived topology (terminal positions); inferred global alignment
209236,R8_unclear,R,medulla,169,-56.19028613843835,-9.467283151051687,56.01819549258756,derived topology (terminal positions); inferred global alignment
213711,R8_unclear,R,medulla,257,-17.37348103359652,-74.91030594601463,5.833090491677807,derived topology (terminal positions); inferred global alignment
253332,R8y,R,medulla,191,-16.883139988104446,9.668166733297213,12.978558130645057,derived topology (terminal positions); inferred global alignment
179127,R8p,R,medulla,501,-106.8123003708562,17.09449660209812,9.72177305263269,derived topology (terminal positions); inferred global alignment
205233,R7p,R,medulla,101,-20.07398749652596,-2.8660787832335606,27.33254850276306,derived topology (terminal positions); inferred global alignment
353303,R8y,R,medulla,2,13.773307867744677,22.878592987146185,0.561316548568442,derived topology (terminal positions); inferred global alignment
197071,R8_unclear,R,medulla,543,-129.98485687140604,68.68766114509566,14.806829727412946,derived topology (terminal positions); inferred global alignment
500015,R8_unclear,R,medulla,240,-45.52961842253144,33.04051221883274,31.67211295067487,derived topology (terminal positions); inferred global alignment
482168,R8_unclear,R,medulla,94,6.9024926339465935,34.81783885421873,1.7849215257317366,derived topology (terminal positions); inferred global alignment
224872,R7y,R,medulla,469,-105.74578230001401,56.716330661993425,4.4300737618334,derived topology (terminal positions); inferred global alignment
154811,R8p,R,medulla,614,-118.06013552236978,31.083429107991655,15.039345826768502,derived topology (terminal positions); inferred global alignment
177158,R8y,R,medulla,552,-106.76783028557449,4.238925449215776,18.494081780193916,derived topology (terminal positions); inferred global alignment
201559,R7_unclear,R,medulla,515,-113.83686449976395,-66.51044280951461,2.4867540320551407,derived topology (terminal positions); inferred global alignment
221430,R8y,R,medulla,322,-54.18328742823602,62.23516085510367,8.817052019817297,derived topology (terminal positions); inferred global alignment
204907,R8y,R,medulla,342,-55.33167296312992,-67.37011086307356,12.135140156009175,derived topology (terminal positions); inferred global alignment
201401,R8y,R,medulla,589,-134.25877682575378,54.70465345745538,6.798202602177498,derived topology (terminal positions); inferred global alignment
201624,R8y,R,medulla,439,-99.03710015832067,69.81050574290042,3.9413921967012424,derived topology (terminal positions); inferred global alignment
226089,R8y,R,medulla,209,-16.415486081524676,56.35434928895953,7.888628780886691,derived topology (terminal positions); inferred global alignment
154623,R8y,R,medulla,429,-83.1653532674857,-60.71595099846029,10.525089407577296,derived topology (terminal positions); inferred global alignment
188126,R8_unclear,R,medulla,684,-150.95369688424745,-24.683691026140092,13.694671701940681,derived topology (terminal positions); inferred global alignment
257136,R7d,R,medulla,286,-40.037063211836575,71.74386595199715,7.688230950008043,derived topology (terminal positions); inferred global alignment
500087,R8y,R,medulla,134,5.384485826377272,53.86429061847049,2.942452269528909,derived topology (terminal positions); inferred global alignment
234811,R7p,R,medulla,146,1.2331584848795458,-13.274125463097972,1.7805344989864327,derived topology (terminal positions); inferred global alignment
189319,R7_unclear,R,medulla,562,-124.39894936283052,-54.855109427196695,0.7898694842241878,derived topology (terminal positions); inferred global alignment
258908,R7y,R,medulla,224,-27.199714719771315,-42.7827356125977,19.93756271568911,derived topology (terminal positions); inferred global alignment
500049,R8_unclear,R,medulla,13,63.450864903664865,-42.32697762458083,54.03659079852914,derived topology (terminal positions); inferred global alignment
144646,R8_unclear,R,medulla,584,-126.57829858339373,-48.142847739448555,2.242308880683236,derived topology (terminal positions); inferred global alignment
218383,R7y,R,medulla,323,-58.858130899187614,51.465277544806376,17.178287256510416,derived topology (terminal positions); inferred global alignment
471655,R7y,R,medulla,268,-25.096868269579723,39.48415590737365,2.6311748271215305,derived topology (terminal positions); inferred global alignment
179869,R7y,R,medulla,358,-63.569982394098545,31.674872178275137,2.30475576282028,derived topology (terminal positions); inferred global alignment
500065,R8y,R,medulla,129,9.174120927360022,-47.51588671623951,7.457868445403531,derived topology (terminal positions); inferred global alignment
500034,R8y,R,medulla,268,-30.326066541355658,38.50614295893634,7.892413332367143,derived topology (terminal positions); inferred global alignment
183167,R8_unclear,R,medulla,312,-41.059073853183136,-75.36888089620992,8.482879513293044,derived topology (terminal positions); inferred global alignment
500037,R8_unclear,R,medulla,45,31.247114235641817,-17.789249483249854,19.912937623260095,derived topology (terminal positions); inferred global alignment
330877,R7_unclear,R,medulla,155,3.952015802699009,-59.18501443736346,4.5025444955187925,derived topology (terminal positions); inferred global alignment
155014,R7y,R,medulla,573,-121.88220639120436,21.28137668266045,6.498373737123148,derived topology (terminal positions); inferred global alignment
197361,R7p,R,medulla,700,-145.97073224133928,-18.342912811195724,7.620004430643751,derived topology (terminal positions); inferred global alignment
500011,R7y,R,medulla,98,2.2350329399541238,12.386271810434708,4.866740981860597,derived topology (terminal positions); inferred global alignment
553222,R7p,R,medulla,249,-30.763433504591912,-40.37357364218484,17.127612900346218,derived topology (terminal positions); inferred global alignment
386769,R7_unclear,R,medulla,194,-11.282741753545828,-15.9536343221583,7.568540007907196,derived topology (terminal positions); inferred global alignment
500040,R8_unclear,R,medulla,30,59.3589971900859,-48.32144554310254,52.302110171733986,derived topology (terminal positions); inferred global alignment
152620,R8p,R,medulla,624,-125.63196228706596,-22.798288829216844,7.2500958676487866,derived topology (terminal positions); inferred global alignment
203967,R8p,R,medulla,608,-135.15433313355595,-52.758544926010636,5.96895627338331,derived topology (terminal positions); inferred global alignment
173429,R7_unclear,R,medulla,229,-12.986898757108172,-64.60698884725282,4.418095630432817,derived topology (terminal positions); inferred global alignment
183475,R7_unclear,R,medulla,505,-67.9978427828451,-17.202658777372047,49.07314278687422,derived topology (terminal positions); inferred global alignment
283691,R8_unclear,R,medulla,197,-6.98188987612874,-38.763751654811166,3.0757445924319806,derived topology (terminal positions); inferred global alignment
162288,R8y,R,medulla,148,1.2057912223249616,-27.38470512268058,1.531439998553089,derived topology (terminal positions); inferred global alignment
191053,R8p,R,medulla,195,-34.803191423955376,-25.964149876683358,30.905020087805127,derived topology (terminal positions); inferred global alignment
133729,R7p,R,medulla,642,-88.59979535491614,-7.868094616256359,45.993344275540544,derived topology (terminal positions); inferred global alignment
159120,R7y,R,medulla,230,-11.432954601909202,-70.62802693442744,5.117546131989185,derived topology (terminal positions); inferred global alignment
230050,R7p,R,medulla,282,-31.39810057939886,-63.554178066544104,10.033846863729144,derived topology (terminal positions); inferred global alignment
219030,R8y,R,medulla,198,-11.318040870227364,-43.6538092841261,7.4189988233606625,derived topology (terminal positions); inferred global alignment
179691,R7_unclear,R,medulla,335,-46.986584715125375,-55.14444384073813,3.8384289646347347,derived topology (terminal positions); inferred global alignment
439101,R7p,R,medulla,97,-0.09718514506716502,19.082336406122543,7.258934746077478,derived topology (terminal positions); inferred global alignment
186935,R8y,R,medulla,524,-110.7195718935151,34.19046146910061,10.74924441998029,derived topology (terminal positions); inferred global alignment
186695,R7_unclear,R,medulla,603,-113.205769436159,-26.358849107490524,17.6864080218779,derived topology (terminal positions); inferred global alignment
55534,R8d,R,medulla,437,-95.6401881199061,76.15596853211457,8.302367593858618,derived topology (terminal positions); inferred global alignment
182045,R7_unclear,R,medulla,421,-76.63782408365455,-14.077863874044267,14.028172690401163,derived topology (terminal positions); inferred global alignment
500380,R7_unclear,R,medulla,1,53.85639146803334,29.38338702877539,40.61629504017271,derived topology (terminal positions); inferred global alignment
500350,R7_unclear,R,medulla,10,18.942043214008237,-8.846300528745942,5.7671514382596305,derived topology (terminal positions); inferred global alignment
500149,R7R8_unclear,R,medulla,50,17.878022201330495,-37.034875275510366,6.645970282240347,derived topology (terminal positions); inferred global alignment
387451,R7p,R,medulla,263,-25.50015567836146,61.06381569493634,4.185346803143443,derived topology (terminal positions); inferred global alignment
95584,R7_unclear,R,medulla,382,-76.77328505141074,67.9319792399615,1.328231375059248,derived topology (terminal positions); inferred global alignment
181001,R8y,R,medulla,505,-94.90382157531715,-22.15612319587,21.72658063557575,derived topology (terminal positions); inferred global alignment
100886,R7p,R,medulla,711,-141.17273194967044,5.750203136657489,1.983416506762201,derived topology (terminal positions); inferred global alignment
370577,R8y,R,medulla,290,-56.37585128861427,54.790958684375546,27.74218000246135,derived topology (terminal positions); inferred global alignment
209795,R7y,R,medulla,561,-123.02020483829948,-50.89927787487095,2.2096416875311298,derived topology (terminal positions); inferred global alignment
512553,R7y,R,medulla,298,-36.63158797661538,28.531380175750673,3.5377726167073087,derived topology (terminal positions); inferred global alignment
177842,R8y,R,medulla,194,-22.373346104338992,-17.29773358802839,18.46959600321477,derived topology (terminal positions); inferred global alignment
224017,R7_unclear,R,medulla,674,-146.50910163481336,20.809097907494312,9.183845057937273,derived topology (terminal positions); inferred global alignment
166609,R7_unclear,R,medulla,633,-136.66922861621393,39.642765325526696,3.276839256802974,derived topology (terminal positions); inferred global alignment
230008,R7_unclear,R,medulla,173,-13.184569050523102,-35.71796795753024,13.207248842982755,derived topology (terminal positions); inferred global alignment
150634,R7p,R,medulla,244,-29.583508730358844,0.17092881528239662,14.867173497394297,derived topology (terminal positions); inferred global alignment
194706,R8y,R,medulla,361,-63.04899317975784,-22.27420352630573,5.4786280373920455,derived topology (terminal positions); inferred global alignment
195690,R8_unclear,R,medulla,447,-74.00187905720745,21.952445660163008,27.674963506340042,derived topology (terminal positions); inferred global alignment
223755,R7_unclear,R,medulla,462,-91.54370412737818,-70.00059202396706,10.303060181314985,derived topology (terminal positions); inferred global alignment
176307,R8y,R,medulla,576,-70.90678391631032,4.796551009551797,57.60540608839776,derived topology (terminal positions); inferred global alignment
179692,R7y,R,medulla,300,-55.21657879591702,2.820120599844777,22.20157190184441,derived topology (terminal positions); inferred global alignment
172293,R7p,R,medulla,171,-46.18581847038716,-20.90960101696022,46.31064048975868,derived topology (terminal positions); inferred global alignment
500242,R7y,R,medulla,113,6.492165845553089,46.33908656323271,1.741248434860309,derived topology (terminal positions); inferred global alignment
175072,R7_unclear,R,medulla,576,-86.02323001755194,-1.5275479123953837,42.33648712631661,derived topology (terminal positions); inferred global alignment
206687,R7y,R,medulla,645,-130.28244472414426,-25.66947799832319,4.5013565754777405,derived topology (terminal positions); inferred global alignment
187448,R7p,R,medulla,526,-95.77232239914058,18.219427059723024,25.662752562441398,derived topology (terminal positions); inferred global alignment
194417,R8y,R,medulla,676,-162.19001828937695,16.27658291264706,25.186274736413136,derived topology (terminal positions); inferred global alignment
186546,R8p,R,medulla,688,-153.10900523483832,41.079825263538275,16.875205054080894,derived topology (terminal positions); inferred global alignment
171971,R7_unclear,R,medulla,546,-113.7711008886186,42.15004569721223,11.708061905650759,derived topology (terminal positions); inferred global alignment
193602,R8p,R,medulla,341,-46.8654847247461,-73.74028437423927,0.8788186539268524,derived topology (terminal positions); inferred global alignment
216510,R8y,R,medulla,411,-90.1090188097173,67.17831026526643,1.5349378949413721,derived topology (terminal positions); inferred global alignment
182153,R8_unclear,R,medulla,455,-93.29372248541681,-55.17543397375952,8.675979899026377,derived topology (terminal positions); inferred global alignment
431916,R7y,R,medulla,318,-51.642015262366584,70.88728206028432,6.061005361404472,derived topology (terminal positions); inferred global alignment
273283,R8y,R,medulla,462,-95.93162883462641,-71.18962171687573,5.775168045953517,derived topology (terminal positions); inferred global alignment
194114,R8p,R,medulla,549,-94.0916754109207,28.66866951340725,31.226576571411375,derived topology (terminal positions); inferred global alignment
179198,R8y,R,medulla,419,-70.67162350022917,16.591133569998917,20.0079923566679,derived topology (terminal positions); inferred global alignment
220730,R7y,R,medulla,404,-80.28666711728738,-70.3041353813118,7.151777362030919,derived topology (terminal positions); inferred global alignment
168062,R7_unclear,R,medulla,531,-101.00370299191192,-23.88258599712549,20.489284905063005,derived topology (terminal positions); inferred global alignment
125376,R7d,R,medulla,653,-149.65247276228513,41.9561729565113,16.228435881573418,derived topology (terminal positions); inferred global alignment
209194,R7y,R,medulla,589,-134.94170413639992,54.48191597743892,6.975399516892402,derived topology (terminal positions); inferred global alignment
184248,R7_unclear,R,medulla,564,-129.44373230465612,-61.92829259776591,4.937054919887822,derived topology (terminal positions); inferred global alignment
500260,R8_unclear,R,medulla,6,21.213137983184836,6.2995152929313285,7.845745837703579,derived topology (terminal positions); inferred global alignment
231465,R7p,R,medulla,190,-16.643526139768866,17.378352088786407,12.769626172692607,derived topology (terminal positions); inferred global alignment
219022,R8y,R,medulla,573,-90.45420496953787,22.631908809012675,37.911789700177685,derived topology (terminal positions); inferred global alignment
551814,R7y,R,medulla,141,-53.78502612561514,15.476237307383053,56.834505955131775,derived topology (terminal positions); inferred global alignment
340551,R7_unclear,R,medulla,126,-21.45689910013389,-24.47129615493441,26.765221775377164,derived topology (terminal positions); inferred global alignment
134128,R7d,R,medulla,652,-152.22690176547255,49.250639437412495,20.487774798898638,derived topology (terminal positions); inferred global alignment
133116,R8p,R,medulla,648,-144.51920108502551,-43.651453528497505,11.998226845882987,derived topology (terminal positions); inferred global alignment
389904,R8y,R,medulla,99,6.907255515583827,6.204565646965452,0.2878656581522277,derived topology (terminal positions); inferred global alignment
326147,R8y,R,medulla,104,-6.975522276962359,-24.09034929474139,14.111571665113813,derived topology (terminal positions); inferred global alignment
449068,R8_unclear,R,medulla,50,25.287314013546805,-47.88657094577244,18.527653044840335,derived topology (terminal positions); inferred global alignment
500175,R7_unclear,R,medulla,20,14.255042244589546,17.265707369916612,1.8856847969530217,derived topology (terminal positions); inferred global alignment
136304,R7y,R,medulla,678,-158.30992926127482,1.7755274978373314,21.01014927024068,derived topology (terminal positions); inferred global alignment
489737,R8_unclear,R,medulla,183,-10.394086328126072,54.48032935021473,6.607204586982138,derived topology (terminal positions); inferred global alignment
202122,R8y,R,medulla,445,-76.0583157861001,42.42055942934997,25.674450735022408,derived topology (terminal positions); inferred global alignment
186310,R8p,R,medulla,393,-67.07590072812532,-33.77188788236327,10.401469319541118,derived topology (terminal positions); inferred global alignment
