param_id,mechanism_id,grain,applies_to,unit,registry_key,bio_min,bio_max,bound_basis,bound_source,bound_verified,prior_dist,prior_a,prior_b,prior_basis,prior_source,value_fixed,current_m4,release_stage,label,notes
n2_v_rest,N2,global,all neurons,mV,cell_type:all|v_rest,-70,-45,measured_related,Gouwens & Wilson 2009 J Neurosci (adult PN/LN about -50 to -60); larval central neurons J Neurophysiol 2002 (-45 to -65),unverified,normal,-55,5,inferred,centre of the adult range,,-52,1,inferred,m4 value borrowed from Shiu et al. 2024
n2_v_th,N2,global,spiking neurons,mV,cell_type:all|v_th,-60,-30,guessed,spike threshold 5-25 mV above rest in insect central neurons (no class data),unverified,normal,-45,5,inferred,Shiu et al. 2024 value,,-45,1,inferred,
n2_v_reset,N2,global,spiking neurons,mV,cell_type:all|v_reset,-75,-45,guessed,after-hyperpolarisation up to ~15 mV below rest,unverified,normal,-55,5,guessed,equal to rest,,-52,1,inferred,
n2_tau_m,N2,global,all neurons,ms,cell_type:all|tau_m,2,60,measured_related,slow tibia-flexor MNs 15.5-16.6 ms (F-AZ-2; Azevedo 2020 raw data); PN/LN in Gouwens & Wilson 2009,unverified,lognormal,20,0.5,inferred,Shiu et al. 2024 value,,20,1,inferred,
n2_t_ref,N2,global,spiking neurons,ms,cell_type:all|t_ref,1,10,physical_limit,spike width about 1 ms; rates <= ~500 Hz,unverified,lognormal,2.2,0.4,inferred,Shiu et al. 2024 value,,2.2,1,inferred,
n2_slowmn_tau_m,N2,class,slow tibia-flexor MNs (60 cells),ms,cell_type:bodyId:*|tau_m,14,18,measured_this_class,4 cells 15.5-16.6 ms (F-AZ-2),verified,normal,16,1,inferred,fit to cell 180111_F2_C1 (F-AZ-2),,16,0,inferred,one recorded cell applied to the class
n2_slowmn_v_th,N2,class,slow tibia-flexor MNs (60 cells),mV,cell_type:bodyId:*|v_th,-45,-10,guessed,point-neuron threshold for distally initiated spikes is high at the soma; wide,unverified,normal,-19.38,3,inferred,fit (F-AZ-3),,-19.38,0,inferred,
n2_slowmn_t_ref,N2,class,slow tibia-flexor MNs (60 cells),ms,cell_type:bodyId:*|t_ref,1,10,physical_limit,as n2_t_ref,unverified,normal,4.27,1,inferred,fit (F-AZ-3),,4.27,0,inferred,
n3_drive,N3,global,all neurons,mV,cell_type:all|spontaneous_drive,-10,20,guessed,tonic depolarisation must keep spontaneous rates below ~50 Hz in most central neurons,unverified,normal,0,2,guessed,neutral,,0,1,guessed,per-class rows come with task 11
n3_slowmn_drive,N3,class,slow tibia-flexor MNs (60 cells),mV,cell_type:bodyId:*|spontaneous_drive,0,60,measured_this_class,rest rate 20-47 Hz is synaptically driven (F-AZ-4); value only bounded by that rate,unverified,normal,36.45,5,inferred,fit (F-AZ-3),,36.45,0,inferred,
n14_noise,N14,global,all neurons,mV/sqrt(ms),cell_type:all|background_noise,0,3,guessed,membrane noise of a few mV rms,unverified,uniform,,,guessed,no data,,0,1,guessed,
n4_adapt_inc,N4,global,spiking neurons,mV,cell_type:all|adaptation_increment,0,10,guessed,no class data,unverified,uniform,,,guessed,no data,,0,1,guessed,uniform on fails (F-SFA-1)
n4_adapt_tau,N4,global,spiking neurons,ms,cell_type:all|adaptation_tau,20,2000,guessed,insect SFA time constants tens of ms to seconds,unverified,loguniform,,,guessed,no data,,200,1,guessed,
n5_efficacy,N5,global,all chemical synapses,mV/synapse,connection_class:all|efficacy_per_synapse,0.02,1.0,measured_related,ORN->PN uEPSP ~6 mV over ~22 synapses (~0.27 mV/synapse; Kazama & Wilson 2008); larval unitary EPSPs 1-10 mV,unverified,lognormal,0.157,0.7,inferred,stability fit rule v3 (F-GAIN-2),,0.15675,1,inferred,measured ORN->PN is 11x the fit (F-AL-4)
n5_release_gain,N5,class,presynaptic class,dimensionless,cell_type:all|release_gain,0.1,10,guessed,one decade either side of the global efficacy,unverified,lognormal,1,0.5,guessed,neutral,,1,1,guessed,
n5_input_gain,N5,class,postsynaptic class,dimensionless,cell_type:all|input_gain,0.1,10,guessed,one decade either side,unverified,lognormal,1,0.5,guessed,neutral,,1,1,guessed,
n5_size_exp,N5,global,all neurons,dimensionless,cell_type:all|size_scaling_exponent,0,1,guessed,0 none to 1 full input-resistance scaling,unverified,uniform,,,guessed,neutral 0,,0,0,guessed,uniform on fails (F-SIZE-1)
n5_norm_exp,N5,global,all neurons,dimensionless,cell_type:all|input_normalisation_exponent,0,1,guessed,0 none to 1 full normalisation,unverified,uniform,,,guessed,neutral 0,,0,0,guessed,uniform on fails (F-NORM-1)
n5_scale_vnc_sm,N5,class,VNC sensorimotor connections,dimensionless,connection_class:vnc_sensorimotor|efficacy_scale,0.1,20,guessed,covers the measured ORN->PN ratio 10.9,unverified,lognormal,1,0.7,guessed,neutral,,1,1,guessed,
n5_scale_orn_upn,N5,class,ORN->uPN,dimensionless,connection_class:ORN_to_uPN|efficacy_scale,0.1,20,measured_this_class,uEPSP implies 10.9x the global fit (F-AL-4),unverified,lognormal,1,0.7,guessed,neutral,,1,1,guessed,
n5_scale_proprio,N5,class,leg proprioceptor output,dimensionless,connection_class:leg_proprioceptor_output|efficacy_scale,0.1,20,guessed,as ORN->PN,unverified,lognormal,1,0.7,guessed,neutral,,1,1,guessed,
n5_scale_alln_pn,N5,class,inhibitory AL LN->PN,dimensionless,connection_class:inhibitory_AL_LN_to_PN|postsynaptic_scale,0.1,20,guessed,no data: wide placeholder bound spanning about one decade either side of the current value,unverified,lognormal,1,0.7,guessed,neutral,,1,1,guessed,
n7_tau_s,N7,global,fast ionotropic synapses,ms,cell_type:all|tau_s,1,20,guessed,fast nicotinic/GABA-A/GluCl currents decay in a few ms,unverified,lognormal,5,0.5,inferred,Shiu et al. 2024 value,,5,1,inferred,
n7_gabab_frac,N7,global,GABAergic synapses,dimensionless,cell_type:all|gabab_fraction,0,1,physical_limit,fraction,verified,uniform,,,guessed,no data,,0,1,guessed,
n7_gabab_tau,N7,global,GABAergic synapses,ms,cell_type:all|gabab_tau,50,500,insect_wide,GABA-B IPSPs last hundreds of ms (Wilson & Laurent 2005),unverified,lognormal,150,0.4,guessed,,,150,1,guessed,
n8_nmda_frac,N8,global,cholinergic/glutamatergic onto NMDAR-expressing types,dimensionless,cell_type:all|nmda_fraction,0,1,physical_limit,fraction,verified,uniform,,,guessed,no data,,0,2,guessed,mechanism absent; row reserves the slot
n8_nmda_tau,N8,global,NMDA component,ms,cell_type:all|nmda_tau,30,300,insect_wide,NMDA decay tens to hundreds of ms,unverified,lognormal,100,0.5,guessed,,,80,2,guessed,mechanism absent
n9_e_exc,N9,global,excitatory synapses,mV,cell_type:all|e_exc,-10,10,physical_limit,nonselective cation reversal about 0 mV,unverified,normal,0,3,guessed,,,0,1,guessed,
n9_e_inh,N9,global,inhibitory synapses,mV,cell_type:all|e_inh,-90,-55,physical_limit,chloride reversal range,unverified,normal,-70,5,guessed,,,-70,1,guessed,
n10_std_u,N10,global,presynaptic class,dimensionless,cell_type:all|std_release_fraction,0,0.9,physical_limit,release fraction,verified,uniform,,,guessed,,,0,1,guessed,ORN measured U 0.22 (Nagel 2015)
n10_std_tau,N10,global,presynaptic class,ms,cell_type:all|std_tau_rec,50,3000,measured_related,ORN->PN recovery 893 ms (Nagel 2015; hand-verified),verified,lognormal,500,0.6,guessed,,,500,1,guessed,
n11_preinh_gain,N11,global,afferent terminals,per mV,cell_type:all|presynaptic_inhibition_gain,0,0.5,guessed,no data: wide placeholder bound spanning about one decade either side of the current value,unverified,uniform,,,guessed,,,0,1,guessed,
n13_default_delay,N13,global,cells without a skeleton-derived delay,ms,cell_type:all|conduction_delay,0.5,10,physical_limit,path length / velocity for CNS-scale axons,unverified,normal,1.8,0.5,inferred,median of skeleton-derived delays,,1.8,0,inferred,
n13_velocity,N13,global,typed cells,m/s,,0.1,3,measured_related,GF 2.07 m/s measured; small axons slower,unverified,lognormal,0.5,0.5,inferred,F-DELAY-1,,0.5,1,inferred,feeds data/params/conduction_delays.csv offline
n28_q10,N28,global,time constants,dimensionless,cell_type:all|q10,1.5,4,insect_wide,Q10 of neural time constants 1.5-4,unverified,normal,2,0.3,inferred,,,2,0,inferred,
n1_graded_rmax,N1,class,graded neurons,Hz,cell_type:all|graded_rmax,10,500,physical_limit,rate-equivalent release ceiling,unverified,lognormal,100,0.5,guessed,,,100,1,guessed,
n19_mod_sens,N19,type,types with monoamine receptors,per unit level,cell_type:*|mod_sensitivity_*,-5,5,guessed,no data: wide placeholder bound spanning about one decade either side of the current value,unverified,normal,0,1,guessed,receptor sign from transcripts where available,,0,2,guessed,receptor-signed candidate unstable under T (s8)
n19_mod_tau,N19,global,modulator pools,ms,cell_type:all|mod_tau,100,600000,insect_wide,monoamine clearance seconds; GPCR effects seconds to minutes,unverified,loguniform,,,guessed,,,1000,1,guessed,
n19_mod_inc,N19,global,modulator pools,level per spike (per 1000 releasing cells),cell_type:all|mod_increment,0.01,100,guessed,no data: wide placeholder bound spanning about one decade either side of the current value,unverified,loguniform,,,guessed,,,1,1,guessed,
n21_ltd_rate,N21,compartment,KC->MBON,per unit DAN trace per KC spike,cell_type:all|kc_mbon_ltd_rate,0,1,guessed,no data: wide placeholder bound spanning about one decade either side of the current value,unverified,uniform,,,guessed,,,0,2,guessed,
n21_dan_tau,N21,global,DAN eligibility trace,ms,cell_type:all|dan_trace_tau,100,5000,measured_related,KC-DAN pairing window about 1-2 s (Handler et al. 2019),unverified,lognormal,500,0.6,guessed,,,500,2,guessed,
b21_rate_gain,B21,global,mechanosensory afferents,mV per normalised stimulus,afferent:all|rate_gain,0.5,30,guessed,no data: wide placeholder bound spanning about one decade either side of the current value,unverified,lognormal,8,0.6,guessed,,,8,1,guessed,no published afferent rate calibration (F-GAP-1)
b21_resting_drive,B21,global,mechanosensory afferents,mV,afferent:all|resting_drive,0,10,guessed,no data: wide placeholder bound spanning about one decade either side of the current value,unverified,uniform,,,guessed,,,2,1,guessed,
b21_rate_max,B21,class,leg proprioceptors,Hz,afferent:leg_proprioceptors|rate_mode_max_hz,0,500,physical_limit,no data: wide placeholder bound spanning about one decade either side of the current value,unverified,uniform,,,guessed,0 = mV mode,,0,1,guessed,
b19_lum_gain,N15,class,photoreceptors,mV per unit luminance,photoreceptor:all|luminance_gain,0.5,50,guessed,no data: wide placeholder bound spanning about one decade either side of the current value,unverified,lognormal,10,0.6,guessed,,,10,1,guessed,
b19_dark_drive,N15,class,photoreceptors,mV,photoreceptor:all|dark_drive,0,10,guessed,no data: wide placeholder bound spanning about one decade either side of the current value,unverified,uniform,,,guessed,,,1,1,guessed,
b19_sampling,B19,global,eye rendering,Hz,photoreceptor:all|sampling_rate,50,1000,measured_related,fly photoreceptor flicker fusion above 200 Hz,unverified,fixed,100,,guessed,compute budget,,100,0,guessed,numerical choice; too slow for flight (B19)
n15_orn_max_drive,N15,class,ORNs,mV,orn:all|max_drive,1,40,guessed,no data: wide placeholder bound spanning about one decade either side of the current value,unverified,lognormal,15,0.5,guessed,,,15,1,guessed,
n15_orn_half_sat,N15,class,ORNs,dilution fraction,orn:all|half_saturation,1e-6,0.1,guessed,no data: wide placeholder bound spanning about one decade either side of the current value,unverified,loguniform,,,guessed,,,0.001,1,guessed,
n15_chemo_baseline,N15,class,chemosensory neurons,mV,chemosense:all|baseline_drive,0,10,guessed,no data: wide placeholder bound spanning about one decade either side of the current value,unverified,uniform,,,guessed,,,0,1,guessed,
n15_taste_gain,N15,class,GRNs,mV,sense:taste|gain,1,40,guessed,no data: wide placeholder bound spanning about one decade either side of the current value,unverified,lognormal,15,0.5,guessed,,,15,1,guessed,
n15_taste_k,N15,class,GRNs,M,sense:taste_K|gain,0.005,0.5,measured_related,sugar GRN half-activation tens of mM,unverified,loguniform,,,guessed,,,0.05,1,guessed,
n15_mechano_gain,N15,class,extra mechanosensors,mV,sense:mechano_extra|gain,1,30,guessed,no data: wide placeholder bound spanning about one decade either side of the current value,unverified,lognormal,8,0.6,guessed,,,8,1,guessed,
b20_jo_gravity,B20,class,JO gravity,rad per g,sense:jo_gravity|gain,0.01,3,guessed,no data: wide placeholder bound spanning about one decade either side of the current value,unverified,loguniform,,,guessed,,,0.3,1,guessed,
b20_jo_wind,B20,class,JO wind,rad per mm/s,sense:jo_wind|gain,1e-6,0.01,guessed,no data: wide placeholder bound spanning about one decade either side of the current value,unverified,loguniform,,,guessed,,,0.0001,1,guessed,
n15_cs_omega,N15,class,campaniform rate sense,rad/s,sense:cs_omega|gain,5,500,guessed,no data: wide placeholder bound spanning about one decade either side of the current value,unverified,loguniform,,,guessed,,,50,1,guessed,
n15_thermo_gain,N15,class,thermosensors,mV per degC/s,sense:thermo|gain,0.5,30,guessed,no data: wide placeholder bound spanning about one decade either side of the current value,unverified,lognormal,5,0.6,guessed,,,5,1,guessed,
n15_unknown_drive,N15,class,unassigned sensory populations,mV,sense:unknown_modality|drive,0,10,guessed,no data: wide placeholder bound spanning about one decade either side of the current value,unverified,fixed,0,,guessed,off,,0,0,guessed,
b5_force_per_spike,B5,global,non-leg motor units,uN*mm,motor_unit:all|force_per_spike,0.01,100,guessed,leg units 1-10 uN at the tibia (Azevedo 2020),unverified,loguniform,,,guessed,,,1,1,guessed,
b5_activation_tau,B5,global,muscle activation,ms,muscle:all|activation_tau,5,200,guessed,no data: wide placeholder bound spanning about one decade either side of the current value,unverified,lognormal,30,0.6,guessed,,,30,1,guessed,
b5_twitch_tau_fast,B5,class,fast leg motor units,ms,motor_unit:leg|twitch_tau,5,60,measured_related,Azevedo 2020 twitch kinetics by unit class,unverified,lognormal,30,0.4,guessed,,,30,1,guessed,
b3_k_leg_tarsus,B3,joint,tibia-tarsus and tarsal chain,uN*mm/rad,,0.01,1000,guessed,no data: wide placeholder bound spanning about one decade either side of the current value,unverified,loguniform,,,guessed,,,10,1,guessed,
b3_d_leg,B3,joint,leg DOFs,uN*mm*s/rad,,0.0001,10,guessed,no data: wide placeholder bound spanning about one decade either side of the current value,unverified,loguniform,,,guessed,,,1,1,guessed,"flybody default 1 (FTi 0.4); FlyMimic uses c/k = 0.05 s (repo MJCF; a model choice), which with measured k 0.1-3.2 would give c ~0.005-0.16; no measured fly-leg damping found (s9 agent search)"
b3_rest_leg,B3,joint,leg DOFs,rad,,-3.2,3.2,physical_limit,clipped to joint range; measured rest posture after MN silencing (eLife 2025),unverified,uniform,,,guessed,,,0,1,guessed,s9: fitted right-leg spring references in data/params/passive_leg_rest_fit.csv (inferred; eLife Fig 3C loaded equilibria via scripts/passive_rest_protocol.py); not wired (left-leg mirroring unverified; mid leg at range envelopes)
b14_k_wing,B14,joint,wing DOFs,uN*mm/rad,,0.01,1000,guessed,no data: wide placeholder bound spanning about one decade either side of the current value,unverified,loguniform,,,guessed,,,1,1,guessed,
b14_rest_wing,B14,joint,wing DOFs,rad,,-3.2,3.2,physical_limit,physical_limit: folded pose = flybody neutral (wing points back over the abdomen); flybody spring reference was a spread pose outside the yaw range,unverified,uniform,,,guessed,,,0,1,guessed,joint:wing|spring_reference = 1 references springs to the folded pose (passive.fold_wings)
b13_k_haltere,B13,joint,haltere DOF,uN*mm/rad,,0.01,1000,guessed,no data: wide placeholder bound spanning about one decade either side of the current value,unverified,loguniform,,,guessed,,,400,1,guessed,
b8_k_neck,B8,joint,head DOFs,uN*mm/rad,,0.01,1000,guessed,no data: wide placeholder bound spanning about one decade either side of the current value,unverified,loguniform,,,guessed,,,,1,guessed,
b9_k_abdomen,B9,joint,abdomen DOFs,uN*mm/rad,,0.01,1000,guessed,no data: wide placeholder bound spanning about one decade either side of the current value,unverified,loguniform,,,guessed,,,,1,guessed,
b6_friction,B6,global,tarsal contact,dimensionless,,0.2,3,guessed,no data: wide placeholder bound spanning about one decade either side of the current value,unverified,lognormal,1,0.5,guessed,MuJoCo default,,1,1,guessed,
b7_adhesion_gain,B7,global,tarsal adhesion,uN,,0,100,guessed,pulvillar adhesion supports many body weights,unverified,uniform,,,guessed,,,,1,guessed,
b10_wingbeat_freq,B10,global,flight motor,Hz,,150,260,measured_this_class,Drosophila wingbeat about 200-230 Hz,unverified,normal,215,15,inferred,,,,1,inferred,mechanism absent
b15_ttm_tension,B15,class,TTM,mN/mm^2,,5,45,measured_this_class,jump myofibril tension 19.8 +- 10.5 mN/mm^2 (PubMed 42235795),unverified,normal,19.8,10.5,inferred,,,,1,inferred,mechanism absent
b1_mass,B1,global,whole body,mg,,0.6,1.4,measured_this_class,adult Drosophila about 0.8 (male) to 1.2 (female) mg,unverified,fixed,0.985,,derived,flybody segment masses from weighed flies,0.985,0.985,0,derived,fixed by measurement; ensemble spread comes from other unknowns
b2_tarsal_tendon_k,B2,joint,tarsal tendon coupling,uN*mm/rad,,0.1,1000,guessed,no data: wide placeholder bound,unverified,loguniform,,,guessed,flybody default,,10,1,guessed,
b11_steer_amp,B11,muscle,steering muscle -> stroke amplitude,deg per unit activation,,0,30,guessed,steering muscles change stroke amplitude by degrees (Melis et al. 2024; not yet read),unverified,uniform,,,guessed,,,,1,guessed,mechanism absent
b12_aero_scale,B12,global,quasi-steady force coefficients,dimensionless,,0.8,1.2,measured_related,flybody flight robust to +-20% coefficient changes (Vaxenburg 2025; research note [verified]),verified,fixed,1,,inferred,flybody coefficients,,1,0,inferred,
b16_k_proboscis,B16,joint,proboscis DOFs,uN*mm/rad,,0.01,1000,guessed,no data: wide placeholder bound,unverified,loguniform,,,guessed,,,,1,guessed,
b17_pump_volume,B17,global,cibarial pump,nL per cycle,,0.001,1,guessed,no data: wide placeholder bound,unverified,loguniform,,,guessed,,,,2,guessed,mechanism absent
b18_bristle_threshold,B18,class,mechanosensory bristles,uN,,0.01,10,guessed,no data: wide placeholder bound,unverified,loguniform,,,guessed,,,,2,guessed,no bristle map yet
b22_odour_diffusivity,B22,global,odour transport in air,mm^2/s,,1,30,physical_limit,molecular diffusivity of small odorants in air about 5-10 mm^2/s,unverified,lognormal,7,0.3,inferred,,,,0,inferred,world property not an animal unknown
b23_timestep,B23,global,integration step,ms,,0.01,0.1,physical_limit,walking 0.1 ms; flight <= 0.05 ms (CONSTRUCTION.md),unverified,fixed,0.1,,guessed,compute budget,,0.1,0,guessed,numerical; convergence test decides
s1_trehalose,S1,global,hemolymph trehalose,mM,,1,100,measured_this_class,hemolymph trehalose tens of mM in fed flies,unverified,lognormal,25,0.5,guessed,,,,2,guessed,mechanism absent
s2_fat_tau,S2,global,fat body energy store depletion,h,,6,120,measured_this_class,starvation survival about 1-4 days,unverified,lognormal,40,0.5,guessed,,,,2,guessed,mechanism absent
s3_crop_capacity,S3,global,crop volume,nL,,10,1000,guessed,no data: wide placeholder bound,unverified,loguniform,,,guessed,,,,2,guessed,mechanism absent
s4_water_tau,S4,global,desiccation water loss,h,,3,60,measured_this_class,desiccation survival about 10-30 h,unverified,lognormal,15,0.5,guessed,,,,2,guessed,mechanism absent
s5_thermal_tau,S5,global,body temperature equilibration,s,,0.5,60,physical_limit,a 1 mg body equilibrates with air in seconds,unverified,loguniform,,,guessed,,,,2,guessed,no body heat balance
n16_haltere_phase,N16,class,haltere campaniform afferents,rad,,0,6.2832,physical_limit,preferred firing phase in the wingbeat cycle,verified,uniform,,,guessed,,,,2,guessed,mechanism absent
n17_steer_phase,N17,class,steering motor neurons,rad,,0,6.2832,physical_limit,firing phase in the wingbeat cycle,verified,uniform,,,guessed,,,,2,guessed,mechanism absent
n18_gf_gj,N18,cell,GF->TTMn/PSI gap junction,nS,,0.1,100,guessed,no data: wide placeholder bound,unverified,loguniform,,,guessed,,,,1,guessed,electrical.py off (F-GJ-1)
n20_peptide_tau,N20,class,peptide/hormone clearance,s,,10,7200,insect_wide,neuropeptide and hormone actions last seconds to hours,unverified,loguniform,,,guessed,,,,2,guessed,mechanism absent
n22_memory_tau,N22,compartment,short-term memory decay,h,,0.2,72,measured_this_class,aversive STM decays over hours; LTM lasts days,unverified,loguniform,,,guessed,,,,2,guessed,mechanism absent
n23_apl_local,N23,compartment,APL compartmental coupling,dimensionless,,0,1,physical_limit,0 fully local to 1 global inhibition,verified,uniform,,,guessed,,,,2,guessed,mechanism absent
n24_ring_epg_rate,N24,class,ring neuron -> EPG plasticity,per s,,0,10,guessed,remapping within minutes (Kim et al. 2019; Fisher et al. 2019; not yet read),unverified,uniform,,,guessed,,,,2,guessed,mechanism absent
n25_sleep_tau,N25,global,sleep pressure build-up,h,,1,48,guessed,sleep rebound after hours of deprivation,unverified,lognormal,12,0.5,guessed,,,,2,guessed,mechanism absent
n26_clock_period,N26,global,circadian free-running period,h,,22,26,measured_this_class,wild-type free-running period about 23.5-24.5 h,unverified,normal,24,0.5,inferred,,,,2,inferred,mechanism absent
n27_glia_tau,N27,global,glial calcium integration,s,,1,3600,guessed,no data: wide placeholder bound,unverified,loguniform,,,guessed,,,,2,guessed,mechanism absent
n1_p_graded_optic_columnar,N1,class,optic columnar cells incl. T4/T5 (classes.csv mode_param),graded=1 spiking=0,,0,1,guessed,Lappalainen 2024 graded front end [verified]; Mi1/Tm3 spiking contested [unverified],unverified,bernoulli,0.7,,guessed,graded front end favoured,,0,1,guessed,one draw per class; classes.csv lists the member types
n1_p_graded_al_ln,N1,class,AL local neurons (classes.csv mode_param),graded=1 spiking=0,,0,1,guessed,a subset of AL LNs is non-spiking (Seki et al. 2010) [unverified],unverified,bernoulli,0.3,,guessed,most AL LNs spike,,0,1,guessed,
n1_p_graded_vnc_local,N1,class,VNC local interneurons by hemilineage (classes.csv mode_param),graded=1 spiking=0,,0,1,guessed,insect VNC premotor interneurons non-spiking (Pugliese 2025 [verified]; locust); Drosophila unknown,unverified,bernoulli,0.5,,guessed,no Drosophila data; the most consequential Tier A unknown (fidelity_neural_s9),,0,1,guessed,drawn per hemilineage at stage 2
b3_k_pro_levdep,B3,joint,prothoracic legs (both sides) coxa-trochanterfemur-pitch,uN*mm/rad,,0.2865,2.578,measured_this_class,Wang et al. 2025 eLife PMC12324252 Table 1 median; IQR ~2-fold across flies so bounds are median /3 to x3; unit mN*m/deg (F-PASSIVE-1),verified,lognormal,0.8594,0.51,measured,median; sigma = ln(2)/1.35 from the ~2-fold IQR,,1,1,measured,applied when joint:leg|passive_stiffness_source = 1 (passive.py); m4 uses flybody 1.0
b3_k_pro_retpro,B3,joint,prothoracic legs (both sides) thorax-coxa-yaw,uN*mm/rad,,0.0363,0.3267,measured_this_class,Wang et al. 2025 eLife PMC12324252 Table 1 median; IQR ~2-fold across flies so bounds are median /3 to x3; unit mN*m/deg (F-PASSIVE-1),verified,lognormal,0.1089,0.51,measured,median; sigma = ln(2)/1.35 from the ~2-fold IQR,,1,1,measured,applied when joint:leg|passive_stiffness_source = 1 (passive.py); m4 uses flybody 1.0
b3_k_pro_extflex,B3,joint,prothoracic legs (both sides) trochanterfemur-tibia-pitch,uN*mm/rad,,0.3247,2.922,measured_this_class,Wang et al. 2025 eLife PMC12324252 Table 1 median; IQR ~2-fold across flies so bounds are median /3 to x3; unit mN*m/deg (F-PASSIVE-1),verified,lognormal,0.974,0.51,measured,median; sigma = ln(2)/1.35 from the ~2-fold IQR,,1,1,measured,applied when joint:leg|passive_stiffness_source = 1 (passive.py); m4 uses flybody 1.0
b3_k_pro_prosup,B3,joint,prothoracic legs (both sides) thorax-coxa-roll,uN*mm/rad,,0.2865,2.578,measured_this_class,Wang et al. 2025 eLife PMC12324252 Table 1 median; IQR ~2-fold across flies so bounds are median /3 to x3; unit mN*m/deg (F-PASSIVE-1),verified,lognormal,0.8594,0.51,measured,median; sigma = ln(2)/1.35 from the ~2-fold IQR,,1,1,measured,applied when joint:leg|passive_stiffness_source = 1 (passive.py); m4 uses flybody 1.0
b3_k_meso_levdep,B3,joint,mesothoracic legs (both sides) coxa-trochanterfemur-pitch,uN*mm/rad,,0.1642,1.478,measured_this_class,Wang et al. 2025 eLife PMC12324252 Table 1 median; IQR ~2-fold across flies so bounds are median /3 to x3; unit mN*m/deg (F-PASSIVE-1),verified,lognormal,0.4927,0.51,measured,median; sigma = ln(2)/1.35 from the ~2-fold IQR,,1,1,measured,applied when joint:leg|passive_stiffness_source = 1 (passive.py); m4 uses flybody 1.0
b3_k_meso_retpro,B3,joint,mesothoracic legs (both sides) thorax-coxa-yaw,uN*mm/rad,,0.2101,1.891,measured_this_class,Wang et al. 2025 eLife PMC12324252 Table 1 median; IQR ~2-fold across flies so bounds are median /3 to x3; unit mN*m/deg (F-PASSIVE-1),verified,lognormal,0.6303,0.51,measured,median; sigma = ln(2)/1.35 from the ~2-fold IQR,,1,1,measured,applied when joint:leg|passive_stiffness_source = 1 (passive.py); m4 uses flybody 1.0
b3_k_meso_extflex,B3,joint,mesothoracic legs (both sides) trochanterfemur-tibia-pitch,uN*mm/rad,,0.4775,4.297,measured_this_class,Wang et al. 2025 eLife PMC12324252 Table 1 median; IQR ~2-fold across flies so bounds are median /3 to x3; unit mN*m/deg (F-PASSIVE-1),verified,lognormal,1.432,0.51,measured,median; sigma = ln(2)/1.35 from the ~2-fold IQR,,1,1,measured,applied when joint:leg|passive_stiffness_source = 1 (passive.py); m4 uses flybody 1.0
b3_k_meso_prosup,B3,joint,mesothoracic legs (both sides) thorax-coxa-roll,uN*mm/rad,,0.191,1.719,measured_this_class,Wang et al. 2025 eLife PMC12324252 Table 1 median; IQR ~2-fold across flies so bounds are median /3 to x3; unit mN*m/deg (F-PASSIVE-1),verified,lognormal,0.573,0.51,measured,median; sigma = ln(2)/1.35 from the ~2-fold IQR,,1,1,measured,applied when joint:leg|passive_stiffness_source = 1 (passive.py); m4 uses flybody 1.0
b3_k_meta_levdep,B3,joint,metathoracic legs (both sides) coxa-trochanterfemur-pitch,uN*mm/rad,,0.5157,4.641,measured_this_class,Wang et al. 2025 eLife PMC12324252 Table 1 median; IQR ~2-fold across flies so bounds are median /3 to x3; unit mN*m/deg (F-PASSIVE-1),verified,lognormal,1.547,0.51,measured,median; sigma = ln(2)/1.35 from the ~2-fold IQR,,1,1,measured,applied when joint:leg|passive_stiffness_source = 1 (passive.py); m4 uses flybody 1.0
b3_k_meta_retpro,B3,joint,metathoracic legs (both sides) thorax-coxa-yaw,uN*mm/rad,,1.07,9.626,measured_this_class,Wang et al. 2025 eLife PMC12324252 Table 1 median; IQR ~2-fold across flies so bounds are median /3 to x3; unit mN*m/deg (F-PASSIVE-1),verified,lognormal,3.209,0.51,measured,median; sigma = ln(2)/1.35 from the ~2-fold IQR,,1,1,measured,applied when joint:leg|passive_stiffness_source = 1 (passive.py); m4 uses flybody 1.0
b3_k_meta_extflex,B3,joint,metathoracic legs (both sides) trochanterfemur-tibia-pitch,uN*mm/rad,,0.3247,2.922,measured_this_class,Wang et al. 2025 eLife PMC12324252 Table 1 median; IQR ~2-fold across flies so bounds are median /3 to x3; unit mN*m/deg (F-PASSIVE-1),verified,lognormal,0.974,0.51,measured,median; sigma = ln(2)/1.35 from the ~2-fold IQR,,1,1,measured,applied when joint:leg|passive_stiffness_source = 1 (passive.py); m4 uses flybody 1.0
b3_k_meta_prosup,B3,joint,metathoracic legs (both sides) thorax-coxa-roll,uN*mm/rad,,0.8976,8.079,measured_this_class,Wang et al. 2025 eLife PMC12324252 Table 1 median; IQR ~2-fold across flies so bounds are median /3 to x3; unit mN*m/deg (F-PASSIVE-1),verified,lognormal,2.693,0.51,measured,median; sigma = ln(2)/1.35 from the ~2-fold IQR,,1,1,measured,applied when joint:leg|passive_stiffness_source = 1 (passive.py); m4 uses flybody 1.0
b3_k_leg_unmeasured,B3,joint,ThC pitch; trochanter-femur roll; tibia-tarsus (not measured),uN*mm/rad,,0.036,9.6,measured_related,measured leg DOFs span 0.109-3.21 uN*mm/rad (eLife 2025 Table 1); bounds /3 and x3 of that range,verified,lognormal,0.9,0.7,inferred,median of the same leg measured DOFs (passive.py),,1,1,inferred,
b4_F0_scale,B4,class,all leg muscles (multiplies F0 in data/params/leg_muscles.csv),dimensionless,,0.33,3,measured_related,FlyMimic F0 fitted to kinematics (inferred); specific tension 9-37 mN/mm^2 across insect muscles spans ~4x,unverified,lognormal,1,0.4,inferred,FlyMimic front leg pooled per DOF direction,,,1,inferred,per-muscle rows come with the search (84 muscles)
b4_r_scale,B4,class,all leg muscle moment arms,dimensionless,,0.5,2,measured_related,FlyMimic moment arms 8-114 um from OpenSim geometry (inferred); mapping onto flybody DOFs approximate,unverified,lognormal,1,0.3,inferred,FlyMimic,,,1,inferred,
b4_vmax,B4,class,leg muscles,L0/s,,2,20,insect_wide,insect muscle unloaded shortening velocity a few to ~20 fibre lengths/s,unverified,lognormal,10,0.5,guessed,FlyMimic value 10,,,1,guessed,
b4_fvmax,B4,class,leg muscles,dimensionless,,1.1,1.8,insect_wide,eccentric force enhancement 1.1-1.8 x isometric,unverified,normal,1.4,0.15,guessed,FlyMimic value 1.4,,,1,guessed,
b5_fused_hz,B5,class,leg motor units (Hill mode),Hz,,20,300,insect_wide,insect motor units fuse between tens and a few hundred Hz,unverified,lognormal,100,0.5,guessed,no data,,,1,guessed,registry motor_unit:leg|fused_rate when muscle:leg|model = 1
b5_facil_delta,B5,class,leg NMJs (Hill mode),per spike,,0,0.5,measured_related,"two spikes give ~1.6x the force of one in fast/intermediate tibia flexor units (Azevedo 2020 Fig 4E), leaving little room for facilitation",verified,uniform,,,guessed,no adult data,,,1,guessed,"0 = no facilitation (default, neutral)"
b5_facil_tau,B5,class,leg NMJs (Hill mode),ms,,10,500,insect_wide,facilitation decays over tens to hundreds of ms,unverified,lognormal,50,0.6,guessed,no data,,,1,guessed,
b5_twitch_rise_fast,B5,class,fast leg motor units (Hill mode),ms,,3,30,measured_this_class,Azevedo et al. 2020 eLife 9:e56754 (read s9): fast/intermediate spike -> half-max probe displacement ~8.5 ms (Fig 4H); slow-unit rate step not peaked within 500 ms; hyperpolarisation effect ~100 ms,verified,lognormal,15,0.5,inferred,fitted to the half-max and 500 ms statements (muscles.TWITCH_MS),,,1,inferred,
b5_twitch_decay_fast,B5,class,fast leg motor units (Hill mode),ms,,15,100,measured_this_class,Azevedo et al. 2020 eLife 9:e56754 (read s9): fast/intermediate spike -> half-max probe displacement ~8.5 ms (Fig 4H); slow-unit rate step not peaked within 500 ms; hyperpolarisation effect ~100 ms,verified,lognormal,40,0.5,inferred,fitted to the half-max and 500 ms statements (muscles.TWITCH_MS),,,1,inferred,legacy m4 uses 30 (fast/intermediate) and 100 ms (slow) with instant rise
b5_twitch_rise_intermediate,B5,class,intermediate leg motor units (Hill mode),ms,,3,30,measured_this_class,Azevedo et al. 2020 eLife 9:e56754 (read s9): fast/intermediate spike -> half-max probe displacement ~8.5 ms (Fig 4H); slow-unit rate step not peaked within 500 ms; hyperpolarisation effect ~100 ms,verified,lognormal,15,0.5,inferred,fitted to the half-max and 500 ms statements (muscles.TWITCH_MS),,,1,inferred,
b5_twitch_decay_intermediate,B5,class,intermediate leg motor units (Hill mode),ms,,15,100,measured_this_class,Azevedo et al. 2020 eLife 9:e56754 (read s9): fast/intermediate spike -> half-max probe displacement ~8.5 ms (Fig 4H); slow-unit rate step not peaked within 500 ms; hyperpolarisation effect ~100 ms,verified,lognormal,40,0.5,inferred,fitted to the half-max and 500 ms statements (muscles.TWITCH_MS),,,1,inferred,legacy m4 uses 30 (fast/intermediate) and 100 ms (slow) with instant rise
b5_twitch_rise_slow,B5,class,slow leg motor units (Hill mode),ms,,100,1000,measured_this_class,Azevedo et al. 2020 eLife 9:e56754 (read s9): fast/intermediate spike -> half-max probe displacement ~8.5 ms (Fig 4H); slow-unit rate step not peaked within 500 ms; hyperpolarisation effect ~100 ms,verified,lognormal,200,0.5,inferred,fitted to the half-max and 500 ms statements (muscles.TWITCH_MS),,,1,inferred,
b5_twitch_decay_slow,B5,class,slow leg motor units (Hill mode),ms,,30,300,measured_this_class,Azevedo et al. 2020 eLife 9:e56754 (read s9): fast/intermediate spike -> half-max probe displacement ~8.5 ms (Fig 4H); slow-unit rate step not peaked within 500 ms; hyperpolarisation effect ~100 ms,verified,lognormal,100,0.5,inferred,fitted to the half-max and 500 ms statements (muscles.TWITCH_MS),,,1,inferred,legacy m4 uses 30 (fast/intermediate) and 100 ms (slow) with instant rise
b7_contact_min,B7,global,tarsal adhesion gate,uN,,0.01,5,guessed,no data: a fraction of body weight (~10 uN) per leg,unverified,loguniform,,,guessed,adhesion.CONTACT_MIN_UN 0.1,,,1,guessed,used when adhesion:leg|detachment = 1
b7_peel_ratio,B7,global,tarsal adhesion gate,dimensionless,,0.3,5,guessed,no data: shear/normal load at pad release; insect pads detach by peeling,unverified,lognormal,1,0.5,guessed,adhesion.PEEL_RATIO 1.0,,,1,guessed,used when adhesion:leg|detachment = 1
n7_mglur_fraction,N7,global,"postsynaptic cells, glutamatergic input",dimensionless,cell_type:all|mglur_fraction,0,0.8,guessed,a slow component cannot carry all transmission where fast GluCl/iGluR currents are recorded,unverified,uniform,,,guessed,no per-type data; neutral 0 in m4,,0,1,guessed,s10; slow part keeps the fast sign
n7_mglur_tau,N7,global,slow glutamate current,ms,cell_type:all|mglur_tau,50,2000,insect_wide,GPCR-mediated synaptic currents last ~0.1-2 s,unverified,lognormal,300,0.5,guessed,GPCR current time scale,,300,2,guessed,
n7_machr_fraction,N7,global,"postsynaptic cells, cholinergic input",dimensionless,cell_type:all|machr_fraction,0,0.8,guessed,as mglur,unverified,uniform,,,guessed,neutral 0 in m4,,0,1,guessed,
n7_machr_tau,N7,global,slow ACh current,ms,cell_type:all|machr_tau,50,2000,insect_wide,GPCR-mediated synaptic currents last ~0.1-2 s,unverified,lognormal,300,0.5,guessed,GPCR current time scale,,300,2,guessed,
n8_nmda_mg,N8,global,extracellular Mg,mM,cell_type:all|nmda_mg,0.5,20,physical_limit,"insect salines 1-20 mM Mg (block constants from Jahr & Stevens 1990, vertebrate)",unverified,lognormal,4,0.7,guessed,fly saline ~4 mM Mg,,1,2,guessed,m4 default 1 mM is a placeholder
n5c_rel_AL_LN,N5,class,circuit class AL_LN (1279 cells),dimensionless,class:AL_LN|release_scale,0.1,20.0,guessed,"one decade below to the measured ORN->PN excess (10.9x the global efficacy, F-AL-4) and ~2x beyond",unverified,lognormal,1,0.5,guessed,neutral (m4): every class releases the shared efficacy,,1,1,guessed,s10 class grain (scripts/build_class_params.py)
n5c_inp_AL_LN,N5,class,circuit class AL_LN (1279 cells),dimensionless,class:AL_LN|input_scale,0.1,20.0,guessed,as release_scale (postsynaptic input resistance varies ~2-10x across central neurons; larval uEPSPs 1-10 mV),unverified,lognormal,1,0.5,guessed,neutral (m4),,1,1,guessed,s10 class grain (scripts/build_class_params.py)
n3c_drive_AL_LN,N3,class,circuit class AL_LN (1279 cells),mV,class:AL_LN|tonic_drive,-10.0,20.0,guessed,as the global row n3_drive: tonic depolarisation must keep spontaneous rates below ~50 Hz in most central neurons; rest-potential spread -48 to -68 mV (Gouwens & Wilson 2009; larval survey 2002),unverified,normal,0,2.0,guessed,"neutral (m4): no tonic drive; measured spontaneous rates exist for few classes (PN 1-5 Hz, KC ~0.1 Hz; both spent)",,0,1,guessed,s10 class grain (scripts/build_class_params.py)
n3c_noise_AL_LN,N3,class,circuit class AL_LN (1279 cells),mV/sqrt(ms),class:AL_LN|noise,0.0,3.0,guessed,as the global row n14_noise: membrane noise of a few mV rms,unverified,normal,0,0.5,guessed,"neutral (m4): noiseless, as Shiu 2024",,0,2,guessed,s10 class grain (scripts/build_class_params.py)
n2c_vth_AL_LN,N2,class,circuit class AL_LN (1279 cells),mV,class:AL_LN|threshold_offset,-5.0,15.0,guessed,"spike threshold 5-25 mV above rest in insect central neurons (row n2_v_th); m4 gap is 7 mV, so -5 keeps a >= 2 mV gap",unverified,normal,0,2.0,guessed,neutral (m4): the shared Shiu 2024 threshold,,0,1,guessed,s10 class grain (scripts/build_class_params.py)
n2c_taum_AL_LN,N2,class,circuit class AL_LN (1279 cells),dimensionless,class:AL_LN|tau_m_scale,0.25,2.5,guessed,"tau_m 5-50 ms around the 20 ms default (measured 15.5-16.6 ms in slow MNs, F-AZ-2; central neurons ~10-30 ms)",unverified,lognormal,1,0.4,guessed,neutral (m4): the shared 20 ms,,1,1,guessed,s10 class grain (scripts/build_class_params.py)
n5c_rel_AL_PN,N5,class,circuit class AL_PN (682 cells),dimensionless,class:AL_PN|release_scale,0.1,20.0,guessed,"one decade below to the measured ORN->PN excess (10.9x the global efficacy, F-AL-4) and ~2x beyond",unverified,lognormal,1,0.5,guessed,neutral (m4): every class releases the shared efficacy,,1,1,guessed,s10 class grain (scripts/build_class_params.py)
n5c_inp_AL_PN,N5,class,circuit class AL_PN (682 cells),dimensionless,class:AL_PN|input_scale,0.1,20.0,guessed,as release_scale (postsynaptic input resistance varies ~2-10x across central neurons; larval uEPSPs 1-10 mV),unverified,lognormal,1,0.5,guessed,neutral (m4),,1,1,guessed,s10 class grain (scripts/build_class_params.py)
n3c_drive_AL_PN,N3,class,circuit class AL_PN (682 cells),mV,class:AL_PN|tonic_drive,-10.0,20.0,guessed,as the global row n3_drive: tonic depolarisation must keep spontaneous rates below ~50 Hz in most central neurons; rest-potential spread -48 to -68 mV (Gouwens & Wilson 2009; larval survey 2002),unverified,normal,0,2.0,guessed,"neutral (m4): no tonic drive; measured spontaneous rates exist for few classes (PN 1-5 Hz, KC ~0.1 Hz; both spent)",,0,1,guessed,s10 class grain (scripts/build_class_params.py)
n3c_noise_AL_PN,N3,class,circuit class AL_PN (682 cells),mV/sqrt(ms),class:AL_PN|noise,0.0,3.0,guessed,as the global row n14_noise: membrane noise of a few mV rms,unverified,normal,0,0.5,guessed,"neutral (m4): noiseless, as Shiu 2024",,0,2,guessed,s10 class grain (scripts/build_class_params.py)
n2c_vth_AL_PN,N2,class,circuit class AL_PN (682 cells),mV,class:AL_PN|threshold_offset,-5.0,15.0,guessed,"spike threshold 5-25 mV above rest in insect central neurons (row n2_v_th); m4 gap is 7 mV, so -5 keeps a >= 2 mV gap",unverified,normal,0,2.0,guessed,neutral (m4): the shared Shiu 2024 threshold,,0,1,guessed,s10 class grain (scripts/build_class_params.py)
n2c_taum_AL_PN,N2,class,circuit class AL_PN (682 cells),dimensionless,class:AL_PN|tau_m_scale,0.25,2.5,guessed,"tau_m 5-50 ms around the 20 ms default (measured 15.5-16.6 ms in slow MNs, F-AZ-2; central neurons ~10-30 ms)",unverified,lognormal,1,0.4,guessed,neutral (m4): the shared 20 ms,,1,1,guessed,s10 class grain (scripts/build_class_params.py)
n5c_rel_AL_other,N5,class,circuit class AL_other (38 cells),dimensionless,class:AL_other|release_scale,0.1,20.0,guessed,"one decade below to the measured ORN->PN excess (10.9x the global efficacy, F-AL-4) and ~2x beyond",unverified,lognormal,1,0.5,guessed,neutral (m4): every class releases the shared efficacy,,1,1,guessed,s10 class grain (scripts/build_class_params.py)
n5c_inp_AL_other,N5,class,circuit class AL_other (38 cells),dimensionless,class:AL_other|input_scale,0.1,20.0,guessed,as release_scale (postsynaptic input resistance varies ~2-10x across central neurons; larval uEPSPs 1-10 mV),unverified,lognormal,1,0.5,guessed,neutral (m4),,1,1,guessed,s10 class grain (scripts/build_class_params.py)
n3c_drive_AL_other,N3,class,circuit class AL_other (38 cells),mV,class:AL_other|tonic_drive,-10.0,20.0,guessed,as the global row n3_drive: tonic depolarisation must keep spontaneous rates below ~50 Hz in most central neurons; rest-potential spread -48 to -68 mV (Gouwens & Wilson 2009; larval survey 2002),unverified,normal,0,2.0,guessed,"neutral (m4): no tonic drive; measured spontaneous rates exist for few classes (PN 1-5 Hz, KC ~0.1 Hz; both spent)",,0,1,guessed,s10 class grain (scripts/build_class_params.py)
n3c_noise_AL_other,N3,class,circuit class AL_other (38 cells),mV/sqrt(ms),class:AL_other|noise,0.0,3.0,guessed,as the global row n14_noise: membrane noise of a few mV rms,unverified,normal,0,0.5,guessed,"neutral (m4): noiseless, as Shiu 2024",,0,2,guessed,s10 class grain (scripts/build_class_params.py)
n2c_vth_AL_other,N2,class,circuit class AL_other (38 cells),mV,class:AL_other|threshold_offset,-5.0,15.0,guessed,"spike threshold 5-25 mV above rest in insect central neurons (row n2_v_th); m4 gap is 7 mV, so -5 keeps a >= 2 mV gap",unverified,normal,0,2.0,guessed,neutral (m4): the shared Shiu 2024 threshold,,0,1,guessed,s10 class grain (scripts/build_class_params.py)
n2c_taum_AL_other,N2,class,circuit class AL_other (38 cells),dimensionless,class:AL_other|tau_m_scale,0.25,2.5,guessed,"tau_m 5-50 ms around the 20 ms default (measured 15.5-16.6 ms in slow MNs, F-AZ-2; central neurons ~10-30 ms)",unverified,lognormal,1,0.4,guessed,neutral (m4): the shared 20 ms,,1,1,guessed,s10 class grain (scripts/build_class_params.py)
n5c_rel_AN,N5,class,circuit class AN (1878 cells),dimensionless,class:AN|release_scale,0.1,20.0,guessed,"one decade below to the measured ORN->PN excess (10.9x the global efficacy, F-AL-4) and ~2x beyond",unverified,lognormal,1,0.5,guessed,neutral (m4): every class releases the shared efficacy,,1,1,guessed,s10 class grain (scripts/build_class_params.py)
n5c_inp_AN,N5,class,circuit class AN (1878 cells),dimensionless,class:AN|input_scale,0.1,20.0,guessed,as release_scale (postsynaptic input resistance varies ~2-10x across central neurons; larval uEPSPs 1-10 mV),unverified,lognormal,1,0.5,guessed,neutral (m4),,1,1,guessed,s10 class grain (scripts/build_class_params.py)
n3c_drive_AN,N3,class,circuit class AN (1878 cells),mV,class:AN|tonic_drive,-10.0,20.0,guessed,as the global row n3_drive: tonic depolarisation must keep spontaneous rates below ~50 Hz in most central neurons; rest-potential spread -48 to -68 mV (Gouwens & Wilson 2009; larval survey 2002),unverified,normal,0,2.0,guessed,"neutral (m4): no tonic drive; measured spontaneous rates exist for few classes (PN 1-5 Hz, KC ~0.1 Hz; both spent)",,0,1,guessed,s10 class grain (scripts/build_class_params.py)
n3c_noise_AN,N3,class,circuit class AN (1878 cells),mV/sqrt(ms),class:AN|noise,0.0,3.0,guessed,as the global row n14_noise: membrane noise of a few mV rms,unverified,normal,0,0.5,guessed,"neutral (m4): noiseless, as Shiu 2024",,0,2,guessed,s10 class grain (scripts/build_class_params.py)
n2c_vth_AN,N2,class,circuit class AN (1878 cells),mV,class:AN|threshold_offset,-5.0,15.0,guessed,"spike threshold 5-25 mV above rest in insect central neurons (row n2_v_th); m4 gap is 7 mV, so -5 keeps a >= 2 mV gap",unverified,normal,0,2.0,guessed,neutral (m4): the shared Shiu 2024 threshold,,0,1,guessed,s10 class grain (scripts/build_class_params.py)
n2c_taum_AN,N2,class,circuit class AN (1878 cells),dimensionless,class:AN|tau_m_scale,0.25,2.5,guessed,"tau_m 5-50 ms around the 20 ms default (measured 15.5-16.6 ms in slow MNs, F-AZ-2; central neurons ~10-30 ms)",unverified,lognormal,1,0.4,guessed,neutral (m4): the shared 20 ms,,1,1,guessed,s10 class grain (scripts/build_class_params.py)
n5c_rel_APL,N5,class,circuit class APL (2 cells),dimensionless,class:APL|release_scale,0.1,20.0,guessed,"one decade below to the measured ORN->PN excess (10.9x the global efficacy, F-AL-4) and ~2x beyond",unverified,lognormal,1,0.5,guessed,neutral (m4): every class releases the shared efficacy,,1,1,guessed,s10 class grain (scripts/build_class_params.py)
n5c_inp_APL,N5,class,circuit class APL (2 cells),dimensionless,class:APL|input_scale,0.1,20.0,guessed,as release_scale (postsynaptic input resistance varies ~2-10x across central neurons; larval uEPSPs 1-10 mV),unverified,lognormal,1,0.5,guessed,neutral (m4),,1,1,guessed,s10 class grain (scripts/build_class_params.py)
n3c_drive_APL,N3,class,circuit class APL (2 cells),mV,class:APL|tonic_drive,-10.0,20.0,guessed,as the global row n3_drive: tonic depolarisation must keep spontaneous rates below ~50 Hz in most central neurons; rest-potential spread -48 to -68 mV (Gouwens & Wilson 2009; larval survey 2002),unverified,normal,0,2.0,guessed,"neutral (m4): no tonic drive; measured spontaneous rates exist for few classes (PN 1-5 Hz, KC ~0.1 Hz; both spent)",,0,1,guessed,s10 class grain (scripts/build_class_params.py)
n3c_noise_APL,N3,class,circuit class APL (2 cells),mV/sqrt(ms),class:APL|noise,0.0,3.0,guessed,as the global row n14_noise: membrane noise of a few mV rms,unverified,normal,0,0.5,guessed,"neutral (m4): noiseless, as Shiu 2024",,0,2,guessed,s10 class grain (scripts/build_class_params.py)
n2c_vth_APL,N2,class,circuit class APL (2 cells),mV,class:APL|threshold_offset,-5.0,15.0,guessed,"spike threshold 5-25 mV above rest in insect central neurons (row n2_v_th); m4 gap is 7 mV, so -5 keeps a >= 2 mV gap",unverified,normal,0,2.0,guessed,neutral (m4): the shared Shiu 2024 threshold,,0,1,guessed,s10 class grain (scripts/build_class_params.py)
n2c_taum_APL,N2,class,circuit class APL (2 cells),dimensionless,class:APL|tau_m_scale,0.25,2.5,guessed,"tau_m 5-50 ms around the 20 ms default (measured 15.5-16.6 ms in slow MNs, F-AZ-2; central neurons ~10-30 ms)",unverified,lognormal,1,0.4,guessed,neutral (m4): the shared 20 ms,,1,1,guessed,s10 class grain (scripts/build_class_params.py)
n5c_rel_DAN,N5,class,circuit class DAN (340 cells),dimensionless,class:DAN|release_scale,0.1,20.0,guessed,"one decade below to the measured ORN->PN excess (10.9x the global efficacy, F-AL-4) and ~2x beyond",unverified,lognormal,1,0.5,guessed,neutral (m4): every class releases the shared efficacy,,1,1,guessed,s10 class grain (scripts/build_class_params.py)
n5c_inp_DAN,N5,class,circuit class DAN (340 cells),dimensionless,class:DAN|input_scale,0.1,20.0,guessed,as release_scale (postsynaptic input resistance varies ~2-10x across central neurons; larval uEPSPs 1-10 mV),unverified,lognormal,1,0.5,guessed,neutral (m4),,1,1,guessed,s10 class grain (scripts/build_class_params.py)
n3c_drive_DAN,N3,class,circuit class DAN (340 cells),mV,class:DAN|tonic_drive,-10.0,20.0,guessed,as the global row n3_drive: tonic depolarisation must keep spontaneous rates below ~50 Hz in most central neurons; rest-potential spread -48 to -68 mV (Gouwens & Wilson 2009; larval survey 2002),unverified,normal,0,2.0,guessed,"neutral (m4): no tonic drive; measured spontaneous rates exist for few classes (PN 1-5 Hz, KC ~0.1 Hz; both spent)",,0,1,guessed,s10 class grain (scripts/build_class_params.py)
n3c_noise_DAN,N3,class,circuit class DAN (340 cells),mV/sqrt(ms),class:DAN|noise,0.0,3.0,guessed,as the global row n14_noise: membrane noise of a few mV rms,unverified,normal,0,0.5,guessed,"neutral (m4): noiseless, as Shiu 2024",,0,2,guessed,s10 class grain (scripts/build_class_params.py)
n2c_vth_DAN,N2,class,circuit class DAN (340 cells),mV,class:DAN|threshold_offset,-5.0,15.0,guessed,"spike threshold 5-25 mV above rest in insect central neurons (row n2_v_th); m4 gap is 7 mV, so -5 keeps a >= 2 mV gap",unverified,normal,0,2.0,guessed,neutral (m4): the shared Shiu 2024 threshold,,0,1,guessed,s10 class grain (scripts/build_class_params.py)
n2c_taum_DAN,N2,class,circuit class DAN (340 cells),dimensionless,class:DAN|tau_m_scale,0.25,2.5,guessed,"tau_m 5-50 ms around the 20 ms default (measured 15.5-16.6 ms in slow MNs, F-AZ-2; central neurons ~10-30 ms)",unverified,lognormal,1,0.4,guessed,neutral (m4): the shared 20 ms,,1,1,guessed,s10 class grain (scripts/build_class_params.py)
n5c_rel_DN,N5,class,circuit class DN (1318 cells),dimensionless,class:DN|release_scale,0.1,20.0,guessed,"one decade below to the measured ORN->PN excess (10.9x the global efficacy, F-AL-4) and ~2x beyond",unverified,lognormal,1,0.5,guessed,neutral (m4): every class releases the shared efficacy,,1,1,guessed,s10 class grain (scripts/build_class_params.py)
n5c_inp_DN,N5,class,circuit class DN (1318 cells),dimensionless,class:DN|input_scale,0.1,20.0,guessed,as release_scale (postsynaptic input resistance varies ~2-10x across central neurons; larval uEPSPs 1-10 mV),unverified,lognormal,1,0.5,guessed,neutral (m4),,1,1,guessed,s10 class grain (scripts/build_class_params.py)
n3c_drive_DN,N3,class,circuit class DN (1318 cells),mV,class:DN|tonic_drive,-10.0,20.0,guessed,as the global row n3_drive: tonic depolarisation must keep spontaneous rates below ~50 Hz in most central neurons; rest-potential spread -48 to -68 mV (Gouwens & Wilson 2009; larval survey 2002),unverified,normal,0,2.0,guessed,"neutral (m4): no tonic drive; measured spontaneous rates exist for few classes (PN 1-5 Hz, KC ~0.1 Hz; both spent)",,0,1,guessed,s10 class grain (scripts/build_class_params.py)
n3c_noise_DN,N3,class,circuit class DN (1318 cells),mV/sqrt(ms),class:DN|noise,0.0,3.0,guessed,as the global row n14_noise: membrane noise of a few mV rms,unverified,normal,0,0.5,guessed,"neutral (m4): noiseless, as Shiu 2024",,0,2,guessed,s10 class grain (scripts/build_class_params.py)
n2c_vth_DN,N2,class,circuit class DN (1318 cells),mV,class:DN|threshold_offset,-5.0,15.0,guessed,"spike threshold 5-25 mV above rest in insect central neurons (row n2_v_th); m4 gap is 7 mV, so -5 keeps a >= 2 mV gap",unverified,normal,0,2.0,guessed,neutral (m4): the shared Shiu 2024 threshold,,0,1,guessed,s10 class grain (scripts/build_class_params.py)
n2c_taum_DN,N2,class,circuit class DN (1318 cells),dimensionless,class:DN|tau_m_scale,0.25,2.5,guessed,"tau_m 5-50 ms around the 20 ms default (measured 15.5-16.6 ms in slow MNs, F-AZ-2; central neurons ~10-30 ms)",unverified,lognormal,1,0.4,guessed,neutral (m4): the shared 20 ms,,1,1,guessed,s10 class grain (scripts/build_class_params.py)
n5c_rel_DPM,N5,class,circuit class DPM (2 cells),dimensionless,class:DPM|release_scale,0.1,20.0,guessed,"one decade below to the measured ORN->PN excess (10.9x the global efficacy, F-AL-4) and ~2x beyond",unverified,lognormal,1,0.5,guessed,neutral (m4): every class releases the shared efficacy,,1,1,guessed,s10 class grain (scripts/build_class_params.py)
n5c_inp_DPM,N5,class,circuit class DPM (2 cells),dimensionless,class:DPM|input_scale,0.1,20.0,guessed,as release_scale (postsynaptic input resistance varies ~2-10x across central neurons; larval uEPSPs 1-10 mV),unverified,lognormal,1,0.5,guessed,neutral (m4),,1,1,guessed,s10 class grain (scripts/build_class_params.py)
n3c_drive_DPM,N3,class,circuit class DPM (2 cells),mV,class:DPM|tonic_drive,-10.0,20.0,guessed,as the global row n3_drive: tonic depolarisation must keep spontaneous rates below ~50 Hz in most central neurons; rest-potential spread -48 to -68 mV (Gouwens & Wilson 2009; larval survey 2002),unverified,normal,0,2.0,guessed,"neutral (m4): no tonic drive; measured spontaneous rates exist for few classes (PN 1-5 Hz, KC ~0.1 Hz; both spent)",,0,1,guessed,s10 class grain (scripts/build_class_params.py)
n3c_noise_DPM,N3,class,circuit class DPM (2 cells),mV/sqrt(ms),class:DPM|noise,0.0,3.0,guessed,as the global row n14_noise: membrane noise of a few mV rms,unverified,normal,0,0.5,guessed,"neutral (m4): noiseless, as Shiu 2024",,0,2,guessed,s10 class grain (scripts/build_class_params.py)
n2c_vth_DPM,N2,class,circuit class DPM (2 cells),mV,class:DPM|threshold_offset,-5.0,15.0,guessed,"spike threshold 5-25 mV above rest in insect central neurons (row n2_v_th); m4 gap is 7 mV, so -5 keeps a >= 2 mV gap",unverified,normal,0,2.0,guessed,neutral (m4): the shared Shiu 2024 threshold,,0,1,guessed,s10 class grain (scripts/build_class_params.py)
n2c_taum_DPM,N2,class,circuit class DPM (2 cells),dimensionless,class:DPM|tau_m_scale,0.25,2.5,guessed,"tau_m 5-50 ms around the 20 ms default (measured 15.5-16.6 ms in slow MNs, F-AZ-2; central neurons ~10-30 ms)",unverified,lognormal,1,0.4,guessed,neutral (m4): the shared 20 ms,,1,1,guessed,s10 class grain (scripts/build_class_params.py)
n5c_rel_KC,N5,class,circuit class KC (4064 cells),dimensionless,class:KC|release_scale,0.1,20.0,guessed,"one decade below to the measured ORN->PN excess (10.9x the global efficacy, F-AL-4) and ~2x beyond",unverified,lognormal,1,0.5,guessed,neutral (m4): every class releases the shared efficacy,,1,1,guessed,s10 class grain (scripts/build_class_params.py)
n5c_inp_KC,N5,class,circuit class KC (4064 cells),dimensionless,class:KC|input_scale,0.1,20.0,guessed,as release_scale (postsynaptic input resistance varies ~2-10x across central neurons; larval uEPSPs 1-10 mV),unverified,lognormal,1,0.5,guessed,neutral (m4),,1,1,guessed,s10 class grain (scripts/build_class_params.py)
n3c_drive_KC,N3,class,circuit class KC (4064 cells),mV,class:KC|tonic_drive,-10.0,20.0,guessed,as the global row n3_drive: tonic depolarisation must keep spontaneous rates below ~50 Hz in most central neurons; rest-potential spread -48 to -68 mV (Gouwens & Wilson 2009; larval survey 2002),unverified,normal,0,2.0,guessed,"neutral (m4): no tonic drive; measured spontaneous rates exist for few classes (PN 1-5 Hz, KC ~0.1 Hz; both spent)",,0,1,guessed,s10 class grain (scripts/build_class_params.py)
n3c_noise_KC,N3,class,circuit class KC (4064 cells),mV/sqrt(ms),class:KC|noise,0.0,3.0,guessed,as the global row n14_noise: membrane noise of a few mV rms,unverified,normal,0,0.5,guessed,"neutral (m4): noiseless, as Shiu 2024",,0,2,guessed,s10 class grain (scripts/build_class_params.py)
n2c_vth_KC,N2,class,circuit class KC (4064 cells),mV,class:KC|threshold_offset,-5.0,15.0,guessed,"spike threshold 5-25 mV above rest in insect central neurons (row n2_v_th); m4 gap is 7 mV, so -5 keeps a >= 2 mV gap",unverified,normal,0,2.0,guessed,neutral (m4): the shared Shiu 2024 threshold,,0,1,guessed,s10 class grain (scripts/build_class_params.py)
n2c_taum_KC,N2,class,circuit class KC (4064 cells),dimensionless,class:KC|tau_m_scale,0.25,2.5,guessed,"tau_m 5-50 ms around the 20 ms default (measured 15.5-16.6 ms in slow MNs, F-AZ-2; central neurons ~10-30 ms)",unverified,lognormal,1,0.4,guessed,neutral (m4): the shared 20 ms,,1,1,guessed,s10 class grain (scripts/build_class_params.py)
n5c_rel_LMC,N5,class,circuit class LMC (8884 cells),dimensionless,class:LMC|release_scale,0.1,20.0,guessed,"one decade below to the measured ORN->PN excess (10.9x the global efficacy, F-AL-4) and ~2x beyond",unverified,lognormal,1,0.5,guessed,neutral (m4): every class releases the shared efficacy,,1,1,guessed,s10 class grain (scripts/build_class_params.py)
n5c_inp_LMC,N5,class,circuit class LMC (8884 cells),dimensionless,class:LMC|input_scale,0.1,20.0,guessed,as release_scale (postsynaptic input resistance varies ~2-10x across central neurons; larval uEPSPs 1-10 mV),unverified,lognormal,1,0.5,guessed,neutral (m4),,1,1,guessed,s10 class grain (scripts/build_class_params.py)
n3c_drive_LMC,N3,class,circuit class LMC (8884 cells),mV,class:LMC|tonic_drive,-10.0,20.0,guessed,as the global row n3_drive: tonic depolarisation must keep spontaneous rates below ~50 Hz in most central neurons; rest-potential spread -48 to -68 mV (Gouwens & Wilson 2009; larval survey 2002),unverified,normal,0,2.0,guessed,"neutral (m4): no tonic drive; measured spontaneous rates exist for few classes (PN 1-5 Hz, KC ~0.1 Hz; both spent)",,0,1,guessed,s10 class grain (scripts/build_class_params.py)
n3c_noise_LMC,N3,class,circuit class LMC (8884 cells),mV/sqrt(ms),class:LMC|noise,0.0,3.0,guessed,as the global row n14_noise: membrane noise of a few mV rms,unverified,normal,0,0.5,guessed,"neutral (m4): noiseless, as Shiu 2024",,0,2,guessed,s10 class grain (scripts/build_class_params.py)
n2c_vth_LMC,N2,class,circuit class LMC (8884 cells),mV,class:LMC|threshold_offset,-5.0,15.0,guessed,"spike threshold 5-25 mV above rest in insect central neurons (row n2_v_th); m4 gap is 7 mV, so -5 keeps a >= 2 mV gap",unverified,normal,0,2.0,guessed,neutral (m4): the shared Shiu 2024 threshold,,0,1,guessed,s10 class grain (scripts/build_class_params.py)
n2c_taum_LMC,N2,class,circuit class LMC (8884 cells),dimensionless,class:LMC|tau_m_scale,0.25,2.5,guessed,"tau_m 5-50 ms around the 20 ms default (measured 15.5-16.6 ms in slow MNs, F-AZ-2; central neurons ~10-30 ms)",unverified,lognormal,1,0.4,guessed,neutral (m4): the shared 20 ms,,1,1,guessed,s10 class grain (scripts/build_class_params.py)
n5c_rel_MBON,N5,class,circuit class MBON (97 cells),dimensionless,class:MBON|release_scale,0.1,20.0,guessed,"one decade below to the measured ORN->PN excess (10.9x the global efficacy, F-AL-4) and ~2x beyond",unverified,lognormal,1,0.5,guessed,neutral (m4): every class releases the shared efficacy,,1,1,guessed,s10 class grain (scripts/build_class_params.py)
n5c_inp_MBON,N5,class,circuit class MBON (97 cells),dimensionless,class:MBON|input_scale,0.1,20.0,guessed,as release_scale (postsynaptic input resistance varies ~2-10x across central neurons; larval uEPSPs 1-10 mV),unverified,lognormal,1,0.5,guessed,neutral (m4),,1,1,guessed,s10 class grain (scripts/build_class_params.py)
n3c_drive_MBON,N3,class,circuit class MBON (97 cells),mV,class:MBON|tonic_drive,-10.0,20.0,guessed,as the global row n3_drive: tonic depolarisation must keep spontaneous rates below ~50 Hz in most central neurons; rest-potential spread -48 to -68 mV (Gouwens & Wilson 2009; larval survey 2002),unverified,normal,0,2.0,guessed,"neutral (m4): no tonic drive; measured spontaneous rates exist for few classes (PN 1-5 Hz, KC ~0.1 Hz; both spent)",,0,1,guessed,s10 class grain (scripts/build_class_params.py)
n3c_noise_MBON,N3,class,circuit class MBON (97 cells),mV/sqrt(ms),class:MBON|noise,0.0,3.0,guessed,as the global row n14_noise: membrane noise of a few mV rms,unverified,normal,0,0.5,guessed,"neutral (m4): noiseless, as Shiu 2024",,0,2,guessed,s10 class grain (scripts/build_class_params.py)
n2c_vth_MBON,N2,class,circuit class MBON (97 cells),mV,class:MBON|threshold_offset,-5.0,15.0,guessed,"spike threshold 5-25 mV above rest in insect central neurons (row n2_v_th); m4 gap is 7 mV, so -5 keeps a >= 2 mV gap",unverified,normal,0,2.0,guessed,neutral (m4): the shared Shiu 2024 threshold,,0,1,guessed,s10 class grain (scripts/build_class_params.py)
n2c_taum_MBON,N2,class,circuit class MBON (97 cells),dimensionless,class:MBON|tau_m_scale,0.25,2.5,guessed,"tau_m 5-50 ms around the 20 ms default (measured 15.5-16.6 ms in slow MNs, F-AZ-2; central neurons ~10-30 ms)",unverified,lognormal,1,0.4,guessed,neutral (m4): the shared 20 ms,,1,1,guessed,s10 class grain (scripts/build_class_params.py)
n5c_rel_MN_leg,N5,class,circuit class MN_leg (382 cells),dimensionless,class:MN_leg|release_scale,0.1,20.0,guessed,"one decade below to the measured ORN->PN excess (10.9x the global efficacy, F-AL-4) and ~2x beyond",unverified,lognormal,1,0.5,guessed,neutral (m4): every class releases the shared efficacy,,1,1,guessed,s10 class grain (scripts/build_class_params.py)
n5c_inp_MN_leg,N5,class,circuit class MN_leg (382 cells),dimensionless,class:MN_leg|input_scale,0.1,20.0,guessed,as release_scale (postsynaptic input resistance varies ~2-10x across central neurons; larval uEPSPs 1-10 mV),unverified,lognormal,1,0.5,guessed,neutral (m4),,1,1,guessed,s10 class grain (scripts/build_class_params.py)
n3c_drive_MN_leg,N3,class,circuit class MN_leg (382 cells),mV,class:MN_leg|tonic_drive,-10.0,20.0,guessed,as the global row n3_drive: tonic depolarisation must keep spontaneous rates below ~50 Hz in most central neurons; rest-potential spread -48 to -68 mV (Gouwens & Wilson 2009; larval survey 2002),unverified,normal,0,2.0,guessed,"neutral (m4): no tonic drive; measured spontaneous rates exist for few classes (PN 1-5 Hz, KC ~0.1 Hz; both spent)",,0,1,guessed,s10 class grain (scripts/build_class_params.py)
n3c_noise_MN_leg,N3,class,circuit class MN_leg (382 cells),mV/sqrt(ms),class:MN_leg|noise,0.0,3.0,guessed,as the global row n14_noise: membrane noise of a few mV rms,unverified,normal,0,0.5,guessed,"neutral (m4): noiseless, as Shiu 2024",,0,2,guessed,s10 class grain (scripts/build_class_params.py)
n2c_vth_MN_leg,N2,class,circuit class MN_leg (382 cells),mV,class:MN_leg|threshold_offset,-5.0,15.0,guessed,"spike threshold 5-25 mV above rest in insect central neurons (row n2_v_th); m4 gap is 7 mV, so -5 keeps a >= 2 mV gap",unverified,normal,0,2.0,guessed,neutral (m4): the shared Shiu 2024 threshold,,0,1,guessed,s10 class grain (scripts/build_class_params.py)
n2c_taum_MN_leg,N2,class,circuit class MN_leg (382 cells),dimensionless,class:MN_leg|tau_m_scale,0.25,2.5,guessed,"tau_m 5-50 ms around the 20 ms default (measured 15.5-16.6 ms in slow MNs, F-AZ-2; central neurons ~10-30 ms)",unverified,lognormal,1,0.4,guessed,neutral (m4): the shared 20 ms,,1,1,guessed,s10 class grain (scripts/build_class_params.py)
n5c_rel_MN_other,N5,class,circuit class MN_other (351 cells),dimensionless,class:MN_other|release_scale,0.1,20.0,guessed,"one decade below to the measured ORN->PN excess (10.9x the global efficacy, F-AL-4) and ~2x beyond",unverified,lognormal,1,0.5,guessed,neutral (m4): every class releases the shared efficacy,,1,1,guessed,s10 class grain (scripts/build_class_params.py)
n5c_inp_MN_other,N5,class,circuit class MN_other (351 cells),dimensionless,class:MN_other|input_scale,0.1,20.0,guessed,as release_scale (postsynaptic input resistance varies ~2-10x across central neurons; larval uEPSPs 1-10 mV),unverified,lognormal,1,0.5,guessed,neutral (m4),,1,1,guessed,s10 class grain (scripts/build_class_params.py)
n3c_drive_MN_other,N3,class,circuit class MN_other (351 cells),mV,class:MN_other|tonic_drive,-10.0,20.0,guessed,as the global row n3_drive: tonic depolarisation must keep spontaneous rates below ~50 Hz in most central neurons; rest-potential spread -48 to -68 mV (Gouwens & Wilson 2009; larval survey 2002),unverified,normal,0,2.0,guessed,"neutral (m4): no tonic drive; measured spontaneous rates exist for few classes (PN 1-5 Hz, KC ~0.1 Hz; both spent)",,0,1,guessed,s10 class grain (scripts/build_class_params.py)
n3c_noise_MN_other,N3,class,circuit class MN_other (351 cells),mV/sqrt(ms),class:MN_other|noise,0.0,3.0,guessed,as the global row n14_noise: membrane noise of a few mV rms,unverified,normal,0,0.5,guessed,"neutral (m4): noiseless, as Shiu 2024",,0,2,guessed,s10 class grain (scripts/build_class_params.py)
n2c_vth_MN_other,N2,class,circuit class MN_other (351 cells),mV,class:MN_other|threshold_offset,-5.0,15.0,guessed,"spike threshold 5-25 mV above rest in insect central neurons (row n2_v_th); m4 gap is 7 mV, so -5 keeps a >= 2 mV gap",unverified,normal,0,2.0,guessed,neutral (m4): the shared Shiu 2024 threshold,,0,1,guessed,s10 class grain (scripts/build_class_params.py)
n2c_taum_MN_other,N2,class,circuit class MN_other (351 cells),dimensionless,class:MN_other|tau_m_scale,0.25,2.5,guessed,"tau_m 5-50 ms around the 20 ms default (measured 15.5-16.6 ms in slow MNs, F-AZ-2; central neurons ~10-30 ms)",unverified,lognormal,1,0.4,guessed,neutral (m4): the shared 20 ms,,1,1,guessed,s10 class grain (scripts/build_class_params.py)
n5c_rel_MN_wing_haltere,N5,class,circuit class MN_wing_haltere (82 cells),dimensionless,class:MN_wing_haltere|release_scale,0.1,20.0,guessed,"one decade below to the measured ORN->PN excess (10.9x the global efficacy, F-AL-4) and ~2x beyond",unverified,lognormal,1,0.5,guessed,neutral (m4): every class releases the shared efficacy,,1,1,guessed,s10 class grain (scripts/build_class_params.py)
n5c_inp_MN_wing_haltere,N5,class,circuit class MN_wing_haltere (82 cells),dimensionless,class:MN_wing_haltere|input_scale,0.1,20.0,guessed,as release_scale (postsynaptic input resistance varies ~2-10x across central neurons; larval uEPSPs 1-10 mV),unverified,lognormal,1,0.5,guessed,neutral (m4),,1,1,guessed,s10 class grain (scripts/build_class_params.py)
n3c_drive_MN_wing_haltere,N3,class,circuit class MN_wing_haltere (82 cells),mV,class:MN_wing_haltere|tonic_drive,-10.0,20.0,guessed,as the global row n3_drive: tonic depolarisation must keep spontaneous rates below ~50 Hz in most central neurons; rest-potential spread -48 to -68 mV (Gouwens & Wilson 2009; larval survey 2002),unverified,normal,0,2.0,guessed,"neutral (m4): no tonic drive; measured spontaneous rates exist for few classes (PN 1-5 Hz, KC ~0.1 Hz; both spent)",,0,1,guessed,s10 class grain (scripts/build_class_params.py)
n3c_noise_MN_wing_haltere,N3,class,circuit class MN_wing_haltere (82 cells),mV/sqrt(ms),class:MN_wing_haltere|noise,0.0,3.0,guessed,as the global row n14_noise: membrane noise of a few mV rms,unverified,normal,0,0.5,guessed,"neutral (m4): noiseless, as Shiu 2024",,0,2,guessed,s10 class grain (scripts/build_class_params.py)
n2c_vth_MN_wing_haltere,N2,class,circuit class MN_wing_haltere (82 cells),mV,class:MN_wing_haltere|threshold_offset,-5.0,15.0,guessed,"spike threshold 5-25 mV above rest in insect central neurons (row n2_v_th); m4 gap is 7 mV, so -5 keeps a >= 2 mV gap",unverified,normal,0,2.0,guessed,neutral (m4): the shared Shiu 2024 threshold,,0,1,guessed,s10 class grain (scripts/build_class_params.py)
n2c_taum_MN_wing_haltere,N2,class,circuit class MN_wing_haltere (82 cells),dimensionless,class:MN_wing_haltere|tau_m_scale,0.25,2.5,guessed,"tau_m 5-50 ms around the 20 ms default (measured 15.5-16.6 ms in slow MNs, F-AZ-2; central neurons ~10-30 ms)",unverified,lognormal,1,0.4,guessed,neutral (m4): the shared 20 ms,,1,1,guessed,s10 class grain (scripts/build_class_params.py)
n5c_rel_T4T5,N5,class,circuit class T4T5 (13580 cells),dimensionless,class:T4T5|release_scale,0.1,20.0,guessed,"one decade below to the measured ORN->PN excess (10.9x the global efficacy, F-AL-4) and ~2x beyond",unverified,lognormal,1,0.5,guessed,neutral (m4): every class releases the shared efficacy,,1,1,guessed,s10 class grain (scripts/build_class_params.py)
n5c_inp_T4T5,N5,class,circuit class T4T5 (13580 cells),dimensionless,class:T4T5|input_scale,0.1,20.0,guessed,as release_scale (postsynaptic input resistance varies ~2-10x across central neurons; larval uEPSPs 1-10 mV),unverified,lognormal,1,0.5,guessed,neutral (m4),,1,1,guessed,s10 class grain (scripts/build_class_params.py)
n3c_drive_T4T5,N3,class,circuit class T4T5 (13580 cells),mV,class:T4T5|tonic_drive,-10.0,20.0,guessed,as the global row n3_drive: tonic depolarisation must keep spontaneous rates below ~50 Hz in most central neurons; rest-potential spread -48 to -68 mV (Gouwens & Wilson 2009; larval survey 2002),unverified,normal,0,2.0,guessed,"neutral (m4): no tonic drive; measured spontaneous rates exist for few classes (PN 1-5 Hz, KC ~0.1 Hz; both spent)",,0,1,guessed,s10 class grain (scripts/build_class_params.py)
n3c_noise_T4T5,N3,class,circuit class T4T5 (13580 cells),mV/sqrt(ms),class:T4T5|noise,0.0,3.0,guessed,as the global row n14_noise: membrane noise of a few mV rms,unverified,normal,0,0.5,guessed,"neutral (m4): noiseless, as Shiu 2024",,0,2,guessed,s10 class grain (scripts/build_class_params.py)
n2c_vth_T4T5,N2,class,circuit class T4T5 (13580 cells),mV,class:T4T5|threshold_offset,-5.0,15.0,guessed,"spike threshold 5-25 mV above rest in insect central neurons (row n2_v_th); m4 gap is 7 mV, so -5 keeps a >= 2 mV gap",unverified,normal,0,2.0,guessed,neutral (m4): the shared Shiu 2024 threshold,,0,1,guessed,s10 class grain (scripts/build_class_params.py)
n2c_taum_T4T5,N2,class,circuit class T4T5 (13580 cells),dimensionless,class:T4T5|tau_m_scale,0.25,2.5,guessed,"tau_m 5-50 ms around the 20 ms default (measured 15.5-16.6 ms in slow MNs, F-AZ-2; central neurons ~10-30 ms)",unverified,lognormal,1,0.4,guessed,neutral (m4): the shared 20 ms,,1,1,guessed,s10 class grain (scripts/build_class_params.py)
n5c_rel_central_other,N5,class,circuit class central_other (22674 cells),dimensionless,class:central_other|release_scale,0.1,20.0,guessed,"one decade below to the measured ORN->PN excess (10.9x the global efficacy, F-AL-4) and ~2x beyond",unverified,lognormal,1,0.5,guessed,neutral (m4): every class releases the shared efficacy,,1,1,guessed,s10 class grain (scripts/build_class_params.py)
n5c_inp_central_other,N5,class,circuit class central_other (22674 cells),dimensionless,class:central_other|input_scale,0.1,20.0,guessed,as release_scale (postsynaptic input resistance varies ~2-10x across central neurons; larval uEPSPs 1-10 mV),unverified,lognormal,1,0.5,guessed,neutral (m4),,1,1,guessed,s10 class grain (scripts/build_class_params.py)
n3c_drive_central_other,N3,class,circuit class central_other (22674 cells),mV,class:central_other|tonic_drive,-10.0,20.0,guessed,as the global row n3_drive: tonic depolarisation must keep spontaneous rates below ~50 Hz in most central neurons; rest-potential spread -48 to -68 mV (Gouwens & Wilson 2009; larval survey 2002),unverified,normal,0,2.0,guessed,"neutral (m4): no tonic drive; measured spontaneous rates exist for few classes (PN 1-5 Hz, KC ~0.1 Hz; both spent)",,0,1,guessed,s10 class grain (scripts/build_class_params.py)
n3c_noise_central_other,N3,class,circuit class central_other (22674 cells),mV/sqrt(ms),class:central_other|noise,0.0,3.0,guessed,as the global row n14_noise: membrane noise of a few mV rms,unverified,normal,0,0.5,guessed,"neutral (m4): noiseless, as Shiu 2024",,0,2,guessed,s10 class grain (scripts/build_class_params.py)
n2c_vth_central_other,N2,class,circuit class central_other (22674 cells),mV,class:central_other|threshold_offset,-5.0,15.0,guessed,"spike threshold 5-25 mV above rest in insect central neurons (row n2_v_th); m4 gap is 7 mV, so -5 keeps a >= 2 mV gap",unverified,normal,0,2.0,guessed,neutral (m4): the shared Shiu 2024 threshold,,0,1,guessed,s10 class grain (scripts/build_class_params.py)
n2c_taum_central_other,N2,class,circuit class central_other (22674 cells),dimensionless,class:central_other|tau_m_scale,0.25,2.5,guessed,"tau_m 5-50 ms around the 20 ms default (measured 15.5-16.6 ms in slow MNs, F-AZ-2; central neurons ~10-30 ms)",unverified,lognormal,1,0.4,guessed,neutral (m4): the shared 20 ms,,1,1,guessed,s10 class grain (scripts/build_class_params.py)
n5c_rel_clock,N5,class,circuit class clock (32 cells),dimensionless,class:clock|release_scale,0.1,20.0,guessed,"one decade below to the measured ORN->PN excess (10.9x the global efficacy, F-AL-4) and ~2x beyond",unverified,lognormal,1,0.5,guessed,neutral (m4): every class releases the shared efficacy,,1,1,guessed,s10 class grain (scripts/build_class_params.py)
n5c_inp_clock,N5,class,circuit class clock (32 cells),dimensionless,class:clock|input_scale,0.1,20.0,guessed,as release_scale (postsynaptic input resistance varies ~2-10x across central neurons; larval uEPSPs 1-10 mV),unverified,lognormal,1,0.5,guessed,neutral (m4),,1,1,guessed,s10 class grain (scripts/build_class_params.py)
n3c_drive_clock,N3,class,circuit class clock (32 cells),mV,class:clock|tonic_drive,-10.0,20.0,guessed,as the global row n3_drive: tonic depolarisation must keep spontaneous rates below ~50 Hz in most central neurons; rest-potential spread -48 to -68 mV (Gouwens & Wilson 2009; larval survey 2002),unverified,normal,0,2.0,guessed,"neutral (m4): no tonic drive; measured spontaneous rates exist for few classes (PN 1-5 Hz, KC ~0.1 Hz; both spent)",,0,1,guessed,s10 class grain (scripts/build_class_params.py)
n3c_noise_clock,N3,class,circuit class clock (32 cells),mV/sqrt(ms),class:clock|noise,0.0,3.0,guessed,as the global row n14_noise: membrane noise of a few mV rms,unverified,normal,0,0.5,guessed,"neutral (m4): noiseless, as Shiu 2024",,0,2,guessed,s10 class grain (scripts/build_class_params.py)
n2c_vth_clock,N2,class,circuit class clock (32 cells),mV,class:clock|threshold_offset,-5.0,15.0,guessed,"spike threshold 5-25 mV above rest in insect central neurons (row n2_v_th); m4 gap is 7 mV, so -5 keeps a >= 2 mV gap",unverified,normal,0,2.0,guessed,neutral (m4): the shared Shiu 2024 threshold,,0,1,guessed,s10 class grain (scripts/build_class_params.py)
n2c_taum_clock,N2,class,circuit class clock (32 cells),dimensionless,class:clock|tau_m_scale,0.25,2.5,guessed,"tau_m 5-50 ms around the 20 ms default (measured 15.5-16.6 ms in slow MNs, F-AZ-2; central neurons ~10-30 ms)",unverified,lognormal,1,0.4,guessed,neutral (m4): the shared 20 ms,,1,1,guessed,s10 class grain (scripts/build_class_params.py)
n5c_rel_cx_ER,N5,class,circuit class cx_ER (282 cells),dimensionless,class:cx_ER|release_scale,0.1,20.0,guessed,"one decade below to the measured ORN->PN excess (10.9x the global efficacy, F-AL-4) and ~2x beyond",unverified,lognormal,1,0.5,guessed,neutral (m4): every class releases the shared efficacy,,1,1,guessed,s10 class grain (scripts/build_class_params.py)
n5c_inp_cx_ER,N5,class,circuit class cx_ER (282 cells),dimensionless,class:cx_ER|input_scale,0.1,20.0,guessed,as release_scale (postsynaptic input resistance varies ~2-10x across central neurons; larval uEPSPs 1-10 mV),unverified,lognormal,1,0.5,guessed,neutral (m4),,1,1,guessed,s10 class grain (scripts/build_class_params.py)
n3c_drive_cx_ER,N3,class,circuit class cx_ER (282 cells),mV,class:cx_ER|tonic_drive,-10.0,20.0,guessed,as the global row n3_drive: tonic depolarisation must keep spontaneous rates below ~50 Hz in most central neurons; rest-potential spread -48 to -68 mV (Gouwens & Wilson 2009; larval survey 2002),unverified,normal,0,2.0,guessed,"neutral (m4): no tonic drive; measured spontaneous rates exist for few classes (PN 1-5 Hz, KC ~0.1 Hz; both spent)",,0,1,guessed,s10 class grain (scripts/build_class_params.py)
n3c_noise_cx_ER,N3,class,circuit class cx_ER (282 cells),mV/sqrt(ms),class:cx_ER|noise,0.0,3.0,guessed,as the global row n14_noise: membrane noise of a few mV rms,unverified,normal,0,0.5,guessed,"neutral (m4): noiseless, as Shiu 2024",,0,2,guessed,s10 class grain (scripts/build_class_params.py)
n2c_vth_cx_ER,N2,class,circuit class cx_ER (282 cells),mV,class:cx_ER|threshold_offset,-5.0,15.0,guessed,"spike threshold 5-25 mV above rest in insect central neurons (row n2_v_th); m4 gap is 7 mV, so -5 keeps a >= 2 mV gap",unverified,normal,0,2.0,guessed,neutral (m4): the shared Shiu 2024 threshold,,0,1,guessed,s10 class grain (scripts/build_class_params.py)
n2c_taum_cx_ER,N2,class,circuit class cx_ER (282 cells),dimensionless,class:cx_ER|tau_m_scale,0.25,2.5,guessed,"tau_m 5-50 ms around the 20 ms default (measured 15.5-16.6 ms in slow MNs, F-AZ-2; central neurons ~10-30 ms)",unverified,lognormal,1,0.4,guessed,neutral (m4): the shared 20 ms,,1,1,guessed,s10 class grain (scripts/build_class_params.py)
n5c_rel_cx_other,N5,class,circuit class cx_other (2516 cells),dimensionless,class:cx_other|release_scale,0.1,20.0,guessed,"one decade below to the measured ORN->PN excess (10.9x the global efficacy, F-AL-4) and ~2x beyond",unverified,lognormal,1,0.5,guessed,neutral (m4): every class releases the shared efficacy,,1,1,guessed,s10 class grain (scripts/build_class_params.py)
n5c_inp_cx_other,N5,class,circuit class cx_other (2516 cells),dimensionless,class:cx_other|input_scale,0.1,20.0,guessed,as release_scale (postsynaptic input resistance varies ~2-10x across central neurons; larval uEPSPs 1-10 mV),unverified,lognormal,1,0.5,guessed,neutral (m4),,1,1,guessed,s10 class grain (scripts/build_class_params.py)
n3c_drive_cx_other,N3,class,circuit class cx_other (2516 cells),mV,class:cx_other|tonic_drive,-10.0,20.0,guessed,as the global row n3_drive: tonic depolarisation must keep spontaneous rates below ~50 Hz in most central neurons; rest-potential spread -48 to -68 mV (Gouwens & Wilson 2009; larval survey 2002),unverified,normal,0,2.0,guessed,"neutral (m4): no tonic drive; measured spontaneous rates exist for few classes (PN 1-5 Hz, KC ~0.1 Hz; both spent)",,0,1,guessed,s10 class grain (scripts/build_class_params.py)
n3c_noise_cx_other,N3,class,circuit class cx_other (2516 cells),mV/sqrt(ms),class:cx_other|noise,0.0,3.0,guessed,as the global row n14_noise: membrane noise of a few mV rms,unverified,normal,0,0.5,guessed,"neutral (m4): noiseless, as Shiu 2024",,0,2,guessed,s10 class grain (scripts/build_class_params.py)
n2c_vth_cx_other,N2,class,circuit class cx_other (2516 cells),mV,class:cx_other|threshold_offset,-5.0,15.0,guessed,"spike threshold 5-25 mV above rest in insect central neurons (row n2_v_th); m4 gap is 7 mV, so -5 keeps a >= 2 mV gap",unverified,normal,0,2.0,guessed,neutral (m4): the shared Shiu 2024 threshold,,0,1,guessed,s10 class grain (scripts/build_class_params.py)
n2c_taum_cx_other,N2,class,circuit class cx_other (2516 cells),dimensionless,class:cx_other|tau_m_scale,0.25,2.5,guessed,"tau_m 5-50 ms around the 20 ms default (measured 15.5-16.6 ms in slow MNs, F-AZ-2; central neurons ~10-30 ms)",unverified,lognormal,1,0.4,guessed,neutral (m4): the shared 20 ms,,1,1,guessed,s10 class grain (scripts/build_class_params.py)
n5c_rel_cx_ring,N5,class,circuit class cx_ring (152 cells),dimensionless,class:cx_ring|release_scale,0.1,20.0,guessed,"one decade below to the measured ORN->PN excess (10.9x the global efficacy, F-AL-4) and ~2x beyond",unverified,lognormal,1,0.5,guessed,neutral (m4): every class releases the shared efficacy,,1,1,guessed,s10 class grain (scripts/build_class_params.py)
n5c_inp_cx_ring,N5,class,circuit class cx_ring (152 cells),dimensionless,class:cx_ring|input_scale,0.1,20.0,guessed,as release_scale (postsynaptic input resistance varies ~2-10x across central neurons; larval uEPSPs 1-10 mV),unverified,lognormal,1,0.5,guessed,neutral (m4),,1,1,guessed,s10 class grain (scripts/build_class_params.py)
n3c_drive_cx_ring,N3,class,circuit class cx_ring (152 cells),mV,class:cx_ring|tonic_drive,-10.0,20.0,guessed,as the global row n3_drive: tonic depolarisation must keep spontaneous rates below ~50 Hz in most central neurons; rest-potential spread -48 to -68 mV (Gouwens & Wilson 2009; larval survey 2002),unverified,normal,0,2.0,guessed,"neutral (m4): no tonic drive; measured spontaneous rates exist for few classes (PN 1-5 Hz, KC ~0.1 Hz; both spent)",,0,1,guessed,s10 class grain (scripts/build_class_params.py)
n3c_noise_cx_ring,N3,class,circuit class cx_ring (152 cells),mV/sqrt(ms),class:cx_ring|noise,0.0,3.0,guessed,as the global row n14_noise: membrane noise of a few mV rms,unverified,normal,0,0.5,guessed,"neutral (m4): noiseless, as Shiu 2024",,0,2,guessed,s10 class grain (scripts/build_class_params.py)
n2c_vth_cx_ring,N2,class,circuit class cx_ring (152 cells),mV,class:cx_ring|threshold_offset,-5.0,15.0,guessed,"spike threshold 5-25 mV above rest in insect central neurons (row n2_v_th); m4 gap is 7 mV, so -5 keeps a >= 2 mV gap",unverified,normal,0,2.0,guessed,neutral (m4): the shared Shiu 2024 threshold,,0,1,guessed,s10 class grain (scripts/build_class_params.py)
n2c_taum_cx_ring,N2,class,circuit class cx_ring (152 cells),dimensionless,class:cx_ring|tau_m_scale,0.25,2.5,guessed,"tau_m 5-50 ms around the 20 ms default (measured 15.5-16.6 ms in slow MNs, F-AZ-2; central neurons ~10-30 ms)",unverified,lognormal,1,0.4,guessed,neutral (m4): the shared 20 ms,,1,1,guessed,s10 class grain (scripts/build_class_params.py)
n5c_rel_efferent,N5,class,circuit class efferent (145 cells),dimensionless,class:efferent|release_scale,0.1,20.0,guessed,"one decade below to the measured ORN->PN excess (10.9x the global efficacy, F-AL-4) and ~2x beyond",unverified,lognormal,1,0.5,guessed,neutral (m4): every class releases the shared efficacy,,1,1,guessed,s10 class grain (scripts/build_class_params.py)
n5c_inp_efferent,N5,class,circuit class efferent (145 cells),dimensionless,class:efferent|input_scale,0.1,20.0,guessed,as release_scale (postsynaptic input resistance varies ~2-10x across central neurons; larval uEPSPs 1-10 mV),unverified,lognormal,1,0.5,guessed,neutral (m4),,1,1,guessed,s10 class grain (scripts/build_class_params.py)
n3c_drive_efferent,N3,class,circuit class efferent (145 cells),mV,class:efferent|tonic_drive,-10.0,20.0,guessed,as the global row n3_drive: tonic depolarisation must keep spontaneous rates below ~50 Hz in most central neurons; rest-potential spread -48 to -68 mV (Gouwens & Wilson 2009; larval survey 2002),unverified,normal,0,2.0,guessed,"neutral (m4): no tonic drive; measured spontaneous rates exist for few classes (PN 1-5 Hz, KC ~0.1 Hz; both spent)",,0,1,guessed,s10 class grain (scripts/build_class_params.py)
n3c_noise_efferent,N3,class,circuit class efferent (145 cells),mV/sqrt(ms),class:efferent|noise,0.0,3.0,guessed,as the global row n14_noise: membrane noise of a few mV rms,unverified,normal,0,0.5,guessed,"neutral (m4): noiseless, as Shiu 2024",,0,2,guessed,s10 class grain (scripts/build_class_params.py)
n2c_vth_efferent,N2,class,circuit class efferent (145 cells),mV,class:efferent|threshold_offset,-5.0,15.0,guessed,"spike threshold 5-25 mV above rest in insect central neurons (row n2_v_th); m4 gap is 7 mV, so -5 keeps a >= 2 mV gap",unverified,normal,0,2.0,guessed,neutral (m4): the shared Shiu 2024 threshold,,0,1,guessed,s10 class grain (scripts/build_class_params.py)
n2c_taum_efferent,N2,class,circuit class efferent (145 cells),dimensionless,class:efferent|tau_m_scale,0.25,2.5,guessed,"tau_m 5-50 ms around the 20 ms default (measured 15.5-16.6 ms in slow MNs, F-AZ-2; central neurons ~10-30 ms)",unverified,lognormal,1,0.4,guessed,neutral (m4): the shared 20 ms,,1,1,guessed,s10 class grain (scripts/build_class_params.py)
n5c_rel_endocrine,N5,class,circuit class endocrine (94 cells),dimensionless,class:endocrine|release_scale,0.1,20.0,guessed,"one decade below to the measured ORN->PN excess (10.9x the global efficacy, F-AL-4) and ~2x beyond",unverified,lognormal,1,0.5,guessed,neutral (m4): every class releases the shared efficacy,,1,1,guessed,s10 class grain (scripts/build_class_params.py)
n5c_inp_endocrine,N5,class,circuit class endocrine (94 cells),dimensionless,class:endocrine|input_scale,0.1,20.0,guessed,as release_scale (postsynaptic input resistance varies ~2-10x across central neurons; larval uEPSPs 1-10 mV),unverified,lognormal,1,0.5,guessed,neutral (m4),,1,1,guessed,s10 class grain (scripts/build_class_params.py)
n3c_drive_endocrine,N3,class,circuit class endocrine (94 cells),mV,class:endocrine|tonic_drive,-10.0,20.0,guessed,as the global row n3_drive: tonic depolarisation must keep spontaneous rates below ~50 Hz in most central neurons; rest-potential spread -48 to -68 mV (Gouwens & Wilson 2009; larval survey 2002),unverified,normal,0,2.0,guessed,"neutral (m4): no tonic drive; measured spontaneous rates exist for few classes (PN 1-5 Hz, KC ~0.1 Hz; both spent)",,0,1,guessed,s10 class grain (scripts/build_class_params.py)
n3c_noise_endocrine,N3,class,circuit class endocrine (94 cells),mV/sqrt(ms),class:endocrine|noise,0.0,3.0,guessed,as the global row n14_noise: membrane noise of a few mV rms,unverified,normal,0,0.5,guessed,"neutral (m4): noiseless, as Shiu 2024",,0,2,guessed,s10 class grain (scripts/build_class_params.py)
n2c_vth_endocrine,N2,class,circuit class endocrine (94 cells),mV,class:endocrine|threshold_offset,-5.0,15.0,guessed,"spike threshold 5-25 mV above rest in insect central neurons (row n2_v_th); m4 gap is 7 mV, so -5 keeps a >= 2 mV gap",unverified,normal,0,2.0,guessed,neutral (m4): the shared Shiu 2024 threshold,,0,1,guessed,s10 class grain (scripts/build_class_params.py)
n2c_taum_endocrine,N2,class,circuit class endocrine (94 cells),dimensionless,class:endocrine|tau_m_scale,0.25,2.5,guessed,"tau_m 5-50 ms around the 20 ms default (measured 15.5-16.6 ms in slow MNs, F-AZ-2; central neurons ~10-30 ms)",unverified,lognormal,1,0.4,guessed,neutral (m4): the shared 20 ms,,1,1,guessed,s10 class grain (scripts/build_class_params.py)
n5c_rel_ocellar_photoreceptor,N5,class,circuit class ocellar_photoreceptor (22 cells),dimensionless,class:ocellar_photoreceptor|release_scale,0.1,20.0,guessed,"one decade below to the measured ORN->PN excess (10.9x the global efficacy, F-AL-4) and ~2x beyond",unverified,lognormal,1,0.5,guessed,neutral (m4): every class releases the shared efficacy,,1,1,guessed,s10 class grain (scripts/build_class_params.py)
n5c_inp_ocellar_photoreceptor,N5,class,circuit class ocellar_photoreceptor (22 cells),dimensionless,class:ocellar_photoreceptor|input_scale,0.1,20.0,guessed,as release_scale (postsynaptic input resistance varies ~2-10x across central neurons; larval uEPSPs 1-10 mV),unverified,lognormal,1,0.5,guessed,neutral (m4),,1,1,guessed,s10 class grain (scripts/build_class_params.py)
n3c_drive_ocellar_photoreceptor,N3,class,circuit class ocellar_photoreceptor (22 cells),mV,class:ocellar_photoreceptor|tonic_drive,-10.0,20.0,guessed,as the global row n3_drive: tonic depolarisation must keep spontaneous rates below ~50 Hz in most central neurons; rest-potential spread -48 to -68 mV (Gouwens & Wilson 2009; larval survey 2002),unverified,normal,0,2.0,guessed,"neutral (m4): no tonic drive; measured spontaneous rates exist for few classes (PN 1-5 Hz, KC ~0.1 Hz; both spent)",,0,1,guessed,s10 class grain (scripts/build_class_params.py)
n3c_noise_ocellar_photoreceptor,N3,class,circuit class ocellar_photoreceptor (22 cells),mV/sqrt(ms),class:ocellar_photoreceptor|noise,0.0,3.0,guessed,as the global row n14_noise: membrane noise of a few mV rms,unverified,normal,0,0.5,guessed,"neutral (m4): noiseless, as Shiu 2024",,0,2,guessed,s10 class grain (scripts/build_class_params.py)
n2c_vth_ocellar_photoreceptor,N2,class,circuit class ocellar_photoreceptor (22 cells),mV,class:ocellar_photoreceptor|threshold_offset,-5.0,15.0,guessed,"spike threshold 5-25 mV above rest in insect central neurons (row n2_v_th); m4 gap is 7 mV, so -5 keeps a >= 2 mV gap",unverified,normal,0,2.0,guessed,neutral (m4): the shared Shiu 2024 threshold,,0,1,guessed,s10 class grain (scripts/build_class_params.py)
n2c_taum_ocellar_photoreceptor,N2,class,circuit class ocellar_photoreceptor (22 cells),dimensionless,class:ocellar_photoreceptor|tau_m_scale,0.25,2.5,guessed,"tau_m 5-50 ms around the 20 ms default (measured 15.5-16.6 ms in slow MNs, F-AZ-2; central neurons ~10-30 ms)",unverified,lognormal,1,0.4,guessed,neutral (m4): the shared 20 ms,,1,1,guessed,s10 class grain (scripts/build_class_params.py)
n5c_rel_optic_columnar,N5,class,circuit class optic_columnar (58554 cells),dimensionless,class:optic_columnar|release_scale,0.1,20.0,guessed,"one decade below to the measured ORN->PN excess (10.9x the global efficacy, F-AL-4) and ~2x beyond",unverified,lognormal,1,0.5,guessed,neutral (m4): every class releases the shared efficacy,,1,1,guessed,s10 class grain (scripts/build_class_params.py)
n5c_inp_optic_columnar,N5,class,circuit class optic_columnar (58554 cells),dimensionless,class:optic_columnar|input_scale,0.1,20.0,guessed,as release_scale (postsynaptic input resistance varies ~2-10x across central neurons; larval uEPSPs 1-10 mV),unverified,lognormal,1,0.5,guessed,neutral (m4),,1,1,guessed,s10 class grain (scripts/build_class_params.py)
n3c_drive_optic_columnar,N3,class,circuit class optic_columnar (58554 cells),mV,class:optic_columnar|tonic_drive,-10.0,20.0,guessed,as the global row n3_drive: tonic depolarisation must keep spontaneous rates below ~50 Hz in most central neurons; rest-potential spread -48 to -68 mV (Gouwens & Wilson 2009; larval survey 2002),unverified,normal,0,2.0,guessed,"neutral (m4): no tonic drive; measured spontaneous rates exist for few classes (PN 1-5 Hz, KC ~0.1 Hz; both spent)",,0,1,guessed,s10 class grain (scripts/build_class_params.py)
n3c_noise_optic_columnar,N3,class,circuit class optic_columnar (58554 cells),mV/sqrt(ms),class:optic_columnar|noise,0.0,3.0,guessed,as the global row n14_noise: membrane noise of a few mV rms,unverified,normal,0,0.5,guessed,"neutral (m4): noiseless, as Shiu 2024",,0,2,guessed,s10 class grain (scripts/build_class_params.py)
n2c_vth_optic_columnar,N2,class,circuit class optic_columnar (58554 cells),mV,class:optic_columnar|threshold_offset,-5.0,15.0,guessed,"spike threshold 5-25 mV above rest in insect central neurons (row n2_v_th); m4 gap is 7 mV, so -5 keeps a >= 2 mV gap",unverified,normal,0,2.0,guessed,neutral (m4): the shared Shiu 2024 threshold,,0,1,guessed,s10 class grain (scripts/build_class_params.py)
n2c_taum_optic_columnar,N2,class,circuit class optic_columnar (58554 cells),dimensionless,class:optic_columnar|tau_m_scale,0.25,2.5,guessed,"tau_m 5-50 ms around the 20 ms default (measured 15.5-16.6 ms in slow MNs, F-AZ-2; central neurons ~10-30 ms)",unverified,lognormal,1,0.4,guessed,neutral (m4): the shared 20 ms,,1,1,guessed,s10 class grain (scripts/build_class_params.py)
n5c_rel_optic_other,N5,class,circuit class optic_other (12060 cells),dimensionless,class:optic_other|release_scale,0.1,20.0,guessed,"one decade below to the measured ORN->PN excess (10.9x the global efficacy, F-AL-4) and ~2x beyond",unverified,lognormal,1,0.5,guessed,neutral (m4): every class releases the shared efficacy,,1,1,guessed,s10 class grain (scripts/build_class_params.py)
n5c_inp_optic_other,N5,class,circuit class optic_other (12060 cells),dimensionless,class:optic_other|input_scale,0.1,20.0,guessed,as release_scale (postsynaptic input resistance varies ~2-10x across central neurons; larval uEPSPs 1-10 mV),unverified,lognormal,1,0.5,guessed,neutral (m4),,1,1,guessed,s10 class grain (scripts/build_class_params.py)
n3c_drive_optic_other,N3,class,circuit class optic_other (12060 cells),mV,class:optic_other|tonic_drive,-10.0,20.0,guessed,as the global row n3_drive: tonic depolarisation must keep spontaneous rates below ~50 Hz in most central neurons; rest-potential spread -48 to -68 mV (Gouwens & Wilson 2009; larval survey 2002),unverified,normal,0,2.0,guessed,"neutral (m4): no tonic drive; measured spontaneous rates exist for few classes (PN 1-5 Hz, KC ~0.1 Hz; both spent)",,0,1,guessed,s10 class grain (scripts/build_class_params.py)
n3c_noise_optic_other,N3,class,circuit class optic_other (12060 cells),mV/sqrt(ms),class:optic_other|noise,0.0,3.0,guessed,as the global row n14_noise: membrane noise of a few mV rms,unverified,normal,0,0.5,guessed,"neutral (m4): noiseless, as Shiu 2024",,0,2,guessed,s10 class grain (scripts/build_class_params.py)
n2c_vth_optic_other,N2,class,circuit class optic_other (12060 cells),mV,class:optic_other|threshold_offset,-5.0,15.0,guessed,"spike threshold 5-25 mV above rest in insect central neurons (row n2_v_th); m4 gap is 7 mV, so -5 keeps a >= 2 mV gap",unverified,normal,0,2.0,guessed,neutral (m4): the shared Shiu 2024 threshold,,0,1,guessed,s10 class grain (scripts/build_class_params.py)
n2c_taum_optic_other,N2,class,circuit class optic_other (12060 cells),dimensionless,class:optic_other|tau_m_scale,0.25,2.5,guessed,"tau_m 5-50 ms around the 20 ms default (measured 15.5-16.6 ms in slow MNs, F-AZ-2; central neurons ~10-30 ms)",unverified,lognormal,1,0.4,guessed,neutral (m4): the shared 20 ms,,1,1,guessed,s10 class grain (scripts/build_class_params.py)
n5c_rel_optic_projection,N5,class,circuit class optic_projection (6060 cells),dimensionless,class:optic_projection|release_scale,0.1,20.0,guessed,"one decade below to the measured ORN->PN excess (10.9x the global efficacy, F-AL-4) and ~2x beyond",unverified,lognormal,1,0.5,guessed,neutral (m4): every class releases the shared efficacy,,1,1,guessed,s10 class grain (scripts/build_class_params.py)
n5c_inp_optic_projection,N5,class,circuit class optic_projection (6060 cells),dimensionless,class:optic_projection|input_scale,0.1,20.0,guessed,as release_scale (postsynaptic input resistance varies ~2-10x across central neurons; larval uEPSPs 1-10 mV),unverified,lognormal,1,0.5,guessed,neutral (m4),,1,1,guessed,s10 class grain (scripts/build_class_params.py)
n3c_drive_optic_projection,N3,class,circuit class optic_projection (6060 cells),mV,class:optic_projection|tonic_drive,-10.0,20.0,guessed,as the global row n3_drive: tonic depolarisation must keep spontaneous rates below ~50 Hz in most central neurons; rest-potential spread -48 to -68 mV (Gouwens & Wilson 2009; larval survey 2002),unverified,normal,0,2.0,guessed,"neutral (m4): no tonic drive; measured spontaneous rates exist for few classes (PN 1-5 Hz, KC ~0.1 Hz; both spent)",,0,1,guessed,s10 class grain (scripts/build_class_params.py)
n3c_noise_optic_projection,N3,class,circuit class optic_projection (6060 cells),mV/sqrt(ms),class:optic_projection|noise,0.0,3.0,guessed,as the global row n14_noise: membrane noise of a few mV rms,unverified,normal,0,0.5,guessed,"neutral (m4): noiseless, as Shiu 2024",,0,2,guessed,s10 class grain (scripts/build_class_params.py)
n2c_vth_optic_projection,N2,class,circuit class optic_projection (6060 cells),mV,class:optic_projection|threshold_offset,-5.0,15.0,guessed,"spike threshold 5-25 mV above rest in insect central neurons (row n2_v_th); m4 gap is 7 mV, so -5 keeps a >= 2 mV gap",unverified,normal,0,2.0,guessed,neutral (m4): the shared Shiu 2024 threshold,,0,1,guessed,s10 class grain (scripts/build_class_params.py)
n2c_taum_optic_projection,N2,class,circuit class optic_projection (6060 cells),dimensionless,class:optic_projection|tau_m_scale,0.25,2.5,guessed,"tau_m 5-50 ms around the 20 ms default (measured 15.5-16.6 ms in slow MNs, F-AZ-2; central neurons ~10-30 ms)",unverified,lognormal,1,0.4,guessed,neutral (m4): the shared 20 ms,,1,1,guessed,s10 class grain (scripts/build_class_params.py)
n5c_rel_photoreceptor,N5,class,circuit class photoreceptor (6091 cells),dimensionless,class:photoreceptor|release_scale,0.1,20.0,guessed,"one decade below to the measured ORN->PN excess (10.9x the global efficacy, F-AL-4) and ~2x beyond",unverified,lognormal,1,0.5,guessed,neutral (m4): every class releases the shared efficacy,,1,1,guessed,s10 class grain (scripts/build_class_params.py)
n5c_inp_photoreceptor,N5,class,circuit class photoreceptor (6091 cells),dimensionless,class:photoreceptor|input_scale,0.1,20.0,guessed,as release_scale (postsynaptic input resistance varies ~2-10x across central neurons; larval uEPSPs 1-10 mV),unverified,lognormal,1,0.5,guessed,neutral (m4),,1,1,guessed,s10 class grain (scripts/build_class_params.py)
n3c_drive_photoreceptor,N3,class,circuit class photoreceptor (6091 cells),mV,class:photoreceptor|tonic_drive,-10.0,20.0,guessed,as the global row n3_drive: tonic depolarisation must keep spontaneous rates below ~50 Hz in most central neurons; rest-potential spread -48 to -68 mV (Gouwens & Wilson 2009; larval survey 2002),unverified,normal,0,2.0,guessed,"neutral (m4): no tonic drive; measured spontaneous rates exist for few classes (PN 1-5 Hz, KC ~0.1 Hz; both spent)",,0,1,guessed,s10 class grain (scripts/build_class_params.py)
n3c_noise_photoreceptor,N3,class,circuit class photoreceptor (6091 cells),mV/sqrt(ms),class:photoreceptor|noise,0.0,3.0,guessed,as the global row n14_noise: membrane noise of a few mV rms,unverified,normal,0,0.5,guessed,"neutral (m4): noiseless, as Shiu 2024",,0,2,guessed,s10 class grain (scripts/build_class_params.py)
n2c_vth_photoreceptor,N2,class,circuit class photoreceptor (6091 cells),mV,class:photoreceptor|threshold_offset,-5.0,15.0,guessed,"spike threshold 5-25 mV above rest in insect central neurons (row n2_v_th); m4 gap is 7 mV, so -5 keeps a >= 2 mV gap",unverified,normal,0,2.0,guessed,neutral (m4): the shared Shiu 2024 threshold,,0,1,guessed,s10 class grain (scripts/build_class_params.py)
n2c_taum_photoreceptor,N2,class,circuit class photoreceptor (6091 cells),dimensionless,class:photoreceptor|tau_m_scale,0.25,2.5,guessed,"tau_m 5-50 ms around the 20 ms default (measured 15.5-16.6 ms in slow MNs, F-AZ-2; central neurons ~10-30 ms)",unverified,lognormal,1,0.4,guessed,neutral (m4): the shared 20 ms,,1,1,guessed,s10 class grain (scripts/build_class_params.py)
n5c_rel_sensory_gustatory,N5,class,circuit class sensory_gustatory (1420 cells),dimensionless,class:sensory_gustatory|release_scale,0.1,20.0,guessed,"one decade below to the measured ORN->PN excess (10.9x the global efficacy, F-AL-4) and ~2x beyond",unverified,lognormal,1,0.5,guessed,neutral (m4): every class releases the shared efficacy,,1,1,guessed,s10 class grain (scripts/build_class_params.py)
n5c_inp_sensory_gustatory,N5,class,circuit class sensory_gustatory (1420 cells),dimensionless,class:sensory_gustatory|input_scale,0.1,20.0,guessed,as release_scale (postsynaptic input resistance varies ~2-10x across central neurons; larval uEPSPs 1-10 mV),unverified,lognormal,1,0.5,guessed,neutral (m4),,1,1,guessed,s10 class grain (scripts/build_class_params.py)
n3c_drive_sensory_gustatory,N3,class,circuit class sensory_gustatory (1420 cells),mV,class:sensory_gustatory|tonic_drive,-10.0,20.0,guessed,as the global row n3_drive: tonic depolarisation must keep spontaneous rates below ~50 Hz in most central neurons; rest-potential spread -48 to -68 mV (Gouwens & Wilson 2009; larval survey 2002),unverified,normal,0,2.0,guessed,"neutral (m4): no tonic drive; measured spontaneous rates exist for few classes (PN 1-5 Hz, KC ~0.1 Hz; both spent)",,0,1,guessed,s10 class grain (scripts/build_class_params.py)
n3c_noise_sensory_gustatory,N3,class,circuit class sensory_gustatory (1420 cells),mV/sqrt(ms),class:sensory_gustatory|noise,0.0,3.0,guessed,as the global row n14_noise: membrane noise of a few mV rms,unverified,normal,0,0.5,guessed,"neutral (m4): noiseless, as Shiu 2024",,0,2,guessed,s10 class grain (scripts/build_class_params.py)
n2c_vth_sensory_gustatory,N2,class,circuit class sensory_gustatory (1420 cells),mV,class:sensory_gustatory|threshold_offset,-5.0,15.0,guessed,"spike threshold 5-25 mV above rest in insect central neurons (row n2_v_th); m4 gap is 7 mV, so -5 keeps a >= 2 mV gap",unverified,normal,0,2.0,guessed,neutral (m4): the shared Shiu 2024 threshold,,0,1,guessed,s10 class grain (scripts/build_class_params.py)
n2c_taum_sensory_gustatory,N2,class,circuit class sensory_gustatory (1420 cells),dimensionless,class:sensory_gustatory|tau_m_scale,0.25,2.5,guessed,"tau_m 5-50 ms around the 20 ms default (measured 15.5-16.6 ms in slow MNs, F-AZ-2; central neurons ~10-30 ms)",unverified,lognormal,1,0.4,guessed,neutral (m4): the shared 20 ms,,1,1,guessed,s10 class grain (scripts/build_class_params.py)
n5c_rel_sensory_mechano,N5,class,circuit class sensory_mechano (4280 cells),dimensionless,class:sensory_mechano|release_scale,0.1,20.0,guessed,"one decade below to the measured ORN->PN excess (10.9x the global efficacy, F-AL-4) and ~2x beyond",unverified,lognormal,1,0.5,guessed,neutral (m4): every class releases the shared efficacy,,1,1,guessed,s10 class grain (scripts/build_class_params.py)
n5c_inp_sensory_mechano,N5,class,circuit class sensory_mechano (4280 cells),dimensionless,class:sensory_mechano|input_scale,0.1,20.0,guessed,as release_scale (postsynaptic input resistance varies ~2-10x across central neurons; larval uEPSPs 1-10 mV),unverified,lognormal,1,0.5,guessed,neutral (m4),,1,1,guessed,s10 class grain (scripts/build_class_params.py)
n3c_drive_sensory_mechano,N3,class,circuit class sensory_mechano (4280 cells),mV,class:sensory_mechano|tonic_drive,-10.0,20.0,guessed,as the global row n3_drive: tonic depolarisation must keep spontaneous rates below ~50 Hz in most central neurons; rest-potential spread -48 to -68 mV (Gouwens & Wilson 2009; larval survey 2002),unverified,normal,0,2.0,guessed,"neutral (m4): no tonic drive; measured spontaneous rates exist for few classes (PN 1-5 Hz, KC ~0.1 Hz; both spent)",,0,1,guessed,s10 class grain (scripts/build_class_params.py)
n3c_noise_sensory_mechano,N3,class,circuit class sensory_mechano (4280 cells),mV/sqrt(ms),class:sensory_mechano|noise,0.0,3.0,guessed,as the global row n14_noise: membrane noise of a few mV rms,unverified,normal,0,0.5,guessed,"neutral (m4): noiseless, as Shiu 2024",,0,2,guessed,s10 class grain (scripts/build_class_params.py)
n2c_vth_sensory_mechano,N2,class,circuit class sensory_mechano (4280 cells),mV,class:sensory_mechano|threshold_offset,-5.0,15.0,guessed,"spike threshold 5-25 mV above rest in insect central neurons (row n2_v_th); m4 gap is 7 mV, so -5 keeps a >= 2 mV gap",unverified,normal,0,2.0,guessed,neutral (m4): the shared Shiu 2024 threshold,,0,1,guessed,s10 class grain (scripts/build_class_params.py)
n2c_taum_sensory_mechano,N2,class,circuit class sensory_mechano (4280 cells),dimensionless,class:sensory_mechano|tau_m_scale,0.25,2.5,guessed,"tau_m 5-50 ms around the 20 ms default (measured 15.5-16.6 ms in slow MNs, F-AZ-2; central neurons ~10-30 ms)",unverified,lognormal,1,0.4,guessed,neutral (m4): the shared 20 ms,,1,1,guessed,s10 class grain (scripts/build_class_params.py)
n5c_rel_sensory_olfactory,N5,class,circuit class sensory_olfactory (2635 cells),dimensionless,class:sensory_olfactory|release_scale,0.1,20.0,guessed,"one decade below to the measured ORN->PN excess (10.9x the global efficacy, F-AL-4) and ~2x beyond",unverified,lognormal,1,0.5,guessed,neutral (m4): every class releases the shared efficacy,,1,1,guessed,s10 class grain (scripts/build_class_params.py)
n5c_inp_sensory_olfactory,N5,class,circuit class sensory_olfactory (2635 cells),dimensionless,class:sensory_olfactory|input_scale,0.1,20.0,guessed,as release_scale (postsynaptic input resistance varies ~2-10x across central neurons; larval uEPSPs 1-10 mV),unverified,lognormal,1,0.5,guessed,neutral (m4),,1,1,guessed,s10 class grain (scripts/build_class_params.py)
n3c_drive_sensory_olfactory,N3,class,circuit class sensory_olfactory (2635 cells),mV,class:sensory_olfactory|tonic_drive,-10.0,20.0,guessed,as the global row n3_drive: tonic depolarisation must keep spontaneous rates below ~50 Hz in most central neurons; rest-potential spread -48 to -68 mV (Gouwens & Wilson 2009; larval survey 2002),unverified,normal,0,2.0,guessed,"neutral (m4): no tonic drive; measured spontaneous rates exist for few classes (PN 1-5 Hz, KC ~0.1 Hz; both spent)",,0,1,guessed,s10 class grain (scripts/build_class_params.py)
n3c_noise_sensory_olfactory,N3,class,circuit class sensory_olfactory (2635 cells),mV/sqrt(ms),class:sensory_olfactory|noise,0.0,3.0,guessed,as the global row n14_noise: membrane noise of a few mV rms,unverified,normal,0,0.5,guessed,"neutral (m4): noiseless, as Shiu 2024",,0,2,guessed,s10 class grain (scripts/build_class_params.py)
n2c_vth_sensory_olfactory,N2,class,circuit class sensory_olfactory (2635 cells),mV,class:sensory_olfactory|threshold_offset,-5.0,15.0,guessed,"spike threshold 5-25 mV above rest in insect central neurons (row n2_v_th); m4 gap is 7 mV, so -5 keeps a >= 2 mV gap",unverified,normal,0,2.0,guessed,neutral (m4): the shared Shiu 2024 threshold,,0,1,guessed,s10 class grain (scripts/build_class_params.py)
n2c_taum_sensory_olfactory,N2,class,circuit class sensory_olfactory (2635 cells),dimensionless,class:sensory_olfactory|tau_m_scale,0.25,2.5,guessed,"tau_m 5-50 ms around the 20 ms default (measured 15.5-16.6 ms in slow MNs, F-AZ-2; central neurons ~10-30 ms)",unverified,lognormal,1,0.4,guessed,neutral (m4): the shared 20 ms,,1,1,guessed,s10 class grain (scripts/build_class_params.py)
n5c_rel_sensory_other,N5,class,circuit class sensory_other (2095 cells),dimensionless,class:sensory_other|release_scale,0.1,20.0,guessed,"one decade below to the measured ORN->PN excess (10.9x the global efficacy, F-AL-4) and ~2x beyond",unverified,lognormal,1,0.5,guessed,neutral (m4): every class releases the shared efficacy,,1,1,guessed,s10 class grain (scripts/build_class_params.py)
n5c_inp_sensory_other,N5,class,circuit class sensory_other (2095 cells),dimensionless,class:sensory_other|input_scale,0.1,20.0,guessed,as release_scale (postsynaptic input resistance varies ~2-10x across central neurons; larval uEPSPs 1-10 mV),unverified,lognormal,1,0.5,guessed,neutral (m4),,1,1,guessed,s10 class grain (scripts/build_class_params.py)
n3c_drive_sensory_other,N3,class,circuit class sensory_other (2095 cells),mV,class:sensory_other|tonic_drive,-10.0,20.0,guessed,as the global row n3_drive: tonic depolarisation must keep spontaneous rates below ~50 Hz in most central neurons; rest-potential spread -48 to -68 mV (Gouwens & Wilson 2009; larval survey 2002),unverified,normal,0,2.0,guessed,"neutral (m4): no tonic drive; measured spontaneous rates exist for few classes (PN 1-5 Hz, KC ~0.1 Hz; both spent)",,0,1,guessed,s10 class grain (scripts/build_class_params.py)
n3c_noise_sensory_other,N3,class,circuit class sensory_other (2095 cells),mV/sqrt(ms),class:sensory_other|noise,0.0,3.0,guessed,as the global row n14_noise: membrane noise of a few mV rms,unverified,normal,0,0.5,guessed,"neutral (m4): noiseless, as Shiu 2024",,0,2,guessed,s10 class grain (scripts/build_class_params.py)
n2c_vth_sensory_other,N2,class,circuit class sensory_other (2095 cells),mV,class:sensory_other|threshold_offset,-5.0,15.0,guessed,"spike threshold 5-25 mV above rest in insect central neurons (row n2_v_th); m4 gap is 7 mV, so -5 keeps a >= 2 mV gap",unverified,normal,0,2.0,guessed,neutral (m4): the shared Shiu 2024 threshold,,0,1,guessed,s10 class grain (scripts/build_class_params.py)
n2c_taum_sensory_other,N2,class,circuit class sensory_other (2095 cells),dimensionless,class:sensory_other|tau_m_scale,0.25,2.5,guessed,"tau_m 5-50 ms around the 20 ms default (measured 15.5-16.6 ms in slow MNs, F-AZ-2; central neurons ~10-30 ms)",unverified,lognormal,1,0.4,guessed,neutral (m4): the shared 20 ms,,1,1,guessed,s10 class grain (scripts/build_class_params.py)
n5c_rel_sensory_proprioceptive,N5,class,circuit class sensory_proprioceptive (1375 cells),dimensionless,class:sensory_proprioceptive|release_scale,0.1,20.0,guessed,"one decade below to the measured ORN->PN excess (10.9x the global efficacy, F-AL-4) and ~2x beyond",unverified,lognormal,1,0.5,guessed,neutral (m4): every class releases the shared efficacy,,1,1,guessed,s10 class grain (scripts/build_class_params.py)
n5c_inp_sensory_proprioceptive,N5,class,circuit class sensory_proprioceptive (1375 cells),dimensionless,class:sensory_proprioceptive|input_scale,0.1,20.0,guessed,as release_scale (postsynaptic input resistance varies ~2-10x across central neurons; larval uEPSPs 1-10 mV),unverified,lognormal,1,0.5,guessed,neutral (m4),,1,1,guessed,s10 class grain (scripts/build_class_params.py)
n3c_drive_sensory_proprioceptive,N3,class,circuit class sensory_proprioceptive (1375 cells),mV,class:sensory_proprioceptive|tonic_drive,-10.0,20.0,guessed,as the global row n3_drive: tonic depolarisation must keep spontaneous rates below ~50 Hz in most central neurons; rest-potential spread -48 to -68 mV (Gouwens & Wilson 2009; larval survey 2002),unverified,normal,0,2.0,guessed,"neutral (m4): no tonic drive; measured spontaneous rates exist for few classes (PN 1-5 Hz, KC ~0.1 Hz; both spent)",,0,1,guessed,s10 class grain (scripts/build_class_params.py)
n3c_noise_sensory_proprioceptive,N3,class,circuit class sensory_proprioceptive (1375 cells),mV/sqrt(ms),class:sensory_proprioceptive|noise,0.0,3.0,guessed,as the global row n14_noise: membrane noise of a few mV rms,unverified,normal,0,0.5,guessed,"neutral (m4): noiseless, as Shiu 2024",,0,2,guessed,s10 class grain (scripts/build_class_params.py)
n2c_vth_sensory_proprioceptive,N2,class,circuit class sensory_proprioceptive (1375 cells),mV,class:sensory_proprioceptive|threshold_offset,-5.0,15.0,guessed,"spike threshold 5-25 mV above rest in insect central neurons (row n2_v_th); m4 gap is 7 mV, so -5 keeps a >= 2 mV gap",unverified,normal,0,2.0,guessed,neutral (m4): the shared Shiu 2024 threshold,,0,1,guessed,s10 class grain (scripts/build_class_params.py)
n2c_taum_sensory_proprioceptive,N2,class,circuit class sensory_proprioceptive (1375 cells),dimensionless,class:sensory_proprioceptive|tau_m_scale,0.25,2.5,guessed,"tau_m 5-50 ms around the 20 ms default (measured 15.5-16.6 ms in slow MNs, F-AZ-2; central neurons ~10-30 ms)",unverified,lognormal,1,0.4,guessed,neutral (m4): the shared 20 ms,,1,1,guessed,s10 class grain (scripts/build_class_params.py)
n5c_rel_unassigned,N5,class,circuit class unassigned (517 cells),dimensionless,class:unassigned|release_scale,0.1,20.0,guessed,"one decade below to the measured ORN->PN excess (10.9x the global efficacy, F-AL-4) and ~2x beyond",unverified,lognormal,1,0.5,guessed,neutral (m4): every class releases the shared efficacy,,1,1,guessed,s10 class grain (scripts/build_class_params.py)
n5c_inp_unassigned,N5,class,circuit class unassigned (517 cells),dimensionless,class:unassigned|input_scale,0.1,20.0,guessed,as release_scale (postsynaptic input resistance varies ~2-10x across central neurons; larval uEPSPs 1-10 mV),unverified,lognormal,1,0.5,guessed,neutral (m4),,1,1,guessed,s10 class grain (scripts/build_class_params.py)
n3c_drive_unassigned,N3,class,circuit class unassigned (517 cells),mV,class:unassigned|tonic_drive,-10.0,20.0,guessed,as the global row n3_drive: tonic depolarisation must keep spontaneous rates below ~50 Hz in most central neurons; rest-potential spread -48 to -68 mV (Gouwens & Wilson 2009; larval survey 2002),unverified,normal,0,2.0,guessed,"neutral (m4): no tonic drive; measured spontaneous rates exist for few classes (PN 1-5 Hz, KC ~0.1 Hz; both spent)",,0,1,guessed,s10 class grain (scripts/build_class_params.py)
n3c_noise_unassigned,N3,class,circuit class unassigned (517 cells),mV/sqrt(ms),class:unassigned|noise,0.0,3.0,guessed,as the global row n14_noise: membrane noise of a few mV rms,unverified,normal,0,0.5,guessed,"neutral (m4): noiseless, as Shiu 2024",,0,2,guessed,s10 class grain (scripts/build_class_params.py)
n2c_vth_unassigned,N2,class,circuit class unassigned (517 cells),mV,class:unassigned|threshold_offset,-5.0,15.0,guessed,"spike threshold 5-25 mV above rest in insect central neurons (row n2_v_th); m4 gap is 7 mV, so -5 keeps a >= 2 mV gap",unverified,normal,0,2.0,guessed,neutral (m4): the shared Shiu 2024 threshold,,0,1,guessed,s10 class grain (scripts/build_class_params.py)
n2c_taum_unassigned,N2,class,circuit class unassigned (517 cells),dimensionless,class:unassigned|tau_m_scale,0.25,2.5,guessed,"tau_m 5-50 ms around the 20 ms default (measured 15.5-16.6 ms in slow MNs, F-AZ-2; central neurons ~10-30 ms)",unverified,lognormal,1,0.4,guessed,neutral (m4): the shared 20 ms,,1,1,guessed,s10 class grain (scripts/build_class_params.py)
n5c_rel_vnc_local_00A,N5,class,circuit class vnc_local_00A (229 cells),dimensionless,class:vnc_local_00A|release_scale,0.1,20.0,guessed,"one decade below to the measured ORN->PN excess (10.9x the global efficacy, F-AL-4) and ~2x beyond",unverified,lognormal,1,0.5,guessed,neutral (m4): every class releases the shared efficacy,,1,1,guessed,s10 class grain (scripts/build_class_params.py)
n5c_inp_vnc_local_00A,N5,class,circuit class vnc_local_00A (229 cells),dimensionless,class:vnc_local_00A|input_scale,0.1,20.0,guessed,as release_scale (postsynaptic input resistance varies ~2-10x across central neurons; larval uEPSPs 1-10 mV),unverified,lognormal,1,0.5,guessed,neutral (m4),,1,1,guessed,s10 class grain (scripts/build_class_params.py)
n3c_drive_vnc_local_00A,N3,class,circuit class vnc_local_00A (229 cells),mV,class:vnc_local_00A|tonic_drive,-10.0,20.0,guessed,as the global row n3_drive: tonic depolarisation must keep spontaneous rates below ~50 Hz in most central neurons; rest-potential spread -48 to -68 mV (Gouwens & Wilson 2009; larval survey 2002),unverified,normal,0,2.0,guessed,"neutral (m4): no tonic drive; measured spontaneous rates exist for few classes (PN 1-5 Hz, KC ~0.1 Hz; both spent)",,0,1,guessed,s10 class grain (scripts/build_class_params.py)
n3c_noise_vnc_local_00A,N3,class,circuit class vnc_local_00A (229 cells),mV/sqrt(ms),class:vnc_local_00A|noise,0.0,3.0,guessed,as the global row n14_noise: membrane noise of a few mV rms,unverified,normal,0,0.5,guessed,"neutral (m4): noiseless, as Shiu 2024",,0,2,guessed,s10 class grain (scripts/build_class_params.py)
n2c_vth_vnc_local_00A,N2,class,circuit class vnc_local_00A (229 cells),mV,class:vnc_local_00A|threshold_offset,-5.0,15.0,guessed,"spike threshold 5-25 mV above rest in insect central neurons (row n2_v_th); m4 gap is 7 mV, so -5 keeps a >= 2 mV gap",unverified,normal,0,2.0,guessed,neutral (m4): the shared Shiu 2024 threshold,,0,1,guessed,s10 class grain (scripts/build_class_params.py)
n2c_taum_vnc_local_00A,N2,class,circuit class vnc_local_00A (229 cells),dimensionless,class:vnc_local_00A|tau_m_scale,0.25,2.5,guessed,"tau_m 5-50 ms around the 20 ms default (measured 15.5-16.6 ms in slow MNs, F-AZ-2; central neurons ~10-30 ms)",unverified,lognormal,1,0.4,guessed,neutral (m4): the shared 20 ms,,1,1,guessed,s10 class grain (scripts/build_class_params.py)
n5c_rel_vnc_local_01A,N5,class,circuit class vnc_local_01A (383 cells),dimensionless,class:vnc_local_01A|release_scale,0.1,20.0,guessed,"one decade below to the measured ORN->PN excess (10.9x the global efficacy, F-AL-4) and ~2x beyond",unverified,lognormal,1,0.5,guessed,neutral (m4): every class releases the shared efficacy,,1,1,guessed,s10 class grain (scripts/build_class_params.py)
n5c_inp_vnc_local_01A,N5,class,circuit class vnc_local_01A (383 cells),dimensionless,class:vnc_local_01A|input_scale,0.1,20.0,guessed,as release_scale (postsynaptic input resistance varies ~2-10x across central neurons; larval uEPSPs 1-10 mV),unverified,lognormal,1,0.5,guessed,neutral (m4),,1,1,guessed,s10 class grain (scripts/build_class_params.py)
n3c_drive_vnc_local_01A,N3,class,circuit class vnc_local_01A (383 cells),mV,class:vnc_local_01A|tonic_drive,-10.0,20.0,guessed,as the global row n3_drive: tonic depolarisation must keep spontaneous rates below ~50 Hz in most central neurons; rest-potential spread -48 to -68 mV (Gouwens & Wilson 2009; larval survey 2002),unverified,normal,0,2.0,guessed,"neutral (m4): no tonic drive; measured spontaneous rates exist for few classes (PN 1-5 Hz, KC ~0.1 Hz; both spent)",,0,1,guessed,s10 class grain (scripts/build_class_params.py)
n3c_noise_vnc_local_01A,N3,class,circuit class vnc_local_01A (383 cells),mV/sqrt(ms),class:vnc_local_01A|noise,0.0,3.0,guessed,as the global row n14_noise: membrane noise of a few mV rms,unverified,normal,0,0.5,guessed,"neutral (m4): noiseless, as Shiu 2024",,0,2,guessed,s10 class grain (scripts/build_class_params.py)
n2c_vth_vnc_local_01A,N2,class,circuit class vnc_local_01A (383 cells),mV,class:vnc_local_01A|threshold_offset,-5.0,15.0,guessed,"spike threshold 5-25 mV above rest in insect central neurons (row n2_v_th); m4 gap is 7 mV, so -5 keeps a >= 2 mV gap",unverified,normal,0,2.0,guessed,neutral (m4): the shared Shiu 2024 threshold,,0,1,guessed,s10 class grain (scripts/build_class_params.py)
n2c_taum_vnc_local_01A,N2,class,circuit class vnc_local_01A (383 cells),dimensionless,class:vnc_local_01A|tau_m_scale,0.25,2.5,guessed,"tau_m 5-50 ms around the 20 ms default (measured 15.5-16.6 ms in slow MNs, F-AZ-2; central neurons ~10-30 ms)",unverified,lognormal,1,0.4,guessed,neutral (m4): the shared 20 ms,,1,1,guessed,s10 class grain (scripts/build_class_params.py)
n5c_rel_vnc_local_01B,N5,class,circuit class vnc_local_01B (465 cells),dimensionless,class:vnc_local_01B|release_scale,0.1,20.0,guessed,"one decade below to the measured ORN->PN excess (10.9x the global efficacy, F-AL-4) and ~2x beyond",unverified,lognormal,1,0.5,guessed,neutral (m4): every class releases the shared efficacy,,1,1,guessed,s10 class grain (scripts/build_class_params.py)
n5c_inp_vnc_local_01B,N5,class,circuit class vnc_local_01B (465 cells),dimensionless,class:vnc_local_01B|input_scale,0.1,20.0,guessed,as release_scale (postsynaptic input resistance varies ~2-10x across central neurons; larval uEPSPs 1-10 mV),unverified,lognormal,1,0.5,guessed,neutral (m4),,1,1,guessed,s10 class grain (scripts/build_class_params.py)
n3c_drive_vnc_local_01B,N3,class,circuit class vnc_local_01B (465 cells),mV,class:vnc_local_01B|tonic_drive,-10.0,20.0,guessed,as the global row n3_drive: tonic depolarisation must keep spontaneous rates below ~50 Hz in most central neurons; rest-potential spread -48 to -68 mV (Gouwens & Wilson 2009; larval survey 2002),unverified,normal,0,2.0,guessed,"neutral (m4): no tonic drive; measured spontaneous rates exist for few classes (PN 1-5 Hz, KC ~0.1 Hz; both spent)",,0,1,guessed,s10 class grain (scripts/build_class_params.py)
n3c_noise_vnc_local_01B,N3,class,circuit class vnc_local_01B (465 cells),mV/sqrt(ms),class:vnc_local_01B|noise,0.0,3.0,guessed,as the global row n14_noise: membrane noise of a few mV rms,unverified,normal,0,0.5,guessed,"neutral (m4): noiseless, as Shiu 2024",,0,2,guessed,s10 class grain (scripts/build_class_params.py)
n2c_vth_vnc_local_01B,N2,class,circuit class vnc_local_01B (465 cells),mV,class:vnc_local_01B|threshold_offset,-5.0,15.0,guessed,"spike threshold 5-25 mV above rest in insect central neurons (row n2_v_th); m4 gap is 7 mV, so -5 keeps a >= 2 mV gap",unverified,normal,0,2.0,guessed,neutral (m4): the shared Shiu 2024 threshold,,0,1,guessed,s10 class grain (scripts/build_class_params.py)
n2c_taum_vnc_local_01B,N2,class,circuit class vnc_local_01B (465 cells),dimensionless,class:vnc_local_01B|tau_m_scale,0.25,2.5,guessed,"tau_m 5-50 ms around the 20 ms default (measured 15.5-16.6 ms in slow MNs, F-AZ-2; central neurons ~10-30 ms)",unverified,lognormal,1,0.4,guessed,neutral (m4): the shared 20 ms,,1,1,guessed,s10 class grain (scripts/build_class_params.py)
n5c_rel_vnc_local_02A,N5,class,circuit class vnc_local_02A (288 cells),dimensionless,class:vnc_local_02A|release_scale,0.1,20.0,guessed,"one decade below to the measured ORN->PN excess (10.9x the global efficacy, F-AL-4) and ~2x beyond",unverified,lognormal,1,0.5,guessed,neutral (m4): every class releases the shared efficacy,,1,1,guessed,s10 class grain (scripts/build_class_params.py)
n5c_inp_vnc_local_02A,N5,class,circuit class vnc_local_02A (288 cells),dimensionless,class:vnc_local_02A|input_scale,0.1,20.0,guessed,as release_scale (postsynaptic input resistance varies ~2-10x across central neurons; larval uEPSPs 1-10 mV),unverified,lognormal,1,0.5,guessed,neutral (m4),,1,1,guessed,s10 class grain (scripts/build_class_params.py)
n3c_drive_vnc_local_02A,N3,class,circuit class vnc_local_02A (288 cells),mV,class:vnc_local_02A|tonic_drive,-10.0,20.0,guessed,as the global row n3_drive: tonic depolarisation must keep spontaneous rates below ~50 Hz in most central neurons; rest-potential spread -48 to -68 mV (Gouwens & Wilson 2009; larval survey 2002),unverified,normal,0,2.0,guessed,"neutral (m4): no tonic drive; measured spontaneous rates exist for few classes (PN 1-5 Hz, KC ~0.1 Hz; both spent)",,0,1,guessed,s10 class grain (scripts/build_class_params.py)
n3c_noise_vnc_local_02A,N3,class,circuit class vnc_local_02A (288 cells),mV/sqrt(ms),class:vnc_local_02A|noise,0.0,3.0,guessed,as the global row n14_noise: membrane noise of a few mV rms,unverified,normal,0,0.5,guessed,"neutral (m4): noiseless, as Shiu 2024",,0,2,guessed,s10 class grain (scripts/build_class_params.py)
n2c_vth_vnc_local_02A,N2,class,circuit class vnc_local_02A (288 cells),mV,class:vnc_local_02A|threshold_offset,-5.0,15.0,guessed,"spike threshold 5-25 mV above rest in insect central neurons (row n2_v_th); m4 gap is 7 mV, so -5 keeps a >= 2 mV gap",unverified,normal,0,2.0,guessed,neutral (m4): the shared Shiu 2024 threshold,,0,1,guessed,s10 class grain (scripts/build_class_params.py)
n2c_taum_vnc_local_02A,N2,class,circuit class vnc_local_02A (288 cells),dimensionless,class:vnc_local_02A|tau_m_scale,0.25,2.5,guessed,"tau_m 5-50 ms around the 20 ms default (measured 15.5-16.6 ms in slow MNs, F-AZ-2; central neurons ~10-30 ms)",unverified,lognormal,1,0.4,guessed,neutral (m4): the shared 20 ms,,1,1,guessed,s10 class grain (scripts/build_class_params.py)
n5c_rel_vnc_local_03A,N5,class,circuit class vnc_local_03A (571 cells),dimensionless,class:vnc_local_03A|release_scale,0.1,20.0,guessed,"one decade below to the measured ORN->PN excess (10.9x the global efficacy, F-AL-4) and ~2x beyond",unverified,lognormal,1,0.5,guessed,neutral (m4): every class releases the shared efficacy,,1,1,guessed,s10 class grain (scripts/build_class_params.py)
n5c_inp_vnc_local_03A,N5,class,circuit class vnc_local_03A (571 cells),dimensionless,class:vnc_local_03A|input_scale,0.1,20.0,guessed,as release_scale (postsynaptic input resistance varies ~2-10x across central neurons; larval uEPSPs 1-10 mV),unverified,lognormal,1,0.5,guessed,neutral (m4),,1,1,guessed,s10 class grain (scripts/build_class_params.py)
n3c_drive_vnc_local_03A,N3,class,circuit class vnc_local_03A (571 cells),mV,class:vnc_local_03A|tonic_drive,-10.0,20.0,guessed,as the global row n3_drive: tonic depolarisation must keep spontaneous rates below ~50 Hz in most central neurons; rest-potential spread -48 to -68 mV (Gouwens & Wilson 2009; larval survey 2002),unverified,normal,0,2.0,guessed,"neutral (m4): no tonic drive; measured spontaneous rates exist for few classes (PN 1-5 Hz, KC ~0.1 Hz; both spent)",,0,1,guessed,s10 class grain (scripts/build_class_params.py)
n3c_noise_vnc_local_03A,N3,class,circuit class vnc_local_03A (571 cells),mV/sqrt(ms),class:vnc_local_03A|noise,0.0,3.0,guessed,as the global row n14_noise: membrane noise of a few mV rms,unverified,normal,0,0.5,guessed,"neutral (m4): noiseless, as Shiu 2024",,0,2,guessed,s10 class grain (scripts/build_class_params.py)
n2c_vth_vnc_local_03A,N2,class,circuit class vnc_local_03A (571 cells),mV,class:vnc_local_03A|threshold_offset,-5.0,15.0,guessed,"spike threshold 5-25 mV above rest in insect central neurons (row n2_v_th); m4 gap is 7 mV, so -5 keeps a >= 2 mV gap",unverified,normal,0,2.0,guessed,neutral (m4): the shared Shiu 2024 threshold,,0,1,guessed,s10 class grain (scripts/build_class_params.py)
n2c_taum_vnc_local_03A,N2,class,circuit class vnc_local_03A (571 cells),dimensionless,class:vnc_local_03A|tau_m_scale,0.25,2.5,guessed,"tau_m 5-50 ms around the 20 ms default (measured 15.5-16.6 ms in slow MNs, F-AZ-2; central neurons ~10-30 ms)",unverified,lognormal,1,0.4,guessed,neutral (m4): the shared 20 ms,,1,1,guessed,s10 class grain (scripts/build_class_params.py)
n5c_rel_vnc_local_03B,N5,class,circuit class vnc_local_03B (441 cells),dimensionless,class:vnc_local_03B|release_scale,0.1,20.0,guessed,"one decade below to the measured ORN->PN excess (10.9x the global efficacy, F-AL-4) and ~2x beyond",unverified,lognormal,1,0.5,guessed,neutral (m4): every class releases the shared efficacy,,1,1,guessed,s10 class grain (scripts/build_class_params.py)
n5c_inp_vnc_local_03B,N5,class,circuit class vnc_local_03B (441 cells),dimensionless,class:vnc_local_03B|input_scale,0.1,20.0,guessed,as release_scale (postsynaptic input resistance varies ~2-10x across central neurons; larval uEPSPs 1-10 mV),unverified,lognormal,1,0.5,guessed,neutral (m4),,1,1,guessed,s10 class grain (scripts/build_class_params.py)
n3c_drive_vnc_local_03B,N3,class,circuit class vnc_local_03B (441 cells),mV,class:vnc_local_03B|tonic_drive,-10.0,20.0,guessed,as the global row n3_drive: tonic depolarisation must keep spontaneous rates below ~50 Hz in most central neurons; rest-potential spread -48 to -68 mV (Gouwens & Wilson 2009; larval survey 2002),unverified,normal,0,2.0,guessed,"neutral (m4): no tonic drive; measured spontaneous rates exist for few classes (PN 1-5 Hz, KC ~0.1 Hz; both spent)",,0,1,guessed,s10 class grain (scripts/build_class_params.py)
n3c_noise_vnc_local_03B,N3,class,circuit class vnc_local_03B (441 cells),mV/sqrt(ms),class:vnc_local_03B|noise,0.0,3.0,guessed,as the global row n14_noise: membrane noise of a few mV rms,unverified,normal,0,0.5,guessed,"neutral (m4): noiseless, as Shiu 2024",,0,2,guessed,s10 class grain (scripts/build_class_params.py)
n2c_vth_vnc_local_03B,N2,class,circuit class vnc_local_03B (441 cells),mV,class:vnc_local_03B|threshold_offset,-5.0,15.0,guessed,"spike threshold 5-25 mV above rest in insect central neurons (row n2_v_th); m4 gap is 7 mV, so -5 keeps a >= 2 mV gap",unverified,normal,0,2.0,guessed,neutral (m4): the shared Shiu 2024 threshold,,0,1,guessed,s10 class grain (scripts/build_class_params.py)
n2c_taum_vnc_local_03B,N2,class,circuit class vnc_local_03B (441 cells),dimensionless,class:vnc_local_03B|tau_m_scale,0.25,2.5,guessed,"tau_m 5-50 ms around the 20 ms default (measured 15.5-16.6 ms in slow MNs, F-AZ-2; central neurons ~10-30 ms)",unverified,lognormal,1,0.4,guessed,neutral (m4): the shared 20 ms,,1,1,guessed,s10 class grain (scripts/build_class_params.py)
n5c_rel_vnc_local_04A,N5,class,circuit class vnc_local_04A (6 cells),dimensionless,class:vnc_local_04A|release_scale,0.1,20.0,guessed,"one decade below to the measured ORN->PN excess (10.9x the global efficacy, F-AL-4) and ~2x beyond",unverified,lognormal,1,0.5,guessed,neutral (m4): every class releases the shared efficacy,,1,1,guessed,s10 class grain (scripts/build_class_params.py)
n5c_inp_vnc_local_04A,N5,class,circuit class vnc_local_04A (6 cells),dimensionless,class:vnc_local_04A|input_scale,0.1,20.0,guessed,as release_scale (postsynaptic input resistance varies ~2-10x across central neurons; larval uEPSPs 1-10 mV),unverified,lognormal,1,0.5,guessed,neutral (m4),,1,1,guessed,s10 class grain (scripts/build_class_params.py)
n3c_drive_vnc_local_04A,N3,class,circuit class vnc_local_04A (6 cells),mV,class:vnc_local_04A|tonic_drive,-10.0,20.0,guessed,as the global row n3_drive: tonic depolarisation must keep spontaneous rates below ~50 Hz in most central neurons; rest-potential spread -48 to -68 mV (Gouwens & Wilson 2009; larval survey 2002),unverified,normal,0,2.0,guessed,"neutral (m4): no tonic drive; measured spontaneous rates exist for few classes (PN 1-5 Hz, KC ~0.1 Hz; both spent)",,0,1,guessed,s10 class grain (scripts/build_class_params.py)
n3c_noise_vnc_local_04A,N3,class,circuit class vnc_local_04A (6 cells),mV/sqrt(ms),class:vnc_local_04A|noise,0.0,3.0,guessed,as the global row n14_noise: membrane noise of a few mV rms,unverified,normal,0,0.5,guessed,"neutral (m4): noiseless, as Shiu 2024",,0,2,guessed,s10 class grain (scripts/build_class_params.py)
n2c_vth_vnc_local_04A,N2,class,circuit class vnc_local_04A (6 cells),mV,class:vnc_local_04A|threshold_offset,-5.0,15.0,guessed,"spike threshold 5-25 mV above rest in insect central neurons (row n2_v_th); m4 gap is 7 mV, so -5 keeps a >= 2 mV gap",unverified,normal,0,2.0,guessed,neutral (m4): the shared Shiu 2024 threshold,,0,1,guessed,s10 class grain (scripts/build_class_params.py)
n2c_taum_vnc_local_04A,N2,class,circuit class vnc_local_04A (6 cells),dimensionless,class:vnc_local_04A|tau_m_scale,0.25,2.5,guessed,"tau_m 5-50 ms around the 20 ms default (measured 15.5-16.6 ms in slow MNs, F-AZ-2; central neurons ~10-30 ms)",unverified,lognormal,1,0.4,guessed,neutral (m4): the shared 20 ms,,1,1,guessed,s10 class grain (scripts/build_class_params.py)
n5c_rel_vnc_local_04B,N5,class,circuit class vnc_local_04B (546 cells),dimensionless,class:vnc_local_04B|release_scale,0.1,20.0,guessed,"one decade below to the measured ORN->PN excess (10.9x the global efficacy, F-AL-4) and ~2x beyond",unverified,lognormal,1,0.5,guessed,neutral (m4): every class releases the shared efficacy,,1,1,guessed,s10 class grain (scripts/build_class_params.py)
n5c_inp_vnc_local_04B,N5,class,circuit class vnc_local_04B (546 cells),dimensionless,class:vnc_local_04B|input_scale,0.1,20.0,guessed,as release_scale (postsynaptic input resistance varies ~2-10x across central neurons; larval uEPSPs 1-10 mV),unverified,lognormal,1,0.5,guessed,neutral (m4),,1,1,guessed,s10 class grain (scripts/build_class_params.py)
n3c_drive_vnc_local_04B,N3,class,circuit class vnc_local_04B (546 cells),mV,class:vnc_local_04B|tonic_drive,-10.0,20.0,guessed,as the global row n3_drive: tonic depolarisation must keep spontaneous rates below ~50 Hz in most central neurons; rest-potential spread -48 to -68 mV (Gouwens & Wilson 2009; larval survey 2002),unverified,normal,0,2.0,guessed,"neutral (m4): no tonic drive; measured spontaneous rates exist for few classes (PN 1-5 Hz, KC ~0.1 Hz; both spent)",,0,1,guessed,s10 class grain (scripts/build_class_params.py)
n3c_noise_vnc_local_04B,N3,class,circuit class vnc_local_04B (546 cells),mV/sqrt(ms),class:vnc_local_04B|noise,0.0,3.0,guessed,as the global row n14_noise: membrane noise of a few mV rms,unverified,normal,0,0.5,guessed,"neutral (m4): noiseless, as Shiu 2024",,0,2,guessed,s10 class grain (scripts/build_class_params.py)
n2c_vth_vnc_local_04B,N2,class,circuit class vnc_local_04B (546 cells),mV,class:vnc_local_04B|threshold_offset,-5.0,15.0,guessed,"spike threshold 5-25 mV above rest in insect central neurons (row n2_v_th); m4 gap is 7 mV, so -5 keeps a >= 2 mV gap",unverified,normal,0,2.0,guessed,neutral (m4): the shared Shiu 2024 threshold,,0,1,guessed,s10 class grain (scripts/build_class_params.py)
n2c_taum_vnc_local_04B,N2,class,circuit class vnc_local_04B (546 cells),dimensionless,class:vnc_local_04B|tau_m_scale,0.25,2.5,guessed,"tau_m 5-50 ms around the 20 ms default (measured 15.5-16.6 ms in slow MNs, F-AZ-2; central neurons ~10-30 ms)",unverified,lognormal,1,0.4,guessed,neutral (m4): the shared 20 ms,,1,1,guessed,s10 class grain (scripts/build_class_params.py)
n5c_rel_vnc_local_05B,N5,class,circuit class vnc_local_05B (182 cells),dimensionless,class:vnc_local_05B|release_scale,0.1,20.0,guessed,"one decade below to the measured ORN->PN excess (10.9x the global efficacy, F-AL-4) and ~2x beyond",unverified,lognormal,1,0.5,guessed,neutral (m4): every class releases the shared efficacy,,1,1,guessed,s10 class grain (scripts/build_class_params.py)
n5c_inp_vnc_local_05B,N5,class,circuit class vnc_local_05B (182 cells),dimensionless,class:vnc_local_05B|input_scale,0.1,20.0,guessed,as release_scale (postsynaptic input resistance varies ~2-10x across central neurons; larval uEPSPs 1-10 mV),unverified,lognormal,1,0.5,guessed,neutral (m4),,1,1,guessed,s10 class grain (scripts/build_class_params.py)
n3c_drive_vnc_local_05B,N3,class,circuit class vnc_local_05B (182 cells),mV,class:vnc_local_05B|tonic_drive,-10.0,20.0,guessed,as the global row n3_drive: tonic depolarisation must keep spontaneous rates below ~50 Hz in most central neurons; rest-potential spread -48 to -68 mV (Gouwens & Wilson 2009; larval survey 2002),unverified,normal,0,2.0,guessed,"neutral (m4): no tonic drive; measured spontaneous rates exist for few classes (PN 1-5 Hz, KC ~0.1 Hz; both spent)",,0,1,guessed,s10 class grain (scripts/build_class_params.py)
n3c_noise_vnc_local_05B,N3,class,circuit class vnc_local_05B (182 cells),mV/sqrt(ms),class:vnc_local_05B|noise,0.0,3.0,guessed,as the global row n14_noise: membrane noise of a few mV rms,unverified,normal,0,0.5,guessed,"neutral (m4): noiseless, as Shiu 2024",,0,2,guessed,s10 class grain (scripts/build_class_params.py)
n2c_vth_vnc_local_05B,N2,class,circuit class vnc_local_05B (182 cells),mV,class:vnc_local_05B|threshold_offset,-5.0,15.0,guessed,"spike threshold 5-25 mV above rest in insect central neurons (row n2_v_th); m4 gap is 7 mV, so -5 keeps a >= 2 mV gap",unverified,normal,0,2.0,guessed,neutral (m4): the shared Shiu 2024 threshold,,0,1,guessed,s10 class grain (scripts/build_class_params.py)
n2c_taum_vnc_local_05B,N2,class,circuit class vnc_local_05B (182 cells),dimensionless,class:vnc_local_05B|tau_m_scale,0.25,2.5,guessed,"tau_m 5-50 ms around the 20 ms default (measured 15.5-16.6 ms in slow MNs, F-AZ-2; central neurons ~10-30 ms)",unverified,lognormal,1,0.4,guessed,neutral (m4): the shared 20 ms,,1,1,guessed,s10 class grain (scripts/build_class_params.py)
n5c_rel_vnc_local_06A,N5,class,circuit class vnc_local_06A (545 cells),dimensionless,class:vnc_local_06A|release_scale,0.1,20.0,guessed,"one decade below to the measured ORN->PN excess (10.9x the global efficacy, F-AL-4) and ~2x beyond",unverified,lognormal,1,0.5,guessed,neutral (m4): every class releases the shared efficacy,,1,1,guessed,s10 class grain (scripts/build_class_params.py)
n5c_inp_vnc_local_06A,N5,class,circuit class vnc_local_06A (545 cells),dimensionless,class:vnc_local_06A|input_scale,0.1,20.0,guessed,as release_scale (postsynaptic input resistance varies ~2-10x across central neurons; larval uEPSPs 1-10 mV),unverified,lognormal,1,0.5,guessed,neutral (m4),,1,1,guessed,s10 class grain (scripts/build_class_params.py)
n3c_drive_vnc_local_06A,N3,class,circuit class vnc_local_06A (545 cells),mV,class:vnc_local_06A|tonic_drive,-10.0,20.0,guessed,as the global row n3_drive: tonic depolarisation must keep spontaneous rates below ~50 Hz in most central neurons; rest-potential spread -48 to -68 mV (Gouwens & Wilson 2009; larval survey 2002),unverified,normal,0,2.0,guessed,"neutral (m4): no tonic drive; measured spontaneous rates exist for few classes (PN 1-5 Hz, KC ~0.1 Hz; both spent)",,0,1,guessed,s10 class grain (scripts/build_class_params.py)
n3c_noise_vnc_local_06A,N3,class,circuit class vnc_local_06A (545 cells),mV/sqrt(ms),class:vnc_local_06A|noise,0.0,3.0,guessed,as the global row n14_noise: membrane noise of a few mV rms,unverified,normal,0,0.5,guessed,"neutral (m4): noiseless, as Shiu 2024",,0,2,guessed,s10 class grain (scripts/build_class_params.py)
n2c_vth_vnc_local_06A,N2,class,circuit class vnc_local_06A (545 cells),mV,class:vnc_local_06A|threshold_offset,-5.0,15.0,guessed,"spike threshold 5-25 mV above rest in insect central neurons (row n2_v_th); m4 gap is 7 mV, so -5 keeps a >= 2 mV gap",unverified,normal,0,2.0,guessed,neutral (m4): the shared Shiu 2024 threshold,,0,1,guessed,s10 class grain (scripts/build_class_params.py)
n2c_taum_vnc_local_06A,N2,class,circuit class vnc_local_06A (545 cells),dimensionless,class:vnc_local_06A|tau_m_scale,0.25,2.5,guessed,"tau_m 5-50 ms around the 20 ms default (measured 15.5-16.6 ms in slow MNs, F-AZ-2; central neurons ~10-30 ms)",unverified,lognormal,1,0.4,guessed,neutral (m4): the shared 20 ms,,1,1,guessed,s10 class grain (scripts/build_class_params.py)
n5c_rel_vnc_local_06B,N5,class,circuit class vnc_local_06B (368 cells),dimensionless,class:vnc_local_06B|release_scale,0.1,20.0,guessed,"one decade below to the measured ORN->PN excess (10.9x the global efficacy, F-AL-4) and ~2x beyond",unverified,lognormal,1,0.5,guessed,neutral (m4): every class releases the shared efficacy,,1,1,guessed,s10 class grain (scripts/build_class_params.py)
n5c_inp_vnc_local_06B,N5,class,circuit class vnc_local_06B (368 cells),dimensionless,class:vnc_local_06B|input_scale,0.1,20.0,guessed,as release_scale (postsynaptic input resistance varies ~2-10x across central neurons; larval uEPSPs 1-10 mV),unverified,lognormal,1,0.5,guessed,neutral (m4),,1,1,guessed,s10 class grain (scripts/build_class_params.py)
n3c_drive_vnc_local_06B,N3,class,circuit class vnc_local_06B (368 cells),mV,class:vnc_local_06B|tonic_drive,-10.0,20.0,guessed,as the global row n3_drive: tonic depolarisation must keep spontaneous rates below ~50 Hz in most central neurons; rest-potential spread -48 to -68 mV (Gouwens & Wilson 2009; larval survey 2002),unverified,normal,0,2.0,guessed,"neutral (m4): no tonic drive; measured spontaneous rates exist for few classes (PN 1-5 Hz, KC ~0.1 Hz; both spent)",,0,1,guessed,s10 class grain (scripts/build_class_params.py)
n3c_noise_vnc_local_06B,N3,class,circuit class vnc_local_06B (368 cells),mV/sqrt(ms),class:vnc_local_06B|noise,0.0,3.0,guessed,as the global row n14_noise: membrane noise of a few mV rms,unverified,normal,0,0.5,guessed,"neutral (m4): noiseless, as Shiu 2024",,0,2,guessed,s10 class grain (scripts/build_class_params.py)
n2c_vth_vnc_local_06B,N2,class,circuit class vnc_local_06B (368 cells),mV,class:vnc_local_06B|threshold_offset,-5.0,15.0,guessed,"spike threshold 5-25 mV above rest in insect central neurons (row n2_v_th); m4 gap is 7 mV, so -5 keeps a >= 2 mV gap",unverified,normal,0,2.0,guessed,neutral (m4): the shared Shiu 2024 threshold,,0,1,guessed,s10 class grain (scripts/build_class_params.py)
n2c_taum_vnc_local_06B,N2,class,circuit class vnc_local_06B (368 cells),dimensionless,class:vnc_local_06B|tau_m_scale,0.25,2.5,guessed,"tau_m 5-50 ms around the 20 ms default (measured 15.5-16.6 ms in slow MNs, F-AZ-2; central neurons ~10-30 ms)",unverified,lognormal,1,0.4,guessed,neutral (m4): the shared 20 ms,,1,1,guessed,s10 class grain (scripts/build_class_params.py)
n5c_rel_vnc_local_07B,N5,class,circuit class vnc_local_07B (402 cells),dimensionless,class:vnc_local_07B|release_scale,0.1,20.0,guessed,"one decade below to the measured ORN->PN excess (10.9x the global efficacy, F-AL-4) and ~2x beyond",unverified,lognormal,1,0.5,guessed,neutral (m4): every class releases the shared efficacy,,1,1,guessed,s10 class grain (scripts/build_class_params.py)
n5c_inp_vnc_local_07B,N5,class,circuit class vnc_local_07B (402 cells),dimensionless,class:vnc_local_07B|input_scale,0.1,20.0,guessed,as release_scale (postsynaptic input resistance varies ~2-10x across central neurons; larval uEPSPs 1-10 mV),unverified,lognormal,1,0.5,guessed,neutral (m4),,1,1,guessed,s10 class grain (scripts/build_class_params.py)
n3c_drive_vnc_local_07B,N3,class,circuit class vnc_local_07B (402 cells),mV,class:vnc_local_07B|tonic_drive,-10.0,20.0,guessed,as the global row n3_drive: tonic depolarisation must keep spontaneous rates below ~50 Hz in most central neurons; rest-potential spread -48 to -68 mV (Gouwens & Wilson 2009; larval survey 2002),unverified,normal,0,2.0,guessed,"neutral (m4): no tonic drive; measured spontaneous rates exist for few classes (PN 1-5 Hz, KC ~0.1 Hz; both spent)",,0,1,guessed,s10 class grain (scripts/build_class_params.py)
n3c_noise_vnc_local_07B,N3,class,circuit class vnc_local_07B (402 cells),mV/sqrt(ms),class:vnc_local_07B|noise,0.0,3.0,guessed,as the global row n14_noise: membrane noise of a few mV rms,unverified,normal,0,0.5,guessed,"neutral (m4): noiseless, as Shiu 2024",,0,2,guessed,s10 class grain (scripts/build_class_params.py)
n2c_vth_vnc_local_07B,N2,class,circuit class vnc_local_07B (402 cells),mV,class:vnc_local_07B|threshold_offset,-5.0,15.0,guessed,"spike threshold 5-25 mV above rest in insect central neurons (row n2_v_th); m4 gap is 7 mV, so -5 keeps a >= 2 mV gap",unverified,normal,0,2.0,guessed,neutral (m4): the shared Shiu 2024 threshold,,0,1,guessed,s10 class grain (scripts/build_class_params.py)
n2c_taum_vnc_local_07B,N2,class,circuit class vnc_local_07B (402 cells),dimensionless,class:vnc_local_07B|tau_m_scale,0.25,2.5,guessed,"tau_m 5-50 ms around the 20 ms default (measured 15.5-16.6 ms in slow MNs, F-AZ-2; central neurons ~10-30 ms)",unverified,lognormal,1,0.4,guessed,neutral (m4): the shared 20 ms,,1,1,guessed,s10 class grain (scripts/build_class_params.py)
n5c_rel_vnc_local_08A,N5,class,circuit class vnc_local_08A (335 cells),dimensionless,class:vnc_local_08A|release_scale,0.1,20.0,guessed,"one decade below to the measured ORN->PN excess (10.9x the global efficacy, F-AL-4) and ~2x beyond",unverified,lognormal,1,0.5,guessed,neutral (m4): every class releases the shared efficacy,,1,1,guessed,s10 class grain (scripts/build_class_params.py)
n5c_inp_vnc_local_08A,N5,class,circuit class vnc_local_08A (335 cells),dimensionless,class:vnc_local_08A|input_scale,0.1,20.0,guessed,as release_scale (postsynaptic input resistance varies ~2-10x across central neurons; larval uEPSPs 1-10 mV),unverified,lognormal,1,0.5,guessed,neutral (m4),,1,1,guessed,s10 class grain (scripts/build_class_params.py)
n3c_drive_vnc_local_08A,N3,class,circuit class vnc_local_08A (335 cells),mV,class:vnc_local_08A|tonic_drive,-10.0,20.0,guessed,as the global row n3_drive: tonic depolarisation must keep spontaneous rates below ~50 Hz in most central neurons; rest-potential spread -48 to -68 mV (Gouwens & Wilson 2009; larval survey 2002),unverified,normal,0,2.0,guessed,"neutral (m4): no tonic drive; measured spontaneous rates exist for few classes (PN 1-5 Hz, KC ~0.1 Hz; both spent)",,0,1,guessed,s10 class grain (scripts/build_class_params.py)
n3c_noise_vnc_local_08A,N3,class,circuit class vnc_local_08A (335 cells),mV/sqrt(ms),class:vnc_local_08A|noise,0.0,3.0,guessed,as the global row n14_noise: membrane noise of a few mV rms,unverified,normal,0,0.5,guessed,"neutral (m4): noiseless, as Shiu 2024",,0,2,guessed,s10 class grain (scripts/build_class_params.py)
n2c_vth_vnc_local_08A,N2,class,circuit class vnc_local_08A (335 cells),mV,class:vnc_local_08A|threshold_offset,-5.0,15.0,guessed,"spike threshold 5-25 mV above rest in insect central neurons (row n2_v_th); m4 gap is 7 mV, so -5 keeps a >= 2 mV gap",unverified,normal,0,2.0,guessed,neutral (m4): the shared Shiu 2024 threshold,,0,1,guessed,s10 class grain (scripts/build_class_params.py)
n2c_taum_vnc_local_08A,N2,class,circuit class vnc_local_08A (335 cells),dimensionless,class:vnc_local_08A|tau_m_scale,0.25,2.5,guessed,"tau_m 5-50 ms around the 20 ms default (measured 15.5-16.6 ms in slow MNs, F-AZ-2; central neurons ~10-30 ms)",unverified,lognormal,1,0.4,guessed,neutral (m4): the shared 20 ms,,1,1,guessed,s10 class grain (scripts/build_class_params.py)
n5c_rel_vnc_local_08B,N5,class,circuit class vnc_local_08B (251 cells),dimensionless,class:vnc_local_08B|release_scale,0.1,20.0,guessed,"one decade below to the measured ORN->PN excess (10.9x the global efficacy, F-AL-4) and ~2x beyond",unverified,lognormal,1,0.5,guessed,neutral (m4): every class releases the shared efficacy,,1,1,guessed,s10 class grain (scripts/build_class_params.py)
n5c_inp_vnc_local_08B,N5,class,circuit class vnc_local_08B (251 cells),dimensionless,class:vnc_local_08B|input_scale,0.1,20.0,guessed,as release_scale (postsynaptic input resistance varies ~2-10x across central neurons; larval uEPSPs 1-10 mV),unverified,lognormal,1,0.5,guessed,neutral (m4),,1,1,guessed,s10 class grain (scripts/build_class_params.py)
n3c_drive_vnc_local_08B,N3,class,circuit class vnc_local_08B (251 cells),mV,class:vnc_local_08B|tonic_drive,-10.0,20.0,guessed,as the global row n3_drive: tonic depolarisation must keep spontaneous rates below ~50 Hz in most central neurons; rest-potential spread -48 to -68 mV (Gouwens & Wilson 2009; larval survey 2002),unverified,normal,0,2.0,guessed,"neutral (m4): no tonic drive; measured spontaneous rates exist for few classes (PN 1-5 Hz, KC ~0.1 Hz; both spent)",,0,1,guessed,s10 class grain (scripts/build_class_params.py)
n3c_noise_vnc_local_08B,N3,class,circuit class vnc_local_08B (251 cells),mV/sqrt(ms),class:vnc_local_08B|noise,0.0,3.0,guessed,as the global row n14_noise: membrane noise of a few mV rms,unverified,normal,0,0.5,guessed,"neutral (m4): noiseless, as Shiu 2024",,0,2,guessed,s10 class grain (scripts/build_class_params.py)
n2c_vth_vnc_local_08B,N2,class,circuit class vnc_local_08B (251 cells),mV,class:vnc_local_08B|threshold_offset,-5.0,15.0,guessed,"spike threshold 5-25 mV above rest in insect central neurons (row n2_v_th); m4 gap is 7 mV, so -5 keeps a >= 2 mV gap",unverified,normal,0,2.0,guessed,neutral (m4): the shared Shiu 2024 threshold,,0,1,guessed,s10 class grain (scripts/build_class_params.py)
n2c_taum_vnc_local_08B,N2,class,circuit class vnc_local_08B (251 cells),dimensionless,class:vnc_local_08B|tau_m_scale,0.25,2.5,guessed,"tau_m 5-50 ms around the 20 ms default (measured 15.5-16.6 ms in slow MNs, F-AZ-2; central neurons ~10-30 ms)",unverified,lognormal,1,0.4,guessed,neutral (m4): the shared 20 ms,,1,1,guessed,s10 class grain (scripts/build_class_params.py)
n5c_rel_vnc_local_09A,N5,class,circuit class vnc_local_09A (535 cells),dimensionless,class:vnc_local_09A|release_scale,0.1,20.0,guessed,"one decade below to the measured ORN->PN excess (10.9x the global efficacy, F-AL-4) and ~2x beyond",unverified,lognormal,1,0.5,guessed,neutral (m4): every class releases the shared efficacy,,1,1,guessed,s10 class grain (scripts/build_class_params.py)
n5c_inp_vnc_local_09A,N5,class,circuit class vnc_local_09A (535 cells),dimensionless,class:vnc_local_09A|input_scale,0.1,20.0,guessed,as release_scale (postsynaptic input resistance varies ~2-10x across central neurons; larval uEPSPs 1-10 mV),unverified,lognormal,1,0.5,guessed,neutral (m4),,1,1,guessed,s10 class grain (scripts/build_class_params.py)
n3c_drive_vnc_local_09A,N3,class,circuit class vnc_local_09A (535 cells),mV,class:vnc_local_09A|tonic_drive,-10.0,20.0,guessed,as the global row n3_drive: tonic depolarisation must keep spontaneous rates below ~50 Hz in most central neurons; rest-potential spread -48 to -68 mV (Gouwens & Wilson 2009; larval survey 2002),unverified,normal,0,2.0,guessed,"neutral (m4): no tonic drive; measured spontaneous rates exist for few classes (PN 1-5 Hz, KC ~0.1 Hz; both spent)",,0,1,guessed,s10 class grain (scripts/build_class_params.py)
n3c_noise_vnc_local_09A,N3,class,circuit class vnc_local_09A (535 cells),mV/sqrt(ms),class:vnc_local_09A|noise,0.0,3.0,guessed,as the global row n14_noise: membrane noise of a few mV rms,unverified,normal,0,0.5,guessed,"neutral (m4): noiseless, as Shiu 2024",,0,2,guessed,s10 class grain (scripts/build_class_params.py)
n2c_vth_vnc_local_09A,N2,class,circuit class vnc_local_09A (535 cells),mV,class:vnc_local_09A|threshold_offset,-5.0,15.0,guessed,"spike threshold 5-25 mV above rest in insect central neurons (row n2_v_th); m4 gap is 7 mV, so -5 keeps a >= 2 mV gap",unverified,normal,0,2.0,guessed,neutral (m4): the shared Shiu 2024 threshold,,0,1,guessed,s10 class grain (scripts/build_class_params.py)
n2c_taum_vnc_local_09A,N2,class,circuit class vnc_local_09A (535 cells),dimensionless,class:vnc_local_09A|tau_m_scale,0.25,2.5,guessed,"tau_m 5-50 ms around the 20 ms default (measured 15.5-16.6 ms in slow MNs, F-AZ-2; central neurons ~10-30 ms)",unverified,lognormal,1,0.4,guessed,neutral (m4): the shared 20 ms,,1,1,guessed,s10 class grain (scripts/build_class_params.py)
n5c_rel_vnc_local_09B,N5,class,circuit class vnc_local_09B (93 cells),dimensionless,class:vnc_local_09B|release_scale,0.1,20.0,guessed,"one decade below to the measured ORN->PN excess (10.9x the global efficacy, F-AL-4) and ~2x beyond",unverified,lognormal,1,0.5,guessed,neutral (m4): every class releases the shared efficacy,,1,1,guessed,s10 class grain (scripts/build_class_params.py)
n5c_inp_vnc_local_09B,N5,class,circuit class vnc_local_09B (93 cells),dimensionless,class:vnc_local_09B|input_scale,0.1,20.0,guessed,as release_scale (postsynaptic input resistance varies ~2-10x across central neurons; larval uEPSPs 1-10 mV),unverified,lognormal,1,0.5,guessed,neutral (m4),,1,1,guessed,s10 class grain (scripts/build_class_params.py)
n3c_drive_vnc_local_09B,N3,class,circuit class vnc_local_09B (93 cells),mV,class:vnc_local_09B|tonic_drive,-10.0,20.0,guessed,as the global row n3_drive: tonic depolarisation must keep spontaneous rates below ~50 Hz in most central neurons; rest-potential spread -48 to -68 mV (Gouwens & Wilson 2009; larval survey 2002),unverified,normal,0,2.0,guessed,"neutral (m4): no tonic drive; measured spontaneous rates exist for few classes (PN 1-5 Hz, KC ~0.1 Hz; both spent)",,0,1,guessed,s10 class grain (scripts/build_class_params.py)
n3c_noise_vnc_local_09B,N3,class,circuit class vnc_local_09B (93 cells),mV/sqrt(ms),class:vnc_local_09B|noise,0.0,3.0,guessed,as the global row n14_noise: membrane noise of a few mV rms,unverified,normal,0,0.5,guessed,"neutral (m4): noiseless, as Shiu 2024",,0,2,guessed,s10 class grain (scripts/build_class_params.py)
n2c_vth_vnc_local_09B,N2,class,circuit class vnc_local_09B (93 cells),mV,class:vnc_local_09B|threshold_offset,-5.0,15.0,guessed,"spike threshold 5-25 mV above rest in insect central neurons (row n2_v_th); m4 gap is 7 mV, so -5 keeps a >= 2 mV gap",unverified,normal,0,2.0,guessed,neutral (m4): the shared Shiu 2024 threshold,,0,1,guessed,s10 class grain (scripts/build_class_params.py)
n2c_taum_vnc_local_09B,N2,class,circuit class vnc_local_09B (93 cells),dimensionless,class:vnc_local_09B|tau_m_scale,0.25,2.5,guessed,"tau_m 5-50 ms around the 20 ms default (measured 15.5-16.6 ms in slow MNs, F-AZ-2; central neurons ~10-30 ms)",unverified,lognormal,1,0.4,guessed,neutral (m4): the shared 20 ms,,1,1,guessed,s10 class grain (scripts/build_class_params.py)
n5c_rel_vnc_local_10B,N5,class,circuit class vnc_local_10B (250 cells),dimensionless,class:vnc_local_10B|release_scale,0.1,20.0,guessed,"one decade below to the measured ORN->PN excess (10.9x the global efficacy, F-AL-4) and ~2x beyond",unverified,lognormal,1,0.5,guessed,neutral (m4): every class releases the shared efficacy,,1,1,guessed,s10 class grain (scripts/build_class_params.py)
n5c_inp_vnc_local_10B,N5,class,circuit class vnc_local_10B (250 cells),dimensionless,class:vnc_local_10B|input_scale,0.1,20.0,guessed,as release_scale (postsynaptic input resistance varies ~2-10x across central neurons; larval uEPSPs 1-10 mV),unverified,lognormal,1,0.5,guessed,neutral (m4),,1,1,guessed,s10 class grain (scripts/build_class_params.py)
n3c_drive_vnc_local_10B,N3,class,circuit class vnc_local_10B (250 cells),mV,class:vnc_local_10B|tonic_drive,-10.0,20.0,guessed,as the global row n3_drive: tonic depolarisation must keep spontaneous rates below ~50 Hz in most central neurons; rest-potential spread -48 to -68 mV (Gouwens & Wilson 2009; larval survey 2002),unverified,normal,0,2.0,guessed,"neutral (m4): no tonic drive; measured spontaneous rates exist for few classes (PN 1-5 Hz, KC ~0.1 Hz; both spent)",,0,1,guessed,s10 class grain (scripts/build_class_params.py)
n3c_noise_vnc_local_10B,N3,class,circuit class vnc_local_10B (250 cells),mV/sqrt(ms),class:vnc_local_10B|noise,0.0,3.0,guessed,as the global row n14_noise: membrane noise of a few mV rms,unverified,normal,0,0.5,guessed,"neutral (m4): noiseless, as Shiu 2024",,0,2,guessed,s10 class grain (scripts/build_class_params.py)
n2c_vth_vnc_local_10B,N2,class,circuit class vnc_local_10B (250 cells),mV,class:vnc_local_10B|threshold_offset,-5.0,15.0,guessed,"spike threshold 5-25 mV above rest in insect central neurons (row n2_v_th); m4 gap is 7 mV, so -5 keeps a >= 2 mV gap",unverified,normal,0,2.0,guessed,neutral (m4): the shared Shiu 2024 threshold,,0,1,guessed,s10 class grain (scripts/build_class_params.py)
n2c_taum_vnc_local_10B,N2,class,circuit class vnc_local_10B (250 cells),dimensionless,class:vnc_local_10B|tau_m_scale,0.25,2.5,guessed,"tau_m 5-50 ms around the 20 ms default (measured 15.5-16.6 ms in slow MNs, F-AZ-2; central neurons ~10-30 ms)",unverified,lognormal,1,0.4,guessed,neutral (m4): the shared 20 ms,,1,1,guessed,s10 class grain (scripts/build_class_params.py)
n5c_rel_vnc_local_11A,N5,class,circuit class vnc_local_11A (204 cells),dimensionless,class:vnc_local_11A|release_scale,0.1,20.0,guessed,"one decade below to the measured ORN->PN excess (10.9x the global efficacy, F-AL-4) and ~2x beyond",unverified,lognormal,1,0.5,guessed,neutral (m4): every class releases the shared efficacy,,1,1,guessed,s10 class grain (scripts/build_class_params.py)
n5c_inp_vnc_local_11A,N5,class,circuit class vnc_local_11A (204 cells),dimensionless,class:vnc_local_11A|input_scale,0.1,20.0,guessed,as release_scale (postsynaptic input resistance varies ~2-10x across central neurons; larval uEPSPs 1-10 mV),unverified,lognormal,1,0.5,guessed,neutral (m4),,1,1,guessed,s10 class grain (scripts/build_class_params.py)
n3c_drive_vnc_local_11A,N3,class,circuit class vnc_local_11A (204 cells),mV,class:vnc_local_11A|tonic_drive,-10.0,20.0,guessed,as the global row n3_drive: tonic depolarisation must keep spontaneous rates below ~50 Hz in most central neurons; rest-potential spread -48 to -68 mV (Gouwens & Wilson 2009; larval survey 2002),unverified,normal,0,2.0,guessed,"neutral (m4): no tonic drive; measured spontaneous rates exist for few classes (PN 1-5 Hz, KC ~0.1 Hz; both spent)",,0,1,guessed,s10 class grain (scripts/build_class_params.py)
n3c_noise_vnc_local_11A,N3,class,circuit class vnc_local_11A (204 cells),mV/sqrt(ms),class:vnc_local_11A|noise,0.0,3.0,guessed,as the global row n14_noise: membrane noise of a few mV rms,unverified,normal,0,0.5,guessed,"neutral (m4): noiseless, as Shiu 2024",,0,2,guessed,s10 class grain (scripts/build_class_params.py)
n2c_vth_vnc_local_11A,N2,class,circuit class vnc_local_11A (204 cells),mV,class:vnc_local_11A|threshold_offset,-5.0,15.0,guessed,"spike threshold 5-25 mV above rest in insect central neurons (row n2_v_th); m4 gap is 7 mV, so -5 keeps a >= 2 mV gap",unverified,normal,0,2.0,guessed,neutral (m4): the shared Shiu 2024 threshold,,0,1,guessed,s10 class grain (scripts/build_class_params.py)
n2c_taum_vnc_local_11A,N2,class,circuit class vnc_local_11A (204 cells),dimensionless,class:vnc_local_11A|tau_m_scale,0.25,2.5,guessed,"tau_m 5-50 ms around the 20 ms default (measured 15.5-16.6 ms in slow MNs, F-AZ-2; central neurons ~10-30 ms)",unverified,lognormal,1,0.4,guessed,neutral (m4): the shared 20 ms,,1,1,guessed,s10 class grain (scripts/build_class_params.py)
n5c_rel_vnc_local_11B,N5,class,circuit class vnc_local_11B (169 cells),dimensionless,class:vnc_local_11B|release_scale,0.1,20.0,guessed,"one decade below to the measured ORN->PN excess (10.9x the global efficacy, F-AL-4) and ~2x beyond",unverified,lognormal,1,0.5,guessed,neutral (m4): every class releases the shared efficacy,,1,1,guessed,s10 class grain (scripts/build_class_params.py)
n5c_inp_vnc_local_11B,N5,class,circuit class vnc_local_11B (169 cells),dimensionless,class:vnc_local_11B|input_scale,0.1,20.0,guessed,as release_scale (postsynaptic input resistance varies ~2-10x across central neurons; larval uEPSPs 1-10 mV),unverified,lognormal,1,0.5,guessed,neutral (m4),,1,1,guessed,s10 class grain (scripts/build_class_params.py)
n3c_drive_vnc_local_11B,N3,class,circuit class vnc_local_11B (169 cells),mV,class:vnc_local_11B|tonic_drive,-10.0,20.0,guessed,as the global row n3_drive: tonic depolarisation must keep spontaneous rates below ~50 Hz in most central neurons; rest-potential spread -48 to -68 mV (Gouwens & Wilson 2009; larval survey 2002),unverified,normal,0,2.0,guessed,"neutral (m4): no tonic drive; measured spontaneous rates exist for few classes (PN 1-5 Hz, KC ~0.1 Hz; both spent)",,0,1,guessed,s10 class grain (scripts/build_class_params.py)
n3c_noise_vnc_local_11B,N3,class,circuit class vnc_local_11B (169 cells),mV/sqrt(ms),class:vnc_local_11B|noise,0.0,3.0,guessed,as the global row n14_noise: membrane noise of a few mV rms,unverified,normal,0,0.5,guessed,"neutral (m4): noiseless, as Shiu 2024",,0,2,guessed,s10 class grain (scripts/build_class_params.py)
n2c_vth_vnc_local_11B,N2,class,circuit class vnc_local_11B (169 cells),mV,class:vnc_local_11B|threshold_offset,-5.0,15.0,guessed,"spike threshold 5-25 mV above rest in insect central neurons (row n2_v_th); m4 gap is 7 mV, so -5 keeps a >= 2 mV gap",unverified,normal,0,2.0,guessed,neutral (m4): the shared Shiu 2024 threshold,,0,1,guessed,s10 class grain (scripts/build_class_params.py)
n2c_taum_vnc_local_11B,N2,class,circuit class vnc_local_11B (169 cells),dimensionless,class:vnc_local_11B|tau_m_scale,0.25,2.5,guessed,"tau_m 5-50 ms around the 20 ms default (measured 15.5-16.6 ms in slow MNs, F-AZ-2; central neurons ~10-30 ms)",unverified,lognormal,1,0.4,guessed,neutral (m4): the shared 20 ms,,1,1,guessed,s10 class grain (scripts/build_class_params.py)
n5c_rel_vnc_local_12A,N5,class,circuit class vnc_local_12A (314 cells),dimensionless,class:vnc_local_12A|release_scale,0.1,20.0,guessed,"one decade below to the measured ORN->PN excess (10.9x the global efficacy, F-AL-4) and ~2x beyond",unverified,lognormal,1,0.5,guessed,neutral (m4): every class releases the shared efficacy,,1,1,guessed,s10 class grain (scripts/build_class_params.py)
n5c_inp_vnc_local_12A,N5,class,circuit class vnc_local_12A (314 cells),dimensionless,class:vnc_local_12A|input_scale,0.1,20.0,guessed,as release_scale (postsynaptic input resistance varies ~2-10x across central neurons; larval uEPSPs 1-10 mV),unverified,lognormal,1,0.5,guessed,neutral (m4),,1,1,guessed,s10 class grain (scripts/build_class_params.py)
n3c_drive_vnc_local_12A,N3,class,circuit class vnc_local_12A (314 cells),mV,class:vnc_local_12A|tonic_drive,-10.0,20.0,guessed,as the global row n3_drive: tonic depolarisation must keep spontaneous rates below ~50 Hz in most central neurons; rest-potential spread -48 to -68 mV (Gouwens & Wilson 2009; larval survey 2002),unverified,normal,0,2.0,guessed,"neutral (m4): no tonic drive; measured spontaneous rates exist for few classes (PN 1-5 Hz, KC ~0.1 Hz; both spent)",,0,1,guessed,s10 class grain (scripts/build_class_params.py)
n3c_noise_vnc_local_12A,N3,class,circuit class vnc_local_12A (314 cells),mV/sqrt(ms),class:vnc_local_12A|noise,0.0,3.0,guessed,as the global row n14_noise: membrane noise of a few mV rms,unverified,normal,0,0.5,guessed,"neutral (m4): noiseless, as Shiu 2024",,0,2,guessed,s10 class grain (scripts/build_class_params.py)
n2c_vth_vnc_local_12A,N2,class,circuit class vnc_local_12A (314 cells),mV,class:vnc_local_12A|threshold_offset,-5.0,15.0,guessed,"spike threshold 5-25 mV above rest in insect central neurons (row n2_v_th); m4 gap is 7 mV, so -5 keeps a >= 2 mV gap",unverified,normal,0,2.0,guessed,neutral (m4): the shared Shiu 2024 threshold,,0,1,guessed,s10 class grain (scripts/build_class_params.py)
n2c_taum_vnc_local_12A,N2,class,circuit class vnc_local_12A (314 cells),dimensionless,class:vnc_local_12A|tau_m_scale,0.25,2.5,guessed,"tau_m 5-50 ms around the 20 ms default (measured 15.5-16.6 ms in slow MNs, F-AZ-2; central neurons ~10-30 ms)",unverified,lognormal,1,0.4,guessed,neutral (m4): the shared 20 ms,,1,1,guessed,s10 class grain (scripts/build_class_params.py)
n5c_rel_vnc_local_12B,N5,class,circuit class vnc_local_12B (501 cells),dimensionless,class:vnc_local_12B|release_scale,0.1,20.0,guessed,"one decade below to the measured ORN->PN excess (10.9x the global efficacy, F-AL-4) and ~2x beyond",unverified,lognormal,1,0.5,guessed,neutral (m4): every class releases the shared efficacy,,1,1,guessed,s10 class grain (scripts/build_class_params.py)
n5c_inp_vnc_local_12B,N5,class,circuit class vnc_local_12B (501 cells),dimensionless,class:vnc_local_12B|input_scale,0.1,20.0,guessed,as release_scale (postsynaptic input resistance varies ~2-10x across central neurons; larval uEPSPs 1-10 mV),unverified,lognormal,1,0.5,guessed,neutral (m4),,1,1,guessed,s10 class grain (scripts/build_class_params.py)
n3c_drive_vnc_local_12B,N3,class,circuit class vnc_local_12B (501 cells),mV,class:vnc_local_12B|tonic_drive,-10.0,20.0,guessed,as the global row n3_drive: tonic depolarisation must keep spontaneous rates below ~50 Hz in most central neurons; rest-potential spread -48 to -68 mV (Gouwens & Wilson 2009; larval survey 2002),unverified,normal,0,2.0,guessed,"neutral (m4): no tonic drive; measured spontaneous rates exist for few classes (PN 1-5 Hz, KC ~0.1 Hz; both spent)",,0,1,guessed,s10 class grain (scripts/build_class_params.py)
n3c_noise_vnc_local_12B,N3,class,circuit class vnc_local_12B (501 cells),mV/sqrt(ms),class:vnc_local_12B|noise,0.0,3.0,guessed,as the global row n14_noise: membrane noise of a few mV rms,unverified,normal,0,0.5,guessed,"neutral (m4): noiseless, as Shiu 2024",,0,2,guessed,s10 class grain (scripts/build_class_params.py)
n2c_vth_vnc_local_12B,N2,class,circuit class vnc_local_12B (501 cells),mV,class:vnc_local_12B|threshold_offset,-5.0,15.0,guessed,"spike threshold 5-25 mV above rest in insect central neurons (row n2_v_th); m4 gap is 7 mV, so -5 keeps a >= 2 mV gap",unverified,normal,0,2.0,guessed,neutral (m4): the shared Shiu 2024 threshold,,0,1,guessed,s10 class grain (scripts/build_class_params.py)
n2c_taum_vnc_local_12B,N2,class,circuit class vnc_local_12B (501 cells),dimensionless,class:vnc_local_12B|tau_m_scale,0.25,2.5,guessed,"tau_m 5-50 ms around the 20 ms default (measured 15.5-16.6 ms in slow MNs, F-AZ-2; central neurons ~10-30 ms)",unverified,lognormal,1,0.4,guessed,neutral (m4): the shared 20 ms,,1,1,guessed,s10 class grain (scripts/build_class_params.py)
n5c_rel_vnc_local_13A,N5,class,circuit class vnc_local_13A (432 cells),dimensionless,class:vnc_local_13A|release_scale,0.1,20.0,guessed,"one decade below to the measured ORN->PN excess (10.9x the global efficacy, F-AL-4) and ~2x beyond",unverified,lognormal,1,0.5,guessed,neutral (m4): every class releases the shared efficacy,,1,1,guessed,s10 class grain (scripts/build_class_params.py)
n5c_inp_vnc_local_13A,N5,class,circuit class vnc_local_13A (432 cells),dimensionless,class:vnc_local_13A|input_scale,0.1,20.0,guessed,as release_scale (postsynaptic input resistance varies ~2-10x across central neurons; larval uEPSPs 1-10 mV),unverified,lognormal,1,0.5,guessed,neutral (m4),,1,1,guessed,s10 class grain (scripts/build_class_params.py)
n3c_drive_vnc_local_13A,N3,class,circuit class vnc_local_13A (432 cells),mV,class:vnc_local_13A|tonic_drive,-10.0,20.0,guessed,as the global row n3_drive: tonic depolarisation must keep spontaneous rates below ~50 Hz in most central neurons; rest-potential spread -48 to -68 mV (Gouwens & Wilson 2009; larval survey 2002),unverified,normal,0,2.0,guessed,"neutral (m4): no tonic drive; measured spontaneous rates exist for few classes (PN 1-5 Hz, KC ~0.1 Hz; both spent)",,0,1,guessed,s10 class grain (scripts/build_class_params.py)
n3c_noise_vnc_local_13A,N3,class,circuit class vnc_local_13A (432 cells),mV/sqrt(ms),class:vnc_local_13A|noise,0.0,3.0,guessed,as the global row n14_noise: membrane noise of a few mV rms,unverified,normal,0,0.5,guessed,"neutral (m4): noiseless, as Shiu 2024",,0,2,guessed,s10 class grain (scripts/build_class_params.py)
n2c_vth_vnc_local_13A,N2,class,circuit class vnc_local_13A (432 cells),mV,class:vnc_local_13A|threshold_offset,-5.0,15.0,guessed,"spike threshold 5-25 mV above rest in insect central neurons (row n2_v_th); m4 gap is 7 mV, so -5 keeps a >= 2 mV gap",unverified,normal,0,2.0,guessed,neutral (m4): the shared Shiu 2024 threshold,,0,1,guessed,s10 class grain (scripts/build_class_params.py)
n2c_taum_vnc_local_13A,N2,class,circuit class vnc_local_13A (432 cells),dimensionless,class:vnc_local_13A|tau_m_scale,0.25,2.5,guessed,"tau_m 5-50 ms around the 20 ms default (measured 15.5-16.6 ms in slow MNs, F-AZ-2; central neurons ~10-30 ms)",unverified,lognormal,1,0.4,guessed,neutral (m4): the shared 20 ms,,1,1,guessed,s10 class grain (scripts/build_class_params.py)
n5c_rel_vnc_local_13B,N5,class,circuit class vnc_local_13B (452 cells),dimensionless,class:vnc_local_13B|release_scale,0.1,20.0,guessed,"one decade below to the measured ORN->PN excess (10.9x the global efficacy, F-AL-4) and ~2x beyond",unverified,lognormal,1,0.5,guessed,neutral (m4): every class releases the shared efficacy,,1,1,guessed,s10 class grain (scripts/build_class_params.py)
n5c_inp_vnc_local_13B,N5,class,circuit class vnc_local_13B (452 cells),dimensionless,class:vnc_local_13B|input_scale,0.1,20.0,guessed,as release_scale (postsynaptic input resistance varies ~2-10x across central neurons; larval uEPSPs 1-10 mV),unverified,lognormal,1,0.5,guessed,neutral (m4),,1,1,guessed,s10 class grain (scripts/build_class_params.py)
n3c_drive_vnc_local_13B,N3,class,circuit class vnc_local_13B (452 cells),mV,class:vnc_local_13B|tonic_drive,-10.0,20.0,guessed,as the global row n3_drive: tonic depolarisation must keep spontaneous rates below ~50 Hz in most central neurons; rest-potential spread -48 to -68 mV (Gouwens & Wilson 2009; larval survey 2002),unverified,normal,0,2.0,guessed,"neutral (m4): no tonic drive; measured spontaneous rates exist for few classes (PN 1-5 Hz, KC ~0.1 Hz; both spent)",,0,1,guessed,s10 class grain (scripts/build_class_params.py)
n3c_noise_vnc_local_13B,N3,class,circuit class vnc_local_13B (452 cells),mV/sqrt(ms),class:vnc_local_13B|noise,0.0,3.0,guessed,as the global row n14_noise: membrane noise of a few mV rms,unverified,normal,0,0.5,guessed,"neutral (m4): noiseless, as Shiu 2024",,0,2,guessed,s10 class grain (scripts/build_class_params.py)
n2c_vth_vnc_local_13B,N2,class,circuit class vnc_local_13B (452 cells),mV,class:vnc_local_13B|threshold_offset,-5.0,15.0,guessed,"spike threshold 5-25 mV above rest in insect central neurons (row n2_v_th); m4 gap is 7 mV, so -5 keeps a >= 2 mV gap",unverified,normal,0,2.0,guessed,neutral (m4): the shared Shiu 2024 threshold,,0,1,guessed,s10 class grain (scripts/build_class_params.py)
n2c_taum_vnc_local_13B,N2,class,circuit class vnc_local_13B (452 cells),dimensionless,class:vnc_local_13B|tau_m_scale,0.25,2.5,guessed,"tau_m 5-50 ms around the 20 ms default (measured 15.5-16.6 ms in slow MNs, F-AZ-2; central neurons ~10-30 ms)",unverified,lognormal,1,0.4,guessed,neutral (m4): the shared 20 ms,,1,1,guessed,s10 class grain (scripts/build_class_params.py)
n5c_rel_vnc_local_14A,N5,class,circuit class vnc_local_14A (505 cells),dimensionless,class:vnc_local_14A|release_scale,0.1,20.0,guessed,"one decade below to the measured ORN->PN excess (10.9x the global efficacy, F-AL-4) and ~2x beyond",unverified,lognormal,1,0.5,guessed,neutral (m4): every class releases the shared efficacy,,1,1,guessed,s10 class grain (scripts/build_class_params.py)
n5c_inp_vnc_local_14A,N5,class,circuit class vnc_local_14A (505 cells),dimensionless,class:vnc_local_14A|input_scale,0.1,20.0,guessed,as release_scale (postsynaptic input resistance varies ~2-10x across central neurons; larval uEPSPs 1-10 mV),unverified,lognormal,1,0.5,guessed,neutral (m4),,1,1,guessed,s10 class grain (scripts/build_class_params.py)
n3c_drive_vnc_local_14A,N3,class,circuit class vnc_local_14A (505 cells),mV,class:vnc_local_14A|tonic_drive,-10.0,20.0,guessed,as the global row n3_drive: tonic depolarisation must keep spontaneous rates below ~50 Hz in most central neurons; rest-potential spread -48 to -68 mV (Gouwens & Wilson 2009; larval survey 2002),unverified,normal,0,2.0,guessed,"neutral (m4): no tonic drive; measured spontaneous rates exist for few classes (PN 1-5 Hz, KC ~0.1 Hz; both spent)",,0,1,guessed,s10 class grain (scripts/build_class_params.py)
n3c_noise_vnc_local_14A,N3,class,circuit class vnc_local_14A (505 cells),mV/sqrt(ms),class:vnc_local_14A|noise,0.0,3.0,guessed,as the global row n14_noise: membrane noise of a few mV rms,unverified,normal,0,0.5,guessed,"neutral (m4): noiseless, as Shiu 2024",,0,2,guessed,s10 class grain (scripts/build_class_params.py)
n2c_vth_vnc_local_14A,N2,class,circuit class vnc_local_14A (505 cells),mV,class:vnc_local_14A|threshold_offset,-5.0,15.0,guessed,"spike threshold 5-25 mV above rest in insect central neurons (row n2_v_th); m4 gap is 7 mV, so -5 keeps a >= 2 mV gap",unverified,normal,0,2.0,guessed,neutral (m4): the shared Shiu 2024 threshold,,0,1,guessed,s10 class grain (scripts/build_class_params.py)
n2c_taum_vnc_local_14A,N2,class,circuit class vnc_local_14A (505 cells),dimensionless,class:vnc_local_14A|tau_m_scale,0.25,2.5,guessed,"tau_m 5-50 ms around the 20 ms default (measured 15.5-16.6 ms in slow MNs, F-AZ-2; central neurons ~10-30 ms)",unverified,lognormal,1,0.4,guessed,neutral (m4): the shared 20 ms,,1,1,guessed,s10 class grain (scripts/build_class_params.py)
n5c_rel_vnc_local_14B,N5,class,circuit class vnc_local_14B (37 cells),dimensionless,class:vnc_local_14B|release_scale,0.1,20.0,guessed,"one decade below to the measured ORN->PN excess (10.9x the global efficacy, F-AL-4) and ~2x beyond",unverified,lognormal,1,0.5,guessed,neutral (m4): every class releases the shared efficacy,,1,1,guessed,s10 class grain (scripts/build_class_params.py)
n5c_inp_vnc_local_14B,N5,class,circuit class vnc_local_14B (37 cells),dimensionless,class:vnc_local_14B|input_scale,0.1,20.0,guessed,as release_scale (postsynaptic input resistance varies ~2-10x across central neurons; larval uEPSPs 1-10 mV),unverified,lognormal,1,0.5,guessed,neutral (m4),,1,1,guessed,s10 class grain (scripts/build_class_params.py)
n3c_drive_vnc_local_14B,N3,class,circuit class vnc_local_14B (37 cells),mV,class:vnc_local_14B|tonic_drive,-10.0,20.0,guessed,as the global row n3_drive: tonic depolarisation must keep spontaneous rates below ~50 Hz in most central neurons; rest-potential spread -48 to -68 mV (Gouwens & Wilson 2009; larval survey 2002),unverified,normal,0,2.0,guessed,"neutral (m4): no tonic drive; measured spontaneous rates exist for few classes (PN 1-5 Hz, KC ~0.1 Hz; both spent)",,0,1,guessed,s10 class grain (scripts/build_class_params.py)
n3c_noise_vnc_local_14B,N3,class,circuit class vnc_local_14B (37 cells),mV/sqrt(ms),class:vnc_local_14B|noise,0.0,3.0,guessed,as the global row n14_noise: membrane noise of a few mV rms,unverified,normal,0,0.5,guessed,"neutral (m4): noiseless, as Shiu 2024",,0,2,guessed,s10 class grain (scripts/build_class_params.py)
n2c_vth_vnc_local_14B,N2,class,circuit class vnc_local_14B (37 cells),mV,class:vnc_local_14B|threshold_offset,-5.0,15.0,guessed,"spike threshold 5-25 mV above rest in insect central neurons (row n2_v_th); m4 gap is 7 mV, so -5 keeps a >= 2 mV gap",unverified,normal,0,2.0,guessed,neutral (m4): the shared Shiu 2024 threshold,,0,1,guessed,s10 class grain (scripts/build_class_params.py)
n2c_taum_vnc_local_14B,N2,class,circuit class vnc_local_14B (37 cells),dimensionless,class:vnc_local_14B|tau_m_scale,0.25,2.5,guessed,"tau_m 5-50 ms around the 20 ms default (measured 15.5-16.6 ms in slow MNs, F-AZ-2; central neurons ~10-30 ms)",unverified,lognormal,1,0.4,guessed,neutral (m4): the shared 20 ms,,1,1,guessed,s10 class grain (scripts/build_class_params.py)
n5c_rel_vnc_local_16B,N5,class,circuit class vnc_local_16B (433 cells),dimensionless,class:vnc_local_16B|release_scale,0.1,20.0,guessed,"one decade below to the measured ORN->PN excess (10.9x the global efficacy, F-AL-4) and ~2x beyond",unverified,lognormal,1,0.5,guessed,neutral (m4): every class releases the shared efficacy,,1,1,guessed,s10 class grain (scripts/build_class_params.py)
n5c_inp_vnc_local_16B,N5,class,circuit class vnc_local_16B (433 cells),dimensionless,class:vnc_local_16B|input_scale,0.1,20.0,guessed,as release_scale (postsynaptic input resistance varies ~2-10x across central neurons; larval uEPSPs 1-10 mV),unverified,lognormal,1,0.5,guessed,neutral (m4),,1,1,guessed,s10 class grain (scripts/build_class_params.py)
n3c_drive_vnc_local_16B,N3,class,circuit class vnc_local_16B (433 cells),mV,class:vnc_local_16B|tonic_drive,-10.0,20.0,guessed,as the global row n3_drive: tonic depolarisation must keep spontaneous rates below ~50 Hz in most central neurons; rest-potential spread -48 to -68 mV (Gouwens & Wilson 2009; larval survey 2002),unverified,normal,0,2.0,guessed,"neutral (m4): no tonic drive; measured spontaneous rates exist for few classes (PN 1-5 Hz, KC ~0.1 Hz; both spent)",,0,1,guessed,s10 class grain (scripts/build_class_params.py)
n3c_noise_vnc_local_16B,N3,class,circuit class vnc_local_16B (433 cells),mV/sqrt(ms),class:vnc_local_16B|noise,0.0,3.0,guessed,as the global row n14_noise: membrane noise of a few mV rms,unverified,normal,0,0.5,guessed,"neutral (m4): noiseless, as Shiu 2024",,0,2,guessed,s10 class grain (scripts/build_class_params.py)
n2c_vth_vnc_local_16B,N2,class,circuit class vnc_local_16B (433 cells),mV,class:vnc_local_16B|threshold_offset,-5.0,15.0,guessed,"spike threshold 5-25 mV above rest in insect central neurons (row n2_v_th); m4 gap is 7 mV, so -5 keeps a >= 2 mV gap",unverified,normal,0,2.0,guessed,neutral (m4): the shared Shiu 2024 threshold,,0,1,guessed,s10 class grain (scripts/build_class_params.py)
n2c_taum_vnc_local_16B,N2,class,circuit class vnc_local_16B (433 cells),dimensionless,class:vnc_local_16B|tau_m_scale,0.25,2.5,guessed,"tau_m 5-50 ms around the 20 ms default (measured 15.5-16.6 ms in slow MNs, F-AZ-2; central neurons ~10-30 ms)",unverified,lognormal,1,0.4,guessed,neutral (m4): the shared 20 ms,,1,1,guessed,s10 class grain (scripts/build_class_params.py)
n5c_rel_vnc_local_17A,N5,class,circuit class vnc_local_17A (314 cells),dimensionless,class:vnc_local_17A|release_scale,0.1,20.0,guessed,"one decade below to the measured ORN->PN excess (10.9x the global efficacy, F-AL-4) and ~2x beyond",unverified,lognormal,1,0.5,guessed,neutral (m4): every class releases the shared efficacy,,1,1,guessed,s10 class grain (scripts/build_class_params.py)
n5c_inp_vnc_local_17A,N5,class,circuit class vnc_local_17A (314 cells),dimensionless,class:vnc_local_17A|input_scale,0.1,20.0,guessed,as release_scale (postsynaptic input resistance varies ~2-10x across central neurons; larval uEPSPs 1-10 mV),unverified,lognormal,1,0.5,guessed,neutral (m4),,1,1,guessed,s10 class grain (scripts/build_class_params.py)
n3c_drive_vnc_local_17A,N3,class,circuit class vnc_local_17A (314 cells),mV,class:vnc_local_17A|tonic_drive,-10.0,20.0,guessed,as the global row n3_drive: tonic depolarisation must keep spontaneous rates below ~50 Hz in most central neurons; rest-potential spread -48 to -68 mV (Gouwens & Wilson 2009; larval survey 2002),unverified,normal,0,2.0,guessed,"neutral (m4): no tonic drive; measured spontaneous rates exist for few classes (PN 1-5 Hz, KC ~0.1 Hz; both spent)",,0,1,guessed,s10 class grain (scripts/build_class_params.py)
n3c_noise_vnc_local_17A,N3,class,circuit class vnc_local_17A (314 cells),mV/sqrt(ms),class:vnc_local_17A|noise,0.0,3.0,guessed,as the global row n14_noise: membrane noise of a few mV rms,unverified,normal,0,0.5,guessed,"neutral (m4): noiseless, as Shiu 2024",,0,2,guessed,s10 class grain (scripts/build_class_params.py)
n2c_vth_vnc_local_17A,N2,class,circuit class vnc_local_17A (314 cells),mV,class:vnc_local_17A|threshold_offset,-5.0,15.0,guessed,"spike threshold 5-25 mV above rest in insect central neurons (row n2_v_th); m4 gap is 7 mV, so -5 keeps a >= 2 mV gap",unverified,normal,0,2.0,guessed,neutral (m4): the shared Shiu 2024 threshold,,0,1,guessed,s10 class grain (scripts/build_class_params.py)
n2c_taum_vnc_local_17A,N2,class,circuit class vnc_local_17A (314 cells),dimensionless,class:vnc_local_17A|tau_m_scale,0.25,2.5,guessed,"tau_m 5-50 ms around the 20 ms default (measured 15.5-16.6 ms in slow MNs, F-AZ-2; central neurons ~10-30 ms)",unverified,lognormal,1,0.4,guessed,neutral (m4): the shared 20 ms,,1,1,guessed,s10 class grain (scripts/build_class_params.py)
n5c_rel_vnc_local_17B,N5,class,circuit class vnc_local_17B (22 cells),dimensionless,class:vnc_local_17B|release_scale,0.1,20.0,guessed,"one decade below to the measured ORN->PN excess (10.9x the global efficacy, F-AL-4) and ~2x beyond",unverified,lognormal,1,0.5,guessed,neutral (m4): every class releases the shared efficacy,,1,1,guessed,s10 class grain (scripts/build_class_params.py)
n5c_inp_vnc_local_17B,N5,class,circuit class vnc_local_17B (22 cells),dimensionless,class:vnc_local_17B|input_scale,0.1,20.0,guessed,as release_scale (postsynaptic input resistance varies ~2-10x across central neurons; larval uEPSPs 1-10 mV),unverified,lognormal,1,0.5,guessed,neutral (m4),,1,1,guessed,s10 class grain (scripts/build_class_params.py)
n3c_drive_vnc_local_17B,N3,class,circuit class vnc_local_17B (22 cells),mV,class:vnc_local_17B|tonic_drive,-10.0,20.0,guessed,as the global row n3_drive: tonic depolarisation must keep spontaneous rates below ~50 Hz in most central neurons; rest-potential spread -48 to -68 mV (Gouwens & Wilson 2009; larval survey 2002),unverified,normal,0,2.0,guessed,"neutral (m4): no tonic drive; measured spontaneous rates exist for few classes (PN 1-5 Hz, KC ~0.1 Hz; both spent)",,0,1,guessed,s10 class grain (scripts/build_class_params.py)
n3c_noise_vnc_local_17B,N3,class,circuit class vnc_local_17B (22 cells),mV/sqrt(ms),class:vnc_local_17B|noise,0.0,3.0,guessed,as the global row n14_noise: membrane noise of a few mV rms,unverified,normal,0,0.5,guessed,"neutral (m4): noiseless, as Shiu 2024",,0,2,guessed,s10 class grain (scripts/build_class_params.py)
n2c_vth_vnc_local_17B,N2,class,circuit class vnc_local_17B (22 cells),mV,class:vnc_local_17B|threshold_offset,-5.0,15.0,guessed,"spike threshold 5-25 mV above rest in insect central neurons (row n2_v_th); m4 gap is 7 mV, so -5 keeps a >= 2 mV gap",unverified,normal,0,2.0,guessed,neutral (m4): the shared Shiu 2024 threshold,,0,1,guessed,s10 class grain (scripts/build_class_params.py)
n2c_taum_vnc_local_17B,N2,class,circuit class vnc_local_17B (22 cells),dimensionless,class:vnc_local_17B|tau_m_scale,0.25,2.5,guessed,"tau_m 5-50 ms around the 20 ms default (measured 15.5-16.6 ms in slow MNs, F-AZ-2; central neurons ~10-30 ms)",unverified,lognormal,1,0.4,guessed,neutral (m4): the shared 20 ms,,1,1,guessed,s10 class grain (scripts/build_class_params.py)
n5c_rel_vnc_local_18B,N5,class,circuit class vnc_local_18B (153 cells),dimensionless,class:vnc_local_18B|release_scale,0.1,20.0,guessed,"one decade below to the measured ORN->PN excess (10.9x the global efficacy, F-AL-4) and ~2x beyond",unverified,lognormal,1,0.5,guessed,neutral (m4): every class releases the shared efficacy,,1,1,guessed,s10 class grain (scripts/build_class_params.py)
n5c_inp_vnc_local_18B,N5,class,circuit class vnc_local_18B (153 cells),dimensionless,class:vnc_local_18B|input_scale,0.1,20.0,guessed,as release_scale (postsynaptic input resistance varies ~2-10x across central neurons; larval uEPSPs 1-10 mV),unverified,lognormal,1,0.5,guessed,neutral (m4),,1,1,guessed,s10 class grain (scripts/build_class_params.py)
n3c_drive_vnc_local_18B,N3,class,circuit class vnc_local_18B (153 cells),mV,class:vnc_local_18B|tonic_drive,-10.0,20.0,guessed,as the global row n3_drive: tonic depolarisation must keep spontaneous rates below ~50 Hz in most central neurons; rest-potential spread -48 to -68 mV (Gouwens & Wilson 2009; larval survey 2002),unverified,normal,0,2.0,guessed,"neutral (m4): no tonic drive; measured spontaneous rates exist for few classes (PN 1-5 Hz, KC ~0.1 Hz; both spent)",,0,1,guessed,s10 class grain (scripts/build_class_params.py)
n3c_noise_vnc_local_18B,N3,class,circuit class vnc_local_18B (153 cells),mV/sqrt(ms),class:vnc_local_18B|noise,0.0,3.0,guessed,as the global row n14_noise: membrane noise of a few mV rms,unverified,normal,0,0.5,guessed,"neutral (m4): noiseless, as Shiu 2024",,0,2,guessed,s10 class grain (scripts/build_class_params.py)
n2c_vth_vnc_local_18B,N2,class,circuit class vnc_local_18B (153 cells),mV,class:vnc_local_18B|threshold_offset,-5.0,15.0,guessed,"spike threshold 5-25 mV above rest in insect central neurons (row n2_v_th); m4 gap is 7 mV, so -5 keeps a >= 2 mV gap",unverified,normal,0,2.0,guessed,neutral (m4): the shared Shiu 2024 threshold,,0,1,guessed,s10 class grain (scripts/build_class_params.py)
n2c_taum_vnc_local_18B,N2,class,circuit class vnc_local_18B (153 cells),dimensionless,class:vnc_local_18B|tau_m_scale,0.25,2.5,guessed,"tau_m 5-50 ms around the 20 ms default (measured 15.5-16.6 ms in slow MNs, F-AZ-2; central neurons ~10-30 ms)",unverified,lognormal,1,0.4,guessed,neutral (m4): the shared 20 ms,,1,1,guessed,s10 class grain (scripts/build_class_params.py)
n5c_rel_vnc_local_19A,N5,class,circuit class vnc_local_19A (730 cells),dimensionless,class:vnc_local_19A|release_scale,0.1,20.0,guessed,"one decade below to the measured ORN->PN excess (10.9x the global efficacy, F-AL-4) and ~2x beyond",unverified,lognormal,1,0.5,guessed,neutral (m4): every class releases the shared efficacy,,1,1,guessed,s10 class grain (scripts/build_class_params.py)
n5c_inp_vnc_local_19A,N5,class,circuit class vnc_local_19A (730 cells),dimensionless,class:vnc_local_19A|input_scale,0.1,20.0,guessed,as release_scale (postsynaptic input resistance varies ~2-10x across central neurons; larval uEPSPs 1-10 mV),unverified,lognormal,1,0.5,guessed,neutral (m4),,1,1,guessed,s10 class grain (scripts/build_class_params.py)
n3c_drive_vnc_local_19A,N3,class,circuit class vnc_local_19A (730 cells),mV,class:vnc_local_19A|tonic_drive,-10.0,20.0,guessed,as the global row n3_drive: tonic depolarisation must keep spontaneous rates below ~50 Hz in most central neurons; rest-potential spread -48 to -68 mV (Gouwens & Wilson 2009; larval survey 2002),unverified,normal,0,2.0,guessed,"neutral (m4): no tonic drive; measured spontaneous rates exist for few classes (PN 1-5 Hz, KC ~0.1 Hz; both spent)",,0,1,guessed,s10 class grain (scripts/build_class_params.py)
n3c_noise_vnc_local_19A,N3,class,circuit class vnc_local_19A (730 cells),mV/sqrt(ms),class:vnc_local_19A|noise,0.0,3.0,guessed,as the global row n14_noise: membrane noise of a few mV rms,unverified,normal,0,0.5,guessed,"neutral (m4): noiseless, as Shiu 2024",,0,2,guessed,s10 class grain (scripts/build_class_params.py)
n2c_vth_vnc_local_19A,N2,class,circuit class vnc_local_19A (730 cells),mV,class:vnc_local_19A|threshold_offset,-5.0,15.0,guessed,"spike threshold 5-25 mV above rest in insect central neurons (row n2_v_th); m4 gap is 7 mV, so -5 keeps a >= 2 mV gap",unverified,normal,0,2.0,guessed,neutral (m4): the shared Shiu 2024 threshold,,0,1,guessed,s10 class grain (scripts/build_class_params.py)
n2c_taum_vnc_local_19A,N2,class,circuit class vnc_local_19A (730 cells),dimensionless,class:vnc_local_19A|tau_m_scale,0.25,2.5,guessed,"tau_m 5-50 ms around the 20 ms default (measured 15.5-16.6 ms in slow MNs, F-AZ-2; central neurons ~10-30 ms)",unverified,lognormal,1,0.4,guessed,neutral (m4): the shared 20 ms,,1,1,guessed,s10 class grain (scripts/build_class_params.py)
n5c_rel_vnc_local_19B,N5,class,circuit class vnc_local_19B (313 cells),dimensionless,class:vnc_local_19B|release_scale,0.1,20.0,guessed,"one decade below to the measured ORN->PN excess (10.9x the global efficacy, F-AL-4) and ~2x beyond",unverified,lognormal,1,0.5,guessed,neutral (m4): every class releases the shared efficacy,,1,1,guessed,s10 class grain (scripts/build_class_params.py)
n5c_inp_vnc_local_19B,N5,class,circuit class vnc_local_19B (313 cells),dimensionless,class:vnc_local_19B|input_scale,0.1,20.0,guessed,as release_scale (postsynaptic input resistance varies ~2-10x across central neurons; larval uEPSPs 1-10 mV),unverified,lognormal,1,0.5,guessed,neutral (m4),,1,1,guessed,s10 class grain (scripts/build_class_params.py)
n3c_drive_vnc_local_19B,N3,class,circuit class vnc_local_19B (313 cells),mV,class:vnc_local_19B|tonic_drive,-10.0,20.0,guessed,as the global row n3_drive: tonic depolarisation must keep spontaneous rates below ~50 Hz in most central neurons; rest-potential spread -48 to -68 mV (Gouwens & Wilson 2009; larval survey 2002),unverified,normal,0,2.0,guessed,"neutral (m4): no tonic drive; measured spontaneous rates exist for few classes (PN 1-5 Hz, KC ~0.1 Hz; both spent)",,0,1,guessed,s10 class grain (scripts/build_class_params.py)
n3c_noise_vnc_local_19B,N3,class,circuit class vnc_local_19B (313 cells),mV/sqrt(ms),class:vnc_local_19B|noise,0.0,3.0,guessed,as the global row n14_noise: membrane noise of a few mV rms,unverified,normal,0,0.5,guessed,"neutral (m4): noiseless, as Shiu 2024",,0,2,guessed,s10 class grain (scripts/build_class_params.py)
n2c_vth_vnc_local_19B,N2,class,circuit class vnc_local_19B (313 cells),mV,class:vnc_local_19B|threshold_offset,-5.0,15.0,guessed,"spike threshold 5-25 mV above rest in insect central neurons (row n2_v_th); m4 gap is 7 mV, so -5 keeps a >= 2 mV gap",unverified,normal,0,2.0,guessed,neutral (m4): the shared Shiu 2024 threshold,,0,1,guessed,s10 class grain (scripts/build_class_params.py)
n2c_taum_vnc_local_19B,N2,class,circuit class vnc_local_19B (313 cells),dimensionless,class:vnc_local_19B|tau_m_scale,0.25,2.5,guessed,"tau_m 5-50 ms around the 20 ms default (measured 15.5-16.6 ms in slow MNs, F-AZ-2; central neurons ~10-30 ms)",unverified,lognormal,1,0.4,guessed,neutral (m4): the shared 20 ms,,1,1,guessed,s10 class grain (scripts/build_class_params.py)
n5c_rel_vnc_local_20A.22A,N5,class,circuit class vnc_local_20A.22A (777 cells),dimensionless,class:vnc_local_20A.22A|release_scale,0.1,20.0,guessed,"one decade below to the measured ORN->PN excess (10.9x the global efficacy, F-AL-4) and ~2x beyond",unverified,lognormal,1,0.5,guessed,neutral (m4): every class releases the shared efficacy,,1,1,guessed,s10 class grain (scripts/build_class_params.py)
n5c_inp_vnc_local_20A.22A,N5,class,circuit class vnc_local_20A.22A (777 cells),dimensionless,class:vnc_local_20A.22A|input_scale,0.1,20.0,guessed,as release_scale (postsynaptic input resistance varies ~2-10x across central neurons; larval uEPSPs 1-10 mV),unverified,lognormal,1,0.5,guessed,neutral (m4),,1,1,guessed,s10 class grain (scripts/build_class_params.py)
n3c_drive_vnc_local_20A.22A,N3,class,circuit class vnc_local_20A.22A (777 cells),mV,class:vnc_local_20A.22A|tonic_drive,-10.0,20.0,guessed,as the global row n3_drive: tonic depolarisation must keep spontaneous rates below ~50 Hz in most central neurons; rest-potential spread -48 to -68 mV (Gouwens & Wilson 2009; larval survey 2002),unverified,normal,0,2.0,guessed,"neutral (m4): no tonic drive; measured spontaneous rates exist for few classes (PN 1-5 Hz, KC ~0.1 Hz; both spent)",,0,1,guessed,s10 class grain (scripts/build_class_params.py)
n3c_noise_vnc_local_20A.22A,N3,class,circuit class vnc_local_20A.22A (777 cells),mV/sqrt(ms),class:vnc_local_20A.22A|noise,0.0,3.0,guessed,as the global row n14_noise: membrane noise of a few mV rms,unverified,normal,0,0.5,guessed,"neutral (m4): noiseless, as Shiu 2024",,0,2,guessed,s10 class grain (scripts/build_class_params.py)
n2c_vth_vnc_local_20A.22A,N2,class,circuit class vnc_local_20A.22A (777 cells),mV,class:vnc_local_20A.22A|threshold_offset,-5.0,15.0,guessed,"spike threshold 5-25 mV above rest in insect central neurons (row n2_v_th); m4 gap is 7 mV, so -5 keeps a >= 2 mV gap",unverified,normal,0,2.0,guessed,neutral (m4): the shared Shiu 2024 threshold,,0,1,guessed,s10 class grain (scripts/build_class_params.py)
n2c_taum_vnc_local_20A.22A,N2,class,circuit class vnc_local_20A.22A (777 cells),dimensionless,class:vnc_local_20A.22A|tau_m_scale,0.25,2.5,guessed,"tau_m 5-50 ms around the 20 ms default (measured 15.5-16.6 ms in slow MNs, F-AZ-2; central neurons ~10-30 ms)",unverified,lognormal,1,0.4,guessed,neutral (m4): the shared 20 ms,,1,1,guessed,s10 class grain (scripts/build_class_params.py)
n5c_rel_vnc_local_21A,N5,class,circuit class vnc_local_21A (409 cells),dimensionless,class:vnc_local_21A|release_scale,0.1,20.0,guessed,"one decade below to the measured ORN->PN excess (10.9x the global efficacy, F-AL-4) and ~2x beyond",unverified,lognormal,1,0.5,guessed,neutral (m4): every class releases the shared efficacy,,1,1,guessed,s10 class grain (scripts/build_class_params.py)
n5c_inp_vnc_local_21A,N5,class,circuit class vnc_local_21A (409 cells),dimensionless,class:vnc_local_21A|input_scale,0.1,20.0,guessed,as release_scale (postsynaptic input resistance varies ~2-10x across central neurons; larval uEPSPs 1-10 mV),unverified,lognormal,1,0.5,guessed,neutral (m4),,1,1,guessed,s10 class grain (scripts/build_class_params.py)
n3c_drive_vnc_local_21A,N3,class,circuit class vnc_local_21A (409 cells),mV,class:vnc_local_21A|tonic_drive,-10.0,20.0,guessed,as the global row n3_drive: tonic depolarisation must keep spontaneous rates below ~50 Hz in most central neurons; rest-potential spread -48 to -68 mV (Gouwens & Wilson 2009; larval survey 2002),unverified,normal,0,2.0,guessed,"neutral (m4): no tonic drive; measured spontaneous rates exist for few classes (PN 1-5 Hz, KC ~0.1 Hz; both spent)",,0,1,guessed,s10 class grain (scripts/build_class_params.py)
n3c_noise_vnc_local_21A,N3,class,circuit class vnc_local_21A (409 cells),mV/sqrt(ms),class:vnc_local_21A|noise,0.0,3.0,guessed,as the global row n14_noise: membrane noise of a few mV rms,unverified,normal,0,0.5,guessed,"neutral (m4): noiseless, as Shiu 2024",,0,2,guessed,s10 class grain (scripts/build_class_params.py)
n2c_vth_vnc_local_21A,N2,class,circuit class vnc_local_21A (409 cells),mV,class:vnc_local_21A|threshold_offset,-5.0,15.0,guessed,"spike threshold 5-25 mV above rest in insect central neurons (row n2_v_th); m4 gap is 7 mV, so -5 keeps a >= 2 mV gap",unverified,normal,0,2.0,guessed,neutral (m4): the shared Shiu 2024 threshold,,0,1,guessed,s10 class grain (scripts/build_class_params.py)
n2c_taum_vnc_local_21A,N2,class,circuit class vnc_local_21A (409 cells),dimensionless,class:vnc_local_21A|tau_m_scale,0.25,2.5,guessed,"tau_m 5-50 ms around the 20 ms default (measured 15.5-16.6 ms in slow MNs, F-AZ-2; central neurons ~10-30 ms)",unverified,lognormal,1,0.4,guessed,neutral (m4): the shared 20 ms,,1,1,guessed,s10 class grain (scripts/build_class_params.py)
n5c_rel_vnc_local_23B,N5,class,circuit class vnc_local_23B (436 cells),dimensionless,class:vnc_local_23B|release_scale,0.1,20.0,guessed,"one decade below to the measured ORN->PN excess (10.9x the global efficacy, F-AL-4) and ~2x beyond",unverified,lognormal,1,0.5,guessed,neutral (m4): every class releases the shared efficacy,,1,1,guessed,s10 class grain (scripts/build_class_params.py)
n5c_inp_vnc_local_23B,N5,class,circuit class vnc_local_23B (436 cells),dimensionless,class:vnc_local_23B|input_scale,0.1,20.0,guessed,as release_scale (postsynaptic input resistance varies ~2-10x across central neurons; larval uEPSPs 1-10 mV),unverified,lognormal,1,0.5,guessed,neutral (m4),,1,1,guessed,s10 class grain (scripts/build_class_params.py)
n3c_drive_vnc_local_23B,N3,class,circuit class vnc_local_23B (436 cells),mV,class:vnc_local_23B|tonic_drive,-10.0,20.0,guessed,as the global row n3_drive: tonic depolarisation must keep spontaneous rates below ~50 Hz in most central neurons; rest-potential spread -48 to -68 mV (Gouwens & Wilson 2009; larval survey 2002),unverified,normal,0,2.0,guessed,"neutral (m4): no tonic drive; measured spontaneous rates exist for few classes (PN 1-5 Hz, KC ~0.1 Hz; both spent)",,0,1,guessed,s10 class grain (scripts/build_class_params.py)
n3c_noise_vnc_local_23B,N3,class,circuit class vnc_local_23B (436 cells),mV/sqrt(ms),class:vnc_local_23B|noise,0.0,3.0,guessed,as the global row n14_noise: membrane noise of a few mV rms,unverified,normal,0,0.5,guessed,"neutral (m4): noiseless, as Shiu 2024",,0,2,guessed,s10 class grain (scripts/build_class_params.py)
n2c_vth_vnc_local_23B,N2,class,circuit class vnc_local_23B (436 cells),mV,class:vnc_local_23B|threshold_offset,-5.0,15.0,guessed,"spike threshold 5-25 mV above rest in insect central neurons (row n2_v_th); m4 gap is 7 mV, so -5 keeps a >= 2 mV gap",unverified,normal,0,2.0,guessed,neutral (m4): the shared Shiu 2024 threshold,,0,1,guessed,s10 class grain (scripts/build_class_params.py)
n2c_taum_vnc_local_23B,N2,class,circuit class vnc_local_23B (436 cells),dimensionless,class:vnc_local_23B|tau_m_scale,0.25,2.5,guessed,"tau_m 5-50 ms around the 20 ms default (measured 15.5-16.6 ms in slow MNs, F-AZ-2; central neurons ~10-30 ms)",unverified,lognormal,1,0.4,guessed,neutral (m4): the shared 20 ms,,1,1,guessed,s10 class grain (scripts/build_class_params.py)
n5c_rel_vnc_local_26X,N5,class,circuit class vnc_local_26X (16 cells),dimensionless,class:vnc_local_26X|release_scale,0.1,20.0,guessed,"one decade below to the measured ORN->PN excess (10.9x the global efficacy, F-AL-4) and ~2x beyond",unverified,lognormal,1,0.5,guessed,neutral (m4): every class releases the shared efficacy,,1,1,guessed,s10 class grain (scripts/build_class_params.py)
n5c_inp_vnc_local_26X,N5,class,circuit class vnc_local_26X (16 cells),dimensionless,class:vnc_local_26X|input_scale,0.1,20.0,guessed,as release_scale (postsynaptic input resistance varies ~2-10x across central neurons; larval uEPSPs 1-10 mV),unverified,lognormal,1,0.5,guessed,neutral (m4),,1,1,guessed,s10 class grain (scripts/build_class_params.py)
n3c_drive_vnc_local_26X,N3,class,circuit class vnc_local_26X (16 cells),mV,class:vnc_local_26X|tonic_drive,-10.0,20.0,guessed,as the global row n3_drive: tonic depolarisation must keep spontaneous rates below ~50 Hz in most central neurons; rest-potential spread -48 to -68 mV (Gouwens & Wilson 2009; larval survey 2002),unverified,normal,0,2.0,guessed,"neutral (m4): no tonic drive; measured spontaneous rates exist for few classes (PN 1-5 Hz, KC ~0.1 Hz; both spent)",,0,1,guessed,s10 class grain (scripts/build_class_params.py)
n3c_noise_vnc_local_26X,N3,class,circuit class vnc_local_26X (16 cells),mV/sqrt(ms),class:vnc_local_26X|noise,0.0,3.0,guessed,as the global row n14_noise: membrane noise of a few mV rms,unverified,normal,0,0.5,guessed,"neutral (m4): noiseless, as Shiu 2024",,0,2,guessed,s10 class grain (scripts/build_class_params.py)
n2c_vth_vnc_local_26X,N2,class,circuit class vnc_local_26X (16 cells),mV,class:vnc_local_26X|threshold_offset,-5.0,15.0,guessed,"spike threshold 5-25 mV above rest in insect central neurons (row n2_v_th); m4 gap is 7 mV, so -5 keeps a >= 2 mV gap",unverified,normal,0,2.0,guessed,neutral (m4): the shared Shiu 2024 threshold,,0,1,guessed,s10 class grain (scripts/build_class_params.py)
n2c_taum_vnc_local_26X,N2,class,circuit class vnc_local_26X (16 cells),dimensionless,class:vnc_local_26X|tau_m_scale,0.25,2.5,guessed,"tau_m 5-50 ms around the 20 ms default (measured 15.5-16.6 ms in slow MNs, F-AZ-2; central neurons ~10-30 ms)",unverified,lognormal,1,0.4,guessed,neutral (m4): the shared 20 ms,,1,1,guessed,s10 class grain (scripts/build_class_params.py)
n5c_rel_vnc_local_27X,N5,class,circuit class vnc_local_27X (18 cells),dimensionless,class:vnc_local_27X|release_scale,0.1,20.0,guessed,"one decade below to the measured ORN->PN excess (10.9x the global efficacy, F-AL-4) and ~2x beyond",unverified,lognormal,1,0.5,guessed,neutral (m4): every class releases the shared efficacy,,1,1,guessed,s10 class grain (scripts/build_class_params.py)
n5c_inp_vnc_local_27X,N5,class,circuit class vnc_local_27X (18 cells),dimensionless,class:vnc_local_27X|input_scale,0.1,20.0,guessed,as release_scale (postsynaptic input resistance varies ~2-10x across central neurons; larval uEPSPs 1-10 mV),unverified,lognormal,1,0.5,guessed,neutral (m4),,1,1,guessed,s10 class grain (scripts/build_class_params.py)
n3c_drive_vnc_local_27X,N3,class,circuit class vnc_local_27X (18 cells),mV,class:vnc_local_27X|tonic_drive,-10.0,20.0,guessed,as the global row n3_drive: tonic depolarisation must keep spontaneous rates below ~50 Hz in most central neurons; rest-potential spread -48 to -68 mV (Gouwens & Wilson 2009; larval survey 2002),unverified,normal,0,2.0,guessed,"neutral (m4): no tonic drive; measured spontaneous rates exist for few classes (PN 1-5 Hz, KC ~0.1 Hz; both spent)",,0,1,guessed,s10 class grain (scripts/build_class_params.py)
n3c_noise_vnc_local_27X,N3,class,circuit class vnc_local_27X (18 cells),mV/sqrt(ms),class:vnc_local_27X|noise,0.0,3.0,guessed,as the global row n14_noise: membrane noise of a few mV rms,unverified,normal,0,0.5,guessed,"neutral (m4): noiseless, as Shiu 2024",,0,2,guessed,s10 class grain (scripts/build_class_params.py)
n2c_vth_vnc_local_27X,N2,class,circuit class vnc_local_27X (18 cells),mV,class:vnc_local_27X|threshold_offset,-5.0,15.0,guessed,"spike threshold 5-25 mV above rest in insect central neurons (row n2_v_th); m4 gap is 7 mV, so -5 keeps a >= 2 mV gap",unverified,normal,0,2.0,guessed,neutral (m4): the shared Shiu 2024 threshold,,0,1,guessed,s10 class grain (scripts/build_class_params.py)
n2c_taum_vnc_local_27X,N2,class,circuit class vnc_local_27X (18 cells),dimensionless,class:vnc_local_27X|tau_m_scale,0.25,2.5,guessed,"tau_m 5-50 ms around the 20 ms default (measured 15.5-16.6 ms in slow MNs, F-AZ-2; central neurons ~10-30 ms)",unverified,lognormal,1,0.4,guessed,neutral (m4): the shared 20 ms,,1,1,guessed,s10 class grain (scripts/build_class_params.py)
n5c_rel_vnc_local_TBD,N5,class,circuit class vnc_local_TBD (1003 cells),dimensionless,class:vnc_local_TBD|release_scale,0.1,20.0,guessed,"one decade below to the measured ORN->PN excess (10.9x the global efficacy, F-AL-4) and ~2x beyond",unverified,lognormal,1,0.5,guessed,neutral (m4): every class releases the shared efficacy,,1,1,guessed,s10 class grain (scripts/build_class_params.py)
n5c_inp_vnc_local_TBD,N5,class,circuit class vnc_local_TBD (1003 cells),dimensionless,class:vnc_local_TBD|input_scale,0.1,20.0,guessed,as release_scale (postsynaptic input resistance varies ~2-10x across central neurons; larval uEPSPs 1-10 mV),unverified,lognormal,1,0.5,guessed,neutral (m4),,1,1,guessed,s10 class grain (scripts/build_class_params.py)
n3c_drive_vnc_local_TBD,N3,class,circuit class vnc_local_TBD (1003 cells),mV,class:vnc_local_TBD|tonic_drive,-10.0,20.0,guessed,as the global row n3_drive: tonic depolarisation must keep spontaneous rates below ~50 Hz in most central neurons; rest-potential spread -48 to -68 mV (Gouwens & Wilson 2009; larval survey 2002),unverified,normal,0,2.0,guessed,"neutral (m4): no tonic drive; measured spontaneous rates exist for few classes (PN 1-5 Hz, KC ~0.1 Hz; both spent)",,0,1,guessed,s10 class grain (scripts/build_class_params.py)
n3c_noise_vnc_local_TBD,N3,class,circuit class vnc_local_TBD (1003 cells),mV/sqrt(ms),class:vnc_local_TBD|noise,0.0,3.0,guessed,as the global row n14_noise: membrane noise of a few mV rms,unverified,normal,0,0.5,guessed,"neutral (m4): noiseless, as Shiu 2024",,0,2,guessed,s10 class grain (scripts/build_class_params.py)
n2c_vth_vnc_local_TBD,N2,class,circuit class vnc_local_TBD (1003 cells),mV,class:vnc_local_TBD|threshold_offset,-5.0,15.0,guessed,"spike threshold 5-25 mV above rest in insect central neurons (row n2_v_th); m4 gap is 7 mV, so -5 keeps a >= 2 mV gap",unverified,normal,0,2.0,guessed,neutral (m4): the shared Shiu 2024 threshold,,0,1,guessed,s10 class grain (scripts/build_class_params.py)
n2c_taum_vnc_local_TBD,N2,class,circuit class vnc_local_TBD (1003 cells),dimensionless,class:vnc_local_TBD|tau_m_scale,0.25,2.5,guessed,"tau_m 5-50 ms around the 20 ms default (measured 15.5-16.6 ms in slow MNs, F-AZ-2; central neurons ~10-30 ms)",unverified,lognormal,1,0.4,guessed,neutral (m4): the shared 20 ms,,1,1,guessed,s10 class grain (scripts/build_class_params.py)
b5_fatigue_fraction,B5,class,fast and intermediate leg motor units (Hill mode),per spike,,0.0,0.3,measured_related,"Azevedo et al. 2020 eLife 9:e56754 (read s10): fast/intermediate force-per-spike curves 'saturated at ~10 spikes' (Fig 4D), which the authors attribute to fatigue; depletion 0.3/spike would saturate within ~7 spikes",verified,normal,0.1,0.1,inferred,"if the ~10-spike saturation were all resource depletion, d ~ 0.1-0.2; part may be probe mechanics",,0,1,guessed,"registry motor_unit:leg|fatigue_fraction when muscle:leg|model = 1; neutral 0 = no fatigue (s10, muscles.MotorUnits); slow units never fatigue (Azevedo 2020: constant force)"
b5_fatigue_tau_ms,B5,class,fast and intermediate leg motor units (Hill mode),ms,,50,60000,guessed,no measured recovery time course found for Drosophila leg units (Azevedo 2020 gives none); tens of ms to a minute spans insect twitch-to-endurance scales,unverified,loguniform,,,guessed,no data,,1000,1,guessed,"registry motor_unit:leg|fatigue_tau_ms, read only when fatigue_fraction > 0 (s10)"
b4_coxa_arm_scale_midhind,B4,muscle,middle and hind leg coxa muscles (coxa_model 1),dimensionless,,0.5,2.0,guessed,FlyMimic middle/hind MTUs are not public; the arms are thorax-frame copies of the front leg (scripts/build_coxa_muscles.py); leg size differs by ~1.3-1.5x front to hind,unverified,lognormal,1,0.3,guessed,copy of the front leg,,1,2,guessed,not yet a registry key: data/params/coxa_muscles.csv mid/hind rows (label guessed); scale of the copied moment-arm vectors
b20_resonance_hz,B20,global,a3 segment + arista,Hz,antenna:a3|resonance_hz,100,1000,guessed,"leads (not read): Goepfert & Robert 2002 J Exp Biol, 2003 PNAS: Drosophila antennal mechanical best frequency a few hundred Hz, shifted by active amplification",unverified,lognormal,250,0.4,guessed,lead values,,250,1,guessed,s10; read only with sense:antenna|oscillator=1
b20_quality_factor,B20,global,a3 segment + arista,dimensionless,antenna:a3|quality_factor,0.5,5,guessed,"broadly tuned sound receiver (leads as above, not read)",unverified,lognormal,1.5,0.4,guessed,none,,1.5,1,guessed,s10
b20_jo_sound,B20,global,JO sound input,rad per mm/s,sense:jo_sound|gain,0.0001,0.05,guessed,no data: wide placeholder spanning a decade either side,unverified,loguniform,,,guessed,none,,0.002,1,guessed,s10
b20_jo_ab_scale,B20,global,JO-A/B drive,rad,sense:jo_ab_scale|gain,1e-05,0.01,guessed,no data: wide placeholder,unverified,loguniform,,,guessed,none,,0.001,1,guessed,s10
